"node","degree","strength","eigencent","betweenness","closeness"
" 8807",64,1.03692867115498,0.159470817647853,1.03225216078973e-05,0.00838635874204256
"11204",39,0.870521220395582,0.210003244988852,0.000527843537355183,0.011855176400339
"14979",25,0.52945816074483,0.131159924941341,0.000642228236253505,0.0120984047684679
"15574",37,0.799700769172779,0.235646445910794,0.00141460394088766,0.012621474319072
"16273",50,0.736350123033206,0.21268806160885,0.000290007059767819,0.011304376676624
"16097",32,0.581570591478171,0.186581472899972,0.00034873383810464,0.0119921636294172
"14987",23,0.591555562417837,0.159728372707198,0.000959157548323002,0.012212119578949
"16190",45,0.733015260101373,0.28354506378675,0.000127078610605331,0.0115321590916093
"15671",25,0.433966353401871,0.18691705887409,0.000681983893797434,0.0128491212217596
"16290",27,0.504941933117804,0.125956355653274,0.000137261638677986,0.0112632359918763
"10596",60,1.08280574944791,0.266028847724444,0.00151378384444462,0.0109529311297384
"12343",43,1.03790801616985,0.192229726134102,0.000598148279117078,0.0113977035033171
"15738",10,0.219210011573006,0.0752689167288289,7.85348603411649e-05,0.0118932050772465
"16768",31,0.661067856099863,0.25859914306576,0.000287356682598223,0.0120340522913768
"16930",25,0.579753471123175,0.113579299223281,0.000628418376264561,0.0115491211270868
"16918",31,0.519539091055463,0.156782810515505,0.000377469506364462,0.0118604588004464
"17077",9,0.114596475866952,0.0232857804141786,4.7427801982231e-06,0.00983966222127596
"17279",32,0.589528661603944,0.139739201229431,0.00062758141505311,0.0114545952066019
" 7313",62,1.07814189323405,0.207275820739992,0.000115082166574531,0.0103929456924923
"11737",58,1.05192782735618,0.194187078689961,0.000101969774261797,0.0106172055679926
" 8837",73,1.03351843686092,0.15159870606936,3.66867997686081e-05,0.00887334010817688
" 7358",59,1.0317553500269,0.203877115282483,3.85002157267523e-05,0.010252358763428
"10269",44,1.07155340907401,0.214202504317388,0.000784930122805924,0.0111282296564844
" 3061",32,1.12149697790622,0.497544450969705,0.00108023793691293,0.0127503739115521
"14519",47,1.0524408228344,0.301952777978756,0.000701373495196052,0.011713079592259
"10460",33,1.10905579771017,0.186410154869189,0.00155897974986298,0.0119102176375861
"10723",59,1.11179792125045,0.235487371635957,8.92758625547878e-05,0.00993871645882965
"11870",39,1.03625270158154,0.268136727785221,0.00563372540781284,0.0135978683792527
"12554",54,1.14454623775139,0.29975818093058,0.000101551293656071,0.0109276391551138
"10743",71,1.06401178607274,0.216019762597387,6.73753775218164e-05,0.00917636216976798
"11895",50,1.01865311238893,0.300662687069524,0.00162133336011609,0.0131692821409109
"16110",52,1.1935300688109,0.524240063998689,0.000920517839061008,0.0127572686276675
"16473",28,0.754883220175271,0.194361450755707,0.00131277366016111,0.012698466272034
"11221",55,1.06590436075997,0.212894744145779,0.000428524140262982,0.011170177173799
"12322",70,1.12215146693466,0.224452806117618,0.000140330496453307,0.0103087469716498
"11686",53,1.1159098913379,0.243110585763966,0.000938512505107207,0.0121170112998706
"11376",25,0.325415686088231,0.0776857889078071,3.71052803743337e-05,0.0107824747933409
"10459",78,1.08787254631069,0.238215666993152,3.1944019570385e-05,0.00953662821937321
"12335",60,0.993901331373758,0.225919065558828,0.000408576564723396,0.0110802775919048
"11318",68,1.33623927794968,0.397824974155973,0.00147374919983021,0.0127569832980694
"11747",44,0.891442563351769,0.152876643238082,0.00143762037420257,0.0113673328851194
"10554",66,0.998185040998506,0.204666456880241,0.000117174569603159,0.00949605196789331
"16681",28,1.08894955410342,0.260661372942958,0.00226928083131451,0.0130899716897736
"12339",53,1.02367363662101,0.220165784461245,0.000584477912663377,0.0114257176337577
"11709",40,0.993583864726649,0.190751496651101,0.00241965486230523,0.0124915140573667
"17228",18,0.944755790869023,0.223345632462579,0.000469535239624087,0.0116602554705314
"15957",39,0.92323211666215,0.305677208041617,0.00098454537173702,0.0122923423443902
"16106",32,0.807874165636814,0.269382051263363,0.000503850649293584,0.0121906652248179
"14765",40,1.05106287582918,0.407026994737297,0.00105652403592182,0.0129968130902041
"10163",45,1.06855669687921,0.185643319408309,0.000232535723248174,0.0102242818813447
"10520",25,0.905607729917118,0.1425121874319,0.00363548051547325,0.0127146628341491
"12481",51,1.13412190690576,0.279879880930104,0.000370215842531886,0.0108395457790896
"15843",26,0.590112920702324,0.140618309153595,0.000555044776727345,0.0122717720964525
"12528",34,1.01724598412001,0.254108864046633,0.0032080723234922,0.0127471126945697
"15272",61,1.16747314741407,0.503027973057503,5.6215894702468e-05,0.010371384905859
"10011",60,1.05385151650241,0.185962749764668,0.000831102482970978,0.0107183105940126
"10207",29,0.927353630893367,0.203624913609781,0.00168619785400356,0.0125498560902756
"11549",51,1.02845496981219,0.180078114836709,0.000935583140867128,0.0114600134897909
"10772",74,1.04433898092579,0.18021938239706,0.000212169667102863,0.0100122820728103
"15366",63,1.06174912307971,0.419840097949925,0.000434940842884107,0.0114275263659881
" 7348",64,1.04427567373597,0.209329751402303,5.16126080394867e-06,0.0101474626110709
"11197",53,1.29002530817762,0.403218866998159,0.00289937313000198,0.0130033018901008
"11585",24,0.844184667180888,0.133217409233338,0.00134443869266101,0.0114210967822188
"10608",41,0.858047851918833,0.179013364437451,0.000404670745736624,0.0110248779572574
"16392",10,0.189674863495099,0.0581134951296866,8.78809272023693e-06,0.0100806772868974
"13274",48,1.03225225669899,0.297920497889856,0.000665105176033169,0.0111440347666528
"10355",41,0.942008674967203,0.196164249086658,0.0019449583618772,0.0124619488016828
"16135",27,0.65867570209082,0.236051850014049,0.00054793060643001,0.0125406196758663
"13208",49,1.00524681613198,0.289098822792174,0.000639717352619152,0.0113373676713953
"14986",29,0.523558329836434,0.139569451620906,0.000112571282940178,0.0113099542768137
"14959",26,0.341570248787008,0.0997631608035497,2.9014655330306e-05,0.0110393260540868
"15652",30,0.832064767092154,0.312103262517543,0.00128292204361935,0.013006797644251
"14784",39,1.02749554575187,0.383754774849705,0.000648365951804147,0.012634252363423
"14465",46,1.21460393502864,0.526113004541563,0.000574573871661205,0.0123569667907632
"15534",53,1.00700522887626,0.33352534578222,0.000293215411078381,0.0119169639116196
"17215",22,0.946947853370676,0.230156751826547,0.000369936855461402,0.0116262794725243
" 7665",68,1.10539261357168,0.233549237911848,0.0015063906870768,0.0120563138901196
"11519",74,1.04505478794577,0.219697164218536,8.14642245812439e-05,0.00977581588989065
"10611",50,1.01140668599082,0.204457344201444,0.000519473925240672,0.0112115873814637
"13271",24,1.13813487447284,0.429198194436875,0.00162398373728569,0.012716610951683
"16300",48,1.08534364911319,0.395862134924175,0.000517242028676802,0.0122254613784561
"16703",29,0.323008965419354,0.0732436793950042,2.65037716959526e-06,0.00949032123153864
"17062",17,0.335024342993632,0.100831342117173,0.000162928449162488,0.0117519110970193
"17217",14,0.171183613824968,0.054698229641961,4.18480605725568e-07,0.00954061685719044
"10819",59,1.06077492288933,0.201534238072436,0.000315952857322804,0.0104256867607322
"16322",41,0.96155938475132,0.388767757021281,0.00124525878910405,0.0129225186095289
"16708",25,0.503640786367807,0.168238667927341,6.24931037883515e-05,0.0111338107137822
"16879",13,0.21911816628864,0.0471394617557585,2.88751617950642e-05,0.0102156496215319
"14920",67,1.18985963154697,0.500381452049488,0.000121359375660415,0.0108563914609848
"16841",61,1.22634234679319,0.40956593790287,0.000623117621925371,0.0120983169691727
"17032",20,0.628919207605404,0.223631216167772,0.000209379796398026,0.0121028198696919
"14992",34,0.993038830592448,0.343178650246844,0.00132198023348707,0.0126692571266906
"14315",46,1.01653268482639,0.171162114484887,0.00213941235000435,0.0119123859882552
"10268",45,0.996749114234401,0.157969533004434,0.000444844883886279,0.0113007085581094
"10039",51,1.0117872423522,0.191372013496775,0.00072076309659467,0.0109167146856666
" 9823",51,1.06766841501577,0.231500506059189,0.000374121661518658,0.0111703694148877
"16850",37,0.820437586568512,0.205425536836333,0.00137945157000671,0.0123990303292742
"17135",11,0.195686599669568,0.0522305864721873,4.18480605725568e-07,0.00982431945234465
"15527",62,1.18145767993769,0.473301114695976,0.000108107489812438,0.0105481953956097
" 9825",46,1.02549000603681,0.187165247725525,0.00169052215359605,0.0118745823007365
"16853",12,0.327219965522518,0.0930267651782992,0.000156790733611846,0.0116363018981354
"17080",40,0.870072205173282,0.241907878079448,0.00153889268078816,0.0125000149583492
"17301",27,0.522711822752783,0.142893335530638,0.000372726726166239,0.0119006997205307
"14134",72,1.07328833657723,0.213542442429636,0.000146747199074432,0.00954691572640741
"11658",42,1.11829813712093,0.32487658664688,0.00054039795552695,0.0120016599828553
"17115",51,1.03173285514138,0.307862545532061,0.00108888653609793,0.0126280489603951
"17320",13,0.161642651984529,0.05396851046287,6.9746767620928e-07,0.00975553930935864
"15998",63,1.19528357842543,0.501754393054412,3.9755657543929e-05,0.0103928216799015
"13979",76,1.05812115354761,0.205209925426782,5.44024787443238e-05,0.0093122180354674
"17452",23,0.847698291543617,0.259937367736393,0.00226593298646871,0.0130150716850916
"15984",51,1.13864090406208,0.439316948218943,0.000346362448005528,0.0117542605006399
"14618",55,1.05516240694546,0.340566209088974,0.00105275771047029,0.0118854720336122
"15972",40,1.06365930384358,0.410442242370927,0.00064934240655084,0.0115172543139335
"16423",41,1.19586137335811,0.466222587604697,0.000866533840922409,0.0124720770219994
" 3484",36,1.14135846166855,0.470444989746376,0.0031097293811467,0.013420171504976
"14442",37,1.09234643550373,0.452949228068299,0.000963760834985983,0.0124211215943725
"15993",31,1.12557137331893,0.440399656179654,0.000480555228908194,0.0123987236946592
"12354",39,1.06831461141588,0.222357806463988,0.000127497091211056,0.0119894458918253
"16908",57,1.22423541718918,0.521866908854745,0.000143678341299112,0.0113605623858259
"15947",32,1.0853840026209,0.432609615533419,0.000697049195603554,0.0125742406420074
"14967",10,0.277194700039627,0.0839543416129349,8.06272633697928e-05,0.011815317609839
"14965",11,0.249136602194142,0.0890269530304626,0.000101132813050346,0.0117299128753698
"15560",18,0.41267083068142,0.13097434134884,0.000320835131056269,0.0114192038702648
"14140",58,1.07518530541415,0.243310149551573,9.48556039644621e-05,0.0101188513540239
"16803",29,0.734598456366837,0.207085153166051,0.000673893268753406,0.0123543524467586
"16581",29,0.722914460374133,0.20760483587856,0.00137303486738559,0.0128263789421844
"10348",57,1.07170809845231,0.203721035850007,0.000365752049404146,0.0102797219728824
"14015",60,1.02315617955851,0.227538302099391,0.000792741760779468,0.0107302216534633
"16615",9,0.204799454199942,0.0526335319525354,4.97991920813426e-05,0.0110783392937025
"16154",22,0.317514738659213,0.112901934450868,7.25366383257651e-06,0.0105220320852593
"16644",24,0.895779977227434,0.284506883415621,0.00108121439165963,0.0129772589038722
"16773",14,0.291080010623305,0.0788186002285195,0.000202823600241659,0.0113928627626842
"17000",45,0.763818303660575,0.202261896186119,0.000688679583489043,0.0120963871072182
"17122",38,0.822239767351287,0.191453453892714,0.00282516256925331,0.0129817604753813
"16000",60,1.24102461448624,0.549962376305755,0.00121973147215479,0.0133178442600886
"17134",31,0.694189893561189,0.224089617647196,0.000595497901947483,0.0124379101482387
"16638",8,0.191182251971345,0.0512317726404965,2.2318965638697e-05,0.0109321432343383
"17010",34,0.774328716964672,0.309951409713083,0.000601217136892399,0.012354050775417
"14078",47,1.01668380590171,0.177629307821479,0.000237557490516881,0.0109362777664727
"17653",32,0.729811981321901,0.131698757162903,0.00161240577386061,0.0123284501674608
"16505",76,1.92940883313576,0.940763192089438,0.00738632218459152,0.0146009950802375
"15694",24,0.652672873245998,0.208116466326616,0.00226635146707443,0.0132979714376238
"16457",51,1.50280153820973,0.663516802823869,0.00596348812512459,0.0142495490749755
"16940",69,1.36314281181629,0.474498245467123,0.000689377051165252,0.0121225511287574
"15044",15,0.476865442543028,0.143562949982569,0.000989985619611452,0.0128333671511394
"15568",31,0.8977762199442,0.300370510804261,0.000304653880968213,0.0120993225639114
"12065",48,1.0623566367324,0.209698964966776,0.000255133675957355,0.0102851694168694
"12506",65,1.11695491510744,0.230654587867159,0.000163346929768213,0.0109324834562707
"12511",41,0.886368945328268,0.189323404817053,0.000872113582332084,0.0119028430635035
"16303",48,1.22333695234913,0.502733903213517,0.000535376188258243,0.0124505646139315
"16655",30,0.569581783665037,0.221593938268378,0.000482926619007305,0.0120874511361911
"12313",85,1.09274497903517,0.216236354153417,2.1342510892004e-05,0.00881577813733262
"12374",46,0.924767613529033,0.168090434872373,0.000688679583489043,0.0111803066731253
"16938",22,0.503025343047277,0.159734747685639,4.46379312773939e-05,0.0111325656608375
"16932",24,0.639463729804771,0.197287891444783,0.000682960348544127,0.0122504452288229
"12352",58,0.954326798288778,0.201575505602342,0.00181425291935558,0.0117075083984662
"16847",36,0.79356904692822,0.248293335474748,0.000690771986517671,0.012097347977706
"17174",11,0.267939411641976,0.0597792042471613,0.000106015086783811,0.0109082460068968
"15606",70,1.18834152305283,0.479300918250673,0.000121219882125173,0.0104742299651602
"15576",50,1.08770764096145,0.374854237794299,0.00102402204221046,0.0122837869516193
"15564",64,1.26674911689087,0.446585011243316,0.00140888470594275,0.0123164082653256
"16038",66,1.17454878088834,0.487182618060868,7.75584055944719e-05,0.0106264244918792
"16306",50,1.04655913602856,0.212396359877342,0.000112292295869694,0.0105597586331892
"14151",66,1.02182151471638,0.197980932896133,0.000936141115008096,0.0106307593659441
"15029",36,0.82102015060795,0.23453523291318,0.000888015845349655,0.0125093910253374
"12316",71,1.12278287246474,0.253972596386277,0.000115221660109773,0.00951450428616734
"10276",49,1.08011912413727,0.214589474564572,0.0002329542038539,0.0110626046126238
"15897",63,1.33031558185825,0.445399741390412,0.00137038449021599,0.0127390639235217
"14824",42,1.13862194626319,0.423991978052412,0.000777397471902863,0.0128565552232347
"12368",46,0.910770056588579,0.190721686976092,0.000225421552950839,0.0109979282774246
"15374",25,0.608650554471445,0.184192123897797,0.000361706736882133,0.0119613342443356
"15593",26,0.421170038698318,0.128698072885626,6.69568969160909e-06,0.0104797714098662
"15364",13,0.259078166223722,0.0671943491935555,7.18391706495558e-05,0.0112052735643383
"16119",45,0.878045093551732,0.296190946953936,0.000286519721386772,0.0120481072806948
"13418",35,1.05973009609334,0.286969734541312,0.00196518492448727,0.0117778833609641
"15236",24,0.564943924848912,0.158247911410131,0.000284008837752419,0.0122615480437886
"16584",48,1.15739326282039,0.391727585316243,0.00370815664733426,0.0134125937061938
"11718",57,1.1121714611475,0.213197100983558,0.000471488149117473,0.0108685487420743
"12324",58,1.11157222074843,0.207299735751088,6.51434809579468e-05,0.00992830759218848
"10615",76,1.05105075334882,0.211074727735945,5.80293106606121e-05,0.00873211211035895
"11743",47,0.928300665209331,0.164053524043506,0.000441776026110958,0.0107821591339906
"16533",77,1.94380402701548,1,0.00356880260562764,0.0144031925311692
"17059",58,1.27959011584775,0.442596262036497,0.000697746663279764,0.0122863509494996
"16956",47,1.13158674662719,0.365238201697644,0.00115375102998539,0.0125992425121476
"13310",40,1.0812066418661,0.263794515122339,0.000532725811088648,0.0112410948469191
"12207",32,1.26330480573316,0.206465896957763,0.011005760943512,0.0137462830942556
"12356",47,1.04790806621201,0.199692267699867,0.000129589494239684,0.0106219261523869
"12438",39,1.06183272670144,0.290272735511745,0.000473301565075617,0.0115010757167721
" 5356",44,1.4513554144546,0.577647819310957,0.00676683139458243,0.0142133224193653
" 6569",46,1.00959786196721,0.346502629425947,0.00252594893615953,0.0137234124999835
"10691",60,1.07150088490172,0.178863646502608,1.7436691905232e-05,0.0097903866431226
"13249",44,1.0491834147593,0.297334949215612,0.000460886640439092,0.0114007618394174
"13236",40,0.955783515681843,0.276851013480648,0.0014053973675617,0.0119981946325542
"17214",23,1.01090281629522,0.245513298650086,0.000363659646375519,0.0116156843740098
" 3500",46,1.19258139801596,0.56710414259402,0.000791486318962291,0.0116049413827587
"16087",28,0.554992689383119,0.205687349797296,0.00019766233943771,0.0116388281807938
"16166",32,0.752779406147199,0.225408948516402,0.00112738675182468,0.0130497969036779
" 3581",51,1.18881722773699,0.57146097988969,3.23625001761106e-05,0.0111036982500384
"14111",54,1.0511423752406,0.225200472279963,9.63900328521225e-05,0.0107387651539348
" 3039",38,1.11499658938403,0.50622878077526,0.00036379913991076,0.0126001328615851
" 2175",46,1.31948329759383,0.67779575026426,0.000601496123962883,0.012959718376529
"15054",40,1.29775601550919,0.440211555624164,0.00160138578457651,0.0130449942550655
"15071",36,0.79630056992906,0.257230803663302,0.000724389928510958,0.012631598901576
"15715",39,0.852292040702862,0.28200794964933,0.000488087879811254,0.0120500739313184
" 4977",29,0.837697137055273,0.290021692483925,0.000914101136439882,0.0120699442936444
" 4457",27,1.08811730940207,0.529378367713005,0.000290983514514512,0.0121068323786371
"17523",56,1.08975537757479,0.425202842982287,0.00049004078930464,0.0109929508855558
" 6807",54,0.977716334201739,0.257198569308062,0.000483345099613031,0.0116161254063707
"13326",42,1.06709036523816,0.261179613823907,0.000249135453941955,0.011179269934299
"14699",68,1.19523965947441,0.542036953270735,0.000148142134426851,0.0115850786874578
" 8070",61,0.99438389826126,0.141830149439333,0.000156093265935637,0.0107353031399274
"13169",22,1.16495138166019,0.461446338272685,0.00574183289762528,0.0139429738962567
" 4087",33,1.17618951548404,0.540656245691599,0.00161896197001698,0.012840073507354
"14130",49,1.01544811811984,0.211629982998913,9.66690199226062e-05,0.0109053867966153
"14774",69,1.2168596911256,0.421227826219171,0.000267409107058638,0.0117969969824511
"14373",57,1.21731996275016,0.534617936063174,0.000409553019470089,0.0118853088023963
"16697",56,1.10915913813513,0.451619359571219,0.000375516596871076,0.0122385602735657
"16574",48,1.14748712659394,0.462664772893208,0.0014893724757773,0.0129024432698469
"16400",35,1.00376405290679,0.423098954552559,0.000392953288776308,0.0118584877820827
"16216",47,1.14841442504992,0.494937018934531,0.000636927481914314,0.0123406993290356
"14510",30,0.914985470274024,0.357570346968244,0.000830126028224285,0.0122856546659438
"16274",28,1.07377218102192,0.366994876882689,0.00285501418579507,0.0131202295597324
"16767",50,1.3017816222308,0.577507048564007,0.00072676131861007,0.0128361296438035
"16621",35,1.26374979855208,0.47186146933429,0.00200298767253781,0.0134192662646623
"16752",40,1.07195142072828,0.464240633174452,0.00139730674251767,0.0133893659286632
"16856",29,0.556915695270677,0.183886550275559,0.000190966649746101,0.0122419288941969
"17157",22,0.589546449509209,0.20186847342532,0.0005652278048,0.0124205847278856
"17297",34,0.579600709045574,0.180781104473875,0.000133355819691214,0.0115265390304785
"16620",36,1.00189360091704,0.31358756868157,0.000809201997938007,0.0128065235370592
"16753",29,0.709287437080115,0.244348171563119,0.000269362016552024,0.01240648849701
"16899",39,0.475116743370433,0.150701509290749,5.21705821804541e-05,0.0114026474915709
"17089",8,0.151186327339401,0.0303894795862791,3.54313579514314e-05,0.00973923248625014
"17261",21,0.394209373398414,0.136181818942067,0.000102806735473248,0.0113079556131363
"16804",49,1.14447441079725,0.379824827312321,0.00212155717749339,0.0125965338036865
"17017",40,0.625739603057487,0.144549542314636,0.000652969238467128,0.0116417247258325
"17256",33,0.516618785239238,0.162710326787738,8.76019401318856e-05,0.0115039348398818
"16763",48,0.908394497325495,0.291649468850611,0.0004179226315846,0.0121054197152459
"17078",25,0.470267428229495,0.128565502016857,6.8770312874235e-05,0.0109014134555655
"17237",20,0.428757227954435,0.118225265506924,0.000308001725814018,0.0119039601824649
"16690",48,0.89302734019609,0.296039686539362,0.00114621837908233,0.0123605712278934
"16833",43,0.988212727562948,0.282233341352143,0.00226732792182113,0.0127809038265696
"17096",55,0.960589626877735,0.233282674418401,0.00125265194647187,0.0124467802641746
"17146",36,1.02399653417542,0.26335201819903,0.00173362565598579,0.0128346299756293
"17302",32,0.827229932157664,0.235226307321555,0.000638182923731491,0.0124824581929183
"17292",39,0.931233567827861,0.326045763343906,0.00178984155068825,0.0131198648300295
"15105",67,1.16554531397146,0.483900341590047,1.21359375660415e-05,0.01013804039684
"15106",50,0.890561757140842,0.276493588435089,0.00122531121356446,0.0127668053593496
"14994",48,1.00863791402221,0.359968162940294,0.000667058085526555,0.0122335938576722
"15547",66,1.08226743301519,0.418314123907833,0.000407600109976703,0.0117081584354121
"15651",40,1.0510849698449,0.377415648398411,0.00290913767746891,0.0132016187897948
"12785",48,1.24309445257295,0.519459272352106,0.000134890248578875,0.0122018585291639
"17380",54,1.06234836494447,0.434859403512599,0.000655201135030998,0.0120463108680629
" 3614",46,1.13189367713076,0.546761527563951,6.83518322685094e-06,0.0109161527441526
"17379",29,0.79295825405407,0.255192654321462,0.000897082925140376,0.012600052079997
"17378",66,1.32128216713636,0.538528161089549,0.00151308637676841,0.0127006036639027
"17389",29,0.880803407659781,0.264464957487475,0.00158799440519329,0.012851431421301
"13936",55,1.05181343677558,0.20052241275641,0.000311070583589339,0.0104043427747799
"16978",32,1.1536634284726,0.436794289509191,0.000111734321728727,0.0126939365019277
"17409",42,0.898870079122649,0.294340389432498,0.00112292295869694,0.0123934897899121
"13953",52,1.02581737017386,0.196865640316683,8.96943431605134e-05,0.00993309900539741
" 9417",50,1.05638607442049,0.218520408653124,0.00126827522241895,0.0113226878163155
"16975",26,0.78590013051748,0.266141059512303,0.00136968702253978,0.0128143776093533
" 7253",68,0.993274598360982,0.140234951360113,0.000921215306737217,0.0105330579809737
" 2153",50,1.3364523143281,0.74022246198789,9.0112823766239e-05,0.0132266813777548
"14386",41,0.73895700100233,0.3105830664511,0.00034120118720158,0.0124254376621678
"14528",23,0.476245374109667,0.16018946905582,0.000157627694823297,0.0113532425837955
" 4579",45,0.950305510180881,0.253114982823408,0.00187395615243909,0.0126908321472621
" 1439",31,1.08513681451128,0.425997701599723,6.34695585350445e-05,0.0106123526288363
"13059",41,1.07698144024161,0.391262091842605,0.00152619876908115,0.0134673283098228
" 6391",56,1.14807856406855,0.386840220427233,0.000963900328521225,0.0125137102840179
" 6710",41,0.847565765866192,0.277881583385279,0.00172274516023692,0.0124146216332251
" 3465",45,1.21833769563908,0.545893492218407,0.00116239962917039,0.0116969282784778
" 4438",53,1.11387251014937,0.471818678619703,0.000496875972531491,0.0119975924909001
" 7081",48,1.11078939911984,0.288745781639284,8.34171340746299e-05,0.0116972462785444
" 1409",39,1.08365429230707,0.425466579333393,6.79333516627839e-05,0.010520162194535
"14759",68,1.05176570996994,0.188551040196145,1.39493535241856e-05,0.00864619820211071
"14792",64,1.03596853204727,0.190587206291319,7.14206900438303e-05,0.00901461824998514
" 4832",38,0.958324805662908,0.31333209975687,0.00160710501952142,0.0127595284396978
" 2168",50,1.34267432879768,0.687291818514529,9.91799035569596e-05,0.0126766387864666
" 3781",33,1.15038856070077,0.529852616559624,0.00127120458665903,0.0134929428902151
" 3485",71,1.00508297661256,0.117591478577205,0.00234112000196407,0.0112020199075571
" 4432",27,0.930348537224426,0.466544458304775,0.000467721823665943,0.0121928079448959
" 3705",49,1.35362833314207,0.586813412572636,0.00573220784369359,0.0134453872254623
" 4515",34,1.08434457028949,0.512976481951896,0.000499386856165844,0.0121957026420076
" 1937",48,1.10778423529131,0.420176077067448,0.00138782118212123,0.0128602257119593
" 7473",68,0.997842088963776,0.175798727389985,0.000770701782211254,0.010931155041919
" 4456",38,1.17776512393749,0.574241544670514,0.00034650194154077,0.0121867643377021
" 3454",54,1.21628186454611,0.523369092292266,0.0010927923550847,0.0126544397799269
" 7208",40,0.872592545360457,0.391229301785844,0.00131249467309062,0.0130898750192362
"13138",46,1.23444626930526,0.503253442265234,0.000138238093424679,0.0120988142415098
"12758",45,1.20182433694985,0.495217945158929,0.000340224732454887,0.0122610560876774
" 3595",58,0.951048555737506,0.147961002038834,0.000626883947376901,0.0106457171837303
" 6796",39,1.07106521009052,0.447072860358262,0.000549186048247187,0.0118333991553007
" 9044",32,0.944972272052768,0.444043114175384,0.00185624047346338,0.012859746456052
" 3528",19,1.1660521092209,0.318022124128642,0.00383509576440435,0.0134531910403832
" 7401",31,1.08853006835389,0.296342799842499,0.00183754833974097,0.0130669597040501
" 6824",63,1.02281405877857,0.257253042254434,0.000738618269105627,0.0117030135727453
"11947",46,0.987233569764283,0.164545629585763,0.000549046554711945,0.00939089545821557
"11943",48,0.988534823015653,0.16912800953971,0.000343154096694966,0.00916384947649402
"11901",48,1.00728870732995,0.171339848549598,2.0366056145311e-05,0.00886991752868532
"11958",49,0.990514889781548,0.170599339336621,8.85783948785785e-05,0.0089814691481418
" 2791",45,1.19489239404719,0.394902810275996,0.00479592723515025,0.0133204796892575
" 6833",42,1.05719411841618,0.285073092109395,0.000782140252101086,0.0117262931786092
" 8568",32,1.15987392792401,0.347247746651959,0.00258607064984877,0.0131061362323771
" 3598",48,1.16104876895006,0.561642406120812,2.35744074558737e-05,0.0109056144716076
"10968",68,1.05554913298044,0.190311149894624,0.000287217189062981,0.0104172240307501
"10965",66,1.05759502871076,0.191758028217017,0.00130817037349813,0.0104841272722134
"10970",68,1.05626408951415,0.191586948949207,2.10635238215203e-05,0.0104033244757663
" 3040",31,1.09217183437008,0.498188697736268,5.6215894702468e-05,0.0125940137911149
" 4864",60,1.35004349714419,0.547856844648321,0.00087406649182547,0.0126874772426364
" 9105",63,1.12067974920404,0.487042286355885,0.000314418428435143,0.0111373765744689
" 2767",57,1.26001073464045,0.454297170676531,0.000608331307189734,0.0118314182418146
" 7219",57,1.08977498302028,0.204296419522598,5.06361532927937e-05,0.00987314104637745
" 8957",57,1.13241438518076,0.496567046237824,2.329542038539e-05,0.0108696842365163
" 9370",67,1.15945420179556,0.479532613734187,0.000112571282940178,0.0106233946203202
" 7661",55,1.19151190776337,0.323362542325173,0.000835287289028234,0.0122979825475305
" 4689",77,1.0536660092465,0.215856933640011,0.000363241165769793,0.0109767269295307
" 2139",31,0.928251142611089,0.499297997677984,8.89968754843041e-05,0.0123769062599646
" 3491",60,1.6487196912332,0.734928665255841,0.00871764848493979,0.0146231829983481
" 2154",50,1.33368204395774,0.742367813671401,0.000879925220305628,0.0133365620230146
" 5743",48,1.18616818250735,0.529484766297903,0.000859698657695558,0.0126668777897643
" 9209",38,1.17070390773084,0.516756274540775,0.00126422990989694,0.0129788626660913
" 6848",79,1.08446185885368,0.225092153605256,0.000265177210494768,0.0118052017863355
" 7737",36,1.15824888589907,0.455890243105111,0.00217484370795578,0.0131578680098718
" 3111",26,1.22121344468695,0.354708845032725,0.00243067485158934,0.0133142921055884
" 5497",68,1.36981159688819,0.550849342615408,0.00164030448090898,0.0116312761474945
" 6918",37,1.21435676666827,0.506242994329955,0.0036063263666077,0.0138543581838567
" 5986",68,1.03276558181219,0.234613643597294,0.00244434521804304,0.0122316926094223
" 5553",45,1.1665249490993,0.519396534208173,0.00136089892981955,0.0111297261472261
" 9079",55,1.23672536020212,0.445186451024885,0.00181090507450977,0.0134122300832982
" 8891",43,1.17986757873878,0.454448266223887,0.00170837732610701,0.012781041402585
" 3574",51,1.10390987127491,0.283271863388025,0.000291401995120237,0.0115994423710741
" 9218",15,0.367623720269595,0.118520419296816,0.000224305604668904,0.0114009122466496
" 6798",53,1.16730966262886,0.289758183727746,0.00100351649252991,0.0119398032336192
" 6922",100,0.971972823134866,0.115864679287932,0.000375516596871076,0.00999031798727101
" 7844",56,1.41776234525119,0.599180096714967,0.00282697598521145,0.0131103395553383
" 6780",53,1.2827161089907,0.53833867931788,0.00495676328128411,0.013633442090503
" 3021",31,1.12750634457592,0.512535552820772,0.000159022630175716,0.0125516875003444
" 8718",28,0.789775905921654,0.280366144340344,0.000105875593248569,0.0119121901643208
" 6781",51,1.27929523067139,0.533073264204059,0.000972967408311945,0.0128537649122572
" 5891",36,1.30409467210767,0.588476052475366,0.00389730988112221,0.0132631699214887
" 6817",77,1.74004351579388,0.607063749784663,0.0133058698461149,0.0143307275040603
" 5590",51,1.16393934317061,0.536907532310659,0.000462700056397236,0.0103815089320651
" 3978",37,1.12927387553836,0.460038671840186,0.00322076623519921,0.0133254771568865
" 4761",50,1.15345164799164,0.392755567731753,0.00238910577808727,0.0128476207857462
" 4327",58,1.18448350989923,0.444354853013881,0.00153959014846436,0.0122530797724217
" 9500",67,1.02021626617589,0.095124776294203,1.52047953413623e-05,0.00845475922345732
" 7764",50,0.969421923311813,0.164540683738592,0.00231140787895755,0.0121411236469517
" 5572",53,1.18444154345478,0.545325921133106,0.000560485024601777,0.0105388726243947
" 5594",48,1.18707406169484,0.536382810805574,0.000713369939226852,0.010774985429564
" 6924",29,1.05563876871007,0.379632955139485,0.00158185668964265,0.0128861040723923
" 6933",12,0.557537543889774,0.187875063066413,9.82034488102666e-05,0.0117253357402718
" 7236",50,1.14781812291061,0.423523289468333,0.00354006693736782,0.0134841163022772
" 6785",66,0.870895075295382,0.169210796783995,0.000238952425869299,0.0105070657894129
" 3959",39,1.15209594748728,0.531957127161707,0.000142004418876209,0.0109334123831834
" 3325",51,1.20233831090564,0.481437011029215,0.000250809376364857,0.0123832327771352
" 7742",46,1.15932799813941,0.454893548170328,0.00167740976128332,0.0130254954525311
" 4826",63,1.07682561548635,0.270043368908033,0.000436475271771767,0.0113388421028765
" 2899",63,1.17435540084561,0.480282465893329,0.000545001242189931,0.0128539085778852
" 7642",83,1.0910684784177,0.245913509761264,0.000250809376364857,0.00985000393919809
" 6964",66,1.00985827179614,0.163285512534392,0.000572341975097335,0.0104664860790251
" 9315",89,1.81419458511923,0.779170169459617,0.0055179457735621,0.0140478250135571
" 6910",24,0.88360278292265,0.301287092616829,0.00189822802757118,0.0129354306788087
" 4714",46,0.930962268203114,0.258508463284218,0.00195583885762606,0.012874937806598
" 1953",53,1.2655130088695,0.547555748455983,0.00231615065915578,0.0133931436628946
" 5395",69,1.23298658192071,0.499134613369532,0.000265456197565252,0.0119587252789116
" 7080",44,1.11639932424551,0.293538164035525,0.000457817782663771,0.0119162208434444
" 5530",39,1.13552404016511,0.536113401691848,0.000122196336871866,0.0103245671789436
" 4115",44,0.985667848372538,0.397967477246019,0.00221278594954156,0.0133625114882357
" 3513",38,1.13673314314888,0.552976167593021,0.000188176779041264,0.011127252186026
" 4055",39,0.991429113816642,0.332610474970518,0.000317347792675222,0.0121984842388963
" 3499",66,1.19858660826353,0.508507981410218,0.000767632924435933,0.0126466675425845
" 7286",34,1.04103859171695,0.318140157842315,0.00481029506928016,0.0137796647369375
" 1889",75,1.02012565350788,0.156133242632379,5.06361532927937e-05,0.00966292854694436
" 1155",26,1.12070405385329,0.533355079953252,0.000254854688886871,0.0129054401710325
" 4008",16,0.39431884110638,0.12610783564639,0.000255831143633564,0.0125597748659927
" 4824",28,1.00441170829623,0.471444518030116,0.000291959969261205,0.0128870149837494
" 5517",44,1.17893593714626,0.548851472955901,5.73318429844028e-05,0.0102041566682329
" 4000",22,1.01352056389806,0.305213447495114,0.00140595534170267,0.0128123013118276
" 6971",39,1.13891135714418,0.444443671973832,0.000451401080042646,0.0118319259732813
" 8644",71,1.48021530726446,0.622747624510451,0.00367942097907444,0.0134496363282227
" 8965",38,1.08618250835265,0.39545826098292,0.000391418859888648,0.0121513829940738
" 2099",37,1.17016105793972,0.54607829487352,0.00232061445228352,0.0135905948350132
" 5512",42,1.13688791141879,0.536678902164798,1.10199892841066e-05,0.0103093987113243
" 3452",51,1.3568520120546,0.630098455762923,0.00227179171494887,0.0129972221368503
" 9289",57,1.36926044013768,0.560525562882148,0.000585035886804344,0.0125287124613799
" 7683",46,1.08973863930783,0.338985476217637,0.00329832464079368,0.0132792118210931
" 3519",61,1.01481348820613,0.117697423165911,0.000965434757408885,0.0111185265485171
" 5535",44,1.12917948665948,0.534367331193092,0.000155256304724186,0.0103563629689675
"  790",38,1.10242093084255,0.444093133083077,0.000604564981738204,0.011931253358701
" 5506",40,1.13713234728189,0.535922842684653,0.000164323384514906,0.0103272251003719
" 6616",14,0.673529407925736,0.227338589119452,0.00421995842813663,0.0130895479772011
" 5549",37,1.06349359325233,0.501119908542647,1.53442888766042e-06,0.00991937099255962
" 7056",41,1.15612536439011,0.449556649806033,0.00201721601313248,0.0131085754547587
" 6617",41,0.99908155573792,0.396953456474182,0.00143748088066733,0.0124058952377013
" 6838",43,1.07536622670346,0.232652816625418,0.000843656901142745,0.0119600520776262
" 6791",43,1.26896818721545,0.490582127267435,0.00113729079282685,0.0127461575874309
"  165",32,1.10593681095887,0.505128815402583,0.000129310507169201,0.0125620088537614
" 8488",56,1.18459456248898,0.507449750227256,0.000761076728279566,0.0117911745775289
" 6845",43,1.04387382892387,0.198855634595502,0.00175162032203199,0.0120329021479782
" 8431",50,1.18926558492801,0.485643426542437,0.000265874678170978,0.0117388124318797
" 7070",75,0.998885218011949,0.183431967168514,0.000298237178347088,0.0099060268143567
" 3028",59,1.27979891454688,0.483912783265912,0.00182638885692162,0.0126923191410855
" 4757",55,1.00282923063894,0.244935709554439,0.00118625302369674,0.0117206836221007
" 3332",50,1.20323663634971,0.457524650795777,0.000157209214217572,0.0123334924917871
" 4835",37,1.00353359620719,0.151327894460543,0.0019679747951921,0.0116425046828911
" 6724",44,1.05475140965169,0.357613062662299,0.00341438326211491,0.0133194285126714
" 5361",56,1.1530959297938,0.293490025406538,0.00552338602143653,0.013762197693814
" 8625",37,0.837853777859263,0.323511709388833,0.0013044040480466,0.0126111563539996
" 7064",42,1.04062639218566,0.473878941635587,0.00139688826191195,0.0132492747670497
" 4885",54,1.14779081685955,0.469178625608402,0.0021949307770306,0.0132008107206852
" 4782",91,1.04428246537826,0.165348127694848,3.15255389646594e-05,0.00888563025705919
" 7789",22,0.660535243264982,0.198463096406777,0.000293912878754591,0.0116965276067514
" 4752",62,1.28867352346102,0.424040963097684,0.00203744257574255,0.0128600662513732
" 3401",22,1.08461573409987,0.325152378550667,0.00118764795904916,0.0122571772174597
" 6814",47,0.895077840927127,0.312316544946707,0.000996402322232577,0.0116782041058716
" 6335",33,1.20174159487392,0.57177586237787,0.00249442339719487,0.013442570097833
" 6550",22,0.844981631112292,0.348571036490581,0.0005892206928616,0.0122985803917345
" 3545",25,0.523250567621709,0.229880138113822,0.000421130982895163,0.0118071777835931
" 4105",43,1.05645483407473,0.407310573921092,0.00184480200357355,0.0131678230447941
" 9265",91,1.02760398773439,0.0958202768040545,9.62505393168806e-06,0.00822135371288071
" 6436",18,0.309377127377229,0.114965672504104,2.37139009911155e-06,0.0105332521961997
" 4605",68,1.08917751267198,0.265369760594148,0.00243248826754748,0.0123490834444478
" 8500",52,0.985556860350418,0.0925480027992528,0.000444426403280553,0.0102471590353457
" 5536",46,1.13614611923846,0.523440337232761,1.39493535241856e-05,0.00987844241512485
" 7083",30,0.900772584821271,0.226954994765467,0.000421409969965647,0.0116805296919129
" 1814",55,1.24050222438268,0.51974787564899,0.00217289079846239,0.0134288257899607
" 6849",69,0.847962989257754,0.148293579997915,0.000286519721386772,0.0111282286805637
" 7735",42,1.14134971115219,0.422777743190225,0.00111804068496348,0.0130425170739038
" 7794",28,1.0460531200503,0.384352686701291,0,0.0109867279513972
" 6961",43,1.07804102201116,0.436738591891286,9.26237074005924e-05,0.0106191505903333
" 7032",53,1.18968339878467,0.505611519642543,6.9746767620928e-07,0.0111781448969385
" 3435",42,1.10808836076418,0.324726019369957,0.00139842269079961,0.0127434973562281
" 6319",32,0.88850090856457,0.311717988092638,0.000274244290285489,0.0124003872805429
" 9442",73,1.03176682201724,0.113212086766955,0.00033520296518618,0.00962979205524142
" 5581",14,0.341307092963098,0.0981266344480415,0.000289030605021126,0.010933305525527
"   34",43,1.01417913479307,0.34251926578639,0.00141097710897137,0.012621115946698
" 4580",58,1.204782894714,0.538063524630025,0.000251506844041066,0.0120787135786467
" 5510",48,1.1286313208977,0.522642528361811,2.1342510892004e-05,0.00982788971238196
" 3973",40,1.09677975932491,0.502560336815458,0.000295307814107009,0.0111044452588937
" 3787",49,1.19042631870491,0.468586692253959,0.000483763580218757,0.0124687000298178
" 6717",77,1.04179956250516,0.197381210865256,0.000100016864768411,0.00920234485954458
" 4830",46,1.13973896354779,0.337096190496064,0.00293912878754591,0.0133095173253939
" 5531",47,1.13708109013792,0.521331797096628,3.34784484580454e-05,0.00984053195714338
" 9174",23,0.750370381031791,0.28730447076965,0.000721321070735637,0.0115520628957161
" 5939",61,1.68771176508129,0.707080193187825,0.0113296649323435,0.0144159423985539
" 8922",20,0.876059359010669,0.300856126246956,0.00225044920405686,0.0128038567936156
" 4680",37,0.944007374807864,0.40391057391142,0.00184703390013742,0.0135253653968775
" 5269",51,1.36570180297325,0.529599744595001,0.00216745055058796,0.012906680586596
" 5523",49,1.11301379675369,0.51393145718302,9.7784968204541e-05,0.00986029801559534
" 1888",54,1.23897644767291,0.522075808870138,0.00236385744820849,0.0122895644308259
" 4483",41,1.1176259108916,0.489191641883822,0.000750893700206911,0.0120757246692415
" 7209",55,1.33194004646919,0.518180333680987,0.00353295276707049,0.0133087498082117
" 2064",44,0.965307558173396,0.438473960579799,0.000775026081803752,0.0129154458891553
" 1940",55,1.17574662308365,0.473458508095466,0.00191580421301165,0.0133358118004722
" 9073",47,0.974463763204747,0.140944130434024,0.000633440143533268,0.0111237681101032
" 6963",28,0.987504321634521,0.181686935631871,0.00628557869799803,0.0132581807384941
" 4056",60,1.09988451574619,0.490830966125674,0.000144375808975321,0.0115265464382431
" 4869",67,1.36074399279119,0.63062636737597,0.00188288373869457,0.0134983680157152
" 9100",68,1.14621993586838,0.498023924831718,0.000519892405846397,0.0115649304583164
" 5526",47,1.10673576800064,0.502519777814068,6.9746767620928e-06,0.00976833456079032
" 6571",51,1.22042363424738,0.555769353169589,0.00058698879629773,0.0118806963322062
" 4155",56,1.26164920554622,0.499300182889452,0.00330850766886634,0.0134232731880339
" 6776",59,1.57818124731435,0.648593727218886,0.00797596135805884,0.0139830492633277
" 4861",16,0.968234241191626,0.264508058926985,0.00388949824314867,0.0133263977165198
" 7798",24,1.04341621652685,0.379922659591542,0.000158046175429023,0.0112634615628386
" 6958",48,1.14933525566152,0.46443644677682,0.000118151024349852,0.0109098494680362
" 6997",42,1.12734034154595,0.446765349529766,0.00025025140222389,0.0109849110887441
" 9015",75,1.09689834372571,0.272967493482554,0.000202544613171175,0.010990115949293
" 7361",51,1.13711100585055,0.451558997127199,0.000225421552950839,0.0120593391618773
" 6161",56,1.0720999090753,0.461258144106671,0.000391000379282922,0.0115511468313683
" 6788",51,1.10914843148589,0.428840238455798,0.00172427958912458,0.0129732219370986
" 4751",59,1.29061516028297,0.472332584811666,0.00197648390084186,0.0133127724267306
" 9154",33,0.85518395399104,0.136493454005767,0.00263015060698519,0.0125799913381358
" 4334",52,1.11420022995277,0.514009146524533,0.000626604960306417,0.011215577798032
" 7062",27,0.5972340683572,0.177528563852289,0.0002089613157923,0.0118016887879299
" 7412",61,1.3931878976253,0.647138861933205,0.000583361964381442,0.0120760192396472
" 8574",38,0.984627906674831,0.176791869277026,0.000179388686321027,0.0103385557736794
" 9221",67,1.07495767501671,0.21445443166566,0.000821756416109774,0.0118910044838269
" 6449",67,1.29234253411705,0.578340310222374,0.000426292243699112,0.0121555263585697
"11946",52,1.03048257988252,0.190444232641276,0.000395882653016387,0.009370951717319
" 4810",47,1.08308600949715,0.352933481542815,0.00110060399305824,0.0119359799492011
" 6430",62,1.27263709052152,0.563139654540904,0.000165997306937809,0.012011393683984
" 5381",48,1.18230233548564,0.533945657100499,0.000724808409116684,0.0122822435742645
" 7757",49,1.16801931608674,0.445291680538243,0.000912985188157947,0.0126648781333554
" 6441",58,1.27635399625493,0.578222146862583,0.00016836869703692,0.0121053538511418
" 6349",23,0.390494719351962,0.1567496684976,4.11505928963475e-05,0.0111608805800331
" 1398",46,1.07382530873526,0.409252410471136,2.37139009911155e-06,0.0101332485571132
" 1951",35,1.27700014574514,0.652445352613814,0.00184842883548983,0.0133986688796461
" 8997",81,1.15852321493318,0.211759855818106,0.00051933443170543,0.0117278852315691
" 9204",79,0.983506013396322,0.140310528161445,0.000594381953665548,0.01077766513772
" 6935",22,0.988659538462062,0.391533170001367,0,0.0125861172111854
" 2538",46,0.999405423137748,0.227700364175774,0.00195304898692123,0.0125311045132649
" 6033",10,0.172934352646057,0.0357567440831073,1.39493535241856e-07,0.0103508001270539
" 3109",48,1.25134833752551,0.537998121986876,0.000957902106505825,0.012692104748841
" 6819",70,1.24223754394198,0.325968695953908,0.00121736008205568,0.0126421698562431
" 5826",41,1.12391150946231,0.44350874775234,0.00057875867771846,0.01153245078249
" 6919",33,1.27835941297141,0.408502186348,0.000613911048599408,0.0123081168485556
" 4500",37,1.26856054677204,0.577778934947097,0.00229899295432103,0.0130182357450581
" 1946",46,1.27372269815008,0.509630702994848,0.00359628283207029,0.01353943796174
" 7393",49,1.22963631929039,0.47333917912273,0.00128557242078894,0.0125386956379283
" 4953",49,1.07144543726007,0.32163093495091,0.00494699873381718,0.0136130621966363
" 7947",39,1.01819233271001,0.339595416715255,0.00235590631669971,0.0129470505798767
" 4080",67,1.19223935250347,0.523906441777623,0.000195011962268115,0.0118340698297232
" 8710",28,1.11282158066277,0.395460973813155,0.00156400151713169,0.012800931350233
" 9106",49,1.05035457960733,0.153483490628161,0.00406233073331333,0.0119533708453875
" 6607",25,0.995022917151421,0.435497255321837,0.00011577963425074,0.0117538826934271
" 4856",38,0.994467501858679,0.374411943963956,0.00090866088856545,0.0128910350035991
" 8899",48,0.733149977417908,0.18966570886432,0.000517800002817769,0.0114504987131485
" 6946",42,1.29817853248962,0.486173269111305,0.000869742192232972,0.0128668797929776
" 4857",54,1.13554065636628,0.2763220946598,0.000492970153544719,0.0118872792050697
" 3632",50,0.742144913111516,0.147752963359942,0.000263224301001382,0.0115221674444132
" 6605",31,0.984750433223225,0.457226694293226,0.000151489979272656,0.0116462083609952
" 6425",32,0.835310154760439,0.294625656747155,0.00271845001479329,0.0133367979909654
" 5782",60,1.2059035060229,0.542465919026612,0.000327251833677394,0.0117052169893517
" 2784",61,1.26820700413325,0.517698167385231,0.00141781229219822,0.0127331364423034
" 7475",62,1.01569683752438,0.147129059807944,0.000639438365548668,0.0107728227725973
" 7089",55,1.06109338776978,0.14067049198783,0.000790928344821323,0.010526657099965
" 7106",66,1.062016450418,0.156595592287477,7.14206900438303e-05,0.0098059752282308
" 8612",42,1.11500660205714,0.422005293991524,0.00101788432665982,0.0125371952986866
" 6611",33,1.15497443873512,0.483412203769162,0.00103699494098796,0.0121260721086232
" 7132",44,1.07454164936068,0.398494677122565,0.00112794472596565,0.0125196104289644
" 3620",56,1.11361828888822,0.508245924774265,1.99475755395854e-05,0.0107898781194426
" 7182",62,1.04871366819335,0.146428571470629,0.000136703664537019,0.00997238310643741
" 7260",24,0.898797872774063,0.192991413597334,0.00269487560733742,0.0126863606215585
" 4597",51,1.19846546230917,0.520748729794003,0.000531470369271471,0.0122154399029842
" 4706",63,1.23680262584622,0.514621046479975,0.000931677321880356,0.0130573285362773
" 3582",47,1.11458395028093,0.507781512258674,0.000119545959702271,0.0109014852377819
" 1965",57,1.23052341106984,0.489684429074725,0.00109042096498559,0.0126774325053675
" 1952",48,1.24961585850033,0.613089002375146,0.000286240734316288,0.0125901535170815
" 6862",78,1.39650206323063,0.540497329160694,0.00335244813246752,0.0134635463599875
" 5402",71,1.19797408508456,0.485040506268812,6.31905714645608e-05,0.0117917319897981
" 1977",35,0.965241566405118,0.384415088523026,0.00209602986054413,0.0133357286948505
" 5992",19,0.396769384792279,0.178002439963898,0.000343712070835933,0.0104976148684177
" 5097",37,1.24832264249489,0.47637848865064,0.00249135453941955,0.0126046015732303
" 8539",38,1.06514841695555,0.353556454949114,0,0.0101219685809272
" 6374",56,1.29945413055105,0.504835010426088,0.00252176413010227,0.0127369987983181
" 4704",31,0.65660911092909,0.223688155333588,0.000815618700559132,0.0126894519591092
" 4425",42,1.38431544116714,0.696501226277969,0.00158687845691135,0.0126856202378039
" 1939",41,1.11083602016576,0.495086965630323,0.00243932345077434,0.0135635119392745
" 7867",61,1.00544407552006,0.092523033318827,3.51523708809477e-05,0.00872996550154215
" 9195",48,1.04384633032598,0.113213633152988,0.0014610552881232,0.0112481744692273
" 8963",72,1.02169410527302,0.108208828942303,0.000138377586959921,0.00992383160279609
" 6844",41,1.02544316794762,0.166517926501021,0.00199057274790129,0.0121457679434754
" 4423",36,1.10857230831523,0.559371471074432,0.000449169183478776,0.0122126838226208
" 3707",45,1.05155050109806,0.449917505891165,0.00142576342370701,0.0129263203278047
" 7795",30,1.06728368710597,0.391410525802586,1.12989763545903e-05,0.0108116056560288
" 3446",19,1.11345763980853,0.306566084823314,0.00165062700251688,0.0124856513837207
" 7121",37,1.12358834868911,0.477765447929633,0.000586570315692004,0.0117927219299867
" 8748",64,1.06384298220898,0.117319969326619,0.000554347309051136,0.0105805529830638
" 9290",86,1.03107039611332,0.0955215044660191,1.14384698898322e-05,0.00764430833992152
" 9245",87,1.02330641435094,0.0981818137398009,1.6460237158539e-05,0.00867451679577189
" 8420",27,0.600161629171937,0.123435011645365,0.000821756416109774,0.0119559298590009
" 7805",61,1.10447587726781,0.266605489820003,0.000968503615184206,0.0123619299112791
" 3525",49,0.971245833005053,0.450499770018622,1.79946660461994e-05,0.0101922331766432
" 8684",46,1.06783494664852,0.360616623609465,0.000661199357046397,0.0123382996464719
" 9251",72,1.03227230554599,0.106769464036108,0.000325717404789734,0.00964375115253067
" 9428",35,1.11096852837061,0.241754161500767,3.26414872465943e-05,0.0120752169932551
" 7082",45,1.15328380610686,0.297974203903738,0.000867231308598619,0.0119861296686763
" 7176",84,1.04690767947887,0.162663248662055,7.86743538764068e-05,0.009333498530354
" 9441",62,1.03475061734577,0.126249363474926,0.00104703847552537,0.0107466512956878
" 9545",50,1.01653552033479,0.109999369073164,0.000408437071188154,0.0108208832752837
" 5325",30,1.01354069540165,0.370990241806382,0.00148518766972004,0.0127556653485998
" 4805",49,1.10805783513385,0.367729717916246,0.000829149573477592,0.0120114170789502
" 3950",43,1.12641295832631,0.519686119191238,0.000115919127785982,0.0109102906899655
" 7039",19,0.436021933333867,0.115956070903344,0.000159580604316683,0.0115373262050386
" 5927",62,1.26170529949007,0.595199871513726,0.000257226078985982,0.0122029776819952
" 3888",53,1.13540221417831,0.514566327068046,0.000200173223072063,0.0108859132754195
" 4034",29,1.21815827560159,0.523152327367784,0.00161756703466456,0.0131510933722765
" 6733",66,1.06313992177086,0.171556847355524,0.000105596606178085,0.0101762878846427
" 9097",79,1.04381338850804,0.124690639898686,0.000324182975902073,0.0102659293399062
" 9481",80,1.01263647377308,0.0986471557407837,1.53442888766042e-05,0.00831192999146108
" 5758",47,1.18918332991336,0.596076030752792,0.000344130551441659,0.0123132325926787
" 6929",16,0.958037100886705,0.394872780624954,9.98773712331689e-05,0.0125149287303294
" 2811",61,1.05901151498335,0.241321095989566,0.00102416153574571,0.0118887472968986
"  907",46,1.13187756782757,0.45674764048641,0.000951624897419942,0.0120595990742163
" 4854",56,1.29725008957409,0.540492046804832,0.000905313043719645,0.0125495402631424
" 8689",45,1.06386238029011,0.273192260123602,0.000141725431805726,0.0113667668952054
" 6769",56,0.98141482484683,0.132028474223,0.000437730713588944,0.0101577525037831
" 8595",77,1.01517665680514,0.118970643689598,0.000139493535241856,0.010038133669616
" 7215",46,1.21682789447459,0.427536758128488,0.00424450929033919,0.0134550931369776
"  904",61,1.17244488494011,0.478103705294697,0.000838495640338796,0.0119968927890711
" 3962",45,1.37432540634651,0.626113477040828,0.00640107934517829,0.0139479538736304
" 4617",12,0.543564271782113,0.129250653361124,0.00133062883267206,0.0126903575545024
" 4838",21,1.03007789241767,0.269191412565647,0.0010328101349307,0.0128360485749656
" 5245",47,1.18760713632675,0.433676548957147,0.00242774548734926,0.013460580326974
" 6420",28,0.918271254263992,0.31547828676682,0.00113840674110879,0.0121947640659497
" 6547",26,0.49667295195087,0.224581698314329,0.00013000797484541,0.0115169863040096
" 4858",51,1.09556153329084,0.29546406900411,0.000290007059767819,0.0117911220826615
" 6786",43,0.860878439090963,0.339533288445371,0.000217470421442053,0.0122691361749162
" 6792",42,1.17486497706868,0.475930577583118,0.00119336719399408,0.0127138744298323
" 9555",49,1.03833758821093,0.137883477151275,0.000244950647884699,0.0110242395404264
" 6917",33,1.377477340764,0.469086926918105,0.000407739603511945,0.0125665803496008
" 6394",21,0.50168566505962,0.192590281872881,0.000132937339085489,0.0116717575923808
" 4841",48,1.21812975738154,0.586947872023535,0.00600798656286674,0.0144688205051
" 9662",35,1.09637870357521,0.325971269252205,1.95290949338598e-06,0.0111273025478665
" 6109",69,1.14597219910453,0.355950322497452,0.00100728281798144,0.0120200637726506
" 7033",54,1.27963959470835,0.569126661922237,0.000409692513005331,0.011564988161958
" 9018",29,1.02196398740409,0.344881945680925,0.00153959014846436,0.0128047075901605
" 7221",65,1.02555511352144,0.104600658855413,7.11417029733466e-05,0.00961105239935425
" 7863",77,1.02957687742715,0.0970953929660633,2.44113686673248e-05,0.0082379714845686
" 8464",60,1.0353876811656,0.109823757844365,1.56232759470879e-05,0.00988970548962513
" 9049",87,1.02830315769003,0.102968644142528,8.66254853851926e-05,0.00925580006078541
" 8961",76,1.02266591718812,0.0957443521443227,1.67392242290227e-06,0.00824658419511332
" 6873",53,1.09876055563289,0.490850130483532,0.001665692304323,0.0129843908336962
" 8647",35,0.937070354960749,0.211312371582696,0.00102597495170385,0.0124488206725842
" 6578",56,1.27295595046212,0.583452811251565,0.000471348655582231,0.0118555869412177
" 7765",46,1.17986612503703,0.331735637811241,0.00184577845832024,0.0119668090198076
" 8906",38,1.07515604533125,0.195748337656043,0.000297121230065153,0.0115663592623939
" 8616",29,1.0101867380159,0.30613532836128,0.00625530860085055,0.013982723584585
" 8592",51,1.08360883880089,0.319117572351865,0.00229606359008095,0.0131093546286182
" 9156",52,1.02913945153235,0.12515343709926,0.00172427958912458,0.0111724026727319
" 3870",49,1.03326179047099,0.455933457285597,0.000100993319515104,0.0104395818051808
" 4660",49,1.08926175168981,0.482247774572619,0.00155744532097532,0.0130901897102717
" 7938",50,1.1391432937379,0.340762723248493,0,0.0108708157272264
" 8538",49,1.12766800678131,0.335839733059187,0.000138098599889437,0.0109705108442276
" 4811",50,1.13178981389074,0.377931121720012,0.000190966649746101,0.011909561700906
" 6227",20,0.314544351584987,0.0974127974262257,5.16126080394867e-05,0.0105368461523647
" 5276",44,1.36053341904133,0.628876431735883,0.00386369193912893,0.014039898098678
" 6532",53,1.42921891563255,0.577576780294441,0.00344395589158618,0.0138274909323251
" 6820",41,0.746545244594164,0.289863259026353,0.000536771123610662,0.0130763134974452
" 4991",36,1.00592224194774,0.452413685332823,0.000422525918247582,0.0126039717779919
" 9004",44,0.95449701632588,0.129778248947076,0.00257379521874748,0.0119855964498025
" 9104",50,1.01748092610076,0.099358220964823,0.000739176243246595,0.0112053946076062
" 9462",46,0.94011707615994,0.0883237284599828,7.71399249887464e-05,0.0101613067652036
" 3819",45,1.34083353758844,0.564091492176177,0.0041108744835775,0.0138993594835092
" 3977",30,0.761615296856636,0.292963583355615,0.000663291760075025,0.0132710086250856
" 4047",52,1.24000896561992,0.477596779800981,0.00262931364577374,0.0130599512359905
" 9534",71,1.030892753744,0.101839554245261,0.000137261638677986,0.008880516811826
" 9599",101,1.0335344504237,0.115766116747383,2.59457975549852e-05,0.00881829254290041
" 6915",25,0.969311207069056,0.335089914520547,0.00017813324450385,0.0121099880162568
" 3913",61,1.13160792578377,0.497633065309218,6.13771555064166e-05,0.0116407621842539
" 9208",33,1.27947817983572,0.533989479037363,0.00165006902837591,0.0130188899619788
" 9137",31,0.756074504181194,0.274626977273706,0.00127664483453347,0.0126102052237346
" 9659",42,1.17156705168956,0.32044686737724,0.00201010184283514,0.0125520299594594
" 6831",58,1.0216790580074,0.207842213491296,0.000278010615737019,0.0111381831824166
" 5324",57,1.2684206478458,0.434295490426571,0.00208096455873801,0.0129299742930289
" 4040",42,0.807109183622768,0.304985296025866,0.000838216653268313,0.0124726271229859
" 7099",54,1.16845366793281,0.181650504631292,0.00349012825175124,0.0123326270403393
" 7042",71,1.04137520538315,0.117027728160611,3.90581898677197e-05,0.0102214869931494
" 8620",69,1.06588076946505,0.140600856074155,0.00011271077647542,0.00973104455959896
" 9725",84,1.04005026481305,0.111996248518217,0.00152187446948865,0.0106889141674876
" 6916",31,1.18036851835177,0.485237134014999,0.0026378227514235,0.0134698242253321
"   23",31,0.802844670944123,0.265669032757914,0.00148044488952182,0.0130598360409674
" 4244",51,1.24912379357739,0.552843367802278,0.00168019963198816,0.0123061576712601
" 4625",51,1.23902754130233,0.517688561812331,0.00160766299366239,0.0124329581204466
" 9600",73,1.08726997537396,0.333609935065891,0.000200312716607305,0.0118880446513438
" 7231",87,1.03385329767008,0.0957482479070016,5.57974140967424e-06,0.00796266846051338
" 9214",33,1.05271778810033,0.28851644084891,0.0026678138615005,0.0130475280243513
" 7759",52,1.25217745475455,0.216659746590496,0.00606155208039961,0.0124023005574634
" 8465",56,0.979807637295922,0.186603903486488,0.000702628937013229,0.0113529081776407
" 5342",49,1.12189563045222,0.438409609487646,0.000885923442321027,0.0124271068304129
" 7256",55,1.01968748728271,0.116809244706993,0.000354592566584798,0.0111787163725973
" 4038",58,1.17187694297846,0.5166528879251,0.000241881790109378,0.0110615138047401
" 4931",59,1.40668701374405,0.60461451026399,0.00295600750531017,0.0140171790192974
" 7211",41,1.07344456533011,0.245316824117072,0.00050133976565923,0.0114505663549248
" 8587",54,1.02927140473481,0.254254419133128,0.00106210377733149,0.0125655308395972
" 9060",63,1.14284268644723,0.372558084285242,0.00213062425728411,0.012953717778933
" 8707",81,1.01579607171919,0.102832476154451,6.7793858127542e-05,0.0086647830492115
" 3810",58,1.10685418621459,0.495074735644229,0.000255691650098322,0.0109757538904931
" 8690",47,1.05674545191236,0.271866275402481,0.000221934214569793,0.0113799732108859
" 3991",48,1.11870570631015,0.515927559340654,0.00030214299733386,0.011484518128143
" 3958",76,1.26269920378231,0.272828617907272,0.00437270384922646,0.012720497740355
" 4871",48,1.14832930337031,0.374941841277194,0.00195583885762606,0.012857708175659
" 4845",35,1.02741179430615,0.417694217786075,0.00145394111782586,0.0127072760272605
" 6794",86,1.59184147546246,0.641429507135153,0.00401573989254255,0.0137953158247327
" 7120",42,1.167556242036,0.445674162411173,0.000765401027872064,0.0119060806687051
"11729",40,1.1399852903261,0.478502014845933,0.000416667189767424,0.0128862687528499
" 3182",46,1.16011966877504,0.510199594502918,0.000839332601550247,0.0123602537666776
" 4699",44,1.25631928520647,0.472856701386282,0.00437326182336743,0.0135119181807717
" 6007",17,0.780003420843912,0.280889807037115,0.00289993110414294,0.0132347956778083
" 9307",58,1.23712184673412,0.520869739058735,0.000698165143885489,0.0123978870919028
" 8948",51,1.01249449823367,0.0923056837178611,8.63464983147088e-05,0.00963604962718032
" 9304",89,0.992680982959345,0.0897367755634208,6.31905714645608e-05,0.0088930556421212
" 9102",51,0.998523359497008,0.167169064050084,0.00131849289510602,0.0118251994946099
" 9135",78,1.03089952763234,0.0976150977151229,6.41670262112538e-06,0.00851775114156362
" 5360",23,0.616756553515207,0.179723887256669,0.00125432586889477,0.0123736456644243
" 6751",57,1.19752289029217,0.535275632914187,0.000152326940484107,0.0111701291275183
" 9687",92,1.03263622571507,0.098529283593381,2.37139009911155e-06,0.00819741903881965
" 9528",45,1.18361147832132,0.371671648437997,0.00419164124048253,0.0128544445354463
" 6952",69,1.06109249599748,0.194718897321021,0.000332692081551827,0.0103742306230069
" 8974",40,1.20478196507677,0.532253463113071,0.00115695938129595,0.0124657606739499
" 9191",50,1.14127735106505,0.377108608711353,5.28680498566634e-05,0.0114568626289224
" 9452",51,0.994108912381987,0.112438617996499,0.00116686342229813,0.0110444532862815
" 3403",65,1.16354499670826,0.47633386958278,0.000412063903104443,0.0117582155939284
" 4771",58,1.07432934856621,0.20104262506512,0.00280953929330622,0.0122668749946703
" 8962",50,0.973336124959846,0.101765361694922,0.00110409133143929,0.0103695854932943
" 4628",49,1.10619200888334,0.48721392380335,0.00121150135357552,0.0127583812400717
" 7440",57,1.06960234609369,0.213888624067435,0.000604983462343929,0.0110534198300806
" 7043",44,1.13484647218172,0.416920349689518,1.2554418171767e-06,0.010795794883623
" 6900",59,1.21859210407645,0.535803941253699,0.000170879580671274,0.0120613517916148
" 9556",56,1.02790623649367,0.131528863630494,6.08191813654492e-05,0.0103043855900648
" 4663",42,0.9598514346415,0.36767664156199,0.00151155194788075,0.012970464250283
" 4744",17,1.06169947883273,0.451456523128693,0.000442612987322409,0.012390783018537
" 4574",15,0.815576173761445,0.220379465826157,0.000343991057906417,0.0125620956275413
" 6548",54,1.18391122660586,0.480541068703115,0.000827196663984206,0.0124664979005343
" 3992",27,1.13265331749276,0.465832773699906,8.8159914272853e-05,0.0116968028800714
" 6700",58,1.38458449295261,0.613574943761326,0.00230680459229457,0.0132792333251256
" 4495",33,1.18234047256231,0.574145213788475,7.53265090306022e-05,0.0118527446947217
" 7288",58,1.19396829986725,0.492896838021312,0.00024048685475696,0.0117961077925729
" 7877",46,1.14753420581405,0.342035415962058,0.00282753395935242,0.0130227696188929
" 9679",74,1.01798578114289,0.100400196577734,1.8413146651925e-05,0.00812110336944605
" 9575",34,1.13021133841904,0.249303505320682,0.00246359532590642,0.0124636389114627
" 9407",50,1.00595941996377,0.0996003463088261,0.000140888470594275,0.010923700650999
" 3859",46,1.12540211341879,0.505358144538772,0.000851189552045805,0.0116987293001086
"  758",24,1.11789128754043,0.463419558477602,0.00023672052930543,0.0117701453044768
"  243",54,1.1579897977715,0.452890935120199,0.000158464656034748,0.0115612840428041
" 8669",48,1.00210903417735,0.103189532577621,0.000192082598028036,0.0109514224335779
"  737",23,1.11629766008825,0.45339526678632,1.07410022136229e-05,0.0117085826966042
" 3533",49,1.12772353446641,0.510163862331061,0.000303816919756762,0.0108718622479626
"  255",56,1.12129021058616,0.429222323337301,0.000115361153645015,0.0112944749123198
" 9273",32,1.25986090961717,0.526607824001495,0.000338690303567226,0.0118229057515817
" 9774",73,1.0222507721919,0.0988267436011287,1.01830280726555e-05,0.00807515576455942
"10165",33,1.13822773880507,0.310713820937516,0.00402648089475617,0.0131894658699213
" 9854",68,1.02036768959497,0.14085276579879,0.000463397524073446,0.0102620076665615
" 3444",51,1.13435379531792,0.462826972019463,0.000133634806761698,0.0114208373771227
" 8970",84,1.0244552352941,0.0969181556248124,2.39928880615992e-05,0.008070299745273
" 8992",34,1.28056880022352,0.187253737351707,0.0107291452631274,0.0135310167544143
" 7112",59,1.02060888615931,0.13519303464746,4.10110993611057e-05,0.00984922299080858
" 6878",62,1.12803051522325,0.42276826535119,0.000181620582884897,0.0116923392757701
" 9962",44,1.17493067102016,0.31335471085434,0.00173306768184482,0.0125038732089721
" 9919",49,0.971032299881298,0.342905931843793,0.000548907061176703,0.0120499599268298
" 9799",28,1.15293379261599,0.382022188331631,0.00224626439799961,0.0127206550953127
"10744",26,0.484810850749931,0.129780747875383,0.000745034971726753,0.0119703745309826
" 4149",35,1.11951728083663,0.379355944490315,0.000537050110681146,0.0127984506189692
" 9197",82,1.01803031617008,0.0963994050425012,1.52047953413623e-05,0.00826134310654609
" 9957",62,1.03686880070023,0.303395634800398,0.000460189172762883,0.0111323638188022
"10399",42,1.08189843173443,0.383809575135094,0.00262178099487068,0.0131848231794404
"   45",44,1.10033536039316,0.365690881493088,0.00031944019570385,0.0102883079383303
" 7086",55,1.0762590788044,0.449072573500456,0.000444705390351037,0.0116052286329685
" 7760",46,1.02662039161295,0.118252141057305,0.000705279314182824,0.0119988961668209
" 7977",41,1.04091341208676,0.113450373269028,0.00171828136710918,0.0115264321491671
" 9830",42,1.00396034329642,0.122067617162052,0.000717973225889833,0.0107341284914723
" 6395",51,1.33116879129084,0.580457954811931,0.00225072819112735,0.0130063730939455
"10193",56,1.08731175700451,0.259369682015922,0.000873229530614018,0.0118921323664715
" 1415",40,1.06591711607155,0.403636272692476,0,0.0101238895543631
" 4083",44,1.14678163055924,0.501909311768099,0.00256389117774531,0.0133955156456623
" 7284",55,0.930418309404499,0.14765009604535,0.0012237767846768,0.0116138983362002
" 9282",98,1.02975553108224,0.0984900077665594,2.66432652311945e-05,0.00830552194393826
" 8560",57,1.02967329893165,0.098856965606285,2.21794721034551e-05,0.00969182022045396
" 9114",53,1.02443185649301,0.154882987905698,0.000441636532575716,0.0112115102066902
" 9979",84,1.02286136080228,0.107876434209325,8.70439659909181e-05,0.00941383338506183
" 1376",42,1.08050095398039,0.405304307968192,0,0.00986040330663179
" 7025",51,1.16115134375292,0.443320963505548,0.000678357061881146,0.0120280008408306
" 6805",31,1.13991719756172,0.439315557347968,0.000160417565528134,0.0108729240435623
" 5940",92,1.06046533149514,0.182052639223026,1.49258082708786e-05,0.0086230641589443
" 2302",45,1.11981537630322,0.588286340660871,0.000355569021331491,0.0127071013516283
" 8923",42,1.05340550901638,0.182125658930853,0.000405926187553801,0.0115374731768127
" 8916",55,1.04166921465454,0.173243613741466,0.00267827587664363,0.0123785604471909
" 5279",52,1.36090943512611,0.624314549017717,0.00295307814107009,0.0139784563783204
" 6888",50,1.09632346064985,0.253325619928901,0.000538724033104048,0.0123229884826533
" 6804",33,1.09369387663074,0.413579011362387,5.57974140967424e-05,0.0107863173906577
" 4730",59,1.10980605744264,0.295141098233436,0.000477904851738599,0.0118126722851677
" 7203",36,1.2272520990582,0.367251006150031,0.00340810605302903,0.0136107599595167
" 7940",42,1.12820731702975,0.337045901351241,0.000237836477587364,0.0111356260603539
" 8583",54,1.1138637255073,0.331632903457576,7.95113150878579e-06,0.0108894182170019
" 2694",58,1.02760853015025,0.222530089881679,0.000873090037078777,0.011993035384392
" 8648",42,1.1806446932279,0.295048331596287,0.00260880809609319,0.0129627237837168
" 9254",89,1.03401797926493,0.0978506040347868,7.95113150878579e-06,0.00847550767336886
" 7874",59,1.13671633857154,0.361536837904697,0.00103476304442409,0.0129978516235898
" 2315",71,1.43188573898544,0.666127101509057,0.00283157927187443,0.0135085133274736
" 1242",33,0.921597914561697,0.356848968027682,0.000627860402123594,0.0121132293321655
"  796",22,1.09518787804514,0.450459393639977,0.00114789230150523,0.0122292139036837
" 4475",46,1.15419160217207,0.563312271716504,0.00047274359093465,0.0123819455014337
" 7980",98,1.05822307600879,0.157661763644087,1.08804957488648e-05,0.00853986207460062
" 8958",47,1.22277061132966,0.533827567706704,0.00045474892488845,0.0122152927731627
" 9495",61,1.01333375924143,0.0985778687576102,9.69480069930899e-05,0.0101103999909937
" 9647",60,1.0621665312857,0.184073053990714,0.000706116275394275,0.0112038810707502
" 9596",38,0.998369232320625,0.283380831995529,0.00283283471369161,0.0130591400212353
" 9394",47,1.00099559752346,0.0993131534954004,0.000153442888766042,0.0108070486064534
" 7372",30,1.03182022502135,0.366859259867221,0.00336165470579349,0.0125016556727839
" 6698",58,1.19180413981364,0.52421697002449,0.00199001477376032,0.0131740072968682
" 8170",94,1.03671787464602,0.146209011873506,5.63553882377098e-05,0.00914496282441434
" 4335",58,1.27561053543031,0.491977938741471,0.000636090520702863,0.0118801945480021
" 9460",51,1.27806210626965,0.492887643150797,0.00590531932092873,0.0138980236646395
" 7896",68,1.01930401192521,0.103612563804596,0.000792881254314709,0.00975174038223552
" 9129",77,1.01804317170072,0.0969921987758916,2.55273169492596e-05,0.00793920061487777
" 6266",38,1.12561586701192,0.483064298283177,0.000142562393017177,0.0122403619829494
"   52",46,1.0975498237019,0.406761790578412,0.000349989279921817,0.0117230287484343
" 8000",70,1.05737729467382,0.167258343861632,0.000267967081199605,0.0104327349997042
" 8441",76,1.04126303171162,0.14162173073718,0.00059828777265232,0.0103072241290078
" 8507",44,1.06028632229799,0.221228372718875,0,0.01008157117906
" 9821",64,1.07385178605747,0.184483142739828,0.00135880652679092,0.0117093839512015
" 9321",63,1.02238978694503,0.0936193623991947,9.76454746692992e-06,0.00928302932928048
" 9435",96,1.03273099357909,0.097801143894018,2.92936424007898e-06,0.00738162377647503
" 9392",50,1.0251879608763,0.109788478317908,0.000727040305680553,0.0110606307366819
" 9423",41,1.16007955659512,0.273916280147422,0.0054922789630776,0.0135096393013899
" 9574",49,1.07905537312591,0.220648248825501,0.000525611640791313,0.0119548645827502
" 9542",52,0.967733103032158,0.133891584363147,0.00221013557237197,0.0119922040455178
" 9506",87,1.02787399339118,0.104883773996653,0.000307722738743534,0.0103343428184892
" 4837",55,1.25536320642306,0.551689257211907,0.00299660012406555,0.0130856871734537
" 7691",49,1.01835232201416,0.105730253761265,0.00091465911058085,0.0110775794900976
" 8504",55,1.0400806508308,0.1252709050899,0.00155116811188944,0.011331697864396
" 7237",46,1.03115034454914,0.109706044060947,0.00055239439955775,0.0104243309168371
" 9369",56,1.01078379039714,0.103184715371741,8.84389013433367e-05,0.00979132018734528
" 4009",56,1.19883113662329,0.516995561335607,0.000898617354028036,0.0113581100493329
" 5797",61,1.28314008234471,0.48941568111393,0.00406902642300494,0.0133600213110002
" 8509",49,1.05486189646261,0.218589335802346,2.52483298787759e-05,0.0100682488223185
" 8511",47,1.04577382460423,0.21716141034328,9.34606686120435e-06,0.00998616356825564
" 4788",38,1.10032032938307,0.331791939785993,0.00133913793832182,0.0118767502687405
" 6725",67,1.05415905624894,0.314824441593818,0.000758007870504245,0.0116396123883915
" 4716",16,0.497458336848641,0.159281069183042,0.00068393680329082,0.0124074145625176
" 3899",13,0.476955445398792,0.131005734143845,0.00146021832691175,0.0125991236307597
" 9971",51,1.00352443465794,0.148286153268828,0.000964597796197434,0.0115079702829353
" 9729",45,1.10743365288766,0.336894680267958,0.00278833627594946,0.0127239713570899
" 9654",55,1.12960273625993,0.188607164832437,0.00343321488937256,0.0126707285533756
" 9592",20,0.832207610517004,0.1577586039331,0.0051480089181007,0.0129157716079677
" 5348",49,1.18444113429753,0.473809146727441,0.000560206037531294,0.0124382789238621
" 7710",47,0.987751163623366,0.222098229028428,0.00175915297293505,0.0121767239965584
" 4833",29,0.576731769728639,0.241540501990969,0.000116058621321224,0.0121102499123007
" 9566",67,1.02977599084296,0.148994322211412,0.000725924357398619,0.0111844863978717
" 9621",81,1.0353475426761,0.111518660264309,0.000280800486441856,0.0103157002357071
" 1950",46,1.10919723787782,0.402749810915531,0.00185303212215281,0.0128871559908523
" 4279",20,0.585822775955532,0.339997977767676,7.54660025658441e-05,0.0123598502378568
" 8075",72,1.04965485922741,0.231473685368953,0.000126660129999605,0.010210890013679
" 9622",48,1.00228150861795,0.120856286670561,0.000699420585702666,0.0117405438327243
" 5039",30,1.14945105357687,0.499526145349565,0.00205836660602883,0.0126520843950333
" 2297",49,1.40110434743545,0.667939592660367,0.00307597194561817,0.0133638932511338
" 6683",40,1.06586038947418,0.173861405149571,0.00426640977537217,0.0123270139328465
" 6868",37,1.20666461748164,0.517431435260616,0.00596599900875894,0.0139081047948086
" 2288",51,1.30605815386648,0.693049654869239,0.00119364618106456,0.0134443341220852
" 7993",49,1.16597987852905,0.455497324720931,0.000696212234392103,0.0121930993016932
" 9085",65,1.03479619724431,0.198382419903353,0.000528819992101876,0.0115962617752575
" 2198",37,1.10447815785052,0.591264243221426,0.000899454315239487,0.0129731859618096
" 6759",46,1.23234710860419,0.541277425232711,0.000374540142124383,0.0123900048136026
" 6846",32,1.06943316019904,0.391174090920859,7.61634702420534e-05,0.0106847980889844
" 4779",47,1.14410816169132,0.352949667089447,0.00461430665226535,0.0136439540077313
" 6895",67,1.08490096148211,0.207441190577462,0.000181062608743929,0.00993961663763916
" 5570",38,0.93926328906991,0.430712836573179,0.000566064766011452,0.010618447103148
" 5224",54,1.06101094481717,0.150614599876879,0.00067570668471155,0.0116065248622212
" 7212",41,1.01449352647339,0.228031277336269,0.00103741342159368,0.0114994829389024
" 8919",51,1.0495323583601,0.19373241339463,0.000704442352971373,0.0114924433453668
" 7085",70,1.02109564494767,0.106615758350343,5.6215894702468e-05,0.00876374245298243
" 4277",55,1.13683757951582,0.3553847412881,0.00234279392438697,0.0128115683116292
" 4795",48,1.03145377990802,0.255301076996143,0.000391418859888648,0.0116628900886024
" 7787",47,1.16542478099673,0.470529678761913,0.00125502333657098,0.0132027369033481
" 8674",33,1.06170603365122,0.30156727704049,0.00230680459229457,0.0128873693906675
" 6723",32,0.845665455596147,0.337257932039212,0.000540816436132676,0.0121891669163416
" 7864",79,1.02245088921772,0.0938028988261101,4.18480605725568e-07,0.00815057981608043
" 7395",32,1.04084504621415,0.280224716950432,0.00217568066916723,0.0131267750602538
" 5173",35,1.17837890261285,0.601184568388162,0.000357103450219151,0.0123749641166492
" 3932",53,1.1208490022188,0.374167900080532,0.00290788223565173,0.0130143261755462
" 8565",61,1.01189452816706,0.106342060840809,0.000196825378226259,0.010294289089292
" 9281",48,1.0264504737456,0.111744801317659,0.00221752872973978,0.0113895197312662
" 6037",55,1.10201595849979,0.446448009234168,0.000316092350858046,0.0110541612230906
" 8920",42,1.03220717906535,0.181411573572563,0.000246345583237118,0.0114524091344391
" 9096",51,0.907394050661816,0.14046325328886,0.0011184591655692,0.0117249764564939
" 4012",57,1.23961872049758,0.517735457418482,0.0010474569561311,0.01265129991318
" 4863",44,1.20122686950996,0.533089001915716,0.00195946568954235,0.013041022513553
" 7075",49,1.27142425002135,0.520728914819657,0.0013993991455463,0.0125363558678466
" 4866",87,1.09296103459474,0.218344321004387,8.98338366957552e-05,0.00975064656523466
" 8693",89,1.02536327449015,0.0961461845306898,3.76632545153011e-06,0.00708245801628719
" 6036",52,1.03385776386444,0.425711370754599,0.000178272738039092,0.0109901760273766
" 6703",43,1.14277038364619,0.491343719357455,0.00200689349152458,0.0129252120367084
" 6476",43,1.13729333993286,0.498567597379152,0.000742942568698125,0.0123679837929823
" 6872",45,1.06788852181081,0.375883427416118,0.00384890562439329,0.0133734003956478
" 1909",42,1.09886505746341,0.460197903559293,0.000148700108567818,0.0115466819226217
" 9082",45,1.39933445560058,0.246892998913977,0.00802324966650583,0.0134878016974681
"10169",63,1.03869182266264,0.196352092933011,0.00125265194647187,0.011784544340335
"11315",49,1.01029231556214,0.129830824761306,0.00341382528797394,0.0120945312989979
"   26",29,1.02104751548594,0.364869547625634,0.00145394111782586,0.0131905620345035
" 6787",50,1.18860466627911,0.435058214379998,0.000670684917442844,0.0126245241609074
" 7250",44,1.16626268648972,0.459461528720365,0.00154084559028154,0.013035031241097
" 7409",56,1.36508654519752,0.64074174782058,0.000650039874227049,0.0120179634530997
" 6885",45,0.871658872228855,0.142098792764517,0.00430267809453505,0.012889267608963
" 6778",64,1.06068775445796,0.307441809769711,0.000959994509534453,0.0124431319029586
" 2615",50,1.44104422211368,0.628426051864913,0.00308155168702784,0.0132778367562708
" 7909",26,1.02773749696391,0.248320310717737,4.32429959249754e-05,0.0104857127310649
" 7126",24,1.05356193386258,0.268492668752012,4.89622308698915e-05,0.0111107747946914
" 7040",45,1.33303317571053,0.590027440974053,0.000296005281783218,0.0119884162610004
" 6949",38,1.15460985249769,0.509350641283541,0.000748522310107799,0.0120884862511695
" 9400",59,1.08977120123497,0.279228152952908,0.00101969774261797,0.0119803947948369
" 9491",42,1.02979793724179,0.153434940761663,0.00114008066353169,0.01140374472914
" 9533",73,1.01388153026367,0.118860203614848,0.000315255389646595,0.0100706961292122
" 9180",66,1.03981196390566,0.102610493868877,1.52047953413623e-05,0.00954069816978853
" 9846",57,1.27027261592197,0.498261391199404,0.00328549123555143,0.0133469286479157
"11283",37,1.0954838149375,0.430622092916418,0.000531749356341955,0.0117372004744549
"14547",29,0.973665542363917,0.216937035060549,0.0022925762516999,0.0129331644699828
"11092",53,0.742533596574929,0.158569369640993,0.00136829208718737,0.0119841575700815
"  948",54,1.19130477070875,0.465395248185188,5.8168804195854e-05,0.0115409784134313
" 7997",90,1.04827469299911,0.151870984006061,2.60852910902271e-05,0.00856891056834277
" 4077",70,1.31667772168441,0.520403430890343,0.00221083304004818,0.0133268730963435
" 6783",79,1.10035973066449,0.218133914386798,0.000132937339085489,0.0101865115718736
" 6883",56,1.1164502510242,0.244037430907332,0.00202865448302231,0.0120746266343467
" 9489",96,1.04473172486626,0.116976996454484,0.000133634806761698,0.00992983773096149
" 9383",75,1.01581011802187,0.107672488675975,0.000618235348191906,0.0103289717292063
" 9225",38,1.15118995469731,0.302235071013674,0.00374833078548391,0.0129030759730176
"13663",35,1.08794925337609,0.217913045477834,0.00351830594587009,0.0128306727242193
" 8508",48,1.06399848612947,0.220583727975679,2.78987070483712e-07,0.0100362106318607
" 2210",34,1.01764207805192,0.534192949396479,0.000341619667807305,0.0125443543988846
" 5802",81,1.11978095449058,0.228842110788408,0.00128166660180217,0.0106111328866639
" 4200",10,0.246623166497106,0.0695136436247202,0.000194453988127147,0.0115661625816735
" 6950",72,1.07723800274022,0.18810773517836,0.000126102155858638,0.0100405084080913
" 9193",49,1.13916731630157,0.381598062959899,1.26939117070089e-05,0.0114680316591214
" 7275",28,1.16036330703159,0.417958242148126,0.00352374619374452,0.0132392568837751
" 7180",69,1.11392685354149,0.251908675855858,0.000152745421089832,0.0105645440330916
" 7740",21,1.08585204424321,0.305455057277747,0.00166820318795736,0.0128025106713689
" 6678",55,1.06138395833319,0.340883104017328,0.00112124903627404,0.0120481137046775
" 2242",50,1.31153791310268,0.660458737894329,0.00116630544815716,0.0132204969525932
" 5063",48,1.21929304576858,0.519317384756521,0.000208682328721817,0.0114701600588412
" 2391",59,1.24626472740748,0.55792741887149,0.00394738806027404,0.0136367890885074
" 2356",47,1.48285873682389,0.717664350781947,0.0098771187498701,0.0143216263778232
" 4868",66,1.08084299675896,0.175113068548266,8.64859918499507e-05,0.0107101316400132
" 8924",42,1.06041580115487,0.18638638807777,3.69657868390918e-05,0.0110971255996665
" 9536",76,1.02998423844297,0.0993579282502732,1.53442888766042e-06,0.00837123288389926
" 4954",40,1.2101857199,0.549881781563261,0.000558532115108391,0.0124086931274919
" 4451",27,1.08878295993404,0.55014674159404,0.000876158894854097,0.0125714913473231
" 5416",39,1.20448826644613,0.406626814943717,0.00119029833621876,0.0127666021110031
" 1526",34,1.0695275365759,0.344740306511153,3.30599678523199e-05,0.0095688021444716
" 5090",36,1.09589109622731,0.470279764421163,0.000266990626452912,0.0116165613038409
" 4398",28,1.0876300197568,0.542228863992577,0.000177854257433366,0.0124382397467463
" 6859",56,1.24501805344618,0.455840616317617,0.00122363729114156,0.0121590037981116
" 7942",52,1.16047708907749,0.341568438665656,1.50653018061204e-05,0.0108105847238395
" 8543",52,1.18127525672767,0.343007897970776,0.00100072662182507,0.0113227347021578
" 9276",32,1.19251569029721,0.507070883506992,0.000471767136187957,0.0118070814333425
" 8698",43,1.08126518796782,0.283493130459479,0,0.0110025808713087
" 5411",31,1.065696249032,0.376048423994917,0.000924981632188747,0.0126264088340722
" 9302",90,1.0323130881416,0.0952723298652997,1.11594828193485e-06,0.00759306296631258
" 7252",52,1.24948914517785,0.518563310780524,0.00269571256854887,0.0131701836802408
" 3861",48,1.12223068162639,0.497376207287918,0.000138098599889437,0.0110009159170116
" 7255",56,1.20119187506053,0.433801720392651,0.000677101620063969,0.0123887321561296
" 7247",43,1.05528581102037,0.413245467585476,0.00153163901695558,0.0123047031989134
" 8602",68,1.01612204908671,0.122671132625125,0.000124846714041461,0.00935242219806305
" 8999",82,1.02137669963337,0.101195388002103,6.69568969160909e-06,0.00824170370976015
" 6251",46,1.01743315974884,0.321842456176313,0.00254896536947443,0.0130525646318063
" 6940",23,0.870780911176939,0.32467787173037,0.00475812448709971,0.0137019014979408
" 6730",51,1.21276698498668,0.484397325456347,0.000382909754238895,0.0117161457836494
" 9305",48,1.18147257615638,0.526166986178741,0.000382630767168411,0.0118837201911584
" 9125",53,1.14107780409583,0.516828994689187,1.11594828193485e-05,0.0106387427914424
" 9198",43,0.786593519483899,0.236188929303827,0.00116337608391708,0.0129699222358484
"10283",53,0.983767932079792,0.11500477321504,0.00124539828263929,0.0113157976675578
" 5987",47,1.242459473751,0.535887653719173,0.000152884914625074,0.0118414322545557
" 6970",44,1.12062582898906,0.457753859029411,0.000415551241485489,0.0119034330282477
" 8717",65,1.00892618020942,0.143288951428805,0.000250390895759131,0.0109929995007776
" 7037",55,1.19654932115389,0.444448025174017,0.00151699219575518,0.0123560034414461
" 6864",59,1.18310404802825,0.474554571131412,0.000494365088897138,0.0118124342577836
" 7458",34,1.04365393247844,0.433807941661012,0.000733038527695953,0.0124254888576155
" 9128",42,1.1228425909646,0.513928059994217,3.04095906827246e-05,0.010771099767928
"11046",47,1.07458018275128,0.183342846647258,0.00252022970121461,0.011971176942165
" 3987",45,1.13888620914689,0.518304889004572,0.000280939979977098,0.0115950453838426
" 6893",55,0.966875057834857,0.18728596539736,0.000565506791870484,0.0114495507032165
" 6718",41,1.02260847403852,0.479898166861856,0.00165397484736269,0.0134603376816861
" 9320",56,1.05197243844077,0.172552498084849,0.000296981736529911,0.0108998064908696
" 7480",52,1.26540391803224,0.460726796689694,0.00115821482311313,0.0126723419466958
" 9870",23,0.973463635135398,0.298015129326493,0.00194467937480671,0.0126240022749348
" 9468",44,1.08760267779027,0.255689112271634,0.00146802996488529,0.0125644131199899
"10068",61,0.83047249258039,0.0896045529224635,0.00063511406595617,0.00982199693913446
" 4492",36,1.17766645619001,0.586262498079818,0.000133634806761698,0.0119901537458211
" 4813",70,1.26248581621211,0.510132416011467,0.000174785399658046,0.0112725673308925
"  968",54,1.0146781429961,0.393741839088406,0.00101132813050346,0.0126030315397244
" 4020",61,1.12183293673959,0.505724789902281,0.00012024342737848,0.0108786078380018
" 7091",46,0.942646101960275,0.400221641539538,0.000447495261055874,0.0119184475656234
" 9546",57,1.15805341797392,0.312738892607949,0.00154433292866259,0.012658195938947
" 5281",51,1.10937576344679,0.410518741920748,0.00208905518378204,0.0132641105592065
" 5384",34,1.07128234240026,0.356414506641445,0.00220929861116052,0.0131785011222519
" 4803",61,1.13210454838726,0.435905427999296,0.00201791348080869,0.0134226134936761
" 7331",52,1.11501068139481,0.324471559597288,0.00383342184198144,0.0126583376530424
" 7137",30,0.834707998914999,0.307116275131519,0.000360869775670681,0.0113760334013717
" 4823",91,1.05284601161594,0.180999886839406,4.15690735020731e-05,0.00875724159174904
" 7122",51,1.19408330728343,0.527733535424813,0.0010234640680695,0.0122140560042461
" 7102",42,0.824240130940025,0.352926257400736,0.000515707599789142,0.0120367600672642
" 6841",68,1.07621187653976,0.216728559775888,0.00040732112290622,0.0106350575104739
" 9426",84,1.01918019494983,0.0946034319007698,9.22052267948668e-05,0.00935348942181095
" 2403",61,1.33343535322392,0.631024669176293,0.00406512060401817,0.0137597301569367
" 6891",48,1.05733004514872,0.240313075171206,8.11852375107602e-05,0.0119723909941904
" 3502",43,1.10900685349696,0.52343839689539,0.000827336157519448,0.0119777721767121
" 3657",61,1.13254311065326,0.315556847230729,0.000444007922674828,0.011705408790473
" 6909",29,1.00400431172482,0.282389646594721,0.00107214731186891,0.0132747616490366
" 9110",86,1.0215765049584,0.0941668013962878,3.90581898677197e-06,0.00760814071836676
" 8998",60,1.01312833171578,0.0922810641942695,3.80817351210267e-05,0.00965845038189364
" 9367",54,0.998263300676337,0.113872464799654,0.000654085186749063,0.0113143990781122
" 8051",72,1.04520971238825,0.191515950751848,0.000109223438094373,0.00996647562844903
" 5068",26,1.07142000475812,0.458258200291755,0.000314697415505627,0.0118796029760925
" 3719",48,1.06406640419453,0.469408204638102,0.000394069237058243,0.011446918068095
" 9183",69,1.00739344692105,0.0980942877570074,0.000201568158424482,0.00942633144673658
" 9523",22,1.0680982787517,0.179363373709199,0.00337141925326042,0.0128013355612135
" 5335",37,1.0964099358056,0.464278292895866,0.000633021662927543,0.0129146433888831
" 9196",50,1.04413985814404,0.116368029313938,0.000722018538411847,0.0111068332950975
" 8501",48,1.09721297426286,0.428514828691368,0.00160557059063376,0.0128760762819961
" 7408",67,1.03619084300059,0.175310204501006,0.00063581153363238,0.0118018348272102
" 8615",56,1.04493607005468,0.126476369792578,5.57974140967424e-06,0.0100841524916172
" 9095",17,0.62008770065768,0.192877134737075,0.00147807349942271,0.013056271508258
" 7807",29,0.988811967019098,0.410268365417224,0.000762192676561501,0.0119299551020774
" 7749",33,1.04983146140687,0.38337119957445,0.00188692905121659,0.0122633764840038
" 4063",53,1.27869908661461,0.577453419834901,0.0016913591148075,0.0127764029316741
" 6863",47,1.00220480876268,0.110658353310984,0.0025195322335384,0.010471776684233
" 9695",52,1.23269561043246,0.524290529283663,0.00174143729395933,0.0130610114278011
" 9203",46,1.04924258147261,0.124001046136806,0.00155828228218677,0.0114143778750696
" 7264",54,1.26413916465063,0.52481166142144,0.00136619968415874,0.0127278284356774
" 7021",33,0.821477760200116,0.387220646701064,0.00130872834763909,0.013493839592809
" 9250",78,1.0192127119286,0.0976406568880468,2.92936424007898e-06,0.00832408171064811
" 7962",54,1.1817043026091,0.436017034804719,0.00217484370795578,0.0129402256071004
" 8955",49,1.15945611344402,0.528765592345852,2.00870690748273e-05,0.0109232034513846
" 9234",61,1.18928381439049,0.294597651457273,0.00538528742154709,0.0128301965856321
" 9283",38,1.16366539578015,0.472753196895336,0.000409971500075815,0.0120646131234565
" 9375",49,1.20833077654489,0.538790280491886,0.00083500830195775,0.0122399713403377
" 9023",51,1.20306756657453,0.499890417228227,0.00151950307938954,0.0128303614512793
" 8728",76,1.05184928948405,0.178010608948336,0.000519473925240672,0.0106971502327774
" 6901",50,1.20393864286665,0.541476805142195,0.000407600109976703,0.012318339420757
" 7044",29,1.05033172171118,0.390618481973978,0.000254157221210662,0.0110874689527678
" 8964",42,1.13814381733771,0.394873318868435,0.00180588330724107,0.0126284305738091
" 6871",13,0.836624623189117,0.230603965823026,0.000185944882477394,0.011087472480759
" 9012",74,1.09939930052184,0.272995253204973,0.000438567674800395,0.0109275308216697
" 8921",42,1.01768235299954,0.173790567592789,4.26850217840079e-05,0.0109763623250132
" 9249",72,1.01989538534411,0.0971961301412115,2.37139009911155e-06,0.00839667136989284
" 7116",44,1.04443602808205,0.454719306459939,7.70004314535045e-05,0.0113323386143835
" 7090",47,1.09465931195268,0.452456994542614,0.00160780248719763,0.012320462109998
" 7261",54,1.13041983270268,0.394428619313281,0.00123423879981994,0.0126443192976273
" 6974",37,0.986114784058515,0.410387145992193,0.00113017662252952,0.0130780617369499
" 6854",43,0.906202981830569,0.220355293253297,0.00125516283010622,0.0123067799291468
" 4822",37,0.964217303546152,0.338080592601937,0.00161714855405884,0.0129703728279119
" 8980",84,1.02011914773326,0.0945556585514157,3.01306036122409e-05,0.00846056062184302
" 9906",76,1.00122152775544,0.100882764659756,0.00011424520536308,0.00909407243071066
" 5339",40,1.02507644612555,0.290761095544114,0.00119629655823416,0.0122297733942046
" 1904",36,1.12672436341575,0.451184198478038,0.000591034108819744,0.0121501816347032
" 4082",54,1.01970175600018,0.195647442387307,0.000180644128138204,0.0112139916986124
" 7653",58,1.25122928893988,0.401367023751945,0.00476914447638381,0.0131379007326187
" 7954",65,1.07640642737954,0.286670895458741,0.000134611261508391,0.0112569037374039
" 9019",54,1.19112046014841,0.481704586048556,0.00070723222367621,0.0124251467424112
" 5338",32,0.917651273622845,0.269922387154107,0.00157976428661402,0.0122600264804914
" 4742",30,1.12468789936129,0.5034207612002,7.65819508477789e-05,0.0126276408945392
" 7941",40,1.04231139787075,0.250530351148783,0.000948835026715104,0.0117703865787088
" 8510",97,1.05499446646582,0.136908139388289,2.98516165417572e-05,0.00891975532317382
" 7933",49,0.963466227585312,0.181421029627948,0.00262526833325173,0.0125057619208956
" 6923",29,1.0017373223747,0.365285582708879,0.00369169641017572,0.0133256623458023
" 6712",86,1.06103081150939,0.188080778415562,9.76454746692992e-06,0.00870473720986979
" 9782",71,1.02103667077836,0.100460029292424,3.62683191628826e-06,0.00818198048284638
" 6913",19,0.677406475803683,0.220148789614438,0.00046521094003159,0.0121775107674958
" 5151",50,1.53490761862033,0.739376666550395,0.00409078741450267,0.0137141930173639
" 8971",87,1.02009865874671,0.0951817906370172,4.57538795593288e-05,0.00826065755956055
" 6720",78,1.00332154579468,0.181684842387432,0.000100993319515104,0.00914640162197809
" 4775",63,0.903848012446997,0.175101944852526,0.000262387339789931,0.0105254044106828
" 7241",43,1.02159312368131,0.194323330126895,0.000291123008049753,0.0113161598437598
" 7130",54,1.0703269203347,0.248055355137149,0.000842122472255085,0.0118821018501836
" 9520",56,1.06186926581458,0.125581011318981,0.000374540142124383,0.0112990591868359
"  874",45,1.07467530393478,0.364468169075163,0.00021872586325923,0.0104979947460686
" 9537",64,1.03385610249485,0.102969541954589,3.682629330385e-05,0.00862004101836667
" 7207",75,1.08271480414501,0.261056942028114,0.00327949301353603,0.0121751850372808
" 8632",67,1.027835199039,0.108859774513694,0.000183712985913524,0.00959070106176423
" 8497",27,0.924161752913886,0.328383660535831,0.00156623341369556,0.01262970955274
" 7861",52,1.26395956856638,0.545354806264548,0.00230610712461836,0.0132220094621923
" 4794",47,1.10310573614199,0.290893318487376,0.000222631682246002,0.0115282782752615
" 8989",71,1.02998661424466,0.109453692410414,1.11594828193485e-06,0.00894995985537225
" 1444",49,1.11987250786912,0.478745224774334,0.000455585886099902,0.0118959605692563
" 3456",47,1.1264610998822,0.522290875976867,0.00040285732977848,0.0118986574756346
" 5712",99,1.05851470120181,0.169221172229803,3.20835131056269e-06,0.00865038968178664
" 9313",43,1.13142563045599,0.384692917107769,0.0011707692412849,0.0128128642100498
" 8544",61,1.0173631815387,0.230519340543088,0.00102695140645054,0.0117251096887276
" 9176",52,1.17863707369472,0.481852878178565,0.00110855512456703,0.0124960308258412
" 9028",35,1.11608753248045,0.267953544280516,0.000546675164612834,0.0124366748533038
" 9478",46,0.969400004492649,0.409150418553962,0.0014593813657003,0.0128785311159463
"10038",82,1.00943871285809,0.104607438608969,0.000190408675605133,0.0102706029937906
" 8949",40,0.948212391047874,0.0952484814737713,0.00039155835342389,0.0103277103360845
" 9182",31,1.13975149321484,0.280774639829784,0.0012041081962077,0.0126275442674452
" 1410",42,1.08116498449808,0.472210220173182,0.000114663685968806,0.0118449667559484
" 5714",99,1.04613942907148,0.16613245327976,1.88316272576506e-05,0.0088046160276993
" 4828",92,1.04242228539244,0.187860434831914,0.000167392242290227,0.00895249037800687
" 6803",33,1.10072872985117,0.426389217385382,8.98338366957552e-05,0.0107805174385047
" 6956",28,1.02473226988805,0.407846561529303,5.035716622231e-05,0.0105335549344958
" 3161",52,1.38159865327132,0.605283146751424,0.00258300179207345,0.0131857624846606
" 8459",51,1.07053122660206,0.133523319521243,0.00134555464094294,0.0110787350331659
" 9045",94,1.03575239394602,0.103604575840225,6.13771555064166e-06,0.00868537117100801
" 8629",75,1.05754109257302,0.139008232595073,0.000147723653821125,0.010002790924639
" 7714",51,1.14532269662152,0.496046365075114,0.000393371769382034,0.0115799007373284
" 7257",46,1.07758942364402,0.368801671138201,0.000644599626352617,0.0124467265206446
" 4859",46,1.01163020582288,0.252410263832012,0.000371192297278579,0.0117721096457214
" 7756",63,1.55290606429968,0.6639429646172,0.00466075799950089,0.0132915335260859
" 7711",50,1.05140501753315,0.409975255544751,0.000436893752377493,0.0120589769678826
" 6774",35,1.2171068046788,0.408569749567566,0.00226593298646871,0.0128957735883796
" 8472",53,0.998397231265927,0.121023563204667,0.000157906681893781,0.0108493715288183
" 9131",33,1.0021958778191,0.21303839164811,0.000699141598632182,0.0115093458440169
" 8646",27,1.10508908219987,0.271675172195261,0.000772236211098915,0.0124780179655798
" 8993",29,0.922697514508936,0.231443128141328,0.000893316599688846,0.0121001124499682
" 9287",17,0.946954616346833,0.249779905153866,0.000539979474921225,0.0127600455245508
" 7242",29,1.2203042456257,0.546435154335677,0.000455725379635144,0.0124943343730456
" 7113",59,1.02262365299819,0.128896039186887,6.33300649998026e-05,0.00968027770211877
" 8701",58,1.09804906902191,0.285987968251363,4.22665411782824e-05,0.0114475388262324
" 6741",54,1.32903298476933,0.574752894991389,0.00129477899411491,0.0129607569488207
" 8523",13,0.266475116684269,0.061235997335106,0.000235883568093978,0.0105576628691634
" 7762",27,1.09715863557584,0.273085405830602,0.000122893804548075,0.0111985948584312
" 7964",41,1.16745590251314,0.403771627882221,0.000426850217840079,0.0122295448255783
" 6729",63,1.19101070073175,0.521352849590444,0.000227932436585193,0.0123322580869466
" 7108",30,1.10840934715523,0.285448514948819,0.000322927534084897,0.0113311869705507
" 9568",61,1.10382197295449,0.399224264664104,0.00037049482960237,0.0120689035702887
" 7970",76,1.0516428429592,0.162302836024195,8.87178884138204e-05,0.00970903314306206
" 7127",20,1.05794183743253,0.285919097666772,0.000402717836243238,0.0118560287947304
" 6931",25,1.19179380367027,0.34312002361927,0.000388071015042843,0.0121474177145006
" 7027",21,0.986207616983909,0.284469025520145,0.000507059000604147,0.0121922566608249
" 9638",66,1.02744800420858,0.100710538431376,0.00104759644966634,0.0108452026722027
" 8573",49,1.16064469521912,0.299702142207657,0.00174478513880513,0.0126358496501102
" 8931",69,1.00675518170503,0.20355806880853,0.000252483298787759,0.0102980661530868
" 7017",62,1.23949006052615,0.478638087442547,0.0018206696219767,0.012609180286751
" 7912",93,1.03885782643532,0.114276501337609,2.87356682598223e-05,0.00854556147033162
" 9636",63,1.11617175820942,0.456112126651535,0.000537747578357355,0.0123693745112436
" 7755",70,1.07163405307315,0.194178041708882,0.000513196716154788,0.0110775646748807
" 7028",50,0.974045408438199,0.164371045721088,0.00177658966484028,0.0119846840627199
" 9410",79,0.998784556553846,0.0950919173102994,0.00039909100432695,0.00996609017241109
" 9334",39,0.978057654660742,0.0946576863541484,8.41146017508392e-05,0.0105070529267295
" 9559",22,1.12024892954975,0.3646716529524,0.000890805716054492,0.0125232438292079
" 9404",62,1.20250716308918,0.504091781154414,0.000527983030890425,0.0113641537137763
" 9451",39,0.806320217140729,0.356461963459482,0.000498828882024877,0.0121162298973195
" 5061",26,1.06520022110703,0.44861566638602,0.000116616595462192,0.0117984234477555
" 9421",61,1.02173348346661,0.106811193067699,0.000393511262917276,0.010250887957539
" 7761",39,1.11038878323159,0.444775156061074,0.00081701363591155,0.0119516604902631
" 3051",53,1.3259894208806,0.572509402165994,0.00114091762474314,0.0131020038284173
" 4834",38,0.844262124603579,0.304262315575057,0.000662454798863574,0.011715520598703
" 4797",47,0.994639412391277,0.192713919199066,0.000492691166474235,0.0116401236927407
" 8976",93,1.02300200812332,0.0928143610325036,8.36961211451136e-07,0.00755246190659343
"11732",41,1.22356994197644,0.499998981281479,0.000137680119283712,0.0128617752384846
" 7213",32,1.22901431006526,0.53638832237963,0.000137122145142744,0.0122268331923053
" 7287",51,1.02411897825957,0.286525454202852,0.00153289445877276,0.0116970432924885
" 7708",28,0.963939862958343,0.253736875435984,0.00586598214399053,0.0135511890081516
" 9138",57,1.04066730597449,0.118026858497022,0.000652132277255677,0.0108205858713389
" 5329",39,1.34915374624635,0.674639930782036,0.000895409002717474,0.0130201151016084
"11736",47,1.15191498360605,0.454577906005897,0.000770283301605529,0.0127807721759115
" 9231",35,0.814607497680071,0.0926193641535219,0.00217540168209674,0.0112782521307633
" 9444",20,1.02904203291198,0.19255952365165,0.00457399302058046,0.0130462873053291
" 4593",52,1.11740456984603,0.501793082035319,0.000951066923278974,0.0130408023031215
"  909",35,1.02824363152199,0.318495071020057,0.00162356525667996,0.0108574893971668
" 8613",46,1.06063793211822,0.429894777078428,0.00179402635674551,0.0129447967018118
" 7104",60,1.01598689080123,0.112606007878535,0.000231977749107207,0.00927784361141207
" 9301",37,1.30205228731829,0.557427764597303,0.000897780392816585,0.0121024083759823
" 9323",38,1.02769046049274,0.396736656968603,0.000817432116517276,0.0125673068602369
" 9454",50,1.14003599919777,0.477327792801847,5.46814658148075e-05,0.010530366401646
" 7791",57,1.02157213620256,0.190146475489043,0.00131151821834393,0.0111792854700073
" 8935",58,1.15156715260283,0.521409546453035,0.000392674301705825,0.0115271825311804
" 6752",49,1.1907879952163,0.529869472550078,0.00020742688690464,0.0113057486869116
" 8704",47,1.06055530571896,0.27866309116019,0.000100016864768411,0.0114611434726997
"12592",38,1.22181219690818,0.573338496417386,0.00311558810962685,0.0138619361167532
" 8558",52,1.02786705157281,0.130649987341035,0.000674451242894374,0.010864569042102
" 7405",74,1.03446808164192,0.111193451074945,4.71488149117473e-05,0.00944375161434372
" 9325",34,0.891051838602795,0.320123142491405,0.000945347688334058,0.0126121167744974
" 1425",38,1.057992126661,0.393898805038075,0,0.010142691936283
" 8434",22,0.996752492040982,0.253499868623014,0.000172553503094176,0.0113095729393985
" 9269",30,1.12614038514815,0.474652324901154,0.000115500647180257,0.0115003299490962
" 8505",33,1.18832998727255,0.433469020071188,0.000854258409821126,0.0122482217997227
"10505",50,1.04548438002272,0.17707349053738,0.0026215020078002,0.0124451129722916
" 7698",37,0.981767346199295,0.378656162130589,0.000852166006792498,0.0122653368619048
" 3504",42,0.988983346873679,0.449001358211197,0.000280939979977098,0.0115622186938659
" 9298",78,1.02662017193053,0.096673788548475,1.14384698898322e-05,0.00861720861768341
" 6731",51,1.12851848959326,0.429402445261842,0.00062911584394077,0.0121024528531606
" 7871",24,1.12141736789393,0.300005592403966,0.000983568916990327,0.0118951694666004
" 9284",66,1.19189542378908,0.427118906267766,0.00110743917628509,0.0120712396021411
" 7041",43,1.10537947424722,0.40250699285465,0.000224863578809872,0.0110449113800422
" 7943",60,1.06821741398378,0.171398676650664,0.000534120746441067,0.0115651070684458
"11114",32,1.21460381620312,0.437887905964768,0.000914380123510366,0.012455107897166
" 7045",25,0.99649561637867,0.373761933454866,0.000206450432157947,0.0108729175057534
" 6903",46,1.37733756054746,0.65847710311885,0.00296786445580573,0.0131897552674166
" 7004",51,1.17819923775093,0.446517841036965,8.2301185792695e-06,0.0106115306010874
" 6867",49,1.26541134428856,0.54525510129314,0.00196002366368332,0.0129594159763648
" 7156",23,0.615906953806808,0.203540299089543,0.000221376240428825,0.0110319388602183
" 7051",37,0.871388308076847,0.363580295019993,0.000242160777179862,0.0118453298883776
" 7225",41,1.17951752445924,0.430551655989462,0.000990264606681936,0.0126350963210942
" 4014",50,1.04403514849244,0.46585084487685,0.000346641435076012,0.011191261515838
" 7093",19,0.678867688962902,0.171237702022632,0.000143817834834354,0.0105130738011181
" 6982",52,1.17475030176781,0.444216188332956,1.2554418171767e-05,0.0105911747279153
" 7402",11,0.337719927270282,0.0564862045844317,0.000111734321728727,0.0105846474326047
" 8715",47,1.05428248540834,0.265376929624325,0.00283492711672024,0.0131352228476633
" 8052",41,1.13442301719524,0.496383899535463,0.000282474408864758,0.0114237686573161
" 2964",40,1.18627941279585,0.578926619650118,0.000620327751220534,0.0130419904823348
" 6998",50,1.18220881837125,0.446686880442549,2.2318965638697e-06,0.0106153485308826
" 6745",46,1.00020489476311,0.229527180519734,0.000723971447905233,0.0115766613228477
" 7174",38,0.867085704609095,0.226184127081572,0.00174311121638223,0.0122359836182533
" 7038",73,1.03623384454981,0.157455031879777,0.000138098599889437,0.00917008615252563
" 7101",25,1.27462020481053,0.384510705509765,0.00232814710318658,0.0125720320014742
" 7204",23,0.954315127414954,0.278941985479037,0.00102555647109813,0.0125415636536623
" 6906",48,1.0976633950735,0.210882144730887,2.09240302862784e-05,0.0105940497116647
" 6962",47,1.0364233923032,0.218083539786293,5.18915951099704e-05,0.0103245483672778
" 8608",39,1.19994701648207,0.521451145688496,0.00135155286295834,0.0129193099131355
" 7387",43,1.11507974547952,0.264085290767122,0.00037956190939309,0.0113085143857627
" 7445",68,1.28392928837711,0.462987959459755,0.000238533945263574,0.011642642516167
" 7678",65,0.943361287158681,0.25445856099649,0.000183294505307799,0.0109918157290738
" 6898",45,1.0691670444176,0.198021375629863,0.000756752428687069,0.0110577864190855
" 7066",87,1.05729919111281,0.187649803562269,6.62594292398816e-05,0.00916047301434544
" 7988",30,0.823314269063476,0.259145576848423,0.00125516283010622,0.0128835388547314
" 7188",45,1.19621766068864,0.383335292045405,0.00109376880983139,0.0124791677107657
" 7894",37,1.08292969957708,0.324580434015317,0.00116142317442369,0.0128362354891101
" 7210",36,1.05111685774617,0.225848292281616,0.00116560798048095,0.0108940349891588
" 7100",24,1.04221864084901,0.272269155375192,0.00320849080409793,0.0133513929768696
" 8968",61,1.04412673637711,0.149254724537786,0.000272012393721619,0.0105843111480097
" 6744",42,0.933141047848923,0.285992015538398,0.000603867514061995,0.0115643841130045
" 7448",63,1.22988793072975,0.453159881629409,0.000768190898576901,0.0119689803641348
" 8694",96,1.02451963207341,0.0956254049864004,1.53442888766042e-06,0.00700323982043902
" 8387",42,1.1171106254575,0.470929171631873,0.000705279314182824,0.0125756764498004
" 9778",56,1.0296076718066,0.117069597710807,0.00118332365945666,0.00979974172806635
" 9522",69,1.26949394915383,0.519202907087548,0.00151057549313406,0.0123023426861141
" 8579",58,1.13926821955793,0.477574617764351,0.000155395798259428,0.0110259406182151
" 8934",52,1.23439098103045,0.190297878104767,0.00282558104985903,0.0119122682999644
" 8977",83,1.02182207977148,0.0945833875653768,1.17174569603159e-05,0.00845005114747054
" 9499",42,1.02793089564653,0.117099304273047,0.00124958308869655,0.0112290155325196
" 8548",36,1.075591723231,0.355855892183498,3.45943967399803e-05,0.0102464002360233
" 7725",35,1.12644119240597,0.377227615032369,0.000258202533732675,0.0118238230259633
" 7697",68,0.983217654159604,0.15172821875715,0.000303258945615795,0.0105346110308202
" 9185",50,1.15375903318751,0.495039521889482,0.000311628557730306,0.0117126907928172
" 9403",37,1.128645829287,0.455931981099783,0.00112571282940178,0.0126018459851626
" 9479",38,1.0443432602082,0.443608267819841,0.000935304153796644,0.012212149421466
" 8984",78,1.01257078045147,0.0926512639374477,0.000151489979272656,0.00852408349105228
" 9011",19,0.908044367094411,0.131556206037393,0.00177421827474117,0.0124907345149082
" 9597",24,0.639994102461652,0.176606088982819,0.00196448745681106,0.0128478226594352
" 7771",35,1.21542996418819,0.389645817245879,0.000584338419128135,0.0117201794869955
" 8541",36,1.07010209162396,0.350850365485562,0,0.0100772683064026
" 8499",27,0.942247836465564,0.360402710471623,0.000556579205615005,0.0120249794379169
"15168",41,1.28959897101698,0.58889307249972,0.00169024316652557,0.0131675043963309
" 4313",18,0.371384819082426,0.146551079706867,0.000207008406298914,0.0119442841129963
" 7866",76,1.01810393709964,0.0930057703364422,9.34606686120435e-06,0.0082142421941492
" 7793",22,0.620448982999387,0.244843933487712,0.000514312664436723,0.0119288411539493
"15131",38,1.28236689252529,0.588621710179921,0.00089066622251925,0.0130793893269295
" 8524",45,1.03346797086347,0.21139419266243,0.000238394451728332,0.0100701034544271
" 8692",50,1.05941578370157,0.238881845405076,0.000473162071540376,0.0108120433801703
" 7470",54,1.3570847104852,0.594165088481995,0.00227988233999289,0.0131329059254091
" 9297",90,1.02933037072868,0.0989230902240441,2.78987070483712e-06,0.00846501419172408
" 8063",28,1.02825102357903,0.247441533390773,0.00378445961111155,0.0130171370024313
"12544",60,1.40299304925189,0.565054691519181,0.00150485625818914,0.013389670269962
" 6797",30,1.03800102456398,0.380145260355693,0.000201707651959724,0.0108854574184027
" 6858",30,0.903796610046347,0.341692528685747,0.000543606306837513,0.0113564884790237
" 7074",56,1.03431354959393,0.218696986809914,0.0010961401999305,0.0114364270039153
" 8796",58,1.28125621035252,0.486720916653057,0.00121959197861955,0.0122673008157879
" 7935",94,1.04188114264122,0.153326008484572,0.000530493914524778,0.0096982980559677
" 1740",41,1.10154258766638,0.367013343781267,0.000425734269558144,0.0107935310412161
" 5051",40,1.25753026556645,0.503715994503614,0.000905592030790129,0.0118859095545598
" 4873",50,1.18236505119055,0.413577313446949,0.00355792210987878,0.0139003712595941
" 7376",36,1.2565484877609,0.522649395495125,0.00793746114233209,0.0140590428735141
" 6855",55,1.01483846789252,0.295681589447094,0.000989288151935243,0.0126280160742768
" 8951",61,1.23006975223166,0.524133331526188,0.000638182923731491,0.0122849428889793
" 7946",51,1.1690890447001,0.338500384094608,0.000454190950747483,0.0108706378630909
" 9013",74,1.13468831645013,0.286818065825399,0.000396719614227838,0.0114836762010823
" 9271",36,1.20678910564883,0.516468217713489,0.000203800054988352,0.011662859189558
" 9070",40,1.1546795468496,0.338938920983542,0.00198750389012596,0.0128837439318817
" 6899",48,1.17150922068828,0.545186582924132,0.000839890575691215,0.0127890161395544
" 8609",58,1.0833791339152,0.310668285325561,0.000391000379282922,0.0112607091576123
" 8946",95,1.02546619800708,0.0972176159225421,5.85872848015795e-06,0.0074548823838756
" 8652",75,0.998495058540999,0.102209663616196,0.000737223333753209,0.0105348199988612
" 5081",35,1.09422906880923,0.460645873251156,6.54224680284305e-05,0.0117545557797639
" 9226",35,1.02797191295053,0.313887322977992,0.00386313396498796,0.013063800641949
" 7054",29,1.07139433997461,0.271537310469763,0.00143022721683475,0.0123863731332578
" 6358",63,1.23088314115351,0.442187666547555,0.0017410188133536,0.0125528171156502
" 3151",47,1.20423162017092,0.476101541676577,0.00250614085415518,0.0120895323226504
" 6894",59,0.830441516451884,0.178146034026994,0.000480136748302468,0.0114351663918064
" 8610",53,1.08829680384889,0.304793116538371,5.09151403632774e-05,0.0108193899129935
" 3089",56,1.35318447906297,0.551651655679283,0.00170684289721935,0.0132488215688144
" 8960",59,1.15166846244112,0.294021688679611,0.00110283588962211,0.0114043712381918
" 8945",51,1.00446586522503,0.373855735469775,0.000284706305428628,0.0118971056447457
" 6960",59,1.05252764478706,0.290469666770893,0.00128654887553564,0.0122239688987754
" 4851",48,1.16545197722635,0.507351956331556,0.000308280712884502,0.0118344006693106
" 8516",39,1.00339102688036,0.214434899531693,6.37485456055282e-05,0.010148564845423
"13788",15,0.823654414059741,0.125826545881669,0.000174785399658046,0.0116881459795672
"14043",17,0.909161477479218,0.152926544980521,0.00135671412376229,0.0118707446457282
" 9543",50,1.21379145933059,0.527081699469733,0.00134653109568964,0.0124057560186444
" 4192",36,1.09786584278132,0.336164779720777,0.00174883045132715,0.012694192415376
" 7133",11,0.412169021582128,0.160305096877344,0.000441636532575716,0.0126335884867067
"  861",22,0.653683377157731,0.203521026831977,4.42194506716683e-05,0.0096595018970609
" 8411",41,1.22818955253391,0.467010361431221,0.000826638689843239,0.0124840582560289
" 8981",85,1.01132145233087,0.0937301910472302,0.000131821390803554,0.00864107818902959
" 8626",23,1.12408075407848,0.245448916969339,0.00119936541600948,0.0108406222028271
" 5773",43,1.16016860801719,0.445969314612478,0.00209268201569832,0.0126738655348957
" 9141",59,1.23163301974106,0.614426591905002,0.000367146984756565,0.0129651777538449
"  955",53,1.22846604403071,0.480683205875888,0.00113059510313524,0.0117668378915569
" 7680",40,1.04598767308473,0.352824553358017,1.39493535241856e-07,0.0101572802813475
" 8706",29,1.21703068572077,0.436909002001878,0.00103294962846594,0.0124759622321577
" 9390",59,1.18517259894689,0.510786157765304,0.000560485024601777,0.0122271828096808
" 9649",34,1.03810674871108,0.15586944974591,0.00428524140262982,0.0122249651932516
" 5769",47,1.34876868523071,0.58651270348307,0.00193617026915696,0.0125541103593779
" 3116",42,1.22405379643101,0.504856838691288,0.00112627080354275,0.0124563103617084
" 7030",55,1.23075030283234,0.534157002722126,9.9737877697927e-05,0.0113393508380671
" 9541",65,0.99723062765432,0.098795819344993,0.000198917781254887,0.0089448077313926
" 6959",52,1.19974580626527,0.491123694595057,0.000137819612818954,0.0108998293027592
" 7918",27,1.14406281884533,0.294211432194722,0.00018943222085844,0.0109361731620356
" 8627",42,1.11663500246012,0.298556563973273,0.000119406466167029,0.0106034556956011
" 8599",82,1.033100877451,0.113261863899303,2.17609914977295e-05,0.00881128952577923
" 7443",72,1.02370917925321,0.102795063258017,6.52829744931886e-05,0.00931076553177917
" 9538",36,1.19149337421461,0.386352777042478,0.00276169301071826,0.0129013631193353
" 9723",29,1.04898552844425,0.182992684076273,0.00489231726800237,0.0128054899503847
" 5764",44,1.18547689666064,0.504780848187761,0.00175538664748352,0.0125249632753091
" 5235",56,1.26188053894415,0.535857244749341,0.00342805362856861,0.0137567305586132
" 6897",66,1.06132625161482,0.204576430929681,0.000217609914977295,0.0100269586813675
" 6957",36,1.00270490297576,0.400205356515752,0.000175761854404739,0.0106088678174394
" 7758",35,0.703766554166555,0.172460701448055,0.000822872364391708,0.0121868820517855
" 9142",33,1.15297451962356,0.444429891513563,0.00221376240428825,0.0132998549840161
" 5768",28,0.940017156827089,0.44248527744398,0.0011184591655692,0.0130196254821611
" 6737",49,1.20734731448321,0.5098893280191,0.000176459322080948,0.0123210914490641
" 7908",27,1.04449500060669,0.256004101166756,0.000139214548171372,0.0104931370617306
" 7569",24,1.04976008449839,0.262783251217488,0.000121917349801382,0.0108164472851416
" 7205",76,0.996808870468825,0.214435311376729,0.000332831575087068,0.0112399836560941
" 8181",58,1.22102717668951,0.487236058923209,0.000991520048499112,0.0125187722712297
" 8557",47,0.885306911738483,0.331719814484033,0.00087560092071313,0.0126134911957059
" 7936",38,1.31155382684405,0.510867514351997,0.00335105319711511,0.0133692301072522
" 7462",36,0.950173631404011,0.187530005350291,0.000569552104392498,0.0112214671827213
" 8954",42,1.06843777946726,0.241438993612325,0.000608470800724976,0.0119533509116372
"16431",27,0.935764736274086,0.203848088423622,0.00129059418805765,0.0123611081121096
" 5765",37,1.09841796652703,0.486273579027633,0.000865696879710958,0.0126387322484894
" 9151",28,0.651818416047855,0.115466652974279,0.000733038527695953,0.0115701939892646
" 9119",52,1.05608776973093,0.309302206020635,3.33389549228036e-05,0.0110694391471516
" 7974",29,0.402952855850733,0.109109600605384,0.000359335346783021,0.0113628355843778
" 5774",45,1.29446618351333,0.64537935672833,0.00047427801982231,0.0125830122962216
" 1497",31,1.02887214979644,0.325421273390028,2.78987070483712e-05,0.00954550702461036
" 9296",71,1.0130850006258,0.097251248111703,7.68609379182626e-05,0.00918683633707544
" 9158",44,0.961206498348389,0.328566458204699,0.00350756494365647,0.0131082112112022
" 6823",42,1.05824969729602,0.389011309382826,0.000815897687629616,0.0124998928883143
" 8570",42,1.03800222417281,0.181412527060436,0.000804459217739783,0.0107930743298719
" 7931",41,1.10305316328737,0.415040964252875,0.00351426063334808,0.0132685169299804
" 7862",31,0.885804300912397,0.211572783914456,0.00266223412009082,0.0131716149210203
" 9602",32,0.670239153658191,0.211109303887548,0.000409692513005331,0.0121115069718497
" 3700",55,1.12814887371882,0.512302464567139,0.000139912015847582,0.0110288013190488
" 5091",29,1.1630762750995,0.463686915939143,4.12900864315894e-05,0.0119897526420418
" 7179",56,0.991437990463915,0.238062463912311,0.0010944662775076,0.0119675449602096
" 9118",42,1.15842044562091,0.336896664404988,0.000709743107310563,0.0118228255900254
" 5783",47,1.2890500985197,0.636968306400728,0.00101621040423692,0.0126581016516501
"  742",32,1.16667814559693,0.465060832705023,0.000357242943754393,0.0117652328173565
" 8554",43,1.11212733258246,0.489432958827326,0.000555742244403554,0.0122793736914737
" 9246",78,1.01500928386936,0.0964905068281706,5.30075433919053e-06,0.00844105508855376
" 7869",54,1.20975213362537,0.347933769725511,0.00546898354269221,0.0136269935430547
" 8551",47,1.11064494611162,0.280610995382292,0.0002886121244154,0.0111457638081129
" 8561",53,0.98066246575837,0.157474016842821,0.00103253114786022,0.0121289897499855
" 7110",45,1.09827749057229,0.468817770836926,0.000933909218444226,0.0117267443586431
" 5759",34,0.97676676436169,0.434526761985911,0.00184494149710879,0.0131190664762295
" 6515",43,1.40965212306472,0.58083011178265,0.00377232367354551,0.0133005035667534
" 7111",42,0.929442897277659,0.352584883819729,0.00069523577964541,0.011848975516994
" 6990",42,1.06418637853177,0.412906187993643,0.000173250970770385,0.0109092787578817
" 8950",56,1.30619740298196,0.561612935999789,0.00142576342370701,0.0124534672781595
" 9433",27,1.06679022285773,0.228703599008866,0.000454051457212241,0.0122511640922341
" 8928",11,0.945849319409285,0.281073011901481,0.000687005661066141,0.0114751099252367
" 9453",55,1.16272379145223,0.480011923098862,2.69222523016782e-05,0.0105319923508105
" 8145",51,1.11349323264526,0.489360091130355,0.0001593016172462,0.010846003261595
" 5962",73,1.13247746547981,0.300723948887124,7.97903021583416e-05,0.0106459661276676
" 7925",75,1.05736315363314,0.243060535390498,3.62683191628826e-05,0.0102119841964569
" 9510",29,0.812043804053252,0.313129186915265,0.00185721692821007,0.0132214556599181
" 7421",37,1.16691307624331,0.590360213433216,0.000383886208985588,0.0116825395595764
" 3530",52,1.1585285858386,0.466315182277921,0.002522182610708,0.0130776684170512
" 8913",33,1.11245477811144,0.284547498141812,0.000388907976254294,0.0107448100782018
" 8512",45,1.04436428454807,0.234891367395858,0.000376214064547286,0.0104680137189095
" 5966",76,1.13510618698428,0.30097363649902,1.5483782411846e-05,0.0106493367139245
" 7159",38,0.756082450761794,0.292438023717669,0.00106963642823455,0.0118132479941257
" 8236",53,1.07421992980987,0.445556208382345,0.000128055065352024,0.0117874627314562
" 7926",66,1.04858041503153,0.234227473023066,6.65384163103653e-05,0.0102801275303511
" 8929",38,1.25264979134493,0.395322593347927,0.00287817011264521,0.0130779234160089
"11730",39,1.18767275437517,0.486374980656185,0.00128096913412596,0.0130311144579033
" 8589",53,1.22292997249257,0.349041037716815,0.000395743159481145,0.0111792651122235
" 9395",57,1.45689162057355,0.563986580516998,0.00862893059652597,0.0138659486705939
" 9293",83,1.03203899650763,0.0967745508958314,2.65037716959526e-06,0.00830353830494213
" 9539",72,1.02130459702772,0.0984256478726843,4.18480605725568e-06,0.00802566139301955
" 8687",30,0.99730897790012,0.22093206008121,0.00165927560170188,0.012561085338691
" 9871",55,0.994626221071697,0.110613366215015,0.000155535291794669,0.0100775727144436
" 1022",48,1.06627891497714,0.442876022959124,0.000972269940635736,0.0127436247888682
" 6713",79,1.04529900182548,0.198798144671342,0.000359056359712537,0.00964823216418415
"11726",33,1.06100434066857,0.452173342063345,0.000787162019369793,0.0131793907653336
" 8440",24,1.05180831910768,0.266208569665284,0.000173111477235143,0.0114776973830994
" 8927",41,1.12008226290464,0.347592222028853,0.00183782732681145,0.011841180935107
"12606",31,1.08999065982245,0.3871838496662,0.0033880189839542,0.0137466289007721
" 7920",36,1.19083327600712,0.408318637586737,0.00158729693751708,0.0128284074677838
" 7712",50,1.28058080209088,0.489918686418067,0.000343014603159724,0.0121053332593494
" 8893",55,1.07283651108473,0.434733822599913,0.000619490790009082,0.0122081391028407
" 9210",38,1.15316384069199,0.422638347948948,8.02087827640672e-05,0.0122486169489447
" 6953",61,1.02914891980803,0.176499684467685,0.000381096338280751,0.0102901421135863
" 7185",74,1.0859522031672,0.232443529969231,3.57103450219151e-05,0.0101358079816871
" 8985",77,1.00517342889424,0.091670495076465,8.27196663984206e-05,0.00827860471595145
" 4766",48,1.25369867740251,0.48247122388663,0.00165355636675696,0.0130015808784555
"12537",61,1.44633695494016,0.638432259090088,0.00432220718946891,0.013920928640223
" 8953",41,1.22662507246082,0.432206909627109,0.00267520701886831,0.0127586875447102
" 9317",36,0.995747205957947,0.265998252845625,0.000562716921165647,0.012242590163147
" 9372",30,1.02304035377017,0.418247799805963,0.00206854963410148,0.0132620854742593
" 7786",45,0.97206336915556,0.365260209986968,0.0012221028622539,0.0128473855923985
" 9098",35,1.14349491680452,0.408439533967677,0.00116616595462192,0.0127282829361061
" 8683",61,1.42474684314794,0.603289105029628,0.00206031951552221,0.0133035266746096
" 9080",47,1.17058080633954,0.392598861773807,0.00532628165613979,0.0138719938460188
" 6947",46,1.33926949445985,0.500147000647098,0.000999750167078382,0.0128642861311822
"15983",32,0.861910208102698,0.282988803381972,0.00233386633813149,0.012727776265803
" 9000",65,1.0250350471456,0.10844665809651,2.65037716959526e-05,0.00903758504741618
" 6973",52,0.869352021952658,0.358445275938546,0.00011577963425074,0.011612542370699
" 4879",51,1.40304385389939,0.587553887011363,0.00672233295684028,0.0144070787637296
" 9473",29,1.09247124851244,0.303624395611646,0.00347185459863455,0.0129619539832882
" 6742",55,1.22538608570317,0.522023668248737,0.00118653201076723,0.0125372192753283
" 8409",41,1.12514778955543,0.368235263830533,0.000349710292851333,0.0107501434773408
" 6896",57,1.05101156570799,0.166091818835805,0.00018259703763159,0.00991974300952264
" 7175",45,1.16981037536801,0.393121176145864,0.00278819678241422,0.0132409697726921
" 7107",32,1.11937488673944,0.314337905251727,0.00249260998123672,0.013285931057057
" 7905",52,1.15143352886578,0.381759731362009,3.80817351210267e-05,0.0112395416325995
" 8577",47,0.982998501439447,0.157239356356164,0.000254715195351629,0.0102998212858288
" 4733",21,0.825814072995848,0.36051756023067,0.000491435724657059,0.0122040597842541
" 8475",28,1.06196070575137,0.263441857677632,0.00129533696825587,0.011435267442935
" 9046",70,1.01796668596287,0.108440355834877,3.08280712884502e-05,0.0101487033656983
" 8678",35,1.10770386014129,0.347314553022896,0.000137401132213228,0.0106519885499143
" 6321",35,0.555521455767328,0.129215205441587,0.000865557386175716,0.0118593769420012
" 6342",23,0.910022944086028,0.174912623058033,0.00191120092634867,0.013068023969654
" 4776",49,1.15740392192284,0.509984330342435,0.000144515302510563,0.0109211031961498
" 6040",86,1.11586236167952,0.257275727369882,2.09240302862784e-06,0.00998933631012181
" 6821",62,1.01214258445499,0.201235117403845,0.00159859591387167,0.0120390848061914
" 7906",44,1.15095278556743,0.38216258529813,0.000111176347587759,0.0112642844842829
" 8641",56,1.04573177194865,0.252277693895806,0.000523798224833169,0.0116824671871154
" 9130",49,1.13043541018478,0.509727137818972,1.06015086783811e-05,0.0105698492771708
" 9259",66,1.02079964384799,0.0977355901655837,8.09062504402765e-06,0.00858500947425681
" 6273",27,0.701925623266011,0.166618587948485,0.00388405799527424,0.0136696558099863
" 1910",45,1.14697402043038,0.461009450084881,0.000816037181164857,0.0127304626207682
" 8217",45,1.27394370805876,0.626086578261368,0.000751312180812636,0.0126479102669563
" 8972",81,1.01487001567348,0.0934430613316824,1.2554418171767e-06,0.00796734412933459
" 7635",58,1.18005766134923,0.53861743383046,0.000133355819691214,0.0117774358200442
" 8705",37,1.0560693777649,0.355940012790983,0.0019406340622847,0.0123701802621981
" 7233",30,1.05736885616536,0.321435112800779,0.000859280177089833,0.0113635877187403
" 7296",60,1.24183923551891,0.452132908848952,0.00212058072274669,0.0129965486342163
" 8580",52,1.17183648488797,0.486651384237521,0.000184968427730701,0.0110037853165686
" 9145",64,1.44050265337235,0.690456821032853,0.00142520544956604,0.0131312185767415
" 6043",88,1.11469118607236,0.255714425126575,2.2318965638697e-06,0.00997729433262568
" 6983",48,0.861678032058034,0.259054593414944,0.000933072257232775,0.0122238795838086
" 8194",42,1.28292570766341,0.647999754210044,0.000818548064799211,0.0126553294030797
" 4472",33,1.11853537600844,0.546061263584784,0.000444844883886279,0.0121511363646145
" 9143",52,1.24730902762299,0.650470167371453,0.000959855015999211,0.0131049896579031
" 6740",40,1.11799217790994,0.484532025185023,0.000506082545857453,0.0125398568323563
" 7684",48,1.07303350019996,0.392467292640116,0.00367900249846871,0.0139290157500573
" 7728",40,1.15739061861315,0.386450182442844,0.00055239439955775,0.0118818285821819
" 9864",77,1.01474251880414,0.131030137766204,0.000296563255924186,0.0102725143603722
" 9779",72,1.02670935764361,0.0994332809795965,3.4873383810464e-06,0.00794528511493543
" 9029",33,1.13470229323969,0.318369312999745,0.00358609980399763,0.0129980065319515
" 8486",64,1.31769715818806,0.537385408801974,0.0021256024900154,0.0130285634835313
" 8002",51,1.12749428934973,0.509352464412895,0.00110464930558026,0.0128470532521727
" 7417",33,1.1212655388128,0.559898586355928,0.00016083604613386,0.0115679812937236
" 3145",48,1.31077852040711,0.566067583151092,0.00276071655597157,0.0136087688671492
" 6068",42,0.84790635252295,0.173356729709497,0.00289993110414294,0.0128173781494985
" 7244",34,0.775894182066484,0.267175663728358,0.00114398648251846,0.011703027221314
" 1000",41,0.715939331960996,0.314609699035321,0.000416806683302666,0.0126898922095117
" 7430",23,1.01801391104335,0.52273295366442,8.24406793279369e-05,0.0116480223109796
" 8201",44,1.16140868757538,0.589243508034123,0.000432011478644028,0.0120185448330203
" 9252",73,1.01602729197171,0.0952885369479567,9.34606686120435e-06,0.00837074083003872
" 9786",65,1.01275240658064,0.0988238650220616,1.17174569603159e-05,0.00802987229447949
" 8590",50,0.997928603260276,0.0992787410847393,0.000286101240781047,0.010011734149402
" 9077",26,1.04581625717167,0.341737504431336,0.000283450863611451,0.0123740395945908
" 7143",35,0.874249053804162,0.327158614528626,0.000295307814107009,0.0126997937503206
" 7463",70,1.03361506185247,0.151622320964023,7.65819508477789e-05,0.00945248700771752
" 7797",29,1.05634808113098,0.391895252477702,4.60328666298125e-06,0.0107914912553688
" 8734",54,1.04161990640337,0.112564734423552,0.00105652403592182,0.0110342000485692
"17090",41,1.0415868044095,0.225682040946041,0.00143329607461007,0.0123609323887866
" 6801",33,1.02585840353314,0.388260716214813,1.39493535241856e-06,0.0103611235060762
" 9488",42,0.930552148101801,0.250747013552061,0.00467679975605371,0.0130648258914132
" 7566",77,1.06735424963327,0.209735662578133,0.000276755173919842,0.0092666983801511
" 9540",65,1.02745354690468,0.102131663111534,2.2318965638697e-05,0.00816408770281428
" 9275",38,1.17545083774031,0.497550502307222,0.00029991110076999,0.0116727835528585
" 9112",50,1.00368018480025,0.186565422308201,0.000125962662323396,0.0101512206169551
" 7498",18,0.530500589223706,0.104715241703595,0.00107382123429181,0.012787807898296
" 7562",29,0.720902729298322,0.149162590186515,0.0012554418171767,0.0126297592965938
" 5062",26,1.13804619984302,0.466188332532166,0.000101969774261797,0.0120175053348613
" 8762",72,1.05128592505972,0.190237737767399,1.81341595814413e-06,0.00852491343715586
" 7685",45,1.06548956182921,0.286689303795091,0.00298097684811846,0.0128960937194176
" 7491",28,0.850681123328168,0.155314107467238,0.00399021257559329,0.0131133655043678
" 7606",32,0.913131723254021,0.150757965578957,0.00279503196564107,0.0133169907505644
" 7494",27,0.438764402885125,0.0810438115030018,0.000153163901695558,0.0106963771385474
" 8764",68,1.05198088014051,0.192544530797663,4.49169183478776e-05,0.00918046934323308
" 7535",84,1.04668743608934,0.18193175093485,2.09240302862784e-06,0.00789660155763434
" 8492",44,1.11809978225632,0.475128318118078,0.0014550570661078,0.0131708282316841
" 9157",35,1.04970701133782,0.208858392351016,0.00454093305272814,0.0129683497572694
" 9133",55,1.2827534311522,0.388887819839563,0.00214234171424442,0.0129180126843059
" 7489",25,0.730822169804839,0.139948851530131,0.000384304689591313,0.0117012853230339
" 7556",18,0.849971849980071,0.149798696108348,0.00343991057906417,0.0133234424654552
" 7496",33,0.441657545476908,0.0734390324338384,0.000463258030538204,0.0112998657836729
" 7481",29,0.818565575498974,0.148263744533503,0.000943534272375914,0.0118985189204889
" 6758",47,1.08538427570209,0.491838963090731,0.000351942189415203,0.0113024668279045
" 8746",41,1.1265840987208,0.364682956537791,0.000267688094129122,0.0112545750951548
" 6995",41,1.17832519697052,0.441982776068435,0.000666221124315104,0.0117649743488582
" 7053",56,1.20935838529664,0.490286484841199,0.000399369991397434,0.0121890237306942
" 7234",54,1.22944043488744,0.491052519136155,0.000662315305328332,0.0123573681546218
" 7596",19,0.606356315520697,0.112585428069888,0.00125167549172517,0.0129351616203195
" 1427",39,1.08164142696653,0.4460177107541,0.000245927102631392,0.0110093309829124
" 7533",82,1.04611494429219,0.181627417095283,1.32518858479763e-05,0.00794736684684972
" 6988",40,1.10721557090037,0.366764377751625,0.00102430102928095,0.0123235449760473
" 4836",87,1.08792512639616,0.235934879119163,0.000400346446144127,0.0106936047281071
" 6684",72,1.07252374146464,0.213683935181311,5.57974140967424e-07,0.00936257757320788
" 8744",43,1.11591798659949,0.363629784503804,0.000540676942597434,0.0113713614220351
" 8959",48,1.17609452427651,0.521553375765415,0.00033143663973465,0.0116596757438759
" 9134",32,1.05235336126034,0.296703146089682,0.00271872900186377,0.0126793206571214
" 9800",29,1.12245288487083,0.292742567228534,0.00187800146496111,0.0121215829815223
" 7548",87,1.02093822363007,0.184153462113807,1.65997306937809e-05,0.00782317598631863
" 7506",80,1.00791327064525,0.17401630045126,1.59022630175716e-05,0.0082523888718777
" 6682",74,1.06180203729599,0.213702645645065,1.96685884691017e-05,0.00942126945424825
" 9260",79,1.02621524956988,0.102022759227755,1.78551725109576e-05,0.00842350678924273
" 8909",60,1.3028415780953,0.479853381701238,0.00117788341158223,0.0124325983625706
" 8514",40,1.04319704782353,0.243320610972571,0.00113352446737532,0.0106860041812359
" 6113",63,1.10886924664622,0.357260525288358,0.00113408244151629,0.0121920773035859
" 6685",75,1.06795273903183,0.21403485402248,3.06885777532083e-06,0.0092991526175852
"10190",21,1.15578573270631,0.305813710434776,0.000217470421442053,0.0119566355569628
" 6675",74,0.978861596004207,0.200926141763997,8.94153560900297e-05,0.010181990688907
" 9257",56,1.02622833479674,0.10057781663267,9.90404100217177e-06,0.00919385191744095
" 6999",35,1.18506260897039,0.446644902520299,3.64078126981244e-05,0.010669414808603
" 6943",14,0.436020905759137,0.18829386259297,3.37574355285292e-05,0.0121118934358269
" 8532",43,0.981207458211074,0.434766463331303,0.000787162019369793,0.012876379150066
" 9472",64,1.44957334697366,0.49817045475609,0.00337309317568332,0.0134233479922434
" 9111",68,1.18023030491653,0.509590199585212,2.70617458369201e-05,0.0106556477925861
" 9062",49,0.915465102468764,0.368758416066074,0.000210495744679961,0.0110551557411625
" 9535",75,1.02919866469959,0.100460495560944,1.81341595814413e-06,0.00871205629684755
" 6986",28,0.877701169289315,0.324929310380768,0.000445542351562488,0.0111163006902647
" 9788",62,1.02934963711565,0.108470581984508,3.3896929063771e-05,0.00880989553514964
" 3142",38,1.1525449474962,0.531788467625835,0.00208863670317631,0.0133753903415207
" 7026",34,1.06119871343536,0.154505714376898,0.000540258461991708,0.012262236626083
" 8628",24,0.991713226780097,0.235230728456433,0.000240626348292202,0.0106429603726018
" 9595",40,1.15072697032944,0.37482927754946,0.00442905923746417,0.0129628024450132
" 9438",32,1.17198364733819,0.416221238202162,0,0.0123831321777932
" 8186",51,1.15720211230532,0.581481577142653,0.000496457491925765,0.0118622250732243
" 8533",33,1.07352833426923,0.356935683176735,4.10110993611057e-05,0.0104372617440779
" 7410",35,1.16920905531694,0.578928950818384,0.000712114497409675,0.0118545962979734
"10245",41,1.04676987493305,0.201173081987558,0.00160626805830997,0.0119121383974818
" 7034",29,1.06512313906766,0.425668977905993,0.000241184322433169,0.0110260600913003
" 8697",25,0.952157485116728,0.353864262488047,0.00023225673617769,0.0121963085616756
"11163",11,0.732076065841224,0.208192720340042,0.00217177485018046,0.0125594200647935
" 2909",48,1.31620782394155,0.621030819708092,0.00135266881124028,0.0133289131934899
" 6779",17,0.778371749280404,0.22305092580847,0.00276392490728213,0.0127156714287801
" 7681",59,1.01831935033413,0.117311274302736,4.12900864315894e-05,0.00982101288200539
" 7220",64,1.03231542961753,0.105350100490002,3.4873383810464e-06,0.00950099506766207
" 7969",70,1.0349069785047,0.108588861600558,0.000256389117774531,0.0100044937302107
" 9434",38,1.14140904603567,0.425728976295908,0.000523379744227444,0.0124649100757621
" 9155",55,1.14567912098559,0.512741944880724,0.00010224876133228,0.0109591603862508
" 8752",57,1.02725566039119,0.114164380573404,2.58063040197434e-05,0.010506592472766
" 7854",19,1.01830042401286,0.195733583983863,0.00358875018116723,0.012779439415161
" 8546",33,1.0827423468106,0.359549542425158,1.39493535241856e-07,0.0103744713768618
" 6866",52,0.878396087332869,0.155233473961404,0.00078995189007463,0.0112241212238242
" 7235",53,1.04570931912,0.125228448031146,0.000109083944559131,0.0102042746823374
" 7843",42,1.10195141238364,0.234270748550442,0.000851747526186773,0.012364361034707
" 9171",57,1.09167496915838,0.312101731178799,1.03225216078973e-05,0.0101231966345501
"  927",36,0.866839126678037,0.273126116626331,0.00157139467449951,0.0110531436906718
" 4875",55,1.06206794697742,0.413983015928116,0.00197815782326476,0.0138489495900286
" 7561",81,1.09106576475432,0.222152671501298,0.000281218967047582,0.00954028365466868
" 7811",46,0.938774974586972,0.182221118024848,0.00202307474161264,0.0114787341323595
" 7050",44,1.07298127887729,0.291425270181042,0.00228825195210741,0.0129894815647023
" 7747",18,1.00500340177252,0.26237207267222,0.000481531683654887,0.0120579598459678
" 7856",38,1.06949155421835,0.220805813152229,0.00113924370232024,0.0125064536724164
" 6813",60,1.09467144443617,0.223263364386527,3.11070583589339e-05,0.0103486105595144
" 9172",53,1.09372284933768,0.311267955917782,8.36961211451136e-06,0.0101964003496931
" 9002",56,1.052456588362,0.125636662397539,0.000763169131308194,0.0102543471088501
" 9308",38,1.07207221376596,0.267391312391551,0.000784511642200198,0.0124307262255661
" 7879",58,1.00702231914223,0.146339845153595,0.0001413069512,0.00891449449231068
" 1426",37,1.05480323646864,0.386017824912251,3.06885777532083e-06,0.010188437132431
" 6811",48,0.942965129241047,0.189722137742327,0.000891084703124976,0.0108599169654029
" 7715",23,1.0208453016563,0.26297041987859,0.000312186531871274,0.01203829315131
" 7119",40,1.14455451896834,0.47598136643842,0.000929305931781245,0.0118627009079324
" 6812",56,1.08218543901796,0.232902615354363,0.000597590304976111,0.0107485367123084
" 9162",51,1.02432416687869,0.289377499376481,2.77592135131293e-05,0.0101457558348431
" 8457",48,0.997078731363837,0.109351298140882,0.000389605443930504,0.0112547434366862
" 7416",32,1.07175696226446,0.540337070646405,0,0.0115979167636242
" 9247",70,1.01380616899072,0.0959827871123776,1.2554418171767e-06,0.00855896866531401
" 7240",37,1.17005671903831,0.543786288284704,0.000960273496604937,0.0124583793116603
" 6945",65,1.05590330968502,0.182105172802276,0.000107410022136229,0.0101141737409888
" 1750",34,1.1312646551152,0.385730398124039,0.000192919559239487,0.0113417689254205
" 7537",73,1.05504203713832,0.211134567790035,0.00014507327665153,0.00957769747445254
" 8633",29,1.13904627360042,0.318186784585185,0.00361553293993367,0.01295476288816
" 7659",43,1.0626017393886,0.224664745642199,0.000355987501937216,0.0103388953954878
" 8918",46,1.13556585876348,0.321235999450459,0.000118569504955578,0.0110394423800913
" 9136",66,1.4721083818209,0.571871932956286,0.0111444175175424,0.0141804149377825
" 8639",59,1.15347706750025,0.503262535050994,8.09062504402765e-06,0.0108528410354112
" 9311",19,1.13584833352907,0.356979422468461,0.0009334907378385,0.0125038989964978
" 7128",22,1.07621671160263,0.29132652021822,5.25890627861797e-05,0.0116962401426587
" 8611",53,1.09702824758782,0.31028676731711,0.000168089709966436,0.0108231543895357
" 1282",34,1.08916103954159,0.366538789440826,0.0039079113898006,0.0120057751288103
"  822",24,0.876617349295176,0.35034544473758,0.000670824410978085,0.0120347414775474
" 8605",48,1.15334932360024,0.400956264236158,0.0012007603513619,0.011854338051263
" 7773",26,0.926265905604027,0.329765494944786,0.00102778836766199,0.0122899149672199
" 8956",29,1.08799117516317,0.37169366237229,0.00276476186849359,0.0126681520703382
" 7883",62,1.01019405311195,0.145119981777636,9.1089278512932e-05,0.00896036161296903
" 7146",23,0.98855902276264,0.386937459951782,4.6451347235538e-05,0.0116373928753704
" 9787",70,1.03288381859493,0.110166580466792,1.39493535241856e-07,0.00842096800972007
" 7889",68,0.999005556120094,0.142831379598119,2.51088363435341e-06,0.00864942856029426
" 2627",40,1.21177734828316,0.652047732240277,0.00859991594119566,0.0146394564103085
" 7937",41,1.37387012405445,0.516591385437148,0.00194900367439921,0.0127551767686759
" 9140",32,0.928737747557,0.365744608368482,0.00124191094425824,0.0125859192007709
" 7713",47,1.25448714434678,0.484194006324294,0.000266014171706219,0.0119895705335551
" 7468",43,1.04554924643524,0.420948709997931,0.000472185616793683,0.0119261540314882
"12622",27,0.634476137393479,0.149761110203275,0.00125739472667009,0.0117642075301995
" 7549",77,1.0356347916792,0.177335252218971,0.000434243375207898,0.00888693537551128
" 8840",65,1.01839211413594,0.149098556694208,0.00101063066282725,0.0095925077403876
" 2813",51,1.40106298517261,0.674213019786814,0.0061181864557078,0.0140199088599532
"11101",56,1.16533290684914,0.341293661652055,0.00229676105775716,0.0130128325523911
" 9802",33,1.11073815041168,0.318425605956655,0.000353337124767621,0.0114072610355247
" 8812",52,1.02713724644947,0.218288747474651,0.000850492084369596,0.0108755909385268
" 8042",47,1.00154610186534,0.417375881520841,9.91799035569596e-05,0.0110269005361282
" 9780",61,1.03284264133756,0.115485189258875,0.000733317514766437,0.0097279532369798
" 8914",35,1.05906665439232,0.356285038862115,0.000334923978115696,0.0103279417470291
" 7404",47,1.23138526986943,0.392481046690373,0.00169763632389339,0.0129801962533142
" 7739",34,1.16569371435951,0.377216068085252,0.00860884352745114,0.013822406519547
" 7738",25,0.927578626416638,0.325344423620993,0.000640972794436328,0.012608617932704
" 8725",31,0.746320739807379,0.17371545698089,0.00100616686969951,0.0123823203244807
" 9358",16,0.415750140358168,0.097250437983494,0.000166555281078776,0.0113540645204645
" 8451",36,1.11491265695526,0.480489002462821,5.06361532927937e-05,0.0113058440948477
" 7298",53,1.03695955918396,0.221043315273181,7.25366383257651e-06,0.00940731558991574
" 9351",48,1.05852766645397,0.297068341265241,4.07321122906219e-05,0.0103327352650208
" 7222",53,1.02699079972602,0.111764317069083,0.000308978180560711,0.00973389925409281
"12568",69,1.06354718716561,0.272443603454261,0.00166792420088687,0.0126221689265529
"10001",26,1.1617693217163,0.332547385927345,0.00101467597534926,0.0118903893855295
" 9360",24,0.579446038219934,0.138769088825116,0.000593684485989339,0.0117500705055097
" 9364",26,0.533540989347426,0.171013470871619,0.00016083604613386,0.0110389442277381
" 8737",37,0.871355089899759,0.184236378932302,0.00402606241415045,0.0131916951485095
" 8839",29,0.938189250005655,0.203818518356532,0.00250223503516841,0.0130283335433525
" 7035",58,1.32492870477083,0.644050524769263,0.000800692892288253,0.0132361043533066
" 7646",46,1.18197174097002,0.38210689853853,0.00351830594587009,0.0133840787712923
" 7727",57,1.27669428907776,0.450705366915689,0.00204790459088569,0.0127845207095099
" 8770",72,1.05583520718884,0.195851791058206,3.06885777532083e-06,0.00859290753877074
" 7326",40,1.01122982240851,0.213889979046266,4.50564118831195e-05,0.0100073320901362
" 3673",45,1.10721612972273,0.498632622599357,0.00136522322941204,0.0129904848055682
" 8844",30,0.961661175042731,0.171760771161439,0.0056532545027467,0.0134154077683961
" 8030",9,0.168250972100549,0.0643085607702513,0.000147444666750642,0.0114012230373608
" 6874",26,1.03925379205749,0.28195500153763,0.00204469623957512,0.0116214999013441
" 7014",69,1.06971622509977,0.214984723902783,0,0.00969293099639829
" 9349",44,1.05605709545952,0.296928780602817,0.00024425318020849,0.0104064742004772
"10232",20,0.838574609572617,0.21828465849024,0.000905871017860613,0.011979932313121
"13654",21,0.800136210357762,0.228386856284964,0.00274021100629102,0.0130539318478995
" 7036",55,1.33508173244821,0.635204707361633,0.000597869292046595,0.0131472538642779
" 8763",74,1.05717744054169,0.196396333098826,1.11594828193485e-06,0.008565616146008
" 8024",48,1.17875320231384,0.506369843570952,0.000313302480153209,0.0112103982473948
" 6991",61,1.0488880609181,0.213614766321038,0.000544861748654689,0.0103940737297898
" 7916",27,1.03051318562889,0.255075432011202,0.000253878234140178,0.0107984623132619
" 9570",22,1.12249565070475,0.311015553760865,0.000640833300901086,0.0127548702073738
" 5905",64,1.20266297913377,0.443330746159315,0.00042238642471234,0.0117038702909026
" 8741",72,1.055890139111,0.193765481839441,3.4873383810464e-06,0.00848831604764702
" 8033",45,1.16613043753083,0.497570012576746,0.000125265194647187,0.0111795150859395
" 7013",72,1.06915260816306,0.213449743615357,8.36961211451136e-06,0.00969400466354834
" 9342",39,1.02776811979222,0.295460401765112,0.000184549947124975,0.0106420410443239
"11065",43,1.38407966531672,0.432106003086755,0.00307095017834946,0.0127159094352955
" 9628",27,0.385441014671707,0.079552659296444,0.000234628126276802,0.0115357098859513
" 8751",65,1.01105904151034,0.193902271409904,0.000285961747245805,0.00975812600414334
" 6987",44,0.888489545037587,0.159736914475815,0.00122140539457769,0.0111534528490581
" 5906",66,1.19248118488348,0.438910381880988,0.000406484161694768,0.0115028566417961
" 9777",71,1.01993748528359,0.0988586156337049,5.16126080394867e-06,0.00806881540217174
" 4852",55,1.26525122109583,0.540848871052265,0.000571365520350642,0.0121493312610103
" 5860",47,1.25406679084597,0.580062204129388,0.00075758938989852,0.0116814247223934
" 8192",48,1.15374227267637,0.580211391348606,0.000367704958897532,0.0119276505208931
" 8061",41,1.1497514413153,0.489378750969203,0.000169484645318855,0.0112034720156428
" 7467",23,1.01407326545329,0.28521034861132,0.00131653998561264,0.0121424292835868
" 9120",56,1.12105340823501,0.334687494247745,0.000523240250692202,0.0115402645829238
" 7047",62,1.33880514074294,0.610139873178832,0.00130370658037039,0.0129905138449507
" 1672",45,1.09062249487594,0.359449400338803,0.000133216326155972,0.0100244192138512
" 2819",58,1.27698468094149,0.491266015941354,0.000979663098003555,0.0125541726175049
" 9446",54,1.14347173424062,0.480066768664722,0.000204497522664561,0.011068284882118
" 9078",12,0.957916141144656,0.289323004772372,0.00016306794269773,0.0122787842924349
" 9701",35,1.10571137483861,0.338046725248817,0,0.011525011233183
" 5854",48,1.28155363826322,0.588111333233744,0.00069746767620928,0.0117417996083419
" 7428",29,1.10134377873326,0.561061443785307,0.000870439659909181,0.0118725705770733
" 6748",45,1.07323366421669,0.258483509714218,0.00059675334376466,0.0115526977048021
" 7882",54,0.999497774630725,0.145434137724654,0.000389186963324778,0.00901428090238924
"  823",29,1.10486149948293,0.4303392970113,0.00119406466167029,0.0120621304101017
" 2628",54,1.61831500862182,0.793675905511165,0.0091345946617777,0.0147306636124749
" 9888",22,0.9313236541432,0.260836492866261,0.00152912813332123,0.0125425224105832
" 5856",51,1.20423880603927,0.557823679899069,0.000448192728732083,0.0114928817074171
" 7071",77,1.02149913167683,0.167725669838554,0.000195709429944324,0.00939679623271447
" 2606",67,1.52387218778357,0.734016863647566,0.00397347335136427,0.0138291660752414
" 6106",36,0.869569603472563,0.24172510149998,0.0014473849216695,0.0121973264749464
" 8125",42,0.707143647968382,0.19917167445628,0.000416946176837908,0.0119586278535898
" 7875",52,1.07684101774669,0.251296381054065,0.00141948621462113,0.0121330907068085
" 5956",52,1.32986623776665,0.469130017541563,0.00492942254837671,0.0136237792851174
" 7927",61,1.0437604853375,0.246022111206933,0.000144515302510563,0.0100781483045133
" 7354",44,1.04919287379441,0.215762321964995,0.00293257259138954,0.0117381451216021
" 9490",68,1.1503633141953,0.338375623108768,0.000997099789908787,0.0114691332227224
" 7149",27,1.07803931761289,0.408946583501365,2.06450432157947e-05,0.011763161669109
" 8828",71,1.04761046089539,0.175825854738571,2.81776941188549e-05,0.0085163244825469
" 9262",51,1.02221454311659,0.101575935288336,0.00132044580459941,0.0100528442765166
" 2289",59,1.39882210501117,0.710015967275845,0.00109809310942389,0.0133648650578433
" 9771",13,1.01929601635866,0.223067637329006,0.000563135401771373,0.0122042272370986
" 7374",27,0.65781885311382,0.106050583203832,0.00161087134497295,0.0117645919264368
" 7365",26,0.55477956235229,0.114192922275526,0.00128403799190128,0.0122312364907288
" 7355",27,0.389924296893611,0.0870576621099887,0.000387234053831392,0.0113282652178908
" 8038",45,1.25226342382333,0.55211012361635,0.00174980690607384,0.012219934927056
" 7777",58,1.1565348707754,0.366653498580046,0.00204567269432182,0.0127728160234363
" 7454",65,1.44716329120598,0.527278911836853,0.00579609588283436,0.0137125730125183
" 8797",82,1.07589603111978,0.212217634966182,0.000587546770438697,0.0101804846045342
" 9905",19,1.07120628424614,0.288635399064697,0.000980500059215006,0.012828375020187
" 8485",59,1.2298664849161,0.47329090800015,0.00134471767973149,0.0126050744055484
" 7183",58,1.31004080337641,0.639389106370919,0.00144668745399329,0.0134916858515782
" 7305",51,1.06890022389365,0.228195834332755,1.2554418171767e-06,0.00923084928451196
" 7852",50,1.1232354110787,0.261355097007366,0.000645436587564068,0.0122330824477591
" 8045",53,1.18011614323981,0.517943640732371,0.000486134970317868,0.0118146098461198
" 7887",52,0.984422559917858,0.141792377494702,9.94588906274433e-05,0.00871940419089282
"15172",46,1.03249826969448,0.335037599839107,0.000714625381044028,0.0116750744383436
" 9211",23,1.10314104718015,0.401450325841044,0.0005215663282693,0.0123470416826154
" 9253",69,1.02022800967567,0.0979498141653182,2.09240302862784e-06,0.00865258284889821
" 7307",54,1.05749880752079,0.227731825558596,8.36961211451136e-06,0.00957454280621873
"15164",46,0.953761700669723,0.29164862887896,0.00067040593037236,0.011647878649315
" 7846",43,1.08754463636984,0.184060252785898,0.00147695755114077,0.0123785200066938
" 8016",42,1.11115156393045,0.468053052186119,8.64859918499507e-05,0.0111364723256639
" 2747",74,1.56055847807392,0.656317849072526,0.00269613104915459,0.0134336406311509
" 7052",37,0.78175882630467,0.316305728637996,0.000865975866781442,0.0123519350425667
" 9109",64,1.18358041006262,0.515105787548377,9.75059811340573e-05,0.0107070936034962
" 9378",47,1.11570228578011,0.385272451070575,0.000364636101122212,0.0117468032280432
" 7522",73,1.03184021963375,0.198221947599104,1.81341595814413e-05,0.00948757122291789
" 9213",58,1.06861738000611,0.181428158593887,0.000848399681340968,0.0116533478289492
" 8614",57,1.0720520594748,0.300227816121772,0.000389884431000987,0.0114998904880896
" 9331",57,1.17940097543403,0.42790559604578,0.000527146069678974,0.0118389677852061
" 7904",48,1.14587279289769,0.374891792452421,0.000476788903456664,0.0113744809975409
" 9035",42,1.10174363479711,0.461516271425238,0.000826220209237513,0.0124588646367521
" 6719",71,1.03859809958872,0.188803605118756,0.000394208730593485,0.00961971075072817
" 6230",21,0.916317055429404,0.216547894116827,0.000770841275746496,0.0122738923751635
" 9950",26,0.950858150216848,0.270203470015144,0.000764145586054887,0.011961711217774
" 7158",59,1.52269691505589,0.55844800070742,0.00512485299125055,0.0135384837311272
"12749",60,1.8560005764146,0.827940948660313,0.00737055941510919,0.0144075934721616
"18601",50,1.34113683457212,0.67119057160651,0.00306732334643317,0.0137832067424048
" 7960",44,0.776476785174891,0.154805833909986,0.000183712985913524,0.0103949758944111
"12801",16,0.508178570383665,0.244268966363178,0.000333808029833761,0.0132728787125309
" 7031",35,1.05053425368613,0.52286936283257,0.000887736858279171,0.0131057562083831
" 7729",56,1.08484744599026,0.339541948340005,0.00190087840474077,0.0124051293364837
" 9038",53,1.12342121275921,0.288446922323574,0.00202181929979546,0.0124493872921192
" 9781",63,1.01281540729964,0.10246521884491,4.33824894602172e-05,0.00845245193086505
" 9525",8,0.749993616247581,0.165015148035102,0,0.0118771379016125
"18680",31,0.809491639186933,0.311772891014388,0.00381333477290662,0.0137326596192802
"17317",33,1.17717738107862,0.425498339368101,0.00303244996262271,0.0137223732903993
"16756",26,1.21225903066558,0.382915921664725,0.00458710541289319,0.0138580685399326
" 7115",66,1.11068742842263,0.300633439361953,0.000770283301605529,0.0117844682170368
" 9088",62,1.47951517696188,0.731998880470528,0.00332399145127819,0.0140411785709959
" 9093",50,1.24952748711636,0.340814272613844,0.00152843066564502,0.0125893785269013
" 8036",46,1.21895231509976,0.5074409914528,0.000359195853247779,0.0116264788026811
" 7485",66,1.57332056562713,0.61933204015342,0.00475435816164818,0.013204180042859
" 7899",29,1.04857985774788,0.255176118746885,3.64078126981244e-05,0.0102616503964702
" 7278",55,1.00171635765316,0.222752080139475,0.00218474774895795,0.0114978974145983
" 9200",27,0.952731252863202,0.245649955053145,0.000559787556925568,0.0115895940611291
" 7699",23,0.814473937608178,0.271191242954087,0.00575661921236091,0.013872334240318
" 7770",46,1.12527627814169,0.403176301634031,0.00113896471524975,0.0127145291484548
" 5924",56,1.2240478145708,0.418773115640003,0.000808923010867523,0.0116967739992112
" 7910",28,1.04120395877232,0.266616645199696,0.000419875541077987,0.010906105519749
" 7224",59,1.02288446146208,0.108400070056281,3.62683191628826e-06,0.00944992734345159
" 8513",70,1.14191971390612,0.477332078765361,0.000291680982190721,0.0112365590446171
"10065",29,1.06488710338034,0.261536945291208,4.36614765307009e-05,0.010881040523689
" 6944",70,1.05552588577751,0.179212612607953,1.85526401871668e-05,0.00993956597392178
" 7532",74,1.05365546114574,0.210226925112667,0.000115221660109773,0.00948236108449159
" 7007",32,0.971917689291986,0.349276539074791,0.000193338039845212,0.0107444142518912
" 3283",58,1.44548966981766,0.674570577268994,0.00619393144534413,0.0140447356599619
" 2664",68,1.01055792088325,0.153767887569918,0.000545698709866141,0.0102454269109271
" 8622",55,1.13367431698892,0.498532270771073,0.000190269182069892,0.0110398442947088
" 5064",28,1.12085145554327,0.43836947150813,0.000363241165769793,0.0120525153800751
" 6732",41,1.14031304553421,0.498953916323647,0.00164825561241777,0.0127309213208124
" 8736",61,1.08386043414469,0.309198917122304,0.00123940006062389,0.0115665944334004
" 7141",28,1.15221769667571,0.420737382282126,0.000293354904613623,0.0120211736267781
" 7529",65,1.04485870661351,0.204774554454897,3.13860454294176e-05,0.0095176724878655
" 9014",49,1.15455630132936,0.408293169771176,0.00166248395301244,0.0126838995151209
" 3961",33,0.766139305898198,0.31097902198799,0.000667616059667523,0.0129685608253108
" 9178",55,1.15880573814924,0.409379632340412,0.000301864010263376,0.0114174251270206
" 7519",74,1.03439703353033,0.197566312023457,7.10022094381047e-05,0.00935512146221181
" 6693",65,1.06706809403968,0.217644079061129,4.11505928963475e-05,0.010218049130935
"10197",25,1.11156378270544,0.301928319721679,0.00114273104070128,0.0128334771209009
" 7173",38,1.26317673654451,0.472264341421052,7.81163797354394e-05,0.0117558885525798
" 8663",49,1.16076886511228,0.410931168140386,0.00321978978045252,0.013338128557078
" 7952",70,1.10687723245336,0.288709730388434,0.000410529474216782,0.0114919612677366
" 9704",60,1.05478807100126,0.175592888473544,0.0006628732794693,0.0104076253581755
" 8801",43,0.96068060076498,0.267106648891353,0.00089736191221086,0.0124093188224349
" 7164",32,1.25351745830415,0.482498080649769,0.000364775594657453,0.012105620200428
" 6989",32,1.10886426102591,0.390793748661332,0.000651434809579467,0.0113391909542507
"10196",22,0.863615898635577,0.24494396257043,0.000521705821804541,0.0120315754203024
" 5957",54,1.28849332481212,0.425220661709917,0.00289281693384561,0.0134081276732749
" 7152",41,1.23304799190066,0.460805795313405,0.000432011478644028,0.0117747099598088
" 7934",49,1.04208517340397,0.260815882135899,0.000880622687981837,0.0113955899955518
" 6069",68,1.14014047827131,0.281132475813217,0.000706534756,0.0117468745048931
" 7703",64,1.15501821216918,0.324778982552712,0.000774468107662784,0.0120141501186902
" 9876",70,1.07092761192511,0.18310431519629,0.00047804434527384,0.0109579089238044
" 9667",39,1.0895523506598,0.342754711781415,1.00435345374136e-05,0.0114953132162185
" 7167",34,1.26243746207583,0.48579493841604,5.85872848015795e-05,0.011721389816689
" 6101",35,0.872892520375914,0.217976714146346,0.000685610725713722,0.0116962287117592
" 9319",38,1.29485607992871,0.34803544715843,0.00236469440941994,0.0128868806017322
" 6067",56,0.97312193312361,0.222393762271846,0.0003562664890077,0.0113704503445879
" 7693",61,1.19783111962645,0.382110372274372,0.000431314010967819,0.0120499650377415
" 9672",43,1.07633128306179,0.336452867670086,8.20221987222113e-05,0.0115972682779773
" 9437",30,1.21675671604203,0.416630782822435,0.00129994025491886,0.0125806451173667
" 7142",39,1.03166065943407,0.403897830863648,0.000483903073753998,0.0122203921300352
" 6860",87,0.995636906692326,0.19444116061994,0.00035849838557157,0.0105018906344486
" 7285",52,1.21416757973803,0.432828460142386,0.00450968650083396,0.0135612135585456
" 7578",78,1.02139447596818,0.151818185755119,0.000419875541077987,0.00865151688982383
"15371",37,1.02521765718472,0.330341423356033,0.00174506412587562,0.0118789381768852
" 9552",41,1.19974894645588,0.40393594389634,0.00202377220928885,0.0122125664131407
" 9519",52,1.13341950583876,0.390042518392491,0.000146747199074432,0.0110853948951429
" 8750",58,1.03528635864371,0.218466241428608,1.24149246365252e-05,0.00974464725034459
" 7001",47,1.22914668083095,0.473836722718242,0.0004915752181923,0.0112885371897935
" 6942",32,0.72633334292127,0.253913311618497,0.00102541697756288,0.0125886657350737
" 9175",62,1.09644135531448,0.313395308181754,3.82212286562685e-05,0.0103022207225281
" 7046",35,0.945659195036695,0.430413999269317,0.000907265953213031,0.0124956470010847
" 7228",28,0.570558104194372,0.157723423803208,0.00041485377380928,0.011256911507935
" 7536",63,1.02019147188861,0.198011088316978,5.30075433919053e-05,0.00945194716430053
" 6984",45,1.05331223506441,0.420405777911004,0.00019166411742231,0.0111775697785136
" 9668",39,1.15556593360151,0.35306571663861,0.000673753775218164,0.0121468892961734
" 9703",46,1.20712737897273,0.30294908368797,0.0026231759302231,0.0121554280061964
" 9389",31,0.92922245493097,0.201976637403421,0.00361134813387641,0.0125201669124845
" 9384",67,0.988958481497185,0.146607305182858,0.00141976520169161,0.0111168981589598
" 7553",55,1.12238982153669,0.30543363724925,0.00261522479871432,0.0119680933206171
" 6815",38,0.833270707300812,0.170028141368592,0.000436056791166042,0.0106703399498032
" 9164",44,1.05925669393881,0.298640257292189,1.24149246365252e-05,0.0104412574364109
" 9702",33,0.571133928462711,0.159334097909814,0.00116560798048095,0.01170329081343
" 1417",37,1.07532820575707,0.425318790527352,0.000136703664537019,0.0105381586988733
"  727",31,1.12055612528933,0.449085332332098,9.3042188006318e-05,0.0117320249557003
" 7902",47,1.130790510965,0.376930500499757,0.000796089605625272,0.0112763470618161
" 6996",29,0.979817080167669,0.369737913627338,0.000519752912311155,0.0113912090805436
" 7971",52,1.14234010347497,0.357015961716621,0.00615724464557552,0.0135342096599663
"14020",27,1.0820142273813,0.158889077105049,0.000168787177642646,0.0122853027821373
" 9835",41,1.12706990736491,0.314270800874487,0.000397696068974531,0.0111720516000342
" 9359",39,1.03186961691673,0.297567757361406,0.000431453504503061,0.0112994719515934
" 8498",27,1.05613295767618,0.273502639695274,0.000409274032399605,0.0109598669452089
" 6452",30,0.911496100942146,0.224720595085966,0.00104215620179191,0.0123438150312587
" 6663",85,1.18346114400631,0.295823216735702,0.000839890575691215,0.0108768008286339
" 6980",34,0.670687337496736,0.245063345772209,0.000253738740604936,0.0117944444651041
" 7392",63,1.1244606990335,0.273600772426,0.000822453883785983,0.0110744665603799
"10103",31,1.1456376300696,0.275342804711181,0.00125111751758421,0.0120106966115564
" 8563",48,1.16159579699753,0.413937679414392,0.00154461191573307,0.0127543842624198
" 6032",56,1.05761414667583,0.27958699910383,0.00141948621462113,0.012329707498494
" 9493",65,1.09431523378009,0.26678599596911,0.000870718646979665,0.0116464852764838
" 9766",17,1.04129050335563,0.226918347253562,0.0013574115914385,0.0122345399161381
"10727",23,1.19527923364715,0.27760720833831,0.00197202010771412,0.0120757272604647
" 9318",63,1.34279721338492,0.514383705878693,0.000613492567993683,0.0123709487218146
" 9810",16,0.920233348719126,0.227848529816954,0.00100574838909378,0.0119484125796956
"10209",22,1.18034629131113,0.296615664655431,0.00055392882844541,0.0117440028762592
"15409",15,0.403806371889955,0.12578769979411,0.000336597900538599,0.0116208586322177
" 7788",24,1.02394050718245,0.364275890758286,0.000374958622730109,0.0110276228519884
" 9753",19,1.05209905738992,0.278753372709121,0.000377887986970188,0.01196553092496
" 9056",56,1.05452262259257,0.203568372443072,0.000626325973235933,0.0116317259453221
" 7539",69,1.04082982690561,0.201490876241307,7.81163797354394e-05,0.00973471864141051
" 9347",43,1.06795841159028,0.303048180111073,0.000176040841475222,0.0109702265035748
" 7949",55,1.01724663827832,0.183842679624128,0.000431453504503061,0.0118946724412489
" 9934",24,1.03269347002935,0.279330860011781,0.000112292295869694,0.011517217165735
" 7346",40,1.00433929430918,0.222655262108712,0.000177575270362883,0.0105015085393897
" 8756",55,1.06259032168712,0.234396904400611,6.84913258037513e-05,0.0100562368582011
" 8025",38,1.10444468766626,0.471561665958125,0.000169484645318855,0.0110633563013421
" 7245",56,1.02604287298668,0.147813602407346,0.00208403341651333,0.0112129297688615
" 9229",44,1.04042605127443,0.206796756127147,0.00283339268783258,0.0128481891904762
"16894",64,1.14992057616538,0.45211283341494,0.00154935469593129,0.0130842354105758
" 9116",84,1.03864026899686,0.150206779525393,5.28680498566634e-05,0.00922415966349041
" 7531",70,1.04677977069946,0.200992392109414,0.000253459753534452,0.00968022905964751
" 7011",61,1.0715183672307,0.224049697280015,0.000105038632037118,0.00984693846257493
" 9344",43,1.06651751396631,0.310626212038911,0.000283450863611451,0.0110221665236304
" 7745",48,1.06033441642174,0.154605722511496,0.00271231229924265,0.0117029508215955
" 7528",78,1.04294375054208,0.192014169267374,0.000117732543744126,0.00898447532872224
" 8020",36,1.05719285164019,0.447131868583329,0.000507477481209872,0.0114018111605812
" 8721",59,1.05795024669017,0.240133993334871,3.34784484580454e-06,0.0100863344916192
" 9170",49,1.15161507371897,0.37733892677619,0.000951066923278974,0.0119214690082915
"13802",31,1.05124542558018,0.147383454125975,0.000617258893445213,0.0120928180531139
"12186",38,1.05249023800794,0.132502993401468,0.000564809324194275,0.0112058097130374
" 9332",55,1.19782624719295,0.434523925145193,8.69044724556763e-05,0.0117045982189967
" 8912",74,1.09463739710579,0.202795033389096,0.000304793374503455,0.0102785737544486
" 9069",56,1.08891948308716,0.244304354617293,0.00067640415238776,0.0116608962505444
" 9159",62,1.05253601240763,0.222248072001607,0.000974641330734848,0.0118045987805422
" 7504",45,1.04256110223882,0.238945830187084,0.0020845913906543,0.0118798551782958
" 9670",35,1.21685228442964,0.360708297438118,0.00114998470453386,0.0122330263789749
" 1419",36,1.07680380173136,0.384831525258468,0.000387373547366634,0.0104552256805769
" 6689",58,1.02126230698269,0.207184759106591,7.42105607486674e-05,0.00972212514658291
" 7523",70,1.05805455513745,0.210091382325814,3.04095906827246e-05,0.00982857821416199
" 2761",35,0.94998736332218,0.354758080933293,0.00038556013140849,0.0124203372413567
" 8107",55,0.971774825284067,0.251256334295362,0.000459352211551432,0.0120091228415207
" 7838",89,1.06328102871589,0.173965598460048,5.14731145042449e-05,0.00975836806770967
" 9980",25,0.985785684645714,0.249114450975042,0.00021342510892004,0.0109489589107121
" 6688",64,0.948210688044965,0.197118592042391,0.000665105176033169,0.010959252257458
" 7507",63,1.05918224990871,0.215283356092635,0.000166973761684502,0.0104026509683158
" 7701",56,1.17610732766072,0.366284443879563,0.000332831575087068,0.0119745509975417
" 7109",33,0.65379344423044,0.226860548031412,0.000899454315239487,0.0122537217796122
" 7800",64,1.07792948799679,0.251379054602664,0.000199336261860612,0.0109786451588739
"14435",46,1.11975320711462,0.318632624312092,0.00178593573170148,0.0127977820675253
" 9220",50,1.05902691810205,0.44572363208031,0.00136954752900454,0.0133272676399206
" 6072",69,1.19226713230322,0.315316294688238,0.000864720424964265,0.0120086881763633
" 7117",34,0.686420058048753,0.22542505055216,0.000490598763445607,0.0123189457208359
"10191",23,1.10923009960937,0.28461450659869,0.000587267783368214,0.0118027345253549
" 9567",44,1.18146880078195,0.420573120909517,0.00110897360517276,0.0127446226045039
" 9530",68,1.31636486953405,0.47397935872015,0.00190548169140375,0.0129021263878361
" 1747",35,1.10817531676897,0.371289206861603,0.00086737080213386,0.0111931631821036
" 6103",41,0.792841452264387,0.228419886043059,0.000803203775922607,0.0126156503650328
" 9202",24,0.995082643380483,0.315008153819099,0.00174325070991747,0.0120211693694592
" 6083",32,0.653759976371882,0.169147773959555,0.000688679583489043,0.012042840515952
" 9243",44,1.06637236293856,0.304706766273131,0.00104871239794827,0.0127560647517318
" 9152",45,1.1836656085242,0.423241777593494,0.00038709456029615,0.0116575681570462
"17955",39,0.889378641651335,0.162297168086993,0.0018233199991463,0.0120262164725957
" 7903",27,1.07186763364685,0.262863555697858,0.00101356002706733,0.0109011362626795
" 8834",72,1.03690657242402,0.149234186069785,0.000350686747598026,0.00937374203254452
" 9101",50,1.11719568420745,0.404742539071107,9.69480069930899e-05,0.0108233607631989
" 9982",30,1.09854181867946,0.273234466931577,0.000113687231222113,0.0108497802580094
"10053",30,1.08057100550334,0.321964778770022,0.00900709757056664,0.0140362056522987
" 7310",53,1.07543277531058,0.25221439894364,7.11417029733465e-06,0.0097726802211027
"10063",30,0.92663228916653,0.247733736310481,0.000100853825979862,0.0108888970112425
" 9173",52,1.13987197644938,0.336862072156386,0.000325298924184008,0.0104726239154549
" 9355",41,1.21884315382208,0.420654842545688,0.0034650194154077,0.0123743226721953
" 9005",36,0.782041903336247,0.21154830297224,0.000144236315440079,0.0119178064317402
"11960",49,1.01639576547358,0.114981517284831,0.000163625916838697,0.0104914123548055
"10282",29,1.09554308123076,0.264340337411842,0.000717415251748865,0.0117239748477282
" 9166",48,1.06770743401751,0.308860849489239,0.000121498869195657,0.0100644533453813
" 8029",42,1.18493353812067,0.498754387939906,0.000406065681089043,0.0111974445912012
" 8781",40,1.09936877031975,0.312857025069954,0.00177910054847463,0.012261523766073
" 7716",31,1.10555051401133,0.313469301381941,0.000635253559491412,0.0118939025163891
" 7300",55,1.08016338250896,0.25647001453182,1.67392242290227e-06,0.00972204999789906
" 9445",59,1.17127712298105,0.483471273220828,0.000293354904613623,0.0108819986803157
" 9761",23,1.10012864129405,0.293980834126337,7.37920801429418e-05,0.0117168931813518
" 9812",29,1.06042207403606,0.298695794761384,0.000177993750968608,0.0113922457705396
" 7319",48,1.04948102255746,0.236369177359155,7.15601835790721e-05,0.0104198363077192
" 7334",49,1.00095516935365,0.272887531538818,0.00180727824259349,0.0116764383295653
" 9443",62,1.1308122865386,0.476503794530143,8.34171340746299e-05,0.0106100571130015
"14023",32,0.994233471402441,0.136286547325329,0.00142869278794709,0.0115498026472547
" 9177",50,1.14895549571395,0.434605469208296,0.000277592135131293,0.0115842733194023
"10832",30,0.962546941892616,0.257927281924009,0.00218823508733899,0.012449966600554
"16208",33,1.03136841896887,0.355577349064138,3.20835131056269e-06,0.0111526802759647
" 7525",53,1.04470318026636,0.222131523820926,0.000135727209790326,0.0103310107990307
" 9263",58,1.0186963189122,0.0990380562583602,4.19875541077986e-05,0.00938004612775561
"10018",33,1.13083614528211,0.310836044088041,0.000333947523369003,0.0115071336800891
" 9938",29,1.15763449787579,0.319597093703492,3.27809807818362e-05,0.0116835207642981
" 6972",40,1.41373377603954,0.689445728108998,0.00671368435765529,0.0145834605830501
" 8621",45,1.19058947282761,0.381201810698049,0.00269096978835064,0.012861726417105
" 7706",59,1.15282229257038,0.338824121833264,0.00115068217221007,0.0121355826138621
" 7951",71,1.07432959322169,0.269453196493494,0.000417085670373149,0.0115602344327159
" 8944",40,0.924289585421713,0.352313473294637,0.000393511262917276,0.0125490182541669
" 9515",28,1.22311508648083,0.323800559576839,0.00398449334064837,0.0133002929418023
" 9393",33,1.1366477191137,0.403423205144115,0.000901546718268115,0.013020562037882
" 7248",63,1.00594169249486,0.116234129091917,0.00100309801192419,0.0105424442539621
" 8661",38,1.05596565400499,0.399767302185389,0.00130677543814571,0.0126283847055905
" 9507",56,1.09432716519435,0.28295542361388,0.000397417081904048,0.0112386382186761
"11089",31,1.09409380538202,0.279947048489746,0.00111525081425864,0.0120692910283397
" 1646",38,1.06358639329733,0.345814932262937,8.50910564975322e-06,0.00954701098417454
" 7148",36,1.03718189915755,0.370544633175197,0.000445542351562488,0.0117933763812601
"14024",29,1.07919146367167,0.15721380127013,0.00111608777547009,0.0121857727212343
" 9194",49,1.18140334837926,0.38884253783862,0.000389186963324778,0.0118137376356751
" 9371",45,1.31578279412954,0.514818847642092,0.00605081107818599,0.013808484139272
" 8642",56,1.13707532134985,0.480256746233057,0.00163821207788036,0.0130319904901369
" 9425",52,0.988183014303845,0.220876670623155,0.00292531892755696,0.0129631248777893
" 9754",21,1.0209261096548,0.272384476858519,0.000117035076067917,0.0118115030199012
"16903",75,1.38654743684069,0.484921881346168,0.00297037533944008,0.0132757531069262
" 9346",49,1.07803799569843,0.298872046450564,0.000216772953765844,0.00970606657807182
" 7246",74,1.00001446017729,0.113530534271169,0.000295307814107009,0.0098813648971784
" 8540",43,1.06602191577157,0.375735508431805,0.000162230981486279,0.0118535721165462
" 7963",56,1.05067844992723,0.349111758019765,0.00139200598817848,0.0125554690606386
" 8708",39,1.19000309526185,0.476673415328281,0.00270491914187483,0.0129349590123607
" 9550",58,1.12610501730285,0.385792251683041,9.54135781054295e-05,0.0109523843922393
" 8757",63,1.04118283406366,0.21202105869379,0.000226398007697532,0.00951513301596033
" 9345",45,1.06417918644959,0.29140321176134,0.000488785347487463,0.00999480834152547
" 6978",42,1.06959264295772,0.432955728068429,0.00222603783538954,0.01237714211245
" 7325",28,0.626020359829253,0.180173404388865,0.000517660509282528,0.0109850888287087
" 9310",68,1.06845754577332,0.185247058631982,0.000805156685415993,0.0114615880034225
" 9424",52,1.02952975510859,0.178466329508182,0.00071629930346693,0.011413915355794
" 7243",76,1.02904649919146,0.152351096954452,0.000659804421693979,0.00972636061630631
" 9986",34,1.0656843505449,0.267039293587431,0.000710440574986773,0.0113400325654706
" 8753",72,1.04627704841477,0.184277942771217,6.37485456055282e-05,0.00885354905084181
" 7012",52,1.06318410269837,0.218183270403692,0.000469535239624087,0.0100788793539553
" 7515",65,1.03868868689784,0.205707704360481,0.000154977317653702,0.00988552629472244
" 7320",67,1.1293041304593,0.268634056466926,0.000541653397344127,0.0102207931752993
" 8528",60,1.20778321138445,0.445315931440058,0.000767074950294966,0.0123494021411133
" 8691",27,0.730937651129185,0.317200992732748,0.000529377966242843,0.0124509632149322
"11735",46,0.98728562150649,0.252398209505477,0.00203800054988352,0.0125252316873484
"13038",40,1.00612454362932,0.171307674681908,0.00492495875524897,0.0129772959357653
" 9340",48,1.04785525639252,0.284842212306422,4.28245153192498e-05,0.00949512470567013
" 7955",24,0.562094217356422,0.19528633452359,0.000599124733863771,0.0117172682515453
"13817",43,1.04920574678797,0.308317474219849,0.000370355336067128,0.0112704130228754
" 8778",61,1.03974432917475,0.206714667611363,8.07667569050346e-05,0.00941986135362087
" 7975",41,1.05221769099871,0.261992793253918,0.00176822005272577,0.0122976395439247
"14028",33,1.17409044359607,0.179972193623415,0.0011587727972541,0.0125465132623116
" 9335",50,1.02460520665876,0.282656993273193,6.27720908588352e-06,0.0094376668921564
" 8759",61,1.05016354877483,0.216781753143406,7.01652482266536e-05,0.00977094927948797
" 7131",33,0.837144477297045,0.221439086675801,0.000683657816220336,0.012342600114694
" 9951",39,1.09812004231688,0.294496312482894,0.00090642899200158,0.0117234412919
" 7541",53,1.05597793113325,0.248592384026166,0.000475114981033762,0.0109631902644931
" 7055",60,1.02307381564935,0.236005851715831,0.00126939117070089,0.0119537852421081
"14816",51,1.38007653798866,0.647068444725666,0.000728714228103456,0.0129400194907422
" 6120",55,0.957700175248904,0.234734593722784,0.000569273117322014,0.0117151689267229
" 9663",42,1.20282875969336,0.387801420701318,0.00141293001846476,0.0122851020781092
" 7733",50,1.16872205691185,0.339806836746549,0.00170949327438895,0.0127435596304644
" 7928",46,1.07934110309159,0.369113844201383,0.00055992705046081,0.012448579397896
" 9042",56,1.21881317733253,0.527133966550808,0.000797903021583416,0.0130776211292348
" 7512",61,1.05168263591779,0.220208221111553,0.000100016864768411,0.0103378107107274
" 6968",26,0.785922313159776,0.344568549446033,0.00296075028550839,0.0140201613795955
" 9048",48,1.28707162396664,0.578929353263807,0.00148267678608569,0.013278073678857
"13065",44,0.853311714595635,0.344753907471618,0.00123340183860849,0.0127191502995406
" 9040",41,0.98646984578311,0.231517211466093,0.000802087827640672,0.0119864815540558
" 7124",27,0.876056002659931,0.313887564384625,0.000990404100217178,0.0119650855072925
" 8047",34,0.939141465710643,0.244161113906581,0.00426654926890741,0.0135786362850354
"16795",41,1.15660225512907,0.395554344112266,0.00147235426447779,0.0128643186932585
" 7328",50,1.04112047000406,0.236509112835873,0,0.00993107159408506
" 7978",74,1.0232789443307,0.181724578630913,0.00218251585239408,0.0104650723892624
" 7721",19,0.998844127793526,0.291397697876475,0.000611679152035539,0.0126899680666806
" 8617",48,0.996045047946314,0.277925974340505,0.000348454851034156,0.0115489123422603
" 7138",42,1.01262732419942,0.431530851287794,0.00135587716255084,0.012802428827446
" 7306",44,1.08640150805537,0.242322609443979,8.38356146803554e-05,0.0105145252798168
" 8635",41,1.07815411442336,0.377384579490206,0.000741408139810465,0.0125967546517196
" 9031",51,1.24476727858631,0.533443169391984,0.00179221294078737,0.0130145955401719
"13133",36,1.1735434021738,0.387295436979811,0.00250516439940849,0.0135158794101563
"17016",31,1.06465683939974,0.36353204737624,0.000197104365296743,0.0112567411130039
" 8696",47,0.997673653553745,0.294922304874196,0.00091396164290464,0.0121907398410454
" 8578",48,1.13369535170967,0.342390697082161,0.000590336641143535,0.0121241360211806
"12210",37,1.09006526418634,0.32837175176368,0.000570389065603949,0.0114979567550628
" 7316",41,1.05978873039826,0.238277924392975,0.00026378227514235,0.0107840977910143
" 7218",42,1.00329581107613,0.382542534050291,0.00132072479166989,0.0128507819567162
" 8700",50,1.09254551989485,0.299741998800899,0.002350884549431,0.0128310154204603
" 8593",47,1.12877917027849,0.347204995860698,0.000303956413292004,0.0121484206216746
" 7872",59,1.26305848857479,0.501375458342504,0.000994449412739191,0.0124865547032678
"12222",36,0.919591314473576,0.131995317385251,0.00322578800246792,0.0121762495847573
"10899",33,1.13134869541433,0.272951703219049,0.000580851080747088,0.0122751521384811
" 7317",47,1.05052685241152,0.240030128328142,1.56232759470879e-05,0.0101842853876132
" 9750",46,1.12414998269598,0.41663674886598,0.000510685832520435,0.0123494552227555
" 7774",50,1.22031667286127,0.416827928230597,0.00108135388519487,0.0126121815745296
"12028",66,1.0600945324685,0.209802494787849,0.000862349034865154,0.011021402941577
"18821",36,1.08045094427406,0.255952424938268,0.0014713778097311,0.0124741147790725
" 7510",74,1.03141160965265,0.197179537329295,1.12989763545903e-05,0.00904986218559275
" 7329",41,1.03543910042318,0.234687985795086,0.000159580604316683,0.01072462295677
"12099",30,0.969144993312482,0.31359559835072,0.00464094991749655,0.0137216296221654
"15122",44,1.50104191872098,0.730358989739834,0.00435847550863179,0.0140316497233472
" 9167",56,1.08359486166569,0.303360328152051,0.000592150057101679,0.0111920398742852
" 5862",31,1.06197527369002,0.359743381106761,0.0017120041580233,0.0126351615866601
" 9222",31,0.924322528852782,0.302435647938936,0.00337155874679566,0.0133096571709112
" 8552",36,1.10837639389455,0.373856013594799,0.00233484279287819,0.0126791007394674
" 9665",39,1.15689623046669,0.347012519470959,0.000120382920913722,0.0113914570915517
"15110",43,1.20272692664483,0.599093769683067,0.00175371272506061,0.0136803038574779
" 6079",43,1.03374954292759,0.243360543947611,0.00162719208859625,0.0122948467222145
" 8631",51,1.26275081086873,0.474601150387601,0.0028458076124691,0.0136062590548254
" 9160",48,1.01526663412862,0.284092487266329,0.000262805820395657,0.0105500224105964
" 9674",45,1.1152177759408,0.357325888044387,0.000322788040549655,0.0115804519457546
" 7809",36,1.30593683260719,0.533479544381462,0.00313651213991313,0.0131587192231321
"13218",49,1.46919968214473,0.620991016399844,0.00471223111400514,0.0142657226702942
"11858",39,1.40648856968752,0.568061453572187,0.00870272267666891,0.0137981220606031
"14317",52,1.23334806831733,0.547150375223685,0.000388210508578085,0.0117851220933468
"14453",62,1.09681923878335,0.262117583038612,0.000481531683654887,0.0118938684308579
" 6276",32,0.747945728704052,0.173779454218547,0.00117160620249635,0.0118313722018585
" 9376",45,1.09905588846879,0.285443356115917,0.00145966035277078,0.0126019417560772
" 9458",39,1.08941516098506,0.281734131156593,0.00227918487231669,0.0126853025202013
"11482",57,1.31866237191551,0.623199879176267,0.00352179328425114,0.0137066792013754
" 7279",43,1.15345547502536,0.437422316265144,0.00136982651607503,0.0124267913149338
" 7881",28,1.07170751991566,0.298484917937644,0.00635155914016743,0.0138133701973653
"12294",63,0.972492102130043,0.168304175375404,0.000142562393017177,0.011116141906643
"12621",60,1.0624858419245,0.18452122050608,0.000328367781959329,0.0113503168243642
" 7718",18,0.980025916903078,0.279984968372934,0.00231908002339586,0.0134160806381989
"14603",45,1.27199086587796,0.541580660521829,0.000860814605977493,0.0128729638805381
" 6711",57,1.24688347855021,0.508454198174319,0.00259862506802054,0.0134913504783774
" 7696",55,1.06996464091796,0.34874875340441,0.000470372200835538,0.0122195226391411
"14599",38,1.16464421601436,0.522087513952616,0.000620467244755775,0.0128663954876698
" 9350",42,1.08330814813153,0.333371353642874,0.000481950164260612,0.0115588356569987
"10211",33,1.11178034947337,0.290864367327461,0.000488087879811254,0.011673927848312
" 8755",46,1.0799565802773,0.27831183980304,0.000250530389294373,0.0115023930443463
" 8018",47,1.09325658559768,0.458622903641843,0.000635951027167621,0.0114956175545567
" 8671",38,0.95883930494553,0.299746609310013,0.00165048750898164,0.0124912103147976
" 8582",29,1.06683934917436,0.372977938296143,0.00122838007133978,0.0126318120796348
" 7282",54,1.13529435743002,0.262561875820596,0.00125948712969872,0.0122992073526314
" 9192",54,1.15218726040076,0.394309852500337,0.000134053287367424,0.0116817204828295
" 7514",60,1.06032829104808,0.217225124145697,2.06450432157947e-05,0.0100164284346712
" 6092",48,1.21383873429013,0.303788469613094,0.0025958351973157,0.012756495153136
" 9569",44,1.11407136275434,0.352929467348344,0.000998215738190721,0.0126389483316893
"16698",60,1.27583596692902,0.497763589024688,0.00161673007345311,0.0133026572051455
"16813",50,1.38550243485539,0.600562635649395,0.00265972323645647,0.0137429496677364
"16520",47,1.07788407566816,0.403105139486337,0.00232186989410069,0.0127599149843478
" 6111",45,1.04919355504686,0.286608487956936,0.000787859487046003,0.01216024761109
" 9337",44,1.00175266714346,0.272473029172783,0.000192640572169003,0.00985330987407913
" 1431",34,1.03826948908029,0.398740946021272,1.95290949338598e-06,0.0099599077996934
" 6706",59,0.928496886746214,0.20009971868558,0.000705279314182824,0.0107941121317844
" 8776",48,1.04164905969841,0.242696684243306,0.00200703298505982,0.0112164260418127
" 8917",51,1.42423656861498,0.588662365815063,0.00801892536691333,0.0141498060401167
"17309",54,1.33514890955613,0.563117756649867,0.00140735027705508,0.0133752654753944
"16934",41,1.14057375370672,0.460129651304701,0.00237948072415558,0.0127878376678094
" 6115",37,0.869970953121315,0.207527171556744,0.000843098927001778,0.012325494127219
" 6969",55,1.28062986541622,0.611423682477364,0.0022412426307309,0.0141687022912521
" 7957",52,1.19278040856093,0.391812011120154,0.00155535291794669,0.0124617689312124
" 7191",33,0.799673749703103,0.250913649106355,0.000766237989083515,0.0122796921594001
"12719",45,1.20060635687405,0.527636840579952,0.0003742611550539,0.0120996844116744
"13178",22,0.936856181432373,0.43248922520545,0.000628557869799803,0.0122281501128101
"14681",51,1.64434232711459,0.597874619149041,0.0171577048347483,0.0145100602061094
"15380",57,1.23138650817262,0.441803781792562,0.00127859774402685,0.0130613733140215
" 7726",30,1.06628899027289,0.342091252215952,0.000945347688334058,0.0126965734288082
"13101",29,0.796157618955697,0.353135984283904,0.00029084402097927,0.0125992126043483
"11372",44,1.05891677898657,0.159019057919154,0.00190576067847424,0.0118854699036051
"11184",48,1.07042963318372,0.18817894974396,0.00170907479378322,0.0113734274575474
"13146",52,0.916178121467174,0.365668230985751,0.000516126080394867,0.0116450528413983
"13937",50,1.06228996905523,0.207868332718796,0.000327530820747878,0.0104330018466285
"14321",25,0.672185872744501,0.128851457435805,0.00214931639100652,0.0126695651914613
" 7314",42,1.07004963079559,0.266372872226803,0.000262945313930899,0.0102756328812604
" 8952",37,1.04915381853811,0.342113648868184,0.000137122145142744,0.0104466398100933
" 7688",27,0.586933846415307,0.169825392507675,0.00213676197283475,0.0129520385738862
"12460",49,1.02697817803181,0.16298360746457,0.00242662953906733,0.0119944756331992
"15126",45,1.50999590249792,0.714500851797404,0.00590448235971728,0.014212360068239
" 7389",18,0.980129769713316,0.263428012994082,0.00134918147285923,0.0134255340434223
"10136",39,0.791511787507562,0.299209340316922,0.000704163365900889,0.0125888962340894
"10007",41,1.29212957881155,0.546419915874228,0.00307862232278776,0.0133338667159458
" 8779",63,1.0219404610291,0.211543923003086,2.78987070483712e-05,0.00967786286637062
"16215",34,1.0567349671593,0.367812351445822,0.000212309160638105,0.0112105312142422
" 7249",71,1.06110881227075,0.188274288550008,0.00084030905629694,0.0104663573725415
"13163",31,1.14804649035242,0.434907663645176,0.000532586317553406,0.0133794719749547
" 7299",60,1.11971834071419,0.297968857528399,0.000836403237310168,0.0105926348438083
" 9163",41,1.07234183876853,0.310423753804723,0.000303816919756762,0.0104873168029835
" 9508",50,1.12004743222401,0.308205464244703,0.000684076296826062,0.0117950027780384
" 8676",34,1.10461828625986,0.310501762648926,0.00285654861468273,0.0127776029849373
" 9994",31,1.0651394079987,0.266405346619164,0.000192501078633761,0.0112072126408442
" 8653",21,0.985760293856306,0.300552499794225,0.00154098508381678,0.012550849654093
" 7322",48,1.05600696839173,0.237636160732994,4.61723601650543e-05,0.00982197210918785
" 9952",26,1.04022934703891,0.279507855303702,0.000319858676309576,0.0121633833648974
" 8506",48,1.13930968755204,0.342943017341103,0.00279740335574018,0.013145024370154
"16631",34,1.0059188906599,0.347259284794876,0.00529712750727424,0.0139102806669244
" 9762",21,0.992602027877274,0.279570402250666,3.27809807818362e-05,0.0115968014149141
"12171",35,1.10017751945369,0.469246877586924,0.00197815782326476,0.0132039185492045
"14305",34,1.25470067445643,0.631136211925064,0.00132755997489674,0.0132883142995152
"12182",40,1.00173140111656,0.199871243174397,0.00104201670825666,0.0112557192458731
"13633",47,1.32520587860259,0.61806107169586,0.00353127884464758,0.0135883208885392
" 7134",38,0.992595579151557,0.38948809043317,0.000717973225889833,0.0121739904357685
" 9632",47,1.11123034803486,0.275114243898711,0.00255831143633564,0.0124055755184338
" 9480",47,1.08907457158352,0.339280013023423,0.00255566105916604,0.0125896415384355
"12133",60,0.953559808861108,0.203893870884932,0.000463816004679171,0.010463000321822
" 9943",24,1.12849964312746,0.296286939144911,0.00151155194788075,0.0123455471291309
"10077",54,1.01230917545153,0.19566717766163,0.000222213201640277,0.00961231488275811
"14629",36,0.871446194469178,0.432878409976774,0.00139744623605291,0.013409260393793
"11648",33,1.22000496518714,0.53527480049049,0.00109851159002962,0.0129317668804165
" 1728",44,1.09442312215965,0.363459284800428,0.000160696552598618,0.0105093181204668
" 6248",31,0.808344621170327,0.176025662710711,0.00114454445665943,0.0118292018126858
" 7679",55,1.16055923509362,0.38323056220536,0.000890945209589734,0.0120745819849501
"11650",36,0.839611821389503,0.156074978892027,0.00130705442521619,0.0106551478320669
"14296",44,1.05059132379027,0.454717940677538,0.000316231844393288,0.0121735055456102
"14191",24,0.715035929806361,0.199291258054274,0.00214066779182152,0.0131157420371522
"13730",39,1.04659703719946,0.311460511924159,0.000442752480857651,0.0111750580097297
"11304",60,1.06309001405114,0.276739482239576,0.00100770129858717,0.011756133285701
"10708",47,1.43205832355896,0.651884670225179,0.00100756180505193,0.0130940931599421
"15683",56,1.39189060818989,0.566690855970848,0.00328088794888845,0.0138187634492273
"10045",45,1.08898761714631,0.523141330075979,0.00122293982346535,0.0126934834525584
" 9833",42,1.12463523401298,0.402281009480435,0.00206296989269181,0.0129244839654169
" 7822",43,1.18294969161868,0.447312370579199,0.00109195539387325,0.0125745721415233
" 7318",47,1.02261258966021,0.228148922163305,2.72012393721619e-05,0.00983060199109139
" 9881",60,1.04483271995171,0.245206979600012,0.000754520532123199,0.0107633784677495
" 9341",55,1.06369822429322,0.283066361869615,0.000196685884691017,0.00966706365296813
" 7406",76,1.06393633089897,0.172245482763266,3.1944019570385e-05,0.0095824958253724
" 9107",83,1.04714867432913,0.148210332182284,4.53353989536032e-05,0.00957345938764421
" 8760",59,1.03996047417451,0.238840928632956,0.000198359807113919,0.0111173972835096
" 7884",46,1.25388888860287,0.49447915436493,0.00304040109413149,0.0136038913935748
" 8938",51,1.05092030761356,0.170624386907911,0.000605541436484897,0.0116476693584713
" 9153",45,1.00137176709617,0.200637064535989,0.00108205135287108,0.0119867366041177
"12169",19,0.325770141643494,0.108687701273474,5.74713365196447e-05,0.0112566815557435
"12432",51,1.19232609222601,0.396186091049649,0.000833892353675815,0.0123491894207117
"11599",69,1.1745648810257,0.43261260040569,0.000806272633697928,0.0122440962114477
"12205",39,1.17393653551229,0.162838380779295,0.00142743734612991,0.0114296147662629
" 9021",53,1.14750926874922,0.434795349347136,0.00292029716028825,0.0130298587193598
" 8685",37,1.13458191578238,0.382113653288149,0.00319021715098125,0.0136390578286627
"14805",39,1.2409511677472,0.552189872126617,0.00199168869618322,0.0133315451942456
" 7455",81,1.04427684762624,0.208140340916171,0.000192780065704245,0.0110959340551265
" 9201",27,1.03239256556032,0.344490509391028,0.000700815521055084,0.0121698624446603
" 7184",39,0.884465029989196,0.2776276551342,0.000393511262917276,0.0120945879315407
" 2495",43,1.06651566910008,0.389377144091935,0.000695793753786378,0.0125724540143575
"11713",63,1.00440123238445,0.184810545974331,0.000146049731398223,0.00969158678034769
"13903",61,0.937994987996638,0.217338190154944,0.000274104796750247,0.0104430159494009
"12177",42,1.0970784076028,0.326539929918324,0.000109920905770583,0.010970274980038
"13079",53,1.04143814301171,0.426128016469756,0.000582664496705232,0.0118836008388416
"13399",37,1.14512108719023,0.51559629997018,0.000334784484580454,0.0128288945100387
"12670",51,1.02821967874493,0.312708478137614,0.000748522310107799,0.0119182276082199
"14722",64,1.05692959334614,0.193615384100072,3.62683191628826e-06,0.0089162023037348
"11963",36,1.18177653270866,0.360231896868619,0.00790537762922646,0.0142650434488174
" 1597",31,1.02850625577237,0.328336050101942,0.00011647710192695,0.00958411903025078
"10243",42,1.05312359423665,0.417782926045068,0.000749219777784009,0.0122716525012416
" 9837",45,1.19396576480666,0.484531279498082,0.000955949197012439,0.0129653185469253
"10358",46,1.08486360923533,0.393070881017427,0.000381096338280751,0.012053883934131
"11186",31,1.19576443155487,0.542307291845163,0.00139130852050227,0.0130793428510318
"11880",42,1.32605551123572,0.565733319996779,0.0012597661167692,0.0128453184859312
"11780",32,0.664035552484545,0.278344523877898,0.000221794721034551,0.0122252545630945
"10713",68,1.087912073795,0.228705403814539,0.00066663960492083,0.00989151724781632
" 7230",30,1.12865534813091,0.363133973291961,0.00132267770116328,0.0124626559827431
" 8745",48,1.19107315699733,0.372572803391651,0.00130705442521619,0.0124954182430825
" 8598",48,1.17818182725848,0.382778010279292,0.00197885529094097,0.0127756030106579
" 9039",58,1.33833498544528,0.595007369548327,0.00272416924973821,0.0131974910115936
"17005",26,1.16616109431673,0.384303951442536,0.000967666653972755,0.0116599446227429
" 8566",70,0.978288159887998,0.119080168769333,0.000671661372189537,0.0101417438480837
"10377",39,1.04953003733766,0.237870606410041,0.00180351191714196,0.0129192353139373
"10151",30,1.12418095523086,0.292408121610911,0.00114147559888411,0.0131088500068535
" 7652",55,1.16942900852792,0.321613483122144,0.000995286373950643,0.0120057827345863
"11116",54,1.27691298858763,0.589351004961663,0.00201888993555538,0.0134055490594048
"11582",39,0.853186085762637,0.167270005074787,0.00273184139417651,0.0119719045108923
"11592",57,1.4171962258156,0.695767372513949,0.00276169301071826,0.0138367534840345
"10638",40,1.17334246380522,0.523344051240129,0.000713648926297335,0.012679914354486
" 7302",53,1.07725678134447,0.249039020058784,1.39493535241856e-07,0.00968524124481312
" 8571",70,1.09284932126374,0.24576473201489,0.00175873449232932,0.0124991710744527
"10401",37,1.05846318198699,0.284420173339272,0.000569133623786772,0.0112850119249653
" 9084",51,1.04126431285856,0.16733894412388,9.19262397243831e-05,0.0110078120617426
"11199",38,1.22824623416362,0.542468824741462,0.000118708998490819,0.0125086894494875
" 9083",69,1.04942421267519,0.176720857632687,0.000595079421341758,0.0117732979367296
"11195",40,1.12726747138186,0.499893849045409,0.000583780444987167,0.0127125083806354
"11915",55,1.17421606483465,0.369006072214953,0.00319691284067286,0.0127613940964765
" 7842",56,1.18735644634121,0.451067496122818,0.000548209593500494,0.0123913207251811
" 7677",63,1.0019900385503,0.238666348554055,0.000893037612618362,0.012144004045812
" 7511",43,1.12581419482729,0.296459265700913,0.00476203030608648,0.012006560092416
" 7349",43,1.12901069615913,0.324831612195744,0.00276490136202883,0.0122251927238097
"11711",66,1.23718619444047,0.456565616850351,0.000948137559038895,0.0123030476645122
"14567",54,1.00997664000404,0.306377113664567,0.00185470604457572,0.0126227944957504
"13348",63,1.03864122986328,0.188950774215032,0.000263503288071866,0.009825448437418
"12672",49,0.966418219382075,0.200279717655954,0.000737502320823693,0.0111302823585454
"12837",61,1.0502365454973,0.236821143879291,0.00128696735614136,0.0111992534699388
"11787",36,0.952676751363256,0.20220699703739,0.00398560928893031,0.0121845672099075
"15036",49,1.15822949125901,0.35254469577306,0.004127892694877,0.0131292096950076
"14770",69,1.06967683925968,0.211524937609877,1.89711207928924e-05,0.00946744319150427
" 9872",46,1.3083381037733,0.482371596613023,0.00830070230810188,0.0141244582064637
"10805",68,1.07259034435615,0.248672489051004,0.000318045260351432,0.0101715786214108
"10266",51,1.10373504841062,0.320296115465014,0.00145380162429062,0.0118543095108164
"14142",51,1.04664000138336,0.25704356255693,0.000405368213412833,0.0108359839686764
"11262",40,1.1350921676106,0.589888102293423,0.000607773333048767,0.0128431109050402
" 7453",84,1.06810391148454,0.218345628645053,7.61634702420534e-05,0.0108740465412703
" 7444",54,1.0126848349904,0.22156346233373,0.00147877096709892,0.011613266161384
" 9696",48,0.995055593723304,0.316820582626528,0.00293159613664285,0.0124085780854594
"10489",51,1.13069489029826,0.244845497882327,0.00812396399895045,0.013298581134211
"10344",45,1.06002588984271,0.18481135954623,0.000830962989435736,0.0106762130736604
"10056",45,1.1345544068138,0.342231672533873,0.00114817128857572,0.0133447840024821
"15672",48,1.13220263902775,0.48977386950344,0.00153610281008332,0.013200810514898
" 9712",28,1.00902744932111,0.2443713389758,1.39493535241856e-07,0.010353239474758
"14804",56,1.14695942569952,0.508248477065847,0.000476370422850938,0.0127754117843657
" 8979",52,0.961636073523649,0.307085138985951,0.000778931900790524,0.0118203344244729
" 8966",33,0.68814013221638,0.176010573856376,0.000650597848368016,0.0119538466814378
" 9065",33,0.514351074215749,0.139122028131263,0.000149258082708786,0.0112013449007939
"14022",84,1.02374545091971,0.170372572438817,0.000302700971474827,0.0102050536756754
" 7477",66,0.975790085824388,0.183878981823084,0.000688679583489043,0.011264470543017
"11875",41,0.889644639620948,0.329417238088416,0.000606238904161106,0.0124124525189584
" 7226",52,1.18311007063899,0.411163366735328,6.90492999447187e-05,0.0116738622843953
"10451",46,1.33490154371175,0.498289848830183,0.00255022081129161,0.0140022801338994
"10626",35,1.15537197366816,0.380632662799391,0.00424339334205726,0.0140803501524155
"14790",47,1.06129086108913,0.352299144244943,0.00175427069920158,0.0128873206927261
"16808",49,1.31502937007192,0.572677263478505,0.0012281010842693,0.0134830685448777
" 7545",53,0.992861740723813,0.242796059902177,0.00018789779197078,0.0111560379060248
" 2948",50,1.1940415875684,0.562094122296331,0.000309257167631195,0.0128546532670714
" 9675",24,1.08951739985143,0.31990307789732,0.00467428887241935,0.0134765531798383
"14778",59,1.04844653586058,0.189557802263248,0.000129310507169201,0.00917110752760485
"10085",45,1.04786760714091,0.390161844665632,0.000684215790361304,0.0126441400832966
"10589",43,1.09594962692838,0.300219987657889,0.000789254422398421,0.0120587265479593
" 9641",55,1.44652010684621,0.562974162909182,0.00173488109780296,0.0134272086022733
"10722",47,1.00957020143499,0.22082624351114,0.000739036749711353,0.0122381866580371
"12083",29,1.1097844977174,0.29167348831879,0.00699225294753327,0.0135420780703226
"12684",18,1.07059703335661,0.278271513839066,0.00306355702098164,0.0132483174839936
"13048",15,0.883391512894814,0.208686220701186,0.00495285746229734,0.0132173900099811
"13765",22,1.12282944354771,0.255050744771646,0.00364343164698204,0.0131434211033162
"17313",32,0.685620795668314,0.26997993720181,0.000731364605273051,0.012812620356779
" 1459",37,1.12875806971928,0.487848166043588,0.00195625733823179,0.0125522631442065
" 9890",41,1.18677767984432,0.527225258623345,0.00071323044569161,0.0125923851746643
"10177",58,1.07279047610523,0.243477429691035,0.000499107869095361,0.0110865115336637
"10425",41,1.19285130817231,0.494591393049846,0.00075605496101086,0.0121352229244043
"10513",25,1.10022803605597,0.277941354004765,0.00271761305358184,0.013125694524727
"12745",13,0.841075723729043,0.260705040431685,0.00216675308291175,0.0129688613986196
"13460",19,1.10584020650295,0.295959454581218,0.00214903740393603,0.0128374112912118
"13107",29,1.10158260614388,0.322821702961162,0.000886481416461995,0.0125654970589325
" 8007",48,1.16086795462761,0.458769958945283,0.00477932750445647,0.0137443885287493
"10718",68,1.16768214897909,0.479713058720043,2.20399785682132e-05,0.0108006540592808
"10712",55,1.14761416842496,0.486240017335144,0.000353058137697137,0.0110745034512081
"11632",47,0.925205633110963,0.207002467094504,0.00351942189415203,0.0127649892661244
"13584",23,1.15428522208563,0.469214768813144,0.00599975644428747,0.0138173799827745
" 9416",50,1.2903312553143,0.445671836532274,0.000368681413644225,0.0116171646415539
"11269",28,1.03953879806558,0.392447463087081,0.000356963956683909,0.012310123979117
" 7654",51,1.29987549030381,0.613580106879667,0.0034230318612999,0.0132553806266984
" 9563",33,1.1135250317099,0.345841325964039,0.000661478344116881,0.0126476031024992
"14808",50,1.23300546230899,0.527147174124567,0.000430477049756368,0.0124247820007393
"11490",38,0.806929037841845,0.316913080119944,0.00236204403225035,0.013262147881715
"10891",70,1.06720229666779,0.226655320828464,0.000413040357851136,0.0105011882665232
"10673",70,1.0505169067519,0.200503997681357,0.000238394451728332,0.0101695430395017
" 9288",57,1.23476798590172,0.520377799582955,0.000468279797806911,0.0126413728522254
" 9697",62,1.059467273299,0.22650785886591,0.000443728935604344,0.0104479377819587
"10246",60,1.02166414572839,0.240045659900475,0.000862349034865154,0.0112154287304702
"10762",67,1.2384218917677,0.47714503223179,0.00122224235578914,0.0126118411635373
"10521",53,1.18360651812461,0.495991734717034,0.000649900380691807,0.0122764206497174
"16202",47,1.24140706702982,0.508385048861133,0.00369769463219112,0.0136265014909362
" 6881",26,0.76038392167119,0.216900295110909,0.00274174543517868,0.0132967727166179
" 8559",38,1.05933610373403,0.347051814262828,0.00164323384514906,0.0126379791257689
"10147",56,1.3209850043294,0.560467693498876,0.000291680982190721,0.0124498230667565
"10050",27,0.604230424880457,0.169267860418605,0.00138935561100889,0.0126444561865153
"10336",37,1.17996868427081,0.534817153726018,0.000499526349701086,0.0127163489046625
"10041",24,1.07060866046873,0.261505055032085,0.000832915898929122,0.0119073885669189
"10158",56,1.18411494949248,0.480871987224079,0.000696491221462587,0.0124506084661801
" 1430",39,1.05581126133342,0.394361899081444,5.57974140967424e-07,0.00973049444058686
" 8462",36,0.900267513609464,0.364096712604823,0.00257240028339507,0.0131811838585993
"10062",40,1.20444126741743,0.322447670577217,0.00463285929245252,0.0136364675783716
"10201",42,1.04587579074283,0.280938867274819,0.00259444026196328,0.0122747741085799
" 9699",50,1.05547216696737,0.196321433856486,0.00245899203924344,0.0124008461553578
" 9285",40,1.0889645266849,0.386932416096263,0.00118248669824521,0.011283538284574
"10711",60,1.12692195756948,0.466457659750498,0.000257505066056466,0.0109816963598062
" 9398",26,1.14380278769812,0.329288753474685,0.000477207384062389,0.0115000059415066
" 9278",55,1.36489444101945,0.616824699414169,0.00475854296770543,0.0137543656913581
"10101",40,1.2235794115236,0.385454416389271,0.000924563151583021,0.0123646620594078
" 8585",33,0.843172596604872,0.282213363668232,0.000221236746893584,0.0115481273131603
"10081",35,0.85868207471162,0.274163293185336,0.000126799623534847,0.0118322864599437
"10035",53,1.15955935953475,0.27695976200046,4.58933730945706e-05,0.0108731012481354
" 7301",46,1.15262892451334,0.337177275738043,0.0012684147159542,0.011794727081636
"14829",53,1.23380979901951,0.475844301755207,0.00189181132495005,0.0132304127353998
"11920",47,1.0106913931705,0.15794776830197,0.000567180714293386,0.0107026822574121
"10530",51,1.28986509562165,0.434747777187714,0.0010884680554922,0.0119986058593352
"10305",60,1.05909689875564,0.309350454118824,0.000244811154349457,0.0107976945375871
"11180",24,1.06481231634792,0.331768654107126,0.00978826136792104,0.0142882942891111
"12802",26,1.11854094729948,0.345320168084425,0.000452098547718855,0.0124025191992848
"12317",25,0.861281709848126,0.282804562722604,0.000812270855713327,0.0122896447946315
"13668",23,1.18161905929414,0.377638700280237,0.00123507576103139,0.0126060686287754
"13255",22,0.974081529158817,0.298869358792914,0.000438428181265153,0.0123650523388951
" 7656",34,1.14512269604887,0.554308042197603,0.000514452157971965,0.0131099259027578
"11933",49,0.99727579003817,0.155981858365812,0.00010071433244462,0.0106783667062146
" 9816",38,1.21329110937727,0.508098761087698,0.00206213293148036,0.0133839908626093
" 9976",48,1.07372826229918,0.323944693919036,4.57538795593288e-05,0.0103456723139908
"10808",57,1.26053440084457,0.534960994611627,0.00212030173567621,0.0131179247263016
"11109",46,1.06748569681911,0.437771509152732,0.00161477716395972,0.012945482623552
"13473",21,0.966559753910286,0.232734255325559,0.000343851564371175,0.012250396236855
"13781",21,0.952753525681694,0.253605895709763,0.000217609914977295,0.0122346406698084
"13090",9,1.02846766624419,0.226242007582142,0.000842261965790326,0.012333703808267
"12858",13,0.934620123981816,0.209509947182785,0.00135001843407068,0.0125071457160867
"18155",29,1.27543567711778,0.347955964692316,0.0016613680047305,0.0126048625079411
" 8786",43,1.31415795748132,0.358438252482851,0.00651365062811847,0.0127564277875602
" 9743",39,1.16349524558281,0.508355057810909,0.00167015609745074,0.013232367395253
"11286",39,1.17265016273714,0.253508087450883,0.00208152253287898,0.0128370010215204
"16155",33,0.864187166507971,0.356192017134439,0.00177603169069931,0.0135147543759152
"10023",39,1.08980509514002,0.303710804465335,0.00406274921391906,0.0136184361911818
"10734",57,1.07215198304542,0.223646598511725,0.000321393105197236,0.0104475047172905
"10474",37,1.05595312286254,0.501110207817497,0.00101216509171491,0.0131643870214171
" 9922",40,1.42617406402111,0.72059211201098,0.00386146004256506,0.0139855771814966
" 8939",18,1.11910918183943,0.316134288524208,0.000559787556925568,0.0114412429348208
"11945",61,1.02361465819532,0.16440770991243,5.02176726870682e-06,0.00829131061035252
"10198",50,1.106507876879,0.456674735632417,0.000362125217487858,0.0123862744025149
"10901",50,1.31355502827658,0.623102657714474,0.00209254252216308,0.0135296829924644
"10369",52,1.08027504633091,0.315919361409466,3.89186963324778e-05,0.0110428256930522
"11893",67,1.02507585789354,0.157738236247095,0,0.00832429560687942
" 9391",33,1.23709053631251,0.487705772177128,0.00823988312673643,0.0139216016060225
" 8889",14,0.964141125076843,0.258896132687018,0.000398533030185983,0.0111254150567934
"13331",19,0.961374053406942,0.232245629834037,0.000235465087488253,0.013065667325502
"13864",17,0.960730118196827,0.220815690459703,0.00120926945701165,0.0130911298578667
"17963",25,1.12491437327557,0.3172008704497,0.00196100011843001,0.0134055971023286
"10532",37,1.11998488642833,0.502684285885908,0.000533283785229615,0.0126123058166865
" 1605",34,1.06917838450579,0.349018783508559,7.25366383257651e-06,0.00966728375311251
" 9072",45,1.20924870040553,0.438607331540564,0.00272277431438579,0.0128347546444563
"10374",50,1.09814702237073,0.327683277482349,0.000149955550384995,0.0110466103704743
"11900",66,1.02405995392115,0.157741668383877,1.39493535241856e-07,0.00826882844571789
" 9795",40,1.33480073835506,0.461582572770193,0.0115423925735874,0.0142437940151098
" 9708",28,1.04426824368902,0.254651162585281,0,0.0103026900060278
"10405",41,1.03718669322732,0.296427126988799,0.00046297904346772,0.011210485949424
"11903",66,1.00050455292951,0.157215535075013,3.4873383810464e-06,0.00875993147773641
"10950",45,1.07195280229668,0.209477690360472,0.00693631603990129,0.0112301407304457
" 7776",38,0.932384177705369,0.354422807339063,0.00464959851668154,0.013602364877898
"11952",66,0.990440909374268,0.165305007466113,2.78987070483712e-07,0.00778332484560864
" 9797",28,0.977277914929482,0.245117947569585,2.37139009911155e-06,0.00998638417778297
" 9883",39,1.09519572452392,0.253053737655462,0.000860117138301284,0.0113590774226528
" 9827",45,1.08853642355857,0.253493745702024,0.00308671294783179,0.0127611542541187
"10083",48,1.14525354536063,0.225720824382074,0.000439404636011846,0.0113208417542454
"10961",46,1.04164579239709,0.193267375800075,8.18827051869695e-05,0.0104768218792586
" 9020",47,1.08772386333086,0.374029205427181,3.15255389646594e-05,0.0104137669046697
"10194",23,0.979822478061851,0.245096028604702,0.000601635617498125,0.0119197008901642
"11296",53,1.13121564670053,0.442060985893168,0.000982034488102666,0.01251507803256
" 7327",53,0.998509245467795,0.224161611038793,0.000119964440307996,0.00981295721167496
" 6775",24,0.363517515463009,0.0748886065648741,4.38009700659428e-05,0.010874237270608
" 7227",51,1.19112143492666,0.418943823017767,0.000472325110328924,0.0119502728267842
"11275",44,1.3809246016155,0.531777184247402,0.00021272764124383,0.0123878720103032
"11409",38,0.592913656764105,0.186575392435711,0.000528541005031392,0.0123458327677142
" 9842",59,1.04950901958479,0.188940215408797,0.000540955929667917,0.0115227780693811
" 7666",56,1.28303174539593,0.541537215578766,0.00253878234140178,0.0129181269445878
"11256",39,1.18849380470143,0.482997377302783,0.00160054882336506,0.0130444659267087
" 9959",54,1.03681500176205,0.174055106334603,0.0015766954288387,0.0119781918735049
"10667",53,1.03295630080532,0.270938014072971,0.000305351348644423,0.0118691797832731
"10929",43,1.00309637593166,0.31189364711591,0.00137470878980849,0.0126417131949598
"15278",49,1.08763731518869,0.391201079553826,0.000952182871560909,0.0126206711014462
" 9730",34,0.977155506378545,0.37617946071104,0.000106573060924778,0.0123136432482127
" 9942",31,1.0387199422433,0.422534099582163,0.000649621393621323,0.0126291461421576
"15440",36,0.775252791133934,0.199276583579269,0.00136661816476446,0.0121392522496879
" 8207",50,1.28015943175695,0.642756988818958,0.000404810239271866,0.0125170724716702
"10979",73,1.04897475068327,0.194745540160767,0.000122614817477591,0.00877403230576866
"10940",69,1.0333364631337,0.166400631572089,2.78987070483712e-07,0.00759212091421053
"10598",60,1.00821413352008,0.163298083194311,0.000163346929768213,0.00931924543699318
"10496",40,1.09360113763271,0.347493152857604,0.000366867997686081,0.0119692504342501
"10941",73,1.0351685882756,0.167221384755193,0,0.00770321849211566
"10602",63,1.00743435156538,0.16618771386416,0.000195848923479566,0.0091417400846446
" 9312",33,1.07540566234194,0.199574250182369,0.00350463557941639,0.0129959630012103
"10403",47,1.01459009420661,0.217220289351828,0.00066817403380849,0.0110717962416247
" 8713",44,0.943450563468674,0.305259420022476,0.00169540442732952,0.0127500160922113
" 8586",47,1.25085463055837,0.483945554538407,0.00249498137133584,0.0129137044258915
" 9032",55,1.41709564045875,0.638307967973174,0.00266056019766792,0.013177845706307
" 2933",29,1.10900602423285,0.571003452420682,0.000826917676913722,0.0132592355352829
"10942",68,1.03383474455946,0.166287877225905,4.60328666298125e-06,0.00768201635626633
"11887",61,1.01595177842259,0.156386501231946,9.76454746692992e-07,0.010160938902331
"13860",50,1.03931338921794,0.220699392946914,0.000506082545857453,0.0104346694459648
"10957",67,1.03087887640914,0.16746771757492,1.2554418171767e-06,0.00762520184541339
"11879",59,1.03658405452699,0.163692746094966,0.00475798499356447,0.0109528045737614
" 9414",44,1.09866496976736,0.38481860597048,0.000217051940836328,0.0115568561723719
"10162",38,1.01051631609842,0.313790356041945,0.00142952974915854,0.0123993174745332
"11423",43,1.20032954173052,0.518282775431305,0.00103741342159368,0.0126927031597441
"11281",40,1.18570668975323,0.47806964032294,0.000597032330835144,0.0124839808570379
"14835",48,1.26253510968306,0.522458944973173,0.00323108875680711,0.0136392940565718
"11921",66,1.02137137777768,0.155174910981547,1.11594828193485e-06,0.0103832472374718
" 9713",45,1.09745567980044,0.296361115121026,0.00179751369512656,0.0114253573993791
"11312",44,1.08902251794833,0.409736513754951,0.000235465087488253,0.0122318955454092
"13148",26,1.0815138444235,0.404238913810044,0.000748382816572557,0.0133796347165085
" 7709",36,0.932136031844571,0.361797214302479,0.00089513001564699,0.0125688156966964
"11980",49,1.19844721926918,0.385475381605238,0.000754241545052715,0.0120318345481534
"11754",40,0.948000252548551,0.31337373729716,0.000185386908336427,0.0117909621727287
"10468",36,1.24781035087595,0.469370843980445,0.00124149246365252,0.0124572922266758
"11295",29,0.948938666911313,0.397679894395123,0.00138796067565647,0.0132277250369474
"13046",22,0.65065057416443,0.179092184679506,0.000988172203653308,0.0124865588068449
" 9122",52,1.04095491618936,0.241870009112142,0.000105038632037118,0.0106517562163669
"10030",37,1.07496970371274,0.277628148558913,0.000453772470141758,0.0116810355588538
"10733",64,1.03295626837956,0.327386578659001,0.00167183001987364,0.0130742279209622
" 8660",46,0.740277645846009,0.181134457701231,0.000395743159481145,0.0118537241080068
"14915",28,0.543111840890867,0.174816644862415,9.05313043719645e-05,0.0113458611640667
"12220",64,1.24315215758946,0.426684930094412,0.00159720097851925,0.0124794003234346
"12233",24,0.958014299591211,0.407495851868244,0.00112097004920355,0.0130036222253284
"12110",31,1.16914353619429,0.470195367230773,0.00133411617105311,0.0128306807389821
"11167",42,0.991848183633954,0.397741710474316,0.00104871239794827,0.0129021007248869
"11712",64,0.966490024451015,0.179811357413682,0.000137680119283712,0.00971977800888722
"10946",60,1.03593218964143,0.179077218207085,0,0.00901240016293388
"16176",38,1.26955105707181,0.450535821844702,0.00115165862695676,0.0128870613103269
"10310",27,1.13261497752902,0.330032750086164,0.0112435974210993,0.0141244072882288
"10104",46,1.12851936764173,0.398702441453719,0.00102123217150563,0.0126041615682571
" 9886",49,1.03870216211807,0.175267058058228,0.000966132225085095,0.0109366261391552
"10472",48,1.0295062728672,0.184729886310549,0.000126520636464363,0.0106532008276111
"11513",67,1.11928041486424,0.252930059840549,0.000547791112894768,0.0113263104963914
"16189",34,0.659255726022926,0.215428673883055,4.25455282487661e-05,0.0113949166176618
"10952",60,1.03669945398194,0.179801471715002,1.39493535241856e-07,0.00904725743989397
"10084",42,1.09348944834754,0.379530295498911,0.00102918330301441,0.0124173946831464
"16170",43,1.19256825027999,0.379740858887837,0.000989985619611452,0.012804501792554
"10880",47,1.07539928898415,0.353454086401394,6.43065197464956e-05,0.0117983112992512
"10985",62,1.03456126034588,0.17778948783835,0.000306746283996841,0.00915126492974278
"10981",58,1.25969885645801,0.564114641543777,0.00137038449021599,0.0131969994084188
"10661",49,1.3217261798766,0.598020342111812,0.000427826672586772,0.0131441154818005
"10034",48,1.15508489228611,0.278053770806661,0.000147584160285884,0.0110041776991479
"11287",40,0.984473359469434,0.344379198970877,0.000474696500428036,0.012388985502819
"10636",44,1.21993191520899,0.560562550518758,0.00214499209141402,0.0135387929964928
"11248",25,1.03682143112799,0.509008001813469,0.000924702645118263,0.0131185241752514
"10886",43,1.0480675227604,0.335725263839885,8.82994078080948e-05,0.0118612862472847
" 7088",51,0.842285623391825,0.218938025781757,0.000497154959601975,0.0109554392315293
"11254",32,1.1717592830381,0.445008130743676,0.0011227834651617,0.0128597159639714
"12019",39,1.21958956790446,0.416325520499141,0.000907265953213031,0.0122944887663178
"10208",53,1.1421583522998,0.304658180662633,0.00189711207928924,0.011842745677776
"11198",58,1.25178523952992,0.515561373191361,0.00192249990270326,0.0134367749539428
" 8623",54,1.07981374763961,0.254756054729686,0.00196211606671195,0.0120885091976801
"10715",59,1.15373776146689,0.486819539400169,0.000296981736529911,0.011026643052485
"13067",53,1.07618708155624,0.253967920806589,0.000500781791518263,0.0119823825414073
"13629",41,1.02481596994481,0.310860913200079,0.000456841327917078,0.0106605472358872
"12167",42,0.844347526295577,0.177895042325182,0.00161756703466456,0.0126081567225647
"12962",28,0.826091316997833,0.167099587699374,0.00195681531237276,0.0121054526874159
"13583",42,1.06423454372194,0.425286848212113,0.000734014982442646,0.0124527824277356
"12920",49,0.802984398636112,0.178822552975338,0.000551975918952024,0.011439671790924
"13541",45,1.02935360719074,0.412272985327454,0.00187841994556683,0.0129004835182795
"12693",54,1.04044959155858,0.210558493158449,2.12030173567621e-05,0.00973779511712772
"12526",68,1.10144272498128,0.237794462127792,0.000842261965790326,0.0110898061090178
"15356",51,1.07232607619679,0.435911207125114,0.00080641212723317,0.0128102809741327
"11465",70,1.00482813982143,0.233834992675965,0.000170461100065548,0.0095300198162668
"16224",17,0.549181347639532,0.208209328299029,0.000949671987926556,0.012541248153242
"13547",45,0.917695098909244,0.220236420112173,0.00158143820903692,0.0121010517262433
"11691",41,1.40068888480373,0.516712104169286,0.0046674536891925,0.0137697454247714
"14393",71,1.04977000965529,0.213426860530294,0.000642786210394472,0.0104723608114494
"13356",73,1.05018040851177,0.197772425946795,0.000131960884338796,0.0101256041794277
"12014",45,1.27635348864734,0.425958731422927,0.000246345583237118,0.0121109774286388
"14157",72,1.01539308426236,0.191492725936173,0.000173669451376111,0.00993769893668219
"16732",50,1.17012308144408,0.41491295686728,0.00210663136922251,0.0129620207589625
"10987",74,1.03597226512072,0.185764310108189,7.08627159028628e-05,0.00882176921942257
"15249",53,1.43303700558466,0.635775642459952,0.000823430338532676,0.0131013364354217
" 9867",48,1.46335134322802,0.611220782112635,0.0037159682853078,0.013745972486971
"10071",78,1.06936519498198,0.186901195502432,4.17085670373149e-05,0.00942878280475582
"14530",54,1.30987229580464,0.471997419887384,0.00097254892770622,0.0123116381578408
"12849",41,0.994714300394912,0.285526862595802,0.000640275326760119,0.0117573045118042
"17191",33,1.05565611188587,0.362642886558125,0.00219911558308786,0.0130783149577958
"16248",63,0.9135768784741,0.263690808468998,0.000741268646275223,0.0116297007706472
"11095",18,0.678114870722815,0.231049770489231,0.00191692016129358,0.0130587906395537
"15493",60,1.25951417230985,0.569587916767079,0.00014953706977927,0.0127420710950549
" 1518",43,1.10629474532935,0.467731121045101,0.00028638022785153,0.0116644698082257
" 7008",58,1.20636712981875,0.453034524457518,0.00011801153081461,0.0116577825174448
"10089",47,1.14745774569277,0.226925933680493,9.84824358807503e-05,0.0112233566639815
" 9790",38,1.11416360050052,0.348584339844988,0.00161282425446634,0.0127808848824737
"13892",62,1.02903387257972,0.243122720695201,0.000861651567188944,0.011197788078322
"10037",40,1.03475818957378,0.249304670428044,0.00112362042637315,0.0116414622090385
" 9764",46,1.17005314654062,0.354873604135247,0.00192361585098519,0.0129741696530199
"10098",36,0.993462566102629,0.211854590709769,0.00107926148216624,0.0117581436692932
"11575",51,1.33346491655814,0.504892450858743,0.00499219463923554,0.0135836487984012
"10729",56,1.0738258928544,0.234629316740011,0.000863046502541363,0.0104302287488208
"10044",25,1.03490809575864,0.252477437749997,7.19786641847977e-05,0.0117900658589928
"11588",32,1.0453685378642,0.414993835337498,9.83429423455085e-05,0.0123676283334931
"11107",51,1.17597762547387,0.364717272786078,0.00169638088207621,0.0121182801861634
"11788",28,0.975721352441816,0.156344866212145,0.000736246879006516,0.0117050937786684
"10678",55,1.07420075366291,0.177665099206118,5.18915951099704e-05,0.00974037675494642
"11464",27,1.00719574051477,0.156373129236332,0.00251841628525647,0.0123606061884538
"15575",35,0.573931934410111,0.199455040656102,1.08804957488648e-05,0.0105004263458541
"15680",49,1.2433221213238,0.485877840363847,0.00256249624239289,0.0135245988347163
"12805",31,0.775759581063528,0.210907960915853,0.0012400975283001,0.0118556149048349
"12403",52,1.2969269221,0.417457008041608,0.00152857015918026,0.0120932995977108
"13043",48,1.08503944946367,0.328075772219516,0.000484879528500691,0.0112958117437965
"10924",78,1.08447003543225,0.228880428904376,3.3896929063771e-05,0.0090572436636652
"10578",39,1.05107309898942,0.197904619962887,0.0010584769454152,0.011707165257503
"12465",32,0.873101685600562,0.26969775262651,0.00112724725828944,0.0115556610939298
"10903",53,0.927965121539703,0.222812471811658,0.000646552535846002,0.0109808789510939
"15689",54,1.11862526691891,0.440603361362787,0.00132560706540336,0.0130190831286527
"10102",57,1.07834727540618,0.232911564493591,0.00108581767832261,0.0116486658277199
"10910",52,0.900043822183955,0.221293651412009,0.000148979095638302,0.0101770394090064
"12707",50,1.03830088293477,0.200444251717558,0.000279405551089438,0.0110312598342592
"12486",38,1.00126862294608,0.201628750339633,0.00188678955768134,0.0121134387217596
"12070",39,1.039074657863,0.247573578814215,0.000282195421794275,0.0106974545182199
"11821",45,0.964058137537862,0.247086884483608,0.000222910669316486,0.0106978886740671
"10186",61,1.15692716300035,0.305466070738842,0.000940883895206319,0.0113233588209052
"14532",61,1.29950124125603,0.512221833731517,0.000155256304724186,0.0122541137464357
"11276",51,1.0631234350691,0.267430919462572,0.000651434809579467,0.0111687056539015
"10789",78,1.07160819062164,0.219946098119518,2.09240302862784e-06,0.00838960816662966
"16503",39,0.62593241296672,0.180639269142397,0.000599682708004739,0.0120445734957882
"15653",37,0.840577041942098,0.398343990712867,0.000915914552398026,0.0134389903597136
"15405",27,0.537807531004427,0.149619834931704,0.000248577479800987,0.0118394046210941
"12005",50,1.10610042463436,0.280400735973148,0.000100016864768411,0.0103925455300314
"12717",65,1.09373769692363,0.210083894679009,1.36703664537019e-05,0.00985326843138988
"14591",59,1.27836738987456,0.52505859150476,0.000640972794436328,0.0125848633585843
"11515",36,1.12320766518842,0.275850011730025,0.000973664875988155,0.012524670289478
"15410",27,0.36604716961853,0.103217435270835,7.25366383257651e-05,0.0109737134876056
"10231",70,1.09455728040052,0.207375780909704,0.00147095932912537,0.0112325002485425
"10499",38,1.26528293679256,0.396065921892301,0.001310402270062,0.0125220439132295
"14483",48,0.963703898477665,0.331550442208644,0.00200424311435499,0.0124735675267117
"12126",51,1.03895387816247,0.249767197949975,0.00120452667681343,0.0120796085369277
"12059",49,1.02503973578625,0.270696595721536,0.000322927534084897,0.0112134738104503
"12673",26,0.797167111050084,0.197483266768053,0.00266042070413268,0.0127089720455535
"13257",63,1.05879150129311,0.205553988414454,0.000517939496353011,0.0109187749817204
"11153",63,1.08217485674314,0.234408914736501,3.59893320923988e-05,0.00879944703208141
"10293",60,0.977385891469608,0.17389766788883,0.000369099894249951,0.0109468978265412
"14082",52,1.36346341193365,0.496253781970235,0.000785627590482133,0.0130118545954586
"12491",50,1.10713607232892,0.238415644144287,0.000660920369975914,0.0110505300886819
" 7835",49,1.17912321205926,0.483918468466283,0.0051360124740699,0.0140727342978129
" 8567",54,1.45436922733694,0.711051376447807,0.00961361546179823,0.01457868140202
"10400",60,1.14969957638661,0.255136187701045,0.000292099462796446,0.0106903850770661
"11393",55,1.42895227713508,0.599171146503825,0.00343181995402014,0.0133622710275302
"14952",65,1.18634645826347,0.377536316477579,0.00131486606318973,0.0120879732579077
"13994",47,1.01294625877518,0.186413621007072,0.00550915768084186,0.0126470719656968
"13506",53,1.09290235135223,0.207435197328284,0.000279824031695163,0.0105933265118895
"12023",47,0.990515107812154,0.267988585415222,0.0010911184326618,0.0118724773658976
"11385",43,1.18159437060142,0.527378264919761,0.000921075813201975,0.0132872767949872
"10373",41,1.01429595610205,0.234581505707179,0.000638182923731491,0.0113118475302459
"11872",35,1.1813489872257,0.479050530690511,0.000140609483523791,0.0122359018962243
"10508",42,1.17282492909661,0.432861347452555,0.000878530284953209,0.0123072301780917
"15163",60,0.900777719848423,0.299015806172005,0.000884110026362883,0.0126110094547794
"14826",24,0.67759143909386,0.222380005401637,0.0019252897734081,0.0128331864438099
"14834",54,1.34349455983016,0.525568378285617,0.0045784568137082,0.0138360267507242
" 9875",68,1.31429465938501,0.483968336013618,0.00288807415364739,0.0129860083084538
"10078",47,1.02329883182841,0.266587004254831,0.000477346877597631,0.0117574407755743
"10510",46,1.05422721224569,0.235738273049543,0.00133425566458835,0.0118549702313734
"11873",37,1.24219541055653,0.516944346696087,0.00025555215656308,0.0125726226250529
"10497",43,1.06386214914178,0.377238162283647,0.000604146501132478,0.0122050163407433
"14954",57,1.01055761750231,0.306629453344414,0.000606657384766832,0.0121103723942323
"15518",55,1.22514858102105,0.407568325292,0.000297679204206121,0.0122169563928465
"15062",47,0.683112732602461,0.237348432554477,2.65037716959526e-05,0.0113088295527593
"10928",43,1.21544086630621,0.483663543500643,0.00112097004920355,0.012561956207556
"12615",32,1.17217724595488,0.496879652055339,0.000330460184987957,0.0124695457941022
" 8619",29,1.19571758601418,0.35948424528643,0.00048250813840158,0.0116027599082617
"13726",20,1.00690786612538,0.286022596944805,0.000650458354832774,0.0127699719269026
"14292",24,1.10219359144672,0.295373359198419,0.00309954635307404,0.0131333941370763
" 9839",34,1.08210751124098,0.302025830063501,0.0034050371952537,0.0128298804783178
" 9601",63,1.13605896693661,0.285731105467355,0.00080948098500849,0.0115073602883777
"10906",40,1.19845720008237,0.49121804292518,0.00114022015706693,0.0133830106400156
"10603",56,1.35821650279506,0.543068943575407,0.00223050162851728,0.013702678231208
"10902",27,1.0286972557815,0.401505105899044,0.000639717352619152,0.0122674473403976
"12572",34,1.28906498825768,0.556729114309604,0.000339387771243436,0.0125934477534475
"15520",51,1.20638269291405,0.392864324354287,0.000258760507873643,0.0121726397757275
"15462",23,0.733065983067973,0.269647003594211,0.000673614281682923,0.0124966340750962
"16013",36,1.32741681597402,0.392449921982881,0.00165327737968648,0.012747951912855
"10567",38,0.858027825579198,0.358834098268402,0.000582525003169991,0.0128742426547484
" 9121",63,1.11336296402449,0.276311326660022,0.000240765841827443,0.0110459115808156
" 9467",41,1.05516095379576,0.251077365062478,0.000293773385219349,0.0119659512260998
"13793",66,1.15125013736389,0.243099431819933,0.000177575270362883,0.0105519708255679
"15961",40,0.843934036638009,0.303736901226582,0.000531888849877197,0.0125215911555543
"16445",35,1.30806275243903,0.364848683795613,0.000776002536550445,0.0125634512232312
"16011",38,0.87570975082906,0.277195765198953,0.00121415173074511,0.0125464810242496
"16482",32,0.526492385950346,0.124823361069437,0.000215238524878184,0.011395632669811
"11948",64,1.0304032729013,0.16350324320934,3.27809807818362e-05,0.00866390583117195
" 9711",28,1.0139414854697,0.244612582830973,0.00016083604613386,0.0106267127672403
"10914",39,0.974397220075259,0.201400719990646,0.00087713534960079,0.0114868795765021
"10629",36,0.81011612000486,0.164828821632147,0.000998913205866931,0.0119765776048392
"14475",38,1.16967863477679,0.421845807777355,0.00317570982331609,0.0128738332532899
"15999",43,0.870377807080958,0.251762809694486,0.000730109163455874,0.0123776543087793
"16446",28,1.26212050984246,0.358753000146712,0.00032013766338006,0.0125015734024416
"13655",84,1.09221919911468,0.203248457092607,5.97032330835144e-05,0.00928585929106636
"14596",34,0.729699605960697,0.268648900340628,0.000489203828093189,0.0121527349235462
"10389",46,1.06307900792871,0.2909379913416,0.000188037285506022,0.0111305714608098
"11899",68,1.02931333496746,0.162649313682148,6.27720908588352e-06,0.00827305857929665
" 8481",41,1.24334517939744,0.403946887824465,0.0096595088348928,0.0141902974440394
"11251",43,1.22605944566052,0.467612514724571,0.00101844230080079,0.012713663933888
"10227",36,1.0087748880676,0.168140865864703,0.000633719130603752,0.0111439078158877
"10379",37,0.918166865454628,0.161636994499677,0.000351523708809477,0.0102092356501492
"10049",65,1.05600968047851,0.247667599407189,0.000428803127333465,0.0108930134989113
"10515",64,1.04292973233812,0.20067172693703,0.000215238524878184,0.0105203845504997
"12577",41,1.06100908211737,0.373033293595564,0.00227234968908983,0.0132978257816786
"10922",67,1.12296281723929,0.209047041691546,0.000271593913115894,0.0107501587873175
"10683",54,0.903026052334649,0.162155501368456,0.000229466865472853,0.0105173528116972
"11168",57,0.958768957207241,0.196834193011987,0.000929584918851728,0.0114801052736696
"11789",43,1.07583751700496,0.381831832443021,4.10110993611057e-05,0.0108312638169054
"11472",50,1.06195622067226,0.366252600280911,0.000160557059063376,0.0109708316265467
"12155",49,0.872718549586118,0.251182991094111,0.000443170961463376,0.0120269018533633
"13011",49,1.3155772945199,0.404663285611342,0.000113129257081145,0.0117817694576399
"10241",45,1.10265806603891,0.19387904774058,0.000109920905770583,0.0101612677903781
"10512",39,0.895295051911288,0.154686463937632,0.000901686211803357,0.0117896074773098
"13073",43,1.14098668818605,0.373889472721874,0.00153889268078816,0.0128406665630075
"11902",67,1.03014208826315,0.16260745815742,9.76454746692992e-07,0.00835105204360984
" 9707",28,1.01993189844536,0.249126607339302,2.78987070483712e-07,0.010234854515914
"10218",53,0.884865128565114,0.160302945243964,0.000444984377421521,0.0110514765452606
"10277",58,0.9185615530485,0.178805909350818,0.000391000379282922,0.0099265109857056
"10223",21,0.674280768046783,0.146296402483433,0.00211667490375992,0.0123566354997232
"10411",92,1.09194877991391,0.214224706881576,6.30510779293189e-05,0.00937557473207392
"10060",70,1.08722512319739,0.213413906823475,0.000544024787443238,0.00994823633351779
"11136",74,1.08177061052493,0.183954640900022,1.96685884691017e-05,0.00953373991774417
"11611",47,1.10914619351167,0.266251071870831,0.000798600489259626,0.0119207411003634
"11827",54,1.0005621569754,0.206847404765206,0.000344270044976901,0.0114726558695345
"13136",37,0.948464242969905,0.303155316678077,0.00054193238441461,0.012207179028556
"15274",63,1.96762454764717,0.918352458473609,0.0068873538090314,0.014277242075372
"15664",17,0.417183640563142,0.144032758969108,0.00074559294586772,0.0123886374569543
"11923",63,1.0109387379715,0.162213019660188,5.80293106606121e-05,0.00887432880338559
"14541",56,1.3276134199562,0.504679727663252,0.000988869671329517,0.0129309499183939
"10308",52,0.96580042132475,0.191962652774737,0.00190966649746101,0.011797512493665
"10702",50,1.01325205760323,0.165549178723437,0.000558253128037908,0.0104854337880253
"14021",31,0.75415223406236,0.272657591615509,0.00112585232293702,0.0130668078110659
"15695",45,0.908040719850824,0.309210849182994,0.00160766299366239,0.0121438381578857
"10210",43,1.05243986186369,0.470003226193341,0.00177924004200987,0.0134692039297584
"13475",40,1.05669993284067,0.313942539248295,2.41323815968411e-05,0.0103380514130589
"12229",44,1.27349627835874,0.383509838077064,0.00403917480646318,0.0127697170269258
"12700",41,1.00940926664227,0.260434663049845,0.00151699219575518,0.0125246720049429
"12999",45,1.18388723737508,0.381104015869989,0.00102318508099901,0.0123260076384899
"12365",38,1.01938312461734,0.27683136182952,0.00310666052337137,0.0132332963491728
"10430",61,0.934953855152294,0.193452925468341,0.000322927534084897,0.0106963802763486
"11215",67,1.05092288964186,0.174874075890034,6.15166490416585e-05,0.00943110277190802
"10320",35,0.93365642830261,0.26829111651612,0.000854258409821126,0.0124039164855456
"10649",66,0.960076716305247,0.197557692582487,0.000221097253358342,0.0101069279265722
"14516",59,1.09934410242256,0.251709280361495,0.000306885777532083,0.0115725095422048
"13681",47,1.01024348567073,0.346833288467391,0.00112375991990839,0.0115333585832538
"12925",17,0.716274002265586,0.204708301656723,0.00268427409865903,0.0130828047855956
"10331",40,0.919914348429765,0.22523846538615,0.00149383626890504,0.0124465694815802
"10087",47,1.01683314613077,0.234694600987083,0.000781024303819152,0.0119916625872891
"10471",60,1.12386592292562,0.214684727135132,4.63118537002962e-05,0.0105349127689637
"12266",47,1.0201881206182,0.278054891129312,0.00105875593248569,0.0117649538389799
"12881",41,0.812188565487666,0.293772036542741,0.00056815716904008,0.0124333750776228
"13488",36,1.11449940015994,0.351018802527443,2.53878234140178e-05,0.0102488024981774
"12230",42,1.12115357232097,0.31793434406983,0.00060205409810385,0.0112139000153212
"14105",42,1.07819365512833,0.340073688350531,0.000197243858831984,0.0106411038656922
"12464",53,1.11890704649058,0.252876607608772,0.000291262501584995,0.0111967322188474
"12559",46,1.0413445181271,0.246821059053067,0.00115458799119684,0.0116351912961338
"12768",76,1.16534146697864,0.296406484060967,0.000603588526991511,0.0111890938726378
"13700",40,1.14940182708991,0.345165833096817,0.00264507641525607,0.0132319716772603
"15753",46,1.0193233827947,0.400230470756674,0.00163542220717552,0.0132156259561983
"12781",72,1.18149025248364,0.287622061236865,0.000290425540373544,0.0111048997396653
"12462",46,1.06547775823337,0.242344869731477,0.00190450523665706,0.0119867024491971
"14818",43,0.853673582611743,0.17595555884851,0.00161059235790247,0.0119375278693791
"14392",59,1.0624781244892,0.25310701068193,0.00179039952482922,0.0115396507663688
"13342",66,1.08914110798057,0.213831703644936,5.46814658148075e-05,0.00969637324806073
"12779",64,1.19702458119905,0.27021891869764,0.000528680498566634,0.0114802729089715
"13315",63,1.02255732012227,0.199394302325408,0.000490319776375124,0.010746346731463
"10960",61,1.0273902063002,0.164813965941568,5.85872848015795e-06,0.00871610479483993
" 9796",26,0.938069335552209,0.251854989796541,0.00384974258560474,0.0132640519099958
"13335",63,1.02020947859615,0.205210472783532,3.96161640086871e-05,0.00969408009666035
"11308",33,1.07140745680878,0.182928100433976,0.00140163104211017,0.0112805938065833
"11608",57,1.09606387286115,0.321035331515033,0.00031720829913998,0.0112619455850782
"12407",29,0.999058556211951,0.164430487679863,0.00127971369230879,0.012146962196933
"14572",59,0.968721552143268,0.282833534683835,0.00089136369019546,0.0118188301942867
"14010",57,1.03377520132766,0.209031655475449,0.000440939064899507,0.0106749815126915
"12255",37,0.951401628422259,0.325727243226914,0.000679751997233564,0.0122247384900131
" 7196",46,1.23128104823153,0.476824194149317,0.000510685832520435,0.0124130423951541
"11914",60,1.02125301289286,0.155902477499855,1.96685884691017e-05,0.0101221567116089
"10963",65,1.03287246649353,0.176830401968437,1.39493535241856e-07,0.00822369602058377
" 9219",66,1.09583384043571,0.187404326212066,0.000370634323137611,0.0112041662405225
" 9036",57,1.4735559040831,0.667841760908661,0.00527104221618401,0.0140400545101983
"14236",59,1.00749756810797,0.204400197289853,9.23447203301087e-05,0.0100750083307477
"13744",48,1.08987604190443,0.312975858144423,0.000218586369723988,0.0109010912214563
"11501",78,1.05937285373258,0.202935941142145,0.000110757866982034,0.00897422896332714
"12164",16,0.715504784869617,0.242886570268946,0.000865138905569991,0.0124772422225682
"11003",65,0.983758198436147,0.174384951962363,0.00241965486230523,0.0103197268210308
" 1649",35,1.05477323349824,0.348536076184414,1.2554418171767e-06,0.00947174347475865
"10617",69,1.04427083357555,0.184573104210832,0.000189571714393682,0.00941354525509226
"10943",63,1.04144489046314,0.17729246228491,4.18480605725568e-07,0.00802860091767225
" 8630",55,1.01059486406351,0.191558139966243,0.000195569936409082,0.0104751004623993
" 9008",47,1.06854419262379,0.257351154208316,0.00818338824496348,0.0137435432063119
"12373",46,1.13100844692506,0.290784154632098,0.000274802264426456,0.0111494191387894
"12209",43,1.08898565380991,0.269373849915632,5.16126080394867e-06,0.00986546094081076
"12687",39,1.27181068123614,0.306246512346008,0.00193421735966357,0.0125407017582134
"14100",57,1.05544718337157,0.241646243542328,0.00044944817054926,0.0108215209302951
"13200",40,1.05818326317018,0.245890158863752,0.0025931848201461,0.0123594353038148
"13714",36,1.04066880322141,0.244287081430788,0.00663626544559606,0.013909525855296
"11123",44,1.11023754855736,0.250147311509207,0.000345664980329319,0.0113439765993096
"10751",49,1.0905348027603,0.20866959638166,0.000188316272576506,0.0106493085967003
"13536",36,1.28540464269177,0.498346688693561,0.00181955367369477,0.0129609914249312
"11351",73,1.04534781373764,0.187380477267045,1.79946660461994e-05,0.00852595831295386
"12832",64,1.17981075627674,0.279458053609502,0.000299492620164265,0.0105905299435856
"10564",62,1.15660617920066,0.316599444611481,0.00352360670020928,0.0124687689847867
"14431",48,1.02512892202495,0.363267227693014,0.00205139192926673,0.012874460735223
"12211",46,1.06973615292734,0.283930019230884,2.38533945263574e-05,0.0104829183027059
"13186",45,1.02560257735434,0.240645868196423,0.00176724359797907,0.0122704933990141
"10766",54,1.0326696713124,0.194581460338044,0.00216312625099546,0.0122579037762898
"10947",65,1.0441561502406,0.179214244751224,1.39493535241856e-07,0.00799850909253537
"10699",38,1.12274119250937,0.23948422384525,0.000485019022035933,0.0114944567438347
" 9806",67,1.057617972747,0.194335898318126,0.000492691166474235,0.0106441635571652
" 9706",45,1.04871855473494,0.215295143663041,0.000154558837047976,0.0103835302933647
"10524",44,1.04275143448052,0.199311061874446,0.000526448602002764,0.0114989298315767
"10002",59,1.06024209035093,0.182794800244943,0.000761495208885292,0.0113807214976945
"10043",61,0.996185759637044,0.182947455345881,0.000337713848820533,0.0106470272551439
"10290",60,1.06498153762458,0.22348641735163,0.000371889764954788,0.011030427014542
"10439",46,0.85362516472535,0.168259379768655,0.000293633891684107,0.0106457694320712
"10173",68,1.06697523763087,0.194445630430787,0.000186781843688845,0.0105467582673139
"11526",54,1.07478130865224,0.331153281342106,0.000121359375660415,0.0103390280145238
"12723",64,1.07427027515365,0.234582014732397,0.0010474569561311,0.011981555470836
"13206",58,1.080297044899,0.336991832526891,0.00162342576314472,0.0124634128773708
"13543",64,1.13266253473722,0.340384640976893,0.00261173746033327,0.0131376042507331
"12437",52,1.05954831780865,0.221960946857501,0.000664128721286476,0.0117395636399878
"11078",58,1.09871681162334,0.238746924388933,0.000430058569150642,0.0106540862162209
"11474",75,1.04312120429671,0.233111542865238,1.65997306937809e-05,0.00898826358460794
"11625",78,1.08671243183807,0.26382942626447,0.000268664548875815,0.00970208064597144
"13521",55,0.956046813100339,0.275769092270596,0.000349989279921817,0.0115364390980043
"10953",64,1.03532510418378,0.176533810821796,1.39493535241856e-07,0.00819151108382599
"10704",43,1.02373447735492,0.218049932293161,0.000409134538864364,0.0116068144042802
"10454",58,0.961602719239931,0.176704547816075,0.000275639225637907,0.0101308539533913
"12249",46,1.07732957758885,0.286246355158554,0.000133216326155972,0.0107584146771033
"14578",55,1.06390436259348,0.335358030174145,0.00263377743890148,0.0132293935897291
"15862",34,0.810861278986124,0.290084776404742,0.000274104796750247,0.0118441675743997
"12192",54,0.982237704468035,0.20326908089158,0.000457817782663771,0.0115744069628532
"13116",19,0.484255163199858,0.116333921526053,0.000765959002013031,0.0117530562117955
"13262",22,0.666169857801563,0.165020250975553,0.00293131714957236,0.0135406837584039
"11924",74,1.0312812577534,0.160799036159428,1.39493535241856e-06,0.00837576625371418
"10989",50,0.995919730873188,0.180833965252345,0.00031790576681619,0.00910182880573902
"11383",32,0.914309591439816,0.322771397612806,0.000795810618554788,0.012461821661111
"11279",56,1.5413406981106,0.499244064246357,0.00168285000915775,0.0123433740613897
"14198",18,0.899289705562734,0.272152740430935,0.000361567243346891,0.0123108035838268
"11552",51,1.09469872554435,0.361137462767456,2.44113686673248e-05,0.0111700103184773
"10362",43,1.04067907153133,0.165814864293891,0.000112571282940178,0.00995256515260578
"11242",46,1.08781548243085,0.278103864324603,0.000102527748402764,0.0110658901467288
"10329",38,0.9764187194873,0.176719019221431,0.00188651057061086,0.0122038802010422
"10893",48,1.09659133322555,0.182633187764657,0.000194175001056664,0.0109296846789727
" 9954",52,0.966324486831146,0.163539074371215,0.000817990090658243,0.0113239028506512
" 9822",63,1.06307715781244,0.202472950722366,0.000117174569603159,0.0103138035686652
"10229",53,1.1329045657169,0.225102274610288,0.000113408244151629,0.0104442391859696
"12689",38,0.905013048362279,0.225846183197366,0.00192501078633761,0.012650318159038
"11096",61,1.04560756951141,0.224890925536577,0.000623117621925371,0.0108494161215423
"13258",39,0.777662491505693,0.150454837077688,0.000943534272375914,0.0112280737784171
"13685",42,0.673117174052671,0.167440073121466,0.000664686695427444,0.0122878577316855
"14054",46,0.933608128707804,0.261242459979749,0.00277899020908825,0.013009391799862
"14347",53,0.918098009279048,0.183968172624208,0.000512359754943337,0.010776586553734
"11371",40,1.06790230500675,0.403716390520079,0.000623954583136822,0.0123802654520465
"10462",34,0.912745629692569,0.157609494876803,0.0030770878939001,0.0123524412651523
"11103",48,1.10576490169709,0.365417644246038,0.000308978180560711,0.0121880110176117
"12497",49,0.944914413525101,0.192161224304373,0.000388907976254294,0.0111154936797801
"12737",36,0.878047802357962,0.176920479769474,0.0013257465589386,0.012186588045897
"13645",44,0.902005203464284,0.183618049150254,0.000690214012376703,0.0115581408865263
"11926",68,1.02464111179309,0.16004814544421,2.2318965638697e-06,0.00835683786134159
"11290",33,1.02573503649302,0.403954031339537,0.000147165679680158,0.01211310160762
"11731",39,1.08120774746636,0.337579955223678,0.0013737323350618,0.0123110158263384
"13625",12,0.907118516675078,0.190481854965401,0.00101244407878539,0.0123709507214106
"10365",44,1.03321288070262,0.164927884656037,1.01830280726555e-05,0.00978713668154075
"11461",49,1.13078685932239,0.355714677026311,0.000959576028928727,0.012100274506801
"11972",25,0.950214004615209,0.265059101943016,0.00609656495774532,0.013562994352774
"11678",42,0.923729367932902,0.268690491849595,0.00191008497806673,0.0128938632543521
"12185",51,1.22445266783221,0.369983168846219,0.00197801832972952,0.0125818567907766
"10574",47,0.918268905510675,0.143025384764391,0.00127915571816782,0.0117234452216292
"10507",36,1.05209450171425,0.245742037873874,0.00145268567600869,0.0123398086011571
"10786",43,1.01042270241108,0.202786540989267,0.000209379796398026,0.0118603124964446
" 9783",64,1.01451582449785,0.184075251062027,0.00107005490884028,0.011240653533705
" 9690",64,1.01379397273087,0.186661286437038,0.000431035023897335,0.0101574104394909
"15628",14,0.335940998957344,0.0763733759925847,4.71488149117473e-05,0.01071526930192
"14135",35,0.802358062108436,0.163060854466068,0.00117314063138401,0.0120810733185486
"14597",30,0.826109910090208,0.197883325176424,0.00346446144126674,0.0126859266347904
"11469",45,1.05262713608935,0.338437130707995,0.001139104208785,0.0119531451115582
" 9680",55,1.02280054929431,0.20712453723001,0.00325075734527621,0.0119090012489681
"11557",40,1.0786394944737,0.384381842447686,0.000818548064799211,0.012520771392046
"14058",32,0.54239920315869,0.1308202268779,0.000591592082960711,0.0117544022877514
" 8645",25,1.09430704197628,0.32652973515282,0.000410947954822508,0.011339037110289
" 7731",53,1.16359147148634,0.495289080984203,0.000370634323137611,0.0121770289482981
"11422",56,1.27477833472764,0.472043782733754,0.00402787583010859,0.0133124482055603
"11825",57,1.1896921245802,0.325069471358845,0.000167252748754985,0.0103929362320645
"10781",66,1.07062168909435,0.237164208381894,4.65908407707799e-05,0.00955034253158546
"12692",48,0.971122576072461,0.179663042366073,0.000456143860240869,0.0108353486265171
"12068",36,1.08749159136824,0.2869369075614,0.00162133336011609,0.0128769114241404
"11310",32,0.870993714862003,0.234071933166609,0.00138935561100889,0.0124264380913954
"11344",26,0.730335749509555,0.264048851166727,0.00111483233365291,0.0134239735238052
"15531",20,0.507349364060435,0.175058304029703,0.000455864873170385,0.0123384004643928
"14175",59,1.04148384312678,0.208273562979425,0.000338550810031984,0.0103473112856625
"16526",21,0.923957377958947,0.298369606191735,0.00230499117633643,0.0129652718788997
"15042",44,0.89358951420122,0.216341330744216,0.00251967172707364,0.0125113877344353
"14779",52,0.917478153374227,0.186609186885003,0.000911171772199803,0.011241095984373
"11822",59,1.1125468528317,0.309085158673363,7.81163797354393e-06,0.00989638731325124
" 7576",74,1.02782122090791,0.153703546396811,5.85872848015795e-06,0.00812715072679346
" 7010",43,1.03562776363365,0.386945311338165,0.000665523656638895,0.0122278933599887
"12637",67,1.21348484167172,0.357720063330067,0.000964458302662192,0.0122950657600322
"10784",64,1.06731407917265,0.236667997780815,0.000356824463148668,0.0101443574773202
"11782",54,1.16653296301728,0.316436846273889,0.000104062177290425,0.0102808352541196
"12076",54,1.16090080996846,0.306273651744063,0.00168996417945509,0.0114785812553644
"12680",35,1.04625591943834,0.213112832683607,0.00101411800120829,0.0116225766498704
"16193",19,0.497903204373156,0.125053784763274,0.000338411316496743,0.011711800712263
"17066",33,1.51617677013547,0.340719046438443,0.00187786197142587,0.0126645465183028
"16936",30,0.997653562912057,0.242552089483169,0.000998773712331689,0.0120394700041377
"10956",53,1.01955268211754,0.171462872145209,0.000536073655934453,0.00948476170419973
"13452",33,0.884035413170315,0.225025393671758,0.00294387156774413,0.0126442435437376
"11917",64,1.02601671255846,0.16513323057411,2.28769397796644e-05,0.00811917791116391
" 9132",55,1.03196802560483,0.180101052323312,0.00024425318020849,0.0108965436287993
"10675",54,1.08002078957895,0.179369255644677,0.000229885346078579,0.0100722116584757
"10363",47,1.0555850553437,0.170705822864638,2.78987070483712e-06,0.0094900164331647
"11956",48,1.07545710735835,0.246329254182113,0.00303244996262271,0.0126392151090256
"11108",59,1.01499186397034,0.273194513309912,0.000511941274337611,0.0109632506800556
"11666",52,1.11315562968322,0.214716540371921,0.00182415696035775,0.0121551382530477
"11537",61,1.08068124572714,0.177779716407068,0.000147863147356367,0.0106049371179387
"11305",42,1.08844164380651,0.306086032471049,0.00310931090054097,0.0128113966226182
"11118",51,1.00640725438605,0.26347293846367,0.00174659855476328,0.0121635923064739
"10664",52,1.10243178890132,0.185489585539984,6.51434809579468e-05,0.00950261446944984
"14645",40,0.835746665458169,0.164187534375338,0.000722437019017572,0.010945761493976
"11273",42,1.19168333125113,0.448270907047396,0.00163193486879447,0.0126700529285615
"11944",55,1.02801516061425,0.174622069935161,7.15601835790721e-05,0.00836524181538636
" 8569",49,1.05693150748918,0.175319618694085,0.000428105659657256,0.0116624559616553
"10029",34,1.02661490445055,0.283007515970172,0.000702907924083712,0.0116343214963123
"11468",66,0.969634549987269,0.208876139195304,0.000308559699954985,0.0104930648719702
"12718",42,0.913363100567339,0.220616713213746,0.00213773842758144,0.0129457462062211
"11720",50,1.26773290809094,0.527214025419613,0.00395003843744364,0.0135030892808519
"12295",56,1.33777293249781,0.501061621804503,0.00261913061770109,0.0132399654433824
"12146",42,1.16523378452085,0.523552599332933,0.00217805205926634,0.013408128535603
"11367",58,0.883925621361858,0.162685337002918,0.000789393915933663,0.0108084817323407
"11133",76,1.08210262652732,0.255056696545603,0.000165020852191116,0.00968349677510353
"11239",70,1.08944211922951,0.297867054974364,0.000578479690647977,0.0111739312989353
"10575",55,1.09747776048278,0.192451476639683,6.15166490416585e-05,0.010495522524316
"14124",51,0.928734046354752,0.151798174386522,0.00100895674040434,0.011277389365446
"10707",71,1.0906474299559,0.204639273486421,9.55530716406714e-05,0.00936186742947957
"11546",60,1.08592963599169,0.178299990743842,5.44024787443238e-06,0.00936294462620342
"13040",52,1.06580637546219,0.334920416618058,0.000116895582532675,0.0109442062002392
"12201",42,1.10790890847462,0.302994585472939,0.000625907492630208,0.011694503525203
"12325",43,0.860037816382985,0.251147751330141,0.00016237047502152,0.0118912348843734
"11894",31,0.643097682935597,0.23268034821805,0.000528959485637118,0.0125499903755549
"11427",66,1.08538085537071,0.287331202837986,0.000506082545857453,0.0116723071095526
"11229",72,1.07382016089756,0.287857550952732,0.000426850217840079,0.0113770562913592
"10850",48,0.916358344474873,0.26425597552134,0.00135378475952221,0.0121880599181187
"10546",42,1.04487163755291,0.177215490885445,0.000366449517080356,0.0106339648353438
"15303",55,1.31382439267226,0.510060582647894,0.0038272841264308,0.013355198011883
"11407",63,1.07155659091612,0.171658713532422,5.74713365196447e-05,0.00963285210715788
"18033",30,1.24535153730143,0.478420215846087,0.00460691349489754,0.0139667954480005
"10966",63,1.04567426870061,0.18764131481662,0.000132518858479763,0.00909874355102223
" 9990",47,1.00075821945097,0.242675284046377,0.00178481978341955,0.0118391906821236
" 9932",60,1.02393191082499,0.20077256706128,0.000132658352015005,0.0100073901024056
"10142",55,1.07980093107385,0.294476983242155,0.000131681897268312,0.0105719717664107
"10306",50,1.03922815118129,0.178207624508033,0.000625489012024482,0.0113327883933095
"10467",44,1.05771207986973,0.292690135687429,0.000224166111133663,0.0108571988005647
"13020",46,1.13352236999487,0.35149482121647,0.00038932645686002,0.0115694012801235
"12199",43,1.29459969528126,0.386529396114252,0.0031807315905848,0.0122902618331929
"14322",46,1.0721033761643,0.309631856713514,0.000186223869547878,0.0105671004445306
"13770",43,1.04340857014459,0.257910010787862,0.000152884914625074,0.0113180859684122
"13369",47,1.25731925517538,0.408649374666792,0.00211876730678855,0.0125748139904338
"12067",33,0.90570652275396,0.244265864907233,0.00184884731609556,0.0123663803107033
"11765",55,1.16793496280106,0.307274635908769,0.000621443699502468,0.0115124123389827
"11257",40,0.74197377166305,0.178239011579839,0.000407600109976703,0.0117517964397535
"11417",62,1.21110971639678,0.311610506583342,0.000159580604316683,0.0111038867967786
"12482",56,1.11476146843385,0.21818430287011,0.000270896445439684,0.0109374278315976
"10588",48,1.02451374723025,0.352732971133109,0.00110506778618598,0.0127025145662144
"11589",50,1.20481755734355,0.377357302564276,0.00245717862328529,0.0125198872632545
"10779",76,1.05179963469086,0.221978500961438,1.353087291846e-05,0.00858016975332236
"11620",28,0.873756846305386,0.223464682800107,0.00116532899341046,0.0123859333943109
"12709",59,1.04028555530603,0.211941057448315,0.000413598331992103,0.010904410063517
"11054",65,1.04789620679877,0.192771208747187,0.000415830228555973,0.00874358271799793
"14289",54,1.06676199665531,0.311952124758244,0.000623257115460613,0.010982030043565
"13816",40,1.08905730616868,0.267015940463121,0.000839332601550247,0.0118196971035443
"13325",65,1.16652647123422,0.332532445231379,0.000278429096342745,0.0121206756343886
"12664",56,1.01559830264258,0.232221061460911,0.00146245022347562,0.0122321779248288
"12798",54,1.08754174836956,0.205944739795976,0.000462421069326753,0.0110302713492252
"12002",48,0.972593898284563,0.230757974844791,0.000410947954822508,0.0111685120279868
"11560",51,1.29495994921441,0.451803401612038,0.00358358892036328,0.013298823763484
"11631",40,0.861998726123951,0.179225332450238,0.00226802538949734,0.0123559397838434
"11264",45,1.03955681354843,0.267102479686163,0.00113673281868588,0.0119074017495154
"10670",69,0.996799139384233,0.212271700501591,0.000148142134426851,0.0100245348285253
"15758",40,0.906306169671971,0.281329141479899,0.000770701782211254,0.0123117239510456
"18022",26,1.26280174038869,0.526331036588775,0.00652955289113604,0.0142872012414716
"10967",63,1.04595911549195,0.188407538340622,0,0.00905933656607794
" 7967",42,1.15366429947469,0.37592402204276,0.000371471284349062,0.0108499699517257
" 7390",27,1.21511654771788,0.446085499906598,0.00678412859295242,0.0138724882708597
"10679",54,1.25454788568459,0.574400250641496,0.00142436848835459,0.0134257044204794
"10036",51,1.14743975560213,0.270580349496537,6.388803914077e-05,0.0108688011405681
"11660",37,1.03844602876102,0.366543264213224,0.00132323567530425,0.0121979248547626
"10495",48,1.06854716967275,0.207135763297277,2.46903557378085e-05,0.0108350879135769
" 9856",52,1.03569314879075,0.173891403131458,0.00068017047783929,0.0113536558362363
" 9992",51,1.05744285125575,0.172883787395606,0.000118848492026061,0.010591487769958
" 9896",58,1.04897560694831,0.170975417989913,7.15601835790721e-05,0.0104948832012845
" 9732",69,1.09741247225916,0.209164140976285,3.96161640086871e-05,0.00985251227223516
" 9678",68,1.07056921448404,0.214792993155612,2.70617458369201e-05,0.00999572037064274
"13388",60,1.18436596488241,0.357407236738277,0.00264437894757986,0.0128655135428814
"13774",37,1.05474845800913,0.281533161623428,0.000916472526538994,0.0121347096655399
"14327",45,1.03120827492619,0.307782157767627,0.000151489979272656,0.0104612316345865
"12599",40,0.976434225040339,0.182480596183033,0.000563553882377098,0.011841697116708
"11714",32,0.721300216899466,0.221002028695293,0.000665105176033169,0.012581933608395
"11792",49,0.83384225723725,0.23770298060468,0.000866533840922409,0.012064263048935
"13653",60,1.10020930287629,0.235965804059784,0.000103364709614215,0.00985054003522065
"12163",52,0.995819698638565,0.209315230146982,0.000190269182069892,0.0116282915729079
"13409",43,1.0143039113004,0.186167237262602,0.000593684485989339,0.0110867814563058
"11356",41,1.09722096890696,0.242964025072104,0.00285599064054176,0.0131674217795393
" 9907",41,1.02442808712508,0.191149744422782,0.00115026369160434,0.0121809621386123
"12948",40,0.966055505809785,0.17022670464101,0.000604843968808688,0.0113515267646104
"11154",77,1.1146625535316,0.238413167443954,3.40364225990129e-05,0.00869701652626709
"16469",14,0.237779789728857,0.0812100942505198,5.00781791518263e-05,0.0112788739918372
"10933",59,1.02981400469131,0.1784216375081,1.31123923127345e-05,0.0089646778345103
" 9717",60,1.08860039589755,0.224314764752652,0.00011201330879921,0.0100076557661444
"13773",46,0.930960429250235,0.241518291101018,0.000597450811440869,0.0112519243957858
"14374",55,1.06878424092959,0.288829629418748,0.00135559817548036,0.0122323349025161
"14046",54,1.09906192319025,0.308448671940646,0.00394850400855598,0.0130026851836024
"13438",39,0.802100785830199,0.191483100142021,0.00118485808834432,0.0121717904882618
"11157",67,1.10597473524704,0.22750393790783,0.000144375808975321,0.00913926995589115
"10984",55,1.01835618035064,0.176127627421052,4.26850217840079e-05,0.00904346439207608
"11467",44,1.00210455108629,0.263602752972163,0.00170488998772596,0.0121547168314468
"10372",49,1.06015827418541,0.252231170826882,3.18045260351432e-05,0.0105358758999976
"11086",44,1.13571637016284,0.35171836571847,0.0015347078747309,0.0122569577435305
"10627",39,1.06558061718445,0.276857255346684,0.00118192872410425,0.0117194791698527
"13044",37,0.858536245461565,0.245509387486128,0.00052463518604462,0.0120626459916322
"12872",58,1.57604084826732,0.544305444761882,0.00663180165246832,0.0135888370680032
" 9720",38,0.997896365449198,0.171449530437155,0.000519473925240672,0.0115287348801851
" 9820",44,1.02774133309594,0.18576658633653,6.05401942949655e-05,0.0105241863922283
"13660",62,1.0791252486442,0.230195840206667,0.000371889764954788,0.0106913786532903
"14379",54,0.935705552699386,0.193060530851594,0.000453493483071274,0.0103184661671689
"14114",47,1.08499886372821,0.223299938706515,0.000510406845449951,0.011885082179854
"13958",63,0.930985428476759,0.169999895084237,0.000190548169140375,0.0100873078947714
"11538",66,1.01143806883282,0.200910319882557,0.000127497091211056,0.00902624048564258
"13253",58,1.04345408943139,0.180631337020178,0.000471906629723199,0.010891317089913
"13522",55,1.07080083082982,0.204632806414485,0.000145352263722014,0.0102673468825946
"11040",31,0.919914199534136,0.287890465053029,0.0010097937016158,0.0120909717550874
"13187",46,1.30493013434575,0.39407824980746,0.00508133100825509,0.0136050687058686
"15227",57,1.10937967278601,0.266565242499605,0.00238464198495953,0.0125110068135106
"14579",53,1.02104531372237,0.214424146658332,0.000830684002365252,0.0117767362206567
"13973",45,1.0766211438436,0.240967535461983,0.000504827104040277,0.0112846122429727
"16794",52,1.17226108566202,0.367711790944025,0.00250837275071905,0.0131087071823505
"10585",28,0.855967960046703,0.29259505615798,0.00127734230220968,0.0119815969103921
"11056",31,1.09462667141612,0.36595427386511,0.000802227321175914,0.0124531182859871
"10810",60,1.08967923247387,0.18387630607573,0.000103643696684699,0.0101519666315062
"12996",57,1.32985502883775,0.461391392692488,0.00272486671741441,0.0133131968870541
"15114",48,1.04403060201711,0.23794863040641,0.00150122942627285,0.0116741431732249
"14671",66,1.04312116428421,0.175857733046784,0.000110897360517276,0.0099671360985496
"10774",64,1.13978849692203,0.295645004250731,0.00104773594320158,0.0107256956521232
"10994",45,1.08168185773213,0.359515378122544,0.00041108744835775,0.0118066505832275
"15038",54,1.039047133211,0.260103923809011,0.000399369991397434,0.0110653204243813
"14789",55,1.102101562694,0.282336195119359,0.000858722202948865,0.0116325340546646
"10980",70,1.02989091795776,0.170672478415921,2.78987070483712e-07,0.00748757904955097
"10852",41,0.998090746089667,0.175032584120947,0.000705976781859033,0.0118782358847009
"13567",43,1.16244866413163,0.364317555003745,0.000124846714041461,0.0105952501715394
"10951",66,1.02889776994922,0.167168694200271,0,0.00748912749229848
"10780",71,1.02779798103398,0.212838107347177,0.00047051169437078,0.00954936836721433
"12062",34,0.790945215048777,0.202152546485206,0.000449029689943534,0.0109765362237141
"11823",57,1.2128394409464,0.323161566208946,0.000153582382301283,0.0107598513168619
"13622",44,1.15282144396127,0.351801969648688,0.000253041272928727,0.0106585177103679
"14050",47,1.10270514930004,0.351023672701183,0.000128613039492991,0.0107309751321515
"14211",58,1.14633202179833,0.256282178963674,0.000147584160285884,0.0107370455075671
"13390",44,1.09995368546094,0.261986919774441,6.31905714645608e-05,0.0102442240672961
"14333",59,1.26595430274154,0.525291336581099,0.000266014171706219,0.0119375473277657
"10958",67,1.02766833722452,0.166694643988318,2.78987070483712e-07,0.00770644642892619
" 9075",49,1.1183718991299,0.338264388659205,0.00534288138683357,0.0133830561097306
" 8910",74,1.06156390327053,0.165158392735661,0.00121763906912616,0.0117243849244422
"11655",56,1.37012236847531,0.555484688064911,0.00241184322433169,0.0135842004900666
"14076",58,1.12696675069722,0.396793784149743,0.000500223817377296,0.011826323278938
"12041",54,1.12019068829083,0.301695981308184,0.000437172739447977,0.0110166627092746
"14061",44,0.933935826566261,0.205934687250373,0.00275904263354867,0.0123257389488363
"10148",49,1.09729596480103,0.379693009542976,0.000958878561252518,0.0121144364584163
" 9914",41,1.09887935333307,0.246736691154929,0.000458654743875222,0.0111755371590584
"10005",58,1.02698079972652,0.199890330006552,0.000534539227046792,0.0110321332575638
"10466",44,1.04108998667729,0.173196588919766,0.000630650272828431,0.0110255443955932
"10335",42,1.04545552368559,0.164228183166739,0.0017590134793998,0.0117935142077363
"11236",50,1.13823726123682,0.234421271787396,0.000598427266187562,0.0117066020504119
"13649",75,1.10066630766793,0.207008859728122,8.09062504402765e-06,0.00906894516984573
"10974",66,1.02906294321234,0.165922382048204,2.9014655330306e-05,0.00779170466446975
"10364",43,1.06561502933499,0.173120795989087,0.000108107489812438,0.0101707568118923
"10898",31,0.98063999349554,0.246762456121396,0.00111790119142823,0.0114620944880358
"13398",47,1.05132340181219,0.224352732728984,0.000910055823917868,0.0114350616090926
"12020",40,1.25411413449136,0.399780518389034,0.000457399302058046,0.0120862237275663
"10371",44,1.04395680566243,0.182518275198801,0.000720065628918461,0.010925773813441
"11769",50,1.14435907782002,0.362449023481563,0.00649593494914275,0.013811590431257
" 9988",44,0.9038213776533,0.148368318824351,0.000467163849524976,0.0109462500203615
"10455",39,0.76323312562621,0.120586710541781,0.00058698879629773,0.0115778272421954
"10144",21,0.692012713191245,0.134417471742702,0.00525486096609596,0.0130986801350099
"11061",41,1.21431892272938,0.267818741835222,0.00232326482945311,0.0131758271952705
"10583",46,1.06444489342589,0.205215490937962,0.00158799440519329,0.0122461556606105
"10522",51,0.985327820367992,0.243646134128638,0.00130119569673603,0.0122636523887792
"10206",48,1.02002711566952,0.198181773834863,0.000318463740957157,0.010852182922329
"10432",18,0.694563260609929,0.17518255816577,0.00342331084837039,0.0126636208065177
"11388",17,0.711293025211972,0.164058752483179,0.0015810197284312,0.0132908915000727
"10748",37,1.1068998320401,0.284697365921235,0.00317222248493505,0.0135511817784588
"11007",35,1.08219872075491,0.337092060708114,0.00353253428646476,0.013676907415174
"10111",32,0.969312367315439,0.18514854146123,0.00609921533491491,0.0135022352914023
"10479",47,1.05545380494375,0.204699230142201,0.000216214979624877,0.0110142100381317
"11703",20,1.12753361022796,0.27308154260942,0.0143540242699222,0.0143599632284913
"11138",53,1.13669727433017,0.260648711486854,0.000123591272224284,0.0111112512526099
"11471",62,1.17292430508173,0.317249628852514,0.00117397759259546,0.0125638080836747
"12861",45,1.05864318188661,0.282453040989567,0.000639019884942942,0.0117586172739237
"12549",47,1.01514120867722,0.286503058962574,0.000718810187101284,0.0121094222510692
"13661",72,1.08429505193073,0.206779463507958,2.65037716959526e-06,0.00895581060123226
"14225",48,0.96284539830744,0.166595699466706,0.000988730177794275,0.0107588319477747
" 7194",44,1.30512286976846,0.598638193700855,0.00081324731046002,0.0128677126288471
"11062",46,1.11084791313569,0.30082639940526,0.00204832307149141,0.012417235186036
"11111",41,0.865630858639808,0.18415615349075,0.0015937136401382,0.0124890934349459
"10079",51,1.10776918154635,0.25787580551668,0.00192473179926713,0.0118813898213749
"10516",28,0.939448878584527,0.182856704373111,0.00446490907602133,0.0131319153467008
"10267",35,0.855999875497762,0.16381553809561,0.000964737289732676,0.0117170237878178
"11083",39,1.1701259768672,0.282058902191125,0.0040979015848,0.0137922771628889
"11384",17,0.900323565892954,0.189232949245862,0.0030427724842306,0.0138040049066149
"13227",35,1.17718312309975,0.370029857499676,0.00561377783227325,0.0139939361062948
"11316",55,1.03534591730272,0.227311715991908,0.00037733001282922,0.0114240224191968
"10487",50,1.0424016077776,0.193146708571754,0.000908939875635934,0.0115325722199765
"12338",43,0.807135969108039,0.148654122766028,0.000516544561000593,0.010892751893873
"13630",72,1.00191793300496,0.192743725682449,7.71399249887464e-05,0.00901948016144661
"14180",50,0.910114596167433,0.167308932108923,0.000348036370428431,0.010301679547388
"11259",44,1.0941203353462,0.441099785700662,0.000435359323489833,0.0122650859172756
"12010",32,0.943924390772015,0.314656576518548,0.000524914173115104,0.0121768333548357
"10171",71,1.00730890855987,0.187067569352494,0.000204497522664561,0.0097224122001585
"10911",31,0.730137682608605,0.134247938710312,0.00172497705680079,0.0121756564071627
"10097",69,1.03002376222295,0.203875010582397,0.000345107006188352,0.0111230807287549
"11830",50,1.02249152512304,0.228735177547248,0.000213983083061007,0.0109842898968181
"10294",61,1.0543591854716,0.186201961753665,0.000183852479448766,0.0101938825433017
"10719",50,1.0694823845847,0.220533871239375,0.0021316007120308,0.0122859598443571
"11110",45,0.937059839017541,0.17356189522389,0.000990822580822903,0.0117542379704625
"10408",94,1.09265462320908,0.21701118738337,4.85437502641659e-05,0.00932899970512128
"11171",53,0.913797436035564,0.227703884094507,0.00157292910338717,0.0120184838249846
"13339",34,0.961829623563753,0.291045096588579,0.00225254160708549,0.0130580005080939
"12824",32,1.03803283860179,0.315081537954546,0.00106196428379625,0.0129954674558288
"11274",45,1.06901011504233,0.205286407946304,0.000776142030085687,0.0121061619637971
" 9882",35,1.02858471408184,0.179995925996556,0.00446267717945746,0.0128076013126896
"13766",44,0.997759132719485,0.245465849349159,0.000325856898324976,0.0114252605371402
"13448",42,1.0614107786386,0.259444289198446,0.00800692892288253,0.0140367832604469
"12346",64,0.940374903127545,0.167128126653457,0.000146328718468707,0.00984683206071196
"15117",77,1.05889120633971,0.212935396862348,9.79244617397829e-05,0.0104382499508341
"12518",51,1.07573291556433,0.203452575644604,0.000361706736882133,0.0110008050973632
"12063",46,0.960720304956274,0.194472092321929,0.00051710253514156,0.0106986638390183
"11817",54,1.18094537915127,0.303296484989753,9.95983841626852e-05,0.0105311822920803
"11263",44,1.16483083263066,0.403980900463576,0.00296674850752379,0.0131257976744433
"11365",28,0.681549869560522,0.192269187596416,0.00102304558746377,0.0123710319096189
"11604",45,0.91176088275966,0.190830552085397,0.00234125949549931,0.0122027058625842
"11896",54,1.08376109048471,0.226815104213374,0.000302421984404344,0.0113319394043409
"11172",57,1.07394345246981,0.229682356868928,0.000983568916990327,0.0118441235564095
"10724",60,0.836803572362777,0.153328765428785,9.76454746692992e-05,0.0103465348776363
"10414",72,1.01297598302555,0.189263864278622,8.2301185792695e-05,0.00930740397992935
"12905",35,0.778271609746,0.139954849597198,0.000938651998642449,0.0117055523415455
"17589",50,1.10101869741849,0.408112292721853,0.000113966218292596,0.011051056660064
"10082",29,0.960971172743271,0.200298543324928,0.00157599796116249,0.0120063730489112
"11563",58,1.21695163209383,0.39738674717113,0.000356545476078184,0.011622811114381
"13484",40,0.87572488140689,0.267434276447655,0.000103504203149457,0.0105173797279229
" 9733",42,1.04440814444214,0.16920540064077,0.00135266881124028,0.0126006966403354
" 9516",61,1.05833637549448,0.227424540328837,0.000227653449514709,0.0111367692204409
"11871",41,0.935241428127414,0.210980238421354,0.000392116327564857,0.0109055221978277
"12653",30,0.750771969491764,0.148866457617816,0.000962505393168806,0.0115683139825118
"10773",45,0.995728849504798,0.17559659310829,0.00152787269150405,0.011370244736948
"12827",53,0.957974449590311,0.22912714105537,9.48556039644621e-05,0.0103213602412892
"13527",45,1.05184667921427,0.225097634654289,9.31816815415598e-05,0.0112153966783462
"11359",64,1.09832884628481,0.263952671006685,0.00196086062489477,0.0119444416290715
"12138",40,1.00168665740845,0.175368293836437,0.00134332274437907,0.0120048024476658
"10146",59,1.02881370253895,0.233964460401428,0.000836961211451136,0.0114199900354535
"11205",62,1.04779492646504,0.206233667682525,0.000670824410978085,0.0111704154555239
" 9970",60,1.07077899558331,0.200265084207384,0.000104620151431392,0.0109453039652261
"10313",50,1.22755009767807,0.260915301659854,0.000873508517684502,0.0116622318037079
"10486",56,1.17217191429524,0.301132030390751,0.00242983789037789,0.0122662228166872
"10653",76,1.12201897426606,0.238441166387605,0.000241602803038895,0.0105781996809181
"16502",35,1.27597712104661,0.519010835710957,0.00486134970317868,0.0137421495935074
"17050",42,1.26194862659172,0.304231267275269,0.00115221660109773,0.0126225701576415
"11253",46,1.28889899129856,0.506610547613908,0.000741966113951432,0.0125982837003023
"10765",60,1.01468916293136,0.213414988687894,0.000434103881672656,0.0106751482859408
"10800",52,1.00440821217769,0.214981873424559,0.000533283785229615,0.0112945127814885
"12468",40,0.930467967497354,0.241699268613138,0.0012357732287076,0.0117806726370224
"13568",55,1.07974915504286,0.208883612461208,0.000143259860693386,0.0106753947764283
"11270",38,0.915964931759593,0.156477066426189,0.00247628923761343,0.0126611898271859
"10630",61,0.95445245172332,0.197633442158585,0.000506780013533663,0.0111921694207402
"10319",49,0.982031412372676,0.24616045310699,0.000585175380339586,0.0118963077118849
"13935",61,0.997448104695624,0.197404653751635,0.000947579584897928,0.0110421462823092
"16968",45,1.07691988883589,0.458551933297683,0.00195542037702034,0.0133847253302415
"10150",47,1.10965598574026,0.266902530499341,0.000277452641596052,0.0108161725672361
"11629",55,1.14877546929632,0.36457595115065,5.83082977310958e-05,0.0114321083088098
"13462",39,1.08648294736394,0.331530226420262,1.95290949338598e-06,0.0100477032609995
"12833",60,1.05997622232464,0.26176391662666,1.06015086783811e-05,0.00941233735990091
"13573",37,1.09406291546611,0.270768196628943,0.00115151913342152,0.0121971533586694
"10663",45,1.06827019109903,0.20356917311512,0.001151798120492,0.0119047858838155
"11690",76,1.11149945729208,0.232146040709461,0.00068547123217848,0.0108886863501791
"16183",58,1.39143623894354,0.54680983462168,0.0014397127772312,0.0132959861047929
"11707",47,1.40288523698744,0.597234931870768,0.000988451190723792,0.0129989022171909
"13537",65,1.05295949747571,0.208163629904976,0.00072299499315854,0.010878280967995
"14456",58,1.08025445451307,0.196688401507834,0.000442752480857651,0.0107420174423151
"16210",32,0.719654394194859,0.243132118815092,0.000103783190219941,0.012038085021009
"12018",43,1.19954317423924,0.473571737934204,0.000142701886552419,0.0117162320882334
"15526",62,1.42281370111476,0.610452986391279,0.00267185917402251,0.0135719698168604
"10143",56,0.991956900312506,0.188592180586873,0.000230861800825272,0.0113244025134485
"14064",56,1.10946053254622,0.396305994906165,0.000498689388489635,0.0121354274736154
"14668",50,1.05844916612543,0.182806858866866,0.000575829313478382,0.0111196487107303
"12021",59,1.34384127936807,0.517173463692696,0.000542490358555578,0.0119438373127757
"11665",59,1.33473152407594,0.378958456626669,0.00233637722176585,0.0126707438771422
"10896",41,1.05585213468788,0.176160531274562,3.76632545153011e-05,0.0103047093986551
"11609",67,1.0638610234252,0.267558167687707,0.000534818214117276,0.0106585812249749
"11303",42,1.01684821160088,0.178161185408061,0.000171437554812241,0.0105098343109499
"14938",27,0.697992334229932,0.283485599048633,0.0011151113207234,0.0127602369824283
" 9920",45,1.20042405061474,0.533855451413113,0.00326889150485765,0.0134817639070666
"12013",32,1.01764576000302,0.370115454631235,0.000718391706495558,0.0123203813055755
"10887",43,1.05374302482359,0.176385045516609,5.11941274337611e-05,0.0102878355838532
"12936",34,1.12876622546526,0.407477501060863,0.00109223438094373,0.0133917072722589
"13222",43,0.812231641148683,0.266270338323227,0.000930700867133663,0.0129973306550656
"11966",68,1.08342859905893,0.322279418161176,0.000789672903004147,0.0117213984554109
"11176",48,1.10759441318299,0.186135233555609,0.000150095043920237,0.0108107318777154
"11498",88,1.06650198191671,0.198207622483699,2.34349139206318e-05,0.00856878783749303
"10288",39,0.91500139802118,0.157754141369768,0.00217316978553287,0.0114139998994475
"13391",30,0.607167027765826,0.208055372575512,0.00134346223791431,0.0125574283791128
"13807",48,1.14659913830217,0.28337755056309,0.000803761750063574,0.0113152208258291
"13455",35,0.805282688124309,0.192217521868071,0.00736749055733387,0.0135749504431303
"10421",37,1.04903270876558,0.444269757909785,0.0038229598268383,0.0137810674260212
"11192",39,1.03417227126138,0.241564697574269,0.00176529068848569,0.0126677827570388
"10605",32,0.993299733696104,0.181636753122868,0.000481531683654887,0.0109635673058221
"10740",50,1.07269880390774,0.197259168805886,0.000164741865120632,0.0104624576270305
"13705",36,0.828852933502106,0.214020289179201,0.000765819508477789,0.0116207662509346
"11500",21,0.607730287944171,0.120360936229842,0.00283297420722685,0.0123335874380349
"12821",53,0.996366426697885,0.226643568722349,0.000107549515671471,0.0103846650659355
"11597",39,0.965789846833944,0.145418185224244,0.00606029663858243,0.0127089375749011
"11156",31,0.826703500656031,0.284523575344958,0.00503864598647108,0.0137281221334076
"12625",46,1.10959915261058,0.248084502902381,0.000479718267696743,0.0117817521372728
"11348",77,1.06224437390621,0.192279488452539,5.30075433919053e-06,0.00826542349844439
"12036",37,0.730204658371043,0.216166679863759,0.000302700971474827,0.0117413954281228
"13557",44,1.13446162450993,0.282791213116728,0.000147444666750642,0.0118966380447325
"12287",34,1.03927748591819,0.301546754073836,0.00140469989988549,0.0127837773957399
"12032",43,0.963333964112528,0.226728778940465,0.00111469284011767,0.0120229394796572
"10876",41,0.980673921217712,0.205841784159655,0.00134513616033722,0.0118152271652426
"14382",62,0.98242284349234,0.247744712408739,0.00104285366946812,0.0126247766118526
"13632",63,1.0812538535643,0.219179246528764,0.000177714763898125,0.0109075134705496
"12928",39,0.868865642844389,0.178477692881692,0.000807807062585588,0.0118647149162822
"12231",43,1.03645061289642,0.268764169685572,0.00187716450374966,0.0128325429735929
"11987",52,1.07809963600543,0.277656970166273,0.000449587664084502,0.0115410322262073
"11314",58,0.941025203504823,0.184685699931523,0.000811015413896151,0.00995112256444715
"15953",56,1.08248926936956,0.407761450355074,0.000235186100417769,0.0117982539062849
"10404",59,1.0654414965367,0.213724680759021,0.00022472408527463,0.0104374083233015
"10674",48,1.09668052523251,0.257078214436284,0.00142827430734136,0.0124609852299586
"10509",45,1.00196476994494,0.223601615123125,0.0012357732287076,0.0121798148395362
"10289",67,1.08949364768931,0.212839062316922,0.000281776941188549,0.0113349003317609
"10025",64,1.02155356187749,0.202174292472703,0.00128919925270523,0.0115139196026942
" 9834",58,1.09334758676904,0.250472664106567,4.96596985461007e-05,0.0107899469980275
" 9731",43,1.05494402077267,0.259808519617089,0.000475533461639487,0.0111508987824336
"16484",26,0.575287570723108,0.177943162845857,0.00126422990989694,0.0126060124091296
"13627",49,1.06288485455324,0.237239430610178,0.00170405302651451,0.0116747339512493
"11673",68,1.04839380229407,0.210824107791226,9.27632009358342e-05,0.00886003591432769
"14304",37,1.07147500547309,0.274500224327319,0.00269557307501363,0.0128049929287949
"10695",29,0.905161413166221,0.220490219200076,0.00120452667681343,0.0122086752512409
"10244",44,0.952369648900392,0.162614412386379,0.000396022146551629,0.0106333981436185
" 9792",40,0.959922148045773,0.203058088417596,0.000421270476430405,0.0108757693101671
"10641",56,1.05875907586121,0.191235154175665,0.000956228184082923,0.0108649714856359
"12422",58,1.0828922171763,0.193629855245964,0.000574294884590721,0.0114913365363417
"11313",81,1.04279732990193,0.194164479995231,1.00435345374136e-05,0.0077560652508182
"14414",63,1.06497124356443,0.218772998216044,0.000963760834985983,0.0112990199208286
"15260",71,1.12517160919594,0.280539530618719,0.00276406440081738,0.0125435945590492
"16787",41,1.03300144231604,0.310792899365999,0.000804319724204542,0.0125703357729026
"11231",43,1.10143669824086,0.271698171301771,0.00016460237158539,0.0109277238836554
"10710",41,1.0766046496802,0.282800744770358,0.00434745551934768,0.012895583383248
"11532",45,1.11754948219058,0.314259532499799,0.00031790576681619,0.0114744122249063
"10798",62,1.0289670002376,0.172851880111928,0.000123451778689043,0.0101526138420114
"10450",51,1.07408726032311,0.206057328513617,0.000182039063490622,0.0109896156971205
" 9686",48,0.925113599528854,0.169601231025325,0.00163430625889358,0.0119261257424267
"10328",59,1.11051389206439,0.199981747954573,0.000144515302510563,0.0104781641878595
"10016",41,0.824110076251263,0.210232406668534,0.00278638336645607,0.0127853974395895
"10238",55,1.11736557755719,0.218872169124657,0.00021119321235617,0.010491641610748
" 9944",51,0.907178430620158,0.206291815729278,0.000312883999547483,0.0113006615995785
" 9819",50,1.07808049133295,0.200961179021748,0.001310402270062,0.0121334006840051
" 9945",73,1.06725356480236,0.203248757843933,0.000137819612818954,0.0102972629966816
"10847",55,1.003083245197,0.165707468501856,0.000689516544700494,0.0114241382433088
"10076",51,1.00696397694469,0.206943275952485,0.000349152318710366,0.010902790959504
"10428",82,1.07083596511588,0.185804179299908,4.26850217840079e-05,0.00966956200826523
" 9935",43,0.959865820803907,0.180163855540396,0.00184522048417927,0.0121907556181622
"13241",37,0.839431010088017,0.211892454362088,0.00130482252865232,0.0116270153093915
"12219",46,0.899855637833354,0.185716839385798,0.00109502425164857,0.012067942005303
"15137",58,1.14096601695212,0.302066708795817,0.00099207802264008,0.0118393996444512
" 7195",43,1.21855535267105,0.579741047516807,0.000316092350858046,0.0127170759917817
"11228",28,0.886220348156374,0.231695675526483,0.000785069616341165,0.0113504716024602
"12042",47,1.09819080113163,0.290461349143304,6.96072740856861e-05,0.0106527099728407
"11460",50,1.03962102576461,0.320599784805849,0.000497433946672458,0.0109654209859406
"11680",45,1.09787045046711,0.280460404632872,0.000125265194647187,0.0105223110060781
"10882",48,1.07210013951664,0.178103166747,0.000335621445791905,0.0101550751353539
"11390",46,1.04145788737102,0.179077342773969,0.000468279797806911,0.0113219718845444
" 9910",58,1.0280109904872,0.186908682588732,0.000359893320923988,0.0109612498478434
"10069",50,0.896331160429436,0.167498268480889,0.000399509484932676,0.010465973879123
"10164",84,1.00754541511425,0.192885047353485,0.000266014171706219,0.0102061904246068
"10185",52,0.901569784126196,0.163968410869212,0.000125404688182429,0.0103162037160575
"10465",50,1.15835589517932,0.270046996222051,0.000258202533732675,0.0113234229718953
"10758",42,1.12373745298632,0.274708421185665,0.000592847524777888,0.0120162550697819
" 9981",45,0.952117236640156,0.191974945308027,0.000707371717211452,0.011647342614201
" 9784",64,1.03986941070105,0.189660466108623,0.000194314494591905,0.0104267016912947
" 9685",66,1.06520913785533,0.203299654762807,0.000321253611661994,0.0104634942058674
"13949",46,1.31529965939021,0.419680493435684,0.000467721823665943,0.0122111135543815
"13273",46,1.00197192557421,0.185120503892583,0.000866254853851926,0.0115970779347676
"13652",36,1.02956761969192,0.305164526469462,0.00014883960210306,0.0103070566342298
"12728",51,1.23775278433087,0.417325145594861,5.60764011672261e-05,0.0110859008804416
"12995",53,0.942332347349937,0.274029019970551,0.00103336810907167,0.0115485143497945
"10761",31,0.968508229807615,0.232005276219623,0.00168508190572162,0.0125169318192617
" 9688",54,0.977469315898546,0.188209330665629,0.000189850701464166,0.00995431652498275
"13900",41,1.10241919832907,0.29360395824932,0.00135755108497374,0.0122815861202446
"11297",51,1.03492300989228,0.208356815402345,0.000563832869447582,0.0111340199947864
"12223",41,1.09007093116941,0.278098991984862,2.70617458369201e-05,0.0109650117997534
"13503",39,1.04252943956169,0.303928988300079,1.28334052422508e-05,0.0100366143676038
"12850",52,1.1727273620065,0.391643693184274,0.0002209577598231,0.0112832536306073
"11682",49,1.09215162238984,0.276857231764821,0.000193338039845212,0.0106044560880857
"12043",42,1.09727437249592,0.294817416868299,1.9389601398618e-05,0.0105450330984086
"14329",40,1.09130785292941,0.319766111174512,4.77067890527147e-05,0.0101062822009311
"11277",45,1.10400257164636,0.332713312807494,0.00273825809679763,0.0126909103966714
"15263",60,1.34434547963562,0.520094460846564,0.00120201579317907,0.0128384564981837
"13570",25,1.01360309435566,0.402639205638621,0.00158562301509418,0.0129670156374922
"12947",54,1.15988598942516,0.389415121260915,0.00109335032922567,0.0118251653310896
"13373",42,1.06502141114696,0.311160689579365,0.000627860402123594,0.0107107485399263
"11668",46,1.08778857182236,0.287266844920157,0.000619490790009082,0.0108348543539434
"14263",49,1.03244313838637,0.292560525684181,0.00055169693188154,0.0106898167608052
"16178",55,1.32235722922204,0.442876191817518,0.00127762128928016,0.0122801497011305
"14521",49,1.20904596129051,0.441253769764633,0.000694398818433959,0.0122229040454303
"15373",46,0.984172300959113,0.317330873978997,0.00143427252935676,0.0124952493972444
"12195",35,1.02802606596279,0.269651069941776,2.92936424007898e-05,0.0109252731313345
"12760",66,1.07560737774907,0.211063202864696,0.000185107921265943,0.0101524506062669
"12402",66,1.11832169332358,0.218513610383244,0.000328786262565055,0.0103545068637469
"14474",47,1.19179958334952,0.431698141336734,0.00066817403380849,0.0123047200686617
"14325",38,1.0726267659681,0.313842741490037,4.60328666298125e-06,0.00982750642590131
"16205",30,0.609392763856848,0.171726568661778,0.00120829300226496,0.0120401049316694
"14858",41,1.0236542671422,0.288983945296185,0.000251506844041066,0.0108525391614283
"16200",27,0.676158761794653,0.186893993098165,0.000605541436484897,0.0117089185578469
" 7145",35,1.16177029645033,0.428411799800962,0.00110520727972122,0.0125860481288609
"12485",51,1.14647936235,0.226070096296335,0.000261271391507996,0.0110989124298885
"12763",68,1.07219918696972,0.224443869991261,0.00015260592755459,0.0102757712878489
"11454",40,1.02149666783601,0.203537346652774,0.00091995986492004,0.0110750176033488
"10913",52,1.05097858931261,0.187079025350525,7.86743538764068e-05,0.00993026664657746
"16147",62,1.31350742314821,0.530020788567463,0.00207733772682172,0.0132268124641924
"11758",36,1.00405690137278,0.236034923984073,0.00139828319726436,0.0123886089268458
"10883",57,0.998479613703688,0.216082784134088,0.00137582473809043,0.0119921047020409
"11684",45,0.924652569397803,0.164601846076592,0.000234767619812044,0.0105328362137947
"11177",63,1.05144310000384,0.221823458930062,0.000943534272375914,0.01198672371252
"10393",63,1.02806773395886,0.20414168768615,0.000219283837400198,0.0107300780225044
"10483",46,0.914960866118116,0.162282838567515,0.000618235348191906,0.0110342053603124
"10796",55,1.04998862054054,0.17763785123519,0.000142422899481935,0.00983797339916657
"10669",61,1.10268102855397,0.189409863204681,2.87356682598223e-05,0.00943946483956479
"11397",57,1.06196943896972,0.172041042287087,0.000513196716154788,0.0108623100426219
"12150",53,1.00905278674611,0.209465881363576,0.00119141428450069,0.0120155314196677
"13856",41,1.0409208088936,0.261923326296105,0.000232535723248174,0.0110347557090126
"11801",60,1.14749845380264,0.296698874918789,0.000309954635307404,0.0113853305241913
"11555",49,0.918208033253664,0.161487789340605,0.000244532167278974,0.0107557738967065
"13752",46,1.16275438444253,0.339667176119278,0.000611260671429813,0.0119832349435462
"16559",56,1.30875523454588,0.452003916879638,0.00258286229853821,0.0133754740481288
"11936",64,1.03322762164682,0.165800142803451,2.51088363435341e-06,0.00833623734947124
"10230",33,0.967895827780432,0.162746636124824,0.00168257102208727,0.0125020973219673
"10033",24,1.1199063521994,0.177396788140779,0.00277034160990326,0.0128009009733515
" 9925",29,0.965147536474057,0.173455908654903,0.00158032226075499,0.01228165656275
"11909",26,1.20787883527661,0.450872006332593,0.00440102103688056,0.0135375138137592
"10436",64,1.06490524219018,0.194668957978196,0.000557974140967424,0.0103380791872758
"11849",35,1.17560049943873,0.405018353332355,0.00275625276284383,0.0132729388219127
"10684",67,1.00704026694481,0.185105584541437,0.000228211423655676,0.0102532537736002
"10571",40,0.895089803334972,0.229167352062387,0.00318617183845923,0.0128814222639201
"10856",74,1.09144744907225,0.208579957636139,3.13860454294176e-05,0.00943438530801659
"12435",52,1.13263277376995,0.226947174387191,0.000132100377874038,0.0111339759295385
"11521",65,1.00876685970905,0.197634481650645,0.000510267351914709,0.0107926511009798
"11431",38,1.04981857699276,0.227096570027583,0.0014353884776387,0.0117842156872502
"12857",49,1.14826045457662,0.34858478135312,0.000932653776627049,0.0114884071901825
"12545",38,1.03588414608639,0.338348144951143,0.000234767619812044,0.0108867954064333
"12841",47,0.879618314968248,0.207828423329005,0.000237557490516881,0.0106089233245064
"13539",49,1.0896014960678,0.273055386476192,0.00167503837118421,0.0123503992357565
"11885",31,1.07257855627939,0.387213495546072,0.00210453896619388,0.0130364624807763
"12449",45,0.974856198939506,0.189422157841254,0.00163081892051254,0.0120834496021724
"11391",61,0.979423116231324,0.178319607498358,0.000184270960054492,0.0108241086810764
" 9829",33,0.978291992773528,0.188542747514485,0.0023372141829773,0.0126241205906216
"17851",78,1.05036414185963,0.211103736757512,9.48556039644621e-05,0.00988422457821034
"12240",50,1.13451444022057,0.359276519189094,0.00197634440730662,0.0121150064993384
"13987",50,1.09174678212753,0.315175107045709,6.04007007597236e-05,0.010538325175784
"11369",61,1.09045215125039,0.296452577576212,0.00109237387447897,0.011921466476009
"11071",44,1.05227220021888,0.211301380373196,0.000402578342707996,0.0115678028528096
"11683",70,1.14796777491658,0.256896638615738,0.000593266005383614,0.0114651564013233
"10286",39,0.820062691110054,0.162471306799867,0.00157795087065587,0.011927420661202
"10572",50,1.02883743938791,0.219690639057097,0.000377051025758737,0.011218544017857
"10180",50,1.06733778287003,0.211685784917447,0.00137066347728648,0.0117539803508991
"10492",52,1.04330440420331,0.201012110642712,0.00139786471665864,0.0121096829658105
"10321",48,1.04804167324179,0.209542627239057,0.000795531631484305,0.0112519208113019
"13614",45,1.10945903895611,0.236840861554846,0.000741408139810465,0.0114627240108891
"11347",49,0.999313063616612,0.181473572959114,0.000731085618202567,0.0117211471809807
"14340",66,1.30290542864836,0.527310968457402,5.85872848015795e-06,0.0117009628179135
"11045",59,1.06962577777587,0.21495965839335,0.000165578826332083,0.0107084209020614
"10548",42,0.946397602944233,0.188235504359767,0.000679891490768806,0.0115843497090652
"11859",51,1.19686065808204,0.422521432155178,0.000898477860492794,0.0125989756024102
"10717",59,1.11603263129405,0.190346175559538,0.00086360447668233,0.010997798691499
"14351",43,1.41570780237199,0.552514023631834,0.0012580921943463,0.0126867437097854
"10216",42,1.05007949176137,0.22643002514643,0.000356963956683909,0.0108039990819087
"10338",48,1.09908424184545,0.273790965952509,4.9380711475617e-05,0.0104513022747323
" 9894",47,1.04395250608781,0.181130896309033,0.000347896876893189,0.0112125706285391
" 9598",49,0.966398697348301,0.165769605048837,0.000839332601550247,0.0118014151071356
" 9735",66,1.02294697778465,0.18237880695056,0.000159441110781441,0.0108529057864331
" 9635",41,0.938103931465062,0.177513834892805,0.00131277366016111,0.0115277903345694
"10566",38,0.994558346640493,0.1838777378872,0.00362934279992261,0.0125931224253213
"11120",61,1.12192917186885,0.239401278718644,0.00159999084922409,0.0119385654290219
" 9955",51,1.05248653945638,0.224932317625375,0.00214401563666733,0.0126466792825817
"10026",66,1.01777087452524,0.143996444004381,0.00116658443522764,0.0116931488160621
"14356",39,1.14739165907426,0.476200061503984,0.000126799623534847,0.0120561850977951
"11661",45,1.16678467268614,0.410013168477294,0.00120048136429141,0.0123320620794458
"10134",44,1.06425464613291,0.172495233478617,0.00176989397514867,0.0119556826570766
" 9909",49,1.10654051898421,0.215861442438739,0.000744476997585785,0.011884197481849
"12564",45,1.15648689974095,0.436062319672722,0.000533981252905825,0.0123981468927874
"11268",48,1.01769669189142,0.181831520670186,0.000604425488202962,0.0111409972173352
" 6062",68,1.05824852036948,0.218280746058114,2.21794721034551e-05,0.0100243894791144
" 8039",35,1.1303887329626,0.49370294666076,8.66254853851926e-05,0.0114643170592778
"10378",35,1.05309242886653,0.165634328524983,0.00119113529743021,0.0110954922450114
" 9640",48,1.30400128803158,0.468608493629753,0.00326010341213742,0.0132358241560718
"10217",42,1.06591065217915,0.257954679709556,0.00105457112642843,0.0113317456274761
"11744",41,0.983122720676343,0.23339889948104,0.000331715626805134,0.0107021753625582
"12117",35,1.0070109515515,0.243014325401932,0.000364078126981244,0.010915215623588
"10582",33,1.05876512856108,0.280525962670874,0.00111008955345469,0.0115684942782258
"10900",34,1.20367589454206,0.415173539713362,0.000691190467123396,0.0123340927111684
"10502",46,1.0673860083006,0.273546843668098,0.000694119831363475,0.0114425069440198
"10387",53,1.11920750915265,0.30909368132594,0.00018189956995538,0.0110218615546583
"15441",45,0.791143152434866,0.259849468491352,0.000777397471902863,0.0119491246050669
" 9734",37,1.03327256862026,0.174696086939675,0.00634109712502429,0.0134561371858278
" 9604",37,1.20180463402364,0.21230985789828,0.00987795571108155,0.0137151557392178
"12132",34,1.04250640567532,0.308459939097099,0.0010731237666156,0.0123635858531047
"11770",46,1.13020113413983,0.396301920456323,0.000679612503698322,0.0117470723921602
"11481",51,1.09770768735403,0.365565269149604,8.4254095286081e-05,0.0109237389451205
"15350",39,0.66622802091543,0.2227438229782,0.000540258461991708,0.0126549167634503
"14562",60,1.20441734406778,0.415257250800176,0.00123995803476486,0.0123040050985217
"11387",49,1.06564355704184,0.201438731490066,0.000415411747950247,0.0109712747607142
" 6056",70,1.05998673515702,0.217840494951387,3.01306036122409e-05,0.010236203534625
" 7201",33,1.10197858455687,0.442831592717948,0.00069523577964541,0.0124591702464216
"12221",40,1.0332557445097,0.259103614164886,2.35744074558737e-05,0.0102157367080674
"10475",62,0.988449109696549,0.239443311763271,0.00104271417593287,0.0121694664230849
"12524",38,0.967182273029377,0.240640281790028,0.000468140304271669,0.0114348667694919
"12401",42,1.02883734849968,0.239706185340567,0.00131793492096506,0.0115068225690639
"12100",44,1.14682027430266,0.30168371757427,0.0010971166546772,0.0116185150918655
"15716",38,0.751550281654979,0.231969725903828,0.000290565033908786,0.0117313421537214
"15525",60,1.23190960349723,0.423185443693947,0.00126297446807976,0.0128514271515737
"17686",50,1.17247950044872,0.444872527179159,0.000105596606178085,0.0111145613942682
"12314",48,0.898615763901187,0.154806463230473,0.000434940842884107,0.0113817830649999
"11837",49,1.12554036108633,0.278127090526584,2.0366056145311e-05,0.0101738409994096
"12676",40,1.05283063488349,0.240479215130529,0.00505217685938954,0.0132661451400426
"12433",37,1.02727482363263,0.258980325089134,0.00024578760909615,0.0119100724653512
"12168",59,1.21953692836034,0.368182566650654,0.0012307514614389,0.0119479364907682
"10783",62,1.06964027323241,0.231309761849112,0.000649760887156565,0.0109057239299872
"12363",25,0.919463922134116,0.240195987910354,0.000688121609348076,0.0123506196580686
"12873",37,0.748922051105599,0.165447604392072,0.00170698239075459,0.0123022054302616
"15430",13,0.232558227660291,0.0754506260321706,2.49693428082922e-05,0.0108288348772903
"16025",49,1.50891561541577,0.542444037695823,0.00239496450656743,0.0132439558280268
"17610",51,1.22738417965069,0.400052000002814,0.000733038527695953,0.0124685015665532
"10775",66,1.0708199350303,0.221954053681345,0.00030214299733386,0.00960663992353172
"12778",52,1.02412636270859,0.239787034065314,0.00147960792831037,0.0117473348217364
"12458",62,1.11432544892985,0.222015691186422,0.000125404688182429,0.0100777470732494
"13243",50,1.08348855388078,0.313509416966106,0.00196392948267009,0.0130157793593068
"13545",38,0.923692780703558,0.220084468906274,0.000881320155658046,0.0118273862272812
"16970",39,1.19040935084946,0.493038715863304,0.00453911963676999,0.0141489041152587
"14331",64,1.27308881492428,0.51344729119608,6.41670262112538e-06,0.0117431252929537
"12202",45,1.06693441517425,0.289850978708291,6.94677805504443e-05,0.0109669265151298
"12603",61,1.07623086413864,0.219831965770284,0.000183015518237315,0.0110471928726682
"10962",69,1.02297080191687,0.166986216236023,3.20835131056269e-06,0.0076189326532889
"12686",28,0.692079871271444,0.191185683206415,0.00123158842265035,0.0127084078782388
"13212",60,1.12060254227445,0.216779787048537,7.92323280173742e-05,0.00977533915748187
"14412",59,0.981267707655481,0.190045726485215,0.000975478291946299,0.011340463530425
"11159",55,1.09687068345809,0.275015387915532,0.00139228497524896,0.0121563027359529
" 9961",47,1.05864244559954,0.246089300406876,0.000503850649293584,0.0113303280918683
"10610",39,1.02640558207477,0.168612840207505,0.00154168255149299,0.0124769633303717
"11437",75,1.08912553267236,0.22637796149488,0.000101411800120829,0.0102018421844952
"11227",31,0.959380589290648,0.164663463691274,0.0030694157494618,0.0122203718425919
" 9956",32,1.05787118682805,0.279142566752472,0.00211416402012557,0.0121356836544737
"13782",53,1.22737275623453,0.346835809033759,0.000226816488303258,0.0113185630789227
"16498",39,0.433316642551778,0.124039381995417,0.000154140356442251,0.0110655671245885
"10969",70,1.02609210349633,0.16713047424704,7.95113150878579e-06,0.00801848917023019
" 9917",30,1.13540324333178,0.441288963834561,0.00218265534592932,0.0130109318472882
"10118",38,1.26891007356877,0.53514972983967,0.00295572851823969,0.0133551440591383
"14593",34,0.730003959611948,0.174492638458281,0.00121763906912616,0.0121994239475297
"14153",72,1.06151162893793,0.197868746678055,4.8404256728924e-05,0.00974100892703729
"11497",49,1.00076188854085,0.270815858867083,0.00132128276581086,0.0125316303609611
"10478",60,1.11433075030959,0.225591228489508,0.000623675596066338,0.0108399108597042
"11044",43,0.955582489584216,0.217000433815844,0.00161491665749497,0.0119428382561556
"10115",71,1.10783046653799,0.208078866764298,0.000118708998490819,0.010157666331335
"10746",54,1.0910441124796,0.204680947399593,7.12811965085884e-05,0.0104668681543069
"11252",55,1.14875318274537,0.293548807808355,0.00108902602963317,0.0122031791028416
"13970",45,1.02655132293676,0.23567151896061,0.00126925167716565,0.0126507276778527
"11738",62,1.12521710531424,0.256156673848092,0.000384583676661797,0.0113485687357131
"12617",31,1.13513487706524,0.433630771192744,0.0017890045894768,0.0129162737531456
"11151",52,1.17837100993255,0.327066079117544,0.00180072204643712,0.0120783373759576
"11485",46,1.16044997196066,0.428461971032084,0.000120382920913722,0.0110055618110448
"11796",47,1.13447434993195,0.419422250439655,5.53789334910168e-05,0.0109593925575984
"11400",29,0.875925279316421,0.149116950639446,0.000795392137949063,0.0115225130617468
"10476",61,1.10292004574119,0.205099603725955,0.000340224732454887,0.010953074363711
"11102",56,1.24842584539628,0.309167289191673,0.00385155600156289,0.0127636608020952
"16790",28,0.978025149333726,0.332931932368033,0.000732899034160711,0.012240322713332
"12817",41,1.14902632261403,0.367682776649091,0.000331855120340375,0.0109709959569718
"11991",47,1.14068870335559,0.364459831591789,0.000629394831011254,0.0119683454772677
"12553",44,1.01625142291781,0.272783505849447,0.000946463636615993,0.0116430248968781
" 9891",64,1.03031630071155,0.170314282863504,0.00119797048065706,0.0114537518631648
"10135",37,0.90451089667359,0.154058804492937,0.00172665097922369,0.0119035862292174
"11213",34,1.05202677743508,0.210777060844478,0.0056685987916233,0.0133092029848177
" 9885",53,1.0423757727576,0.183860995184899,0.00158645997630563,0.0120883333525443
"14610",35,1.12460998090092,0.325664215283442,0.00506249938099744,0.0132855106769538
"14334",35,1.12863097559549,0.324896087639934,0.000617677374050938,0.0110358124009671
"13735",35,1.10032696475829,0.351106713497677,3.57103450219151e-05,0.010734841216694
"11479",61,1.31829784339621,0.442614230581657,0.00155228406017137,0.0115762745037847
"11518",42,1.12471135909928,0.373324683402096,0.00297721052266693,0.0128958609816724
"11222",46,1.25114868087887,0.492900053123163,0.00146007883337651,0.0131796468368835
"12595",41,1.01587461402839,0.245934197993779,0.000637903936661007,0.0111938945319847
"10599",49,1.01693545368979,0.203251139167252,0.000359474840318263,0.0111353148781928
" 9924",48,1.04203324186662,0.159435527285884,0.00413444889103337,0.0125621310532546
"18512",58,1.2185303726859,0.433873154315462,0.00103908734401659,0.0119331214946567
" 7465",64,1.03265398776661,0.15132202941546,0.000354592566584798,0.00980068912527409
"13881",79,1.02309331009122,0.194486660511799,0.000618653828797631,0.0111047444965859
"13459",52,0.996513973227213,0.228657089913383,0.000820221987222113,0.0116665218881798
"10368",45,1.06196534676862,0.181151068352774,0.000332413094481343,0.0101982819054063
" 9527",70,1.12175494346671,0.232055941345103,0.000322509053479171,0.010555538534617
"13673",38,1.1080563223652,0.350719520383651,0.000761495208885292,0.0115132114823647
"12555",38,1.03463909894383,0.271987747610026,0.000450285131760711,0.0116560266810225
"11977",40,1.17866868291594,0.355789704608717,0.00219046698390286,0.0123973669855902
" 9745",37,1.03118434951901,0.166504407918263,0.00338662404860178,0.013029621456579
"17636",52,1.0076172921156,0.378354230486611,0.00043814919419467,0.0111286955596916
"14338",45,1.09272756429412,0.308168287430336,0.000216912447301086,0.0107765266333859
"13686",38,1.03041296923616,0.32623354984572,0.000345525486794077,0.0112747903272442
"12730",41,1.0326520900596,0.297467395305633,0.00150555372586535,0.0126628663632483
"12393",46,1.22840715143936,0.339128525001354,0.00456450746018401,0.0133911726357808
"12238",44,1.18359174078779,0.333644388688714,0.000995286373950643,0.0123219675694986
"10155",47,1.09011671147334,0.26021637584047,0.000228071930120435,0.010665175633684
"13664",76,1.10020576431545,0.200318699329088,0.000115500647180257,0.0093586919890183
"12733",53,0.808540095510214,0.163880374837195,0.000296005281783218,0.0106243066190158
"12490",38,0.859269055135601,0.194089997600952,0.000799855931076802,0.0117584587843829
"11106",50,1.13638999897129,0.336926973273049,0.000727598279821521,0.0115926924713439
"10361",41,1.057408868876,0.173985301825872,3.76632545153011e-06,0.00982419535493754
"10787",72,1.06536727455499,0.237801062858429,0.000140330496453307,0.00916710533852844
"12607",36,0.979943605796065,0.198442083483331,0.00173836843618401,0.0123198635786103
"13363",69,1.09569144726453,0.213293748837579,0.00031720829913998,0.010011385904106
"18029",30,0.889435523893113,0.379584661495237,0.00090266266655005,0.0137470055208407
"11225",59,0.960612749808301,0.284793938582501,0.000283869344217177,0.0114556371618294
"12030",44,1.36139346212952,0.572931844723832,0.0031790576681619,0.0136069639611422
"12284",34,1.14985829671775,0.417273565438622,0.00102890431594393,0.0130195443309931
"10543",38,1.05479441225973,0.178407772800458,0.000717554745284107,0.0112417350877099
"10918",60,1.06725487345453,0.231594118005056,7.0723222367621e-05,0.00944914286274028
"13265",62,1.07838811457251,0.206239158270746,0.000103643696684699,0.00972842529313101
"10557",64,1.05819679542146,0.189276190796112,8.95548496252715e-05,0.0101989533240039
"14585",44,0.974922871181036,0.242142453501402,0.00386397092619941,0.0130069013924012
"13985",71,1.05587312447662,0.205685350579905,0.000162509968556762,0.00996360885408838
"16786",39,1.10510266689618,0.363701631822638,0.00133662705468746,0.0125838474138488
" 6039",46,1.06557148845609,0.245044967185194,0.000599543214469497,0.0112090227658485
" 7547",84,1.03896803632265,0.154389396776849,6.27720908588352e-06,0.00803178462011505
"12470",43,1.01275079228721,0.206223259995136,0.00122628766831116,0.012037580836213
"11750",37,0.966715613024297,0.25188155790092,0.000252901779393485,0.0109401668133607
"12081",42,1.11292004281475,0.289563087097424,0.00159943287508312,0.0115728426375671
"11580",45,0.841979603331746,0.191266252281028,0.000131960884338796,0.0114591129531504
"11249",65,1.16836355860803,0.279044919451412,0.000389186963324778,0.011094121410811
"10687",79,1.06940277073995,0.217025909752245,4.60328666298125e-06,0.00834952875084135
"12060",52,1.04293693917495,0.246875342015526,0.000337713848820533,0.0114132398819302
"11693",22,0.487269704772903,0.135951288389725,0.000187060830759329,0.0112464385798085
"12756",63,1.05283912683022,0.193551920331437,1.04620151431392e-05,0.0101315020968426
"14335",44,1.21074766240082,0.515779746873794,0.000221376240428825,0.0116727550525637
" 6054",43,1.04017801435125,0.229702983637422,0.00104215620179191,0.0113784773779671
" 7597",89,1.03604850878156,0.157519494029162,7.40710672134255e-05,0.0080346009117486
"11420",53,1.04438369232374,0.249855075543229,0.000439404636011846,0.0115254641793088
"11627",41,1.04226876202994,0.255164059538326,0.000512778235549063,0.0114111756565136
"12694",50,1.05306204210474,0.220907259695749,0.00154377495452162,0.01194954246256
"12457",50,0.914702387793087,0.171255502341189,0.000868905231021521,0.0119060208248117
"12410",46,1.07219079218337,0.227283057099272,0.00164030448090898,0.0116576427006433
"13318",63,1.11377328022192,0.200506684189099,4.6451347235538e-05,0.00978200606741886
"11161",62,1.03327730056512,0.218205046473305,0.000518357976958737,0.00982807415111564
" 9973",45,0.971213511600524,0.181673544732143,0.000575968807013623,0.0110056687344962
"11614",55,1.08583353746283,0.240189247291351,0.000377608999899704,0.0116877424210403
"11026",51,1.10390212104173,0.236672982258122,9.26237074005924e-05,0.0107496605058334
"12074",49,1.10587027283764,0.267173940969035,2.84566811893386e-05,0.0102629488741193
"12516",51,1.04446229885152,0.203407941645028,0.000621443699502468,0.0112656385920595
"11389",50,1.2324116190971,0.356453122873942,0.00326707808889951,0.0127266600251575
"13516",56,1.09670744325055,0.201669811678463,0.000557276673291215,0.0106552575148512
"14129",54,1.04538819783844,0.176260997442889,0.000492133192333268,0.0108976380100733
"10470",51,1.24205030915341,0.450378969636286,0.0012084324958002,0.0127959494828093
"11533",43,1.07426924801199,0.379645340473605,0.000289449085626851,0.010968443565476
"10709",32,0.98524543820043,0.263777179531044,0.00233428481873722,0.0124705721968553
"10287",63,1.21829063423668,0.449980600724564,0.000113129257081145,0.0108401429707233
"10412",47,1.12612660480254,0.399316832210746,6.45855068169793e-05,0.0108129426892905
"11540",50,1.07346361602767,0.277001885810147,0.000144236315440079,0.0110484369253947
"10366",44,1.06061603645049,0.175479779826067,8.718345952616e-05,0.0101711030883862
"10541",52,0.995371971682487,0.228951547626816,0.00250279300930938,0.0121453702104106
"13114",36,0.938601342282584,0.251501167235229,0.000688261102883317,0.0114749245877386
"15570",38,0.719146243775877,0.239189556539705,0.000839751082155973,0.0127852013244093
"17620",52,1.15151731540037,0.453477761048095,0.000426710724304837,0.0113371402139668
"12285",34,1.22047114697866,0.490471635450599,0.0016683426814926,0.0134104138479132
"11908",42,1.24614747101156,0.52401361063916,0.00310066230135598,0.0135293140013772
"10999",73,1.04408258518583,0.188397035328644,0.000487390412135045,0.00874361943440442
" 7460",71,1.04345411516934,0.154521291643244,9.05313043719645e-05,0.00942136377394116
" 9770",32,0.933169026410637,0.223828441941419,0.00256682054198539,0.012454953003818
"13386",44,1.08619074766354,0.264051856826677,0.0005095698842385,0.0107851525411559
"13831",53,1.14086482100123,0.250813802668901,0.000245229634955183,0.0108506030787886
"13611",53,0.835399603887046,0.160497513901171,0.000239370906475025,0.0105074636925009
"12283",50,0.996856319707555,0.183657283961773,0.00111650625607582,0.0115419946580794
"14926",57,1.11253123909553,0.381049347250622,0.000687005661066141,0.012174148361162
"12072",32,1.08526303416572,0.312962480543202,0.00333012916682883,0.0132396987216035
"11403",45,1.24730364824752,0.359413966320472,0.0022652355187925,0.0128766838141152
"11561",38,1.16327148643591,0.444204580576911,0.00504464420848648,0.0135110043308161
"11818",53,1.06628299618029,0.275317163251288,0.000101690787191313,0.0103397378826401
"12681",47,1.00076200057954,0.181247406641884,0.000473301565075617,0.0110362157724935
"10782",75,1.08305456517949,0.24250726012757,9.23447203301087e-05,0.00907034069923995
"12307",46,1.05473294917797,0.241154300813901,0.000646134055240277,0.0114538443703861
"10978",68,1.02810881111015,0.179199274704159,0.000168926671177888,0.00814387705020139
"12347",47,1.10565855428155,0.301751449711719,0.00029837667188233,0.0109830262745694
"10992",40,1.07208133614258,0.336755961019907,0.00484949275268312,0.0134752937011814
"14207",47,1.01499488034679,0.232752146931733,0.000457120314987562,0.011754917232238
"13646",56,1.09715522901383,0.212943937356534,0.000612376619711748,0.0104413178182221
"10325",48,1.02179199251041,0.219548194962966,0.00159747996558973,0.0115577279570155
"16507",39,1.37158762906206,0.615573824007281,0.00317822070695045,0.0136461509068859
"14913",43,1.25603497623949,0.350312380743573,0.00122461374588825,0.0125112492465848
"16962",45,1.27678636066997,0.5601178615555,0.00129673190360829,0.0133146985730088
"16912",42,1.0074959713317,0.356115788232933,0.000928329477034552,0.012723849306172
"11064",57,1.06285130520269,0.217100579386006,0.000834589821352024,0.0116128908366896
"11414",60,1.01896804560947,0.224192827349185,0.00153875318725291,0.0120775036151532
"10623",63,1.07858202838922,0.191932594213025,0.000365612555868905,0.0108967339278566
"10265",47,1.07077812045646,0.189255845244919,0.000327809807818362,0.0102330559034666
"12188",51,1.05711100321381,0.260560463623016,0.000102667241938006,0.01002231438675
"12453",47,1.19056198231048,0.283791386515206,0.00258997646883554,0.0124769852983328
"12584",34,0.733058670945225,0.201120653707469,0.000782000758565845,0.0121105278376639
"12906",54,1.15864382902892,0.337923782744975,0.000426571230769596,0.0119719742943619
"14430",57,1.02479431304257,0.185723359778954,0.00053063340806002,0.010395518550471
" 9993",41,1.32843827855554,0.524579813042467,0.00448694905458954,0.013952092544559
"10212",53,1.08362119719987,0.187519567708754,0.000108525970418164,0.00983357158937517
"13309",34,0.742238632635051,0.219878373130513,0.0013660601906235,0.0127349435489213
"13642",48,1.03169472543059,0.195811707757876,0.00114607888554709,0.01145560708214
"14458",63,0.982495854930564,0.177514091606012,0.000228908891331886,0.00996199164168809
"14154",46,1.01349565983923,0.170603026737336,0.00032320652115538,0.010561750154469
"10224",53,0.868713622558326,0.168156088199557,0.000253180766463969,0.0103417457344502
"10270",62,1.07184606054444,0.210151232594472,0.000593684485989339,0.0109605543459523
"10413",84,1.0703689924553,0.20174551723544,6.76543645923002e-05,0.00944807628459321
"11173",52,1.07532273125203,0.253234925263755,0.00145394111782586,0.011932703983858
"11605",63,1.12589556745722,0.240530345873433,4.77067890527147e-05,0.0106983638857694
"11085",41,1.08278619339675,0.224920965529642,0.0039146070794922,0.0127562914311353
"10700",26,0.681527102181183,0.146846572687661,0.00151768966343139,0.0122695429530057
"10821",62,1.03330371078469,0.175080554960029,0.000119964440307996,0.0101103057815649
"11843",56,1.02377951651734,0.228594582061017,0.000291401995120237,0.0114063155931881
"13158",34,0.888882928758088,0.296815687061408,0.000740013204458046,0.0125381171097341
"11652",60,1.10699921042382,0.274042154552784,0.0003622647110231,0.011357500475434
"10423",57,1.01340811723085,0.20023856770341,0.00191454877119447,0.0114396004924788
"11601",38,1.01104897869605,0.193817294420662,0.000756612935151827,0.0118746152361597
"10771",52,1.0100800209394,0.160021730690263,0.000112989763545903,0.0102391284433738
"13609",37,1.08464681706085,0.354283434302035,0.00144780340227522,0.0113345564823545
"13031",45,0.995750017212325,0.305848693136108,0.00301068897112498,0.0130072773640958
"10652",56,0.910418420277874,0.16674835423063,0.00013000797484541,0.0102962932147626
"10312",43,1.06658505670713,0.235275066498009,0.00161366121567779,0.012390033438427
"10021",45,0.988685748190483,0.177280539495735,0.000859698657695558,0.0115914762019255
"13741",62,1.26826865514295,0.392908424967518,0.00013377430029694,0.0108583997033693
"13623",47,1.03651350159356,0.348065061611472,0.000383188741309378,0.0108110639266352
"16179",59,1.19509915800712,0.456616920391381,0.000944231740052123,0.0124038468927142
"10322",33,0.926392730174307,0.203072733079749,0.00109530323871905,0.0123695279186013
"13505",38,1.09283342356569,0.333694320078046,5.57974140967424e-07,0.0100616350954284
"16206",28,0.620767859480042,0.194608238383049,0.000532586317553406,0.0118337613235078
" 9630",70,1.05428888732515,0.180792744350398,0.000620467244755775,0.0109597847630962
"13387",26,0.971174823211141,0.2321702904141,0.003986585743677,0.0128382291569645
"13837",46,1.1787612817265,0.296661223705522,0.000267967081199605,0.0111662396706572
" 7518",88,1.03795601572413,0.169492527653844,6.02612072244818e-05,0.00803733249025913
" 6066",47,1.05395264540834,0.225247764334747,0.000344828019117868,0.0108347748791039
"14125",40,0.892292469790144,0.150544285926514,0.00160863944840908,0.0120733744659457
"13662",66,1.09346924367454,0.220311143985426,7.39315736781837e-06,0.0090868433954654
" 7534",93,1.04317216481865,0.169967603173479,7.39315736781837e-06,0.00762514286133323
"10375",40,1.03338447412561,0.163109251881791,0.000427826672586772,0.0103364392923225
"11602",57,1.04574132052006,0.275006882873561,0.000174645906122804,0.010610307990771
"10897",44,1.0540901404627,0.175670152570681,3.40364225990129e-05,0.0101698317101535
"12901",40,1.16430246115677,0.35434087078789,0.00108009844337769,0.0126177242016224
"14411",68,0.981960466626571,0.186783638660248,9.44371233587365e-05,0.009543858907875
"10370",44,1.04276291888842,0.172901402737339,6.80728451980257e-05,0.00980018241840438
"12898",35,1.2254351675742,0.437623001940688,0.00278261704100454,0.0136909173395715
"11196",46,1.09379466647085,0.184537195596921,0.000162509968556762,0.0109690774417468
"11504",78,1.06332818973452,0.190229299156488,4.18480605725568e-05,0.00914985430964431
"13119",43,1.04955414648525,0.365155520201963,0.00115751735543692,0.0123323680901853
"14357",59,0.999016778109456,0.191589224956244,0.000507477481209872,0.0101737714629941
"12990",50,1.03910915644852,0.324616326435858,0.00280688891613663,0.0138117039222591
"10844",42,1.01990646001164,0.166631080970598,0.000522821770086476,0.0109067442505467
"10660",51,1.08844389762824,0.199646308969885,4.54748924888451e-05,0.0106812185593883
"12860",49,1.06274028075197,0.229921006853973,0.000514173170901481,0.0106087040043379
"13546",39,1.16365550833985,0.349353459692076,0.0022129254430768,0.0129171381253814
"12613",52,1.04754030399364,0.299549420280348,0.00134611261508391,0.0123568080352003
"11350",70,1.05952265863306,0.192312347657828,0.00017590134793998,0.00906306443863859
"12125",42,1.03862390793375,0.281200441987957,0.00301919807677473,0.0127721834679501
"12303",53,0.94944889160175,0.225689053070072,0.000756333948081343,0.0117834327514215
"10767",45,1.03665131924613,0.19069757885963,0.000289728072697335,0.0111162030260485
"11349",71,1.06125537125252,0.192338962618039,1.95290949338598e-06,0.00837413554368347
"13427",58,1.17081897784348,0.425799790669023,0.00240737943120395,0.0126429813679652
"13496",49,1.23019817084833,0.384495959940482,0.0021462475332312,0.0116663069884359
"10791",74,1.04780039379552,0.191004766221516,3.26414872465943e-05,0.00899986125651283
"11082",60,1.07308735150656,0.22427828008956,0.000107828502741955,0.0102909798494237
"11345",76,1.05462218386478,0.188516718329501,0.000264200755748075,0.00917644756335906
"13405",18,0.911090098284322,0.301682757088791,0.00439223294416032,0.0132357084897907
" 6070",56,1.10522532687084,0.240403294377227,0.000221794721034551,0.0107141528177995
" 9769",36,1.21911346129755,0.447238666519657,0.00595316560351669,0.0135530543469337
" 9682",33,1.36896472220765,0.539751576704269,0.0053286530462389,0.0138545684153486
" 9851",30,0.858095523924888,0.174366017130438,0.0100251213907617,0.0125161137612909
"11241",42,1.07034146468405,0.268302481575258,0.000151350485737414,0.0107842595168515
"10904",43,1.06471541624851,0.176650686031967,0.000375516596871076,0.0112030203543686
" 9844",72,1.09188682330786,0.214511775603884,0.000195011962268115,0.0102356046420859
" 9928",52,1.02197046039315,0.172646470837463,0.000624512557277789,0.010895949656232
"10131",60,1.11828395313885,0.212901639933734,0.000121080388589931,0.0103632045682198
"10481",35,1.01520431821187,0.193788431672747,0.00247098848327424,0.0124371913673047
"11099",63,1.08294221355499,0.257080344371902,0.000212309160638105,0.0107539326525576
"11179",43,1.26908971051034,0.36519540179427,0.000789114928863179,0.0120871966040375
"11212",35,0.963689551727566,0.266636727657695,0.000419178073401777,0.0115837602763119
"11410",47,1.08493271317924,0.362416797922519,0.000610981684359329,0.0120047384853243
"12046",41,1.08016799552285,0.271818607949639,3.44549032047384e-05,0.0101763322807726
"11685",38,1.07556764691333,0.261398321459212,5.48209593500494e-05,0.0103551722321235
"11194",32,0.91797129254478,0.254859392104899,0.00018943222085844,0.0113572604256673
"14137",63,1.04860827013937,0.242602836947883,0.00100672484384047,0.0111903526353536
"12040",40,1.07188714485182,0.274197575895424,5.7192349449161e-06,0.0102161057610609
"11677",47,1.05036759895563,0.260771150239065,5.14731145042449e-05,0.0102410992328046
"15283",15,0.159575563046121,0.0486926219492993,0,0.0103686766781947
"16999",28,1.05134811238007,0.396557698427228,0.000554905283192103,0.0126794415796941
"12878",60,1.1458398716777,0.276310891963307,1.91106143281343e-05,0.0101327122691931
"11353",74,1.04109960417419,0.187559459939871,0.000172274516023692,0.00899634627410754
"13555",37,1.14295865903443,0.332445152965538,0.000661338850581639,0.0124232896974076
"17053",43,1.03698022078639,0.366308812745141,0.00234935012054334,0.01284852114186
"16942",23,0.753041287248544,0.196260397776908,0.00870565204090899,0.0139391500477836
"11566",43,1.06698775166588,0.171364276724053,0.000214401563666733,0.0105895956671567
"10671",52,1.06209439434247,0.177213813055754,4.88227373346496e-05,0.00947712655199396
"13828",46,1.21149756096117,0.35894808554104,6.9746767620928e-05,0.0114332088712917
"10235",32,0.939809374047786,0.387099884202601,0.00626102783579546,0.0138752954450313
"11516",63,1.05093639405666,0.174260027381913,6.98862611561699e-05,0.00934861652412877
"10865",81,1.07268228750005,0.190890998510361,0.000198220313578677,0.00953376278453703
"11562",56,1.02203382255577,0.179419205957058,5.8168804195854e-05,0.0102870830949661
"10234",59,1.08188845931573,0.301165424149534,0.000169624138854097,0.0105688418848496
" 7538",92,1.03351258591096,0.159095960627929,1.95290949338598e-05,0.00778318809364846
"12512",40,1.0145379631632,0.322643862856736,4.60328666298125e-05,0.0106124561928215
"12977",41,1.03844840010702,0.325818074323712,0.000406484161694768,0.0116277706627541
"14380",46,1.07102008429825,0.337482296880943,7.90928344821323e-05,0.0108804533142172
"11135",55,1.1130248793475,0.223556696204617,0.000559369076319842,0.0117484096566421
"10577",50,1.07179427405601,0.22020211454644,0.000241184322433169,0.0110080295312309
" 9852",21,0.995385389876807,0.167410989055238,0.00273909505800908,0.012992466203252
" 7582",88,1.04289915058336,0.161909762482691,0.000245369128490425,0.00833104209306645
"12935",41,1.07403815108328,0.351270962636746,8.56490306384996e-05,0.0109392105136898
"10580",55,1.03533128392758,0.197230143906403,0.000409832006540573,0.0110704851622646
"14364",43,1.07032662912992,0.331505259008334,0.00242941940977216,0.0117490873774552
"10625",38,1.18088397841684,0.520587570775785,0.00448653057398381,0.013884824539427
" 9977",73,1.10408049577136,0.2407018349548,0.000272570367862587,0.0106244405314001
"10597",38,1.20437818368195,0.525942365726631,0.00499247362630603,0.0139093440253004
" 9974",58,1.00689054096399,0.236067316136412,0.000340085238919645,0.0107443892895967
"14953",30,0.895931082338977,0.409328303957591,0.00139354041706614,0.0132598798583972
"15535",34,1.0876027597879,0.394611451460008,0.0014953706977927,0.0129179021890693
"11028",46,1.10250837378645,0.326210401632382,7.99297956935835e-05,0.0113059007460087
"14795",56,1.29551940103934,0.500117764042828,0.000349012825175124,0.0121178616947348
"14093",37,1.02291585928982,0.20099518356579,0.00112417840051412,0.0117471940014827
"16036",42,1.05703643643121,0.354859754418948,0.00225840033556565,0.0130397686928425
"13998",45,0.962447403048688,0.313796436304415,0.00037802748050543,0.0118976609894073
"14793",62,1.28455004698111,0.491032038332008,0.000214122576596249,0.011792793845588
"16029",34,1.10475808751003,0.286264803865769,0.000729690682850149,0.0122951808970113
"15533",51,1.01370868742292,0.351926422763065,0.000426431737234354,0.0125020575766266
" 7570",83,1.0363208000159,0.154981113155028,4.51959054183613e-05,0.00827720988458361
"13884",45,1.23775042476848,0.37431233004793,6.20746231826259e-05,0.0114820465195007
"15545",31,0.775391145686637,0.196991687400557,0.000998913205866931,0.0124443104187853
"16015",58,1.28560512447885,0.482361522656182,0.00104369063067957,0.0130727535318242
"12507",59,1.13958686098965,0.232376510678674,0.000570528559139191,0.0117804934300568
"16458",25,0.761329477931474,0.205960994189373,0.000479020800020533,0.012232245650309
"16225",57,1.09701862544142,0.40778845389543,0.000959157548323002,0.0125204959859534
"16983",17,0.416740840811408,0.107037779909272,1.89711207928924e-05,0.011365345508652
"17796",26,0.43819265042235,0.0910469455693989,0.000906568485536822,0.0126795607696905
"15537",45,1.00081887069897,0.324125439656922,0.000434940842884107,0.0124692532975967
"16329",32,0.963808409529178,0.247305949266807,0.00116435253866377,0.0122959387489207
"16486",17,0.600665905048685,0.122783993798506,0.000727598279821521,0.012089797211549
"16278",28,0.727581902601058,0.224062801446851,0.000479439280626259,0.0119866147556547
"16019",46,1.17012257629753,0.391245863895456,0.00206785216642527,0.0132631433582664
"16449",39,1.47152045672519,0.441102423173719,0.00322411408004502,0.0133612303477959
"11396",55,1.08202373581605,0.204189125460596,0.000285264279569595,0.0108216951204947
"14344",68,1.24622434866862,0.505841197543998,1.40888470594275e-05,0.0117521874900252
"12701",55,1.22796980505259,0.407093606202442,0.000386815573225667,0.0112616768274519
"15931",30,1.20783955825083,0.456810512024811,0.00155758481451056,0.0127790637981644
"16295",40,0.961410913259865,0.293442136222557,0.0009274925158231,0.0122942148050889
"16509",23,0.509949590005413,0.146755820197865,0.000463118537002962,0.0122199954388448
"12344",65,1.07884874429491,0.230105118400008,2.65037716959526e-06,0.00907833442909615
"16711",31,0.586761793961331,0.195949786852834,9.45766168939784e-05,0.0118464764084081
"16702",28,1.0858279383428,0.256325947988047,0.00159845642033643,0.0126469993668637
"16809",28,0.997248868386891,0.265879482085326,0.00116546848694571,0.0125621024876334
"16891",38,0.939112844375909,0.266189883076286,0.00143357506168055,0.012783210496112
"16987",21,0.619988399500271,0.175386531698817,0.000162928449162488,0.0121428540284931
"17294",20,0.689397247533745,0.140198327696134,0.000790230877145114,0.0123358830310897
"17081",14,0.448826114419494,0.0820964557963762,0.00012400975283001,0.0112240550158833
"16040",47,1.03683938771769,0.313758908945001,0.000960412990140178,0.0121702886590757
"16493",27,0.697541220297304,0.20573437117532,0.000927910996428826,0.0122962948133174
"14319",45,1.06539280974896,0.304599160316769,0.000134192780902665,0.0103125987357726
"16144",37,0.916991171011947,0.256341398061788,0.00071323044569161,0.0121116603755921
"12364",60,0.905462630060822,0.182920986972036,0.000427129204910563,0.0106590827817325
"16747",37,1.1014439098655,0.317916661087,0.00152159548241817,0.0127091107222964
"16842",27,0.711597459694159,0.191303528506257,0.000684494777431787,0.0120847718884603
"17440",22,0.482131680891383,0.117860525428346,0.000103364709614215,0.0116997930043091
"17213",15,0.38469718511747,0.0669951355060862,0.000230303826684304,0.0113534994074089
" 8041",35,1.128877970757,0.484307581507249,0.000235744074558737,0.0115687777349781
"16461",37,0.899505615927703,0.307682113374801,0.000306188309855874,0.0125835020837693
"16939",50,1.40978052179708,0.499814507113127,0.00333612738884423,0.0135625130325504
"11596",66,1.0871883658369,0.229127803170268,0.000105317619107601,0.0101303943977961
"16624",22,1.06131238498049,0.250177577536065,0.00140358395160355,0.0125787566702934
"16830",38,0.896855128374446,0.230282146821306,0.00112543384233129,0.0122541097985776
"17153",10,0.304284750156809,0.0647217555813759,0.000156372253006121,0.0112464157150768
"17232",42,1.03101933621826,0.305056912124513,0.00234042253428786,0.0129601779344932
"17532",23,0.64351232260307,0.143727922706585,0.00023002483961382,0.0120854363300773
"17073",21,0.733559672411988,0.157732641923312,0.000995146880415401,0.0122401433651698
"17695",24,0.713012422773688,0.186692813137321,0.0019766233943771,0.0125402988154102
"17202",12,0.596914514674863,0.147205181482894,0.00107772705327858,0.0123553573234835
"17243",48,0.957390863251129,0.330892380537631,0.00097478082427009,0.0125846362892525
"17577",52,1.07892452527093,0.39807249324988,0.000450145638225469,0.0112371645976114
" 8795",70,1.03690187328068,0.150973514797592,1.08804957488648e-05,0.0092864129399389
"16965",45,1.12692718738314,0.444951317004823,0.000449587664084502,0.0132677140377094
"11488",55,1.11616720983863,0.242311770661928,0.000760379260603357,0.0119518933436279
"11266",45,1.08570950351684,0.230132594929433,0.00141125609604186,0.0123327015404417
"10493",67,1.06380349178638,0.191596464264971,0.000201010184283514,0.0106541443221787
"10141",60,1.02138509062811,0.176534035827672,0.000444844883886279,0.0115842924055927
"10307",53,1.00578280381668,0.193045500494879,0.000184549947124975,0.0103511815565003
"14766",39,1.03098389409969,0.392130423105138,0.00064711050998697,0.013033021574268
"17690",30,0.766472354384516,0.187434535661506,0.0011767674633003,0.012494741647548
"17234",22,0.940702405600083,0.204843141611708,0.0019046447301923,0.0126571449684141
"11162",57,1.04570121073583,0.248619626827022,0.00121024591175834,0.011577179300648
"11802",50,1.10954742013174,0.391860014640953,1.1577963425074e-05,0.0105681531491648
"11492",51,1.1392061250661,0.421923967691177,2.78987070483712e-06,0.0109859847246386
"14794",54,1.61731648954574,0.678221432868427,0.00358010158198223,0.0137193480786167
"14452",46,1.17554322389451,0.462136919683033,0.000936699089149063,0.0124848883877857
"15580",37,0.673970105040372,0.168726914398386,0.000495620530714314,0.011927457668383
"15995",15,0.258266800930007,0.0751877934399283,1.71577048347483e-05,0.0108193632978622
"11220",35,1.29930887548368,0.520082489030696,0.00320556143985785,0.0134477285755923
"15613",43,0.878176239540605,0.321141701031589,0.000701373495196052,0.0122525695543275
"11644",53,1.10240957245144,0.358752194664164,0.000246903557378085,0.0114373791686749
"10022",45,1.06433576188296,0.203115683105955,0.00151322587030365,0.0118477217491049
"16579",15,0.386232052457388,0.131485259851012,0.000155814278865153,0.0120950611444471
"16412",37,0.917027479006223,0.374938032452614,0.000578061210042251,0.0124062751950074
"16806",8,0.176228656500342,0.0348950891175585,9.06707979072064e-06,0.0107121742568902
"12776",55,1.22093851248035,0.319977372453814,0.00266711639382429,0.012588722937687
"12480",53,1.21834221167846,0.316970057441492,0.00103950582462231,0.01223120590471
"11640",47,1.09794405734121,0.353111836420824,0.00141376697967621,0.0118553083977942
"16742",46,0.963417100823405,0.281124935883458,0.00058698879629773,0.01226956554443
"16845",17,0.466932668139316,0.143776523453129,0.000399927965538401,0.0122262444458842
"14337",67,1.28665500571712,0.51705123350732,0.000388768482719053,0.0119639594275337
"16811",23,0.455464157577199,0.139092445170257,0.00020965878346851,0.0115372265820341
"17216",22,0.440528671482289,0.149450082363702,0.000187339817829813,0.0119692422047996
"12016",42,1.13428333887521,0.447329504232592,3.94766704734452e-05,0.0115926627270575
"16931",23,0.471220308834734,0.159882246232992,0.000131681897268312,0.0116685322622702
"17103",24,0.637250137925269,0.174899994930203,0.000191385130351826,0.0121265976086961
"17269",33,0.580123379985583,0.1955895479071,0.000108525970418164,0.0120147319487113
"17599",36,0.818151746370247,0.229737936643691,0.00106126681612004,0.0128381840875291
"17136",26,0.852993861626062,0.249071318503159,0.00199698945052241,0.0129796211761316
"17286",35,0.706749155458696,0.266075510126329,1.7436691905232e-05,0.0115073622842963
"17287",50,1.05491286154099,0.337101338462457,0.000300050594305232,0.0119964450676402
"12009",50,1.18702410367801,0.458808531610212,0.00024801950566002,0.0116244843756703
"12576",42,1.03183543701184,0.294778658118868,0.00134053287367424,0.0114740651214158
"10726",66,1.04261888362241,0.20943922080662,0.000227513955979467,0.00983105946816205
"14136",56,1.08150694854337,0.241960676078776,3.86397092619941e-05,0.00957202819925344
"11544",47,1.01763407290682,0.176675201319976,0.0018293182211617,0.0122038522587871
"11301",35,1.00115862473095,0.219176448678846,0.00112362042637315,0.0108946037726766
"10609",80,1.07637833284847,0.228958584404338,3.90581898677197e-06,0.00905469615708797
"12326",65,1.10299548961734,0.198300834648223,7.67214443830208e-05,0.0100995626839379
"11619",55,1.1425973234389,0.243495324824336,0.000127636584746298,0.0107453308069782
"13742",39,1.12144039302519,0.341104229748696,3.94766704734452e-05,0.0105575665848776
"16008",29,1.16462839132785,0.436921626673972,8.2301185792695e-05,0.0122667534400395
"11745",40,0.964866698875238,0.18323441069793,0.00187981488091925,0.0116339191560968
"12396",48,0.910874360241366,0.177347563622555,0.000887457871208688,0.0115305169773705
"11165",52,1.11087880795898,0.237580676101934,3.06885777532083e-05,0.0104990482519752
"16030",23,1.01103632669593,0.367729262297282,0.000826638689843239,0.0124483589530188
"11698",63,0.933607757511284,0.208707868230487,0.000244811154349457,0.0103590845973908
"11517",62,1.11038874315815,0.250780078821316,0.000509988364844225,0.0107023991501336
"17543",52,1.10429368724734,0.426209154278632,5.56579205615005e-05,0.0106988295577624
"14018",48,1.53704218702632,0.613924859746524,0.00337992835891017,0.0134480134052298
"11725",81,1.08153509291872,0.26172393429177,0.000438707168335637,0.0108754573142869
"17549",60,1.13821682045607,0.436550742653642,1.06015086783811e-05,0.0105476977971678
"15663",45,1.11778692749611,0.277202237638669,0.00779378280103298,0.0139363950915204
"12039",54,1.03854456876056,0.236415627948849,0.000409692513005331,0.0107253003667835
"10706",36,1.06922329010258,0.274700436366171,0.00137052398375123,0.0120925354024282
" 7885",66,1.00276018549157,0.143068818602617,1.32518858479763e-05,0.008651993181547
"15631",45,1.43000667381157,0.508163338370103,0.00241212221140217,0.0133698752514265
"11530",44,1.02999742523297,0.295845944715316,0.000927213528752617,0.0119163096778061
"15684",41,0.88411372984373,0.286852297787026,0.000370215842531886,0.0119098192000204
"13843",35,1.00208471677927,0.17477163272322,0.00172888287578756,0.0115557783907466
"14293",45,0.973591235390569,0.180784318212376,0.00110437031850977,0.0118121347381474
"15584",35,0.670472680796694,0.23529223917454,0.000342875109624482,0.0120300842050099
"15318",35,0.728362949270776,0.165354016488937,0.000489482815163673,0.0121744526676767
"15649",44,0.987932948453349,0.384772528534379,0.000782698226242054,0.0125529859924327
"16049",44,0.92783180119456,0.360398054342056,0.000349849786386575,0.0119399524643353
"13893",48,1.00560048302612,0.166529839511267,0.000180783621673445,0.0111405252770096
"15622",20,0.540147784380877,0.172136947296684,0.000318045260351432,0.0120145113154518
"16052",63,1.37947973068655,0.52855014961846,0.000634416598279961,0.0126732361184364
"15003",25,0.328960674336862,0.0932544995818439,1.39493535241856e-05,0.0108488466233954
"15566",52,0.947643046300403,0.291034554996773,0.000422665411782824,0.0118251427164613
"15950",21,0.508988660348981,0.157524590116555,0.000970875005283318,0.0126091515510421
"16117",20,0.34753666805161,0.0894880133857968,0.000237278503446397,0.0114748474182325
"16270",18,0.748085721685693,0.160336665504839,0.00127022813191234,0.0123791291511067
"14122",70,1.09307910402767,0.231537379709407,7.81163797354393e-06,0.00920242412239752
"15661",17,0.421337091547327,0.128754523439706,4.58933730945706e-05,0.0116287108275715
"16802",6,0.141391834243489,0.0409036525984648,6.9746767620928e-06,0.0105589337817643
" 8785",63,1.05223273775997,0.175824977310821,8.92758625547878e-05,0.0088007017525163
" 8021",38,1.13558180672411,0.476494109466641,0.000191385130351826,0.0110249923459481
"16528",45,1.12031581214055,0.420477040638955,0.00256291472299862,0.0133728741856141
"16800",16,0.41201735862784,0.128111927126223,0.000197941326508194,0.0123716050541758
"14616",65,1.10997614912207,0.300039964611292,0.000632463688786575,0.0118089528669536
"16671",57,1.12504609468029,0.391653463061385,0.000298655658952814,0.0118206030850084
"16799",32,0.988974992405669,0.254203285367275,0.000764982547266338,0.0124123948688215
"16910",27,0.634297557602299,0.291978504245219,0.00137484828334373,0.013056143099642
"17210",18,0.495182898810102,0.138929861000333,0.000481671177190129,0.0121800072365857
" 8809",69,1.03788521247227,0.169315567420276,6.66779098456072e-05,0.0084862019225619
" 8521",61,1.16295066544635,0.384772336788153,0.00455474291271708,0.0136876938524314
"13693",40,1.04036035052609,0.329483094938673,4.25455282487661e-05,0.0107009732326826
"14342",38,0.97829579946267,0.453726296817058,0.000872392569402567,0.0126428903072582
"16745",47,1.09759725150765,0.340875595220749,0.000774189120592301,0.012120797204287
"16823",16,0.562946570819091,0.141743593295036,0.000257505066056466,0.0119338804396215
"16921",19,0.484782480956382,0.10118549832069,0.00036449660758697,0.0113016591925534
"17227",20,0.459671072770035,0.149772552821065,0.000154558837047976,0.0117514308563561
"17133",14,0.276535443059632,0.0846006723442342,2.1342510892004e-05,0.0110050821851127
"16749",36,0.876937674469796,0.305584797472774,0.00103964531815755,0.013268208882112
"16885",21,0.579823595721333,0.173759576367605,0.00134248578316762,0.0130646768359336
" 9958",42,1.06659928209053,0.191133585702727,0.000947300597827444,0.0111753047792751
"10517",28,1.06823751554221,0.166349869365656,0.0020562742030002,0.0125263610143479
"10811",40,1.05170870977415,0.170830245245499,0.000592847524777888,0.0113422328515599
"14069",28,1.07838462131827,0.236037065679947,0.00323764495296348,0.0127685389062197
"12691",38,0.995059925034974,0.252634097720947,0.000732341060019744,0.0119056691417047
"15666",24,0.425254539792963,0.0996203269218369,0.000123730765759526,0.0111013102375308
"17108",36,0.961057981121146,0.253452513621083,0.00144403707682369,0.0128323189460757
"15656",27,0.586431055434985,0.175963364326876,0.000473720045681343,0.0121234270007936
"10291",79,1.06551632966676,0.225072546210929,0.000111594828193485,0.00970191414525945
"10686",56,1.08791166098784,0.191815200904044,0.00011577963425074,0.00993263699962802
"15674",39,0.879705036356667,0.338879053041642,0.000512499248478579,0.0127601301400142
"16050",22,0.415821225334612,0.123806422769998,0.00013754062574847,0.0114318209722435
"14467",40,1.29347277933697,0.541080897437002,0.0018653075532541,0.0133713004532944
"15632",20,0.350830683508271,0.131434802880226,2.09240302862784e-06,0.0104439477676036
" 7341",59,1.0661123640299,0.201780718675078,0.000181341595814413,0.0101107427435437
"13276",48,1.07223019165846,0.300435949149763,0.000120522414448964,0.0109920119342836
"12488",45,1.00533294972227,0.290529834554229,0.000467582330130701,0.0121563233123207
"11073",47,1.08546526768267,0.259421880049712,0.000943813259446398,0.0115412685703953
"11565",57,1.07085041654944,0.193689767272533,5.45419722795657e-05,0.010048071495821
"10247",68,1.14746723439465,0.323676066319143,0.000222352695175518,0.0104234088684876
"15678",26,0.678802805659047,0.215876813041203,0.00158478605388273,0.0128585244969102
"16233",31,0.502035122072167,0.175971738219532,0.000151489979272656,0.0114254232179804
"16222",29,1.06125492450672,0.35083496214608,0.00365612555868905,0.0132280294430125
"13228",44,1.01901688484474,0.309008589720514,0.00124246891839921,0.0118695852591616
"12342",69,1.12395298161236,0.25826871958226,5.87267783368214e-05,0.0097599118744533
"16849",44,0.745023810179235,0.23132203641541,0.000405926187553801,0.0118736719432807
"17030",9,0.281913679296775,0.0885961844306429,0.000378585454646397,0.0123307460211826
"17226",29,0.446017702969236,0.110534611165807,9.41581362882528e-05,0.0109229809022017
"17637",55,0.916325829914423,0.298965417197549,0.00018189956995538,0.0117679082435693
"12350",45,0.925900855114022,0.214580866580719,0.000386257599084699,0.0106181665777744
" 7888",58,1.01506613743228,0.140542039635402,0.000241602803038895,0.00865529910434927
"13665",47,1.07802682205142,0.233790437356752,0.00250195604809793,0.0121718178972006
"12334",63,1.1291635842773,0.284458035780293,0.00131054176359724,0.0112412507373672
"13305",38,1.01142827451823,0.233437006433541,0.00241198271786693,0.0127521929974418
" 7880",69,1.0083342269454,0.146086268441961,3.06885777532083e-06,0.00884191388494752
"13172",41,0.936374929271015,0.181395133698437,0.00236413643527898,0.0122103462517738
"14073",47,1.04678023225039,0.195055812589379,0.000159022630175716,0.0109777700171323
"14138",78,1.10594562575311,0.226820427497519,4.32429959249754e-05,0.00996719520367774
"14056",63,1.08906557083086,0.23021526041888,0.00111790119142823,0.0113154407148644
"14507",49,1.13601463510429,0.288836191153234,0.00047274359093465,0.0112519903663767
"16984",35,1.1517485991528,0.462064869346554,0.0010971166546772,0.0131293436452225
"14644",58,1.07748839467152,0.303907865838877,7.63029637772952e-05,0.0105373726264427
"12049",44,1.06132047137069,0.214134798951042,0.000309117674095953,0.0104322248740158
"12566",60,1.14684481840575,0.251332569879946,0.000634137611209477,0.0111922729685449
"16070",19,0.75337110099823,0.189689650878909,0.00170405302651451,0.0129351126009537
"12309",67,1.08889364829384,0.226540612062937,1.47863147356367e-05,0.00901200683051371
"13188",49,0.940751458256258,0.270118344905977,0.000735409917795065,0.0120839782592838
"14933",54,1.33967028206279,0.548761920309158,0.000646692029381244,0.0123862439756697
"15783",48,0.976922908511016,0.292343427423794,0.0018276442987388,0.0131089081076376
"15703",42,1.084764145041,0.401300570047102,0.00161310324153682,0.0129546244925085
"16061",29,0.472340342815783,0.195567324793863,4.25455282487661e-05,0.0109485692822138
"12381",57,0.993343048087812,0.223731269564204,0.000766237989083515,0.0113977364627762
"11175",44,1.22337816291496,0.328349144852622,0.000973246395382429,0.0122003373611172
" 9818",46,1.04459975227752,0.233265819623299,0.000276336693314117,0.0110337611322278
"10248",35,1.01874575517789,0.176658945768881,0.00213187969910128,0.0124351163216691
"10737",38,1.05184973017879,0.172158668698409,0.000686866167530899,0.0114463809854006
"10042",55,1.06363962990325,0.194869995011556,0.000103504203149457,0.00980439813961155
"14970",21,0.525668538972538,0.113263964137041,0.000769585833929319,0.0120222719153143
"15697",66,1.06121917692406,0.351854876235767,0.000159022630175716,0.0112632087241595
"16069",10,0.284966674027104,0.0835384738067892,0.000188595259646989,0.0114977166461426
"12360",58,0.999286384780412,0.20427684452365,0.00104954935915972,0.0114107683681572
"13279",62,1.010642023203,0.213311851942668,0.00014507327665153,0.0100469989867089
