"node","degree","strength","eigencent","betweenness","closeness"
" 8822",41,1.05705165132595,0.207033042453855,3.57879919357725e-05,0.00946658426704585
"10932",45,1.08865579570124,0.188553774713478,0.000384864887989756,0.010202533124326
" 9892",53,1.05653063792303,0.0912499463970354,0.00135673511497201,0.00897644953616355
"11682",101,1.01586775790198,0.0503550855397723,3.1592158398475e-05,0.0070028558018251
"10541",47,1.0399171924106,0.0827962864774138,0.00035203866090384,0.00878355357558313
"10157",77,1.01462608912015,0.0628728679355557,0.000555577723085682,0.00788465927888061
"15059",48,0.878427626838337,0.302188372710273,0.00302618323534142,0.0117781256447026
"15581",5,0.113073898612953,0.0241430010740784,5.545081968899e-05,0.00983384308754125
"16182",33,0.668226610331803,0.174385631779627,0.000862614012520861,0.0107743100389717
"15712",29,0.745029561207633,0.248192783370366,0.00145866918855459,0.0116860825772006
"16073",27,0.427972537613909,0.131450233126883,0.000101687259845091,0.00921439764063561
"10938",49,0.965474968612306,0.159596034465073,0.00257591270691733,0.010757148668373
"15032",33,0.54104075179117,0.200295089048654,0.000913868998672553,0.0106370420960529
"16052",33,0.597713874990224,0.160266266500324,0.000373593727311133,0.0101390038217643
"15723",50,0.842896374801002,0.362693683242936,0.00017532002486237,0.0109133032139452
"15727",36,0.601087490924568,0.186969243951035,0.000518555662462469,0.011103765887349
"16181",44,0.892320262678154,0.334772465628608,0.00129527849433748,0.0117416828890978
"12081",45,1.011059705913,0.0981965972768221,0.000875283784378583,0.00988742970650314
"14331",105,1.01990247506104,0.0470487536925618,3.29084983317448e-07,0.00611112755151511
"14340",134,1.00773502296451,0.043514486329933,6.17034343720215e-06,0.00554741933965357
" 7323",62,1.05456081436917,0.23715432845137,1.34924843160154e-05,0.00836687823422529
"13900",54,1.1829065481595,0.428115086521658,0.000481780415576744,0.0109812023347645
" 8791",42,1.05379821364621,0.196222037438682,0.00059835877091695,0.0097051066635888
" 7299",60,1.00658463617225,0.226989078300423,0.00010826895951144,0.00846874946088226
"13891",31,0.984657499861479,0.33608234283292,0.000794740234711637,0.0110298320880964
" 7304",63,1.02552277111935,0.231626989301813,8.30939582876556e-05,0.00855319829126854
"13907",37,0.933296209554207,0.302977824713988,0.000577379603230463,0.0108626580720676
"14841",49,1.05644615719277,0.345777802417207,0.00150613969739813,0.0114851896534251
"10091",39,1.05824487327329,0.131495845778939,2.46813737488086e-07,0.00880901710677381
" 2941",50,1.11231353520823,0.536520577422439,0.000131140365852003,0.0103703508296763
"14842",41,0.993618912043347,0.327006163508481,0.00104262349839551,0.0116061962799072
"10090",38,1.06181593680329,0.132964860903648,8.2271245829362e-08,0.0088296641948089
"10095",37,1.04954312477789,0.133485913115588,0.00075829407280923,0.00911501091780409
"10263",42,1.02341329212957,0.0965588314209071,0.00106253313988621,0.0097451191860052
"11629",55,1.08614635564069,0.251285370181082,0.00292828045280448,0.0117346998058437
"10088",45,1.02665079944169,0.124669546714344,3.32375833150623e-05,0.0090059077821099
"11701",60,1.21803902178816,0.265757514256455,0.000115591100390254,0.0106030157609767
"16660",24,0.448972544170639,0.115461185644598,0.000126121819856412,0.0104096104739595
"16198",40,0.983566249103866,0.374621038679064,0.00139647212670759,0.0118279096239295
"16217",27,0.794034087883373,0.216653683455992,0.00164114681180411,0.0114822552075358
"10253",127,1.02092530412081,0.0455546425855203,5.67671596222598e-06,0.00666136077285035
"10417",58,1.09310903459659,0.150221467202809,0.00150062752392756,0.0103839162524731
"10620",101,1.01335072529353,0.0481128786135957,3.27439558400861e-05,0.00761912736590417
"11081",41,1.068224578256,0.282005599589764,0.000781659106624769,0.0112668984572822
"12088",67,1.05810768326522,0.11101350947869,4.60718976644427e-06,0.00755492758270534
"11437",49,1.04240061817507,0.127536562987667,0.000672238349671717,0.0104503237693031
"10246",91,1.01825319783537,0.0488387203360364,1.39861117909915e-06,0.00595391048827762
"10621",113,1.00754841061698,0.0450477689672035,8.09549058960922e-05,0.0074852069331957
"12087",68,1.04406110679908,0.11148004031805,1.80996740824596e-06,0.00741664743393467
"11297",42,1.05549075831506,0.119150158441437,0.00034562150372915,0.0101404385204948
"16659",37,0.84373093473399,0.288839995917347,0.00174234044417423,0.0118390373526855
"12084",69,1.03529079573002,0.105103495805158,4.4097387764538e-05,0.00778819628748204
"11378",40,1.05801880509364,0.0901982231951355,0.00249413508856294,0.0105182218418596
"10260",77,1.04049283082537,0.0613479029168531,0.00180717018588777,0.00796845630962704
"12423",136,1.01691185841056,0.0439813003066127,4.52491852061491e-06,0.00632957836096608
"13838",141,1.01918656556711,0.0441880671517502,2.46813737488086e-07,0.00586651134167175
" 2165",62,1.26042599998709,0.627326408492089,0.000306295848222715,0.0113254157162664
"13846",136,1.0204880984992,0.0467120879349596,1.15179744161107e-06,0.00671710540817207
"14325",101,1.01725093662899,0.0481609199662517,6.58169966634896e-06,0.00596937892303522
"13401",25,1.03768004466645,0.259873208870434,3.32375833150623e-05,0.0115324499280807
"13895",27,0.734778733692523,0.268315343481704,0.000510493080371191,0.0108240053666294
"16819",33,1.10199976435991,0.226548082285947,0.000115508829144424,0.0104866359335065
"13915",41,1.3539130041288,0.455696117727087,0.000347513742383225,0.0108237135340928
"13898",39,1.30782980310289,0.438581094724382,0.000105883093382389,0.0107320976562551
"16090",54,1.18953862426901,0.441830986712007,0.00319755424040398,0.011987184564934
"13893",35,1.09019636618245,0.39357824892935,0.000844843423421719,0.0110870168461493
"14808",39,0.882095819431898,0.310456988582052,0.000517650678758346,0.0108444901893676
" 9988",51,0.974640869522006,0.0753102091314124,0.000452162767078174,0.00832373780782149
"10312",41,1.00337475348648,0.078380786501487,0.000608231320416474,0.00913714496668969
"10847",131,1.01026681203071,0.0441075644671715,3.61993481649193e-06,0.00502899320043601
"12405",124,1.0265930317652,0.0457729193532378,3.12630734151576e-06,0.00651926484165316
"13886",35,0.801430762804396,0.275772804798657,0.000821560660852009,0.0105786343088468
"14816",40,1.18106576437626,0.411894626404641,0.000255123133316852,0.0106125116278125
" 9987",57,1.01108424254547,0.0744725700895447,0.00010061773364931,0.00787849909222191
"12146",124,1.02653227768006,0.0464946564430348,6.58169966634896e-07,0.00646069985844337
"10838",122,1.00780018326391,0.0504290275745212,6.4994284205196e-06,0.00598012370492109
"14815",41,1.03624126571924,0.346088769410953,0.000258907610625002,0.0105622871011997
"10113",75,0.989378160103634,0.065576177813851,0.000174744126141565,0.00800312414375019
"10484",41,1.00663617743605,0.0840127215751943,0.000619667023586755,0.00880008417987643
"11278",39,1.1387871238539,0.124549086504297,0.00419953574335979,0.0111195538589182
"12411",127,1.01263770591544,0.0442376913946568,8.14485333710684e-06,0.00586404902844607
"10846",97,1.01980878770022,0.0568690874494237,4.03129104563874e-06,0.00603793489039219
"11294",43,1.17777754796104,0.138989187654413,0.00846628709456216,0.0116427337479934
"10485",60,0.971793536356928,0.0793493916161419,5.23245123474742e-05,0.0079388959567358
"16161",65,1.2320935134556,0.44330339286794,0.00121292497726228,0.0119653396221786
"13230",68,1.04006151183425,0.0861560516334382,0.000511233521583656,0.00796595566969826
"10159",31,1.00643475964586,0.141625593607168,0.0042172240612131,0.0113574831729242
"10138",26,1.11240272410105,0.178849356593475,0.00918319873071922,0.0121666517184521
"15034",53,1.13275364790926,0.511773404759697,0.000866151676091523,0.0113742212413622
"15041",51,0.89957569424701,0.326056403797343,0.000513043488991902,0.0110792603117726
"13918",38,1.23675062278437,0.411807753545029,0.000209133506898238,0.0104122135172107
"15043",15,0.315183233742086,0.12670974456619,4.47555577311729e-05,0.0103343252670028
"15642",40,0.825761843709465,0.215889141628656,0.000549242837156821,0.0109194671177322
"13904",40,1.13507439768155,0.391788296591727,0.000169725580145974,0.0102671604619131
"13921",39,0.967923611886534,0.297629000680825,0.000315181142772286,0.0103707615464628
"14826",51,1.13605668911482,0.415742459209334,0.000202798620969377,0.0105711399658884
"14367",64,1.11974242432832,0.371640836959461,0.000983717286381682,0.011155217398764
"14828",56,1.16290270488684,0.408054659611036,0.000615964817524434,0.0109146551506675
" 1854",57,1.35764237371191,0.575599745672894,0.00235188810452397,0.0120135122283526
"14802",43,0.836537644350741,0.261746972493817,0.000532870859236778,0.0110636782369745
"15340",46,0.868521284423465,0.281143231301105,0.000370302877477958,0.0108749036950846
"10398",52,1.01625972187831,0.0509158134884115,1.06952619578171e-05,0.00823407988378797
"14557",25,1.02858896420111,0.216867343575799,0.000607902235433156,0.010489172394829
"10405",68,1.00607873615085,0.0480533040818612,4.36037602895619e-06,0.00806594490215199
"16248",47,0.92671685076086,0.268487122619146,0.000316332940213897,0.0110430683660819
"16400",19,0.54327600992154,0.154450713778654,0.000729005509293977,0.0116298777448203
"16517",28,0.71737988040393,0.187197414881921,0.00178964641052611,0.011672998211187
"16570",35,0.771519681511342,0.16363957765392,0.00156381184072451,0.011415479737066
"10403",54,1.07789984158011,0.103780230840137,0.00572352830110289,0.0109873999774743
"11049",120,1.03843349921339,0.0652632282942896,0.00016635245906697,0.00796152481175369
"10583",73,1.05218321419247,0.0618557323521086,0.000482438585543379,0.00886178274790792
"16262",33,0.77275838220228,0.261616666215486,0.000635627645277651,0.0115693445829138
"16434",29,0.620410444254293,0.158142313343351,0.000158701233204839,0.0106318135285204
"16565",8,0.380922789836509,0.0873069186254706,0.000391611130147763,0.0114105058568795
"14972",46,1.17158712581309,0.619998448057027,0.00110070699795103,0.0118028502208665
"10586",80,1.00577161258059,0.051119073056294,4.89513912684704e-05,0.00786919179226284
"10949",132,1.02038582187749,0.0511432393737513,3.61993481649193e-06,0.00587146521084393
"16624",24,0.592718744152051,0.170623266937276,0.000299302792327219,0.0108807196421837
"16713",35,0.493629592436326,0.121975606255858,0.000595561548558752,0.0107484886214099
"16833",32,0.589151729799458,0.189704049569043,0.000681041372975459,0.0110514275611146
"16930",16,0.478006339220947,0.10684618789242,0.000466971591327459,0.0109398786284363
"17044",42,0.709565222031247,0.216784983884471,0.000676105098225697,0.0110357373122491
"14950",56,1.01962617755366,0.440625545016431,0.000699141047057919,0.0112877591089262
"13788",39,1.00882198025097,0.137511393220418,0.000467053862573288,0.00940842901707964
" 9893",59,1.14366368139057,0.107865293774695,0.000425260069691972,0.00830062556725995
"10335",96,1.02644812753899,0.0606063988049141,2.71495111236895e-06,0.00670920226787252
"16572",39,0.91116800052433,0.223052107674929,0.00108556908871843,0.0112281699516865
"16692",40,0.620462695882113,0.177118389332693,0.000146607360067923,0.0106715243844839
"16827",38,0.662892761944048,0.209136876017594,0.000696837452174696,0.0111141540298658
"16948",38,0.632345218506636,0.137618921306964,0.000284000340602958,0.0100111292911691
"13691",37,1.03239998055191,0.141377191550869,0.000944227088383588,0.00956820127693052
"10337",93,1.03009202921223,0.0755837698328592,6.68865228592713e-05,0.0078724947067122
"16863",11,0.243150597024412,0.0466617365431503,5.60267184097955e-05,0.00984199356947199
"16900",36,0.838427008885396,0.32969296607147,0.000867550287270623,0.0114347001826876
"17045",34,0.572273176339082,0.19904647811505,6.01402807012636e-05,0.0105865705954048
"15556",44,0.930386326735537,0.361954402188684,0.00153814321202575,0.0117311116850833
"13945",44,1.06289680302853,0.135677812670046,0.00120683690507091,0.0103143118215588
"16883",20,0.770128610129204,0.230656196145104,0.00131173274350335,0.0117452548668361
"16998",30,0.830875541800028,0.287955713724704,0.00202461308861477,0.0119932849482265
"15549",25,0.401506253806673,0.124854082376475,0.000271166026253577,0.0101973080799636
"14065",61,1.03753690346739,0.133150626945898,0.000109832113182198,0.00966123168310886
"15930",35,0.730678580241246,0.318517241866132,0.000313535717855699,0.0112526006287284
" 3420",45,0.961195871946568,0.491184494689486,0.000759445870250841,0.0119874923875168
"15928",28,0.69400736632568,0.236354593574911,0.00109618207943042,0.0113787016154911
"14377",56,0.997383082027614,0.284294656710919,0.000355082696999527,0.0107312864547909
"16665",41,0.937495808299972,0.310891576342358,0.000752781899338663,0.0113621797358597
"13916",37,1.21586164817397,0.410716317363879,0.000734682225256203,0.0109169543786678
"14937",61,1.48127147452806,0.72398449731436,0.000297739638656461,0.0110429185595359
"13917",51,1.23647504168806,0.38071991664309,0.000852576920529679,0.0109943463511377
"14934",54,1.4361388917705,0.73882376708885,0.00136677220696319,0.0114236525046946
"13883",16,0.503280827165719,0.150128699373228,0.00016248571051299,0.0106112526879855
"14807",48,1.29139713914132,0.463469761938358,0.0014923181280988,0.0116633184582202
"14947",9,0.149953619861254,0.0348737872359783,1.80996740824596e-06,0.00914129372852602
"14809",47,1.105162664736,0.402764175336523,0.000486387605343188,0.011264286842077
"15052",9,0.155900942643478,0.0451540666177649,2.21309651280984e-05,0.0101698212969167
"14793",43,0.777570171948305,0.252388856199674,0.00058412584538847,0.0109727805684704
"14071",47,0.993174661292113,0.114430510521937,0.000217113817743686,0.00977950244794277
"16256",47,0.935855843159997,0.275683052729006,0.000586429440271693,0.0113137973344871
"16392",27,0.621275040709449,0.191728320971321,0.00080601139539026,0.0112601499074243
"16500",30,0.536947817834104,0.148598030911348,0.000316826567688873,0.0107989705289283
"10254",89,1.01937866597567,0.0490606548299892,1.39861117909915e-06,0.0059307677155806
"10614",97,1.01760802877352,0.0496799499215645,2.32827625697095e-05,0.0074309366599225
"11132",99,1.01751282810765,0.0556464210978853,8.80302330374174e-06,0.00603947854007702
"15539",44,0.983377858305887,0.408550148273737,0.00114554482692804,0.011433139482452
"16239",39,0.767853340255259,0.216468822555921,0.000376884577144307,0.0110596299134823
"16401",47,0.956538514034941,0.330696381500979,0.00116150544861893,0.0113380634578734
"16530",11,0.227034540209636,0.072693159242444,1.22584156285749e-05,0.00983698210886578
"10255",88,1.02289784357575,0.0535820994257265,1.27520431035511e-05,0.00629005202120539
"10622",92,1.00573466284367,0.0454294628140407,2.76431385986656e-05,0.00742331172488661
"15509",25,0.468898833610992,0.192341990804586,0.000139861117909915,0.0103818860326498
"16522",36,0.832265094290637,0.237304264081872,0.000413824366521691,0.0112277042881358
"16690",20,0.445440773021555,0.103503332780441,0.000277994539657414,0.0104225155829383
"16702",28,0.473523320916264,0.115926247216667,6.5899267909319e-05,0.00993786516091241
"16797",29,0.480987450979327,0.123138889512479,0.000213411611681365,0.0112392904024299
"10256",99,1.00950273898341,0.046705808778208,1.98273702448762e-05,0.00592969626436439
"15947",42,1.22766272012137,0.602821223472188,0.00292828045280448,0.0119538478104401
"16535",70,1.15307556220712,0.376968017643618,0.00077886188426657,0.0114492633713968
"16683",26,0.577464999285765,0.13685934055867,0.000663599868859634,0.0110907088814678
"16701",28,0.499016136273253,0.11955964314327,0.000242124276475812,0.010340579135188
"16795",20,0.321432936169529,0.0710803072358632,0.000394243810014303,0.0105384666802679
"16844",9,0.215101994885626,0.0403907069674701,0.000294284246331628,0.0098982842194926
"15952",49,1.29425320137402,0.564394610015173,0.00312885775013647,0.0119364664965802
"13962",59,1.03711657280448,0.0905549086568601,0.000409546261738564,0.00935405599435487
"16555",19,0.484475180463647,0.118959880738288,0.000263350257899788,0.0108887718368777
"16804",26,0.630063357795072,0.180195273766588,0.00076594529867136,0.0111866992283819
"16896",46,0.862039387663227,0.276337012166645,0.000783139989049697,0.0112743516750544
"15943",28,0.719888350597704,0.262776192538882,0.000548420124698527,0.0108767408154633
"16307",44,1.31148569691388,0.605020201524982,0.00167117581653183,0.0115580038793585
"13982",41,1.05265110946778,0.10197915428146,0.00218759242660274,0.0101307301434164
"14935",53,1.25350334477905,0.631183655239401,0.000524479192162183,0.0110376459694972
"16305",61,1.2595610878782,0.532837459307419,0.00157648161258224,0.0113675121274106
"14938",45,1.21795293910839,0.61768406642388,0.000354095442049574,0.011003926981515
"16650",37,1.17228700748266,0.572200990511161,0.000817035742331394,0.0112199381126634
"14943",22,0.438168005689223,0.0994158029687994,0.000445005168691019,0.0101410462304248
"15714",16,0.313968833483518,0.0976744118419624,8.43280269750961e-05,0.0102754759849256
"16637",44,1.16151262354977,0.562283667067327,0.000303580897110346,0.0110258851917802
"14390",36,0.80644708090736,0.223038274729255,0.000935259522588188,0.0104643891469022
"11801",44,1.05029426533876,0.105327458469127,0.000701362370695311,0.00926183633217215
"12261",63,1.03779298086516,0.154501530664956,8.52330106792191e-05,0.00870046719248898
"15053",10,0.188205993962057,0.04621465817642,1.02016344828409e-05,0.00926208339985428
"15703",61,1.19486807284162,0.340039838667083,0.0014682126530708,0.0115524913345499
"16661",39,0.858149110162005,0.325867126259483,0.000905559602843788,0.0110432790030226
"17024",55,1.34520044788547,0.59060076274979,0.000297246011181485,0.0113218265158979
"11785",45,1.01652087745029,0.0953638428998934,0.000128178601002146,0.00876288858482464
"12252",61,1.02140880574436,0.168365884891587,0.000657018169193285,0.0102436332786894
"17019",50,1.34620792317015,0.597923352131352,0.000187331626753457,0.0111708095822931
"12085",66,1.05193290001313,0.130906460253128,0.000289101157844378,0.00909169363170988
"16980",56,1.26336130142248,0.530758707123242,0.000577050518247145,0.0115566923939535
" 7437",51,1.08690636066861,0.381779605252679,0.00106179269867375,0.00895942387579974
"12075",69,1.03680705075724,0.130470343395931,4.60718976644427e-05,0.00853562747530592
"16837",14,0.50242668783083,0.16722330046512,0.000416950673863207,0.0112864390272412
"15102",20,0.330638002476509,0.123321370113728,3.05226322026933e-05,0.0101267875588398
"11685",120,1.01634680106948,0.0492789751321417,6.58169966634896e-07,0.00679882127101609
"12107",42,1.04994830317233,0.126571295325265,0.0011490824904987,0.0106779857765189
"15677",17,0.233204888888943,0.065909189666483,3.4553923248332e-06,0.00886101859085555
"10837",138,1.01344946388952,0.043548847874877,1.15179744161107e-06,0.00485988401511278
"10841",128,1.00502173008238,0.0455842439394169,8.06258209127748e-06,0.00528647988418382
"14038",41,1.03371491276118,0.121227215782794,0.00015211953353849,0.00993770139531927
"10839",113,1.00993637504666,0.0508196979993392,4.1135622914681e-07,0.00549924040907669
" 9713",5,0.72050507089301,0.0448356897982514,2.36941187988563e-05,0.0104447062613643
"14339",106,1.02092154780673,0.0467744502775751,5.59444471639662e-06,0.0067201104286147
" 9714",4,0.710236052336167,0.043344730149146,9.13210828705919e-06,0.010447297061219
"14330",109,1.00929933471096,0.0446340607247069,7.40441212464258e-06,0.00700693119293349
"11758",25,0.959837291830053,0.113658181910049,0.000432335396833297,0.00959361281166273
"14940",36,0.893104765976313,0.285835906360992,0.0020308657032978,0.0116721750066615
"10089",36,1.04440181832598,0.126551537342431,0.000136899353060058,0.00895535077354567
"15708",53,1.10689875355545,0.379334739007384,0.00179170319167185,0.0116981745536631
"15802",15,0.174054096623163,0.0714752303186361,0,0.00843623416947363
"15072",38,0.965249572258928,0.378422104974836,0.00128877906591696,0.0115454382962376
"17022",30,1.1775036876889,0.501940522346965,9.65041713578417e-05,0.0107149153678939
"10092",32,1.03989981881615,0.130154170107166,0.000155821739600812,0.00901157757404029
"15720",60,1.11164418680191,0.399923436654434,0.000871992934545408,0.0112430021583076
"14922",28,0.623803431275602,0.257795650510218,0.000314358430313992,0.0110199502582866
"17026",34,1.20224995212964,0.511468954467947,0.000207899438210798,0.0106973513072388
"10085",29,0.994437903647392,0.120287811411828,0.00052225786852479,0.00915128223412782
"11619",53,1.08050048141077,0.241780224732097,0.000723164250840092,0.0110864376113193
"14960",29,0.429524419699014,0.141885069708128,0.000177047721024787,0.0106932903533454
"15091",43,0.843147696663798,0.295510292008952,0.000670922009738447,0.0113712834561227
"16047",12,0.26170642547988,0.0681728245621766,0.000171782361291708,0.00990990814197901
"15575",45,1.21297568355324,0.314996659348142,0.00186657002537657,0.0117268682687812
"16079",40,0.668407393537006,0.203123526435199,0.000402635477088898,0.0101331853755336
"13145",34,0.973677231085839,0.186953851119146,0.000186015286820188,0.00928211932360686
"16990",30,1.01129155785234,0.408541589344745,0.000417197487600695,0.0107185042472356
"15063",6,0.0706754502693639,0.0189379245605213,0,0.00698375328200417
"16054",21,0.389349462329942,0.0788540429136931,6.06339081762398e-05,0.00967868667127959
"15566",55,1.33519599920861,0.467682230318932,0.00152942245996784,0.0117649868887721
"11474",66,1.0199383617712,0.0680245109669259,0.000753769154288615,0.00914738715540881
"12100",67,1.0493950327661,0.110007687189357,7.23986963298386e-06,0.00768009017541673
"15722",38,0.909702091722906,0.253396433262653,0.00236069112782771,0.0117856733339027
"16214",25,0.437525033924151,0.142799669274515,8.03790071752867e-05,0.0101078164037554
"11452",70,1.00272412657292,0.0550182624641223,0.000980426436548507,0.00934929926792564
"12094",70,1.0447759505827,0.110920926632767,6.58169966634896e-07,0.00720954927826156
"15631",26,0.580782729266644,0.238537193190222,0.00068992666752503,0.0113031619126084
"12096",58,1.00353987413475,0.0949313390709675,6.31020455511207e-05,0.00908551761365409
"16009",49,1.41464346789142,0.594433969971826,0.00202337901992733,0.0117391738475992
"14338",73,1.0535877631867,0.0689352339808104,7.59363599005012e-05,0.00706214901296439
"16008",57,1.45695310081262,0.631664623439549,0.00129025994834188,0.0117597906325295
"16020",40,0.87922393332842,0.373618796797345,0.00273938567238027,0.0116752510004901
"16353",51,1.07408212780723,0.471398791994364,0.000471496509848074,0.0113813698999157
"16337",49,1.13224110588067,0.480172799084154,0.000499551004675886,0.0114539359359533
"16678",26,0.661677717631851,0.199612762784553,0.000625014654565663,0.0105173436544709
"13137",43,1.06507635230082,0.220370689366725,0.000302429099668735,0.0096529785109174
"13127",45,1.05938280762603,0.214466900190897,2.63267986653959e-06,0.00943995571739354
"13138",52,1.130243661387,0.222618857998643,0.000186097558066017,0.00941645871010002
"12110",53,0.9953237026554,0.0965568848186451,0.000604693656845811,0.00988447305454657
"12259",121,1.02680039477206,0.0469608399128049,6.58169966634896e-07,0.00621959556324751
" 6561",42,0.964307256043277,0.38460513624858,0.00286345071109095,0.0126136900679924
"12396",131,1.0188536450757,0.0462366764652311,9.87254949952344e-07,0.00673456777389977
"12415",147,1.01641183866948,0.0431378571672441,4.27810478312683e-06,0.0062982963852234
"14332",101,1.0187855194777,0.0496691071407294,2.03209977198524e-05,0.00668798386133926
"16820",29,0.991042094176602,0.218263951563362,0.000408559006788612,0.010526276384851
"13929",21,0.492565702827196,0.148450400302098,0.000216044291547905,0.0105085537612346
"16823",25,1.06234862246775,0.224419776035641,0.00103776949489157,0.0106907242526999
"13887",22,0.442994004359303,0.170825403282255,0.00035853808932436,0.0108977571051076
"14787",25,0.733117932114285,0.204999423496286,0.00168499738583116,0.0116102392266857
" 3317",49,1.15928717257947,0.543577837945802,7.70881573421122e-05,0.0107002236092437
"12397",119,1.02078242160865,0.0449141413832028,3.70220606232129e-06,0.00639254081384401
" 9802",87,1.0850851421631,0.0771161326754922,0.00112662244038728,0.00929542667623498
"10406",41,0.992330647957546,0.0524105545118095,0.000650271927035278,0.00885451582551803
"10404",45,0.95974206023915,0.0481176477283152,0.00210425165457759,0.00905821847164737
"16699",14,0.224496225075602,0.0277637116491897,0.000214892494106294,0.0100248052450851
"10584",100,1.01136407479026,0.0469391316794503,0.00144937253777587,0.00955531938805279
"13130",48,1.09919644791049,0.221551564281251,7.41263924922552e-05,0.00996345838962735
"13136",49,1.09766111729739,0.22131774139344,0.000187742982982604,0.0100883711079714
"13847",124,1.00823111290572,0.0477148863011452,3.20857858734512e-06,0.00686883973429137
" 3369",48,1.11762231258903,0.5307200817976,1.57138079534081e-05,0.0105717468555696
"13956",54,1.07871684976059,0.216357298462401,1.66187916575311e-05,0.00899337076980648
"13975",54,1.12814723495232,0.228604176475469,0.000604940470583299,0.00969945724330704
" 2946",46,1.08931352425291,0.516970656476703,2.46813737488086e-06,0.0101207754154694
" 1983",63,1.21432930179734,0.541191562855654,0.000238010714184344,0.011683447053592
"10623",104,1.01665782599039,0.0452218572241302,0.000126862261068876,0.00869544446293186
"10251",86,1.02393267243265,0.0552003666534237,3.31553120692329e-05,0.00673161462141492
"10618",104,1.00470373520264,0.0455332925523943,0.00221457739523477,0.00934286255698898
"10247",100,1.04701618746012,0.0546892465620255,1.1353431924452e-05,0.00641953628115297
"15098",19,0.255243320010378,0.0787455434560461,3.92433842606057e-05,0.0101539667150933
"15097",13,0.177051032741508,0.0547859934238882,7.48668337047195e-06,0.00964126804276818
"15095",16,0.477827912185048,0.157670892674558,0.000401565950893116,0.0111441575060308
"15707",37,0.928607439506899,0.242863280113866,0.000699223318303748,0.0113180939435134
"15698",46,0.92989895334706,0.293685513061617,0.00129733527548321,0.0119487066124247
" 5013",51,1.12103383884113,0.491949349807448,0.000385029430481414,0.010478558106195
"  318",46,0.99604443033697,0.501410418620786,0.00129346852692923,0.011712268983588
" 4419",24,0.395975255653709,0.138836242471426,0.000547761954731892,0.0110189487522154
"10848",121,1.00740963510861,0.0483611360473939,3.4553923248332e-06,0.00532424600550978
"10840",113,1.00399737307351,0.0503247753240229,3.20857858734512e-06,0.0057086145282073
"10849",122,1.03127172674251,0.0503230692528213,5.10081724142045e-06,0.00615148606320917
" 8300",67,1.0416683216012,0.334222684865346,0.00063579218776931,0.00905251229165301
" 4913",59,1.14631351262274,0.540329379239697,8.2271245829362e-08,0.00946375221380477
" 3602",6,0.383188821957111,0.15204801732801,0.000446979678590924,0.0105662909380517
" 4259",33,1.14990847656271,0.477410602163402,0.000585771270305058,0.0106316312443183
" 6520",61,1.12997164801456,0.539036621249669,0.000475445529647883,0.0103081721458247
" 6801",40,0.57074571500996,0.217990352154551,9.97950211910161e-05,0.0101013640581629
" 4929",54,1.03822347128268,0.523838645335506,9.46942039495957e-05,0.00953031868472011
"17225",41,1.00949426243547,0.443281314160722,0.000864917607404083,0.0117143684338995
" 7915",56,1.04739523738064,0.257831689731612,0.000557469961739757,0.00912661885323275
" 4909",61,1.15082390806966,0.544129283569714,1.64542491658724e-06,0.00943945457383522
" 7810",49,1.06093001095638,0.149491436583471,0.00150284884756496,0.0104091901407236
"13128",50,1.07291082668765,0.217313526137968,0,0.00925212545135511
"13115",44,1.06230549790037,0.215875111669137,9.94659362076987e-05,0.00952606500852704
"17185",23,0.595506617340303,0.216898901123022,0.000248212348667185,0.0111628964660355
"13152",53,1.08047594850245,0.204499121592252,0.000107281704561488,0.0092707476833737
"17158",29,0.821751157522568,0.334697078874306,0.00191947043644485,0.0121245215267513
" 4892",54,1.13659549886437,0.532736386983563,9.79027825369408e-06,0.00949682195272196
" 4455",30,1.23599161001404,0.633121027143163,3.0440360956864e-05,0.0116481173918416
"13135",39,1.07244640994764,0.19743790764354,0.00048103997436428,0.00985006487483165
" 8171",45,1.07630303603515,0.265699302287709,0.00127158437553862,0.0108470678597307
" 5088",28,1.19878530588252,0.615277251159187,0.000198849601169568,0.0116991075874102
" 1955",69,1.14263302280942,0.451508804419455,0.000684990392775268,0.010853323706715
" 8949",49,1.12442604914226,0.282239229085466,0.000140272474139062,0.0101827097015519
"12876",54,1.05761051320646,0.137542117557051,4.36037602895619e-05,0.00822659613685115
"12877",52,1.05374395840901,0.134520811552269,5.90707545054819e-05,0.00851573185355892
"13134",51,1.09259532479861,0.214528392395641,0.000147841428755364,0.0100523549298083
" 4141",46,1.0982242736575,0.523053125711604,5.75898720805534e-07,0.0102132007834059
" 9073",45,1.13609037147596,0.368208327739718,0.00107265250312322,0.0117539955873006
"13940",44,1.04456925642226,0.189781697009629,8.43280269750961e-05,0.00936695969486864
"13972",46,1.03595747746809,0.19366796891028,0.000438752554007988,0.00954267033235474
"13924",53,1.29817368943684,0.479132320137191,0.00224057510891685,0.011787407659194
"13876",57,0.969648092763668,0.297355168697828,0.0014825278498451,0.0112555105487042
"14822",63,1.32331252381676,0.533717078973496,0.00101317039238859,0.0118162238027425
"14806",50,0.963071691532267,0.363441033804289,0.00083431270395556,0.0114592294243726
"11366",46,0.98098721231364,0.130988566952594,0.000637848968915044,0.00909106503568602
"12870",46,1.08294602998541,0.218736680724187,0.000108762586986417,0.00894670903650985
"14514",17,0.204645222207982,0.0511427298061016,1.29988568410392e-05,0.00920302895106002
"14226",61,1.17697234274896,0.33120790723834,0.000218430157676956,0.00997534544200215
" 8937",17,0.89565245395895,0.0768141950924901,0,0.00877719783103859
"11367",40,0.978395022677183,0.120955894850773,0.000219664226364397,0.00884793478422253
"12922",47,1.10193722602228,0.235354174673838,0.000705311390495121,0.00944032582562258
"14501",5,0.186637992019236,0.0389200248649652,6.04693656845811e-05,0.00960579163505855
"14228",44,1.09078947267455,0.293537795243538,0.000927772839217716,0.0102859311898125
"14548",60,1.15573841588643,0.326765453699038,0.000430525429425052,0.0100273572374804
"14084",55,1.01157944930508,0.293562587922054,0.00056610844255184,0.0100240574674264
"16211",36,0.737090244266214,0.263402396378449,0.000456687685598789,0.0111545516735725
"16571",12,0.399217674318386,0.0710068600674239,0.000376720034652649,0.010678450882311
"16626",19,0.408106055493865,0.0844156330497373,0.000430607700670881,0.0104458938700192
"16712",23,0.397425028437495,0.0593023802695,0.000447308763574241,0.0099398398511676
"16810",20,0.317773124264528,0.0892144909764285,0.00030432133832281,0.010666270626371
"16223",20,0.330131596400149,0.112848762003578,0.000139532032926598,0.0111174113134582
"16452",42,0.702336274754689,0.223905710394136,0.000266229751503816,0.0111213781172476
"16567",27,0.791281659548165,0.22753904269387,0.00122880332770735,0.0119553489027641
"16656",30,0.807987253994956,0.217583359682606,0.00239195420124287,0.0120308909719403
"16762",16,0.28812923641605,0.0560810568808578,0.00033138857820067,0.0111959600678577
"16840",21,0.382611884366931,0.112749406595575,2.06500827031699e-05,0.0100255230902062
" 8606",17,0.897973558452883,0.0776784552115628,0,0.00881788525513503
"16585",43,0.822142160289819,0.252569887021279,0.000589062120138232,0.0115532547864718
"16703",36,0.920725006159977,0.234769447218389,0.00158750595952337,0.0112786704515087
"16723",29,0.85224416348062,0.23694251343245,0.00205752158694651,0.0119524489329809
"16940",17,0.266211015891509,0.088592843977321,0.000271412839991065,0.010785775165819
"16818",25,0.557658363723985,0.13941312326874,0.000348994624808154,0.0106262968086449
"16877",15,0.319942918246733,0.0861402297501993,2.2048693882269e-05,0.00994524659551572
"16747",40,1.07676591426381,0.356209358593042,0.00112143935190003,0.0118592671864366
"16816",44,1.09185973533034,0.411372911970612,0.00116915667448106,0.01196072875584
"16891",29,0.39789552890829,0.101121148173123,9.14856253622506e-05,0.00986670478067555
"15044",49,0.765047109381514,0.334281387670512,0.000456358600615471,0.0114589802270652
"15036",54,0.982698797099001,0.441767571159672,0.000981989590219265,0.0115457482580033
"12899",30,0.533583076954465,0.183946540567267,0.00142214075540635,0.0107671790477453
"12574",86,1.12681694519209,0.291215740305074,1.7276961624166e-06,0.0091381079335379
"17059",45,0.854390456307793,0.352646842096763,0.00129544303682913,0.0117700656098261
"16912",16,0.245046400850249,0.0745284805556941,4.25342340937802e-05,0.00932746780340206
" 3357",38,1.11225778372139,0.526956256004829,0.000111559809344615,0.0102955365082664
"12880",81,1.12832779011388,0.292979224401466,0,0.00919511022573061
"17047",22,0.503052609609449,0.154140437784877,0.0020798993658121,0.0111955698868174
"12554",91,1.14090142983445,0.290877469208526,4.36037602895619e-06,0.00915887858304939
"17065",34,0.681628931039858,0.237992438394085,0.00103957946229982,0.0116407485518008
"13763",43,1.14856527839092,0.281661781998477,0.00170178071998035,0.0108872313738205
"14443",34,0.726086333039754,0.253132633247387,0.000619667023586755,0.011064626037204
"15240",42,0.796224295599573,0.338193298398282,0.000989311731098078,0.0117897877487171
"14271",10,0.119142451688889,0.0298932005679729,6.58169966634896e-06,0.00892539064665406
"15244",19,0.37658445294199,0.11637903080761,0.000192021087765731,0.0105432513858072
" 9373",67,1.02989655417971,0.0799001396477727,1.31633993326979e-06,0.00670360180699433
" 1945",42,1.23075883554435,0.71070873041453,3.95724692439231e-05,0.0110257482503657
"11974",42,1.07643670941767,0.234280124722068,0.00230417078194294,0.0104836032973624
"14550",45,0.743075217037164,0.28141489791599,0.000290828854006795,0.0107949475880209
"12480",47,1.06416127767252,0.188904212339522,0.000433487194274909,0.0100692160018314
" 2928",47,0.954653322917572,0.448032866189515,0.000733201342831274,0.0116443366642773
" 5373",61,1.13758960377054,0.441058260699072,0.000244839227588181,0.0103350927168576
" 5485",29,1.06541020321849,0.656823742591839,0.001388080459633,0.012030280144423
" 1210",41,1.09157830507567,0.446525807346175,2.1143710178146e-05,0.00880454965767703
" 6710",30,0.816618347407682,0.368760909119,0.000359607615520141,0.0116471634660662
" 5162",70,1.3355729360269,0.558053109170762,0.00204057371030567,0.0120892810360401
" 3302",53,1.18066204768772,0.536554893827358,0.000143069696497261,0.0105839139273465
" 4242",48,1.09928057220594,0.454650518091837,0.00101004408504708,0.0115836027795805
" 6811",33,0.830315931062292,0.338779915517926,0.00392277527238981,0.0123391084515157
" 7096",58,1.11755790734993,0.338435303590032,3.71866031148716e-05,0.0100558360286045
" 5370",58,1.13645337110102,0.42926392066227,5.82480420471883e-05,0.0103385535731973
" 1225",38,1.06062848060562,0.42796485349728,1.51379092326026e-05,0.00874670746358564
"  276",27,1.04832910926225,0.307478421354705,0.00127339434294687,0.011563744461362
" 3854",13,0.58563960051361,0.151677765080747,6.318431679695e-05,0.01129699053212
"14724",90,1.03968842568094,0.197017855293685,8.14485333710684e-06,0.00768265559055066
"14727",80,1.03666473189274,0.195376241396057,4.36037602895619e-06,0.0076285697179032
" 4671",26,0.85510250801048,0.295676798757473,0.000844349795946743,0.0112403646667243
" 1980",66,1.25423779522292,0.55277503771133,0.00108737905612668,0.0117626249827143
" 6682",16,0.899270534821269,0.284313752189858,0.00142329255284796,0.0118793758775243
" 1890",48,1.50582583871257,0.733042754889995,0.00702645802130249,0.0131562990473233
" 5749",25,1.05408875727165,0.324380677961608,0.00181079012070426,0.0116929831548682
" 4634",32,1.21958726259427,0.399361735002422,0.0014225521116355,0.0119964667549441
"  308",34,0.768481481215411,0.245435522589526,0.00106829212709427,0.0112313245406731
" 3847",10,0.367983107821601,0.0739906222286066,0.000382808106844022,0.0106034739131392
" 4558",24,0.534626396308111,0.100703508314417,0.00054932510840265,0.0104064922290546
" 2481",45,1.16484080937521,0.557759038778927,0.0042945590322927,0.0124129946293153
" 3497",50,0.990362294680167,0.162576844019719,0.00200141259729089,0.0108111092435434
"  286",35,0.957245276203798,0.361324075892261,0.000626330994498933,0.0115410840707569
" 3853",14,0.510433963124049,0.180994713557877,2.1143710178146e-05,0.0112309048520316
"14488",27,0.491818317339094,0.208955538875202,0.000340109330258583,0.0105255703850931
" 8344",42,1.15149094129517,0.470285346595759,0.00198364200819175,0.011354005300415
" 6539",37,1.12490609185038,0.655774916691045,0.000663435326367975,0.0112335758130729
" 9170",37,0.675663879254729,0.261805556082812,0.000153189059734272,0.0111822246985408
" 3631",21,0.672653099375885,0.183033535218559,0.000813580350006561,0.0111678497313114
" 4252",50,1.21702856803794,0.650476827743192,3.66107043940661e-05,0.0106033707131378
" 8366",46,1.02115649308753,0.340756508143663,6.26906893219739e-05,0.00897167587722752
" 7411",63,1.09965836916405,0.383830352557208,4.55782701894666e-05,0.00820376989546572
" 3743",35,0.81489737202978,0.31207275008323,0.00336497622566674,0.0122904564853647
"14474",29,0.374468649797845,0.135342985747724,9.95482074535281e-06,0.00960455473731109
"13205",56,1.02913947419245,0.188643463246662,1.20938731369162e-05,0.00888846602629747
"13202",53,1.03785895467784,0.197330033700503,0.000375568237211038,0.00898012534194403
" 4261",52,1.24061866727106,0.660656731428332,0.000112958420523714,0.0106409995904851
" 8364",54,1.07116296189042,0.367775983234561,1.62074354283843e-05,0.00821769264438893
" 7413",54,1.10063172906079,0.386682862183067,9.14856253622506e-05,0.00841687743768206
" 1627",47,1.18296446553491,0.274724609525391,0.00122230389928683,0.0114638523529249
" 1587",30,0.98836579543276,0.290179505189121,0.000335831225475456,0.0102806329436588
" 4248",48,1.15760941160231,0.624246281242859,1.80174028366303e-05,0.0105571230349739
" 3340",48,1.37796216451039,0.74249580854778,0.00256332520630543,0.0122535953885595
" 8363",63,1.12609570713074,0.393059866374457,0.000178446332203886,0.008773162648545
" 7223",16,1.00735655140003,0.355650380775063,0.00687623072641808,0.0130585949234839
" 7417",45,1.11688394561401,0.403157297341052,0.00129272808571677,0.00898334765869531
"12901",75,1.14732454992345,0.303227740166,0.000218594700168615,0.00916855869583412
"12918",88,1.11797548374209,0.296677768953469,1.89223865407533e-06,0.00898153258562467
"12553",74,1.11472984353087,0.298481949034135,0.000119704662681722,0.0090234232721485
" 3991",33,0.904027364085504,0.499529383227613,0.00037268874360701,0.0117947169339168
" 7441",41,1.02323842990736,0.363619435493974,6.9766016463299e-05,0.00832132127273566
" 4659",48,1.02804665438145,0.211394455998512,0.00271445748489397,0.0110142459497366
" 6781",35,0.9786726973415,0.343825476147075,0.000120774188877503,0.0103213496850469
" 9083",54,1.02224282985635,0.345517180180014,0.00335600865987134,0.0114737688720749
" 4555",10,0.200556834083616,0.034621302558496,0.000108104417019782,0.00963321072382365
" 7401",29,1.17061843679543,0.397119447257973,0.00115451239272344,0.011791653382444
" 6834",62,1.34614668613821,0.503203916517151,0.00728989055044811,0.0130682239284995
" 5377",56,1.23358834863515,0.508084141214977,0.000685895376479391,0.0107025948894677
" 5414",43,1.11169181281646,0.449853397728076,0.00124863069795223,0.0109847990032542
" 4566",70,1.37829157795001,0.611521722040436,0.0014923181280988,0.011962339087621
" 6819",36,1.08819619106431,0.187328581261095,0.000162897066742137,0.00984018467927158
" 3358",42,1.14866560980077,0.543304509191094,9.21437953288855e-06,0.010288610360328
"10724",78,1.07420036765887,0.204541549696317,0,0.00830786630381244
"10732",78,1.06903049504723,0.200186064499219,6.27729605678032e-05,0.00822716067805967
"10734",78,1.0688284531412,0.20043131540729,3.00290047277171e-05,0.00819459504930488
"10725",78,1.07170687235757,0.202793793163724,0,0.00822632912853475
"10697",75,1.0677099287423,0.204282855067798,5.13372573975219e-05,0.00836346947339755
" 2921",51,1.09228369336257,0.521849880309746,3.29084983317448e-07,0.010196904529285
" 4676",78,1.33944749928,0.634274525416994,0.000970553887048984,0.0115818304306277
" 2548",55,1.33354701642745,0.616041453579357,0.000784209515245479,0.0114877940315236
" 7228",50,1.01084026918083,0.102406649726107,0.000424026001004532,0.00917514075944698
" 9205",56,1.12636385755689,0.4889455997136,0.000107610789544806,0.0104659072125971
" 3371",51,1.14233550804307,0.530192810540879,2.96999197443997e-05,0.0103033847629483
" 7794",37,1.03369403184914,0.187127678517971,0.00450945152639899,0.0116075987097609
" 5430",61,1.27939686408026,0.688213653659138,0.00254983272198942,0.0118519886407672
" 3167",43,0.696233060945929,0.227219858475143,0.00100033607803921,0.011721699508098
" 1967",43,0.965610971644312,0.494716541789032,0.000208475336931603,0.0110613936592271
" 3322",65,1.39064545967859,0.674387301841537,0.00189520041892518,0.0120769878999538
" 7791",51,1.141142368025,0.18768036249061,0.000260306221804101,0.0106375599240309
" 1946",37,1.21613292369712,0.710590941807869,7.23986963298386e-05,0.0110925757669394
" 2174",61,1.21953866847076,0.597793658234328,2.03209977198524e-05,0.0109622333218755
" 1917",37,1.21535372635397,0.708083851082349,2.55040862071022e-06,0.0110826837738288
" 5457",60,1.28399357373877,0.684712064840645,0.000574746923363923,0.0117713021333033
" 3274",32,0.714617577558082,0.279602831529957,0.00117582064539324,0.0114083704658964
" 4574",42,0.841504196539911,0.385678091964389,0.000893383458461042,0.0117049931939896
" 2188",61,1.23694156459543,0.60816819406917,0.00012381822497319,0.0111613658252795
" 5140",64,1.37262255619625,0.636463741017701,0.00375847959446857,0.0122895745023067
" 8333",53,1.0818709356587,0.35539097581799,0.000347266928645737,0.00913954872466818
" 7412",42,1.00487227969596,0.351087381545834,0.000138297964239158,0.00846582748549572
" 6824",27,1.02751906122274,0.167214025075394,6.19502481095096e-05,0.00990724337866526
" 5699",58,1.01179262929114,0.54007252689641,0.00177113538021451,0.0119054480536399
" 8311",49,1.0521065564212,0.330863631811278,9.87254949952344e-07,0.007981988611196
" 7425",46,1.08224575746644,0.372240089363432,6.91078464966641e-06,0.00793746461065888
" 3264",57,1.28585358891261,0.643387886793383,0.00147372482654136,0.01178808492268
" 6221",51,1.18838856354969,0.546429115100106,0.000183300335707819,0.0106634338736309
"  502",11,0.623316359112122,0.149808603440193,0.000108680315740587,0.0100334266018529
" 7081",30,1.00155944544755,0.344537566269798,0.00106508354850692,0.0115124886208334
" 6837",73,1.03032510738283,0.216033780996507,0.000292474278923382,0.00944432076901288
" 7748",53,1.1547429214215,0.435427795376781,2.7725409844495e-05,0.0112895392074882
" 6906",31,0.988633902845794,0.398648378505704,0.000734188597781227,0.0114237281789499
" 5170",55,1.13818531997875,0.470675402634913,0.00172169036147106,0.0121303874785035
" 1488",31,1.11001102985952,0.517157032455504,0.00184904625001491,0.0126437482314967
" 5337",55,1.11302589639906,0.411939479929548,0.000102592243549214,0.00946918283880038
" 6895",27,0.876074701757539,0.333428236473133,9.74091550619646e-05,0.0108706600169694
" 5446",38,1.43916693390064,0.81868321611642,0.00271741924974383,0.0121323441343543
" 8865",58,1.19211121250916,0.43321947474549,0.000266558836487133,0.010518802078498
" 6816",36,1.05038123833916,0.174109437246033,0.000104895838432437,0.00998631730389726
" 3168",38,1.45374869157585,0.649581439387747,0.0034576136484706,0.0126739482327973
" 5353",58,1.11286600175807,0.410664271677631,0.000611933526478795,0.00954906836867243
" 6820",45,1.10591192695708,0.184289664336209,0.000752617356847004,0.010676303556159
" 6778",69,1.16527942243645,0.343842842459056,0.00170350841614277,0.011009665607036
" 6932",52,1.05910116589355,0.180997737906152,0.00100189923170997,0.010835191756031
"  368",33,1.13150283670708,0.40103938509655,0.00281746108467233,0.0115743490010873
" 3836",7,0.817873193626183,0.197682727882263,0.00225176399834964,0.0114115429442056
" 7822",53,1.08508248978659,0.361158590370894,0.00243037487304518,0.0112306573739752
" 8083",48,1.13100428223022,0.47973885764679,0.00131559949205733,0.0117362822693866
" 6775",40,1.05619766295037,0.38254472857598,0.0039235979848481,0.0120261431529461
" 6995",41,0.941987547290438,0.242491453887309,0.000493462932484514,0.0105379513978742
"  358",53,1.33135869064991,0.473787040144216,0.00144739802787597,0.0116723425719048
" 3840",23,0.666393907149953,0.238769124220601,0.000326616845942567,0.011472915214995
" 4564",14,1.22627052614727,0.243091456712826,0.00783863976012996,0.0124447856311681
" 3834",9,0.486468533729399,0.111313215806585,0.000809302245223434,0.0111888725552986
" 2883",41,1.07488422017753,0.507661374787496,1.62897066742137e-05,0.0101276390261509
" 4557",37,0.802413296758475,0.310675171298554,0.000501854599559108,0.0108878223817236
" 6762",81,1.45671818010448,0.60600015511442,0.00383565002305652,0.0123858426070933
" 4545",23,1.16669518224793,0.245739944445632,0.000242617903950789,0.0111650085803906
" 6804",69,1.10529321069662,0.225764773210808,0.000145044206397165,0.00925504334705453
" 5368",39,0.807833397332089,0.252454647415445,0.000796056574644907,0.0105402522915037
" 6112",55,1.0881906620049,0.39827057669358,1.20938731369162e-05,0.00884743850531728
" 5334",51,1.08119359641035,0.400493524976298,3.27439558400861e-05,0.00892565662842994
" 6887",50,0.984917274924448,0.363984755620328,0.000482109500560061,0.0100663941705033
" 6999",34,0.960721411661072,0.245544047349919,0.00118947767220092,0.0106963510310261
" 4095",62,1.43148368176513,0.676651812473118,0.00180889788205018,0.0123086269661708
" 7997",55,1.10133804988995,0.369219154781242,0.000107775332036464,0.00886964670376516
" 7420",44,1.08491167944789,0.377775629713776,0,0.00822694566805828
" 4572",66,1.11571544012651,0.372037951943669,0.00139696575418257,0.0119507885864452
" 4164",53,1.08652084643938,0.47334883652851,0.00334967377394248,0.0124824922872782
" 9386",43,1.46735377616504,0.619845645451006,0.00285588175647464,0.0120668984831066
" 7777",36,1.08764343589945,0.199005248925426,0.00421294595642997,0.0119184080670672
" 7415",46,1.0627410968782,0.372428964404245,0.000136817081814229,0.00825171158340027
" 8379",56,1.01868332264077,0.338560123235052,9.76559687994527e-05,0.0086515747069916
" 8277",55,1.0394483919034,0.333988717685409,0.000104237668465802,0.00843798956274722
" 3063",39,1.07773220328829,0.460444788105356,0.0058233233222939,0.0129953265400928
" 5342",20,0.395674918076489,0.120906781261795,2.34473050613682e-05,0.0102478491031774
" 5679",54,1.08252380254316,0.396527759099435,1.21761443827456e-05,0.00878457579758913
" 5389",53,1.09064695008985,0.392354061046769,0.000465737522640018,0.00972790840234752
" 6635",42,1.17219706102298,0.706359495915594,0.000857101839050294,0.0119167229760779
" 6898",33,1.22829269580562,0.477842375291132,0.00192687484856949,0.0119746150621188
"   68",29,0.469963967368572,0.109747563738053,0.000121679172581626,0.0103407837374782
" 6917",25,1.10622319050445,0.406941266120122,9.08274553956157e-05,0.0115094410182296
" 7241",47,1.11345152758876,0.443490943220526,0.00362306112383345,0.0121217103792113
" 6930",42,0.96796800477461,0.31440834638996,0.00260783395029912,0.0117232360127849
" 8728",29,1.0613578075029,0.376227643255164,0.00715282665489639,0.0122931914458387
" 4565",38,1.06255304739171,0.226099710956524,0.000850684681875603,0.0105357113653743
" 3333",52,1.35883015040943,0.488396749396761,0.00922194848750485,0.0126158590547311
" 7458",33,1.16846065873754,0.522498092260347,0.000871992934545408,0.0120756502826031
" 3809",49,1.20249456926098,0.582785599517081,8.35053145168025e-05,0.0106702843010222
" 3677",51,1.0622952102998,0.271504749862332,0.000321598299946976,0.010570057653474
" 6653",49,1.00887983500051,0.333607658525476,0.000905065975368812,0.0113500270935991
" 7751",41,1.17616424805775,0.44444234389137,0.000904654619139665,0.0117526588826469
"15168",34,0.981858260474891,0.268218599564329,0.00353330319463361,0.0121953887461197
" 4647",51,1.38825790789447,0.53608688157594,0.00763600568165224,0.013137631402351
" 2855",70,1.16202125895239,0.442502236132405,0.000573512854676483,0.0111591870212833
" 6573",23,0.374873708636053,0.130118340218044,0.000200988653561131,0.00987446235331224
" 7639",57,1.12170270807475,0.33443911719376,0.00148203422237013,0.0111328212217303
" 9294",46,1.23075361402129,0.457836506800568,0.002634407562702,0.0117973199142938
" 6896",28,0.937304621810182,0.34987787006542,0.000450352799669928,0.011345669455154
" 6567",48,1.07614101449812,0.49812052700951,0.000155328112125836,0.0106239358795363
" 4879",44,1.10170876491132,0.56291699233646,7.72526998337709e-05,0.0101686499950797
" 4522",65,1.34256388802979,0.592776011141667,0.0028795758752735,0.0118883595462516
" 1649",59,1.30796032038102,0.569385043537475,0.00158018381864456,0.0121709166466183
" 5382",69,1.21098539322474,0.566904338866527,1.64542491658724e-07,0.00987949231086467
" 6496",24,0.523656852860152,0.114890126465833,0.00325267597510966,0.0107744827861993
" 7097",49,1.15211585546976,0.363611860085996,0.000329907695775742,0.0102711702976205
" 5314",67,1.08417552600298,0.396115922137121,0,0.00818464604791849
" 5195",49,1.25787715855379,0.496038950318266,0.00222576628466756,0.0115088180776571
" 3304",43,1.13174863537433,0.535702071796969,3.22503283651099e-05,0.0100597339415776
" 6712",58,1.394263567405,0.574848195688008,0.00214645680368806,0.0120025628195871
" 3359",63,1.15931481831617,0.511117676692657,0.00121893077820783,0.0116801246919245
" 3278",36,1.10192705961829,0.493544300101619,0.00618704450010551,0.0129186340920179
" 4529",54,0.906219006280115,0.360080121103327,0.00235690665051956,0.0123555676964901
" 5426",68,1.19727891724814,0.5618608832662,3.84206718023121e-05,0.00991038998749376
" 7331",12,0.9260379600027,0.0892084193721895,9.87254949952344e-07,0.00933973714742779
" 2024",72,1.07594980782478,0.217287216096269,0.000120280561402527,0.00931400946195752
" 7094",46,1.11297584657503,0.342258248881663,0.000243111531425765,0.0102494290189349
" 4055",29,1.1822304340443,0.367222649667739,0.00117244752431424,0.0117018363184803
" 4690",32,1.18151412160253,0.375976465439895,0.000618926582374291,0.0119280273863457
" 1545",44,1.29638147881798,0.437637130194224,0.00173164518221641,0.0116350928172337
" 6657",25,0.806992596028296,0.267896391850068,0.000377460475865113,0.0111783550626991
" 6744",25,0.935460143570659,0.295458018156324,0.000496589239826029,0.0115410094635611
" 5321",73,1.09425520536836,0.401616059717214,2.13905239156341e-06,0.0082091150958099
" 3323",48,1.13256143915487,0.533624093717301,9.87254949952344e-07,0.00997098407673777
" 4227",46,1.38305075414982,0.594374346722852,0.00697487395016748,0.0130939472036122
" 9020",52,1.11239049735381,0.362885380356774,0.00368657452561371,0.0117680988561701
" 1893",65,1.72244372635418,0.887955736434355,0.00887583335630072,0.0132258021487518
" 2132",73,1.07320982704198,0.213500525693488,8.73720630707825e-05,0.00926694296396121
" 5309",65,1.09182054532306,0.398204705449799,0,0.00827667589245716
" 9285",65,1.41777970870616,0.613143811024103,0.00169503447782235,0.0118535735066775
" 3252",69,1.49756796761532,0.718173334230634,0.00275287815669628,0.0123027521809391
" 3442",59,1.02929575041632,0.146950502463298,0.00115961320996486,0.0105299296503839
" 6883",56,1.22866459754921,0.536963241911246,0.00317295513790101,0.0118484068335168
" 1615",52,1.24462550695359,0.63967345736487,0.00220618572816017,0.0121966291498284
" 5951",43,1.50630027549329,0.878443680252567,0.00367826512978495,0.0124042632162943
" 5297",67,1.07614458548309,0.388469358586191,1.1353431924452e-05,0.00839062035200662
" 6538",69,0.958792507667857,0.356251665899495,0.000840483047392763,0.010434160187327
" 5347",58,1.05494171705229,0.398559976664483,0.000175237753616541,0.00888030146207653
" 6571",53,1.07626174957736,0.418378179499743,0.000134595758176836,0.00982847244435548
" 7057",44,1.16241016258481,0.374138459120028,0.00123966313215683,0.0118102012762282
" 6545",59,1.08391716041979,0.399191894950539,0.000239573867855102,0.00865026691731466
" 6813",37,1.03221862939596,0.157859307356958,0.00151074688716457,0.0115876974999272
" 6770",53,1.27331735397244,0.503240960554035,0.000609300846612255,0.0109205122738624
" 6641",38,1.70550153116238,0.763972151115807,0.0078370766064592,0.0130730888736694
"  512",47,1.10394231003096,0.525017446017446,7.07532714132513e-06,0.010207074164134
" 8581",50,1.21970334536973,0.542367420218158,0.000769153877258706,0.0111079730870937
" 8254",57,1.05337687352498,0.318465629665322,0.000356645850670284,0.0088472110514592
" 9166",55,1.11734261398062,0.412389179418128,3.59525344274312e-05,0.00995800939469552
" 6572",53,1.10560369302101,0.425439161070543,0.000371536946165399,0.0100766822831514
"  516",24,0.853951031415166,0.258640276474266,0.000372935557344498,0.0103131028710242
" 9161",49,1.03878009697062,0.372006122333145,9.28019652955204e-05,0.00979170821561215
" 6910",20,1.20828858551553,0.287448415666993,0.0124390832844162,0.0128086842063191
" 8309",65,1.23639044892012,0.468928435681196,0.00068219317041707,0.0112066282346555
" 8726",74,1.08650222274164,0.379585710436244,0.000390870688935299,0.0108115828988521
" 2905",51,1.19124761787458,0.432212223133689,0.00495955751233143,0.0118574226773154
" 4549",86,1.0347508320493,0.230268415200975,0.00042040606618804,0.00972691425129201
" 4857",37,1.137670837808,0.64932662440892,0.00243358345163253,0.012175791422683
" 5129",47,1.28298842563104,0.481624181681357,0.00210392256959428,0.0117702590585492
" 4120",63,1.11391877390475,0.294254821991799,0.000147430072526217,0.0105454526653783
"11124",112,1.02075434918475,0.0521624317023476,2.79722235819831e-06,0.00769148036107503
" 9340",61,1.30653684092217,0.505550028114305,0.00402627249964315,0.0122120198640023
" 4665",53,1.06504313773121,0.311189714588281,0.00264172970358081,0.0117779218465402
" 3710",32,1.18501663528054,0.672025570425455,0.00134974205907651,0.0117867837995009
" 6677",53,1.28349883186898,0.5539692926388,0.00219631317866065,0.0118294205252122
" 5182",57,1.20219683073004,0.449424837183043,0.000748339252063877,0.011776716424739
" 8938",31,0.826165340632565,0.140192625374498,0.00310327139268354,0.0109887844565165
" 8694",67,1.20255854183974,0.153424504096626,0.00382421431988624,0.0107302223182627
" 4508",56,1.12148958948782,0.527038555191261,0.0011048205602425,0.0114381195401156
" 6905",31,1.1666651145684,0.528144543661749,0.000320528773751194,0.0114882298535069
" 5151",60,1.12465966722893,0.413735961631764,0.00113090054517041,0.0117239911732503
" 6649",68,1.28709782507597,0.617920609644257,0.00219540819495653,0.0120412501861871
" 6823",34,1.08590234293441,0.182428457568487,6.62283528926364e-05,0.0100379208481158
" 6907",52,1.14931384398987,0.500413066431159,0.000215468392827099,0.0114842390012863
" 4687",63,1.47263855477775,0.649047163378656,0.00884819021770206,0.0131166775843812
" 3759",53,1.24775940247198,0.62263696094675,0.00033270491813394,0.0108468121668093
" 7809",28,1.02532027112473,0.284189486478389,0.0051673746792964,0.0125520772825583
" 6810",43,1.34606233405675,0.522960223695702,0.00395782282311312,0.0127522028945128
" 7031",55,1.09294831434195,0.305617667165421,0.000218594700168615,0.00973285783023477
" 4560",54,1.27094254826965,0.662693221313262,0.000408559006788612,0.0117895134966836
" 6809",67,1.06710817732422,0.276071456234843,0.000444676083707702,0.0105157376650705
" 6535",35,0.498723174876315,0.156213220164055,0.000289759327811013,0.0111579054377742
" 3270",39,0.994941382153169,0.443912567583243,0.000822218830818644,0.0111540910169339
" 8579",66,1.34273948188008,0.531131093259656,0.00343819763445487,0.0117295386218925
" 6485",38,1.17071518518853,0.705182123709448,0.000839084436213663,0.0119888150261459
" 6372",35,1.19777466260663,0.659228228599093,0.00393593867172251,0.012578897923914
" 8291",61,1.06139729251988,0.336625994863811,0.000336489395442091,0.00929795202076263
" 7438",38,0.986130626166837,0.337847517545576,4.36037602895619e-06,0.00828330197485589
" 3328",41,0.695041935136044,0.277624370413475,0.00051839111997081,0.0111286116318648
" 7264",41,1.11501857123913,0.364065275038869,0.000725796930706632,0.0112514344313128
" 8223",72,1.10143671496502,0.417357922700446,0.00309479745436311,0.0115551932681742
" 4408",95,1.10044226866137,0.246292625051961,0.000921520224534684,0.00953355154897808
" 5656",34,0.863393324086022,0.231124478366378,0.00269956638939886,0.0113488734768063
" 9063",23,0.855036343177692,0.1244472062617,0.00195427117343067,0.0104037921690929
" 3061",12,0.862725506804677,0.126453442776071,0.00401557723768533,0.0103377496561513
" 6361",15,0.286973600968983,0.141285047274475,9.11565403789331e-05,0.0102954271918684
" 7747",52,1.23765148435183,0.463858546621837,0.000193666512682318,0.0113230851390886
" 7845",39,1.12339491767045,0.273075251425989,3.53766357066257e-05,0.00984413699457461
" 7048",52,1.21037322578759,0.309896353507628,0.00022690409599738,0.0103458966054393
" 6964",32,1.02661871963478,0.190626098878071,3.88320280314589e-05,0.00961136194487841
" 3240",52,1.07257231528513,0.336006909415351,0.00259458827972059,0.0118633550059261
" 9395",61,1.05044570886619,0.118100387758871,0.000270919212516089,0.00971728337537663
" 6108",67,1.26453370937949,0.533381841701712,0.000360430327978435,0.0109271001587556
" 5279",53,1.09396340343251,0.398942830168168,5.19954273641568e-05,0.00873243682339549
" 1163",40,1.1952911917799,0.512427640754938,0.00103085871024191,0.0103273634765114
" 3803",82,1.05648644024583,0.447538055196269,0.000596877888492021,0.0110845213462157
" 3612",67,1.12647800938268,0.302972830878932,0.000394490623751791,0.0107387439927972
" 6673",72,0.992826451056037,0.210316452836094,0.000104319939711631,0.00920318121465687
" 5311",13,0.214423493130859,0.0547974958686018,3.00290047277171e-05,0.0103456243198986
" 5318",29,0.488023835275094,0.13565493467482,0.000440151165187087,0.0108054428352134
" 6224",46,1.10596266203094,0.42900311175377,0.00383071374830676,0.011446795468201
" 5349",58,1.2953088923613,0.359176361793448,0.00227619855836096,0.0110896655149609
" 5117",48,1.35096971031803,0.706882841787373,0.00136504451080077,0.0120248734519617
" 7784",39,1.09640941799292,0.406098308537668,0.00039588923493089,0.0114384866080252
" 8897",61,1.18301846491173,0.443653527606698,0.000253477708400264,0.0105691766475509
" 3463",52,1.3070048282798,0.628641467471624,0.00127874197392577,0.0118486538197055
" 5284",51,1.08403523809184,0.395861709741714,5.75898720805534e-06,0.00861141609851465
" 4479",52,1.39731518085792,0.712106723770315,0.00324444885052672,0.0122952047340496
" 4326",49,1.4045045294925,0.758929228361519,0.00119145218210082,0.0116218707402363
" 4348",54,1.36178249423456,0.752749286192335,0.000690008938770859,0.0116685797879018
" 7225",59,1.260616243978,0.470047455055719,0.00323984166076028,0.0124295105182619
" 7131",49,1.14799532201011,0.163974799822205,2.04855402115111e-05,0.00870580375108505
" 5324",38,0.682669772029473,0.217496602686519,0.00146813038182497,0.011744590987613
" 5230",42,0.947843875286521,0.276316945744176,0.00193798146675645,0.0112453059738925
" 1633",45,1.20358795321583,0.491083846604534,0.00337122884034977,0.011923308707807
" 3533",52,1.28181871019862,0.612131440992586,0.00167899158488562,0.0119052807069253
" 5280",54,1.09409045866923,0.397637961226429,6.17034343720215e-06,0.00852934113703517
" 6514",58,1.14654997592749,0.407918559796724,0.000276431385986656,0.00959250849558463
" 6733",62,1.25856315435336,0.429178396284327,0.00495058994653603,0.0120751650552733
" 7834",28,1.0716552143538,0.261385295297329,0.000302675913406223,0.0105007383411209
" 4713",33,0.660360997299054,0.117965382366953,0.00438234245159263,0.0109530533094447
" 3595",51,1.28852526489501,0.591219439094083,0.00265596262910929,0.0121579002385829
" 7844",46,1.1412196035268,0.280197314130483,6.40070292552437e-05,0.010005318544282
" 6960",49,1.14256779881943,0.253261164588069,0.000245991025029792,0.0100056846010942
" 7002",50,1.04581697534132,0.300098347870582,0.000294448788823287,0.00968741785370638
" 9065",69,1.18587932980464,0.478796411917283,0.00080469505545699,0.0112569582395493
" 8965",60,1.10246336548375,0.360145187332964,0.000376884577144307,0.0103962717166437
" 6510",66,1.12613503946053,0.409417986002787,9.38714914913021e-05,0.00939099069188969
" 7376",65,1.19452106248021,0.496176282742664,0.000357715376866066,0.0109496411634669
" 8358",57,1.11560995099053,0.378747262126536,4.93627474976172e-07,0.00815366992254168
" 7421",49,1.07978131096823,0.378421551441943,0,0.00817516128562686
" 9072",49,1.16543354950637,0.37899394787804,0.000815719402398124,0.0117064479178022
" 6769",47,1.15447934632901,0.452788588860647,0.000342330653895975,0.0108708939994054
" 4550",69,1.41323266494359,0.512191730664784,0.00182765572609928,0.0115263770486343
"  574",24,0.875386981506538,0.230417489678604,0.000387250754118807,0.01020075974709
" 8373",58,1.07440338159737,0.375290493439702,6.8861032759176e-05,0.00866929245405039
" 7416",50,1.11680054355336,0.393039690976397,0.000108022145773952,0.00830964595652415
" 9071",51,1.15013496875227,0.376974496163077,0.00421697724747561,0.0122976220884906
" 8275",58,1.05678776496312,0.331891881787717,6.4994284205196e-06,0.00818318700641872
" 4245",38,1.08210725306991,0.396542443173799,0.00155616061486238,0.0115342521099534
" 8191",45,0.824869777017592,0.278413784955822,0.00120946958493745,0.0102796628119436
" 7076",33,0.79603851092958,0.313865918009421,0.000117154254061012,0.0108357101772067
" 7418",60,1.31473692528166,0.548098468193014,0.00163489419712108,0.0104686290400438
" 8467",71,1.38322372083752,0.672348610409,0.000561665795277055,0.0113118135701639
" 3275",59,1.20343531504536,0.489662386329711,0.00196628277532175,0.0120024363589875
" 9051",22,0.890702068601178,0.121647090690719,0.000726701914410755,0.0102132946340309
" 9232",37,1.06950024061803,0.189811751877713,0.00193913326419806,0.0111380436435167
" 5303",66,1.1207553592427,0.415911179395904,0.000213576154173024,0.00862530371977071
" 6363",81,1.34857958303542,0.756193616542669,0.000176307279812323,0.011358333004268
" 4685",45,1.13501044730694,0.383029365214986,0.00126936305190123,0.0114388364946526
" 3861",32,0.840787879948888,0.322928820637133,0.0016876300656977,0.0120523061805383
" 9233",29,1.06153577937069,0.172523673257135,0.00331437940948168,0.0110312739001416
" 6822",27,1.05959443480541,0.17744656431492,4.68946101227364e-05,0.00994259232576896
" 6351",74,1.33143934763521,0.741920566549969,0.00010316814227002,0.0113415742224907
" 7781",52,1.253950704781,0.462047556043596,0.00102452382431305,0.0113465998806302
" 4018",30,0.726419279959829,0.224937052213886,0.00158273422726527,0.0116435498992378
" 6194",47,1.1626574145686,0.592968145335279,0.000366929756398955,0.0107543633674032
" 6359",76,1.32829270178466,0.740286751103577,0.000346197402449955,0.0113311717505084
" 1265",43,1.08246360280057,0.434931258121562,0,0.00853316503652615
" 3613",52,1.16196125055015,0.569849700785498,0.0036052905347343,0.0118623210258993
" 1650",54,1.13989355619954,0.506973166916556,7.87335822586995e-05,0.0107856794035311
" 1657",41,1.10181876377565,0.584186174232952,0.000439904351449599,0.0111521611816431
" 9050",70,1.15109856768218,0.325785794888676,0.00428180698918915,0.0118203384265154
" 6913",17,0.956446116886084,0.328077947382538,0.00305185186404018,0.0123017015795554
" 6179",43,1.0677796255219,0.457889814558666,0.000886225860073888,0.0110352505669473
" 2248",46,1.33228298430221,0.773882373175704,0.00230935387043019,0.0123291169336001
" 2466",44,1.30699622868535,0.638357710891544,0.00202428400363145,0.0122924598468801
" 5834",15,0.24354347448609,0.041038326514028,2.70672398778601e-05,0.009432507364305
" 4885",48,1.13920459844453,0.57181856203566,0.000174497312404077,0.0102195800713225
" 2879",37,1.07967502322548,0.507106449917952,3.2497142102598e-05,0.0103781201177778
" 6812",48,1.14646526743285,0.423169343639095,0.00314621698300646,0.0127188015834837
" 6689",42,1.06177401502935,0.385958608448727,0.00724423000901281,0.0127505211062083
" 5801",17,1.10240405054042,0.267307102923442,0.0123288398150049,0.0130791085942993
" 4920",48,1.08495328163494,0.545995045725067,1.66187916575311e-05,0.00996714677232983
" 5035",48,0.923805077432303,0.391524325277152,0.000520118816133227,0.0110189631286058
" 6072",52,1.11034737441641,0.546781086633952,0.000610617186545525,0.010843489604084
" 6160",12,0.287720259126612,0.101132885210161,0.000193337427699001,0.0106146949423214
" 4465",24,1.15936129991909,0.604405457011989,0.000664587123809587,0.0117206402335411
" 4334",63,1.6716719186229,1,0.00361072043695904,0.0124487752709947
" 7383",48,1.24182288153879,0.430858999281606,0.00124065038710678,0.0108885182090952
" 7405",48,1.10147799234761,0.282376465269867,0.00608206639042725,0.0120508077166008
" 4942",65,1.25863286096641,0.493678949690348,0.00240487078683808,0.0121623774437206
" 3299",55,1.29787348425959,0.593310789748719,0.00159310040423977,0.011357972982603
" 8043",34,0.998751271516536,0.300725228026699,0.00893243597343132,0.0124451049922831
" 6815",51,1.11195717604739,0.194900453356626,4.96095612351053e-05,0.0103157729407823
" 7704",40,1.01171389608476,0.191858392588413,0.000433075838045762,0.0101828299540212
" 8685",58,1.13741188026006,0.431393166244972,0.00116611263838538,0.0110185754197962
" 8504",43,0.764500427673101,0.264776298724526,0.0005441420199154,0.0104900842207213
" 6779",61,1.04775913200344,0.362266177849491,0.000757306817859277,0.0110518023585254
" 5937",43,0.9711988386429,0.242933208182198,0.00137845472387096,0.0110947663875881
" 6543",59,1.07796083130146,0.39694018765935,8.29294157959969e-05,0.00857169549278056
" 8265",65,1.10364667186382,0.354840173954477,0,0.00786932563672175
" 7022",40,0.979684529150285,0.280301978898145,1.64542491658724e-07,0.00906362925507312
" 7773",48,0.901716762211421,0.359711305265322,0.00103159915145437,0.0115571054858463
" 8935",21,0.376073455347699,0.143287778566484,8.36698570084612e-05,0.0101124242605935
" 6941",43,1.11906698743357,0.428121496709857,0.000455700430648836,0.0110313520131088
" 9061",62,1.14439744166407,0.353322233170502,0.00175476340229446,0.0111841245847704
" 9167",53,1.10028131671367,0.404204195091155,7.07532714132513e-06,0.00977417971752113
" 8625",57,0.977918016308156,0.340657130816372,0.000376061864686014,0.0101835363835747
" 8057",49,1.03741835076369,0.372620271064837,0.00112341386179994,0.0105671956079493
" 6383",46,1.17623493525774,0.406096835263924,0.00019350197019066,0.0110454494661585
" 8276",64,1.09889033126661,0.35230381451364,1.56315367075788e-06,0.00799171172518472
" 9162",49,1.08207247040846,0.390316290028009,6.17034343720215e-05,0.00973875681232406
" 5924",44,0.829756865676549,0.202655749287456,0.000650930097001912,0.0109528301059628
" 6544",59,1.08476680749939,0.407943789228708,2.87126647944473e-05,0.00856663228262005
" 6353",42,1.03473332795669,0.50549371600406,0.00024755417870055,0.0107352814759478
" 5653",67,1.34976307157832,0.650396317871744,0.000824522425701866,0.0113784327501178
" 8429",43,1.12618616720064,0.374184826310362,0.00019350197019066,0.00921263024719756
" 7429",41,1.06081428406828,0.368236102450863,4.93627474976172e-07,0.00809135080863469
" 4681",35,1.11254875969016,0.387190731675809,0.000703830508070192,0.0112031866217138
" 2636",63,1.19785225771124,0.558732957924871,0.000237434815463539,0.0103926120990509
" 8243",60,1.02690181189268,0.332604363625952,0.00044105614889121,0.00913934717727781
" 7625",38,1.03877484349678,0.187009512512176,0.00228031212065243,0.011246584273578
" 7116",65,1.07404067058451,0.209881363011905,0.000292392007677553,0.0102147766377195
" 8691",55,1.0917518995749,0.385936911563169,0.00113262824133283,0.0112697220256857
" 9217",50,1.07483204728071,0.358582344343528,0.0027504100193214,0.011840277676429
" 6201",50,1.60112680940731,0.970522036659178,0.00164377949167065,0.0122206727056439
" 8426",50,1.03706524693891,0.344054562108491,0.000310080325530866,0.00950680019650209
" 7433",45,1.08732805901309,0.378300210361939,1.48088242492852e-06,0.00803003349664306
" 7114",48,1.07308128972308,0.19662387276178,0.000145208748888824,0.010340873486394
" 6972",46,1.17252945851919,0.401724390914783,0.00660391290272289,0.0125179487044369
" 6540",61,1.08806557840655,0.402438187421485,3.88320280314589e-05,0.0083298672589227
" 6900",26,0.88211932771697,0.30444963489995,0.000365860230203173,0.0113438491208923
" 3007",45,1.24496532166082,0.54841116341548,0.000318225178867972,0.0108087108265411
" 3380",51,1.17276069684274,0.549203184449259,4.30278615687563e-05,0.0106804931955873
" 7183",42,0.989008495288086,0.184633202984852,0.000277336369690779,0.010296175241294
" 2218",11,0.270117631252337,0.070972108209402,0.000158865775696498,0.0106783769915907
" 3740",64,1.30270115997245,0.595526593204453,0.000826414664355942,0.0114121126826115
" 3899",48,1.1982800927093,0.553662098353499,0.000494450187434466,0.010751478663105
" 3505",44,1.01575029867765,0.453082783588866,0.000174744126141565,0.0104551054829933
" 2798",66,1.21303104173537,0.423707723823695,0.000748092438326389,0.0111361976239889
" 6829",34,1.03638998892902,0.174003381909414,0.000833572262743096,0.0102573278075884
"  530",45,1.19303938445095,0.534273127985986,0.000137392980535035,0.0107092173859728
" 5727",53,1.78798725373926,0.977983220773294,0.00473948192973789,0.0124942861459494
" 3361",47,1.17335393806761,0.5390359630833,0.000245661940046475,0.0107879459709359
" 3592",30,0.525441943139014,0.210506166580544,0.000360759412961753,0.0102363036145225
" 6860",62,1.49407108789578,0.669302986205968,0.00532048146778484,0.0122673972275201
"14405",42,0.793742587863158,0.2218668826105,0.00092333019194293,0.0105859497264068
" 7689",8,0.568171463612071,0.125010855919216,0.0021289330283264,0.0117103182371757
" 5502",72,1.19032465069976,0.556210999060155,2.42700175196618e-05,0.00992224260707186
" 6817",37,0.950080372158955,0.14752370604536,0.000414647078979985,0.0100028989467683
" 5952",46,0.92384597963595,0.263109897486473,0.00104476255078707,0.0107058373047986
" 3968",24,0.835159178638738,0.314604763291959,0.00266402521120057,0.0123240145824064
" 4894",54,1.15475979055733,0.548201062302718,1.85110303116065e-05,0.00939186955347162
" 8639",27,1.03734219694156,0.275838150350013,3.53766357066257e-05,0.00923500980503638
" 6551",54,1.30251191265991,0.572225344170978,0.000422791932317091,0.0107854845513935
" 5150",50,0.949366391938695,0.490806760762587,0.000195394208844735,0.0109162710208041
" 6473",49,1.19486068535466,0.458126666955789,0.00127454614038848,0.0109612697943667
" 4258",41,1.21038223862074,0.668073972647239,0.000120774188877503,0.0110951905865242
" 1634",42,1.15903742074053,0.482393700469938,0.00177722345240588,0.0118215518576291
" 9207",44,0.97712463083133,0.0966259222931966,0.000220322396331032,0.00973424768350079
" 6553",45,1.15611574770092,0.487798634212593,0.000994823904568646,0.0107464231579562
" 6826",40,1.00614961942246,0.146069451568068,0.00364947019374467,0.0116706454590927
" 5143",31,0.787210987241648,0.272902778338011,0.00211214969417721,0.0115448262577788
" 4256",33,1.11055252366339,0.573002328953876,0.000183464878199477,0.0107837611543415
" 4375",38,0.932927520767618,0.389446152815712,0.00203571970680173,0.0117850449770765
" 7849",49,1.15216670281373,0.282367132150196,1.42329255284796e-05,0.00988105300227393
" 4539",25,0.882298878240906,0.170861298542038,0.00719972126501913,0.012088788853881
" 9353",16,0.732625435471304,0.104599505755646,0.00416127961404913,0.0118847256554051
" 9270",51,1.06942440192075,0.105200527771922,0.000316991110180532,0.00911291120314671
" 3587",56,1.33857031389691,0.666976336356215,0.00148137605240349,0.0121986476593266
" 7835",29,1.10226174497619,0.270888913537625,1.00370919911822e-05,0.0103202823334965
" 9254",32,1.12966212573479,0.193057450930126,0.00112645789789563,0.0113999704786672
" 7803",56,0.947424285355748,0.23502256158634,0.00100963272881793,0.0105283200002129
" 3374",49,1.04837374567586,0.490684102993518,0.000203621333427671,0.0103979048738945
" 8555",57,1.31643051663069,0.43651500305881,0.00214078008772583,0.0118297723765289
" 8734",58,1.08936947679617,0.386722896554503,0.00172835433238324,0.0114216275661474
" 4036",33,1.01578572531943,0.393731840182741,0.00287447505803208,0.0125155055931817
" 9383",30,1.06123142997574,0.319321561683292,5.32294960515972e-05,0.0114757837570954
" 7099",36,1.0251486253865,0.330563612029447,0.000111971165573762,0.0102646732275314
" 6818",27,1.06321380452133,0.17663228470774,0.000373346913573645,0.0102015289744362
" 8305",54,1.04492223190173,0.338935155258843,1.88401152949239e-05,0.00844932588876468
" 7182",77,1.09166910992104,0.217370040213813,7.33859512797909e-05,0.00902154326972298
" 9394",61,1.0896621858722,0.139035319632732,0.000845172508405036,0.0103461260798387
" 9488",54,1.04791832862167,0.110297620128239,9.64219001120123e-05,0.00851202357584224
" 5781",66,1.12139845600319,0.446092271265922,1.02016344828409e-05,0.00955048011657765
" 4619",37,0.874075845917807,0.39564177519245,0.000492064321305414,0.0116850245556529
" 3666",51,1.17861101423636,0.621950294352836,8.76188768082706e-05,0.0115378639703084
" 3790",50,1.20903594783089,0.562168917128299,0.000164871576642042,0.0108364604850976
" 7043",8,0.189553292211399,0.0390894523449001,5.3640852280744e-05,0.00961716454659961
" 6935",30,0.575743185274226,0.182512436060199,0.000277007284707462,0.0106219752651903
" 5136",60,1.32252433753571,0.628923751990761,0.000748421523309706,0.0114229117945167
" 3761",41,1.19451451053036,0.534375079291746,0.00177508440001432,0.0115954550922078
" 5778",63,1.14066686002391,0.453671960268916,9.87254949952344e-06,0.00981096006760782
" 5592",38,0.839624122069437,0.388785008955165,0.00048235631429755,0.0112554882773368
" 6927",25,0.945157112241499,0.309754340645108,0.00151041780218126,0.0116545691600881
" 6068",82,1.40750292038382,0.555392297306851,0.00024508604132567,0.0109421294404034
" 6315",54,1.19684040976993,0.60108498805384,2.2953677586392e-05,0.0106955433610186
" 3690",42,1.05754382509225,0.497693619857448,0.000347184657399908,0.0112630532533227
" 4350",55,1.28614126097101,0.575375278224457,0.00205694568822571,0.0115319785544206
" 2473",75,1.22367519729666,0.413136816908303,0.00115262015406936,0.0112185411602815
" 6127",22,0.56834114407035,0.117089489033042,0.000686471275200197,0.0109550780930781
" 6548",15,0.873873029844434,0.132962041646105,0,0.00997529051114268
"  615",33,1.14305446615532,0.454562815701711,0.000279064065853196,0.010287109887241
" 3700",49,1.18479701289203,0.579048388859664,0.000663682140105464,0.0116092822176328
" 3745",23,0.267050949957558,0.108523709322011,5.25713260849623e-05,0.00977983997726781
" 8658",45,1.09555487501593,0.174928886397668,0.00136381044211333,0.0111300097834237
" 5779",61,1.13270674629846,0.452971176002478,1.7276961624166e-06,0.0096130437803016
"  603",37,1.03719604892621,0.421253594868638,0.00114727252309045,0.0107894758526287
" 7227",45,1.04623362171248,0.183381965310741,0.000952207399229036,0.0105473885462775
" 6208",70,1.31036955929546,0.431271307880925,0.00466510872350814,0.0120491994075496
" 6388",23,0.498361312495254,0.107789358496638,0.000237434815463539,0.0101341432427634
"  608",35,1.14589357895813,0.461173579967985,0.000716418008682085,0.0104845489800497
" 5790",24,0.580007014940426,0.297666314915896,0.000574993737101411,0.0114447571618833
"  483",43,0.897659446978081,0.352393999655028,0.00152835293377206,0.0115772170036861
" 4840",55,1.19313511679356,0.629397540124959,0.000198767329923739,0.0112534623530623
" 5791",61,1.14300269095223,0.456528650136886,0.000563640305176959,0.0100507505055647
" 6280",60,1.17893668697512,0.482596082066002,0.000449447815965805,0.0108730488444495
" 6267",51,1.0204322860294,0.403936704245718,0.000612015797724624,0.0110726533664235
" 4532",50,0.998426966386435,0.373081920671076,0.00096718076596998,0.0113395229854433
" 7054",39,1.07526832465125,0.335827217599553,0.000564298475143594,0.0116314898512994
" 4678",38,1.14277347332434,0.410822335956049,0.000268533346387038,0.0109663710564746
" 4841",61,1.1993684962414,0.62526391209123,0.000260059408066613,0.0113539722016208
" 6248",46,0.893163800396384,0.3168469427143,0.00102065707575907,0.0114008931824748
"  378",44,1.11742970415328,0.455954446512534,0.000301935472193759,0.00955152057226116
" 6774",45,1.17990032463243,0.44034789476687,0.00175566838599859,0.0114719700311112
" 6897",19,1.2675268798061,0.440707597628539,0.00172662663622082,0.0118561052749644
" 6516",57,1.10782059562406,0.401175051358602,5.59444471639662e-05,0.00934546384316237
" 6278",33,0.954495444868118,0.40765660639395,0.00067577601324238,0.0108379472896299
" 6344",24,0.453576997740333,0.138538213487119,0.000519954273641568,0.0110643578321137
" 6100",79,1.15266041316949,0.297062756053431,0.00143727866463895,0.0109380847596409
" 6893",23,0.824781198455177,0.289186595019378,0.000930570061575914,0.0117550736762065
" 6821",47,1.09737108176608,0.191313271430967,0.000560596269081273,0.0104572796163113
" 8608",26,0.973409860275658,0.538440477604636,8.45748407125842e-05,0.0119060377194686
" 9618",40,0.957730602651143,0.134737099178881,7.38795787547671e-05,0.00845171386567899
" 5868",38,1.14045090950445,0.614634492380079,0.000464997081427554,0.0111690609992
" 6511",55,1.22076433006246,0.402896268583837,0.00108951810851824,0.0105452346308301
" 6218",56,1.23815316580245,0.497050229264706,0.000651423724476889,0.0111751991952504
" 6066",77,1.15059306573362,0.327546688288008,0.000869936153399674,0.0104180187118178
" 7050",58,1.23157518824746,0.338332012339808,2.96999197443997e-05,0.0102030469352736
" 9343",16,0.239838763294333,0.0560735271398666,3.56234494441138e-05,0.00949634792959227
" 7856",38,1.06653245101262,0.119571851597698,0.000475445529647883,0.01007479024671
" 9042",39,0.99485872836276,0.0994086410053484,0.00196743457276336,0.0107482429763282
" 8554",20,1.05292367899068,0.149941252208133,0.00262938901670641,0.0117877234012857
" 5859",33,1.17803708732137,0.625230207054781,0.000213164797943877,0.0112800456438846
" 6512",55,1.21105071879152,0.402722702691798,0.000286139392994521,0.0104854203569428
" 6227",13,0.909652035616247,0.149828390986929,1.02016344828409e-05,0.0100064929038619
" 6878",66,1.24518993166149,0.538415636357854,0.00104245895590385,0.0117279770480076
" 7928",38,1.01204579107517,0.0994702977690759,0.000144632850168018,0.0100125422187734
" 6593",16,0.952093198048512,0.222481679529694,0.00906843034278726,0.0128857978194762
" 4955",40,1.12295864434057,0.566217260984283,8.96756579540046e-06,0.00984859113621963
" 2943",36,1.07033420463756,0.275843396103628,0.00143941771703052,0.0118387656486081
" 9053",37,0.930409401929576,0.122480465542349,0.00151461363571855,0.00990537117931777
" 9240",52,1.02068081649059,0.106498632692385,0.000434968076699837,0.00981495317015476
" 5863",39,1.13423396386078,0.572921812045841,0.000209956219356532,0.0110157153528283
" 6518",54,1.1166789706695,0.40098305564093,8.16130758627271e-05,0.00926284260745738
" 5804",11,0.903897237526618,0.166559995601874,0.000111642080590444,0.00998561867578301
" 4972",37,1.11279411007072,0.561500836417169,5.158407113501e-05,0.00984986131041098
" 3390",59,1.34031599983778,0.662986347858561,0.00205571161953827,0.0122156255117464
" 6433",42,1.30327030273672,0.756671915039308,0.00132942106135666,0.0116692006171562
" 6681",66,0.991770688196177,0.300884889506695,0.000316662025197214,0.00993061431405129
" 7799",57,1.06687706801076,0.315290059196155,0.000834724060184707,0.0101846330206494
" 8973",49,1.24396831954365,0.450440155881172,0.000202140451002743,0.0115161851708198
" 8688",39,0.927398204017288,0.253694152852105,0.0011123895148588,0.0106514416959767
" 9224",36,0.981000847741209,0.0995465866340406,0.000554755010627388,0.00919002752391682
" 5840",38,0.834790272030464,0.183811398925082,0.000453314564519785,0.0107285462865575
" 6207",23,0.717484978907515,0.316334890314667,0.000435297161683155,0.0106769044514091
" 8978",48,1.17102113110743,0.432270966661371,0.000848134273254893,0.0115621052872798
" 7798",61,1.04372856789747,0.302552834299657,2.80544948278125e-05,0.00981993404038557
" 5025",29,0.405088782017927,0.143947734151829,0.000150474108621903,0.0103558388676446
" 6147",48,1.10621726706512,0.540049815681845,0.000260141679312443,0.0108024263035813
" 4467",22,1.18349953323498,0.570586873673902,0.00152942245996784,0.0118597948264764
" 4463",20,0.530726715372045,0.199899528408361,0.00113353322503695,0.0115013019286965
" 8038",41,1.13649921956598,0.424645791081116,0.000132950333260249,0.0099613457467669
" 8620",43,1.16893428764595,0.433463405210687,0.000205678114573405,0.0098937296019537
" 9743",16,1.0010316231247,0.0974799423564704,0,0.00963608132288728
" 6025",42,0.794978850920841,0.189418187654813,0.000618926582374291,0.0109061133190663
" 6564",55,1.11685582290504,0.502411911517909,0.000375156880981891,0.0105600528652252
" 6261",26,0.463358481154869,0.169671915402481,9.43651189662783e-05,0.0102319901205666
" 6185",51,1.27512605566041,0.666324104075617,8.78656905457586e-05,0.0106786224453304
" 4569",42,1.22046685613487,0.530300130874046,0.00125068747909796,0.0116154729399231
" 4626",57,1.33835443791366,0.667861320785394,0.00279384923711931,0.0121808002488406
" 8032",47,1.14101755329586,0.437030145474919,0.000319294705063754,0.010084354268292
" 6168",51,1.17124615844543,0.585214752762454,3.2497142102598e-05,0.0107582841556054
" 3665",55,1.19612769258343,0.573275677902843,0.00062542601079481,0.0117147287579626
" 5254",66,1.62662455947719,0.792039926687986,0.00225077674339969,0.0124481899585499
" 6515",63,1.48588300206118,0.737021452818522,0.00107026663699417,0.0121821801666681
" 6772",38,0.86030242356709,0.450637801384437,0.000361499854174217,0.0118315169983649
" 6877",20,0.579391486806984,0.319619039648176,5.92352969971407e-05,0.0114252778730889
" 1648",44,1.16936383258483,0.530834232833715,0.000440562521416234,0.0109541387549544
" 6401",12,0.635595730650888,0.196018820412983,0.00639091264727067,0.0125039694859709
" 5233",45,1.30800589050241,0.598179986090099,0.000890833049840332,0.0109909328904848
" 3280",72,1.53529775503807,0.739023580358195,0.00230491122315541,0.0124259614528976
" 9418",49,1.042934128793,0.119511232693,0.000485564892884895,0.00932885643703837
" 6558",50,1.23403813822179,0.559361029548613,0.000211190288043972,0.0107261962262653
" 4483",47,1.39221062219501,0.614982964603379,0.00314341976064826,0.0119404160772815
" 1731",55,1.29368959455532,0.560121497872683,0.00224024602393353,0.0120719153016813
" 3307",41,0.959076410236996,0.384091440966162,0.00128351370618388,0.0116586042690657
" 7061",29,1.05001576707622,0.325408894697918,0.00112464793048738,0.0118226362777879
" 9025",41,1.27547444203986,0.643886297683867,0.00130860643616183,0.011986623278905
" 9534",41,1.10364414831763,0.166076489668765,0.00141646403944413,0.0110156856884613
" 9482",61,1.04312716102577,0.101642604096241,3.12630734151576e-06,0.00797235998333429
" 6908",23,1.08610436348548,0.396535719037828,0.000338546176587825,0.0114093139927931
" 4021",44,0.872251378267886,0.37929679179258,0.00101341720612608,0.0121459048127013
" 9483",55,1.04309118061807,0.101247899193918,6.58169966634896e-07,0.00792254999238496
" 9531",45,1.05734028598945,0.147322359500123,0.00370344013100873,0.0113932634934758
" 1063",37,1.11658615804569,0.466212267288478,0.000204032689656818,0.00988041746623629
" 9114",50,0.754996625917462,0.252918932713079,0.000424766442216996,0.0107598982099238
" 9603",36,1.07301051226283,0.164873280949939,0.000286468477977839,0.0101097930610134
" 6827",50,1.05637167251138,0.202425974911301,0.000115837914127742,0.00979055130862215
" 5471",71,1.24692409703031,0.570815013978432,0.000360841684207582,0.0103757993233267
" 8958",38,1.10672761229196,0.279362339463614,0.000923577005680418,0.0106247791775288
" 8709",57,1.07022191974465,0.127004641323216,7.98031084544812e-05,0.00876259691135788
" 7082",29,0.975917950682734,0.354163511426412,0.000668453872363567,0.0114300680294934
" 3802",47,0.831045812660121,0.269336107650538,0.000322256469913611,0.0110500270297382
" 7453",58,1.03805659588342,0.350535114665475,0.00107273477436905,0.0112042191121012
" 8693",40,1.06179884277918,0.210309339965376,0.000726455100673267,0.0106183342015472
" 9642",34,1.02076528197239,0.101321303326787,0.000642785243664806,0.00921515728691836
" 6909",30,1.35893473820143,0.602674392143033,0.00070934268154076,0.0116025823686691
" 3732",57,1.1074063664192,0.50935119292682,0.00211782641013944,0.0117812518569402
" 9835",28,1.09330880233682,0.270400270515508,7.72526998337709e-05,0.0110344978599637
" 6318",49,1.14592253315385,0.585578884113985,0.000164953847887871,0.0109071605492516
" 6509",28,1.15321438364721,0.194778477395457,0.00188277746080495,0.0106202447564611
" 9017",41,1.18549176638056,0.167069947288102,0.00201490508160691,0.00968389725442808
" 8574",57,0.970065402471467,0.127045964825008,1.97450989990469e-05,0.00970496098136428
"11707",55,1.10407783041893,0.183728973330262,2.03209977198524e-05,0.00903052559496247
" 4615",52,1.09853635561463,0.51163157239506,0.00162255351024668,0.0121090362590916
" 1767",32,0.836711176664009,0.313748165751685,0.00100288648665992,0.0115902182829701
"11716",47,1.09982509547778,0.170504584285098,0.00101613215723845,0.00960628348937166
" 3784",36,0.918545988869031,0.270194059458534,0.00579847740605344,0.0124318301562644
" 3887",33,0.701120340106505,0.177302255694947,0.00548806799553925,0.0119932802818189
"  320",51,1.15411046679758,0.469676739083902,5.71785158514066e-05,0.00935949301037579
" 4441",39,1.13008569930823,0.502435545611352,0.000710165393999053,0.0113491406198331
" 4444",31,1.1126255201574,0.547171146012686,0.00112728061035392,0.0115353289184532
" 4738",55,1.2230393226461,0.420124965545007,0.00542027648897586,0.0125195147972949
" 7220",55,1.00143001758246,0.240129159300856,0.000413001654063397,0.00992388354575537
" 9111",59,1.30432762195797,0.622846482177312,0.00272227325324776,0.012196892754604
" 8648",51,1.15585727418111,0.418238048247715,0.00113838722854088,0.0111635468264219
" 6337",40,0.689348872837173,0.214261636637279,0.00165521519484093,0.0107188375075483
" 3448",31,0.564468856440801,0.214158735478458,0.000127191346052194,0.0106034213517654
" 4600",18,0.363485710843556,0.159408047565848,5.12549861516925e-05,0.0115300864103916
"  316",48,1.13147421851212,0.46490106963311,0.000160346658121427,0.00939634764524554
" 8745",32,1.03379777584007,0.191794588261035,0.000218512428922786,0.0105426420478447
" 6472",49,1.12554122568254,0.402301068576313,0.000825098324422672,0.0105481566499398
" 3913",68,1.22799507152802,0.586609407779804,7.33036800339616e-05,0.0101074377047589
" 1540",46,0.795522491664344,0.328979068242082,0.000643032057402294,0.0108197788984347
" 4598",27,1.07879194620322,0.51816857306127,0.00161087099333891,0.0119011903565231
"  317",49,1.17559498913581,0.48919683274796,0.000113122963015373,0.00955266948624802
" 3870",28,0.767987401336162,0.274387604552635,0.000662694885155511,0.0116450107766565
" 4808",37,1.0937491890576,0.390140724351716,0.00299385063573048,0.0117998833528865
" 5183",23,0.943174708335731,0.238193009260965,2.63267986653959e-06,0.0102401025984452
" 1590",68,1.89482840778871,0.984367520285173,0.00814806191569419,0.0130562238182109
"  321",46,1.08435554285664,0.437216309839859,9.32133215246672e-05,0.00920175169071494
" 4208",78,1.30648055199776,0.591023460722554,0.00135410243510547,0.0115792989890888
" 1689",63,1.28416728991412,0.47009398590982,0.00346954297911586,0.0119467748591057
" 6471",14,0.859947142957825,0.140066304133369,0.00066664390495532,0.0105466758341947
" 1591",43,1.03503853743186,0.469283169412562,0.00559148295154676,0.0126677703211815
"   45",33,1.08254342905223,0.571412046627711,0.00180486659100454,0.0117363768248299
"  151",40,0.936537973031636,0.397169612343953,0.000506461789325553,0.0109473674834989
" 3825",40,1.09332349507129,0.438735111652444,0.0003314708494465,0.00925259292797591
"  753",35,0.826720705357996,0.32720273965715,0.000192514715240707,0.00987859443803332
" 6755",75,1.12085257480585,0.38056787125929,0.000603048231929224,0.0105420924777611
"15605",48,0.886957154879719,0.327028853710012,0.000381327224419093,0.0106774781230056
"14993",23,0.527902335686611,0.18834410818126,0.00075952814149667,0.0112148942092438
"11462",52,1.13410119789362,0.340398944240816,0.000562488507735348,0.0112421914841481
" 5184",20,0.960812018831407,0.238805233446536,0.00031600385523058,0.0102764461879077
"   54",46,1.28548225095358,0.629633320090798,0.00106203951241123,0.0114768478220194
" 1585",56,1.59649766467397,0.783792159918131,0.00940088844718371,0.0132073099415224
" 5869",45,1.06713248611147,0.44155955586796,0.00272079237082283,0.0117002045976096
" 3066",58,1.09613293479402,0.443112212274739,0.000876024225591047,0.0109755298327099
" 4525",52,1.37969229704092,0.64551766230121,0.00667269166423624,0.0129953159085862
" 6423",38,0.836100673541015,0.323445830402565,0.0102192405294484,0.0126712976897516
" 6470",20,0.894485058525182,0.154449869938297,0.000741675281151699,0.0105647462174291
" 6464",58,1.17506762318318,0.44059641184789,0.000531389976811849,0.010334008837001
" 6806",71,1.07995825617763,0.244082899444804,0.000426247324641925,0.00949329758665839
" 3929",50,1.13718208590749,0.507383253282192,0.000586593982763351,0.0113724254440024
" 9387",43,1.33437068690032,0.56562236557411,0.00128532367359212,0.0118545163458625
" 9277",66,1.50686309443904,0.587111467146384,0.00194365818271868,0.0116938024255613
" 9006",55,1.05529490103603,0.107335721897724,6.74624215800769e-05,0.00961203692426577
" 9133",39,1.09889052212013,0.162233808029768,0.00559921644865472,0.0113253324793617
" 9202",57,1.04722322774396,0.0956742780845592,6.58169966634896e-06,0.00800202331874218
" 9244",63,1.03858546913908,0.106640217497965,0.000268533346387038,0.00903786170426409
"15372",33,1.08046411041349,0.38541019451854,0.00207504536230817,0.0118449048913435
" 5508",22,0.906668338349533,0.231483394426249,0.000124394123693995,0.0100588538734247
" 9567",11,0.973013501842675,0.0696633319394398,0.000707368171640855,0.00832817306759173
"10513",35,1.46287572262353,0.311718541118997,0.0168948939585345,0.0129815469817216
" 9049",47,1.03747535645173,0.105322681764853,0.00031468751529731,0.0102915602303828
" 9203",52,1.03059358745312,0.0914669161244889,3.61993481649193e-06,0.00831733928835747
" 1190",49,1.15498866981128,0.504890916711783,0.000288278445386085,0.0099824700104477
" 7457",21,0.728180284483695,0.306898844122108,0.000621476990995001,0.0114725851128288
" 7265",50,1.2267198068871,0.395610106129794,0.000564463017635253,0.0111490514449661
" 6723",60,1.23246241517587,0.494920958070789,0.000205349029590088,0.0102435009915397
" 9623",50,1.03440431241574,0.0932830032794194,2.65736124028839e-05,0.00857220671970746
" 9481",22,1.36583058547312,0.325807882988495,0.0130692810274691,0.012792187408492
" 4416",71,1.65326051376608,0.900467217305399,0.00273370895641804,0.0120861911026804
" 6950",56,1.00844082920395,0.236719242173662,0.000191280646553267,0.00967360090642884
" 9013",47,1.17005375068788,0.419675537554882,0.00122691108905328,0.011268153617787
" 9210",46,1.14908540005792,0.490297597521742,0.000309586698055889,0.01123418962638
" 8003",30,1.11429100453393,0.431231514463966,0.00288985978100217,0.0124090655618364
" 9288",29,1.00099275095985,0.194419689053283,0.000885074062632277,0.0108841823991721
" 9376",43,0.973779078490749,0.104202249518164,0.000680300931762995,0.00900815762557294
" 5895",44,1.14700691915074,0.550541369632488,4.69768813685657e-05,0.00982205580389122
" 6181",31,0.796090494870908,0.230622822030758,0.00185809608705614,0.0118696593191382
" 4308",59,1.2350862430121,0.611366278230495,0.000252325910958653,0.0112857428876552
" 2158",31,0.934435707053471,0.364637455101541,0.00164855122392876,0.0120193134966926
" 4581",35,0.690296525866479,0.199848494444146,0.00119778706802968,0.0116150599006951
"10299",17,1.00901283793494,0.0973176801122653,0,0.00966446689545877
" 9937",26,1.11418896708687,0.197812362639498,0.00973836509757575,0.0127489688244625
" 6140",56,1.17039182517245,0.542586356410281,0.000169149681425168,0.0107277636693056
" 7386",64,1.01165270637896,0.229359368514998,0.000348747811070666,0.0104860915191915
" 7060",49,1.13280823709362,0.410731831861365,2.98644622360584e-05,0.0105767967790779
" 6926",70,1.12289573124505,0.336872671908802,0,0.00913930691445447
"10307",15,1.02327372432525,0.101227650697559,0.000749079693276341,0.00969469796230113
" 5874",40,1.13365150471198,0.552115491934766,6.68865228592713e-05,0.00976487496580686
" 5202",73,1.2191206643416,0.518960080697327,0.000592517512463065,0.0108436213590623
" 4048",31,0.735078589880489,0.33514113939029,0.00120543829389181,0.0122145617137618
" 6925",64,1.11564770874826,0.335986467173236,2.46813737488086e-07,0.00910974018394257
" 7059",44,1.12961779370251,0.410570810614531,1.20116018910869e-05,0.0105528433839923
" 3315",41,0.964336687352812,0.485864795320961,0.00280742399268115,0.0126526324614526
" 6143",57,1.17350509813442,0.556166329671495,0.000306049034485227,0.01106531058907
" 3662",55,1.14511452625366,0.609966873810805,0.000401730493384775,0.0116718670000013
" 6924",59,1.08171122501442,0.324437318200134,1.15179744161107e-05,0.00909754820705377
" 7068",51,0.994993222970444,0.340372190854608,6.35134017802675e-05,0.0102152292718426
" 7994",59,1.11492951012459,0.498485254244416,0.00204238367771391,0.0125557563605957
" 5871",44,1.15839145078485,0.548218496105096,0.000342742010125122,0.00985862647478189
" 4485",40,0.955374730607823,0.412445202916583,0.00159663806781043,0.0116640445979293
" 4423",38,0.780094656448143,0.297775108413977,0.00120436876769603,0.0116279904176396
" 3787",31,1.10949147292591,0.3886615221003,0.0042379564151621,0.0122101357471077
" 1570",43,1.26163845309992,0.576258081410165,0.00181934633027051,0.011809580994658
" 3869",31,0.841708021575956,0.318949466542774,0.00275748534646273,0.0120629266317812
" 4614",20,0.517088500171068,0.177042487878848,0.00311322621342889,0.0120183443371577
" 6662",55,1.20534731284577,0.450214879025611,0.00101210086619281,0.0115359560973786
" 4309",47,1.16485185856569,0.612900294422641,0.000493709746222002,0.011112451478778
" 4307",36,1.15121944453727,0.614173460289845,3.26616845942567e-05,0.0107455908045453
" 7316",54,1.13776292364691,0.418913676456187,0.00256710968361358,0.0116310203484695
" 8050",39,1.37376027207638,0.573227297417082,0.004129522913159,0.0119717708564326
" 7954",28,1.37888153903302,0.578075414161871,0.00526659380176661,0.0128700077418407
" 9520",36,1.00833021553755,0.136514565202231,0.000662118986434706,0.00988831838222297
" 9371",32,0.988691182518619,0.18366070476343,0.00190137076236239,0.0112514366563756
" 5891",45,1.17077301223827,0.544636251652954,0.000474787359681248,0.00996562817480322
" 4551",44,1.01517731817326,0.495341975635182,0.000233238981926241,0.0104310475230811
"  381",51,1.20104602293801,0.553469300763701,0.000976641959240357,0.0112426005555882
" 1619",65,1.4787665245464,0.709856367184528,0.00294777873806604,0.0119762343810761
" 4620",57,1.70893734582288,0.739483818492667,0.00599173256250661,0.0127287970683106
" 8724",27,0.965537207916106,0.100178791842452,0.00239425779612609,0.0103940348857169
" 3900",37,1.12023461034685,0.545861502132458,0.000872815647003702,0.0114704921137463
" 2072",19,0.416170030426355,0.0939714273197179,0.000509094469192092,0.0112111233104687
" 3396",61,1.28692189225335,0.602331821141032,0.00113271051257866,0.0114506819561957
" 4594",39,0.947681003102468,0.473998974458616,0.000938056744946386,0.0123650229835649
" 9259",49,1.08785352858804,0.387008049687952,1.32456705785273e-05,0.00994435640661827
" 9947",29,1.06275008182023,0.241332096937442,0.000832255922809826,0.0112730451590649
" 9745",49,1.11325317073562,0.209654568011298,0.000241959733984154,0.0104488119569201
" 9685",54,1.03991289808282,0.107208385481261,1.31633993326979e-06,0.0078759166537432
" 4446",30,0.775749214659365,0.422403799970314,0.000804859597948649,0.0120696204570411
" 9018",51,1.05692537589453,0.0952650321689094,9.50232889329131e-05,0.00836487965932218
" 9943",29,1.04715918582678,0.240402481389054,0.000483425840493331,0.011234816990381
" 9686",51,1.04914424635846,0.114204065231147,0.00102633379172129,0.00858694339077434
" 9742",50,1.10820818648627,0.208306758741728,0.000450928698390733,0.0103504094310405
" 9041",32,0.950778749383699,0.0776856035157442,3.4553923248332e-06,0.008422687389036
" 8605",45,1.43688206050168,0.703758656379026,0.00124484622064408,0.012107958981481
" 9078",74,1.35101570957212,0.52905270221138,0.00558687576178032,0.0125052286425824
" 9456",41,1.27799662426421,0.469616114541743,0.00277517366431604,0.0121107300619488
" 6854",64,1.12215161343873,0.406158256207744,0.00177763480863503,0.0118289940103697
" 9019",49,1.04796287084205,0.0912908926480603,0,0.00807478139513043
" 9691",49,1.03811194001456,0.116670176063445,6.55701829260015e-05,0.00833291906599873
"10248",30,0.98847620120816,0.252742936881637,0.000890915321086161,0.0113795191131534
" 9712",32,0.968147547615077,0.173782605825836,0.00547605639364817,0.0120623999638245
" 9848",41,1.02747009980001,0.198572892710398,4.96918324809347e-05,0.00985522545551242
"10509",44,0.955592727674017,0.155136973070745,1.84287590657771e-05,0.00875196645851144
" 9028",45,1.03716631955803,0.0881808866676267,4.93627474976172e-07,0.00807687279996613
" 9208",51,0.979341611907169,0.0870009789673441,0.000157631707009058,0.00862535382994591
"10249",44,1.23283238048205,0.330405078179766,0.00321647662694474,0.0118000042861409
" 3904",41,1.13410889797391,0.475669174530151,0.000500949615854985,0.0106442080695252
" 9132",29,0.74236712361654,0.160319086798825,0.00331256944207343,0.0114628896667779
"10056",48,1.12310588691543,0.14968265997103,0.000597947414687803,0.00912010919791343
"11156",55,1.1040232977157,0.183717136279826,1.74415041158248e-05,0.00903043228586287
" 6332",47,1.43484319112035,0.843417304281148,0.00698737917953355,0.0126239092991269
" 5191",57,1.00505671604071,0.389193080859141,0.000716664822419573,0.0112559259327447
" 7949",38,1.22588894804641,0.459847314799403,0.000846571119584135,0.0115789332550801
" 9972",45,0.998290298465046,0.144593750031426,0.00047709095456447,0.00993279084250156
" 1266",50,1.08350557906297,0.433462535525512,0,0.00859492626789237
" 3050",41,0.801687971750919,0.221361979299873,0.000759116785267523,0.0112391017547909
" 9272",55,0.969150574011021,0.292067507452924,0.000237023459234392,0.00956383631928439
" 8636",47,1.03784871979854,0.11451008616781,0.000189799764128338,0.0104584381501569
" 9825",37,0.937541079347898,0.0855123856259768,0.00232062503110881,0.0096099210275385
" 1257",51,1.10106526418415,0.434260440005125,6.33488592886088e-06,0.00854187792488634
" 4895",50,1.19299702151834,0.630417985004842,0.00116825169077694,0.0109805080707063
" 7041",44,1.12292335329841,0.413165509602223,0.00601871753113864,0.0121850544455349
" 4658",73,1.09707073787772,0.233842525573972,0.000109338485707222,0.00922038631331704
" 6788",48,1.10798748436872,0.405145472401254,3.01112759735465e-05,0.0100487056627627
" 8976",48,1.07185840088424,0.136658644136184,0.000231511285763825,0.00983017688360079
" 6786",44,1.10326920473153,0.401729558196805,2.84658510569593e-05,0.010074550730678
" 6785",56,1.12209385535959,0.401268909414858,0.00150852556352718,0.0115111168067526
" 7218",33,1.17017928452225,0.422396957074089,0.000836698570084612,0.0119296686785388
" 8033",38,1.1013664162766,0.385623824868574,0.000112711606786226,0.00974469072628873
" 8619",45,1.17942208164217,0.43401148381098,0.000137557523026693,0.00986906765510208
" 9358",9,0.346222333166213,0.0684047091373556,0.00231848597871725,0.0116890270004271
" 6192",43,1.19946229531457,0.655223220896729,9.4529661457937e-05,0.0106396660792048
" 5005",53,1.29067276902145,0.653123378181159,0.000579436384376197,0.010782545546671
" 2506",69,1.16982691533997,0.392614598617849,0.000518967018691616,0.0110367205822663
" 7217",31,1.08831440679186,0.400086110283836,0.000628305504398838,0.0117824236059207
" 3749",51,1.32590727145822,0.685710081003398,0.002244359586225,0.0120014252610654
" 8708",29,1.16104062528957,0.456034226514125,0.00437724163435121,0.0127201428286098
" 9275",48,1.02653913475425,0.0920710856923597,4.41796590103674e-05,0.00915281677512026
" 6246",11,0.392788839306792,0.0553536782055006,0.000174415041158247,0.0098312076444341
" 6290",8,0.129000683676936,0.0215404490551904,6.08807219137279e-06,0.00912219043385383
" 6186",44,1.20176396739881,0.6435309376577,2.36118475530269e-05,0.0106108230561719
" 5081",49,1.23220761436444,0.627646072167452,0.000823617441997743,0.011469604519786
" 2094",55,1.28019690338405,0.618328353449142,0.00205151578600097,0.0121777233148523
" 6097",6,0.0347949236765731,0.0218161117036053,0,0.00826890755586523
" 6275",17,0.451670268280393,0.0723209254441696,0.000357879919357725,0.010043181073663
" 6193",43,1.22548189106474,0.679085884338048,0.00151905628299334,0.0112921789487439
" 3814",49,1.36390502951556,0.549856558010296,0.000729992764243929,0.011154355810505
" 8189",76,1.10662351511709,0.228208033966773,8.86884030040523e-05,0.00941406237915533
" 9536",33,1.04352395192556,0.257891657811206,0.00364774249758225,0.0115984082491174
" 9448",35,0.997115093874347,0.18873163872949,0.000515593897612612,0.0113842206571787
" 6177",45,1.1951402277933,0.639497372142988,8.91820304790284e-05,0.0107009204653868
" 6517",8,0.930151220675003,0.13656026385355,0,0.0100167709863319
" 5094",44,1.42906878602559,0.864715765748703,0.00274152472477183,0.0122496450617334
" 6663",58,1.25293382153616,0.49845992979032,0.000653151420639305,0.0115011188368843
" 4552",54,0.97651323705179,0.33589754194183,0.00130358789016624,0.0110305075277879
" 8169",57,1.05318712615551,0.201134299729752,0.00119169899583831,0.011097439690896
" 4152",39,1.23945607907925,0.65391676044303,0.00023727027297188,0.0116739844377812
" 3247",48,1.37093266310606,0.723387322273477,0.000537231235265734,0.0117243845168052
" 9423",34,0.950553680508168,0.3988274500391,0.00256274930758463,0.0121557766379715
" 4588",39,0.993884179759709,0.391474186701589,0.00155262295129172,0.0116530980108262
" 9150",54,1.0311517844168,0.0923335258062086,1.53024517242613e-05,0.00869727968106835
" 6807",76,1.06134520307352,0.21528034805612,5.01031887100815e-05,0.00916473072856808
" 6647",54,1.62293488156828,0.926462909209998,0.00369258032655926,0.0126063888070664
" 3797",43,1.16704100063967,0.53387247084626,0.000727771440606536,0.0114032907559763
" 8060",61,1.09787228403208,0.23064097010543,9.13210828705919e-06,0.00910447014298682
" 7790",51,1.4497224225431,0.700245577503197,0.000497494223530152,0.011968967759453
" 8499",67,1.08716832913526,0.280745136456558,0,0.00918164663298782
" 9341",47,1.07075166118351,0.145029842860369,0.000467876575031582,0.0105907025967783
" 9726",48,0.977406376934113,0.181424363869787,0.000526289159570429,0.0106902774636495
" 9457",43,1.06838854655228,0.157921552994289,0.00119268625078826,0.0105459249355195
" 9519",38,1.01835895574306,0.162517642698224,0.000875036970641095,0.0103416098308561
" 9390",64,1.05667611991693,0.109541571051694,0.000129083584706269,0.00860881268930064
" 9568",41,0.935012950015714,0.177871675588202,0.00112884376402468,0.0103917715746379
" 3852",67,1.28322900159448,0.575757659550949,0.00244452552732783,0.0119109774722893
" 3990",42,1.09189344717396,0.514776968514494,0.00113962129722832,0.0121262564153659
" 3679",27,0.785269196311601,0.310038406412022,0.00415157160704127,0.0124267543976062
" 8593",59,1.08408960178273,0.277581524214453,0,0.00919346311475408
" 8587",40,0.987285621676004,0.0848861680176717,0.000877422836770146,0.0094542959654128
" 7710",35,1.0734934867504,0.196879733502955,0.00571077625799934,0.0117779488276899
" 7226",38,0.895820067752446,0.104263011539287,0.00233411751542483,0.0103775584270575
" 9338",39,0.962328645524652,0.123421127188164,0.00158265195601944,0.0109225245592484
" 9458",46,0.965945590332668,0.124932225287929,0.000760268582709135,0.0100655635716159
" 9393",50,1.03729650878643,0.0996173570679855,5.8412584538847e-06,0.00813856271587561
" 3849",48,1.27238002492845,0.679242069287761,0.000466642506344141,0.0117577922669406
" 8589",59,1.09084238759931,0.279152501284637,1.89223865407533e-06,0.0092461722574467
" 8585",58,1.08981114321845,0.287899129871596,3.49652794774789e-05,0.00922867482002678
" 8732",76,0.970304091714568,0.300881134650641,0.000398933271026576,0.0106188259403122
" 9108",51,1.17823626977384,0.408433126897831,0.00123587865484868,0.0115758154694105
" 6671",75,1.08124609661508,0.372323676555734,0.00197237084751313,0.0114539890886448
" 6867",52,1.16974582693751,0.408072785358757,0.00109322031458056,0.0114142125750164
" 4535",33,1.14476472191722,0.488122704060078,0.00114998747420282,0.0120948800478147
" 8023",56,1.25099358819018,0.567500490391518,0.000214645680368806,0.0107984819392571
" 9827",46,1.14338342654937,0.202257883611597,0.00154464264044627,0.011511875586524
" 9602",43,1.09959945232698,0.190932859254174,0.000983635015135852,0.0113454275514243
" 9630",29,1.02840391868894,0.211785390110059,0.00471981910198467,0.0123251795494584
" 6916",25,1.10622495598962,0.406942846415452,0.000105389465907413,0.0115094634692557
" 4660",24,1.0141459557994,0.451752581674564,0.000576639162017999,0.0118807214701716
" 9822",29,1.05710335459684,0.170637104364364,0.000541427068803032,0.011080277514448
"  562",66,1.6593146656025,0.70962104486522,0.0044803275053754,0.0115247069182676
" 7727",46,1.00504098210461,0.274946497089549,0.000890257151119527,0.0110998660227258
" 4679",24,0.397169009436334,0.106312532052915,0.000139696575418257,0.0103990071375281
" 4536",35,0.595845081039606,0.186517236563952,0.000642209344944,0.0112756538522374
" 9512",47,0.91992067883529,0.142378387212559,0.00091296401496843,0.0106948348830968
" 9586",59,1.05153970198508,0.125535991691967,9.00047429373221e-05,0.00909676861602731
" 9510",60,1.06544522228828,0.211978421044518,0.00092596287180947,0.0108908640958557
"  577",41,0.883624847179706,0.408451443977724,0.00155574925863324,0.0110773762279878
" 8754",46,0.806961285345128,0.275774225014919,0.000474211460960443,0.0107391123593393
" 4143",23,0.33363007188442,0.112687696983151,5.8412584538847e-06,0.0100913443130576
" 7829",59,1.10334134945525,0.370377400252831,0.00105455282904076,0.0114631571858328
" 8149",53,1.04393260700615,0.267641016002232,0.000339615702783606,0.00997004381623206
" 4900",51,1.17661436788701,0.581940225605324,0.000627894148169691,0.0105449103141134
"17464",46,1.50982675008569,0.825562703428287,0.00135146975523893,0.0120300997858421
" 2093",56,1.41638375062943,0.76833050857759,0.00187068358766803,0.0121560729446745
" 6875",72,1.43861693435672,0.680851135864196,0.00115739188632746,0.0116498318178557
" 2071",40,1.25566978381466,0.728151666088305,0.00096463035734927,0.0119951585783711
" 4983",49,1.39791535206779,0.73942306023857,0.00367069617516865,0.0121354120807262
" 4243",29,0.502506921466055,0.219830104678204,0.000255452218300169,0.0112181696217048
" 7098",60,1.13962858623135,0.357041419025691,9.3624677753814e-05,0.00992354368033565
" 7940",60,1.09072032776443,0.368096377837999,0.00184781218132747,0.0115046681296301
" 9107",51,1.05522235604667,0.24164870729373,0.00178199518466398,0.0112350838692324
" 2191",37,1.17316573219817,0.729648834624378,0.000289923870302672,0.0120775858794732
" 6848",42,1.18241324830813,0.438339431099919,0.000362075752895022,0.0111410778678686
" 4597",8,0.388137472180924,0.0931117549587123,0.00108227823888526,0.0112600007581056
" 6716",49,1.12104277952541,0.349395463665461,0.000166681544050287,0.00930469756218547
" 2202",47,1.40949668235175,0.801028530740886,0.00221934912749287,0.0121287466222572
" 1966",31,0.96425746779744,0.517727602991998,0.000177047721024787,0.0109873586697319
" 6904",49,1.18670843273665,0.310956554371197,0.00063570991652348,0.0111607261076199
" 8968",71,1.36909437429047,0.496535188975429,0.00341359853195189,0.0118689570563749
" 7961",47,0.838703484249593,0.308561755267396,0.000451915953340686,0.0108627347738772
" 1632",29,1.1168859930628,0.377075352732053,0.00394811481610525,0.0120252575989959
" 7095",52,1.064360338145,0.333833799180286,0.000406666768134537,0.0100978274395428
" 6845",33,1.15736798511227,0.434929712615967,0.00139754165290337,0.0113405507570127
" 6719",46,0.972092133678814,0.301334617182413,0.000284411696832105,0.0098243323136901
" 6899",50,1.04491100978096,0.272359757805865,0.000799923323198887,0.0111031895921389
" 5366",51,1.00531260647846,0.363727630925811,0.000884333621419812,0.0100720912169291
" 4791",35,1.22360790995827,0.216427628127008,0.00201762003271927,0.0113285473157468
" 8561",49,1.16847536200761,0.401748301325676,0.00120264107153361,0.0109374103282864
" 4126",63,1.14907934530977,0.395472549990702,0.00385843915815125,0.0119287361806877
" 4667",56,1.34837606597213,0.679530581252849,0.000555659994331511,0.0118495373077962
" 4631",48,1.1626736092071,0.479794471056261,0.00229232372254351,0.0121714016604204
" 8733",46,1.22104183484124,0.34326787490648,0.0073868060780351,0.0117927388780698
" 6685",51,0.965875438825024,0.326590492155811,0.00037787183209426,0.0104986397552258
" 7455",34,1.09431563482022,0.376729717843712,0.000532953130482607,0.0117654270866419
" 5076",29,1.11210797631424,0.613490020875453,4.64832538935895e-05,0.0107679984961889
" 9256",66,1.04844926479784,0.108287335522009,8.82770467749055e-05,0.00846588719875186
" 9262",58,1.02017291418972,0.103346061221377,1.19293306452575e-05,0.00784776231887246
" 9125",53,0.974874222949424,0.110375737670448,0.000114439302948643,0.00882590117602177
" 3730",71,1.48458181222189,0.744805663205601,0.0020171264052443,0.0119796156369844
" 4677",48,1.04320089711825,0.385843448798219,0.00126121819856412,0.0115153505390171
" 7088",51,1.15937867727217,0.471331464369581,9.53523739162306e-05,0.0108507233800209
" 4734",76,1.1446509193267,0.293462255714842,0.000203209977198524,0.010036217751686
" 8736",36,1.03120674995735,0.0908190015211488,0.00117606745913073,0.00940962419773606
" 9437",35,0.897187344275405,0.192807085756302,0.00470320031032714,0.0112060885977952
" 5719",56,1.02224793833822,0.46267267745923,0.000142987425251431,0.010939904220018
" 7035",43,0.678795567005862,0.239464441127995,0.000288936615352719,0.0103424062206233
" 7034",8,0.132086837974027,0.0394538803655394,7.48668337047195e-06,0.00946096821519305
" 7055",5,0.0911506152290072,0.0188982931376049,0,0.00846347785601585
" 7086",9,0.163160858600903,0.0426501464964462,1.15179744161107e-06,0.00974489370884858
" 8343",56,1.09440130050762,0.34906767435723,5.51217347056726e-06,0.00785218582018789
" 7414",48,1.06507152177075,0.36344349697132,3.78447730815065e-06,0.00808841275671897
" 6874",66,1.14873492394337,0.360799619162067,0.00261597880363622,0.011583303242137
" 7089",47,1.07432265943249,0.440464197743283,0.000264995682816375,0.0109942975085799
" 2638",43,1.26810783382942,0.632676432294869,0.0014707630616915,0.0117304275875531
" 7157",47,1.20908531344845,0.515317974426605,0.000134760300668495,0.0102778970448622
" 6876",56,1.17297236291033,0.434219273710741,0.0014556251524589,0.0114885278354523
" 6569",35,1.16110439434513,0.39924086516781,0.000328591355842472,0.01090814562394
" 6768",51,1.02608018173745,0.410507802478104,0.000364379347778244,0.0107651064236998
" 3049",63,1.15035352828119,0.462950079001393,0.000304732694551957,0.0105404610232995
" 7439",45,1.00020544447001,0.350644230223815,0.00010571855089073,0.00831349658379375
" 7257",51,1.1211031918019,0.431249461186099,0.000772691540829368,0.0114896752319039
" 6696",33,1.12123699083751,0.401598386537552,0.000495848798613565,0.0110065381152703
" 8454",68,1.43207088446898,0.684813631410297,0.00120222971530447,0.0114015164866974
" 7426",62,1.34125117063397,0.564308022210431,0.0019411900453438,0.0105212697596341
" 6888",25,0.824293132498739,0.182762123259792,0.0152523485355513,0.0127221062250978
" 6741",53,1.07825010866937,0.378835419609829,0.00150095660891088,0.0117936992946618
" 8008",29,1.11343900757054,0.332060550706467,0.000972034769473912,0.0103622671483947
" 6702",28,0.954323858127154,0.337535095938094,0.000578284586934586,0.010878816482776
" 7056",43,1.14441955424545,0.419052452661139,0.000176307279812323,0.0108259607597654
" 6949",40,1.16247987793817,0.404405613868166,0.000298233266131437,0.0110259053910728
" 9741",79,1.40401834029456,0.651507233603471,0.00296077759490708,0.0122871779912196
" 9366",14,1.07518383069475,0.227192619908991,0.00624142579359872,0.0123875167235905
" 9197",47,1.05124757173184,0.136396324336411,0.000538300761461516,0.0101879978202301
"11063",41,1.06882206177402,0.276600409612793,0.00305012416787777,0.0112219532238398
"10803",45,1.02076869641014,0.125804959895523,1.45620105117971e-05,0.00841698077018556
" 7400",57,1.17358614403937,0.485577428460292,0.000598523313408609,0.010415662983018
"10808",38,1.08402352520369,0.14753534324609,3.29084983317448e-07,0.00897899702049188
" 8059",73,1.09367342056518,0.228238693924709,1.34924843160154e-05,0.00903489227474838
" 6764",62,1.28034916217926,0.38056572878157,0.000635216289048504,0.0109282729495202
" 4470",55,1.19669807794628,0.410111628498844,0.000359689886765971,0.0109644916743873
" 9354",49,1.07090498783938,0.135282694912404,0.000470838339881439,0.00979216912039208
" 9239",44,1.14037501889154,0.217343902240484,0.000104649024694948,0.0100385987980294
"14337",22,0.727753194299196,0.257413775135873,0.000657429525422432,0.0107119655936616
"13385",22,1.1237072078265,0.24133855829638,0.00953581329034386,0.0125561592414484
" 6311",58,1.00426045831021,0.376684601132488,0.0016565315347742,0.0118969161856893
" 6759",40,0.863890232292965,0.265831624394431,0.000902021939273125,0.0112375053373256
" 9664",17,1.00902759988353,0.0973201541102445,0,0.00966444983555618
" 9238",40,1.07078459096502,0.192532150521307,0.000152284076030149,0.0098229836732233
"  678",32,1.07682091399895,0.430898267414674,4.44264727478555e-05,0.0100185936914985
" 8592",62,1.0848444051233,0.282210508544034,9.22260665747148e-05,0.00947409774622511
" 1788",35,1.15984801336643,0.706676554925504,0.000826003308126795,0.0116162389397482
" 3930",11,0.194501368016683,0.0681964114697856,3.86674855398002e-06,0.0108156529417265
" 5742",68,1.10045663173204,0.23824762904147,0.000819421608460446,0.0101241478052486
" 6953",55,1.0781721818757,0.249026677129157,0.000271001483761919,0.00971977946389958
" 9211",46,1.1764358104415,0.495767286200086,0.000309339884318401,0.0112465361217954
" 8045",82,1.32488313897178,0.503230566582325,0.00347102386154078,0.0122243056724348
" 7272",47,1.22355667502647,0.481652296316267,0.00137105031174632,0.0116699906649451
" 7188",56,1.23337894038271,0.390447597340365,0.000341178856454364,0.0108104454220954
" 7761",34,0.967104955736515,0.399405506940142,0.00045907355172784,0.0105332393023568
" 6631",57,1.16118824315694,0.409796990556933,0.000694122501062328,0.0111032570162662
" 2031",63,1.43379568466043,0.799457630994935,0.00237113957604804,0.0120401634134906
" 8591",48,0.996471269113468,0.235672234640035,0.00045397273448642,0.00986450439421688
" 6952",50,1.01678836510983,0.25328516983534,0.00030687174694352,0.00970967775020715
" 7187",63,1.19466775979681,0.398499158963798,0.000786266296391213,0.0107380112267098
" 4981",52,1.17210471644867,0.585244433487153,0.000813580350006561,0.0106921724141507
" 2192",49,1.43895936808807,0.82413215040275,0.00152637842387215,0.0120640388837397
" 2154",54,1.39869449973358,0.764327881491452,0.00201564552281937,0.012027580061418
" 7947",56,1.18983397946704,0.488455644951239,0.000947188853233445,0.0111833338282467
" 9485",59,1.04851016038705,0.103198898001259,2.96176484985703e-06,0.00831207820611579
" 5065",46,1.5277214138193,0.889009313319131,0.00294111476715386,0.012187791472629
" 4102",46,1.272419591595,0.548191555053749,0.000864835336158254,0.0110871144492959
" 5393",37,0.999622616154212,0.404304248917945,0.000218101072693639,0.010423506902811
" 6490",32,1.16902644139125,0.203207591432597,0.000332458104396452,0.0103396504071148
"  955",38,1.12858857191261,0.468326440959494,0.000172440531258343,0.00995693970565655
" 4987",27,1.10191766151983,0.589326694786643,0.00104245895590385,0.0107952709996334
" 6341",41,1.14073756691374,0.56318119938939,6.30197743052913e-05,0.0113122115765338
" 6859",64,1.10584956383305,0.364721526757581,0.00110408011903004,0.0109689291602947
" 8076",40,1.11541729199284,0.412196517277207,1.39861117909915e-05,0.00988102744691293
" 8615",44,1.1437167824335,0.404252535807337,0.000450188257178269,0.0100446128597054
" 9260",55,1.13961321046809,0.399615765222769,2.18841513906103e-05,0.00973741998060717
" 6664",64,1.29591008255085,0.513482691141977,0.00164945620763288,0.0117029976466969
" 4726",45,1.13042885653003,0.55593701864876,6.09629931595573e-05,0.011282000039654
" 8742",48,1.05239339250601,0.195334486316404,7.30568662964735e-05,0.010379048886333
" 8040",51,1.13079005599462,0.422316230582418,0.000818105268527176,0.0102617914725638
" 5437",45,1.05665031047345,0.406397026203026,0.000549818735877627,0.0104771396676397
" 9273",39,1.04996044370245,0.109611854295541,0.00145496698249227,0.0100941309463075
" 4724",39,1.11152045450644,0.546975932616104,6.34311305344381e-05,0.0111699681361823
" 8617",22,0.9994486856326,0.399260810082067,0.00086656303232067,0.0114826693906718
" 7382",60,1.14742714878926,0.484483384804782,0.000572936955955677,0.0107891659723339
" 3775",61,1.26606831095809,0.637965574443634,5.23245123474742e-05,0.0104653010189756
" 4111",43,1.08658911278192,0.42412303824968,0.00127166664678445,0.0118179767480448
" 7262",36,1.03924032326471,0.386825121500556,0.000153271330980101,0.0110466409661974
" 6187",61,1.08019726018953,0.253235717136201,0.00292679957037955,0.0112371247434803
" 7235",44,1.24960364614734,0.690509309133499,0.00225135264212049,0.0118387553962843
" 8611",37,1.28934043975908,0.654482156758218,0.000996387058239404,0.0120588368898111
" 4159",39,1.23808598308038,0.526299832801787,0.00185274845607723,0.0122237527605643
" 6690",62,1.15151528390756,0.355091770864973,0.00117771288404732,0.0110103169808301
" 8216",53,1.23745021921692,0.497906786740598,0.000908850452676962,0.0110902995873105
" 9295",62,1.07619085522793,0.362640736286388,0.000410615787934346,0.0104576194896472
" 9151",63,1.19869244111792,0.556749986647773,4.34392177979032e-05,0.0103552480366619
" 8512",48,1.05054052657362,0.384755707072497,0.000718968417302795,0.0107141133576291
" 9153",58,1.18190416110751,0.549167945658054,1.23406868744043e-06,0.0102949842906471
" 8279",57,1.0932672503984,0.352994538138225,2.96176484985703e-06,0.00804896034114629
" 4691",48,1.23485367647413,0.496053416577502,0.000291569295219259,0.0109659287347423
" 9165",52,1.13818410077876,0.414810172268605,4.22874203562921e-05,0.0100489225289995
" 7052",51,1.09504594526616,0.289575431294219,0.00298340218751016,0.0116254456305179
" 4683",54,1.1962637680115,0.426243980978236,0.00420422520437206,0.0124585623128626
" 6865",51,1.02819588935769,0.463470893656046,0.000347596013629055,0.0108068937875285
"10795",37,1.13841718123771,0.227013461059651,0.000573183769693165,0.0108527420095908
" 8272",57,1.09589756894363,0.355839505777146,4.93627474976172e-07,0.00813722770372692
" 9163",52,1.11356103261739,0.407802144738492,0,0.00991176806912756
"10675",30,0.931424880333834,0.170456457833955,2.98644622360584e-05,0.0107894369529383
"  477",60,1.33203234120041,0.560509349116208,0.00166327777693221,0.0114093122983562
" 8380",66,1.10327447648069,0.364763968685572,9.51878314245719e-05,0.00885399531037319
" 7431",42,1.08378659961825,0.382451372872202,2.46813737488086e-07,0.00816526920956747
" 8267",55,1.09295935291525,0.350711856816789,0.000272729179924335,0.00882708886771452
" 9102",40,1.00453443265958,0.384097541190794,0.000250104587321261,0.0102223473893177
" 2822",41,1.07669291737045,0.487465726464497,4.08888091771929e-05,0.0100306463241006
" 9169",49,1.06205896718238,0.387155051381291,9.32133215246672e-05,0.00992410167019531
" 7642",56,1.39880564800905,0.50470138975517,0.00129239900073345,0.0112506594774867
" 9200",40,0.8780208301503,0.372254942895846,0.00120691917631674,0.011745642481866
" 4650",41,1.16476525238045,0.362969524413125,0.00105455282904076,0.0111912095667166
" 9762",37,1.02405362443626,0.235489145861771,0.00110589008643828,0.0108835349448918
" 7432",41,1.03963158662006,0.366699970533136,4.59896264186134e-05,0.00814272499168591
" 4621",74,1.25201613977289,0.580868543044535,0.000570386547334967,0.0113754135723949
" 2829",39,1.07842169930075,0.492353224001248,3.89142992772882e-05,0.0100730183158348
" 7643",51,1.27141585655799,0.468428805634811,0.000889105353677915,0.0112810179686241
" 5476",75,1.1936078916184,0.553714446124429,0.000209380320635726,0.0100865572067537
" 7104",51,1.05923430134449,0.368431102630932,0.000534927640382512,0.0109836559493808
" 2851",47,1.09082295217806,0.488640300945537,4.82932213018355e-05,0.00989673762961083
" 7664",54,1.22999283215235,0.525578889875979,0.00113435593749524,0.0110114956680921
" 9424",17,1.00902200889102,0.0973191092189341,0,0.00966444093013685
" 3963",32,0.785009767132818,0.266742056351807,0.00696491912942213,0.0123364987131256
" 4794",73,1.41950931577764,0.590566639591766,0.00503919607829425,0.0124196864648847
" 5210",40,1.36791278183229,0.577570518114825,0.00519435964792843,0.0129057830505449
" 4637",76,1.31564629836665,0.502667710031062,0.000887871284990475,0.011587103556738
" 9425",17,1.00907003339817,0.0973229234185438,4.93627474976172e-07,0.00966443409113336
" 5480",74,1.17746830421353,0.552550856421522,6.35134017802675e-05,0.00997830235439032
" 5510",23,1.2025631389662,0.517187903567637,0.00392178801743986,0.0128377713822794
" 4654",74,1.06323354957905,0.222567239721851,0.000119046492715087,0.00919981666771589
" 8021",55,1.07904358918959,0.342643237591648,0.00170120482125955,0.0115365070776362
" 7171",33,0.712977742515695,0.258458541324553,0.0003107384954975,0.0110889485782009
" 6840",65,1.0693532903009,0.325144971186274,0.000270590127532772,0.0105036692853297
" 6655",62,1.16293542011657,0.417285318259952,0.00196620050407592,0.0115244977111755
" 2209",39,1.43423776637377,0.867030399639878,0.0036571214196068,0.0124600228845452
" 4264",54,1.18178057180933,0.501873867125602,0.0019535307322182,0.0121824468713885
" 3342",53,1.17142620796488,0.544496918394917,8.5891180645854e-05,0.0102589943991579
" 3605",63,1.25566528636573,0.449299874918373,0.00242272364718305,0.0115093562090949
" 6933",40,1.15124882686633,0.406145752766024,0.00332079656665637,0.0121051004850275
" 8165",63,1.08053185699636,0.231785174005949,0.000280709490769783,0.0104125007199646
" 4952",34,1.10120981099264,0.572701807460629,1.0448448220329e-05,0.0099803916165904
" 3293",53,1.12780805647196,0.517175848779163,5.38053947724028e-05,0.0100404174141015
" 8162",60,1.01746849780254,0.225301988109541,0.00052102379983735,0.010821742580278
" 9198",46,1.05065766153886,0.12446102849958,1.57960791992375e-05,0.00849428348410918
" 9468",54,1.04802494099654,0.120664631986303,3.20035146276218e-05,0.00841583405222911
" 1128",44,1.14680915682373,0.484199160047934,0.000134842571914324,0.0101231653331503
" 8597",64,1.24360121069864,0.523944630523382,0.00109889703054279,0.0111263628809203
" 8687",22,1.01195554392549,0.148573702811439,0.00712403171885612,0.01195917383728
" 7939",48,0.802186910783105,0.264122858763855,0.000346197402449955,0.0105070364969805
" 9469",53,1.06054055867195,0.129063369494404,1.98273702448762e-05,0.00846743083102871
" 4116",59,1.24389468687683,0.586590844815919,0.000902104210518955,0.011117301982679
" 9624",40,1.07782044065527,0.291061621560295,0.000144139222693042,0.0102732278262593
" 9213",56,1.05729047927309,0.113862213778911,0.000151050007342709,0.00866308212763897
" 7788",54,1.38141652694505,0.680057854631202,0.00083686311257627,0.012052013400882
" 7038",33,0.537042962318145,0.149469659241066,0.000898977903177439,0.0112330120253648
" 9247",33,1.11751382257488,0.155778384799625,8.42457557292667e-05,0.0107967576824486
" 8064",65,1.35157994400301,0.592791151329654,0.00234111057132033,0.0118086634728811
" 9016",42,1.18276425253936,0.516243876140387,0.000182477623249525,0.0105305956124853
" 8971",39,1.17626870912537,0.518865180018787,0.00189051095791291,0.0115303654109404
" 9622",45,1.00169833146572,0.273864231593538,0.000108104417019782,0.0102078475957948
" 9216",56,1.15029349974592,0.292461421763156,0.0036372117781161,0.0115619777160874
" 9074",56,1.09300882357051,0.366594408330857,0.000581739979259419,0.0113446349169735
" 6882",52,0.845535137226114,0.29173069135082,0.00050300639700072,0.0110740359144242
" 7261",41,1.2448792842578,0.451851357566625,0.00062666007948225,0.0111864586669357
" 9249",27,1.11895126442191,0.151399825580047,0.00046425664021509,0.0108150558346975
" 8972",50,1.18535574587023,0.51492229070358,0.000474787359681248,0.0105419468556179
" 8922",82,1.0813521469726,0.218588618476998,2.50927299779554e-05,0.00934902393318744
" 5626",70,1.22355719758486,0.519642168889718,0.00026697019271628,0.00998348395679273
" 6921",47,1.10110019587026,0.33087678283848,6.53233691885135e-05,0.00914509136166765
" 7062",45,1.12224586317421,0.397272788140784,5.74253295888947e-05,0.0103367202249255
" 6869",44,1.11316152766452,0.250679784721557,6.81205915467118e-05,0.0107473174460024
" 9060",81,1.25128152058151,0.457939613075932,0.00112020528321259,0.0111791463195393
" 9105",56,1.19840468130497,0.450978109612111,5.68494308680892e-05,0.0100245296591578
" 7263",41,1.0710552767995,0.398805945634587,0.000503417753229866,0.0112129278519757
"12721",60,1.36394552786647,0.567767816958272,0.00315329231014779,0.0122837665931317
"12083",14,0.881736525634207,0.136761418503888,0.00183645874940302,0.0110240685610118
" 9251",19,0.99525495261214,0.130993591229838,0,0.0109244725536429
" 9385",31,1.05314276043103,0.316304012517384,0.000308681714351766,0.0114519616674288
" 8913",69,1.0529609343472,0.213611234690472,0.000107775332036464,0.00958960711717616
" 7184",56,0.941300367966243,0.401358144056193,0.000307036289435179,0.0107281983102049
" 7103",49,1.14667702630483,0.514968629408672,7.56895461630131e-05,0.010668565591523
" 6923",31,0.774339875553372,0.239594077474725,0.000483837196722478,0.0100054501370157
" 4583",20,1.1582919801521,0.466735530988733,0.00364412256276576,0.0129036653380062
" 9066",66,1.19205783692448,0.455007930328044,0.000673883774588304,0.0111289464494005
" 9384",37,1.10588258658995,0.326997843805515,0.000427892749558512,0.0114489452373852
"12474",28,1.28385618433753,0.35097355518943,0.00102197341569234,0.0117678071894589
" 3819",46,1.51584803236102,0.871967469188411,0.00299162931209309,0.0123489900006125
" 3734",42,0.902643148572046,0.404951980481565,0.000310656224251671,0.010383977803968
" 8313",59,1.04572029884456,0.344009531233911,7.95562947169931e-05,0.00850507109523544
" 3714",40,0.767971899972111,0.228538674142374,0.000404198630759656,0.0107535227359151
" 6975",32,0.740505112225133,0.294573706730093,0.00171000784456329,0.0116518739085397
" 5171",44,1.15724981785915,0.389156457639453,0.000157878520746546,0.0109958088135247
" 3412",35,1.06009773075576,0.269919081509658,0.00147545252270378,0.0106775098557243
" 3962",59,1.01993333934146,0.364279161095339,0.000715101668748815,0.0114671230000705
" 7826",46,0.972669507475429,0.336242750704357,0.00117705471408068,0.0110472896108717
" 1518",43,0.700974361651623,0.316739838532669,0.000244427871359035,0.0103873818458888
" 7661",60,1.17150456192746,0.317145081075223,0.00029403743259414,0.010323089944082
" 8052",49,1.10376856942897,0.436083609530472,0.000262609816687324,0.0105865399987233
" 5168",38,1.11658516462099,0.376853121556082,0.00168178880724382,0.0113041124797945
" 7657",60,1.10929582900903,0.324541599304453,0.000317402466409679,0.0103882918665428
" 8599",63,1.09289744700705,0.235465229840219,4.64009826477602e-05,0.00944405433039141
" 6911",25,1.10622473123298,0.406942934915378,0.000216455647777052,0.0115094637684582
" 6675",90,1.09701735739256,0.227758245477934,3.29084983317448e-06,0.00901915164690176
" 1749",46,1.26678607523767,0.64701799181007,0.000503253210738208,0.0111539828531416
" 7649",62,1.03290066296659,0.281021358623649,0.00070934268154076,0.00982517138157887
" 8644",35,1.22757283623652,0.482520778219941,0.00699782762775388,0.0131887270470071
" 7663",59,1.16616547349101,0.475270228972934,0.000531143163074361,0.010848958090301
" 9692",46,1.01214840020225,0.100865450729367,8.71252493332944e-05,0.00820925533784947
" 5154",46,1.36192319273467,0.428123009733809,0.00548337853452698,0.0128622435566652
" 6674",87,1.08328795245457,0.224697331313845,5.52040059515019e-05,0.00939883479570397
" 9021",50,1.0396429494829,0.0888900187227585,0,0.00803530334023253
" 9168",53,1.11752894967509,0.405841853274731,0.000610617186545525,0.0101269607930668
" 3882",56,1.13029460975062,0.389920924488889,0.00229051375513527,0.011433846364111
" 7254",55,1.14415017204733,0.394995990669011,0.00174069501925764,0.011579682479116
" 7173",47,1.20987161449478,0.489437165583728,0.00222058319618031,0.012160228361549
" 9022",47,1.0293835144857,0.0853686129564075,0,0.00788520373857421
" 7785",37,1.16507096517336,0.420344471410762,0.000684332222808633,0.011566507391147
" 9173",41,0.998103275222203,0.358794116962903,0.000101769531090921,0.00969503382497599
" 7786",29,1.02962002204963,0.389392452034371,0.00164920939389539,0.0117647310377304
" 9467",38,1.08595006656313,0.14950283208805,2.96176484985703e-05,0.00905402029486805
"  522",45,1.20120293748468,0.475189538641809,0.00246427062632688,0.0111363131985479
" 9486",56,1.04589007544453,0.10388148008401,0.000691078464966641,0.00912853962110344
" 7219",59,1.16636927671924,0.274329499446892,0.000581822250505248,0.0106184224711722
" 8697",32,1.05419346893025,0.158712374950039,0.00270154089929876,0.011583636830771
" 8635",50,1.08954337657561,0.39972028441295,0.00107561426797308,0.0113126386248885
" 4628",55,1.31233142373021,0.525148107358426,0.00148910954951145,0.0120487326905992
" 9047",24,1.09709184898045,0.16504176867591,0.00188030932343007,0.0114140656250057
" 9274",41,1.01384762435376,0.12921741230995,0.000375897322194355,0.00885284755692866
" 1201",37,1.13732729201731,0.494803554145917,0.000126779989823047,0.00973539356027837
" 3343",52,1.16596755202773,0.539959000830994,0.000205184487098429,0.0103564415337771
" 5643",70,1.09424648681726,0.233549225319048,5.33117672974266e-05,0.00898164428502338
" 7838",27,1.0769555496216,0.265674148983024,0,0.0104429057789014
" 9292",50,1.3209369245498,0.524613704678599,0.00366452583173144,0.0123863118755056
" 9048",29,1.0077814977234,0.152884818341342,0.0006139080363787,0.0113419322435401
" 9196",57,1.55556082458917,0.613525035511984,0.00373239960954067,0.0118119536593055
" 9076",33,1.01400164212549,0.257756115117887,0.0011829782437804,0.0112608235217699
" 9816",47,1.05774589007372,0.138453456079011,0.00113690634611595,0.0104449134433725
" 9199",38,1.24328872877517,0.395282467296206,0.00355633914346583,0.0120476649914281
" 1211",35,1.08728671746282,0.467747462452967,0.000603130503175053,0.0099853441370602
" 6790",47,1.10064216131165,0.396928684039009,4.36037602895619e-06,0.0102058052885134
" 6962",29,0.958541145854879,0.18125760161403,0.000291898380202576,0.0097423306427758
" 3053",34,1.10615376745357,0.487623672449614,0.000609629931595573,0.0108001534801481
" 8475",36,0.988760274668466,0.302487897479326,0.000288113902894426,0.0104649736353436
" 9084",42,1.11256538906201,0.19803020779378,0.000850355596892286,0.0116729817957885
" 7716",48,1.1149260613785,0.407314640200627,0.00149758348783188,0.0108173892752587
" 8007",26,0.968493479257919,0.28467238478916,0.000512796675254414,0.010483987835188
"13067",16,0.94357694550965,0.256350404200892,0.000519378374920763,0.0112933097244767
" 4684",33,1.07636790154308,0.384430757809765,0.000659897662797313,0.0109612780640521
" 4891",49,1.1255333200286,0.559185398478615,0.000491159337601291,0.010173381095679
" 7303",25,1.10938667850501,0.559571477830543,0.00267241687827517,0.0123924110254458
" 7787",59,1.19648370518933,0.442608498901636,0.000519296103674933,0.0108860879138861
" 7741",51,0.973653088767477,0.314200475802651,0.000204444045885965,0.0099848408213718
" 6749",54,1.27691628766124,0.439881796856651,0.00441623820487432,0.0119704833103423
" 8707",36,1.16186465644682,0.415787943984433,0.00354136577672489,0.0122404226096983
" 9255",33,1.03131987701482,0.202010914461591,0.000345210147500003,0.0104399176570125
" 7249",31,1.23909268654845,0.4262044073187,0.00067182699344257,0.0112645584348239
"13042",23,1.1666978633319,0.245739435430134,0.000836040400117977,0.0111650171306976
" 7117",41,1.06371549811195,0.196518014973593,0.000397370117355819,0.0106041825542962
" 8748",39,1.0296683143189,0.21717111407007,0.000185274845607723,0.010599269962665
" 7789",68,1.19824181414955,0.425877290609871,0.00017532002486237,0.0104529186959352
" 7250",42,1.12428069196902,0.395739193533602,0.000114357031702813,0.0108280548924546
" 9505",41,1.15735525267112,0.161348321843892,0.000102592243549214,0.00946347066017644
"12986",22,1.15827047088812,0.26961755081017,0.00234522413361179,0.0113282746912096
" 3835",51,1.30084838551857,0.650005411623082,0.00086014587514598,0.0117703209616517
" 6853",69,1.15065877920812,0.431114022531757,0.000990874884768836,0.011278588409533
" 6706",45,1.22258498917511,0.632033069932609,2.05678114573405e-06,0.0108269031676568
" 9104",46,1.0805078341033,0.426594391743503,0.000258084898166709,0.0103703698185509
" 8472",70,1.1888709935499,0.340895304347631,0.000438094384041353,0.0104704404265265
" 8613",18,0.422335171106285,0.139422847052266,0.000310080325530866,0.0110109577196397
" 7180",25,1.19329471439035,0.397453763687931,1.46442817576264e-05,0.0100817270556085
" 7107",26,1.18509981064552,0.382675559313293,0.000304239067076981,0.0102312175806686
" 7795",45,1.02501394324421,0.366355697546952,0.00158182924356114,0.0109738049557568
" 8068",42,1.12473234183442,0.270964472111366,0.00208170933322035,0.0110458280889039
" 6884",38,1.02774394294468,0.364721209309496,0.00282412505558451,0.0120604017801749
" 6705",43,1.21234920608681,0.632045587491077,0.000295929671248215,0.0110085776776213
" 7106",25,1.07050463811545,0.348315233749299,0.000112793878032055,0.00996015202443082
" 7112",20,1.09426886855523,0.358015330876406,0,0.010063622997407
" 9525",63,1.14768991791387,0.36370332625828,0.00314761559418556,0.0113970676118346
" 8600",17,1.25107683341515,0.3639086885972,0.00641008184754891,0.012604336517364
" 8067",52,0.978393195986251,0.185949470819015,0.00065644227047248,0.0100970539546782
" 7176",22,0.896720562545672,0.306386388760986,6.5899267909319e-05,0.00991524161984435
" 6936",29,1.06948731611561,0.330162841471216,0.000233814880647047,0.0101937864612125
" 8650",52,1.09715000584822,0.240796117593388,0.000642949786156464,0.0104409511559551
" 6993",72,1.18959071493097,0.355273955374441,0.00108787268360165,0.0106486077396878
" 8659",48,1.04964440059929,0.219377577544953,0.00159252450551896,0.0106051171152113
" 9587",41,0.899417418828335,0.456483940756187,0.00149240039934463,0.0117465781234607
" 7774",59,1.05679691352587,0.260714407309799,0.00106483673476943,0.0105851170121358
" 9504",43,1.07795806712112,0.236322170299349,0.00140264247014479,0.0106391492600388
" 9370",51,1.26276795968665,0.584651824709425,0.00117664335785154,0.011026219441875
" 9406",47,0.841833806319993,0.298557293856095,0.00246575150875181,0.0118384674220364
" 4982",34,1.09815772671164,0.575041943652686,1.5220180478432e-05,0.010051679723437
" 9379",62,1.03823730807403,0.104293626064242,6.33488592886088e-06,0.00797907930489946
" 6430",48,1.10510958316534,0.447276212049271,0.00152563798265969,0.010517604366203
" 5931",39,1.055324721536,0.474058391676833,0.00175328251986953,0.0120791818363983
" 4779",43,1.10625938489593,0.578458017798319,0.000171124191325073,0.0104420979517961
" 7778",59,1.17015739588035,0.458180216899386,0.000286057121748692,0.0105961847170804
" 2772",60,1.20472753801971,0.464634815490288,0.000285974850502862,0.0107759033364407
"11465",48,1.22397553477199,0.427078221804577,0.00100774049016386,0.0114953715982328
" 7230",39,1.02089901988302,0.333821401722594,0.000652081894443523,0.0111288707647448
" 7328",55,0.883946958113882,0.182758144395075,0.000471414238602244,0.0102402611968806
" 7730",47,1.22063784576495,0.418876472891526,0.00471406011477662,0.0122853025094335
" 9129",57,1.09839311498566,0.438352384097021,0.000730321849227247,0.0108879959699854
" 9157",49,1.05206364924625,0.13573460079066,0.00112316704806245,0.00898407562557046
" 9381",51,1.03517655940993,0.114518272109275,0.000147265530034558,0.00849590271445192
" 9564",45,1.08628649320624,0.14759663515474,2.49281874862967e-05,0.00863461834202168
" 7782",70,1.19450917083,0.437126909043215,9.22260665747148e-05,0.0104134126461988
"11460",40,1.08095039250483,0.376800801136115,0.000679395948058872,0.0112866252416658
" 9396",45,1.03881190876443,0.125071468984003,5.0679087430887e-05,0.00893421075494724
"  559",37,1.05197075141894,0.427779237037715,0.000430443158179222,0.0103705240848044
" 2761",71,1.18625303549984,0.459723688163175,0.000204773130869282,0.0107050048264144
" 8692",71,1.11803378585978,0.395392287360385,0.000896180680819241,0.0107855694070337
"12331",32,1.23389494492297,0.303785383105471,0.00477559900665698,0.0121193255868648
" 9261",62,1.17964892754215,0.409668378266346,0.0004965069685802,0.0102972784181777
" 9296",29,0.92399539574881,0.266100671805889,0.00296316346103613,0.0118090074212081
" 9408",55,1.17858226822205,0.555732086297939,3.00290047277171e-05,0.010185223477143
" 7813",56,0.984848653265106,0.182464077286598,0.000743320706068286,0.0102352108095876
" 8994",58,1.08742382242518,0.495929478582817,0.000171371005062561,0.0105479629290057
" 9397",43,1.03822571709134,0.126478641802904,5.26535973307917e-06,0.00888773850914847
" 6724",60,1.20896346269783,0.486964508999262,0.000133114875751908,0.0102227953383466
" 8747",42,1.06289657868963,0.225577411045669,0.00127857743143412,0.0109484107281119
" 9263",58,1.15091189349853,0.408331454979446,2.13905239156341e-06,0.00975538294822181
" 9399",38,1.04725484607286,0.136815925174948,8.2271245829362e-08,0.00888451916385531
" 1271",42,1.06969404675809,0.428809033157068,0,0.00863946621487119
"  571",45,1.07189643617833,0.436296747578564,0.000213658425418853,0.0105026488149199
" 8553",34,1.12114352021209,0.367049200458368,0.000580917266801125,0.0107673854632139
" 7247",65,1.19082748479674,0.451169365773644,0.00047462281718959,0.0108755678365355
" 9268",41,1.01527865683823,0.355254025892117,0.000838755351230346,0.010416082800849
"10229",32,1.09197698987955,0.225014056446072,0.00115624008888585,0.0107263411461557
"16454",32,0.924703028277913,0.136900741437535,0.00240758573795045,0.010269939508023
" 7725",29,0.701950173045886,0.205861955337857,0.000533611300449242,0.0105764105320586
" 1250",47,1.08085471645219,0.425842468739376,2.05678114573405e-05,0.0086351421628884
" 4859",51,1.22465816497562,0.654007996761139,0.000586264897780034,0.0113510119881531
" 7452",63,1.14576359090616,0.461192315113985,0.000692641618637399,0.0114929289299303
" 7948",32,1.03602573413841,0.330261775021331,0.000217278360235345,0.0103608201533492
" 7379",39,0.973621807704162,0.317799884760512,0.000392269300114398,0.0106942101805013
" 9276",60,1.31378399777674,0.656045754387497,0.00179384224406341,0.0118707480664507
" 4697",44,1.0271940216836,0.26202816829187,0.00044878964599917,0.0105030260039127
" 9507",42,1.02198887678579,0.120630286052889,0.000174168227420759,0.00877475611840118
"10871",35,1.06256412402215,0.159706965333564,1.53024517242613e-05,0.00941680878198309
" 4949",51,1.46046194024172,0.752572322749747,0.00235073630708236,0.0119333822331862
" 7066",44,1.07712204156449,0.385268780082679,0.000148664141213657,0.0103495026424441
" 6920",54,1.10274074350416,0.323387406022705,5.75076008347241e-05,0.00933895184993249
" 7017",53,1.12336996386539,0.321974773626866,1.64542491658724e-07,0.00879719375246798
" 6944",52,1.22812179111649,0.426942896447,0.000568412037435062,0.0108981443494677
" 7078",62,0.988889091909865,0.312590718932954,0.000163061609233796,0.00976887927561568
" 6873",64,1.19050352273593,0.410352518743803,0.00105677415267816,0.0112291106236905
" 7396",53,1.1755328305688,0.435070332310069,0.000294366517577457,0.0111799965731466
" 7185",57,1.02934833711152,0.406839288675627,0.0005262068883246,0.0106200046042556
" 7410",16,0.332208954823851,0.0899118827446575,0.000121761443827456,0.00992383624828747
" 7626",28,1.14920075336761,0.406637478381411,0.000357715376866066,0.0107380133395107
" 8631",49,1.16585833803387,0.427453797468286,0.000139532032926598,0.0101165308474382
" 7239",54,1.16443004289818,0.406443814583575,0.000962409033711877,0.0113126858520893
" 7070",45,0.868992358331042,0.297327225615073,0.00114101990840742,0.0114830107672658
" 8580",43,1.13902696103357,0.505346467395455,0.000311561207955794,0.0110186697399444
"10876",24,0.989184876003951,0.12629966203551,0.000479805905676839,0.00931885579922184
" 3954",61,1.23189185683702,0.637636346125509,0.000167092900279434,0.0105415069459415
" 7105",32,1.55096867395899,0.408768879779531,0.00779503599984039,0.0121726314502689
" 7014",52,1.12445324125394,0.322206355440809,0,0.00882030637275352
" 6940",32,0.804982055540869,0.241822616650029,0.000358126733095213,0.010715967628616
" 7402",44,0.971355159843963,0.38191819175041,0.000707697256624172,0.0113953770018557
" 7634",37,1.16629240214943,0.409859330172132,0.000613661222641211,0.0107180497524659
" 8630",49,1.14883014563889,0.419078507488622,4.33569465520738e-05,0.0100829951217263
" 6418",38,1.03526791501821,0.606037109487647,0.00147175031664146,0.0120336253941879
" 3863",43,1.0810740974701,0.444531504669487,0,0.00889519068434942
" 8121",33,1.06026786691695,0.285762863808322,0.00114653208187799,0.00954509130817344
" 2823",43,1.0783603096178,0.461736872749854,5.10081724142045e-06,0.0100545522415792
" 7010",51,1.12284772705674,0.320561967628825,0,0.00882431705614821
" 6715",37,1.19565068355508,0.482657798897633,5.30649535599385e-05,0.011169790094775
" 7037",64,1.12308345270069,0.236259578765652,6.71333365967594e-05,0.00948112145367904
" 6958",40,1.07405041866169,0.257526494129282,0.000358949445553507,0.0103789968894326
" 7110",29,1.22631681098026,0.419334775835481,0.00093369636891743,0.0109203869767746
" 7122",27,0.864387537247857,0.293537313929825,0.00038560532920222,0.0108728169571363
" 7215",34,0.956690031695572,0.306746726654392,0.00028367125561964,0.0107294992531123
" 8706",53,1.17987260929598,0.417003728372387,0.000332869460625599,0.0109092544453422
" 7819",51,1.02048448246991,0.365779001453228,0.000143645595218066,0.0100815881604028
" 7385",48,1.20350500448009,0.362580624462331,0.0011339445812661,0.0111220302684782
" 2925",37,0.851415704263898,0.401447478013683,0.000631020455511207,0.0109602894196977
" 1608",42,1.07208959811354,0.436640929326175,0,0.00888749956585419
" 9375",67,1.38957917403333,0.548189298463012,0.00835324640279262,0.0124786737137958
" 7256",73,1.19112242575827,0.369371795410704,0.000159688488154792,0.010379852084765
" 7668",85,0.955315921600168,0.242676565944441,0.000122172800056603,0.00984989860119261
" 2813",43,1.07154591556721,0.459730392736795,2.08146251948286e-05,0.0101117298985638
" 6989",44,0.926380244474812,0.268546036421064,0.00091172994628099,0.0104277661660669
" 6714",39,1.19281625654328,0.485166941381787,0.000193584241436489,0.0111461189138399
" 7036",38,1.03500606819628,0.214187909349054,0.000662201257680535,0.0104662972256189
" 8689",42,1.12012318327775,0.393305187925363,0.000613085323920406,0.0112330819780618
" 1610",35,1.07637177255374,0.445576281440405,0.000107528518298976,0.00922672474704605
" 4708",40,1.08724867292537,0.494456228591536,0.00074792789583473,0.0117117510992766
" 7395",58,1.15918500651197,0.364006457405587,0.0006511769107394,0.0106104745108359
" 7083",77,1.09297932186552,0.219943021458136,2.07323539489992e-05,0.00919724918558946
" 2835",39,1.05316329128218,0.463079489043114,2.46813737488086e-07,0.0100450713768972
" 8525",50,1.27184287734136,0.373333848693865,0.00336966568667901,0.0117570664626221
" 8328",25,0.554049628781034,0.193131586041712,0.000173592328699954,0.0102823245615788
" 7952",49,1.10451052103931,0.33581919281463,0.00240018132582581,0.0116041916802637
" 7121",54,1.29266682098274,0.618049679019483,0.00193164658082759,0.0119656585373739
" 6720",36,1.10406637206545,0.443826348398135,0.000483014484264185,0.011274666098758
" 7222",48,1.05228093605026,0.276205105135369,0.000938632643667191,0.0103300213389158
" 7109",11,0.740283577926587,0.235390370247841,0.00424445584358262,0.0120743102492738
" 8951",53,1.06507881951641,0.305283070121572,0.00278085038027827,0.0117322180237716
"  155",45,1.28119972348143,0.562156016234963,0.00135245701018888,0.0114431250597001
" 1599",22,0.538445833291062,0.165054032853788,0.0009053127891063,0.0115565817738775
"  272",42,1.07152518295455,0.443983674485082,1.64542491658724e-06,0.00906846475217534
" 6692",66,1.0695258698656,0.305671724740684,0.001028884200342,0.0108851828621741
" 7389",52,1.09791244179252,0.348432662338541,0.000241795191492495,0.010272613658743
" 7084",70,1.07186274051773,0.222671745903486,7.22341538381799e-05,0.00913634625303834
" 7951",56,1.21678549446112,0.383271112123353,0.00312013699807856,0.0117586048294133
" 8739",32,1.00083822950856,0.0837727580371583,0.000368081553840566,0.00882419880041909
" 8492",65,1.22529889481254,0.506217848294194,0.00116915667448106,0.0108529663156459
" 7422",55,1.15215562468349,0.409446251830258,0.000119211035206746,0.00828089349592721
" 9693",41,0.995324436906463,0.0943376052941211,4.60718976644427e-06,0.00809975326829124
" 6704",50,1.13127900877605,0.400308578001879,0.000335995767967115,0.0108902146670053
" 9471",75,1.36316705833867,0.559356090858512,0.00384807298117675,0.011910191416124
" 8649",56,1.1612473293458,0.534925601709901,7.07532714132513e-05,0.0100209328687393
" 9029",46,1.03479197407663,0.086852952817668,3.37312107900384e-06,0.00838112833153913
" 7742",55,1.12403745451657,0.354047317659567,0.000464421182706749,0.0104631195366119
" 9451",56,1.04265479207011,0.111364279550631,1.25875006118924e-05,0.0080124680899966
" 7743",62,1.06673748745088,0.340543371509623,0.000860639502620956,0.0106838819540249
" 8637",34,1.07524648564508,0.305171199933299,0.000136487996830912,0.00943568791800515
" 7768",38,1.08246997783524,0.296336063949093,0.000390870688935299,0.0103902439836627
" 9201",43,1.13256210150037,0.480987085511885,0.000303909982093663,0.0107597107498121
" 9433",49,1.05096119425029,0.430676664649456,0.00192547623739039,0.0115576809583924
"15274",31,0.950195412443625,0.285985596862592,0.000375568237211038,0.0106171658083803
" 6504",41,1.14304486165797,0.517638317516317,0.00156973537042423,0.0111272488501612
" 9037",40,1.01468629231078,0.0815184321639654,0,0.00814153474982915
" 8638",33,1.07126309001558,0.30337411761814,6.68865228592713e-05,0.00934031880476634
" 9230",46,1.04987195372017,0.12622794015785,5.42990222473789e-06,0.00848796832933764
"13316",17,1.03680080042759,0.284666799026662,6.75446928259062e-05,0.0114306546636724
" 7801",45,1.18557022521502,0.330956045447514,0.000137063895551717,0.0110550346130864
" 7723",56,1.2060846686676,0.402592839162138,0.000366682942661467,0.0103014209139667
" 6849",54,1.11587864659869,0.396150249140757,0.00252580951820724,0.0121649751243006
" 6938",49,0.890164645520305,0.285106235905528,0.000889681252398721,0.0114905661495061
"15207",48,1.26890019994624,0.39431367676246,0.000469851084931487,0.0107141808369027
" 3921",32,0.601289518539298,0.197597501185607,0.00115722734383581,0.0112085733481489
" 7800",43,1.14903048510474,0.307390778726483,0.00030827035812262,0.0111170350458912
" 7828",49,0.909267125548403,0.274532732678678,0.00151609451814348,0.0113335128279973
"15205",54,1.3174164513322,0.400651257213468,0.000461130332873574,0.0106883061944652
" 9508",37,0.671592799806468,0.113232549376489,0.00701576275934468,0.0112733378073318
" 8750",49,1.16632657926005,0.251934329099867,0.00107874057531459,0.0107156031220364
" 7647",79,1.19085854651291,0.405654128361097,0.000806834107848553,0.0106563941525614
" 6796",47,1.02040115057209,0.369248905677559,0.000253313165908606,0.0102889202380941
" 9281",45,1.01476228539186,0.0891534921368505,1.16825169077694e-05,0.00912763340602489
" 8174",55,0.986076797803836,0.250869432180951,0.00338570857961574,0.0116471404982988
" 7839",52,1.26400854540092,0.392934956398445,0.00441039694642044,0.0118442400619485
" 6780",42,0.983757277877422,0.349482362274088,0.00102205568693816,0.0107280112188035
" 6857",48,1.18786716951307,0.399919545992988,0.000719708858515259,0.0113097850902497
" 9221",41,1.13721706545495,0.452312747483774,0.00193214020830257,0.0119413024838404
" 7087",44,1.07272350878994,0.332152588435814,0.00159630898282711,0.0116670975116927
" 8957",33,1.0754128134227,0.168152614251519,0.000152366347275978,0.00916683557564209
"17542",64,1.73391967700045,0.988374202577926,0.000701773726924458,0.0119030855235349
" 7990",84,1.06708685709768,0.245866368009188,0.000239738410346761,0.00925194827568507
" 8956",30,1.05178908482621,0.156423866816865,7.30568662964735e-05,0.00913031205517113
" 5062",37,1.14747704484439,0.7024953246827,0.00151272139706448,0.0117648536634094
" 4714",39,1.31333978607324,0.702282111539311,0.00210252395841518,0.012243495763684
" 4710",28,1.17957287828734,0.533370412200791,0.000705311390495121,0.011692762058095
" 4509",42,1.06965872138266,0.274461156181087,0.00169157908549751,0.0108440887123429
" 7381",39,1.18188246504833,0.55930393914579,0.0014253493339937,0.0122946924199811
" 6852",44,0.948101309955385,0.321864849777449,0.000977711485436138,0.0114092084948673
" 9064",63,1.15571920931396,0.333091695937385,0.00217492265474501,0.011052156904296
"12730",48,1.31522771790923,0.516731624769383,0.00443960323868986,0.0125390596869867
"12056",34,0.742832576643681,0.20855081573894,0.00108367685006436,0.0109700643679149
" 9265",49,1.08485778648962,0.377521247828959,6.4089300501073e-05,0.00985835300777282
" 7722",47,1.37160105337593,0.50656608560023,0.0028616407436827,0.0119671036689101
" 8954",29,1.0188055677843,0.139287955780269,0.000112793878032055,0.00908487234625582
" 9119",41,1.00265321054211,0.196457963851525,0.000978616469140261,0.0102988446803699
" 6919",43,1.08850302767239,0.351724365742712,0.000741017111185064,0.00985580420975755
" 4699",23,0.923757682101015,0.43754203104477,0.000150391837376074,0.0115987304452885
" 8672",67,1.07072387363397,0.266306220690235,0.000140848372859868,0.010008000904382
"  315",41,1.15337095433969,0.498830075475002,3.95724692439231e-05,0.0101236526983793
" 4973",46,1.07322531112615,0.5360826959935,3.3402125806721e-05,0.00928457593974436
" 9236",38,0.941970750367278,0.184327251286588,0.00217697943589075,0.0117934405559979
" 8713",50,0.888788488129349,0.295499935396946,0.00182683301364098,0.0111859514599709
" 8673",55,1.0973396179192,0.264755215617783,2.05678114573405e-05,0.0101183025148272
" 7071",45,1.16431751797596,0.325397577492699,0.00404988434719618,0.0113311117054758
" 7658",48,1.06447184667999,0.365896918630187,0.0028809744864526,0.0120503534794197
" 9480",13,0.98145641558308,0.131812472832315,0,0.0107622544480793
" 6321",59,1.46499607440188,0.793726352515489,0.00814814418694002,0.0126815225747645
" 6376",59,1.28286325726442,0.644741276838347,0.000689597582541713,0.0116193814426049
" 1478",44,1.06140701651438,0.402241587691201,0.000740523483710088,0.00943891795683502
"  313",47,1.15317869500776,0.485636933623238,5.61912609014543e-05,0.0100972143286401
" 6892",39,0.816998914630912,0.181478030597652,0.000955745062799699,0.0107866869215113
" 8677",60,1.05454393178076,0.258720110323521,6.83674052841999e-05,0.00987969458403949
" 8711",33,0.603896587838529,0.239298888329167,0.000827072834322577,0.0113248752497015
" 2767",60,1.26010026810851,0.581637051339922,0.000912717201230942,0.0112420631411825
"  310",48,1.15404417631325,0.505555135330011,1.39038405451622e-05,0.0101062153729715
" 8675",47,0.947100107745448,0.247767144703262,6.5899267909319e-05,0.00952827558106071
" 2876",57,1.25616094357225,0.61306227953253,0.00127281844422606,0.0114036320124826
" 7759",42,0.963498842693304,0.333362217701675,0.000426000510904437,0.0107588425660366
" 9027",72,1.3572790075239,0.545171616508218,0.00220511620196439,0.0119425114316655
" 8960",52,1.23434908611355,0.490406237319522,0.00147685113388288,0.0117047390538727
" 9365",51,1.07054280991003,0.135724155049731,1.7276961624166e-05,0.00834184955243547
" 6956",51,1.09155719316669,0.321847566931778,0.00326328896582164,0.0109606885163603
"10094",18,0.8562792023241,0.122047313736783,0.000232992168188753,0.00939431684533175
" 8268",55,1.17852634788334,0.418778405839893,0.000316662025197214,0.00970912779517496
" 4735",49,1.42644935180307,0.527051575280269,0.00315312776765613,0.0117340250077503
" 9491",48,1.19700001148158,0.474159705341195,0.00128836770968781,0.0110818420501449
"10097",17,0.781528675505549,0.102265622885459,0.000107446247053147,0.0093412170953399
" 4664",26,1.1030830699201,0.50992963854725,0.00330261462132808,0.0124294296280411
" 8302",45,1.09150446071979,0.407495695208257,0.00131510586458235,0.0103146233224863
" 8016",45,1.11360970328552,0.488321031750111,0.000364214805286586,0.0108165444956338
"10450",30,1.0495820235451,0.141228974536878,0.000977876027927797,0.00966489050220364
"  493",51,0.969310037582385,0.363217492797651,0.000694780671028962,0.0109334682953849
" 8516",40,1.1493954672641,0.441237568998841,0.00174020139178267,0.0111427204107692
" 7434",41,1.08774937277431,0.37558464059002,0.000570551089826626,0.00862349145387638
" 9038",33,0.989436356458121,0.0791828653373263,1.06952619578171e-06,0.00803836870125799
" 3003",41,1.12495596429855,0.485098981719315,0.000999102009351773,0.0109782770774153
" 8598",44,1.05271622881567,0.384530360339806,0.000274785961070069,0.0108683084300249
" 5557",36,0.763119376538813,0.297955159943081,0.00172382941386262,0.0115600517666361
" 9179",42,1.0852876460377,0.40655370248735,0.000655948642997503,0.0108063770046582
" 8633",44,0.95780092192972,0.339991803051404,0.000680300931762995,0.0111181614450268
"  749",31,1.10506714622952,0.446112409585859,0.000122913241269067,0.00973503729572728
" 7718",40,1.00417183980964,0.263991022627113,0.0027372466199887,0.0108256781564944
" 8762",52,1.14801314575562,0.406125331550741,0.00058412584538847,0.0108216529683644
" 9360",61,1.31518074018604,0.6437600084295,0.000997209770697697,0.0116819822428109
" 5562",48,1.22763353762698,0.496710929217598,0.00190976242943698,0.011350488960261
" 2967",42,1.13411038546075,0.517394898628703,0.000392187028868569,0.0105912440561588
" 6863",58,1.15841513282248,0.469805758525078,0.00289166974841042,0.0124597018458602
" 7049",57,1.15892913228897,0.302675380917072,0.00015598628209247,0.0102837586955675
" 8783",64,1.13914015983353,0.328975124209987,0.00115006974544865,0.0106761268205236
"  754",34,1.07439569431734,0.426154673426681,8.14485333710684e-05,0.0100167288782752
" 6959",54,1.15249448667947,0.266355933447836,0.000257262185708415,0.00999108376400678
" 7796",19,0.255834935930494,0.0639720964475281,7.99676509461399e-05,0.00985478650608906
" 8022",25,1.14423985742944,0.387904155179447,7.8404497275382e-05,0.0105447462055217
" 8705",26,1.16206064714225,0.400336044221862,0.00120297015651693,0.0110819908576332
" 8662",28,0.992046475834945,0.180060544008177,0.000768824792275388,0.0114907625725074
" 8027",53,1.09524837750562,0.372585633704607,0.00067956049055053,0.0113005168889627
" 9490",37,1.17906823313042,0.533887721617909,0.00214201415641327,0.0119127316897578
" 5520",53,1.13830981641933,0.464289769595115,0.000340520686487729,0.0111749749260577
" 4850",53,1.26952065631252,0.675123012883708,0.000499221919692569,0.0113225156102322
" 6902",40,1.06508671013289,0.278502713535091,0.000346608758679102,0.0108584610650933
" 8018",28,1.11311910757443,0.379924526455205,0.000154999027142518,0.010423318815118
" 9175",34,1.02368655803228,0.141566567742311,0.00123209417754053,0.00998851719288177
" 5413",42,0.967264662684076,0.418545141330439,0.00132604794027766,0.0119597895144893
" 7000",63,1.23269282127002,0.406020417520279,0.00279771598567329,0.0115628699118103
" 6695",50,1.26180955225757,0.624427594409772,0.000349076896053983,0.0107996718412774
" 8014",22,1.07155814730881,0.32948984282098,0.000102921328532532,0.0105295694784759
" 7654",29,1.09960433697578,0.337829238868089,0.000400660967188993,0.0105108320778761
" 8518",50,1.15075814245852,0.450931489299598,0.00204485181508879,0.0117733067022003
" 8622",24,0.421689559223256,0.158142544146124,8.74543343166118e-05,0.0101137330378768
" 8035",34,1.09785991296195,0.345415233771364,0.0050519481213978,0.0123901439167664
" 9010",53,0.988812123166056,0.225696777516737,0.000161004828088061,0.0100626530813573
" 9178",35,0.936561895739846,0.139432955109407,6.7956049055053e-05,0.00983111273600992
"16282",35,1.1019651861574,0.277828773999044,0.000111148453115468,0.0100344104731069
" 5559",33,0.968176959594208,0.339494101009,0.00343844444819236,0.0117140598787066
" 9158",23,0.589873466826173,0.116441663213095,0.00413816139397108,0.0125321772207439
" 9142",52,1.08590940033359,0.272199882883718,0.0034057827635981,0.0120019351284225
" 8548",14,0.379493596760499,0.104222582278781,0.000185439388099382,0.0110788210608293
" 8034",44,1.18602737477436,0.41266125416007,0.00166747361046951,0.0120775260167777
"16280",37,1.094874099938,0.273890151713814,0.00016380205044626,0.0101084166027787
" 5362",38,0.941388868334418,0.409626163389372,0.00115344286652766,0.011719386008845
" 1025",37,1.1189452806326,0.46515474530406,2.05678114573405e-06,0.00965770143415325
" 9143",41,1.04114869673665,0.268050154586041,0.000460965790381915,0.0107558540311436
" 6833",50,1.27046652714183,0.515044937693107,0.00107816467659379,0.0116538391382687
" 8647",45,1.09344442686035,0.21058509416208,0.000227726808455674,0.0105766684773248
" 9546",13,0.996212115431862,0.116850526137277,8.17776183543859e-05,0.0106009266265166
"16284",34,1.0524078425091,0.266333784758313,9.5681458899548e-05,0.0100816963333469
" 4927",47,1.1364088062723,0.545831025114228,0,0.00930014135754045
" 3527",59,1.15808147687398,0.536815767674312,0.000330977221971523,0.0105664915529687
" 6754",64,1.10792631722287,0.427458751509102,0.00113797587231174,0.0116094060948211
" 7172",45,0.892984087879777,0.215699580108719,0.000927772839217716,0.0107483042135253
" 9145",42,1.02933095474515,0.264628298456853,0.000248623704896332,0.0106365116320749
" 8646",41,1.05506961628175,0.200317958995142,0.000282601729423859,0.0105510388400497
" 9554",8,1.01383079184717,0.115795385700432,0.000519049289937445,0.0107268018106268
" 5379",55,1.39814551387905,0.577737508416786,0.00243522887654912,0.0118176040707961
" 9378",23,0.92418874520216,0.212653060385891,0.000587581237713304,0.0120089780696699
" 8623",52,1.31043129477208,0.561085089474145,0.00121646264083295,0.0114593593541532
" 9250",18,1.05336977285981,0.134010428782209,0.000106952619578171,0.0108481484589899
" 7945",57,1.21283000715179,0.351923515061299,0.00221482420897226,0.0116102168265807
" 8681",54,1.13432508584259,0.393811649839448,0.000794493420974149,0.0109753053036686
" 8628",44,1.04459543511514,0.30464502916033,0.00171099509951324,0.010708664504388
"10245",14,1.1179153918607,0.188333634892421,0.00239573867855102,0.0115276861543446
" 7165",51,1.0427396971206,0.256327028024328,0.00323293087611061,0.0114622000629387
" 7128",35,0.649056858168299,0.150159372713218,0.000209791676864873,0.0105098338542066
" 7162",71,1.10303926634614,0.266799595283809,0,0.00844521569179306
" 8629",46,1.20231812550576,0.512984504591144,0.000979768266581872,0.0114279421818003
" 7170",44,0.688176963644738,0.179093534021821,0.00129124720329184,0.0112434593847792
" 7126",45,0.724592820608601,0.175257252770169,0.000288360716631914,0.0105170742074003
" 5301",47,0.99106604857307,0.429663125120283,0.00133921133961036,0.0115239333779149
" 6414",45,1.27221928517952,0.741044138506287,0.00213263523438872,0.0121074803462611
" 7174",71,1.09891458395172,0.264132607000637,0,0.00844273603387245
" 7020",44,1.07453086272795,0.324348271262566,0.000473964647222955,0.00977762392244042
" 8987",46,1.13825189881877,0.268509770648376,0.00067709235317565,0.0110016970468557
" 7278",54,1.02652286339849,0.326407236878334,6.52410979426841e-05,0.00960989003652317
" 9407",56,1.15996300779192,0.553374245282639,2.69849686320307e-05,0.010128759591716
" 5864",87,1.0930682345105,0.255508404762029,2.71495111236895e-06,0.0086351089537446
" 7161",71,1.10569426878732,0.267528181100464,0,0.00846589892758416
" 6699",37,1.15494948456573,0.422104272243873,0.000654714574310063,0.0110206763380456
" 8001",85,1.11348941772547,0.265109494772075,9.87254949952344e-07,0.00880815077136621
" 5455",50,1.06399346623052,0.390074304963758,0.00248278165663849,0.0116170372102654
" 8349",53,1.10252296000177,0.354125791929847,3.20857858734512e-06,0.00828457885377358
" 7419",47,1.0716366907027,0.394316329941637,8.21067033377033e-05,0.00865619925152225
" 5849",87,1.09327379672045,0.251202923102655,2.22132363739278e-06,0.00875637158706179
" 7158",72,1.0970044711667,0.265276297159531,0,0.00847455351757257
" 6697",45,1.13333764681453,0.390529048938672,0.000342166111404317,0.0107095109940981
" 7999",84,1.11280688059478,0.264892982880567,5.61089896556249e-05,0.00893060973383607
" 8974",38,1.13459867689728,0.429956583904998,0.00032233874115944,0.010908760924576
" 8398",62,1.12138631419388,0.367987716048943,0.00023727027297188,0.00879128154109662
" 8584",67,1.09043249034894,0.300149367137413,0.00023858661290515,0.00932487351606329
" 5852",88,1.0966060659327,0.254447302497061,1.7276961624166e-06,0.00852451128603074
" 4217",46,1.19193596268413,0.592257339940188,0.000833243177759779,0.0108460022620874
" 7130",59,1.0562497506201,0.233291700848008,0.000138544777976646,0.00958425761578993
" 7167",53,1.01613743286441,0.227095031151489,0.00120938731369162,0.010894977103318
" 7998",75,0.923312263362818,0.233183762213492,0.000439081638991305,0.00983580961468329
"  518",21,0.885749372363681,0.335038220878397,0.00244575959601527,0.0119401917634891
"17491",11,0.945307885566446,0.338723866534497,0.00123596092609451,0.0115248876768349
" 5839",86,1.08047716471663,0.251805747338182,2.0896896440658e-05,0.00856380792339502
" 7987",68,1.00804885163551,0.253351114031429,0.000784456328982967,0.0101034348587837
"11463",45,1.23998487506258,0.351542494827218,0.00193041251214015,0.0114567408087111
" 8661",50,1.12199647920971,0.455575723309114,0.000400660967188993,0.0108059054156682
" 9363",76,1.25425839486715,0.467101658512243,0.00233979423138706,0.0114183146049696
" 9278",49,1.02662384811101,0.0938365705584137,2.01564552281937e-05,0.00921044081472516
" 9487",56,1.03673548513909,0.102434449654667,6.56524541718309e-05,0.00825796267673631
" 8737",33,1.08553125634659,0.225202043853373,0.00436646410114756,0.0119027676787591
" 9756",56,1.01680594746532,0.0934645495576927,0.000133855316964372,0.00877958493985827
" 6672",83,1.03990667450419,0.225967431393893,3.84206718023121e-05,0.00911866541793632
"11455",47,1.08933651586877,0.349414890315826,0.00106212178365706,0.0112442405000315
" 8557",30,1.13568477527118,0.391426740321789,0.000397781473584965,0.0109425183276084
" 8986",54,1.30603423141392,0.547975924045955,0.00157096943911167,0.0116322148759921
" 7259",45,1.07498983985313,0.432860316868686,0.00151839811302671,0.0113922447834711
" 7733",63,1.12553796490522,0.384946125591622,5.44635647390377e-05,0.0100697799278441
" 8024",39,1.05466245576583,0.385629294411652,0.000957637301453774,0.0112051627818656
" 8969",52,1.07814193451483,0.369720656398054,0.00057005746235165,0.0107017840213122
" 9229",34,1.05584132937602,0.141481439793278,2.46813737488086e-07,0.00849086431942079
" 1012",8,0.25974853135988,0.0679276489197795,0.000309833511793377,0.0109308471219379
" 6951",60,0.964882976067106,0.229712881659207,4.2945590322927e-05,0.0094436063493983
" 7189",63,1.17273776736248,0.362371604483099,0.0003404384152419,0.0106997124529267
" 9204",49,1.26173205669454,0.465059425609822,0.00109873248805113,0.0116484004173736
" 8546",31,1.1473805243192,0.394491245236249,0.000121925986319115,0.0107921862629204
" 7739",62,1.10347599584138,0.367162004491931,0.000287291190436132,0.0103024964510084
" 9228",33,1.05362163445981,0.140938931671253,0,0.00847618197162787
" 8303",52,0.985430868188868,0.448217169883272,0.000225834569801599,0.0105453427076251
"12329",51,1.08462309873075,0.40270094482742,0.000578284586934586,0.0111130304033346
" 7953",19,0.249688535414476,0.0834768834906606,1.15179744161107e-06,0.0090331489703698
" 7808",59,1.29682007088524,0.493069817734999,0.00219886358728136,0.0119171972022449
" 7269",59,1.14673102633993,0.386718348619271,0.000793341623532538,0.0116914905887562
" 9014",37,1.32472194707004,0.551882302003353,0.00221317878405567,0.011706522449946
" 9227",26,1.04538902572269,0.125771057299314,0.000218676971414444,0.00897021668673582
" 6922",53,1.13744818224282,0.351385940607011,3.03580897110346e-05,0.00934121017345439
" 7005",68,0.900898328483797,0.301236060652529,0.000271412839991065,0.00965209542046224
" 9293",44,0.844164556212473,0.267516851923457,0.000856196855346171,0.0106110872032626
" 9342",58,1.0975338323812,0.392812212708525,0.00063579218776931,0.0112815276287791
" 7812",56,1.10647047585576,0.409295024596064,0.0019100915144203,0.0118697006136837
" 9122",43,1.14280850073582,0.225776947434508,0.000183464878199477,0.0100011062319633
" 6918",54,1.07865343821766,0.337963571158,0.00121358314722892,0.0101339696599558
" 8746",56,1.24636624300491,0.624984281245383,0.00224674545235405,0.0123018236652339
" 9127",58,1.18001371974024,0.531439308974349,0.000487786216522287,0.0115616461773207
" 6942",52,1.19040060717119,0.431919889188321,0.000363227550336633,0.0108826241085482
" 7064",66,1.2714606009405,0.410755965780513,5.66026171306011e-05,0.0102510377220586
" 7237",52,1.22553583855384,0.418378467532197,0.00124764344300228,0.0113693351191279
" 7275",63,1.16179740310161,0.383967857992728,8.2271245829362e-06,0.00998827007113109
" 6973",71,1.17602987864383,0.387564866636807,3.82561293106533e-05,0.00968387959367367
" 8172",63,1.19657370350874,0.411360618997123,0.000552204602006678,0.0111387360418179
" 7719",53,0.801175117447915,0.272077068770105,0.000902186481764784,0.0110903571588443
" 9946",11,0.905865943579911,0.0548686186252314,1.62897066742137e-05,0.00810084718106702
"15922",43,1.20296692041812,0.284914169503292,0.00239220101498036,0.0108432428571778
" 9608",11,0.83860906380739,0.108323394235805,0.000170301478866779,0.0109458802602733
" 4721",36,1.18299759524515,0.54497404459923,0.000195065123861417,0.0115122365881491
" 9039",41,1.0130771017424,0.0901521463542271,0.000445005168691019,0.0086551971209381
" 6974",51,1.00310174119068,0.327346030851655,0.000158948046942327,0.00987946364829973
" 7063",64,1.27470689388821,0.411528148959203,0.000165365204117018,0.0103451095822919
" 7238",20,0.230439308946928,0.0301746520661973,4.60718976644427e-06,0.00858351620860962
" 7273",63,1.15002725671408,0.382800653440396,0.000111477538098786,0.0100849153122529
" 1152",28,1.1630247423715,0.510349197855545,0.00172333578638765,0.0105327548442657
" 4720",31,1.20175721362943,0.546064450766648,0.000950726516804108,0.0115478776488877
" 9422",29,1.24875912380325,0.269601336928614,0.00337180473907057,0.0124190871577198
" 6694",54,1.21248805315608,0.611986194294101,0.000115262015406936,0.010863909333259
" 8565",42,1.06269431084498,0.305172169020984,8.09549058960922e-05,0.00915792328723107
" 6901",44,1.02750206353035,0.219072114395735,0.000444017913741067,0.0105613385246532
" 7065",52,1.0289663074353,0.320780038997108,0.000281285389490589,0.0104266239630044
" 7240",61,1.12216692694492,0.361993343395541,0.000182313080757866,0.0100904046208395
" 7030",49,0.800997912453036,0.294680922739171,0.000156479909567447,0.0101799296682637
" 7186",45,1.12524006089094,0.417431626871106,0.00175607974222773,0.0117332774368047
" 7091",22,1.08404810673091,0.313726465857788,0.00266558836487133,0.0119238029820416
" 7118",36,1.04458779100221,0.381608958885246,0.00124492849188991,0.0116482411381969
" 7762",47,1.00463325079173,0.288764309609268,0.00115163289911941,0.0107916927481376
" 7077",11,0.222143196964982,0.0649093053058524,5.58621759181368e-05,0.0101230320778851
" 9528",15,0.961489758174545,0.0416184374662628,0.00010053546240348,0.0080504389721936
" 7967",74,1.08386860732011,0.234829199966421,0,0.00856387299965019
" 8572",40,1.01600129916636,0.280827758979683,3.0440360956864e-06,0.00919408336519651
" 7093",18,0.768787166786675,0.225137189011423,0.000679066863075554,0.0116066638263125
" 7968",77,1.09584136158392,0.238973175558796,0.000228467249668138,0.00875888288841635
" 8015",29,1.04879926133965,0.314359110540501,4.45910152395142e-05,0.0106275891819971
" 3454",64,1.21729540031596,0.566252376181297,0.000609054032874767,0.0108235608855235
" 5972",88,1.09461117116517,0.233052683237692,7.40441212464258e-07,0.00855901540223449
" 7163",69,1.07881917480922,0.264654170897464,0,0.00862162430095791
" 7963",77,1.08612954684911,0.234899974408481,2.55040862071022e-06,0.00853580567536283
" 8695",62,1.13673825434087,0.278776453135348,0.000543895206177912,0.0101932853898627
" 9154",53,1.18935115550777,0.549605232534958,5.70962446055773e-05,0.0105239878016051
" 8292",49,1.07798352401528,0.332703800078485,0.000332787189379769,0.00885278877873777
" 5971",87,1.09534490562624,0.232519098502156,0,0.0085249226275099
" 7958",66,1.03730949957601,0.224406401792396,4.2040606618804e-05,0.00834615012456818
" 9023",46,1.04339423653354,0.089502246776475,2.30359488322214e-06,0.00825251793264957
" 7645",47,1.05414266350043,0.485523843012017,0.000717652077369525,0.0113074279926353
" 8893",40,1.09740811093154,0.310932642413485,2.36941187988563e-05,0.00937043920118915
" 7380",51,1.12900152487602,0.395832318123817,0.000891738033544455,0.0111237723292979
" 8652",49,1.11770022980042,0.541473669428729,0.000152037262292661,0.0103815438103285
" 5241",48,0.973654712091024,0.353831655572062,0.000756072749171837,0.0107446294403931
" 9171",47,1.16590285235075,0.425505376513725,9.52701026704012e-05,0.010209549688469
" 5973",86,1.09079120471617,0.230864811244141,7.40441212464258e-07,0.00850601793692613
" 6988",44,0.934421785028769,0.249581067391274,0.00162131944155924,0.0114322369969529
" 8914",29,1.03856659090265,0.28260775206078,3.29084983317448e-07,0.00922136398341718
" 8288",49,1.12908714553597,0.351444107637963,5.99757382096049e-05,0.00903821926725089
" 9164",44,1.15265113251946,0.432115642937005,0.00157491845891148,0.0109793683234005
" 5977",93,1.09277815771404,0.232095324997333,4.93627474976172e-07,0.0086239623430642
" 6707",24,1.04587759994607,0.505782383730531,0.000373675998556962,0.0110485711709486
" 7701",49,1.52429518158724,0.618581398411219,0.00792979630050889,0.0130106155131495
" 7767",42,1.14191885531002,0.322104592212841,0.000893465729706872,0.0106323022672417
" 9682",47,1.02341395458427,0.0984494551738825,4.1135622914681e-07,0.00783177767732666
" 8582",55,1.23321791401637,0.519109082581021,0.00123102465134474,0.0110801537178191
" 8157",67,1.2347064225847,0.49718152177989,0.000468452473752387,0.0106232280699951
" 5248",66,1.17760909426245,0.464409473490885,0.000288936615352719,0.0104912751772967
" 7423",42,1.0633424942912,0.37531756613469,1.7276961624166e-06,0.00808895105988405
" 8455",45,0.974321943768428,0.423813659668236,0.000283013085653005,0.010491274362511
" 8283",47,1.10137051214291,0.341006632193685,7.05887289215926e-05,0.00898596924977642
" 2998",49,1.24201724089416,0.623031862619335,0.00174472631030328,0.0118017121327425
" 6348",57,0.856076672647785,0.179052968988925,0.000629539573086278,0.0103747593604847
" 7764",39,1.04529005059703,0.300581693153902,0.000164377949167065,0.0104289268363108
" 7255",44,1.09241805930859,0.241985331862592,0.000574500109626435,0.0104075184713802
"  537",30,0.915177325807775,0.311688568693631,0.000997374313189356,0.0113637345061726
" 8399",60,1.07386471632666,0.333923012463703,0.000391282045164446,0.00964768655699048
" 7436",42,1.06930186655183,0.40490255911329,0.000590213917579843,0.00948872279572571
" 8280",58,1.10980027250392,0.372120199119996,0.000318389721359631,0.00958376529075306
" 9694",41,0.958692232813678,0.094374774080038,0.000277089555953291,0.00828486952331877
" 9124",37,1.12015009798455,0.275374306289986,0.00397353663106653,0.0114252026573697
" 5247",57,1.17826477299662,0.455178645288649,0.000554837281873218,0.0104361941058713
"  542",22,0.869223296770208,0.28580517687976,0.000931475045280037,0.0112764076997834
" 7846",48,1.13750113457431,0.278339650963393,0,0.00986244467540494
" 8866",44,1.13691870868456,0.189443529717465,0.000599921924587708,0.0111937308298935
"16758",44,1.10727258196777,0.269360669446643,0.000454137276978078,0.0100513983730562
" 5252",54,1.15860506948897,0.449567582217635,0.000336407124196261,0.0104280487016672
" 4653",72,1.001405641422,0.212799624750224,4.75527800893713e-05,0.00876330790576576
" 6791",48,1.06455525556718,0.387083665670315,7.40441212464258e-06,0.00999775849375971
" 7851",39,1.10379053045785,0.27193530798604,0,0.0101236126274354
" 9454",50,1.04751242105131,0.255917266092224,0.000788816705011923,0.0104259502045888
" 8890",37,1.08230507393099,0.168446245489337,0.00177664755368507,0.0111243710285501
"16750",42,1.05334580382882,0.252408753584213,0.000162321168021331,0.0099666696455801
" 7613",84,1.05667135739559,0.224891045914853,3.86674855398002e-06,0.00844461904530197
" 9267",53,1.07928874990618,0.383235489081012,0.000304239067076981,0.0100752404686963
" 9137",42,0.933416384168512,0.194524355650718,0.00334177573434286,0.0114711712978994
"18408",32,1.00379561399712,0.335862426639754,0.000736903548893596,0.0112248801771942
" 9737",15,1.00260693194616,0.134593381090233,7.40441212464258e-07,0.0107494421616871
" 5278",50,1.07965834609856,0.386621176866894,0.0019322224795484,0.011543097913777
" 4934",50,1.11294789863236,0.540916864861089,4.44264727478555e-06,0.00934063479992261
" 7601",58,1.02109450798373,0.208947111791472,0.000601896434487613,0.00937605044259847
" 8808",63,1.05654458267788,0.204866722839344,1.34924843160154e-05,0.00791302939923206
" 7698",41,1.14341951222114,0.401863009513325,0.00328920440825789,0.0125313004447668
" 2547",58,1.20370900949421,0.527286907113241,0.000534598555399194,0.0112593688609319
" 9400",39,1.03760502684506,0.133684301328539,0.000309175341826742,0.00919600425551778
"18389",42,1.02462558756961,0.316408357861073,0.000678408693108919,0.0111932716558169
" 7632",31,0.829720490587946,0.148109628362812,0.00282223281693044,0.0116149217283808
" 7627",46,0.81006370200789,0.154410423124147,0.00102715650417959,0.0105390990350743
" 7595",31,0.996494863609046,0.186181449899077,0.00117960512270139,0.0108471873536084
" 7619",36,0.933897933879571,0.163132626425321,0.00106203951241123,0.0108932136837791
" 7598",36,0.73090796770252,0.148408240674509,0.000848381086992381,0.0112498124517094
" 7644",34,0.801240058935154,0.138565973384284,0.00163744460574179,0.0115696685605459
"17495",43,1.56702726595055,0.72370252560802,0.00364313530781581,0.012020407461322
" 8813",67,1.06023396498857,0.207848562041442,6.91078464966641e-06,0.00772139546217415
" 7582",97,1.05699168242162,0.20975763775481,8.2271245829362e-08,0.00683528071391457
" 8583",55,1.27959443908417,0.618778000269374,0.00270071818684047,0.0123531381996356
" 6803",52,0.807718996927629,0.26346142969765,0.000162074354283843,0.0106225495077792
" 9156",61,1.27744865264154,0.402683260437408,0.00113986811096581,0.0109677641896027
" 9473",10,0.95081817542809,0.10607507655931,0.000411027144163493,0.0103777388885509
" 7610",38,0.933682779447075,0.180053825116307,0.000782317276591404,0.0107307912988793
" 7628",39,0.73025132090761,0.172055578860317,0.00121555765712882,0.0111234326284688
" 7604",22,0.808289254211296,0.152104730196318,0.00301334892099204,0.0118407009134945
" 7597",20,0.81889405319157,0.171912083113075,0.000832173651563997,0.0110189197634733
" 7571",95,1.05543238865828,0.20924745978125,8.2271245829362e-07,0.00682669726544832
" 8775",63,1.06659647986471,0.235275210503962,2.87949360402767e-06,0.00908766675708028
" 7009",46,1.13787785596177,0.346186275703911,0.00219524365246487,0.0110841984215105
" 7279",62,1.27723707245357,0.485003421819621,0.00255131360441435,0.0119540691839986
" 9477",10,0.879968388149046,0.106482032274555,0.000799100610740593,0.0104730284925627
" 1227",39,1.12110440551725,0.48204019335143,5.94821107346287e-05,0.00939708190932565
" 7586",97,1.05645816338848,0.210020300484705,1.64542491658724e-07,0.006817208585755
" 8773",61,1.06310636145924,0.229105035683109,7.93917522253344e-05,0.00867305015803249
" 7028",41,1.04793674462086,0.322520597802233,0.00222848123577993,0.0114100152095631
" 4670",97,1.12340203968835,0.258146394660634,0.000135665284372618,0.00919407126711396
"10215",20,1.18561556713206,0.286717456506742,0.00632320341195311,0.0122065893676884
" 7579",92,1.0575641846741,0.21066656243919,6.58169966634896e-07,0.00688385894270366
" 6623",95,1.06975035158763,0.233283363479524,4.1135622914681e-07,0.00797913880334542
" 8771",67,1.07983854727119,0.24265723061779,0.00129157628827515,0.0100155871694845
" 9024",55,1.05589479176596,0.457060199888795,0.000132703519522761,0.0103087469185788
" 9149",40,1.08345658018035,0.304608455811846,0.0019286025447319,0.01102052992083
" 9715",51,1.17997573770436,0.2268178278147,0.00167315032643174,0.0109739417517574
" 7554",87,1.06080108809845,0.215147105849286,0.000473388748502149,0.0083853779116079
" 7549",85,1.04975324738503,0.206358042023672,0.000318636535097119,0.00846867688909485
" 6628",97,1.07443549131534,0.233967669011773,1.89223865407533e-06,0.00801542038838642
" 9246",56,1.01222113567096,0.174683051303302,0.000915514423589141,0.0103645205465581
" 9000",65,1.18594656772661,0.564918206197263,0.000625590553286469,0.0109051316508027
" 6928",42,0.915294095410316,0.279785497310927,0.00014956912491778,0.0091833657048118
" 8588",64,1.06561153971532,0.275873467050805,4.1135622914681e-06,0.00925304804379245
" 6024",56,1.0929646286656,0.389691860578106,0.000959118183878703,0.0113379987116359
" 6626",97,1.07287428042846,0.233702424448155,4.1135622914681e-07,0.0078300737607639
"10025",32,1.10714675962365,0.262096595075286,2.46813737488086e-07,0.00993261028698703
" 9426",6,0.653725283160741,0.0532790232420083,0,0.0109664559253463
" 6624",90,1.01817234629767,0.223342324043692,0.000297163739935656,0.00834855709678422
" 7012",54,1.1271284787535,0.323813303218978,0,0.0089030399160164
" 8618",52,1.10839509302054,0.388051783775702,0.000431430413129174,0.0103757411814677
" 9429",55,1.14126273059667,0.490297638942654,0.00133468642108974,0.0117693373410749
" 9110",38,0.681605714133658,0.282542419879013,0.000296094213739874,0.0106041405770391
" 9144",62,1.21551272569955,0.561062175476377,0.000142905154005602,0.00991846282009225
"10026",36,1.12708458157455,0.268089548275546,1.1353431924452e-05,0.00994862959811274
" 4706",32,0.835018876633001,0.367290979316092,0.00115475920646093,0.0117469889906126
" 7659",57,1.1032407857976,0.345292156183176,9.11565403789331e-05,0.0100341494267785
" 9484",55,1.03312983289689,0.0965407155913268,2.46813737488086e-07,0.00785887974679204
" 7004",59,1.07649110982211,0.328135874590264,9.95482074535281e-06,0.00864371697526657
" 9136",59,1.18905766775828,0.553146515505724,5.19954273641568e-05,0.00976983926277925
"10022",30,0.966083347890171,0.232619462171822,3.95724692439231e-05,0.0100718641270414
" 1613",47,1.30424493996439,0.511926921581642,0.00302733503278303,0.0117276323048566
" 7660",64,1.091628558829,0.329419805614282,0.000363885720303268,0.0102774894434994
" 9040",30,0.989183802566228,0.0788930598377214,0.000130564467131198,0.00826873900685425
" 2975",39,1.18574759749845,0.49368450641127,0.000578366858180415,0.011004004589861
" 6978",79,1.22249810527339,0.360162190614941,0.00246928917232247,0.0111788770792384
" 8702",29,0.897496723403174,0.277365714520973,0.00108927129478075,0.0110566473221986
" 9538",48,1.19448961558251,0.463067727082968,0.00298628168111418,0.0119424792790093
" 9495",13,0.926446293516479,0.041255692873352,6.26906893219739e-05,0.00800903197454797
" 9414",32,1.04757210397069,0.124479475586065,5.01854599559108e-06,0.00898214071562621
" 8240",44,1.1424269334103,0.492270899684412,0.00126854033944293,0.0110367521155794
" 9412",32,1.04512274791107,0.125496978639757,8.2271245829362e-08,0.00900845759704948
" 9497",13,0.912030364743383,0.0395457530710466,0.000107939874528123,0.00796194612299557
" 9409",28,1.0277558936821,0.116641279095131,3.42248382650146e-05,0.00903934853585598
" 9532",12,0.935604613122271,0.048318078753054,0.00331849297177315,0.00948984580889507
" 7428",42,1.0040999721174,0.376883024965432,0.000245415126308987,0.00928678908391105
" 7051",26,1.03853187252027,0.258842287500606,0.0006912430074583,0.0105348018180212
" 8781",53,1.07921500109671,0.37311856326949,0.000399097813518235,0.0107589633114146
" 9539",12,0.915139730915166,0.0482651130797079,0,0.00924532791494681
" 2714",38,1.14310452340937,0.474346394090318,0.000979110096615238,0.0109645131803127
" 4668",49,1.14011690304036,0.319675977955419,0.00161037736586393,0.0109678918345287
" 6750",26,0.905948374633525,0.186743409734418,0.0010199166345466,0.0105378298935664
" 7229",23,1.09620301096707,0.145723398540907,0.00196875091269663,0.0111605087435589
" 9194",60,1.16749819790108,0.565777384603029,0.00018181945328289,0.0105505498402198
"16488",19,0.907282637788578,0.178952836611456,0.00134422988560595,0.0105774741888027
" 7840",27,1.08243220930514,0.273062461943031,0.000333692173083892,0.0104856700875714
" 7820",30,1.00583672968454,0.180598646563757,0.00232720673077516,0.0100822153859697
" 7821",57,1.07337786046643,0.195369235032853,0.000150474108621903,0.00922665791540775
" 9185",81,1.08123731878807,0.231121017204466,0,0.00830909690003639
"  575",37,1.10083310230792,0.460493032011021,0.000440891606399551,0.0107072518071627
" 4709",58,1.48335620470597,0.793369915101343,0.00260141679312443,0.012241119493828
" 7603",77,1.03515081039153,0.217834834160646,3.1592158398475e-05,0.00833043600000342
" 7816",63,0.952988201219185,0.187840302129382,0.000833654533988925,0.0100520993960632
" 7079",71,1.00454503275046,0.240134298519839,0.00127676746402587,0.0113465261616257
" 7991",60,1.3440544830302,0.556384520247982,0.00433734008012397,0.0122412059216719
" 9186",79,1.08051115124747,0.231941386799831,2.46813737488086e-07,0.00839826736468609
" 7775",37,1.10713132716447,0.202074024390976,0.00034685557241659,0.0105822730296725
" 7817",54,1.04553444842681,0.189273311419358,1.71124191325073e-05,0.00924436152557375
" 7823",52,1.03185063429936,0.193336304198937,0.00159367630296057,0.00993317570122504
" 7607",74,1.05920273947289,0.231443063936867,5.85771270305058e-05,0.00859058446361168
" 6794",67,1.11750253207804,0.252176988310156,3.01935472193759e-05,0.00961658449636109
" 9187",80,1.07808190608584,0.230638331053902,0,0.00839108046003369
" 9282",47,1.17900025355091,0.344093194479152,0.00189190956909201,0.0109337939068329
" 7962",38,1.07421141192716,0.285001935503018,0,0.00919829543503291
" 4548",25,1.2891638895729,0.31243746772522,0.00757068231246372,0.0127033610625822
" 7776",44,1.06225731070182,0.189767361218517,0,0.0105227460624152
" 7966",35,1.05358673920038,0.276046697978816,0,0.0093872463856569
" 1268",41,1.08466068012053,0.429947068242778,0,0.00863489556398871
" 7602",77,1.03359965843611,0.217205331342606,7.17405263632037e-05,0.0084747971569178
" 7827",42,0.995619738498162,0.175780533033372,0.00011476838793196,0.00943116889679318
" 6793",59,1.12096549602049,0.25322433374391,0.000245908753783963,0.00980807880826431
" 9183",76,1.09634309774995,0.237732731048317,6.00580094554343e-06,0.00844225735627226
" 7772",24,1.01731751444165,0.177110597847023,1.06952619578171e-06,0.0105225837545578
" 6524",63,1.40977685014031,0.603174100311377,0.0012367836385528,0.0118654484367094
" 6795",71,1.11523068018765,0.260835666093043,3.27439558400861e-05,0.00924438077260743
" 9190",63,0.986414398614279,0.223387420219259,0.000133197146997737,0.00869451027181104
" 7090",47,1.07786229375365,0.454144774995062,0.000218759242660274,0.0108219380996128
" 8603",50,1.00138297461455,0.425592473990072,0.00231782780875062,0.0117947984146136
" 8952",29,1.03468394508699,0.14979290139693,0.000336818480425408,0.0091796079323681
" 8473",38,0.995787776073922,0.386070028700412,0.00123011966764062,0.0109134012794275
" 7424",43,1.08097480725424,0.386041343718412,2.43522887654912e-05,0.00862391989729694
" 7251",39,1.057343963905,0.359439579332795,0.000220898295051837,0.0110152867508436
" 6945",54,1.11913128115323,0.321296076861812,0.000125792734873095,0.0102957825954373
" 7444",44,0.953021419641176,0.349328343114435,0.000363392092828292,0.0088438468154359
" 7575",84,1.07187521896704,0.235955239008808,4.68946101227364e-06,0.00872028831337822
" 8698",23,0.951677927595611,0.205758208320314,0.003166208895743,0.0108203673488611
" 7652",49,1.14925790029693,0.347373362328992,0.00124311852448166,0.0110201538937256
" 6939",41,0.953538020425261,0.287647168714115,0.000703254609349387,0.0107200350111318
" 8975",50,1.24234361108127,0.514155613443816,0.000721436554677676,0.0111134563223514
" 9195",38,1.09690869164975,0.398699010433013,0.00405235248457106,0.011774925090824
" 8610",65,1.22726896711786,0.61969743892778,0.00010185180233675,0.00990331835548114
" 9289",30,1.07213661712158,0.236762716724137,0.00272383640691852,0.0112458749149377
"10802",50,1.1830655916841,0.564152328138635,0.00400216702461515,0.0123572493622301
" 7108",22,0.792242711382462,0.252981379032111,0.000329002712071619,0.0103809876228451
" 7124",30,1.09445785827328,0.364345938317922,0.000208310794439945,0.00990291595671701
" 8671",60,1.06029438383506,0.262428684065352,0.000221309651280984,0.0102816513139319
" 8604",62,1.19139942769809,0.581179825056671,0.000209956219356532,0.0100760982264626
" 1579",37,0.885945983064139,0.335842113975103,0.00100354465662656,0.011335901391578
" 8684",67,1.22889416755021,0.491487448550075,0.00151173414211453,0.0114616815665501
" 9052",45,1.0956837269724,0.215838248561312,0.00861248309840094,0.0114251358103833
" 7974",42,1.06291649862031,0.284852855448084,0.000295106958789922,0.00968336841193199
" 3031",56,1.12883822831903,0.434714153263082,0.00110366876280089,0.011370574855184
" 7975",32,1.06157134918099,0.278584091753793,1.09420756953051e-05,0.00970594005609847
"  279",43,1.10468493495743,0.440149022951723,8.90174879873697e-05,0.0093747436295136
" 7134",57,1.05582536754158,0.253228119394445,6.51588266968547e-05,0.00894472170831736
" 7971",31,1.04185656681729,0.269588987131119,0,0.00946144305239414
" 2442",46,1.48224622618897,0.752232353226914,0.00427563664575195,0.0123395515040706
" 7734",65,1.14186779859574,0.380173808154502,0.000380751325698287,0.0102672659266449
" 8185",37,1.09881344101554,0.396637617381054,0.000624438755844858,0.0110071868869333
" 8964",56,1.14539503362862,0.39712577298219,0.000470344712406463,0.0106629861037535
" 7480",47,0.988522054535471,0.29275438824707,0.00131494132209069,0.0106840501273065
"12309",49,0.800869617308087,0.252776671928854,0.000589062120138232,0.0108148941642645
" 7551",101,1.0757612238137,0.218374922469947,7.65122586213067e-06,0.00714738843819185
" 7979",25,0.990519818928102,0.259430397473523,0.000144303765184701,0.0100359596395823
" 8797",49,1.04670430680127,0.198623981547548,0.000480710889380962,0.00922882080991738
" 2578",48,1.19560233380867,0.500794730865298,0.00288591076120236,0.0121240017684688
" 7745",46,0.96333257024018,0.316143656192036,0.000221145108789325,0.0101253074563992
" 8026",30,0.941881775671513,0.332461428444452,0.00115237334033187,0.0110044961753167
"10629",63,1.04625483455575,0.27356031897121,0.000821642932097839,0.0106445271393398
" 9668",59,1.10705755965258,0.181972432171264,1.48088242492852e-05,0.00871590923231073
" 9717",34,1.17917415336778,0.334846701662824,0.000368904266298859,0.0104643327177831
"17525",35,1.15454799616926,0.371923713485443,0.00032373735233854,0.0114440908416829
" 8871",52,0.965025852456755,0.262219277231982,0.00166089191080316,0.0111628667278093
" 8129",34,0.700610064495642,0.193348586153188,0.000100124106174334,0.0095509997973846
" 8989",40,1.04742928830897,0.286502777381629,0.000127191346052194,0.00940784220824708
" 6722",66,1.07388220366931,0.434285031123614,0.000520859257345691,0.0110890971648431
" 7443",46,1.26388665625764,0.44405633845195,0.00167273897020259,0.0118888617183053
" 7956",35,1.05001433834773,0.390597404804246,0.000849039256959016,0.0110982398630261
" 9670",54,1.09553913080838,0.182018006107939,6.58169966634896e-07,0.00825940399535965
" 9718",35,1.07206567595902,0.296457630967685,6.7956049055053e-05,0.0101083195265
" 9640",10,0.930119999632064,0.107291651500218,0,0.0102595298859282
"11763",37,0.998616109170391,0.185793437957319,0.000839742606180298,0.0104801689358956
" 9336",38,0.729050959407329,0.183533185526058,0.000324313251059345,0.0101446252448763
" 9300",30,1.06217260525004,0.224969899451415,0.00142246984038967,0.0104151928612665
" 8125",39,1.0573017239739,0.290843697397696,3.14276159068163e-05,0.00890537928139043
" 4571",44,1.30638052663749,0.501126101851895,0.00533808751439233,0.0128118059757744
" 9258",53,1.08705264125785,0.421176609081193,0.00019597010756554,0.0101347706469987
" 7319",67,1.07000098126517,0.261402273643096,0.000681452729204606,0.00927369085283965
" 9328",61,1.06253638552241,0.231706286417029,0,0.00836014408525869
" 7440",42,1.1496661194673,0.391963429132135,0.00100519008154315,0.0117241026410955
" 9671",53,1.03419841107672,0.169647768101324,8.98402004456633e-05,0.00880207697899164
" 9857",46,1.09124540344767,0.16615207805771,4.07242666855342e-05,0.00904466201390383
" 9793",60,1.11604437684588,0.183687212819041,8.72075205791238e-06,0.00881498902925377
"11774",42,0.905960568779237,0.190338996214921,0.00143974680201384,0.0105059033859301
" 9334",35,0.602566743422504,0.140410668724856,0.000247060551225574,0.0105993348299306
" 9304",28,0.720795061301615,0.11710263677854,0.000386098956677196,0.0111308040176955
" 9337",24,0.754484290605583,0.139519895790996,0.00254028925747321,0.0114708395161185
" 9297",30,0.729497694767848,0.175798087827366,0.000516827966300052,0.0102778789859294
" 8126",43,1.0818134388087,0.29461877409459,3.86674855398002e-05,0.00887436181874719
" 8761",35,0.979095849222834,0.180481142134876,0.000633406321640258,0.0109363573551366
" 8774",31,0.86683295758608,0.194663144306902,0.000844843423421719,0.0108995990474647
" 8915",31,0.920189983588259,0.194035988627182,0.00274399286214671,0.0112684649158439
" 8898",32,0.969395802456557,0.179736177100647,0.00210721341942745,0.0112760919585061
" 8766",36,0.936428727811513,0.166278853743452,0.00166303096319472,0.0110503051362995
" 8778",38,0.710947660136751,0.118375583743355,0.00142246984038967,0.0104742871087542
" 7042",72,1.24366563411765,0.449848379189521,0.000793259352286709,0.0112353017924983
" 7388",57,1.28228007190515,0.552581898361878,0.000945461157071028,0.0116399929322775
" 8025",50,1.12451803181704,0.32399740271185,2.13905239156341e-06,0.0095501813969847
" 8835",64,1.05110456763445,0.206530553598722,0,0.00764557803972086
" 7325",73,1.06433362293287,0.250678717625296,4.8622306285153e-05,0.0082274257349973
" 9266",25,0.391537913054273,0.10970706776776,0.000154423128421713,0.00928455771098122
" 9323",58,1.06504811186648,0.233062776682752,0,0.0083206263647128
" 8735",53,0.792009821000186,0.178981842723442,0.00117409294923083,0.0109800738303143
" 3324",52,1.28582189934342,0.636425869964765,0.00126426223465981,0.0118349244079861
" 9858",35,1.0989821189546,0.303568760131582,0.000208639879423262,0.0105168044451316
" 9794",63,1.11363607277698,0.183022166225082,0.000162814795496307,0.00917462357231662
" 8904",38,1.01504310289949,0.200365418048389,0.00237089276231055,0.0112620146064388
" 8916",35,0.945316718427584,0.218906578971954,0.000577626416967951,0.0111251142875625
" 8903",39,1.07970254337634,0.200671508747697,0.00152785930629708,0.0110341384489525
" 8846",29,0.962855061623011,0.171092461839501,0.00073246090161881,0.0108724009456706
" 8776",27,0.766835041642892,0.136234528190252,0.00153789639828826,0.010855528778582
" 6871",26,1.0212856529514,0.27176875038594,0.00265209588055531,0.0112963877706036
" 8831",63,1.0508181353201,0.206500217428084,4.1135622914681e-07,0.00761937945435323
" 8082",42,1.02177640193459,0.299468460915971,0.00130605602754112,0.0103446703892554
" 7387",67,1.28179287141616,0.538003488210753,0.000542825679982131,0.0115378029059496
" 6983",65,1.09213571454567,0.240056547558618,1.48088242492852e-06,0.00922909521853363
" 9324",60,1.06200588228339,0.231111501016929,0,0.00828339157922345
" 9404",39,1.06399530082916,0.140971377431067,4.12178941605104e-05,0.00892204295316853
" 9797",57,1.05083007513085,0.166392654332869,4.63187114019308e-05,0.00858578650203016
"10070",36,1.18234083669534,0.366497846270143,0.00434729490086932,0.0116889858287484
"13484",30,1.01648535876204,0.203761269227934,0.00589333615249469,0.011899661688028
"  630",42,1.09691709986228,0.481846862022787,0.0044001953119376,0.0114253674080589
" 7045",80,1.22705235575466,0.429280985466839,0.00080206237559045,0.0110464200492549
" 8836",63,1.05394274750321,0.206312429517744,4.1135622914681e-07,0.00760946759858095
" 8095",50,1.11474423121992,0.323162717092305,6.31020455511207e-05,0.00969934170276495
" 6982",65,1.09115786699567,0.239979278667206,6.00580094554343e-06,0.00924487660191874
" 9326",52,1.06714449807662,0.23401470043683,2.46813737488086e-07,0.00843197347268076
" 8009",26,1.1217780063604,0.326453651096932,0.00149059043193638,0.011097887757577
" 9506",41,1.22849604253804,0.266219883521444,0.00422347667589613,0.0109580397124561
"10073",29,0.943964753194542,0.223826416149255,0.00340430188117317,0.0113187072785423
" 5794",64,1.23406591690857,0.54708590564124,0.00396415770904198,0.0120675257253083
" 8838",64,1.05583455260844,0.206494509845981,8.2271245829362e-08,0.00782947809218387
" 8089",51,1.06501628036466,0.306158351844768,1.46442817576264e-05,0.00929859718241067
" 6986",63,1.09393733545632,0.23894062480421,1.14357031702813e-05,0.00932384066693076
" 9316",52,1.05685130688142,0.243570534234878,3.29084983317448e-07,0.0087965567499178
" 9331",40,0.804263575693217,0.224600525490756,0.00113122963015373,0.0103505085682266
" 4651",41,1.22579984575997,0.640920142259701,0.00159203087804398,0.0121170562576115
"10806",50,1.2090263599482,0.306650702991436,0.00134990660156817,0.0111433210291389
" 9583",9,0.794459112316575,0.0700428328227414,0.000455864973140495,0.0111912244266497
" 8827",64,1.04965538113858,0.208877634870893,4.36037602895619e-06,0.00795594678547657
" 6984",68,1.05218870113916,0.235223464583398,0.00096199767748273,0.0098809646929219
"18796",47,1.0388433179283,0.171227021156113,0.000203539062181842,0.00886551484974619
"10801",37,0.958923175031603,0.22896390652002,0.00163678643577516,0.0110119767623374
" 9748",47,0.991865651397796,0.181402022905413,0.000265818395274669,0.00993781637080817
" 9680",41,1.0167306615278,0.0956855974925523,8.80302330374174e-06,0.00811599306212504
"18869",53,1.09486340194384,0.182814838042728,2.82190373194712e-05,0.0090195015834137
" 4688",57,1.21701071517103,0.502706985221359,0.000141588814072332,0.0108385281452109
"18931",55,1.10403637282063,0.183723393839364,2.02387264740231e-05,0.00903040708390626
" 5756",70,1.08922536841005,0.406778328693085,0.000424684170971167,0.00890204703347638
" 8247",47,1.23587441817602,0.497871257792105,0.000515922982595929,0.0107788477502759
" 8124",41,1.03906721481447,0.284582299020251,6.58169966634896e-06,0.00882308097008109
" 8624",53,1.08389028637802,0.39220784630245,6.22793330928271e-05,0.00995850244176966
" 7636",44,1.20871575206952,0.412170961865642,0.000376308678423502,0.0103299318259988
" 9138",45,1.02111925047746,0.26336549590231,0.000758129530317571,0.0107020907209959
" 7067",52,0.975563795559002,0.308024064637215,0.000572031972251554,0.0106242130296992
"18946",46,1.08665144616125,0.174537797555601,0,0.00880741088914435
"  884",42,1.15340119016337,0.466199538664895,0.000206418555785869,0.0102972206862749
" 8246",42,1.08655323409867,0.426129023991567,0.00046162396034855,0.0106796517473002
" 2639",61,1.2701510204671,0.588435224371302,8.49039256959016e-05,0.0110587938100811
" 9611",49,1.06617455456682,0.150094610235697,3.66929756398955e-05,0.00828152274499362
" 5757",62,1.0883445399881,0.417378856952691,0.000100946818632627,0.00849228847573712
" 7430",43,1.07920304159972,0.394364948040382,0.000359525344274312,0.00933648897316608
" 6718",36,1.105484808468,0.44544110136189,0.000129659483427075,0.0110467667385082
" 7969",32,1.0553209176015,0.276693227600622,0,0.00953156780017614
" 2661",56,1.27367832209323,0.584840117509828,0.000367094298890613,0.0111307684292816
" 9619",39,0.935645987013055,0.134197521707439,9.76559687994527e-05,0.00822563818561241
" 7983",33,1.04970447210179,0.263858785327144,0.000228714063405626,0.00978145387850583
" 9101",46,1.22631444196735,0.470416522718339,8.04612784211161e-05,0.0102873475309348
" 9141",20,0.379197341918417,0.155566223045132,0.000212424356731413,0.0111467311886044
" 2459",59,1.3979215860596,0.767532603333993,0.00088203002653659,0.0118107429643353
" 9778",23,1.08327884702921,0.0641245384989195,0.000187989796720092,0.00872511984542981
" 5753",63,1.08228842435194,0.411203305588654,2.99467334818878e-05,0.00833520419517962
" 7085",53,1.03900950557049,0.195291220244868,0.000544471104898718,0.0097823892285021
" 7160",62,1.09141346761152,0.265296273246461,1.15179744161107e-06,0.00878918476233592
" 9098",47,1.22740393349862,0.460217088220421,0.00017021920762095,0.0103900047765234
" 2429",72,1.21787458111407,0.503332221516115,0.000218018801447809,0.0109603397947194
" 2480",62,1.41304396632238,0.771888344815328,0.000322996911126075,0.0117863511203529
" 9782",24,1.06986023809609,0.060843125826864,0.000264995682816375,0.00870194015232272
" 6009",49,0.720956180579544,0.159962215200874,0.000320693316242853,0.00945338670197486
" 7153",71,1.07450927879711,0.258176011469231,5.10081724142045e-06,0.00874166087847698
" 8569",38,0.733668460558485,0.246092837086856,0.000235048949334487,0.010737336520356
" 9100",43,1.10726967024303,0.429912601562675,0.000133032604506078,0.0102268196295207
" 2415",70,1.22098538890168,0.499206458077645,0.000165200661625359,0.0108678567888006
" 7970",43,1.05525061446344,0.413137592904543,0.000503500024475696,0.0108848969498697
" 9779",16,1.02271576309715,0.0477731420724178,0.00028885434410689,0.00864082807349118
" 5854",62,1.12954354264632,0.307428700408435,0.00142617204645199,0.0105832858990534
" 7141",63,1.08371508632282,0.263965450648112,8.2271245829362e-08,0.00853561897607567
" 8000",86,1.0634075422346,0.238818477713713,1.53847229700907e-05,0.00876719282304176
" 7295",68,1.06083271845599,0.26633292884549,0.000892807559740237,0.00933968587798588
" 9440",63,1.34420087551013,0.424441312650185,0.00554664512256976,0.01145790242169
" 7137",58,1.10161899520549,0.252893768573103,8.23535170751914e-05,0.00886746929484628
" 8909",51,1.07835059195683,0.215080794459616,3.69397893773836e-05,0.00911305594764483
" 2046",41,1.25298510302467,0.692697787586445,0.00105759686513645,0.0117445108314069
" 9155",55,1.18237313270237,0.441507277314286,0.00121251362103314,0.0111994737640375
" 9690",26,1.06632692123293,0.216392073915236,0.00129116493204601,0.0113126434912793
" 7372",28,0.92238141859319,0.241828028922083,0.000868043914745599,0.0113098359755891
" 7367",37,0.921578482397353,0.279579587619794,0.00132983241758581,0.0113838585605829
" 7371",19,0.987425818908175,0.160874464701959,0.00136224728844258,0.0110684700257072
" 7368",26,0.839803503253915,0.123201402992041,0.00100922137258878,0.0110783565465745
" 7296",22,0.905040625659252,0.143899241396265,0.000686635817691856,0.0109439503330541
" 7358",33,0.930227217384953,0.194395992557789,2.71495111236895e-05,0.0109746997235242
" 9683",21,0.956578218514806,0.179318376064,0.00015861896195901,0.0111546350329172
" 9677",13,0.559014146682061,0.171146964389514,0.00132037122431543,0.0115731784603551
" 7357",21,0.798335546890476,0.133624656061817,0.0007299104929981,0.0109449917357255
" 7322",19,1.18164964414174,0.179454568522349,0.00186434870173917,0.0111486336183733
" 7374",15,0.551638908080188,0.0831108772789285,0.00109428984077634,0.0109226592885537
" 7373",34,1.09505105997342,0.305132389813024,0.00227825533950669,0.0115070312578901
" 7362",28,1.03800125838317,0.250419561663922,0.00126969213688454,0.0114120006997004
" 7360",32,1.08252663099189,0.239998685779382,0.00154974345768769,0.0112509976563217
" 7377",13,0.66253372547531,0.0769744203436596,0.000829376429205799,0.010987620467871
" 7378",19,0.871381504994845,0.123467165804996,0.000987419492444003,0.0110500468565312
" 8563",50,0.981888511273985,0.275987949021911,2.13082526698048e-05,0.0089289763056763
" 7793",49,1.10476043730569,0.25555588771842,0.00299952735169271,0.0117204205586834
" 8676",53,0.983343483262996,0.204228163613265,0.00227216726731532,0.0105282242471578
" 8887",62,1.03960408336397,0.236381302189375,0.00150671559611894,0.0102952956578127
" 7447",40,1.24970869888888,0.574479825035138,0.00331684754685656,0.0127667113613651
" 7355",69,1.07715600551676,0.246195390743865,0,0.00784954363334894
" 9752",31,1.06627079918875,0.200225244720177,0.000209133506898238,0.0104713270462716
" 8891",60,1.09441201201953,0.241017156489147,0.000166023374083653,0.00931158098617168
" 8117",47,1.0469739907278,0.290372475626993,5.01031887100815e-05,0.00879726671200021
" 9117",27,0.867092118412789,0.188527566084515,0.000277829997165756,0.00981277257217536
" 7181",56,1.35883061225996,0.496037843600159,0.00337361470647882,0.0119898527387706
" 7349",69,1.07526610355543,0.246547989697002,0,0.00786390053822192
" 9758",26,1.03367845171737,0.178681568491447,0.000424766442216996,0.0101464460167287
" 8116",47,0.951809359879863,0.268563578570054,4.07242666855342e-05,0.00876314848847371
" 9116",24,0.844114898823598,0.181220425350713,0.000117894695273476,0.00974610807767014
" 7352",71,1.07217155376013,0.244972009778196,0,0.0079246924661104
" 7976",26,1.02137912962446,0.256504760685668,1.68656053950192e-05,0.00947925110434287
"15224",19,0.882084816170632,0.236917566555669,0.00016635245906697,0.0103510946055283
" 9225",27,1.0414930748112,0.127170172261927,0,0.00862431709826106
" 9252",19,1.01328735643974,0.127344124376713,0.000332622646888111,0.0112821113599845
" 7342",66,1.0653615675751,0.251545793302723,1.2505229366063e-05,0.00829007119845905
" 7321",32,0.628581510658703,0.127431280595154,0.000331141764463182,0.010386386512585
"15241",21,0.88502874549613,0.227948139167796,0.000161827540546355,0.0103706354605113
"10659",63,1.13558915370064,0.367024104137453,0.00100724686268888,0.0107540696889054
"17487",34,1.14984940357215,0.372072485902938,0.00121983576191195,0.0115665477219646
"11459",59,1.1054714676214,0.332493865553869,0.00104969882553683,0.0112711202729169
" 7290",59,0.935437891350131,0.22462069979725,0.000544059748669571,0.00959230896580781
" 8953",32,1.04192253067054,0.138529893586671,4.6812338876907e-05,0.00900164760735376
" 7857",62,1.08981289981794,0.225205286351895,0.00121070365362489,0.0110445192266528
" 8105",56,1.12201811472696,0.35080127165185,0.000744554774755726,0.0104319980375579
"12318",51,1.01584762357294,0.364031312524947,0.00126886942442625,0.0112120113636447
" 2580",51,1.25709617742196,0.660823551383012,0.00161827540546355,0.0117094558815213
" 8998",16,0.880899129637338,0.0729942867636013,0,0.00859889948009151
" 9140",65,1.23025864727262,0.568708129340236,0.000353025915853792,0.0100747809136008
" 7585",87,1.03978257964134,0.211664493317605,6.99305589549577e-06,0.00773452962616719
"17563",25,1.00481275909869,0.249464838097962,0.00396481587900862,0.0122029767638394
" 8679",67,1.23882350777915,0.422987225278625,0.00139745938165754,0.0114803679698233
" 8999",16,0.880846295497769,0.0729706663753299,0,0.00859741463814307
" 1080",32,1.10669006439713,0.465172990616363,0.000111477538098786,0.0097130192499695
"  249",42,1.10025347302247,0.433250975846652,3.8173858064824e-05,0.00914844548545363
" 8669",59,1.05464198291476,0.273520312562281,0.000108927129478075,0.00962743809410259
" 7190",61,1.24188908924344,0.425103095279361,0.000931639587771696,0.0113865111457485
" 8682",49,1.18574167043889,0.444621769758165,0.000269438330091161,0.0105728179868253
" 9253",46,0.867948241512875,0.321153479674389,0.000347184657399908,0.0109779956873899
"  290",41,1.1139917515267,0.432785540471825,4.1135622914681e-06,0.00903432549373448
" 7964",63,1.06568402948439,0.230866577383695,4.69768813685657e-05,0.0085075185100961
" 8683",51,1.16525156113116,0.440860588977972,0.000700375115745359,0.0106886828626602
" 9687",39,1.00469968973074,0.158062044495401,0.000949492448116667,0.00991728604427359
"  293",41,1.08113879841412,0.425500647153489,2.41877462738324e-05,0.00911575082555434
" 7029",51,1.00826129879777,0.285204316989061,0.000323572809846881,0.0101672504785125
" 2594",47,1.17357145545528,0.575013215671525,3.89142992772882e-05,0.0114280305501426
"11094",46,1.08092462125155,0.181777162138143,8.27648733043382e-05,0.00917098454489612
" 7151",46,0.923459891641983,0.219899798995155,0.000542002967523837,0.0101768378301204
" 6676",65,1.05110695067094,0.230697625353791,6.5899267909319e-05,0.0092810607780746
" 6119",18,0.636237419666743,0.152605644770796,0.00115097472915277,0.0115693088117312
" 9806",40,0.910301173393102,0.157592515241395,0.000784785413966284,0.00994621601733716
" 7166",69,1.09112844060331,0.291003495513279,0.000785443583932919,0.0103191087907697
" 9033",46,1.02659269681417,0.0864534306322115,2.45991025029792e-05,0.00838343975250637
" 8201",53,1.34939889955826,0.452948779471477,0.000643361142385611,0.0111453060548677
" 9834",24,1.03803802261711,0.256692830805541,6.99305589549577e-05,0.0107411769417737
"11917",50,1.2756003443998,0.599715818117228,8.21889745835327e-05,0.0114807467686016
"11431",55,1.10405613254997,0.183728631540804,1.64542491658724e-07,0.00903039359272089
" 8047",48,1.00905162905449,0.231995470424322,0.00049905737720091,0.00994773019002927
" 8206",49,1.26387642457859,0.42391056488473,0.000619831566078414,0.011145072661178
" 9828",16,1.02751659718408,0.235780879587339,0.0022670664500739,0.0112935775923122
"11915",49,1.22802164558646,0.578553078033015,8.96756579540046e-06,0.0114363532902378
"11425",50,0.89834109844271,0.147959420630722,0.000200495026086155,0.0092458610026703
" 9069",62,1.14521977515437,0.346535377366195,0.000826085579372624,0.0112199533378488
" 8031",74,1.48374555919046,0.743573629881538,0.00153600415963419,0.0121742287901029
" 7712",66,1.21910737390432,0.511639650060248,0.000417937928813159,0.0105916943979425
" 8042",56,0.940618594181912,0.21269978156838,0.00034307109510844,0.00976857634137957
" 9475",25,1.01080596604669,0.213872823189095,0.00286633020469497,0.0115223843439134
"11909",63,1.27761455417783,0.585315471280133,8.94288442165165e-05,0.0115373690249254
"18802",53,0.573265060423405,0.0996260540955461,0.000377542747110942,0.00948039324212143
" 7113",60,1.08768231646125,0.273347852076612,0.00111691443337942,0.0111177460288578
" 7807",48,1.31337374711655,0.477912223244702,0.00218718107037359,0.0119373910291972
" 9134",64,1.04501774048342,0.173384835806013,0.000806916379094383,0.00999181069626318
"  521",43,1.176261199733,0.430594574577676,0.00371397085047489,0.0119269379843808
" 8111",44,1.07950599586678,0.304776011983694,8.87706742498816e-05,0.0093351535944182
" 7806",51,1.25583910072307,0.472506030882892,0.00443878052623157,0.0121007735340957
" 7032",54,1.10027355090167,0.306796976278895,0.000999924721810066,0.0107067192308709
" 8006",20,1.05940212711242,0.330039151032003,0.000330648136988206,0.0106482304734121
" 8100",39,1.04346551469396,0.291759678035924,0.000242535632704959,0.0094312104092078
" 7804",25,1.0584782495516,0.429256772092993,0.0014245266215354,0.0119537172091192
" 7729",39,1.06441242540168,0.382644199628952,0.00219433866876074,0.0123173588554711
" 8010",21,0.753776496409341,0.2220325628626,0.000304897237043616,0.0107893923858876
" 6961",36,1.00111921248942,0.177467904565983,0.000333692173083892,0.00971941374589004
" 7291",50,1.11946964324841,0.401263022619048,0.000633324050394429,0.0102633652890991
" 9839",42,1.01909202677781,0.148487409479689,1.05307194661583e-05,0.00836366252165457
" 8039",36,1.04972086853347,0.335686915855031,0.00394029904775147,0.0123571739061424
" 6943",54,1.12511925474297,0.322635476443287,0.000381903123139899,0.0105347907559927
" 7576",82,1.05346708059275,0.219760678923408,0.000270919212516089,0.00889791094663161
" 7026",47,1.01470350401236,0.320260716828131,0.000671662450950912,0.0101677549956367
" 3165",59,1.43968656094051,0.548469972111029,0.00344617794530032,0.0118537090712087
" 2445",60,1.02342108546262,0.205646350419798,6.41715717469024e-05,0.00914480248503837
" 8696",65,1.27074278663204,0.616924656891207,0.000153106788488443,0.00999242738490704
" 4911",55,1.11732187185733,0.545460650708671,0.000264008427866423,0.00984534020488912
" 6708",36,1.15487262805001,0.557046069509501,0.00113559000618268,0.0112920853872072
" 7569",80,1.05665064453255,0.223914415413117,8.2271245829362e-07,0.00868292657928939
" 8779",68,1.21447403186932,0.314876093542055,0.00311544753706628,0.01080505622478
" 1180",27,1.1441689789682,0.518508883979361,0.000563228948947813,0.0103240241069551
"  338",43,1.16706853861044,0.469427563454546,0.00152596706764301,0.0104551642689595
" 7132",57,1.13025995261554,0.285105352560104,0.000123406868744043,0.00931079780532314
" 7583",80,1.05818235067045,0.228424634528917,4.52491852061491e-06,0.00868622543334195
" 8478",33,0.664400835026933,0.252225116188552,0.000423614644775385,0.0108319068926943
" 9062",53,1.16666955317322,0.399454208945562,0.000545787444831988,0.0112755951780286
" 3974",25,0.637377933107886,0.197957642666323,0.000331635391938158,0.0108415713841225
" 7557",79,1.03006624250967,0.209204075784467,5.01854599559108e-06,0.00758374929970162
" 6637",88,1.07663147701105,0.234027446888566,4.1135622914681e-06,0.00838229390273639
" 7646",42,1.09628475045866,0.470913245704796,0.00101111361124286,0.0115832604221719
"10005",53,1.10633165600478,0.183847862774355,0.000668782957346884,0.00986424782169556
" 7147",71,1.11247203139612,0.271746120584239,0,0.00857143377917048
" 8727",44,0.939215408460517,0.316166790666557,0.000382479021860704,0.0108449118726265
" 8056",57,1.2125163461278,0.499707935038944,0.000147347801280387,0.0106016997885758
" 9629",39,0.998014353608361,0.154230098244906,0.00141062278099024,0.0104962290024835
" 9077",64,1.25865554542368,0.416019976061702,0.000670099297280154,0.0110801642788602
" 9865",11,0.894066181166696,0.0796706522080157,8.27648733043382e-05,0.00915010021623013
" 7150",71,1.09894324971515,0.269020573455909,3.20857858734512e-06,0.00891287680923904
" 7015",59,1.06954030240763,0.322661966504807,0.000169314223916827,0.00926117748058541
" 4613",54,1.10383215185902,0.432709976478352,0.001688452778156,0.0123975616107182
" 8055",49,1.19564342544338,0.483970637150544,0.000271988738711871,0.0105356997199189
" 9866",10,0.881245443815644,0.0797832033186927,0,0.00915862279713745
" 5855",77,1.10969035948299,0.283751357737555,0.000156233095829959,0.0099486827028009
" 7135",73,1.10503705920422,0.26426024436184,1.15179744161107e-05,0.00876601773379782
" 7992",66,1.09314082864851,0.277829720836347,0.000300207776031342,0.00960937405815646
" 6001",71,1.10529276411508,0.248586307419319,0.00028762027541945,0.00973716222352829
" 7713",55,1.11250979815635,0.402655977959904,0.000796138845890736,0.0108773470538152
" 8048",46,1.0235562199845,0.418327922860497,0.000210367575585679,0.0105754832626019
" 7629",24,0.695856367989932,0.138997876136854,0.00241046523155448,0.0113627577979889
" 7757",45,1.17771570025235,0.488988103969378,4.30278615687563e-05,0.0102125981586017
" 9616",51,1.05620709830373,0.153251177449174,1.85110303116065e-05,0.00823982686935218
" 7136",66,1.09454844788735,0.27089355609648,9.04983704122982e-07,0.00872177321171727
" 6043",54,1.04419300430505,0.214406078226681,0.00469382138830259,0.0111050011134699
" 9264",46,1.06652534780594,0.398280786731303,0.000296011942494045,0.0101424872404307
" 7756",48,1.17163190802662,0.484241414104473,1.50556379867733e-05,0.0103369345636466
" 9314",59,1.16737670255881,0.232177764920084,0.00203884601414325,0.0104176492397747
" 6028",33,0.852149636420891,0.224767656194492,0.00235608393806127,0.0116665517484306
" 7711",69,1.19003901484926,0.474965107586004,0.00014446830767636,0.0105706074728083
" 9401",39,1.0410956084024,0.136053515117432,5.17486136266687e-05,0.00898130938090763
" 7760",54,1.13077588688722,0.4615142307477,0.000254958590825193,0.0102554893849589
" 7631",73,1.20714516614785,0.430916473949294,0.000852165564300532,0.0113570096178614
" 9410",27,1.02983517429681,0.121774453009403,0,0.00871223635058373
" 7142",52,1.0163571264413,0.245683179242131,3.19212433817925e-05,0.00930287337795801
" 7715",73,1.20676065111844,0.489438126722785,0.000286386206732009,0.0105996949879388
" 6862",64,0.971453008865805,0.213369948312832,0.000282684000669688,0.0101502212311757
" 9226",26,1.0085637293094,0.120356297855845,2.73140536153482e-05,0.00877920310673414
" 7363",43,1.01780258212206,0.351724326113634,0.00122123437309105,0.0117133767536472
" 8568",39,0.893669037831485,0.258507646857239,0.00245735984167721,0.0118187015086607
"12210",66,1.08124345180105,0.136825091337177,0.000103003599778361,0.0091553304672779
" 7018",40,0.989919707890262,0.303053759075898,0.000267299277699597,0.00985652032720252
" 9578",41,1.03712142968823,0.226791752934768,0.000416292503896572,0.0104131982568399
" 8816",58,1.05850470795957,0.229897743842652,0.00026697019271628,0.0090328706675264
" 7818",46,1.0230188488816,0.180341813756714,8.25180595668501e-05,0.009439832061972
" 7011",54,1.1314701382577,0.329536417871852,1.93337427699001e-05,0.00853042409161303
" 6946",26,0.809115772915581,0.268581172441246,0.000575898720805534,0.0108520079571606
" 9188",71,1.0688167940287,0.234369908762041,3.0440360956864e-06,0.00847329193227512
" 7069",45,0.866807067903871,0.282550324062863,0.000304156795831151,0.0105715863325604
" 7236",12,0.132103725515661,0.0362222740476108,4.36037602895619e-06,0.00840260459832287
" 7274",57,1.14740533605435,0.365827462748346,0.000752206000617857,0.0104347590677917
" 9581",30,0.953553294911436,0.202070814828899,0.000381574038156581,0.0104026239439122
" 7008",62,1.11462115315422,0.323741516851182,1.64542491658724e-07,0.00867264081637761
" 9191",73,1.03824596486103,0.228297669092067,5.75898720805534e-07,0.00845933606290495
" 7277",59,1.02786290955323,0.339702690837985,0.000492393406288732,0.0104529661822302
" 9359",91,1.01772601068763,0.0499087406936095,0.00300224230280508,0.00855476226104204
" 9641",46,1.08851498193685,0.154007926932651,0,0.00814274394603735
"15557",21,1.1370404246538,0.250642622747061,0.000294531060069116,0.0110976029680089
" 7596",49,1.20553325480039,0.406197428583723,0.00759404734627926,0.0118117103857716
" 7024",35,0.912359759980787,0.265976251165626,0.000184287590657771,0.00934664898968203
" 6798",40,0.83873558465211,0.183397743132542,0.000525795532095453,0.0101771068647321
" 9193",70,1.02394700483935,0.230414276125371,0.00126023094361417,0.00956003892330315
" 9612",45,1.0830508900456,0.152925266663034,3.29084983317448e-07,0.00819388274694967
" 1245",42,1.1104146474216,0.477012828256038,0.000108433502003099,0.009316378017116
" 7960",68,1.07996982761689,0.243816011640914,0.000144715121413848,0.00888804090793019
" 7013",53,1.01770646108059,0.306816799926305,0.000111971165573762,0.0092040131339677
" 7995",53,1.33306793575607,0.542550613456315,0.000318718806342949,0.0109609963774195
"13779",30,1.07557904780049,0.201626994243074,0.0021303316395055,0.0119991065857748
" 9610",45,1.07734458271126,0.152515856916886,0,0.00814697079735739
" 9735",36,1.04977615082542,0.16005775514927,0.000197615532482128,0.00916764808828261
" 9012",22,1.10468756454956,0.443700302656898,0.00201679732026098,0.0129301734535245
" 8595",25,0.964814493353698,0.271215032077656,0.00341721846676838,0.0115800525548153
" 7996",51,1.24891465507341,0.506505429248215,0.000776640560629178,0.0110867489327646
"13825",32,1.06274992048051,0.184666817045696,0.00101415764733855,0.0117050797487689
" 9526",44,1.16925257201057,0.245936104517115,0.00110078926919686,0.0106406072737365
" 9736",37,1.01522390415625,0.160655899699212,0.00015475221340503,0.00926458066760473
" 5949",23,0.765101289811298,0.17897184649888,0.00235682437927373,0.0119028447376657
" 8175",52,1.14662641250097,0.456722845104791,0.000640481648781583,0.0113101117039812
" 8721",69,1.288586781401,0.434786851845816,0.00106886802581507,0.0113860726774051
" 8146",38,0.931292555994951,0.303840809282942,0.00350895090586812,0.0119453938680653
" 8961",12,0.458589681842198,0.0711300531316012,0.000326370032205079,0.0106483093933971
" 7390",68,1.08963820906047,0.27113968300113,0.000268533346387038,0.00963603122762103
" 9948",45,1.1343006071991,0.210985332539073,0.00131337816841994,0.00975433883981848
" 8645",47,1.06147145518382,0.375165831124003,0.00112448338799572,0.0113095214408536
" 7427",54,1.05078518053124,0.356658166687435,3.21680571192806e-05,0.00811890573121192
" 5970",72,0.998173175394195,0.237914981841112,0.000834724060184707,0.0098481191935319
" 8722",48,1.12500287029758,0.394430464006825,0.0015917840643065,0.0113586055560185
" 3001",12,0.851912981814991,0.125619362590509,0.000968908462132397,0.01025272322416
" 7393",67,1.09064315356201,0.273127879262041,0.000118223780256793,0.00933527874741122
" 9950",36,1.07142784523865,0.194137602846965,0.000608395862908132,0.00962416769422512
" 6843",58,1.09111437395885,0.409725293756265,0.000462199859069356,0.0108303800627769
"10355",60,1.1024535086589,0.170992987289798,0.000226821824751551,0.00920056304160232
" 9738",43,1.0197014823642,0.238101463740334,0.000388649365297906,0.00977133107570225
" 9287",46,1.26514336654003,0.516463447115086,0.00100354465662656,0.0114369165140583
" 9364",13,0.468401184248261,0.109039725555839,0.0017823242696473,0.0113661996540347
" 9722",48,0.919530110851723,0.167591653046092,0.000889269896169574,0.0107586244321597
"10356",56,1.08903676408856,0.173330168372797,0.000655290473030869,0.00974080515639063
" 9299",45,1.23350439458909,0.515890018242669,0.00023216945573046,0.0113306875904809
"10040",37,1.15359934946654,0.27983436349017,0.000274210062349264,0.010420709509607
"10039",35,1.11408709780947,0.270606126516156,5.02677312017402e-05,0.0102820766274372
" 7848",41,1.10519811334772,0.272479763255813,0,0.00995565425863183
" 9672",56,1.06765917453468,0.165423059509757,2.89594785319354e-05,0.00833997150036609
"10037",34,0.988426555690511,0.246681148217897,1.64542491658724e-06,0.0100149620462187
"10154",59,1.31689085199983,0.647265087140749,0.00356127541821559,0.0123548324930966
" 7552",81,1.04043117726466,0.20610000409975,1.1353431924452e-05,0.00754141382051086
" 9322",51,1.07288137809372,0.238206272911148,8.2271245829362e-08,0.00909254406789302
" 7950",50,1.04048510869374,0.232994992283075,0.00152349893026813,0.0111867631358127
" 9798",52,1.05288767950121,0.165682418061592,0.000292474278923382,0.00965473720431452
" 7327",60,1.05441812794486,0.266063117565653,0.00116060046491481,0.00956402134681638
" 8826",69,1.05640046622801,0.230373820033391,4.89513912684704e-05,0.00830409800285922
" 8098",54,1.16028525464376,0.355210647374489,0.000122419613794091,0.0101358306480016
" 9319",47,1.06808648774404,0.235434089266992,2.55040862071022e-06,0.00902706840569163
" 7252",32,1.11431789393513,0.395023603982885,0.00444774809202697,0.0121179067929284
" 9223",25,0.964002847460646,0.126571031017464,0.0004371071290914,0.0103185745337428
"16610",86,1.19281346344607,0.41116223604295,0.000694287043553986,0.0111477976481133
" 9147",65,1.02786091069897,0.222581127631692,0.000699470132041236,0.0103900683302538
" 7577",81,1.04992525109647,0.213119110410171,8.2271245829362e-08,0.00746977403295028
" 8841",62,1.06211524388449,0.233608083646605,3.0440360956864e-06,0.00833807613537799
" 8102",55,1.12245873800965,0.349517453783136,0.000330648136988206,0.0104981956839396
" 6985",63,1.11859089797842,0.252629237344494,0.000103661769744996,0.00923166253004699
" 9313",48,1.06302865402427,0.23725830448116,6.30197743052913e-05,0.0090863237532514
" 9222",30,0.929855734418801,0.122560025024462,0.000812264010073291,0.0103153650842733
" 9472",25,1.1829378120154,0.308780766640417,0.00572451555605284,0.0120558120198102
" 7580",81,1.04417661576773,0.207948317009681,1.06952619578171e-06,0.00718874391039403
" 8833",71,1.05955190487191,0.236342993899522,8.63848081208301e-06,0.00833073298579779
" 7465",45,1.26259036815563,0.403136197141455,0.00513438390971883,0.0123925487981275
" 6976",36,0.858921761773974,0.22006228031193,0.00182255490885786,0.0108993522873396
"11850",46,1.01681198788609,0.111791522025432,0.000244921498834011,0.00949498353625516
"13555",27,1.02679426466204,0.210854725442168,0.000841141217359397,0.0118295210322798
" 9115",43,1.10884982543212,0.297771412566987,0.00126821125445962,0.0111679507480705
" 9068",54,1.20734500459872,0.341781355837106,0.00126829352570545,0.0111680024817093
" 7556",76,1.04536949869335,0.223230531728418,0.000274127791103434,0.00886580486205609
" 7562",84,0.998864338978467,0.195540139920558,3.38134820358678e-05,0.00831648279628415
" 8824",73,1.0556283850461,0.21781961724207,3.70220606232129e-05,0.00818980126880273
"13525",38,1.20484222430386,0.242067635634728,0.00306213576976885,0.0120366131553749
"11863",41,0.911324714171523,0.112008262019896,0.00126467359088895,0.00990473976719195
" 9620",43,1.08951517232845,0.171745092613239,0.00173921413683271,0.00977204110514058
" 8980",45,1.10310601691298,0.283114724514132,0.000963807644890976,0.0111050124084509
" 1287",38,1.09786469774998,0.430243758122268,0.000835464501397171,0.00902085250033159
" 6634",84,1.08291355129971,0.244964903269068,5.50394634598432e-05,0.00807445690476255
" 7589",79,1.0508328932883,0.216578351382888,1.40683830368209e-05,0.00766430652587977
" 2588",46,1.17468133270827,0.580558058787117,8.56443669083659e-05,0.011518315028812
" 8197",41,1.03355805230515,0.370085361019614,0.00110786459633819,0.0116391901823734
" 7850",90,1.1289612508868,0.263202017078953,0.000419583353729746,0.0100796669681018
" 9842",46,0.987008914539074,0.142154978592633,7.9309480979505e-05,0.00847306565658973
" 6633",79,1.05463849772515,0.240562677926474,0.000108762586986417,0.00793689703770592
" 7560",83,1.04788294244939,0.217276249737064,2.32827625697095e-05,0.00757989273481729
" 7714",76,1.17965141029596,0.480853939448126,0.000163308422971284,0.0105587849897094
" 8180",50,1.18745751652059,0.465622477836415,0.000626989164465568,0.0111741819920549
" 9120",60,1.08284905000968,0.152063057281198,0.00176397778182735,0.0101378421075457
" 7115",25,0.817144488427143,0.177614567648735,0.00149972254022344,0.0113759032119083
" 7192",25,0.606603903601967,0.162748557894657,0.000891902576036114,0.0111584152808062
" 7825",58,1.11938508671256,0.388833120289193,0.00145447335501729,0.0116585597656393
" 9836",27,1.01269440315649,0.253880102784628,5.92352969971407e-05,0.0107230343560103
" 9826",85,1.04116021130249,0.0587866329113925,0.000113863404227837,0.00684649690316744
"14259",55,1.16404232371117,0.365664741089778,0.000828224631764188,0.0107975696998889
" 9234",61,1.15905466973589,0.515288457216033,0.000968661648394909,0.0115402931138724
" 6003",83,1.12352396618333,0.257827157890632,7.09178139049101e-05,0.00943648610013205
" 8262",24,0.837361040105822,0.363302259338851,0.000417197487600695,0.0105914481787101
" 9121",51,1.12019184774778,0.156240792901942,0.00167545392131496,0.00986030541761772
" 7191",49,1.33244323400748,0.576943000066023,0.00282428959807617,0.0117435784187896
" 7119",31,0.69909705945472,0.260256596611244,0.000879973245390856,0.0111509819983938
" 9218",66,1.13123785345425,0.405012263305196,0.000952618755458183,0.0111910720828613
"10024",35,1.13016230023184,0.263833983867488,8.87706742498816e-05,0.00997974551281851
" 9357",50,1.36538068041369,0.483781025625198,0.00308443127738861,0.01241957387237
" 9516",43,1.17000533780668,0.542979737631599,0.000729170051785636,0.0111105419619336
" 9474",66,1.32484931719061,0.541928814970633,0.000632994965411112,0.0111803994374351
"14254",54,1.15788269504642,0.33948035537004,0.00128211509500478,0.0108244441920059
" 6012",57,0.91999030829141,0.207154889033891,0.00120922277119996,0.010683700360059
"10019",35,0.941255849737486,0.228602802292559,0.000110408011903004,0.00982597360829398
" 9209",27,1.05473199431954,0.261723212526119,0.0034091558846771,0.0119067520092892
" 9453",61,1.2908134858032,0.526549959085281,7.72526998337709e-05,0.0110083019999522
" 9515",39,1.08250478558605,0.470265825021642,0.00056610844255184,0.0110346206111835
" 6026",37,0.901980751422752,0.239470818350324,0.0040099005217231,0.0120536622445057
" 9413",27,1.0217487361686,0.113808391955915,0,0.00902006602520181
" 9248",42,1.19848298976768,0.383634698253769,0.00185669747587704,0.0111830328839612
" 9103",48,1.10169069906845,0.420158100244499,0.000379434985765018,0.0103866700794614
" 9411",22,1.00899770299066,0.108902748128511,0.00112621108415814,0.00934244736042813
" 9160",35,1.06173361988685,0.301077250839352,7.58540886546718e-05,0.0095818536899735
" 9783",17,1.02543743731438,0.0463304665932206,0.000326781388434226,0.00860622813529548
" 7143",62,1.06541336174602,0.257961626705966,0.00011221797931125,0.00916873741819957
" 8011",23,1.10593055608114,0.347760184931754,0.000126697718577218,0.0107119603230085
" 9174",33,1.02623246437966,0.278512793221003,0.000451669139603198,0.00983506872776078
" 7047",41,1.02231387055907,0.255417772401908,0.0006125094251996,0.0104307268312524
" 9135",42,1.06370144371367,0.294343295444411,0.000214645680368806,0.00962036935840435
" 9841",50,1.1010274763387,0.158511708437595,1.12711606786226e-05,0.00850897832572023
" 9907",52,1.10415550588046,0.183136036242155,0.000406666768134537,0.00943745784436853
" 7138",75,1.07224271977974,0.250376584889804,2.3858661290515e-06,0.00859034592009489
" 7340",61,1.07593842365817,0.250568994033151,1.21761443827456e-05,0.0083821306223989
" 9840",44,1.08955220243656,0.157021361345529,8.44102982209254e-05,0.00870179667814136
" 9906",51,1.13177190311153,0.425802205620969,0.00117499793293495,0.0117158269728218
" 7824",43,1.00583431872286,0.176562926271517,0.000122748698777408,0.0094924103504375
" 9189",74,1.07737577224083,0.23722748667485,8.80302330374174e-05,0.00819793955944765
" 9330",63,1.18176141720648,0.325704598263713,0.00148598324216994,0.0104608894785799
" 7344",54,1.0617012875637,0.245961405171855,2.87949360402767e-06,0.00820744877472078
" 9054",36,0.945892831029918,0.168683597764829,0.000778039171808277,0.0112372539004528
"11614",17,0.857592850101826,0.121903856980163,0.00402544978718486,0.0118879371573066
" 9845",38,1.0365825351208,0.148676044309672,0.000434474449224861,0.00878644464173063
"10210",36,1.10260620867195,0.187180026800711,0.00107939874528123,0.00965943032548154
" 9181",67,1.05862916707811,0.226748896213235,7.22341538381799e-05,0.008662740752119
" 8862",57,1.13452306704895,0.340934003568565,0.00238899243639301,0.0109394144754027
" 7763",20,1.05850474039864,0.198527079877305,0.00230252535702636,0.0106488242988362
" 7339",63,1.05015705366056,0.246981398938224,2.46813737488086e-07,0.00815027736506713
" 9405",61,1.1629895266609,0.562392139677594,0.000123242326252384,0.0100509492986654
" 9676",44,1.06113816735194,0.16303966457306,3.10162596776695e-05,0.00897130228235086
" 9724",35,1.11422081998957,0.272571950586192,0.000174744126141565,0.0103425600387673
"10108",31,0.930803592229985,0.155564235042201,0.00122518339289086,0.00988607541482638
"  674",51,1.36679376331484,0.5258447405988,0.00293502669496249,0.0113035317491721
" 6787",47,0.875788668372362,0.203501072424019,0.00147627523516207,0.0106185072368022
" 7326",59,1.04015445190631,0.239297837102661,8.14485333710684e-06,0.00824988308388956
" 9403",62,1.12552571340902,0.563462200381331,0.000120445103894186,0.00995654796749787
" 7728",53,0.934664978605827,0.234835067618601,0.000652410979426841,0.00972731479035172
"13819",20,1.01620971464718,0.267959789206418,0.00924457308010792,0.0128476833915983
" 9675",45,1.06470576537928,0.165195758775978,3.59525344274312e-05,0.00893294859506443
" 9723",39,1.12549091228842,0.277127383745175,0.000191445189044925,0.0103040745929132
"10548",47,1.09024349855941,0.213218394192497,0.00154126951936727,0.0106986132423353
" 7543",89,1.05914721725471,0.220312584540241,3.10985309234988e-05,0.00781435601744754
" 9182",68,0.998425351422447,0.216612200160968,6.99305589549577e-06,0.00794699172876659
" 6776",54,1.25284053476694,0.51402444304236,0.00159170179306067,0.0119784528417959
" 9678",36,1.00423076508371,0.159376808628653,0.000108762586986417,0.00947345851864902
" 9869",30,1.10877947018675,0.298608277704015,0.00067322560462167,0.0110178076273905
" 9804",46,1.06682799701304,0.164703893424739,3.98192829814112e-05,0.00946975275455682
" 7080",15,0.184546420635855,0.0440760920535351,9.46119327037663e-06,0.00925459319627734
" 7100",16,0.309841301015708,0.112336835709765,0.000125875006118924,0.0104814361300692
" 6981",22,0.383997128451771,0.172884339659307,0.000106788077086512,0.0109102248280705
" 8699",52,1.16490841125912,0.399751624267419,0.00100263967292244,0.0112642000193685
" 7736",57,1.27365638296621,0.572491517566284,0.000298480079868925,0.0107903345956801
" 8054",53,1.22038467017552,0.478374059731947,0.000463516199002626,0.0106512545764185
" 7268",66,1.00811260063515,0.196454727251815,0.000669112042330201,0.0100562909013052
"13415",47,1.11493205129646,0.278173726906471,0.000471002882373098,0.0100629825743533
" 9015",33,0.612881427560097,0.186879310025781,4.8622306285153e-05,0.0103483556375818
" 8970",45,0.678226112847606,0.263400259953192,0.00017926904466218,0.0111280560787402
" 9870",31,1.06934243084875,0.295135600312614,0.00014446830767636,0.010816362593989
" 9805",50,1.07517362807433,0.165948985296972,0.000347184657399908,0.00958966997618108
" 7007",49,0.970994810837013,0.278015932012369,0.00040748948059283,0.0109043080257922
" 6977",19,0.904927151216465,0.187266703282973,0.00303325856248275,0.0121805048421373
" 8051",45,0.991483547517784,0.3997376821518,0.000307612188155985,0.0104605779226707
" 7738",56,1.28605156837642,0.577341835748724,0.000328179999613325,0.0108633440170133
" 9465",46,1.09216209570852,0.271665299284169,0.00110712415512572,0.0105777269269653
" 9361",30,1.11663388369988,0.395286059194612,0.00193065932587764,0.0112250647055578
" 9067",42,0.755820298742054,0.241874316165885,0.000145126477642995,0.0104170046132849
" 9867",37,1.06241807429355,0.172068088811809,0.000794904777203296,0.00996121022234785
"10166",47,1.31550055914798,0.532841215891233,0.00546462069047788,0.0120708832869345
"10080",48,1.11211336868935,0.209403021866791,0.00254506098973131,0.010957095291286
" 8179",48,1.1703893983313,0.47347943719323,0.000282930814407176,0.0111537108922893
" 7630",35,0.947032110585472,0.410156154868676,0.000261293476754054,0.0103904858925791
" 7754",52,1.1598001653708,0.472496116851735,0.000222132363739277,0.0103674947834209
" 9362",32,1.0998837822118,0.396683441846185,0.000396876489880842,0.0109501717323513
" 8730",56,0.95591633467315,0.294391811360912,0.00062542601079481,0.0108115604172485
"10083",41,1.11518874924398,0.215431242262228,0.0014343168997891,0.0109917363895176
" 9833",18,0.976755871985472,0.232709388113428,0.00010185180233675,0.0107806957307326
" 7750",46,0.994950429956374,0.401507561733349,3.5212093214967e-05,0.00997829084796049
" 9374",47,1.03958198143904,0.31324732094213,0.000240890207788372,0.010183286247908
" 9447",55,1.13859496343414,0.278252260435908,0.000432088583095809,0.00967556221402008
"10830",40,1.13464385640546,0.279596402241571,0.00165686061975752,0.0110465509314234
"  958",41,1.12781443292564,0.464377051781958,7.66768011129654e-05,0.0101087486441053
" 7129",56,1.02463321444885,0.244774194576888,2.4763644994638e-05,0.00879232533013493
" 9461",54,1.12233469770373,0.270975560247302,0.000233897151892876,0.00970210575213054
" 9345",47,1.28887940660619,0.559126374916542,0.000776146933154201,0.0114491564012562
" 7705",64,1.12032558706178,0.483726361240818,0.000608971761628938,0.0113525941276235
" 9317",59,1.0760590663901,0.252003487557401,0.00102954237030864,0.00952819240741712
" 9389",42,1.00312122588014,0.232667061708277,0.000682439984154558,0.0103293866748943
" 8814",66,1.06029540041211,0.214576464189149,9.95482074535281e-06,0.00774911853845221
" 9673",45,0.993487922465415,0.151760406873703,0.000156397638321617,0.00959197910853646
" 9388",46,0.998683235165956,0.234679376699051,0.000898237461964975,0.0103058588915077
" 9329",65,1.11349747967412,0.254344075584831,8.2271245829362e-07,0.00846607652698106
" 8632",46,0.995880899385829,0.331696607930795,0.00076339489005065,0.0104566956190687
" 8077",58,1.20712436975507,0.376302047336142,0.00219433866876074,0.0116217271667825
" 8839",67,1.05741659374773,0.217276884190745,1.15179744161107e-06,0.00796511712337254
" 8085",46,1.06894446016545,0.301340026709529,8.71252493332944e-05,0.00908280402154107
" 9327",65,1.07414558851581,0.240331156575882,2.35295763071975e-05,0.00857505432642851
" 7003",57,1.00789494424679,0.326826574360997,0.000210449846831508,0.00928952149399876
" 9283",74,1.11926908158982,0.247071818483043,0.000396794218635013,0.00992550083028376
" 7248",41,1.10453186961368,0.301983144848004,0.00139235856441612,0.0112735013807759
" 9831",46,1.07586572753145,0.163650491916124,5.79189570638709e-05,0.00919764048287258
" 9355",36,1.01089552726758,0.16612735226795,0.00224041056642519,0.0109755552829075
" 9843",44,0.92292818420161,0.138235146406755,0.000676927810683991,0.00940309020107651
" 8107",40,1.06230858924703,0.30229595394092,0.000547926497223551,0.00985604732978849
" 8837",61,1.05972219665175,0.208955203162469,5.42990222473789e-06,0.00790472434011048
" 6987",69,1.0856770227332,0.240072085457606,1.11888894327932e-05,0.00899051549643354
" 9301",59,1.04166088762033,0.250719537793461,0.000305966763239397,0.00879791535807365
" 8163",28,0.869388053858654,0.438163264604669,0.000312713005397405,0.0125595428535992
" 7324",67,1.15456278450989,0.338838406091215,0.00263374939273537,0.0101021249238876
" 8621",48,0.967367174008215,0.339079795752905,0.000399920525976529,0.0102325993667767
" 7885",52,1.05504251714494,0.227109505808136,0,0.00808514894952873
" 8181",8,0.295371712525017,0.043715049359606,0.000388567094052077,0.0102758319287923
" 8757",53,1.04400921179663,0.385420607474194,0.000340932042716876,0.0103319878004051
" 9803",55,1.06538873184483,0.167292544349935,0.000252161368466995,0.00960342669651807
"11532",13,1.05550235152668,0.134086123413628,0.00113723543109927,0.0102904429008696
"11248",26,0.920379222401389,0.127261462278727,0.00232951032565839,0.011117556722132
"12737",44,1.04614360706703,0.206349211466801,0.000855867770362853,0.0104863547653845
" 8811",57,1.10117523032908,0.248560589500145,0.00148762866708652,0.0101486353996222
" 8802",49,1.06732702282448,0.216589970333616,0.000429209089491782,0.00970211655954944
" 6980",52,0.923294341312872,0.198342538671557,0.000665163022530392,0.0103108274416858
" 9320",69,1.08271566207052,0.242583709144447,5.75898720805534e-07,0.00818747160149675
" 7892",53,1.05643454000716,0.226623527890999,0,0.00806700559769686
" 8764",53,1.23913117744137,0.450764896830413,0.00174571356525323,0.010692119873234
" 8627",57,1.13563202370666,0.390374617330087,0.000268451075141208,0.0102981484309325
"13628",43,1.07912664588738,0.288898464742312,4.18760641271453e-05,0.00905993980659984
"11412",15,0.976422593793929,0.116788338372502,0,0.00994093768977002
"11226",30,0.879331958168052,0.132570365628739,0.00229141873883939,0.0110679232883797
" 8806",67,1.05582154524872,0.214065792847678,0.000104319939711631,0.00808569310621717
" 8103",37,0.923869360786783,0.259125766681462,2.89594785319354e-05,0.00895878875135603
" 7879",54,1.05096158505552,0.226625826108928,8.2271245829362e-08,0.00809642012798344
" 8155",50,1.16459798761162,0.39482279822176,0.000591118901283966,0.0107144300259263
"13635",47,1.0871358055616,0.287559800455072,0.000351215948445547,0.00935217580274882
"11521",10,1.01760965488281,0.105850999960408,0.0010095504575721,0.00981786884646475
" 7019",48,1.00091603753267,0.303831428164893,3.4553923248332e-05,0.00894852196138505
" 9307",67,1.11775996647736,0.24405824000398,9.97950211910161e-05,0.00892866082926554
" 7891",55,1.0455426185783,0.23778697789453,3.29084983317448e-07,0.00803040162929594
" 8152",54,1.06923783781225,0.370499437107852,0.000276184572249168,0.010509587617693
" 8828",72,1.05250499483031,0.221541993859862,5.67671596222598e-06,0.00796293768046834
" 7175",54,0.900225742486148,0.365292125961934,0.000262033917966518,0.0113501636889941
" 7797",65,1.33893236803984,0.523445167193312,0.0051370988608312,0.0123003850648017
" 7656",43,0.804792787908459,0.265906097461407,0.00116315087353552,0.0116707590501088
" 7570",68,1.07069137157763,0.250779822164035,0.00120502693766267,0.0101295905879558
" 7072",54,1.21949050152658,0.44964441568242,0.000309175341826742,0.0108309421416868
"14864",53,1.22757494525157,0.379478642243978,0.000429044547000123,0.0113401550118347
" 6027",55,1.21243308987898,0.470775443382607,0.0040135204565396,0.01201354358039
" 9615",37,1.04018164672966,0.149647200729234,0.000214810222860464,0.00856856385857581
" 7074",46,1.03854954149465,0.344210379676713,0.000539863915132274,0.0108250390989612
"14857",41,1.04699214966129,0.345362325671602,0.000568247494943404,0.0113376684861707
" 1100",27,1.09381329793909,0.458097308901571,2.84658510569593e-05,0.009886923047614
" 8029",57,0.845917684004522,0.345588151283133,0.000160922556842232,0.0103636748859208
" 9099",41,1.03244349835981,0.410362712793902,0.000412261212850933,0.0107462581105083
" 9777",13,0.977338046697434,0.0429423444112176,0,0.00845456153848764
" 7144",69,1.10255518661786,0.267948959297683,5.75898720805534e-06,0.00901274447606215
" 7573",75,1.03186878590557,0.223019365292407,0.000570468818580796,0.00943501307625329
" 9095",42,1.06204760297248,0.406140639709033,0.000974420635602964,0.0108966923476821
" 8005",60,1.52902517371986,0.770576793287476,0.00260158133561609,0.0122814735718658
"12832",41,1.35941373795841,0.749230858583977,0.00138849181586214,0.0121662993871772
" 9784",13,0.979023733990116,0.0430388790888679,0,0.00854338243764982
" 7139",69,0.986838020763644,0.232261489282097,0.000234966678088658,0.0101249908352224
" 8070",65,1.11535649824842,0.363250212980163,1.02839057286703e-05,0.0105667043424364
"12827",45,1.22482796998336,0.69806056846258,0.00054932510840265,0.0119133457588265
" 7332",61,1.05310985702462,0.241501586832427,5.01854599559108e-06,0.00812888024923183
" 8072",56,1.11048592941606,0.368879431055491,0.000447884662295047,0.010658523412144
" 8161",47,1.20531040351863,0.318045821736404,0.000649120129593666,0.0104614100318904
" 8940",48,1.07960118744026,0.31443991411105,0.000187331626753457,0.00953875711723017
" 9785",13,0.96019607340136,0.0420236353016778,0,0.00830798686787432
" 8160",41,1.0414553899069,0.277146871419504,0.000330977221971523,0.0104318076669099
" 8071",62,1.0724504254683,0.342642313117952,4.06419954397048e-05,0.0104155309332832
" 8159",51,1.29391434231946,0.544377461578822,0.00255386401303506,0.0122364754911271
" 8932",40,1.06017431396159,0.350269608595154,0.000226492739768234,0.0103657036240099
" 8678",27,0.78255023769859,0.271008547427429,4.35214890437325e-05,0.0103121637015099
" 7149",49,1.00782935783392,0.216922757971826,0.00118536410990945,0.0107480671569104
" 7350",64,1.07476406477801,0.257120320509179,0,0.0081247152862386
" 9002",44,0.904429906254279,0.323793984556583,0.000631760896723671,0.0106002610686503
" 8664",28,0.880605112279859,0.312206094209296,0.000284493968077934,0.0106437574445386
" 9087",51,1.10067758960782,0.373305323464681,8.0214464683628e-05,0.00982592686262438
"12875",52,1.0656578881125,0.191533176628258,9.98772924368455e-05,0.00919086142444341
"13343",53,0.930818527605796,0.166164922736336,0.000197697803727957,0.00890149499011588
" 8571",46,1.41127580873316,0.561915179556951,0.00174620719272821,0.0120016521593765
" 7343",62,1.07234885332666,0.250334638541142,2.46813737488086e-07,0.00803857860392982
" 8921",41,1.02689485167072,0.314417060454275,0.000775571034433396,0.0107938896019684
" 9085",49,1.14093183611939,0.393868586875495,0.000383137191827339,0.00988546947919155
" 8665",44,1.08366439516691,0.374679174776066,0.000988489018639785,0.0110773044102904
"11918",51,1.10037179665156,0.321638875003786,2.12259814239754e-05,0.00951401248884667
"13324",49,0.860268474385078,0.292150501869953,0.000566684341272646,0.0116022355259902
"12874",49,1.06581894308056,0.2023013574907,0.000103497227253337,0.00922646363763515
" 8573",46,1.25823707433875,0.504054798880832,0.000906382315302081,0.0118190117047978
" 7335",57,1.08242355042282,0.269914863308738,3.26616845942567e-05,0.00852657114771637
" 7233",61,1.18434372286748,0.540953725524558,0.000837274468805417,0.011187366027148
" 7456",54,1.09069163853551,0.216890645642979,1.80996740824596e-06,0.00839548385949129
" 8919",48,1.13174146531296,0.282684920543382,3.00290047277171e-05,0.00958239851131239
" 9089",54,1.1181247676825,0.376893055104532,4.23696916021214e-05,0.0098450499717993
" 8668",39,1.16688486592965,0.432153434125735,0.00123563184111119,0.0112076617837821
" 7959",65,1.26113168347922,0.489559635600287,0.00127183118927611,0.011193162785234
"11903",41,1.04646011975785,0.311174424230202,0.000242700175196618,0.0097551741973994
"12836",44,1.01469907441757,0.186325238142834,0.000146525088822094,0.00921305431401365
"10570",39,1.07639841296611,0.18870582056137,3.94079267522644e-05,0.00959731181419575
" 7353",63,1.04738766834728,0.247391962981269,2.63267986653959e-06,0.00814853240909373
" 7675",56,1.08963808321257,0.216185083475195,0,0.00830113490523524
" 7234",63,1.20855669899582,0.549568380895078,0.000333774444329722,0.0109490169749552
" 8929",35,1.05898881089846,0.321090619115891,0.00019736871874464,0.00982834046103215
" 9669",48,1.21844653353467,0.55583634707673,0.00133690774472713,0.0115883728163831
"10560",47,1.08964545086038,0.188857813931501,0.000466066607623336,0.00966277982854447
" 7680",55,1.08650421213623,0.217075304822872,9.46119327037663e-06,0.00843659733432389
" 8012",45,1.07941049061839,0.419714344736348,0.00053385811418673,0.0110647111340993
"10580",50,1.12373450985516,0.197955165908997,0.000192267901503219,0.00944997502003036
"11633",30,1.09675175507185,0.199353628179695,0.0020571925019632,0.0101521129850304
"18894",51,1.08526816882966,0.181647935407884,0.000221556465018472,0.00933628281169923
" 7546",69,1.02360936413756,0.211803658922569,8.2271245829362e-06,0.00813106360427032
" 7329",61,1.06327816686894,0.256369315143139,1.88401152949239e-05,0.00825933098006335
" 7674",54,1.05923526124119,0.209803124291298,4.93627474976172e-06,0.00834380349388824
"15103",45,0.862843896046797,0.312484029049266,0.000699799217024553,0.0112386432136232
" 7001",67,1.08429513417293,0.338551550382409,6.73801503342475e-05,0.00846012289105874
" 5735",33,1.0007807712616,0.270759721370188,0.00821865064461578,0.0124681507317174
" 7281",44,1.01009420422735,0.320351965771605,0.000368575181315542,0.0102482959657559
"14865",48,0.931990008771546,0.291403327049696,0.000717898891107013,0.0113206858054595
"11315",78,1.30667351044378,0.467682084411092,0.00128318462120056,0.011702074191875
" 6032",64,0.975336028075474,0.352694613023235,0.00149346992554041,0.0111361318825176
"14853",33,0.82447077071672,0.281396727719984,0.000322503283651099,0.0109512179381857
" 1172",36,1.13892151309704,0.525049803153369,0.000555084095610706,0.0102457696488797
" 8703",60,1.32161944482282,0.556404659294261,0.000808890888994288,0.0112271602408678
" 8847",34,1.0679089387071,0.221758985708664,0.00302223421554161,0.0105091050287029
" 8704",52,1.26521775026047,0.544107294013668,0.000512878946500243,0.0113057433339211
" 7460",40,1.28058909218347,0.489568196550322,0.000960105438828655,0.0119201894555183
" 7911",52,1.03139184890197,0.247282960039681,5.73430583430653e-05,0.0087904223348692
" 8566",27,0.597398214864825,0.186818850422,0.00102666287670461,0.0112431443171246
" 7451",46,1.27267753224051,0.502588517394943,0.00139523805802015,0.0119568884269873
"16125",28,0.794474693649092,0.294741378779681,0.00173921413683271,0.0119471790077978
" 6797",39,1.2081282777442,0.622690397346556,0.00319179525319593,0.0124144040722933
"11926",63,1.50572524160592,0.67125631687338,0.00194703130379768,0.0119903750109303
"13370",62,0.964342038755043,0.181987137730821,0.000149322311180292,0.0087870328594762
"11360",76,1.15125417189744,0.213976199317104,2.54218149612729e-05,0.00880035548991555
"14225",58,1.14212707876097,0.335329543329756,5.41344797557202e-05,0.00991151256545484
"11635",37,1.1573114250394,0.417571111155101,0.00491792826194177,0.0124350650193107
"14132",51,1.06930877813585,0.327254091557252,0.00140066796024489,0.010949100194579
"13584",58,1.17055229985089,0.380836815391056,0.00211757959640195,0.0117382026990994
" 6955",43,0.799056651847362,0.263784590922871,0.000605763183041593,0.011000860990358
" 9348",60,1.08716433197898,0.341820118293609,0.00125266198899787,0.0112042472327965
" 9402",64,1.22767696971734,0.404918470569773,0.00181070784945843,0.0112655131531977
" 6799",41,1.23699478051702,0.507815576844966,0.00547457551122324,0.0128826736258882
"11919",41,1.15256918947222,0.516613164822146,0.000454877718190543,0.0117037230138331
"11602",70,1.1305844269093,0.213647719722079,9.98772924368455e-05,0.00880507904919356
"14221",59,1.14512692522732,0.340210457288961,0.000110654825640492,0.00986600898209383
"14294",47,0.970224692055545,0.249152646891212,0.00123373960245711,0.0107923152186658
" 7285",33,0.904383227868774,0.171884231617987,0.000168326968966875,0.0106771075920241
" 7988",24,0.739243534997387,0.132431052210813,0.00533405622334669,0.0119193588737979
"11365",39,1.05598663890428,0.190154193094705,0.000201893637265254,0.00898058512315911
"12043",34,0.777275534267708,0.281327584146411,0.00321433757455317,0.0119784940672562
"12337",72,1.17694456805449,0.289955584318296,0.00133139557125657,0.0113244060210148
"14217",49,1.22858274050349,0.364401451939755,0.00111971165573762,0.0104343624570931
"14522",48,0.807632557736371,0.265467650541794,0.00178874142682199,0.0107313079955166
"15099",36,1.2156500765919,0.418154928612916,0.00183678783438634,0.0117564129792253
"12344",76,1.15673978667563,0.282809440193807,0.000844020710963425,0.0112346784243414
"14216",54,1.137362138715,0.353712337096078,0.000185768473082699,0.010032707206196
"15096",36,1.04959491852234,0.364866530368002,0.0021420964276591,0.0116590436030958
" 7758",35,0.818885751546374,0.098655502116078,0.00155755922604148,0.0110545983961797
" 7282",35,1.08498379423373,0.206056138190933,0.0025806021679296,0.01102178404842
"14544",46,1.31573379213568,0.396691578380492,0.00303013225514123,0.0120649150583352
" 6656",57,1.29762952376688,0.547767046180896,0.000833160906513949,0.0116102297897017
" 8069",58,1.08305099940038,0.348718303906564,0.000226328197276575,0.0104224128476246
" 7283",36,1.07121754694964,0.223560096246803,0.000940771696058755,0.0108667469565823
"14549",44,1.18079341982785,0.360171075176107,0.00216587281770379,0.0119506583457196
"14543",22,0.685646589285579,0.239236842360814,0.00148154059489515,0.0118797978495533
"15654",51,1.3366432386805,0.458472109615537,0.000842210743555179,0.0112729005873381
" 9311",50,1.02809998541108,0.240466461762226,6.72156078425888e-05,0.00996083275060319
" 9844",37,0.980754005097659,0.157502258921166,0.000407900836821977,0.00927874967024399
"10038",37,1.05020537057049,0.251435408919517,9.78205112911115e-05,0.0101708704609841
"15669",31,1.06028677376609,0.382768933497412,0.000397946016076624,0.0112171572956678
" 8843",62,1.07612609355569,0.270907892424506,0.000322914639880246,0.00959020422729471
" 8110",48,1.11727339444472,0.357363666756463,0.00154538308165874,0.0109870338680402
" 7882",67,1.07330000156437,0.260460058828148,3.75979593440184e-05,0.00833208535369484
" 8920",34,1.08442426121343,0.322507245674399,9.70800700786472e-06,0.00973869453488947
" 9090",60,1.12879189171158,0.408628981070402,0.000229372233372261,0.0102391541788444
" 8667",43,1.20428125468196,0.423005845315866,0.000174579583649906,0.0108913928001123
" 7308",48,1.20098552498765,0.438649149701648,0.00229273507877266,0.0120322100019036
" 9212",52,1.15598839394038,0.492163322227757,0.000130811280868686,0.0112277668697557
"10046",29,0.929152168892807,0.233217594234407,0.000983635015135852,0.0106415171759292
" 9235",51,1.07931158747172,0.267741285174377,0.000355082696999527,0.00988328706904786
"15673",27,0.915027419180061,0.363500394896879,0.000375156880981891,0.011153350062138
" 7548",71,1.04838216766982,0.222678578674077,1.64542491658724e-07,0.00910889441078612
" 7868",65,1.05396053511283,0.259568606781282,0.000473471019747978,0.00881073079354171
" 8670",42,1.09501492710463,0.386935801156713,0.000454137276978078,0.0105911243322601
" 8930",46,1.07219393931546,0.320426371387711,2.40232037821737e-05,0.00952826338783208
" 9093",44,1.1726925259529,0.43977722254651,0.00154390219923381,0.0110788835875235
"16128",53,1.32518795759797,0.516105845028437,0.00306822384196023,0.0123634169067707
" 6038",84,1.04198629013579,0.241259182951721,2.07323539489992e-05,0.00840936153236115
" 7545",72,1.00430487679409,0.220706639797324,0.000140930644105697,0.00949580720503575
" 7898",68,1.07395021186601,0.266925640088708,9.15678966080799e-05,0.00839572810781159
" 9517",54,1.21340333671222,0.510042654965261,0.000393585640047668,0.0108870907901364
" 6036",73,1.00137312430939,0.217529878377118,0.00200141259729089,0.0106959066357976
" 9305",60,1.0646397891161,0.229935144372234,1.71124191325073e-05,0.00874249785414061
" 1230",37,1.10724334523512,0.464267158153762,0.000413413010292544,0.00946272720862131
" 8848",61,1.07922425507035,0.245611044658222,0.000351627304674693,0.00949264539689871
" 8984",53,1.23343584302035,0.454189546949041,0.00301244393728792,0.0120007250776349
" 7542",83,1.04875614791396,0.228501549741276,0.000164460220412895,0.00836919500238677
" 6053",54,1.09794602390538,0.243860308130429,0.00250935526904137,0.0113922395372449
" 7735",54,1.07476713869154,0.502305491823083,0.000133608503226884,0.0108911106585747
" 8053",57,1.12181563878356,0.460235452436747,0.000167175171525264,0.0103642046402259
" 8651",66,1.29241452066058,0.617219223974625,0.000522998309737254,0.0114154755065256
"11496",51,1.25100178342674,0.373865498015086,0.00307143242054757,0.0119118176625445
" 8653",53,1.18123824822503,0.576245291283775,0.00015088546485105,0.0112193618475188
"12577",50,1.1395399996713,0.282598895340009,0.000213000255452218,0.00946925803453819
"12951",31,0.773535003582747,0.20346325146043,0.000144632850168018,0.0093558977619708
" 7655",59,1.20140566905245,0.421128304673351,0.00125290880273535,0.0112379895487822
"14545",47,1.28048286356477,0.383146390614994,0.00102452382431305,0.0112054469197771
"15353",60,1.04710745478129,0.355067837903678,0.000771457472141928,0.0108778047586944
" 7755",44,1.08674556696728,0.46695755506865,0.000458826737990352,0.0105230167070086
"12578",59,1.16355105649257,0.299518856610825,0.00186624094039325,0.0104328017715776
"12949",34,0.840855127060402,0.206952983395817,0.00354375164285394,0.0109785658576438
"14547",41,1.10171904949186,0.32664199684828,0.000136817081814229,0.0110625233050102
" 8004",60,1.2252105888384,0.631688470273015,0.000108515773248929,0.0114773292130484
"10926",48,1.11087759945618,0.255788363230799,0.00223053801692566,0.0111606973504799
"12932",44,0.997942381631269,0.293772692165801,0.001408812813582,0.0109647218353255
"12575",62,1.13647491983623,0.296403950235389,7.51136474422075e-05,0.00944304017124772
"13736",57,1.10024361264449,0.240613097558196,2.23777788655865e-05,0.00952184099291453
"14510",27,0.675839303226293,0.189526091123808,0.000620901092274195,0.0107748192248257
"15647",39,1.2958264203138,0.505460599610447,0.000769647504733682,0.0114137197473945
" 7312",65,1.01617344578695,0.244424702774418,0.000529497738157774,0.00897683985584709
"11103",30,1.04347826158144,0.251324876450576,0.00197319355997142,0.0112245226465349
"12540",58,1.12589224134932,0.286613550772626,0.000125875006118924,0.00948222475576717
"13781",53,1.12907166609984,0.262254676609661,0.000103661769744996,0.0099052254110263
"14272",68,1.09667197903683,0.362243838916775,9.16501678539093e-05,0.00995080809981006
"10687",18,0.778002715487741,0.192688332905386,0.000227068638489039,0.0112991212529863
"15646",37,1.29173358800095,0.502146437099535,0.000583961302896812,0.0113626631566778
" 8988",39,1.09046090269899,0.294954973914233,0.00100806957514717,0.00998498824947391
" 7893",50,1.04334461932692,0.221522731047691,1.15179744161107e-06,0.00813248631454767
" 7721",29,0.66586562891981,0.148226399065402,0.00193329200574418,0.0117317679611102
"13768",54,1.11511842247865,0.258677562646956,0.000157138079534081,0.0099163746319777
"15661",33,0.997743296727421,0.383334184281838,0.000779931410462352,0.0115315679903251
" 7650",70,1.22186054998995,0.459702232828354,0.00300388772772167,0.0122392255462449
" 7881",56,1.03178914417232,0.219154142498491,6.00580094554343e-06,0.00811605526569884
" 9799",48,1.09158525090378,0.179917407883197,5.89884832596526e-05,0.00888060038497921
" 9332",55,1.03375889216395,0.231201830087486,3.29907695775742e-05,0.00869494437146116
" 7936",51,1.0150800486377,0.219200196567703,1.30811280868686e-05,0.00804671071406855
" 9971",36,0.656703126865026,0.234012476582351,0.000382890378089851,0.0110939845832593
" 9862",48,1.23439443357294,0.564269795633264,0.00152711886508462,0.0119039355576511
" 8804",64,1.06914293915599,0.246615416974346,4.27810478312683e-06,0.00910151731806853
" 9863",49,1.22532423876623,0.547006172335622,0.00102024571952992,0.011804427979682
" 7260",49,1.11283194789709,0.353226011901569,0.00292836272405031,0.0116400278190278
"12850",54,1.11879329506896,0.229757162390362,0.00112522382920818,0.00964492743518483
" 7258",39,1.01148278134693,0.331508914302532,0.000566355256289328,0.0115226864235454
" 7346",62,1.0747655925049,0.252758867073238,0.000337723464129531,0.00930734639684258
" 9184",71,1.05877107389884,0.231741508265362,5.42990222473789e-06,0.0088671880924121
" 7687",54,0.946674086979254,0.20412330541453,0.000140848372859868,0.00892625692956644
" 9688",44,1.09022719085483,0.173228536239345,0.000546692428536111,0.00955156872380957
" 9459",52,1.09998308453171,0.264127021754556,0.000146278275084606,0.00964125723987256
" 8740",46,1.22720018099056,0.47910362946495,0.00094521434333354,0.0115177622728804
" 9849",35,0.941597774091298,0.135776769911199,7.35504937714497e-05,0.00862346871539341
" 8725",38,1.40669654888285,0.488973746671471,0.00418127152678567,0.0121370358721809
"16056",69,1.31195866126816,0.606584763019703,0.00335510367616721,0.0124444205669084
" 7338",71,1.05364114798448,0.249367834154102,0.000279969049557319,0.00854859087541433
" 8002",33,0.770994833151664,0.345954472134228,0.0003894720777562,0.0109563666513225
" 9807",45,0.920703305481927,0.143367633041664,0.000194900581369759,0.00936153894158741
"10344",44,1.17154651486517,0.449305432340816,0.00148121150991183,0.0117237897982516
"16137",62,1.12229715984936,0.491623832706214,0.00482636036533369,0.0124162938439807
" 1281",41,1.07669171866708,0.428335324660978,2.96176484985703e-06,0.00861314124761703
" 8602",40,1.09376388738831,0.430913384944243,0.000613743493887041,0.0110333327858843
" 9679",32,1.0418854816114,0.178834612917067,0.000605022741829128,0.00981170398076044
" 9689",46,0.992911184247404,0.151774597209893,0.000120691917631674,0.00941528941811917
"14459",48,1.16295613002662,0.464677169026756,7.70058860962829e-05,0.0109754262393519
"11869",45,1.13053416266684,0.233019561048472,0.00178257108338479,0.0102386048731001
"13449",40,1.22914025057277,0.479823222048638,0.000795316133432443,0.0113292830034152
"10446",47,1.14466335311034,0.411700208278114,0.000866809846058158,0.0117766558903103
"11896",48,1.30039439222387,0.573520156279529,0.00100025380679338,0.0118355756284717
" 7133",68,1.11424430013057,0.288293689117597,0.000784785413966284,0.00995536029095668
"11980",51,1.04266116232912,0.223690347277754,0.00632081754582406,0.0105289843227102
"13448",50,1.10905985479397,0.436944696847081,0.000705311390495121,0.0112423348623162
"14220",47,1.17422833076157,0.468275132698035,0.000855867770362853,0.0111940423012138
" 9852",40,1.02656179381485,0.158397533690298,0.000214316595385488,0.00974447144219582
" 9903",60,1.03025918131734,0.212479921854781,0.000236200746776098,0.00924358920193223
"11373",40,1.23219800572119,0.453828629646449,0.000306295848222715,0.0105973243869838
" 6188",33,0.733068580022192,0.149093015502109,0.000730733205456394,0.0109755429783603
" 7708",23,0.842962721985564,0.167007100492605,0.00473298250131737,0.0113292425297411
" 7731",53,1.20048603791156,0.615455408887507,0.000724398319527533,0.0116736149175914
"11349",41,0.685873155355726,0.123528117080577,0.00302083560436252,0.00933101239623867
"12001",37,1.02944495022204,0.223438822160107,0.000954840079095576,0.0103035732890398
"14246",49,0.968372866125025,0.340043504634403,0.00039852191479743,0.0105079433485606
" 9812",35,0.934297565472432,0.151457995134799,0.000126944532314706,0.00955495633309835
"13354",47,1.11306343472952,0.312818088536008,2.51750012237848e-05,0.00904118905087506
"10503",55,1.20942994567978,0.458198908611048,0.000836616298838782,0.011372242614634
"11068",85,1.46226640735894,0.521407944018172,0.00180881561080435,0.0115439334616841
"11372",41,1.19627015111747,0.434913311946026,0.000202634078477719,0.0103457514630428
"12247",27,1.00318722166822,0.212518046392584,0.00641041093253223,0.0120696213932605
"13626",46,1.09349316877461,0.299316491525868,1.18470593994281e-05,0.00911112731121459
"10489",48,1.11934085596195,0.384986271496189,0.00123826452097773,0.0115064322930717
"11071",59,1.08435853973976,0.451160167919756,0.000255205404562681,0.0112213707568324
"15674",61,1.28080145753351,0.546558801925167,0.00186327917554339,0.0114284942106802
"13632",40,1.08151466787964,0.306789635309707,0.000697413350895502,0.00951372039858323
" 7896",56,1.1544278261501,0.357256041563823,0.000603706401895859,0.00980488569835539
" 7345",58,1.06581778356982,0.258627265010634,0.000162156625529673,0.00867638783585703
" 7889",60,1.15786983548122,0.353430852628349,4.91982050059585e-05,0.00955612214674138
" 9770",50,1.10100487278129,0.319329376754782,0.000655866371751674,0.0106429824192677
" 7932",57,1.14166016061896,0.360400740581349,0.000100700004895139,0.00959901299494005
" 9321",60,1.10767730490783,0.238729987990584,0.000267710633928744,0.00877377488502496
" 7398",65,1.09622710231312,0.266514764850854,9.3624677753814e-05,0.00943265369466975
" 8812",61,1.07310191294739,0.247549984771732,5.46281072306964e-05,0.00915727675886866
" 8108",35,0.947600434687179,0.276527764066363,0.00103538362876252,0.0105145202818677
" 7981",39,1.13873564317941,0.457985558948873,0.000448131476032535,0.0107720089166802
" 7980",47,1.1033398762381,0.449719924579827,0.000295189230035751,0.0106601088701896
" 8901",47,1.08448538638165,0.241820255263075,0.000876517853066023,0.0100987033491085
" 7886",54,1.0581749552368,0.235727582852321,2.7725409844495e-05,0.00840057276312437
" 8990",52,1.09733594336667,0.222502097525908,0.00017285188748749,0.0100067789109573
" 9206",47,1.15854888368076,0.490049285387553,0.000791449384878463,0.0116254206283836
"12174",67,1.29308848305922,0.42235605209932,0.00233749063650383,0.0117343383839064
"11937",18,0.325954972281999,0.0898168405320984,0.000354918154507868,0.0103928873586057
"11609",51,1.15829990790597,0.32690178068766,0.00138404916858736,0.0113105899585175
" 7670",49,0.972820187102875,0.196854747325081,0.000139696575418257,0.00842160925118311
" 7883",57,1.0772742905599,0.248137252259923,2.25423213572452e-05,0.00825557177113949
"12187",74,1.22913337919343,0.3736652612879,0.000536161709069952,0.0112462649479656
"11607",22,0.403845458179794,0.108169159648688,0.000198767329923739,0.0103817947133904
" 7023",45,1.03336024719248,0.319157326025428,0.000255123133316852,0.00928710032982367
" 8744",40,1.15019273312656,0.454131308889076,0.000861050858850103,0.01130146199989
"14846",36,0.919179178846429,0.321635222177536,0.000262527545441494,0.0112796256052942
" 7471",58,1.07520631809443,0.2660943307567,0.000751547830651222,0.0108096414525737
" 8743",42,1.11714431991675,0.445003922441677,0.000288360716631914,0.0112162125639323
" 8182",70,1.18050670394207,0.400361508243612,0.000146607360067923,0.0104158330201922
" 2309",55,1.33949091648197,0.668141944913006,0.00117680790034319,0.011908544649794
"12693",45,1.13352979816681,0.273929399305348,0.0019218563025739,0.0105707115013347
" 7194",34,0.705246032312671,0.334279665196814,0.000121925986319115,0.0107002157525667
" 8184",57,1.0066257798233,0.370316197916288,0.000169231952670998,0.0105412218589953
" 6836",26,0.932557479493567,0.458477514988341,0.00380455149213302,0.0127581326907167
" 2313",46,1.1946388344722,0.552662742341023,0.00112530610045401,0.0115673099911171
"14251",42,1.09707449444509,0.28108316512558,0.00156438773944532,0.0104766621286876
"13710",59,1.05009204969688,0.301610040984803,0.000510986707846168,0.0106838183923104
"13236",39,1.03692061147303,0.372847004129188,0.000841634844834374,0.0115656672171732
"11925",59,1.12572724033465,0.322808700884439,7.96385659628225e-05,0.00966557917204662
"12696",39,1.03539269112783,0.435314098564998,0.00201655050652349,0.012027415832035
"10069",56,1.06523817700449,0.337224677009147,0.00214867812732545,0.0110340114818291
"11419",38,1.04814249671311,0.255823616151613,0.000196299192548858,0.00994761543170779
"14070",61,1.08138428776227,0.246249904127801,0.00168713643822273,0.0105566887294254
"14710",86,1.04469625569332,0.197979786225644,1.48088242492852e-06,0.0077197080515147
"14351",28,0.598629743588772,0.176301348599507,0.000584372659125959,0.0110963805550964
"11411",26,1.03471745164938,0.255424346978871,0.00124723208677313,0.0102551315475679
"13590",63,1.00075940726134,0.293470534461284,0.00134735619294746,0.0107819567694869
"12799",44,1.27823741176669,0.508889363528869,0.00252531589073227,0.0121556476233005
"11921",56,1.10533365778919,0.325248061529046,0.000186837999278481,0.00966959710769235
"14716",85,1.04432155957985,0.198278830760246,0,0.00769883690385133
"14043",18,1.07858596513066,0.242032679078696,0.00229841179473489,0.0111429612136296
"11651",52,1.28651818588891,0.443362730102027,0.00318044182127148,0.0128737115481721
"11920",51,1.11097984625649,0.31660963466266,0.00015985303064645,0.009660871808387
"10020",40,1.14998440536297,0.418721311603854,0.00153756731330495,0.0117042245359337
"10135",43,0.868253773283117,0.304993413129064,0.000751547830651222,0.0112500517466538
"11624",53,1.21694722940073,0.487672875389272,0.000620078379815902,0.0113161947320098
"10966",41,1.2352003674936,0.559152500211996,0.00315650088873513,0.0123462797681035
" 9734",39,1.27467265804264,0.517069470495206,0.00159622671158128,0.0118295280636993
"11329",62,1.31509636953477,0.48936548458777,0.00232835852821677,0.0118286770560242
"14722",82,1.04458149371664,0.19763069885059,8.2271245829362e-07,0.00780297320901501
"10481",71,1.06333921896601,0.228372857570751,0.00148647686964491,0.00921180524680398
" 9898",30,0.893425218311116,0.144425892742243,0.000492311135042902,0.00954322833807968
" 7231",23,1.1986542705375,0.316441623574731,0.0116445075921962,0.0126262572574187
" 8931",46,1.14710073938155,0.313440750919814,0.00182329535007032,0.0108748276235487
"11615",41,1.07790859039129,0.419505343475108,0.000358620360570189,0.0110999244281043
"14736",84,1.03511392284973,0.198644079769553,4.1135622914681e-06,0.00751961073657787
"10480",79,1.06004158443075,0.22752164817489,0.000509259011683751,0.00916557768369231
" 7127",52,1.13964666433212,0.241707500554611,0.00143448144228076,0.0110726711975241
" 9984",43,1.2593929335283,0.381861037234016,0.00277418640936609,0.0119603047138327
"10206",54,1.24314245914377,0.333477207255944,0.00187685393110524,0.0115707751593727
" 7683",43,1.1601984541126,0.310144273431248,0.000601978705733442,0.00980584018778264
"10861",57,1.18668707541389,0.549771651062717,0.000713867600061374,0.0117538441084535
" 7693",42,1.04901589979499,0.296944295649136,0.000266229751503816,0.0096090814297583
"11256",35,0.998943018629865,0.167457674316637,0.000900870141831514,0.0100537637717018
"10435",44,1.18868974833569,0.441128879703169,0.000238833426642638,0.0102534567229106
" 7348",65,1.08876612169304,0.259911437211242,4.17937928813159e-05,0.00840288630561341
" 8641",42,0.873275236496772,0.185963944530588,0.000672649705900864,0.010036793120206
"10204",65,1.09498241184765,0.295534877903441,0.000920121613355585,0.00988695274163561
"10437",48,1.09352468201439,0.413751130610774,0.000150967736096879,0.010544616652029
" 7320",59,1.05040625809772,0.252097878543494,0.000132950333260249,0.00835963373461738
"10958",56,1.12069693230306,0.413044129576138,0.000877340565524317,0.0107034269561915
" 7679",48,1.08756769262077,0.221109159919612,0,0.00882013372415701
"12395",54,1.16910008789285,0.439333621798772,0.000484330824197454,0.0111531961913353
"10960",39,1.14620996840738,0.422823029165764,0.00029790418114812,0.0104845872667399
" 7681",47,1.07324380782852,0.220836115448774,5.15017998891806e-05,0.00885192491325469
" 7706",61,1.10232846957627,0.390537836801677,0.000649366943331154,0.0111706544665958
" 7561",73,1.06367674711804,0.237157768603899,0.00102197341569234,0.00941558103157229
" 7334",67,1.07230681220147,0.281065262714429,0.000246402381258939,0.00891994300622182
" 8331",51,1.06216670214286,0.348448431950572,3.61170769190899e-05,0.00843794041815508
"10701",58,1.29908679753731,0.593453136499152,0.00407810338451565,0.0125883321664097
"11473",74,1.22476094455522,0.477578976499642,0.00121917759194532,0.0115486245866425
"16270",11,0.959392622337511,0.0662463683210888,0,0.00829322399299142
"10691",30,1.15110947981895,0.287265714804383,0.00155081298388347,0.0115581559083206
"16271",11,0.930071138222269,0.0619747739739403,0.000488279843997264,0.00829830900785618
"14179",38,0.980764931385147,0.269411532207044,0.00187158857137216,0.0112959107290708
"13777",56,1.22272864783842,0.365119612069796,0.00287529777049037,0.0117425033718975
"12388",45,1.08527456200989,0.234884746177355,0.000678902320583895,0.0102785143495416
"13189",68,1.0452545048928,0.182172553356738,0.000104731295940778,0.00821639372690169
"11502",42,0.919428051696074,0.184208948820295,0.000917488933489045,0.00943728808264903
"16267",12,0.930260407932862,0.0577692659056401,0,0.00810794525215418
"13778",50,1.1774059496454,0.358632744987515,0.00206591325402111,0.0117380217837123
"13199",67,1.04247806768901,0.182013654600451,8.52330106792191e-05,0.00818534586799942
"12407",30,1.09294815607868,0.248557767401486,0.00400784374057737,0.0111083973387726
"16268",12,0.95088830858945,0.0618686181520068,0,0.00812747420532397
" 7446",52,1.05520461630864,0.361537041303001,0.000630362285544572,0.0108890384911758
"13208",66,1.03355998369473,0.179857099555346,0.000271001483761919,0.00847688707403704
"14742",69,1.03122142929143,0.203146271973739,0.000161909811792184,0.00800123696514375
"10221",29,1.04385029174793,0.520134304009766,0.000831515481597362,0.0120777185013894
"10043",56,1.27577982101336,0.509804467542394,0.00144501216174691,0.0108903946663225
"10631",72,1.05337710414894,0.288849413956637,0.00242971670307855,0.0100375949136324
" 9765",20,1.17603853894407,0.537323869396577,0.000729416865523124,0.0122383947332002
"16269",14,0.962675863932225,0.0680816994039256,3.15098871526457e-05,0.00812215013313023
"10045",56,1.17391925372841,0.471867830666981,0.000700375115745359,0.010806180621061
" 9764",28,1.14677790325556,0.544290472867536,3.38134820358678e-05,0.0121260505910397
" 1143",23,1.0563732549641,0.449975814019088,0.000305226322026933,0.010103130515173
"16272",10,0.95639705762443,0.0686129519111084,0.00120420422520437,0.00847234784452867
"14020",77,0.984886392721348,0.257335069529268,0.00158791731575252,0.0101668137884487
"11332",56,1.05637672252586,0.272906415875582,0.00101251222242196,0.0106982176708903
"10987",43,1.13768022720893,0.417982446809348,0.00443672374508584,0.0120192681286605
" 7479",70,1.10711698865614,0.268326588722304,0.000317484737655508,0.010539107195394
" 7477",51,1.08323360415998,0.269836063938074,0.000370302877477958,0.010728003796927
" 9635",41,1.10242434612084,0.296933124615959,0.00142691248766446,0.0103735368994393
"10287",37,1.20079566405835,0.383707877510589,0.000945954784546005,0.0110461087241587
" 9637",36,1.09063644239464,0.317045298144581,0.00238668884150979,0.0108930853010512
"10289",33,1.21497665728792,0.406813856078448,0.00214152052893829,0.0115989923521807
"10144",73,0.9765180751112,0.196138233820756,0.00028762027541945,0.0085143139884274
"14573",64,1.1052846037324,0.35805940864429,0.00066030901902646,0.0114855934585359
"15641",43,1.15171547596348,0.41773125907342,0.00150169705012335,0.0117032418409464
" 9647",35,1.00783480479827,0.148378347401787,7.1575983871545e-06,0.00900765589564208
" 7901",59,1.02419367472815,0.217578456232991,8.77834192999293e-05,0.00839529239048664
"15643",42,1.12045894713278,0.401256263141454,0.000605845454287422,0.0114446966571393
" 9655",37,0.945740825756038,0.143954547534377,4.59896264186134e-05,0.00915986199377019
"11182",57,1.22334832722589,0.420164168204158,0.00393486914552673,0.0127204395023936
" 7884",62,1.03893369390811,0.229189580081906,5.51217347056726e-06,0.00838287601978201
" 8451",59,1.37089621411767,0.468080896698544,0.000588650763909085,0.0106081845300115
" 8983",29,0.41833480401061,0.118479242355245,0.000623862857124052,0.0102082555772532
"11536",10,0.996682470043674,0.104402950943697,0.000155739468354982,0.00975475203672073
" 8446",46,1.21136646985353,0.429167849762179,0.000752699628092833,0.0106705444767546
" 9059",18,0.26117566017305,0.0710298571182211,1.03661769744996e-05,0.00885620557312964
"13860",51,1.05259848752825,0.237996548020319,0.000815390317414807,0.0100356224254389
" 8293",51,1.09024008975699,0.346485891766415,4.59896264186134e-05,0.00887895102250303
" 7512",40,0.984330514774516,0.249714454586355,0.000933038198950795,0.0109825708088584
"11743",55,1.14488977425885,0.349995781486076,0.000858747263966881,0.0114774646833473
" 8285",50,1.0665508124746,0.338890034989738,6.99305589549577e-06,0.00865436979957058
" 8943",46,1.06029422952351,0.306721436615866,0.000194818310123929,0.00971094078954467
" 7243",59,1.14151207730132,0.407127147857305,9.13210828705919e-05,0.0104691173035079
"10412",48,1.00560973869688,0.34485475939194,0.00356538898050706,0.0122457043549971
"10242",34,1.14062359131615,0.281186076048418,0.00139984524778659,0.0112736529376635
" 7594",67,1.50487511977186,0.3535493961044,0.00655397425650447,0.0113167412633582
"10244",41,1.05031274927994,0.253044227256114,0.00059712470222951,0.0111896692779379
" 2810",39,1.0812411790992,0.499053662925682,0.000979192367861067,0.0105679174889172
" 9609",57,1.0993380022136,0.34009455461484,0.0016035488524601,0.0111866123898352
" 9696",57,1.07812075865733,0.216208809131495,0.000608313591662303,0.00978097279196075
"14733",78,1.02400558212228,0.195318616364352,2.02387264740231e-05,0.00788036919374584
" 9639",52,1.17085871044824,0.37562965413375,0.00193773465301896,0.0112218451524259
" 9855",66,1.30216904463146,0.508645669655012,0.0032435438668226,0.012254900597227
"10387",41,1.03534590413677,0.240007461506381,0.000256768558233439,0.0102051693718773
" 9591",56,1.33393590929303,0.378061484663683,0.00077507740695842,0.0120943080522565
"14862",41,1.18493286352168,0.373898172141359,0.00138339099862072,0.0117136505969616
"10542",38,1.10179199632992,0.238207972283219,0.00172366487137096,0.0105187832579742
" 9590",50,1.27652638900927,0.398825884693305,0.00999283006092597,0.0122466133456509
"14876",38,1.06433989250892,0.341460666808089,0.00167611209128159,0.0116351081731658
" 1216",33,1.0939979184722,0.504755733595988,0.000606256810516569,0.010218213253638
" 9868",43,0.973634911877656,0.2280484390622,0.00148137605240349,0.0105407423174372
"10003",69,1.0440241714136,0.249879712613409,0.000400907780926481,0.00944063872853105
" 9774",70,1.27335954470017,0.547045934048448,0.00124287171074417,0.0114640914727072
"10232",44,1.0666558394199,0.32436559762988,0.000473388748502149,0.010037141335127
"10324",42,1.23955495304522,0.339037170799532,0.00263012945791887,0.0120609752744221
"10552",39,1.24074697539328,0.332547703524708,0.00256423019000956,0.0119404074423745
" 7740",38,1.08427725673324,0.317305046013339,0.0011241543030124,0.0114069059453467
"10230",50,0.951277932295933,0.279099729455972,0.000221309651280984,0.00982366957297021
"10549",42,0.992406780382236,0.232158444962061,0.007174710806287,0.0118662695090918
"10323",41,1.0931827723516,0.312115661320806,0.00179532312648834,0.0118606870113471
" 7737",44,1.10105463121242,0.305187038307637,0.00119926795045461,0.0116787734542619
" 8173",38,0.97987725067699,0.412131579153687,8.26003308126795e-05,0.0110674457907231
" 8168",43,1.2314005822602,0.483323868129554,0.00186451324423083,0.0113068974971582
"10048",64,1.0216904249857,0.142713162324935,0.000740523483710088,0.0103925211993118
"12862",46,1.08926164569391,0.212758861814089,0.000152284076030149,0.0090053574259212
"11040",42,0.954990516162097,0.193961173259973,0.000993836649618693,0.0105407786508605
"14854",51,1.13973778402173,0.340397805342098,0.000412261212850933,0.0112887846637259
" 7673",50,1.08764653677002,0.213596191941717,2.21309651280984e-05,0.00830239129714459
"12855",44,1.04494087443535,0.202450915784682,0.000102509972303385,0.00888643580788788
" 8832",76,1.07411595003735,0.234608575738987,3.05226322026933e-05,0.0085751121003798
" 7678",51,1.07121807656019,0.212710890283935,0.000214152052893829,0.00854264854749856
" 8944",36,1.02684678392018,0.313026903810965,4.36037602895619e-06,0.00926251072070421
" 9511",49,1.01511332346607,0.204579658085685,0.00578210542813339,0.0113751631432283
" 7690",37,0.90293089405986,0.179250629938387,0.000207734895719139,0.00849426458797777
" 7214",53,1.36622827614573,0.67020585523403,0.00369430802272167,0.0127283767135535
"11210",27,1.19446334869598,0.29637787942672,0.0026980032357281,0.0117357275326827
" 7897",54,1.08994839900793,0.249314759344913,1.29988568410392e-05,0.0085650660678788
"11215",18,0.753070064832649,0.19613972293602,0.000121103273860821,0.0112389461145434
" 7874",56,1.0922574050591,0.25442212296214,0.00211807322387693,0.00967509942747106
" 9284",59,1.23094574404758,0.554099203616061,0.000584372659125959,0.0115317998369444
" 7831",67,1.11244485888729,0.395297377988557,0.000709918580261565,0.0112905112598137
" 9636",62,1.1009591223842,0.28028910885952,0.00118964221469258,0.00993872871008842
"10844",67,0.93781101648706,0.23953480370482,0.00170490702732187,0.0101849349668551
"10334",55,1.06796330738729,0.431524032650422,0.000968332563411591,0.0115690378461062
"10075",96,1.00053173932135,0.049372753810625,0.000172687344995831,0.00775997720957392
"10555",46,1.07073217825891,0.452331010976312,0.00139276992064527,0.01171608702913
"16127",27,0.674515015880882,0.237170135301628,7.10823563965688e-05,0.011707391672891
" 8495",67,1.17371283247823,0.379177814854887,0.000415881147667425,0.00981491923163952
"11468",39,0.974575918611496,0.243406184752189,0.000599757382096049,0.0102636591952733
" 9978",59,1.31353284718049,0.499467316928568,0.000137804336764181,0.0109596156892829
"10155",40,1.07897910921861,0.399242013234579,0.000731885002898005,0.011155607726389
" 9889",29,0.497349970118177,0.227126859926966,5.158407113501e-05,0.011229838473983
" 9998",50,0.963983947344746,0.337949568707823,0.000855950041608683,0.0115209331121919
" 9895",40,1.12587116885485,0.173818844973853,0.000187989796720092,0.00947873628734864
" 8500",34,0.721366312327782,0.232930110791246,0.00139128903822034,0.0110083932573901
" 9979",50,1.26778594607607,0.491802428442359,0.00049782330851347,0.0110543199686474
"10161",49,1.11555042231124,0.440811138015451,0.00031468751529731,0.011137972200797
" 9997",40,1.09562208514209,0.171935503636531,2.71495111236895e-06,0.00945419906186042
" 1232",44,1.09409734156104,0.458750105881618,0.000987419492444003,0.00939233210511973
" 8290",57,1.09088240429445,0.337886685391133,0.00024113702152586,0.00885497785292804
" 9913",53,1.11414444716392,0.269516493839269,0.000185192574361894,0.010002181251072
"10140",63,1.03553359370573,0.287012710285095,0.00125916141741839,0.0107160934742275
" 9983",37,1.03124446344425,0.377794810748824,0.00191091422687859,0.0114035871076298
" 9897",45,1.07405644015812,0.175801973000132,9.53523739162306e-05,0.00925037412420948
" 9908",48,1.05097285918312,0.259248120212035,0.000367999282594736,0.0100922045738254
" 9271",32,1.00833332662675,0.270151078528467,0.00034307109510844,0.00983101508438277
"11376",44,1.02521185087351,0.170926203447234,0.000936740405013116,0.00935387492040226
" 9367",43,1.25240078109639,0.339760207815246,0.00184855262253994,0.0111451625939922
" 9941",36,1.04817430556047,0.159134774437369,0.0076347716129648,0.0112052507992205
"18388",20,0.951021434576138,0.444162263021727,0.000426658680871071,0.0115055440484787
" 9368",36,1.07260143340669,0.271202645827566,0.0010246883668047,0.0109805188256269
" 9888",40,1.00863353788899,0.127506309231162,0.0014259252327145,0.0103484097606581
"18515",60,1.72469937156578,0.767770111329377,0.00588823533525327,0.0126302052025163
" 7341",62,1.098857955182,0.305051779469248,0.000325218234763468,0.00882063237887769
" 8945",41,1.08672918761187,0.312553319529914,7.34682225256203e-05,0.00971738477676607
"11657",57,1.05281974522268,0.223264569679255,0.000953112382933159,0.00914833109452387
"10129",72,1.02246251798558,0.075657263304384,0.00046294030028182,0.00814094902849858
"10912",45,1.01811400604919,0.216189830366518,0.000647803789660397,0.0107381239187441
"14804",45,0.804077105652463,0.246605486336983,0.000807163192831871,0.0114465038137413
" 7682",46,1.08340690456483,0.220355987725115,0.000143974680201384,0.00844999528561198
" 9656",35,1.03849881526448,0.179911634568309,0.000794740234711637,0.00960510717285076
" 9725",37,1.13549963335806,0.31733268456456,0.00394597576371369,0.0118433220874258
" 9830",75,1.03175889584895,0.0727885381172785,0.000210532118077337,0.00748622015312692
"10582",59,1.30262756446375,0.337877568571666,0.00246237838767281,0.0118149342603918
"10858",54,1.16478968049924,0.311011998268183,0.00418735959897704,0.0118567919558221
" 8852",54,1.0848249981337,0.280557639432223,0.00148902727826562,0.0104070426953187
" 7921",41,0.742213986072153,0.234868935743997,0.00085241237803802,0.0110677877058439
" 7686",50,1.05636713727277,0.216399724756002,0.000110490283148833,0.00830534433151978
"10577",50,1.13728580101443,0.326003832585738,0.00211700369768114,0.0118692693197747
" 7888",50,1.02475388850208,0.244437851280828,0.000489267098947216,0.00916470690605535
" 9638",49,1.15161395902994,0.426594468195194,0.000479641363185181,0.0109029800040897
"11060",46,1.13754547630829,0.314479118942307,0.00242469815708296,0.0117237503318967
"13758",22,0.747697364833595,0.319002835322178,0.00363408547077458,0.0125346420100755
" 9876",33,0.935957246334096,0.280588777451825,0.0027560044640378,0.0111065899520482
" 8340",71,1.07947106967495,0.356687539848881,0.000289759327811013,0.00949127284534108
"10286",28,0.982004654354637,0.376072949810936,0.00125776280623929,0.0115712993148908
" 7853",54,1.23935327451389,0.514325870274145,0.000586182626534204,0.0113281754531355
" 8993",45,1.16043592244791,0.305136103115817,0.000638424867635849,0.0111119593768347
" 7724",57,1.18749315414724,0.582650057590646,0.000463763012740114,0.0112524272201689
" 7855",51,1.20552537517519,0.488213289332085,0.00168269379094794,0.011658560996439
" 8991",39,1.03943116840847,0.243666774108749,0.000484084010459966,0.0112484263581057
"10032",42,1.22604372613972,0.49767916078526,0.0011448866569614,0.0114873914040417
"10646",31,0.630860171426458,0.277780202474705,6.52410979426841e-05,0.0106802110164417
"10194",49,1.08664895873092,0.314076478606709,6.14566206345334e-05,0.00922030555359012
"11644",92,1.06113319799909,0.208242052771211,1.39861117909915e-06,0.00769017730669411
"12722",15,0.97465101227092,0.160558057126692,0.000814238519973196,0.0108296926748647
"13171",11,1.01123523762804,0.168484306142612,0.000793670708515855,0.0109216146840952
"13874",13,1.15784163331354,0.196088838148854,0.00262667406559404,0.0112254723095208
"17788",14,0.977244010854606,0.182667714274089,6.64751666301245e-05,0.0105635749988656
"14374",15,0.957654308988123,0.19085836593186,0.00170046438004708,0.0112034538536236
"10190",54,1.10174226642416,0.320075153920526,7.32214087881322e-06,0.0090791155415002
"11648",88,1.06274136954545,0.209139538408755,1.64542491658724e-07,0.00772984210228487
"10339",35,1.27088384677031,0.534503965764874,0.000796138845890736,0.0116627199403328
"17753",16,1.0256398051597,0.184567458644736,0.000187742982982604,0.0105830462171686
" 9123",53,1.12158738787239,0.337679921893434,0.00111107317492553,0.0106184402006287
"10191",50,1.10671960272478,0.317551720220024,2.64090699112252e-05,0.00911498774608252
"11646",84,1.04963878281726,0.204304093046855,0,0.00777762253320492
" 9705",81,1.38115412815454,0.502830623397076,0.0011745865767058,0.0116688527453322
" 9645",36,1.07809788816412,0.156721468314382,6.4994284205196e-06,0.00916775117309812
"10345",20,0.870737904330739,0.379597118479141,0.000117647881535988,0.0113057092239161
"13003",8,0.921123660428952,0.117281725053988,0.000156644452059105,0.0104064643083834
"12378",17,1.04914696873961,0.121227440718797,0.00147002262047904,0.0104670911638712
"13520",15,1.07207531871948,0.140487991866856,0.00191527460290755,0.0107042898969691
"13772",34,1.11121608579932,0.159336112015773,0.000785196770195431,0.0104959277406122
"17842",10,0.951308588452229,0.121897378066642,0.000968579377149079,0.0105370639099625
" 7900",56,1.06881780104039,0.233446852668172,7.77463273087471e-05,0.00843475704198767
" 9126",40,1.06953507768699,0.319220766864761,0.000679478219304701,0.0106275998128501
"10205",51,1.00847908543506,0.287573229837341,0.000223860059901694,0.00936103325523664
"11656",60,1.04161423270683,0.206928275172924,2.41054750280031e-05,0.0078583684933212
" 9706",25,1.20407595977065,0.533464891303895,0.00255970527148894,0.0127798658733442
" 9646",37,1.08159856381695,0.157245439565509,0,0.00915571508768424
"13610",24,1.13649644113755,0.157584396415979,0.00237813263194354,0.0105202994519354
"17866",11,0.99268904981994,0.13468840368293,0.000389718891493688,0.0103627627686742
" 7895",56,1.0372867233757,0.22557982941325,3.79270443273359e-05,0.00845394076347629
"10704",67,1.02429388819624,0.173383726477357,0,0.00613154148880755
" 9644",37,1.07073365264991,0.156144647624955,7.89803959961875e-06,0.00919154691236564
" 9772",42,1.03094928558161,0.159537150433708,0.000198520516186251,0.00983593765445365
" 9732",77,1.019082069405,0.0726087817452688,0.000599263754621073,0.0092738501122369
" 9930",64,0.989857706319393,0.0780263341029842,0.000120527375140015,0.00871179159792905
" 7938",52,0.969119297342093,0.2241970502435,0.000306707204451862,0.00870380815081679
"10753",71,1.01882206922676,0.180189434681882,0.00023990295283842,0.00675012469067606
" 9651",39,1.03384258285907,0.161217268798221,0.000689844396279201,0.00980391875361626
" 9731",81,1.04014926127946,0.0618715132016046,0.000191198375307437,0.00817190418215247
" 9932",80,0.999428757960508,0.0553163044023735,0.000707532714132514,0.00839910115822179
" 7871",49,1.01072035278823,0.211939386306751,0.000179351315908009,0.00869006919735833
"10738",70,1.02955201756924,0.175334918425232,0.000140848372859868,0.00683548689929239
" 9080",34,1.09212463697904,0.301125918594656,6.43361142385611e-05,0.00949783289646147
" 8946",46,1.03718224306377,0.331073969705417,3.00290047277171e-05,0.00961099726761999
" 9081",31,1.06435420440228,0.296056206878331,0.000128754499722952,0.00945349495701633
" 7315",55,0.95989362159132,0.232097590318767,6.40070292552437e-05,0.00882978881570456
" 7271",27,0.37178360431964,0.167103853134795,3.78447730815065e-06,0.0107141809668763
" 7242",57,1.19204514263326,0.433232022399449,0.00041390663776752,0.0108025286787163
"11044",52,1.09367552429227,0.215460549202282,4.84577637934942e-05,0.00913231062393833
" 7270",55,1.16787563041041,0.408607507519163,0.000270178771303625,0.010588852985875
"11045",55,1.10065063826297,0.209041686547726,6.08807219137279e-05,0.00953605809203766
" 7692",44,0.995865678391454,0.229849817017048,0.00193905099295223,0.00986788215577454
"11046",49,1.06629090772622,0.214611853121071,0.000368986537544689,0.00963498262784007
" 8544",48,1.30538330355967,0.518183926416455,0.00178265335463062,0.0112208237698095
"15304",37,0.954521190181992,0.312556979710946,0.000871087950841285,0.0116882447827208
" 8513",50,1.06282898665216,0.358045814379856,0.000921355682043025,0.0111071466531719
" 9662",37,1.04790684804012,0.397474519707136,0.00200618432954899,0.0109508918435545
" 9809",33,0.983871690054829,0.358415110270494,0.000439657537712111,0.0106947404756496
"15305",20,0.283610563998869,0.0956662484583898,0.00013286806201442,0.0102534424406619
" 8255",50,1.13661268777518,0.361775642087098,0.000240972479034201,0.00960180381855832
"10728",86,1.04349574797887,0.183784879170765,8.80302330374174e-06,0.00657683580242653
" 8354",51,1.07968605893928,0.348144622345528,0.000558539487935539,0.00965251825607731
"10679",81,1.0353272177711,0.173397586183465,0,0.00643977038268204
"10411",86,1.03228634319636,0.183333547478194,1.48088242492852e-06,0.00800985569023297
"10682",82,1.03545359162688,0.173444826684472,0,0.00650180458698906
"10410",71,1.03761245395758,0.186251521973173,0.00143678503716398,0.00911496501357469
" 9005",17,1.059828391783,0.103385626793148,0.00131239091346998,0.0108346702164601
" 7216",49,0.854280076601273,0.33640779868244,0.000622052889715806,0.0112064718238288
"10681",77,1.03491714398987,0.173764941313106,0,0.0065418406148313
" 9003",18,1.09592279327782,0.105732626752199,0.000945790242054346,0.0107010924574654
" 9349",24,0.944867541915585,0.128153666333387,0.0012244429516784,0.0100760721625905
" 9091",61,1.14142001630088,0.403561625772856,0.000217607445218663,0.0101797947613576
" 8918",43,1.10943732965098,0.346736616655132,0.000178281789712228,0.00994498410540746
" 8666",49,1.29221893448581,0.463798877191801,0.000441632047612015,0.0109661388317115
" 2797",31,1.11771744775444,0.506328097184689,0.000213411611681365,0.0103275838238254
" 7246",30,1.23585878241936,0.577997281920292,0.00851968113310542,0.0130308392648681
"10696",79,1.03589571849565,0.173042462588671,0,0.00641801960062695
"11662",57,1.04293407019307,0.214827302349423,0.000188894780424215,0.00864963260169451
"11377",37,1.02507531757859,0.378682340903715,0.000118881950223428,0.010300334718766
"10556",44,1.0584996157584,0.391731381393249,0.00338250000102839,0.0126789568074132
" 8936",50,1.12415463688768,0.356390106503094,3.00290047277171e-05,0.00941128429026162
" 8714",50,1.24797878083543,0.449163927539264,0.0019336210907275,0.0108565741468007
"13636",71,1.05440215297532,0.246468231256676,9.04983704122982e-06,0.00895687431960883
"10707",80,1.03086718522606,0.172976077573901,4.1135622914681e-07,0.00620082377632415
"11672",53,1.041612509887,0.2149929930215,5.89062120138232e-05,0.00876607156700833
" 9991",70,1.03311377274075,0.0733759825800276,0.00112143935190003,0.00901043352971057
"11180",52,1.07029289124208,0.223110963883105,0.000507860400504652,0.0095417305407482
" 7684",46,0.944538252920604,0.195157316924036,0.000431183599391686,0.00877944348909712
"13647",50,1.03462608231571,0.241350851498681,0.00047322420601049,0.00935601913623484
"10004",110,1.00768755659177,0.0543971021981556,0.000369068808790518,0.00919012394242873
"11051",47,1.00986156412658,0.182893335110632,0.00031205483543077,0.00922282943038259
"11163",43,0.951210945088782,0.179277847156604,9.39537627371314e-05,0.00929071745485943
"12824",59,1.08543013952364,0.255136517812094,0.00119548347314646,0.00971439728396035
" 7201",65,1.06183668679375,0.227000658256119,0,0.00811420348904965
" 7744",56,1.02676793247066,0.314305142697808,0.000459484907956987,0.0105164591496952
" 7783",66,1.0333868999788,0.302367809916851,0.000468617016244046,0.010089164503769
"11157",29,0.69530409624295,0.133299521104495,0.00240742119545879,0.0112032769582502
"11108",52,1.1020179429038,0.213362410871548,0.000438999367745476,0.00960520709067879
"11721",52,1.03748191711576,0.187094303021683,0.00115097472915277,0.0106843584919709
" 7199",65,1.06305260989619,0.228499621891176,4.1135622914681e-07,0.00804036940591759
" 7753",56,1.0992864158297,0.342231058848125,0.000210696660568996,0.0100127576947706
"11179",50,1.11148623917206,0.230703142544673,0.000136817081814229,0.00929739126809123
"11484",54,1.11236626000568,0.212088664795462,0.000479394549447693,0.0102860793488475
" 7669",42,0.972507443459778,0.196307516695739,0.000403787274530509,0.00863489414551429
" 7200",68,1.05825419602783,0.228915417108987,0,0.00813885798181717
" 7280",70,1.16530076676925,0.43956094982084,0.000147923700001193,0.0106199366435531
" 7197",67,1.04819696167077,0.226155699271438,7.92272097336756e-05,0.00825297334358132
" 7286",55,1.07031258535458,0.415641165395032,0.000458826737990352,0.0108200762994661
"10635",49,1.15065513918385,0.556912738821576,0.000839002164967834,0.0116967310561228
"12262",45,0.993104511892493,0.200048588687532,0.00126615447331388,0.0109571757744113
"10508",75,1.11820152922424,0.182928959125216,0.00495848798613565,0.0106047379888703
"11832",11,0.980171215608139,0.131971431439932,0.000408065379313636,0.0112998282575889
"12943",16,0.897431465099594,0.130880256917971,5.22422411016449e-05,0.0109411891110215
"12282",9,0.917920012656525,0.123234278034314,0,0.0110252429109529
" 7877",46,0.968038923823261,0.210139954710787,0.00230630983433451,0.00957804282872604
"11922",65,1.27162239207692,0.594336554756253,0.00154505399667542,0.0113292156110911
"11815",30,1.11768795091023,0.423490045224891,0.000580505910571979,0.0110876069805687
"10434",42,1.12643421189641,0.390210471871805,0.000883099552732372,0.0106120942469051
"11930",61,1.14717824809009,0.505013200326615,0.00128096329756317,0.0112594904756429
"11847",38,1.22508821410063,0.482564643275819,9.31310502788378e-05,0.0108442841547754
"10953",44,1.08714629023629,0.357461657818245,0.000844761152175889,0.0107766645123756
"11417",35,1.03447650344687,0.252735688117989,0,0.00991485796818592
"10694",96,1.07257599737472,0.215174330427549,3.74334168523597e-05,0.00723920138825545
"11424",21,1.0209237338789,0.252723829848215,8.65493506124889e-05,0.00995765579583741
"16097",43,1.25327018159522,0.450548718504182,0.000870265238382992,0.0115086689577418
"11913",45,1.04384071690339,0.299764950969843,0.000499468733430057,0.00993686563042968
"10702",99,1.07319847752339,0.217591848656342,2.55040862071022e-05,0.00707617287230945
"10275",32,1.19470306544296,0.542856502089791,0.000498563749725934,0.0120999804901612
" 9989",46,1.20326230399916,0.465445249361976,0.00521912329292307,0.0124256854943993
" 9786",43,1.07535836707395,0.0998493549481078,0.000453232293273955,0.00949089344523529
" 9933",65,0.97812024638056,0.0664235467927361,0.0010627799536237,0.00921297563180644
"10284",46,0.999020745620325,0.0849669578941985,0.00149133087314885,0.0098462596340478
"16092",47,1.08296398444069,0.421719094406041,0.000530567264353556,0.0110964046503535
"10718",97,1.06752615285665,0.210786443052477,0.000447144221082583,0.00747090349771
"10168",30,1.1644792657658,0.559810331994572,0.00155064844139182,0.0123090400655507
" 9789",46,1.06783519422249,0.0965504576046838,0.000320528773751194,0.00947659742475875
"16087",41,1.19675541943758,0.434213705094433,0.0011193825707543,0.0116124720172592
"10610",48,1.19948261523554,0.512226868951333,0.000418596098779794,0.0109144472884632
"10746",90,1.05182277081937,0.199446754001131,5.34763097890853e-05,0.00706025520254434
"10776",46,1.15849578274646,0.225672014684637,0.00171371005062561,0.011075670567028
"10491",44,1.19785115274175,0.288976714370664,0.00105619825395735,0.0109886420201021
" 9887",41,1.10462624133597,0.151351913397206,0.00096718076596998,0.0102995556223742
"10611",52,1.23519524169147,0.514777073946046,0.000519625188658251,0.0109452720998664
"11033",59,1.07814763136861,0.209093647642633,0.000577132789492975,0.0100906924054368
" 9883",37,1.07450391617108,0.159853001750708,0.00163653962203767,0.0106453015680397
"10488",47,0.979334647392806,0.208479341166284,0.000563311220193642,0.0105469574789917
"10678",50,1.02410121950257,0.194374388074261,0.000342330653895975,0.0107311763230771
"11005",45,1.2351572653089,0.480996668802895,0.00128408960490468,0.011828356658347
"10609",46,1.22824545344596,0.532928530144227,0.000721765639660993,0.0109701764532862
" 7464",51,1.07014067193757,0.30231840326084,0.000954428722866429,0.0102184887537551
" 7101",42,0.961701000445759,0.242443918817672,0.00346123358328709,0.0112345604054207
" 9890",36,0.997565350321586,0.127771513434906,0.000526371430816258,0.0103262632315792
"10470",45,1.11839170563993,0.253520878115886,0.000244839227588181,0.0106973766819384
" 7466",57,1.07883133567509,0.26669714714294,0.00137903062259177,0.010331508764086
" 8716",42,0.969628492659376,0.303536258801648,0.000745953385934826,0.0109389056267641
"15439",42,0.842855424597703,0.266307387976299,0.00116940348821855,0.0115786109918229
" 8660",34,0.64829376157625,0.181032866625907,0.000560760811572932,0.0110585074928272
"12449",54,1.06011632925629,0.161314703625121,6.36779442719262e-05,0.00923558498132379
"12724",30,1.00998078673384,0.168020921095951,0.00324782197160572,0.0113295580346297
"15911",46,1.24344628196716,0.439007382360464,0.00222881032076325,0.0119893499042771
" 7685",35,0.993919780731811,0.202711659305567,0.000463187114019308,0.00890556219914145
"10891",48,1.08613339684506,0.477272942632369,0.001836952376878,0.0113846954402974
"12310",20,0.440656425246674,0.0880411923725413,0.000268121990157891,0.0102928423353113
"12675",41,0.767947737508793,0.102274748266773,0.000293132448890017,0.0100643231587546
"13399",34,0.815083320191291,0.29158637249534,0.000838426266247029,0.0107732464937111
"16112",51,1.33179674856342,0.502235993340091,0.00210803613188574,0.0121335363610449
"12421",55,1.02301424175172,0.171580927188241,6.36779442719262e-05,0.00927226649981877
"13386",35,1.1492423260643,0.411006816542496,0.000601238264520978,0.0109599844535187
"12476",61,1.06212849944796,0.13753526987601,6.57347254176603e-05,0.00924839775184329
"15370",49,0.862333941575579,0.282046357605625,0.000588650763909085,0.0105773182583034
"16119",59,1.03230161273727,0.398242550435175,0.000798853797003105,0.011795792922123
"13395",33,0.734503665580192,0.250139116366792,0.00171091282826741,0.0114493900085562
"11487",62,1.1391406284267,0.30542349980593,0.00190630703711215,0.0115001329208275
"14011",51,1.30692699264144,0.408648758869466,0.000454877718190543,0.0109342917225838
"14010",51,1.2052025160682,0.380048006254094,0.000318389721359631,0.0108065881493397
"10363",79,1.01813532453028,0.0587474481004407,0.000122255071302432,0.00927577195319324
"11750",66,1.10042057488169,0.184636344111894,6.74624215800769e-06,0.00843530887276304
"14887",41,1.14279311258475,0.3271403929469,0.00212342085485583,0.0117451341787061
"10364",117,0.996806649885381,0.0488029387318389,2.63267986653959e-05,0.00723289538623694
"11748",68,1.1044578907789,0.185022936858906,5.42990222473789e-06,0.00840455993413996
"14888",48,1.01607616292125,0.275161991196959,0.000554755010627388,0.0114004618989396
"15273",52,1.40119790624392,0.50625338044013,0.000641057547502389,0.0113651257033349
" 9810",34,1.19682095184433,0.332247497917505,0.0124639292006567,0.0126580816724147
"11742",47,1.08527294414407,0.209285415863843,0.00225859251175348,0.0109186878500062
"14477",67,1.24672307718619,0.37348419383022,0.00164888030891207,0.0114484141326849
"12608",44,1.06116515028141,0.167981110966502,0.000549571922140138,0.0101534575822217
"15455",51,1.01093869493599,0.275404595287868,0.00287455732927791,0.0118884022967139
"15275",56,1.40662004277396,0.518874053957105,0.000616622987491068,0.0114124501855842
"16122",35,0.743918618831859,0.272030772019296,0.000308763985597596,0.0114569880404707
"10836",37,1.05577289761693,0.335294977993246,0.00453355700142699,0.0116357252590173
"15468",51,0.83234482948826,0.2537685431294,0.0016932245104141,0.0113125716606596
"15502",41,0.963549584366613,0.349945532921784,0.000162403439267161,0.0109496874306459
" 6996",60,1.11280433796545,0.32740478682143,1.12711606786226e-05,0.00884946698089409
" 9574",53,1.32085826946474,0.606099551188387,0.00101720168343423,0.0120988463574372
" 9707",33,1.16955161194202,0.519587449769536,0.0014853250722033,0.0121751960910389
" 9674",52,1.08300645503096,0.108114563400645,0.0057308504419817,0.0106844979522052
" 9935",56,1.04456716136769,0.100676557758933,0.000300619132260489,0.00954979228860657
"14487",53,1.03535608749833,0.323928668101419,0.00158528463588598,0.0116066338702476
"10867",41,1.20601215887741,0.464488235460444,0.000462775757790161,0.0110830381019613
"15897",51,0.93705337664055,0.312442214501823,0.0018686268065223,0.0114232182013302
"15166",39,0.773190653147899,0.265140692952294,0.000477995938268593,0.0111857455235428
" 6997",41,1.05323448916751,0.295056159662552,0.000466477963852483,0.00979280835678887
" 9573",45,1.2622086556011,0.541813437590847,0.0025867725113668,0.0122698691839486
" 9733",68,1.0032430939325,0.0629714472789805,0.00381829079018652,0.0096065061149164
" 9940",69,1.01745444152271,0.0775575739110713,0.000694287043553986,0.00934627744780509
"11281",34,1.18666990071442,0.446687858167896,0.00070407732180768,0.0112205937339116
"15935",35,0.861552685853632,0.294326459702168,0.0024777631106429,0.0118164644927884
" 9896",42,1.04935435191226,0.170651791424608,0.00154151633310476,0.0102345660477283
"11267",29,1.12309621527704,0.420041460217232,0.00036108849794507,0.010949972824769
" 9899",37,0.969278384237291,0.163199608817376,0.000816213029873101,0.00981822146763204
"14528",34,0.742716246576982,0.250986001487273,0.000387579839102125,0.0109327952684056
"10477",47,1.02966314700792,0.0956521900398885,0.000570222004843308,0.00960829529780416
"11531",46,1.05135632771998,0.126718511188524,0.000238175256676003,0.00903515185718323
"11195",47,1.02683432383258,0.108657887312978,1.26697718577218e-05,0.0090356764038241
"15595",12,0.254250904212611,0.111255630893467,5.545081968899e-05,0.0101523593799225
" 9649",47,1.07234424807969,0.17313352743487,0.00079959423821557,0.00966999848839118
"10465",41,1.01592986132184,0.0962712183663936,0.00153024517242613,0.00974130998873599
"11537",55,1.03577391687387,0.115436994524046,0.000521106071083179,0.00929003689152228
"11202",50,1.11776010172909,0.123195419804709,0.00105175560668256,0.0097087477272757
" 7208",65,1.01283478331304,0.24500564603619,0.000852083293054703,0.00922141753825074
"15649",43,1.22259614182205,0.486863880499454,0.000295847400002386,0.0112013697105249
"12803",44,1.11766857770914,0.159177164035181,0.000957801843945433,0.0097004539270847
"12472",54,1.17109450030166,0.149345789776105,0.000154011772192566,0.00923924046225193
"10127",40,0.951753397391434,0.175681411597705,0.000839248978705322,0.0108125006489239
"15650",40,1.18309749537176,0.467062058489878,0.000796467930874054,0.0113330201545615
"12830",51,1.20342429788804,0.149011039748981,0.000285234409290398,0.00925620240244119
"15302",55,1.39307139244618,0.486726473519339,0.00181663137915814,0.0119879346563824
"15671",38,1.1033273719726,0.441429566368935,0.000279064065853196,0.0110166102939945
"10573",45,1.13135303355457,0.173579776277268,0.000552204602006678,0.0104925104374296
"11831",69,1.05495306152793,0.0836010139512322,2.58331711904197e-05,0.00726650565805296
"11555",66,1.05510299761189,0.0805035352500815,1.31633993326979e-06,0.00790456024382946
"12401",41,0.82386989318304,0.0886323852044626,0.00145570742370473,0.00988935329781303
"12217",68,1.11509506106955,0.141583963896667,1.03661769744996e-05,0.00928858148433624
"14469",57,1.3077131412193,0.393955393456754,0.00133559140479386,0.0112232677565627
"16229",55,1.3526219800931,0.590322841132967,0.00281055030002267,0.012338598515423
"15464",29,0.593020897969198,0.211999008759117,0.000493298389992855,0.0110622751866748
"14473",55,1.23247957426766,0.376035525909038,0.000690913922474982,0.0110203523432092
"11792",78,1.06737261662376,0.0808188541959584,0.000111148453115468,0.00815071518133491
"11551",74,1.05185222476823,0.0768226879612299,1.16825169077694e-05,0.00776535266877135
"12214",66,1.07187523787208,0.132606035275035,0.000358209004341042,0.00938123725620519
"10572",58,1.13752562247183,0.181035321790002,0.000365942501449002,0.0102385883874325
"12475",71,1.03646911240477,0.130535670510613,0.000269767415074478,0.00962536569066147
"16109",53,1.35726914841676,0.63188215198776,0.00387431750859632,0.0123557133279444
"15331",40,0.622767923540536,0.18315637657269,0.000294119703839969,0.0108284014642998
"10064",33,1.04492125481275,0.10802971518103,0.00014315196774309,0.00936392254758337
"14462",32,1.07351709749314,0.22858844915134,2.26245926030746e-05,0.0101268447445196
"11554",65,1.04868869334323,0.0787945717061576,0.000112629335540397,0.00802906461490434
"11806",63,1.05349139911009,0.102277275408064,0.000963231746170171,0.00935819558886223
"12245",59,1.07887170931008,0.118263193771371,0.000238833426642638,0.00924309298987077
"13154",66,1.05172583047038,0.108120112142307,0.000214727951614635,0.00916830602476447
"16111",26,0.422059658787517,0.0974327932240136,0.000436448959124766,0.0108301649726304
"10062",35,1.05529671572482,0.116420382620657,0.000230112674584726,0.00952982734178303
"14572",31,1.0601987243824,0.230182196260347,0,0.0100757918160824
"14089",37,1.2201493160032,0.27137824520276,0.000131469450835321,0.0104220956898248
"17501",64,1.73389980553319,0.988364741763352,0.00131897261313633,0.0119031095896022
" 7946",93,1.29211936882085,0.426777011805046,0.00492031412807083,0.0119159513577126
" 8656",45,1.36601022514256,0.493695899288902,0.00628371321395501,0.0122788509849708
"10975",44,1.15490677761491,0.32982754565612,0.00201482281036108,0.0113469796439808
"11145",55,1.10423115680855,0.199351945101955,0.000623533772140735,0.0102959832156592
"10207",43,1.07928585176048,0.143757932804008,0.0014909195169197,0.010433000951737
"14568",31,1.04841868711475,0.222516292795997,3.4553923248332e-06,0.010185034376399
"15037",64,1.46425764436345,0.644027267411146,0.00155245840880006,0.0113519686056294
"15763",18,0.402201122645766,0.116001684269959,0.000279969049557319,0.0110784826536592
"13360",63,1.0285141758475,0.0815351791397645,0.000110983910623809,0.00762728682603953
"11153",38,1.08904284081837,0.231176212561983,0.000555330909348194,0.0108505029151677
"10213",38,1.00639127070248,0.141593454821387,0.000608478134153962,0.0102295985904513
"14497",29,1.07262691652619,0.239520605594555,4.19583353729746e-06,0.00997709681742084
"11611",47,1.18006191154784,0.406283149281909,5.93998394887994e-05,0.00992698972809623
"10316",53,1.47558372144395,0.691685503023802,0.00219911040101885,0.0119368114073507
"15016",57,1.20904930491041,0.443853827924051,0.00211198515168555,0.0111980155435695
" 9148",66,1.14097807259089,0.423574083385739,0.000592764326200553,0.0106030235304603
" 7267",54,1.28581181026372,0.65904780744071,0.00111617399216695,0.0117390675597864
"14861",49,1.1382904046825,0.341164354888614,0.00296974516070248,0.0118099218056505
"15884",27,0.802871107396801,0.249680632739609,0.00316629116698883,0.0119726094520274
" 9768",60,1.19780812572052,0.534052704261884,0.00157574117136977,0.0117471069575322
" 9992",69,1.03240479616497,0.0710692665115252,0.00126434450590564,0.00953847061139588
"10310",49,1.16987249833616,0.304207848647689,0.00561295574670822,0.0116407680118353
"11613",36,1.08160308304465,0.39038760484992,3.30730408234035e-05,0.00999035741010758
"10313",46,1.31778279130879,0.613714371265799,0.000255534489545998,0.0115373422919449
"15042",72,1.41902016239697,0.60172560857643,0.00137541068777527,0.011387000197185
"15530",36,1.32749762357806,0.537828575170811,0.00120757734628338,0.0112977305366753
"14870",34,0.59812800998128,0.172777375337573,0.000174579583649906,0.0106377585981618
" 9999",89,1.01442402349434,0.0564177599808895,0.000976971044223674,0.00894739544262486
"15038",43,0.67097955561443,0.268598907727397,0.000239738410346761,0.0100449237156631
"12354",47,1.1722049958516,0.405956743972253,0.000974009279373817,0.0104403179340289
"15519",18,0.486879969385045,0.174943842360035,0.000506626331817211,0.0110916031374486
" 7305",59,0.940515240428978,0.295744356433632,0.00016890286768768,0.0101402239891089
" 7207",53,1.00125802572207,0.232167680594982,0.00062929275934879,0.0090397415434539
" 8700",28,1.0981313828912,0.289520995884953,0.000102180887320068,0.0107945906726368
"10002",104,1.01821562648898,0.0640854557254202,2.69849686320307e-05,0.00764653781125471
"10416",49,1.33897274620322,0.327868240693292,0.0025509022481852,0.0117662107319409
"10639",41,1.18901314403134,0.271242713938889,0.0251103360245629,0.0129618911034489
"12350",40,1.18303389064465,0.426811286998257,2.13082526698048e-05,0.0100536497213671
"15533",43,1.31538668734508,0.516393463407079,0.000487539402784799,0.0111687670595556
"15953",42,1.2886917094149,0.549052355112515,0.000287126647944473,0.0109421298792893
" 8701",26,1.06744667998626,0.277876736990579,1.57960791992375e-05,0.0107254474675332
"10409",35,1.03232534013052,0.278974241360317,0.00420537700181367,0.0121945181531594
"15542",40,1.08171916352858,0.441101737206853,0.000340191601504412,0.0109667280209103
"12362",40,1.0793479720654,0.385602065769787,3.73511456065304e-05,0.00983232846905824
"15958",39,1.41814579666235,0.598338857361384,0.00128236190874227,0.01117879925618
"15510",21,0.639148121479365,0.223966743804622,0.000402717748334727,0.0106803437730437
"15954",36,1.24778099993705,0.541452527620858,0.000355823138211991,0.0109061202341871
"13652",76,1.10172586299974,0.156720912591511,2.96176484985703e-06,0.00823177784755747
"16298",46,1.36355254081277,0.535560942680329,9.71623413244766e-05,0.0105342471686926
"15946",44,1.13389398109756,0.460893255604436,0.000766932553621313,0.0108368597156702
"13640",75,1.0816150311638,0.153635877360959,2.96176484985703e-06,0.00821189531106564
"16296",46,1.18087914553703,0.451717524526688,0.000563146677701983,0.0104988444043233
" 9056",15,1.05845422442539,0.185769365097397,0.000863354453733325,0.0104740296147188
" 9650",34,1.02258910457145,0.149049743464,5.31472248057679e-05,0.00920242355372362
"14399",25,0.990628903349743,0.232227663454049,0.000110654825640492,0.0103098356794071
"15936",36,0.726020278410478,0.284875994284313,8.53152819250484e-05,0.010352175487528
"13631",64,0.97207223079148,0.1446096705229,0.000106870348332341,0.00940666816664277
"16297",39,1.31616490352456,0.529322081142818,0.000318307450113802,0.0109024366928842
"13474",56,1.03164081349985,0.125809350457295,1.17647881535988e-05,0.00840346499075099
"16642",38,1.23747408282737,0.489830605261215,2.7725409844495e-05,0.0102931738117619
" 9055",18,1.07483603633177,0.177474878891656,0.0041875241414687,0.0104439460920258
"11084",45,1.19823885762351,0.476228330724137,0.00377723743851767,0.0125179272034718
"14642",31,1.23366351508042,0.340143643883948,0.00195838473572213,0.0123342538092256
"16306",31,0.97635814916223,0.375569096808721,0.000283259899390493,0.0104384623591025
"16633",47,1.30008089777852,0.50531193585881,0.000179844943382985,0.010511138911406
"10198",61,1.10645097539143,0.323109845132444,7.20696113465211e-05,0.00930242585899807
"11653",82,1.04839210308763,0.202388166871375,4.03129104563874e-06,0.00782859149017804
" 8576",52,1.1054125634353,0.322916072100952,0.000440480250170404,0.0101799391658972
"10058",55,1.01481656932365,0.0850910326733522,9.23906090663736e-05,0.00776558029266131
"10813",55,1.06123859607994,0.101671019190194,0.00109519482448047,0.00966734308176982
"10436",45,0.983264792727834,0.0807935828735524,0.000313042090380723,0.00891340519329159
"12861",82,1.00289626517756,0.0508538600804682,8.96756579540046e-06,0.00799564950246862
"12644",99,1.02117815976403,0.0502035551272931,7.40441212464258e-07,0.00711691003206639
"15004",40,1.32836614330116,0.781042691330113,0.000704982305511803,0.011672616940519
"15687",45,0.654368351155172,0.214679776159743,0.000403375918301362,0.010553481258401
"16635",40,1.2392938897373,0.492382447755962,7.81576835378939e-06,0.0102142242143574
"17036",51,1.28025306971061,0.471319060696235,0.000894288442165165,0.0111189999763477
"10203",47,1.04008762490604,0.300669395794387,0.000435626246666472,0.00956138036654836
"11655",72,1.0447508552468,0.201715937062964,1.06952619578171e-06,0.00791835785112129
" 8577",53,1.01782242167014,0.319379392889202,0.00057129153103909,0.0103378861374451
"10047",70,1.03494496964787,0.0947471298376313,6.98482877091284e-05,0.0078498205770043
"10438",55,1.01674819304309,0.0788297002337809,0.000445498796165995,0.00888782176450285
"10881",58,1.06275867066991,0.0854554734378724,0.0010378517661374,0.00944396095364937
"12859",116,1.0195629395451,0.0524976947340552,0.000917818018472363,0.00937364702449989
"12638",118,1.02922706336847,0.0504152929357037,1.39861117909915e-06,0.00722764093663709
"15001",54,1.41237988738163,0.799640795665677,0.000366353857678149,0.0116074038689939
"16644",43,1.25689693771165,0.49454637109119,0.00011476838793196,0.0103589054701404
"17030",48,1.24402145856463,0.463292145876102,7.60186311463305e-05,0.0107177446073209
"11650",57,1.05390706096994,0.209183902219808,8.72075205791238e-06,0.00813197331245165
" 9648",38,1.07097812673552,0.161615707789396,7.47022912130607e-05,0.0094005526219827
"10054",65,1.03291111235246,0.105319695721142,0.000354918154507868,0.00871439116012939
"10226",69,1.04963515083268,0.0940046239679315,1.7276961624166e-06,0.00767818608631572
"11314",46,0.946955857942662,0.100711004211705,0.000185603930591041,0.00955204171792336
"10598",61,1.06804464389576,0.124081770203034,1.62074354283843e-05,0.00891336153906382
"12607",72,0.995122258280921,0.0608967732234862,0.000477666853285276,0.00876065304818138
"14997",29,1.0867201588059,0.615944604831147,0.000553603213185777,0.0114766694691564
"15655",46,1.23201585973872,0.578416279983753,7.74172423254297e-05,0.0107752460505758
"13295",97,1.02001321267527,0.0477833442649591,1.4315196774309e-05,0.0061074787852308
"15297",68,1.30123036334973,0.610142506552834,0.00084336254099679,0.0116513234399155
"15656",55,0.842502057883305,0.333928283434923,0.000473800104731296,0.0113671414916647
"17029",50,1.2547262377551,0.467313599076024,0.000106047635874048,0.0106989547697587
"11664",50,1.02199025824375,0.204543602433477,0.000122172800056603,0.00865913383757379
" 9653",44,1.06962885157665,0.181454274858948,0.000799429695723911,0.0101132403240317
"14493",59,1.33227353999229,0.462019711600783,0.00182839616731174,0.0117837660532593
"10233",65,1.02152870904066,0.0822119363427716,1.66187916575311e-05,0.00735190708898078
"10604",52,1.09548953314718,0.142561495832673,0.000310162596776695,0.00930802603934227
"13941",26,0.518255892876951,0.218196347089404,0.000444758354953531,0.011117022837195
"14994",22,0.699340034036009,0.401565937136586,0.000319047891326266,0.0110358348909211
"12646",101,1.0144053044523,0.0518598827190747,4.93627474976172e-06,0.00602094637433478
"13540",96,1.02644045764068,0.0478187261506698,1.10243469411345e-05,0.00608813273823006
"15522",35,1.13920826522835,0.540953374586329,0.000285316680536227,0.0107586638656738
"17005",46,1.12830916036844,0.433843636715184,0.000247225093717233,0.0108163491006994
"15585",59,1.16161853128742,0.548248572294667,0.000461459417856892,0.0114155244747317
"13468",64,1.05806023919365,0.0847185584267024,0.000118552865240111,0.00743720889160286
"11958",41,1.0766648543328,0.105550421232732,0.000154587670913371,0.00889990101418867
"12097",55,1.08054713905986,0.181862641061437,0.000420159252450552,0.0098035925673452
"10607",71,1.02328393581444,0.111933027658256,1.15179744161107e-06,0.00808404663784513
"10444",40,0.94237179182898,0.111733726150869,0.00252070870096582,0.0110300767566902
"10130",38,0.993870749448336,0.16855801901234,0.000734270869027056,0.0105479668619597
"14985",24,0.557402884345147,0.228494895529894,0.000291651566465088,0.0110437579554674
"15521",39,1.1767162936875,0.540718870247877,0.000235131220580317,0.0107672328221147
"14406",126,1.00307605371806,0.0441212108716701,3.11808021693282e-05,0.00608827342331538
"15968",53,1.34671050353227,0.716407798028756,7.26455100673267e-05,0.0105910316194432
"15334",37,0.658771432983234,0.24332218479445,0.000556071350560658,0.0105427618750824
"13315",44,1.01571358969493,0.0838694341090882,0.00121596901335797,0.00846917477118865
"12074",42,1.09566716344438,0.135785445927926,0.00135467833382628,0.0100235628203475
"10132",31,0.889433047159057,0.133533601173776,0.00363252231710382,0.0118004394984185
"15541",34,1.06220144921789,0.460804104808312,0.000427399122083536,0.010940853324789
"14411",138,1.01438030319659,0.0456352611078817,0.000213822967910512,0.00723153773575119
"15966",53,1.36384511018124,0.721282835199781,0.000108515773248929,0.0106677740033907
" 9352",34,1.11722500267974,0.271038231990167,0.0015461235228712,0.0110311306693988
" 7765",65,1.22688645134062,0.392668273104018,0.000785690397670407,0.0112456584421259
" 9936",58,1.06539183176693,0.103700335661096,0.000469604271193999,0.00965310013447858
"10274",60,1.0365912985539,0.0900452640061299,0.000190293391603314,0.0090781745407973
"12064",41,1.04495175844317,0.130602392315019,0.00014701871629707,0.00980708465922549
"13533",48,1.04330440167582,0.0912047366033662,0,0.00807068031879827
"12199",57,1.04661167948909,0.13925581609251,8.30939582876557e-06,0.00892702201413228
"12538",53,1.11673492450703,0.158111089873864,0.000654632303064234,0.0106652797245325
"15972",48,0.948504834949589,0.482202066712889,0.000247307364963062,0.0106578351203231
"16317",60,1.29217542567761,0.610232384915234,0.000125545921135606,0.0107174101677921
" 7766",64,1.16280159960996,0.367216056638487,0.000205184487098429,0.0106522994005251
" 9934",83,0.985282537390912,0.06797057382234,0.000498810563463422,0.00860010104536627
"10278",60,1.03309872607247,0.076919600671785,0.00021917059888942,0.00913075252705203
"13309",46,0.994500247685209,0.086080123581827,4.85400350393236e-05,0.00807487895617381
"12558",58,1.02419512354881,0.132684597077666,2.18018801447809e-05,0.00863196414007472
"15761",40,0.559203689828945,0.255793892566372,3.01935472193759e-05,0.0104126590318408
"15962",41,0.817298086396451,0.419492294709366,0.000148910954951145,0.0104090095344847
"16318",60,1.31776629814565,0.607202898790731,0.000337641192883702,0.0108521985844342
"11907",48,1.07585876377694,0.305443799719839,0.00030950442681006,0.00947552487037162
"16320",28,0.68462878101714,0.302872696367025,0.000935177251342358,0.0118034924017623
"16641",44,1.28165835342743,0.646563689305861,0.000593587038658847,0.0108759410581366
"16350",39,0.809702622794748,0.195186352566838,0.000516169796333417,0.0111748787009339
"16648",40,1.26404135936346,0.63761656377306,0.000100453191157651,0.0107087330345849
"10726",79,1.03334433577478,0.175588455833237,1.89223865407533e-06,0.00624675058074107
"11072",40,0.895389204407585,0.0857230404671372,0.000209956219356532,0.00939688272389281
"13937",42,0.991063487154941,0.398029882272066,0.0016338246709253,0.0119789759968901
"16638",32,1.12772656779203,0.56058886386265,0.000169396495162656,0.0104812263152777
"17040",50,1.23589336169036,0.516073677152732,0.000145866918855459,0.0105840064990561
" 7210",53,1.12593155403048,0.347224378216565,0.00095821320017458,0.00980747923697058
"11654",46,1.01883130406029,0.204420776068146,0.000686882631429344,0.0089744103769841
"16630",40,0.880560281921274,0.372818178057436,0.00049132388009295,0.0111207549823976
"17039",49,1.22174661751522,0.503077496214938,0.000359360801782653,0.0106819468064745
"10730",74,1.03615273642883,0.174018306568905,0.000168162426475216,0.00686825378966744
" 7213",46,1.11152795923784,0.327242162580255,0.0015648813669203,0.0102097787218421
" 8963",60,1.08006648366233,0.222762261383765,6.57347254176603e-05,0.00968132646907117
" 9231",40,0.991867746143913,0.229767530070242,0.000914444897393359,0.0104867804704641
" 9082",72,1.17983094543569,0.290046982876991,0.000570962446055772,0.0104170245377889
"17034",42,1.13621801210939,0.493804442428877,0.00026055303554159,0.0105222220712728
" 9086",53,1.0667149903188,0.22885770928028,0.000616211631261922,0.0102636691644128
"10685",76,1.03635519964525,0.173573246982121,0,0.00658849613635376
" 8997",51,1.09863628547877,0.260191157522005,0.00154826257526276,0.0110517335920419
"12435",51,1.15516970526023,0.197803874079569,0.000281203118244759,0.0101615344716086
"11594",48,1.0944171259101,0.100204994782202,0.000267710633928744,0.00891849405827486
"12117",42,1.07364127090763,0.0979798657315229,7.98031084544812e-05,0.00839535997015742
"12990",28,0.585097701098461,0.13014559894751,0.000944144817137759,0.0108331918712498
"13366",32,0.885584032397159,0.191335998018072,0.0042074337829594,0.0112651344907192
"10934",111,1.0485516140765,0.062865973351188,0.000372853286098669,0.0072108549389011
"11125",47,1.15472798016996,0.138451413487941,0.0367820753991287,0.0123844163188357
"10525",77,1.01867199934375,0.0487512104751492,3.94901979980938e-05,0.00714035287291114
"12627",83,1.05887494115729,0.0861973605138038,5.75898720805534e-06,0.00720256236900432
"13400",60,1.05423343723959,0.09827182029799,5.3394038543256e-05,0.00893356691525436
"15338",45,1.16102702789003,0.368528431017883,0.00104813567186607,0.0113166454972768
"10688",76,1.03542697374599,0.173558211111376,0,0.00638339478327284
"14586",27,1.04813747930433,0.22283856248052,3.59525344274312e-05,0.0104293793649846
"12099",34,1.02314530025457,0.0987757223144261,0.000786184025145384,0.00925192013850781
"11971",42,1.05679604486009,0.0958993434635095,0.000504075923196501,0.00898313092578003
"12443",50,1.01989025256537,0.168172206491809,0.000187413897999287,0.0102587925377692
"13060",41,1.03164807146211,0.187396920709873,0.000689350768804224,0.0109249170753696
"10519",75,1.01657251083479,0.0477745946009854,7.49491049505488e-05,0.00755312706545123
"10940",95,1.01154401470056,0.0510891069654266,0.000363063007844975,0.0079173248820823
"12674",73,1.04230809536588,0.0845542382100319,3.0440360956864e-05,0.00756788986599987
"15332",38,0.860054166256434,0.270170719719375,0.00029658784121485,0.0108181116200689
"13390",54,1.03848149685501,0.0984256188053524,0.000609876745333061,0.00910710649352828
"10686",75,1.0374300861912,0.173121827680617,0,0.00665098235845849
" 7198",54,1.05425492274878,0.23316372658983,0.000168820596441851,0.00850990787957885
"10490",35,1.01340724344258,0.110306998614487,0.000167915612737728,0.00918331517362001
"14520",25,1.027526350858,0.225246852246597,0.00134645120924334,0.0110539281367327
"11961",43,1.04625658620297,0.0943707710335661,0.000200577297331985,0.00868374324553998
"10534",88,1.01869538496311,0.0642516185653378,0.000255205404562681,0.00792162263212866
"12563",36,0.894810387127633,0.142860161891664,0.00244518369729447,0.0109091994661427
"13375",45,1.00478150231285,0.38231429265375,0.00678416920233502,0.0124426358010883
"12965",30,0.527688309574627,0.0734903958648129,0.00128417187615051,0.00930215712547374
"12202",58,1.00045776632557,0.139314991353863,0.000329002712071619,0.00975162117003257
"10999",81,1.04781943832504,0.0613631332443914,8.66316218583182e-05,0.00800422700716577
"10693",76,1.03062603520303,0.171616608900437,0,0.00667147112792863
" 7203",60,1.03380590310374,0.228368564548065,0.000108598044494758,0.00842081806208996
"15368",71,1.24464176303294,0.509411325193782,0.00154307948677551,0.0113265673150967
"11969",36,1.00792976031968,0.0937993269944951,7.40441212464258e-06,0.00841228101171505
"13238",35,0.694850479051831,0.182315454704109,0.0043049252092672,0.0120662519722032
"12707",32,0.614185187164128,0.145104180963217,0.00455478298285097,0.0115632703747148
"12402",49,0.862505738738553,0.130336865640593,0.0020888669316075,0.0107577093795543
"10827",81,1.04520579052963,0.0677553500177123,0.000863025368750008,0.0087962351423766
"11658",47,1.02749203848547,0.214142827585188,0.000287784817911108,0.00932094998656202
"10727",64,1.02329704243532,0.169367218414971,3.12630734151576e-06,0.00670623820675748
"11172",36,0.970266535100804,0.259837219039918,0.00221416603900562,0.0114389036693021
"11053",54,1.04118976633814,0.200559860341037,1.71124191325073e-05,0.00888299050019431
"10171",41,1.0479969953809,0.126244683534786,0.000380751325698287,0.00926550608060998
"11004",52,1.04361031608556,0.0935621979071157,0.00148162286614098,0.00887242562867852
"10153",70,1.10331336959205,0.115763103693967,5.87416695221645e-05,0.00828076420526931
" 9824",56,1.00081933164356,0.105186112188191,0.000946119327037663,0.00862394572699832
"10655",64,1.06366834079114,0.114146512884918,7.3632765017279e-05,0.00841962232304164
" 9877",71,1.05889349749794,0.105151619117435,9.87254949952344e-07,0.0072400008848344
"15379",61,1.16953319328649,0.576351619955239,0.000252984080925288,0.0108248603624897
"12408",52,1.04046509476234,0.154471149854967,0.00212481946603493,0.0104267247220681
"12567",55,1.02846542135604,0.165227415367822,0.00131033413232425,0.0105376888270182
"15625",49,1.53703709982444,0.67468367369012,0.00254637732966458,0.0118108045229207
"10834",61,1.05812781612919,0.152410170425872,0.00239549186481353,0.0108771862890522
"13317",39,0.911405899319097,0.139264196112718,0.00301598160085858,0.010848089221405
"11159",54,1.07779198984441,0.209170153393359,2.08146251948286e-05,0.00903144115367271
"10184",43,1.00402912727709,0.117614125079841,0,0.00914349093770741
"10257",68,1.06071350553748,0.0833533098741487,2.39409325363444e-05,0.00753118322679133
"10651",57,1.05841306034763,0.111621090278289,0.000956567775257992,0.00898570211644466
" 9872",65,1.05539458079801,0.106472835905718,2.46813737488086e-07,0.00724903451090675
"14995",49,0.738512425625237,0.309514491279721,4.14647078979985e-05,0.0100814466980968
"10865",36,1.02586727667208,0.429745367247585,0.0017842987795472,0.011463240933623
"15534",56,1.40388684673667,0.695758919632938,0.00102238477192148,0.0115141157798126
"13210",32,1.08763079602505,0.0896474639314929,0.0112914816763425,0.0109446419378677
"11043",47,1.07058146910422,0.196146270942682,7.10823563965688e-05,0.00941007818820943
"11610",43,1.15532940679172,0.285799047158034,0.000673883774588304,0.0114193044262367
"10350",74,1.05162763974929,0.0695934132833227,0.000274292333595093,0.00931109234910802
" 9976",69,1.09016574624737,0.111587566801859,7.75817848170884e-05,0.00777774817462575
"10657",55,1.03130136520746,0.109009724327373,0.000277994539657414,0.00856244294619311
"10565",40,0.985480115775228,0.0970416295237601,0.00213716015290934,0.0106797049548739
"10308",51,1.04184918659295,0.119941387736607,0.00159548627036882,0.0103870925229245
"15018",55,0.918489200502204,0.318513931440393,0.000899718344389903,0.0114233163310437
"15528",20,0.453594084815287,0.182132134404373,0.000472236951060538,0.01137375875943
"15692",46,1.07169036984423,0.319743914616649,0.00238430297538074,0.0119016400575912
"15997",50,1.5661724744645,0.56576188207863,0.00118083919138883,0.0118358320110751
"13953",46,1.22164684976486,0.487551212107588,0.00316324713089314,0.0120376022620687
"16540",23,0.38868931569961,0.115304198163449,5.08436299225457e-05,0.0102245338568416
"10369",94,1.03258682383885,0.0561782525894702,0.000115920185373571,0.00840845448070665
"10270",36,1.0112551487191,0.113426214392136,0.00205768612943817,0.0109383946555328
"15611",26,0.46925050361461,0.199544445184508,8.96756579540046e-05,0.010544476918205
"15546",39,1.02118860831461,0.349834020027968,0.00255205404562681,0.0120439875612022
"11266",33,0.984572843907044,0.161628296499031,0.00130860643616183,0.0103035236242047
"15965",74,1.42695758206403,0.786175921193338,0.00059325795367553,0.0117996136992763
"13955",52,1.19554873795189,0.443023805166089,0.0041370918677753,0.0119884189863413
" 8718",39,1.19478301507587,0.304426251608987,0.000816953471085565,0.0112517867753664
" 7769",60,1.1587151482313,0.375134154165955,0.000621230177257513,0.011141045526697
"11572",74,1.03921511895151,0.0667456365561393,8.39166707459493e-06,0.00689846254514858
"11824",27,1.07034805067978,0.213428609274938,0.00403976498395916,0.0115251577413486
"12213",56,1.05869223869333,0.121353329968946,3.5212093214967e-05,0.00886068974387672
"12486",64,1.02471293417626,0.1368222305444,0.00151231004083533,0.0104687276743218
"11065",33,0.812641876553991,0.167461190562976,0.00193057705463181,0.0108495724262105
"15584",11,0.0973402285676991,0.0332175525175252,0,0.00770759893391073
"15548",40,0.721295838752886,0.237525097034816,0.00071312715884891,0.0111328869658022
"15959",72,1.41683537108226,0.763665587343555,0.000575322822084729,0.0116910550683376
"16319",42,0.992970773680881,0.384315684624685,0.000243029260179935,0.0106839766794317
"14877",40,0.823097193622851,0.352987890024533,0.000490336625142998,0.011305022693952
" 8715",16,0.987466708067984,0.234973835830172,0.000592188427479748,0.0108853506700873
"11576",85,1.03887141233517,0.0645956016566261,4.1135622914681e-06,0.00700731245760125
"11817",33,1.14799746874083,0.23472158794454,0.00499773137039626,0.0113971140309482
"12517",54,1.02293370454682,0.110986171463884,4.17115216354865e-05,0.00847234297597775
"16102",12,0.198882134610074,0.0611552634792558,2.13905239156341e-06,0.00949181637547229
"15971",47,0.980653642718311,0.455715756871172,0.000756072749171837,0.0115392537574426
"16293",50,1.47114146909941,0.769906898072664,0.000630526828036231,0.0117580690601058
" 7511",68,1.06010194021196,0.201932635838681,0.000669194313576031,0.00891929084053726
" 6991",61,1.06962024923624,0.311656434185791,6.66397091217832e-06,0.00858752604372108
"12297",64,1.04587477234553,0.12033065293767,2.46813737488086e-06,0.00829403786544594
"11577",71,1.01976708380768,0.0669932216317076,9.04983704122982e-05,0.00763551614590988
"16105",34,0.548710846921049,0.173044392229475,0.000325218234763468,0.0108578826922239
"15974",41,0.568389561656392,0.21819991057074,4.07242666855342e-05,0.0100122579768667
"16299",44,1.48659662961252,0.763990151664859,0.00143382327231412,0.0118072699665485
"16664",27,0.994988697137416,0.352741039027745,0.00070152691318697,0.0114056813370932
"16732",30,1.18638340800596,0.414775031161487,0.000844102982209254,0.0112035319800258
" 7016",47,1.07939720456587,0.297378303827359,0.000513619387712707,0.0102864509715315
"10744",77,1.03152934120535,0.173270646552598,1.02016344828409e-05,0.00673955872825179
"16313",28,0.760158823899575,0.323800869784662,0.0013810874037375,0.0116488129414896
"16653",44,1.32435655967469,0.747606781340614,0.000833983618972243,0.0114637834167848
"10733",68,0.98845875878509,0.167434720205813,5.545081968899e-05,0.00728312930563653
"16711",46,1.27143115768872,0.730166101974149,0.0003404384152419,0.0113451449025691
" 9716",37,1.08369639686496,0.518851567996546,0.00237582903706032,0.0124888244184412
"16654",41,1.01309909105144,0.548306686849864,0.000335913496721285,0.0110717417751049
"11663",44,1.00286741482299,0.206312380886073,0.000955827334045528,0.0091325787021382
"10178",45,1.04520668143399,0.121454274314474,0,0.00872071115375704
"10469",47,1.07854532596226,0.104185053325968,0.000346279673695785,0.00922778441386552
"11382",46,1.04787452612645,0.155351399901711,0.0013976239241492,0.0103102648133703
"11250",65,1.01407878403678,0.087137015715159,5.32294960515972e-05,0.00806368138455872
"10829",56,1.0300422936957,0.0767180276128689,0.00282675773545105,0.00976820869275051
"10467",58,1.02741675596442,0.108212823117053,0.000595232463575434,0.00928954995476393
"13813",92,1.00293341785659,0.0462700226685201,9.87254949952344e-05,0.00745065231802729
"15600",45,1.33251165827453,0.629414758819366,0.000519131561183274,0.0107184821804019
"17009",33,1.17014570708137,0.485571072459521,0.000770223403454487,0.0106656236861336
"11667",50,1.02775877326123,0.216805340768502,0.000930981417805061,0.00958899145543852
"11183",48,1.05408012601098,0.202400030958349,0.000181572639545402,0.00981729251605808
"10476",47,0.968002271456114,0.101409455964621,0.000150803193605221,0.00906111487579269
"11380",52,1.14682308250661,0.165902852809997,0.00758919334277533,0.0107500894401254
"10176",47,1.04785309113863,0.121715417121391,3.53766357066257e-06,0.00866226163741422
"10451",52,0.985889896421806,0.0872852402459779,0.000248623704896332,0.00878105568082985
"15598",47,1.28109873152545,0.620348449337348,7.04241864299339e-05,0.0104398919736319
"13810",107,1.0290608448234,0.0550821227298952,0.000433816279258226,0.00914161827754408
"16957",26,0.864860333598384,0.356127319829306,5.10904436600338e-05,0.010279451048845
" 8643",64,1.16281768786105,0.308564825135372,0.000877011480540999,0.0106971619636061
"11014",53,1.04651984660681,0.258323243540354,0.000774830593220932,0.0103960202159444
"10174",49,1.04697251388379,0.121496133924137,1.39861117909915e-06,0.00863730352025568
"11442",56,1.28509560282467,0.27269806319869,0.0010476420443911,0.0113150133106217
"12410",28,0.337070150175295,0.0736215546480705,7.1575983871545e-05,0.00971974739848849
"11848",40,1.13552339849951,0.253977237421629,0.000241219292771689,0.0110203971994181
"12041",45,1.20096253176944,0.274110268479362,0.00218051709946141,0.011326547270125
"11120",59,0.98961405654358,0.0853781104624996,0.000458744466744523,0.00905296978276244
"11498",39,0.917628613347702,0.242167630352723,0.0021925287013525,0.0116931310039779
"10371",41,1.07137558428947,0.0954985735944075,0.000948916549395862,0.00958342587684248
"10672",47,1.01068548659633,0.126415880584276,0.00161918038916767,0.0100471162562526
"11170",60,1.06138151123329,0.103393337722082,3.8173858064824e-05,0.00813789559280736
"10625",71,1.03795767389834,0.0885467213265527,1.39038405451622e-05,0.00770828630689895
"15597",41,1.02605309440487,0.488709901448032,0.000242617903950789,0.0104258778600301
"13850",103,1.02361940732129,0.047623377604404,7.23986963298386e-06,0.00610687354605102
"14597",107,1.35117595262608,0.167594998764895,0.000682028627925411,0.0101047088587723
"16010",40,1.31845919214013,0.500636498471516,0.00050679087430887,0.0113371924612023
" 8642",48,1.10702046181156,0.277303563400914,0.000367670197611419,0.0104921181125117
"10169",47,1.03977006970092,0.121100620173135,7.28100525589854e-05,0.0090490507511076
"12843",32,0.992758264883741,0.143663270971283,0.00224394822999585,0.010172137490265
"12610",34,0.869130052378343,0.114405297702683,0.000476515055843665,0.0097584970649136
"12326",44,1.25397491750116,0.252221467721469,0.00293371035502922,0.0115810616260761
"11109",53,0.997757669832785,0.0904623043413408,0.000634146762852723,0.00937568299109241
"10358",42,0.980618561049513,0.081573718817962,0.00046688932008163,0.00907554574124286
"12147",51,1.21516771658196,0.25334223141851,0.0022345693079713,0.011347150455307
"11854",46,1.00266795990328,0.212217593762151,0.00103563044250001,0.010991407196434
"11994",39,1.23532042184931,0.275747090035976,0.00140650921869877,0.0112814182115705
"10669",45,0.95109256132918,0.0903214281633443,0.00111814850206686,0.00974579128749378
"10964",51,0.93299106391118,0.142050663593747,0.000958377742666238,0.00972572734617772
"11494",16,0.511898358401522,0.106007439028674,0.00230334806948465,0.0119891856724432
"15348",43,0.983424598836119,0.399754708484451,0.00194538587888109,0.0121160393885292
"17865",27,0.887287907030456,0.266785351758566,0.00435700290787718,0.0124967877458257
"15594",38,0.67928789508034,0.300210702897825,0.000317320195163849,0.0104627656604268
"16004",41,1.30747703493343,0.487142549528093,0.00132892743388168,0.0115489777955151
"10715",75,1.02972091362972,0.177711530391057,0,0.0060822588709694
"12808",28,1.00306295155642,0.108205398799948,0.00934979800352368,0.0102623762314787
"13651",69,1.00818019946048,0.15186353358358,1.80174028366303e-05,0.00834119028146609
"13194",51,1.11750963990423,0.244747430763052,0.00122378478171176,0.0108920125997383
"12059",36,0.837487080010355,0.169492568395239,0.000308681714351766,0.0102337336156425
"11794",64,0.819618589600877,0.0668072060472198,0.000251832283483677,0.00754558790264114
"11579",66,1.08619096674595,0.103590596006314,0.000676434183209015,0.00888414710181851
"10353",36,1.11996072080514,0.12725058606496,0.00459781084441973,0.0104463099378438
"12515",60,1.07133787700986,0.125280916334651,0.000109749841936369,0.00911541903102528
"10460",108,1.01800509021684,0.0468490038261483,3.4553923248332e-06,0.00592637925736438
"11319",52,1.09541384653468,0.166172759659937,0.000715101668748815,0.010027884741941
"11158",45,0.634477441016121,0.0575541964762524,0.0019610996868345,0.010178721476498
"10967",77,1.03034787707131,0.0638907564415005,0.000326699117188397,0.00920586987153221
"17867",51,1.16488380760494,0.433194968728164,0.00277624319051182,0.0119964821093752
"15998",40,0.972321262032504,0.366022823691507,0.000154999027142518,0.0109612480593011
"16355",45,1.34291951362258,0.687110934166095,0.0004385057402705,0.0114860580226655
"10714",76,1.02336198746048,0.177087347703106,2.46813737488086e-07,0.00612893392494503
"13614",59,0.992729609315843,0.143237915733837,0.00044492289744519,0.0099100298173609
"13195",40,0.987118871684514,0.197531004019935,0.00158717687454005,0.0109406919005946
"12216",62,1.03536150211046,0.125301220006039,0.0004771732258103,0.00954043582011649
"11746",53,0.946562651691474,0.0905207408330388,0.00145677694990051,0.00916613063763182
"11571",60,1.07118528208105,0.102415949969767,0.000220651481314349,0.00875701484829073
"10298",93,1.01830691541644,0.0519668409415595,6.25261468303151e-06,0.00665656684958756
"10461",105,1.01849479417024,0.0467859352500413,3.78447730815065e-06,0.00580594614810397
"11563",59,1.06245028137426,0.159943523817233,0.000115097472915277,0.00955785844239745
"11133",35,0.919455430716378,0.179450053293194,0.00676582271451508,0.0113031782635804
"10963",71,1.02848659148333,0.0678317383379136,0.00096454808610344,0.00983408986547212
"17835",64,1.25147644629801,0.438424301958861,0.00420233296571798,0.0118479027815848
"15995",37,0.902961488820486,0.278956802031575,0.000261211205508224,0.0107462150458464
"16352",51,1.37690178153674,0.668534176204933,0.000298809164852243,0.0114572293335372
"10705",74,1.02836765521191,0.179144121391112,0,0.00608546297982723
" 7406",18,1.09097894128446,0.424032389869147,0.00132176983549453,0.0111403348047024
"10473",42,1.14875924169776,0.281183310054728,0.000189223865407533,0.0106412659156932
" 9929",58,1.01364494816156,0.0801079911542358,0.000309257613072572,0.0085909111776517
"10288",61,1.03442425150375,0.0848058513395941,9.37892202454727e-05,0.00807288129737858
"13222",54,0.983744402316407,0.153872134022227,0.000709095867803271,0.0100496843323857
"14267",62,1.00114213936755,0.0838039942445263,0.00292729319785453,0.00860097525271805
"12324",60,1.05207294031121,0.141500665514344,0.000351298219691376,0.00915102913655012
"10373",62,1.07099519988088,0.0879820052473219,0.00123884041969853,0.00933132583290336
"10574",91,1.02659966859008,0.0565648290049995,5.01854599559108e-05,0.00625567799295301
"11752",33,0.744029895251049,0.0880694661021583,0.00145299247259236,0.0108926464545216
"11361",61,1.1655319543116,0.170725612281025,0.00459608314825731,0.0110167340918361
"10884",73,1.01297292920716,0.0622050618496476,7.44554774755726e-05,0.0088360142496148
"13460",57,1.02326726644532,0.134367978809562,0.000133773045718543,0.00903508853835651
"13176",65,0.992399247595133,0.128604443667015,0.000668289329871908,0.00943709346477901
"13133",46,0.907879040160076,0.0959836088576512,0.000889269896169574,0.00993789520392033
"17844",48,1.43566811884357,0.513122632738443,0.00248418026781759,0.0120160668737641
"16324",17,0.378384083180601,0.109754836263111,0.000118717407731769,0.0108302829592631
"16666",52,1.40972939396131,0.70321145586807,0.000902433295502272,0.011306789694002
"16733",23,1.23978555033315,0.398628763426375,0.00117195389683926,0.0111097483657022
"10743",74,1.02780952486515,0.181024738520289,6.58169966634896e-07,0.00614620068122889
" 7407",23,1.01427606785185,0.396113434664011,7.34682225256203e-05,0.0108438614861471
"10302",55,1.02349732154759,0.092674528833704,1.88401152949239e-05,0.00845922268665694
"10375",86,1.02209961609114,0.0553440318218732,4.10533516688517e-05,0.00662896005905431
"11557",70,1.02312132616369,0.0731100755483787,0.000203374519690183,0.00817041768551987
"12417",60,0.980810295279543,0.137513750296697,0.000125463649889777,0.00913670838972751
"13456",25,0.938813934621975,0.0927792093070848,0.00860030695401819,0.0112135316912905
"13150",30,0.784088124434724,0.0703226156750245,0.00298208584757689,0.0110000721763163
"16669",62,1.38376611085609,0.678024787126193,0.000272235552449359,0.0110475913128752
"16738",13,0.482902405678864,0.143518625601179,2.36118475530269e-05,0.0101942351326002
"10759",73,1.01215358779771,0.17327904646491,0.000496095612351053,0.00699527605293019
"11205",75,1.10030213442819,0.0917838318834022,0.00175575065724442,0.00873447241616978
"10817",62,1.09938454856412,0.0904105563116277,4.93627474976172e-05,0.00794677622775722
"11883",64,1.03565223728059,0.0811639635068405,3.86674855398002e-06,0.00654458419104617
"12285",92,1.05778498398165,0.069638504959193,1.16825169077694e-05,0.00861655015962325
"12860",90,0.948620686401722,0.0566952361810234,1.50556379867733e-05,0.00762993911088779
"13453",21,1.17955936224241,0.184408301943929,0.0125072861472088,0.0124370830429252
"14219",67,1.07732647362199,0.10529896138258,1.21761443827456e-05,0.00862251732236409
"13363",71,1.09620127040963,0.089205410752017,0,0.00720100283040232
"16676",35,0.885185928415285,0.385202341061542,0.000258084898166709,0.0108157145794371
"10786",65,1.05022698243282,0.0828899955778731,8.33407720251437e-05,0.00750624990202959
"11212",66,1.05106706551732,0.086587650683672,6.74624215800769e-05,0.00736457296821293
"12596",87,1.02417393199585,0.0526314511591959,3.70220606232129e-06,0.00713863204392128
"13451",44,0.96637398090054,0.117611014473816,0.000740852568693405,0.00975981833025643
"13935",70,0.999933891418823,0.158232282124905,0.00294284246331628,0.00992272562682565
"13355",56,0.934600168839032,0.072005318051934,0.000227809079701503,0.00872277707464696
"10787",54,1.07578477319134,0.0873342182011272,0.000169643308900145,0.00804557430527393
"12611",90,1.0289640814093,0.0571764748970991,2.63267986653959e-06,0.0072766334622161
"15518",50,0.857567291759904,0.208671764652681,0.00161276323199298,0.0111881517604004
"12914",65,1.0215190728942,0.0603664026683091,0.00103291549138764,0.00873414317859217
"10741",82,1.02908477058125,0.170914823500538,0,0.00620515393780596
"15320",49,1.23103685282357,0.416564902194316,0.00365481782472358,0.0122504970543004
"10695",81,1.03715189239765,0.171894655556547,0,0.0067532571898438
" 9112",72,1.13287985669939,0.264319081414529,7.31391375423028e-05,0.00975681899143632
"11574",71,1.09618834836955,0.0892043156073744,2.22132363739278e-06,0.00720111739612155
"14412",53,1.04882114777224,0.101801349651212,0.00153057425740945,0.00884675147316179
"13245",46,1.04895295004422,0.101232937050402,0.000388649365297906,0.00905171638612677
"13656",61,0.982908482822746,0.14904963683127,0.000147183258788729,0.00910114315502836
"11101",40,0.895207278674761,0.0762397481414843,0.00325242916137217,0.00959161698938711
"10698",77,1.03925401724287,0.173002891724919,0,0.00688787250318839
"13239",39,1.01627393221973,0.094692894354842,0.000131469450835321,0.00883672847713587
"13655",57,0.975737783602671,0.135989989803021,0.000243934243884058,0.00942766242991391
"10700",80,1.03628505549849,0.171870893113383,0,0.00727487337445273
" 8979",63,1.07566836951257,0.252283864135267,0.000144715121413848,0.0100340048548671
"14004",53,1.12667953631069,0.341445224340466,0.000285481223027886,0.0107069919476482
"10156",41,0.969099847060565,0.108575265999333,0.00215147534968365,0.0105073341461376
"13233",37,0.963939472664389,0.0991940402956312,0.000804283699227843,0.00904243138872838
"14262",26,0.669124005764622,0.134246889904961,0.0026419765173183,0.0106077963491483
"13466",63,1.10737849000464,0.13784948214592,9.04983704122982e-07,0.00840019649913455
"10745",76,1.03587869714447,0.170798750466201,0,0.0066971394824147
" 8977",61,1.02797134777741,0.234178572711495,5.93998394887994e-05,0.00963814578482455
"13997",58,1.03980005493047,0.331738231356853,0.000924893345613688,0.0114311894857604
"10189",58,1.18585339936841,0.187571411147751,0.00246961825730579,0.0101538152446592
"10708",25,0.966642006953934,0.107558344353031,0.000380339969469141,0.00927322982735825
"15618",72,1.29363516977827,0.676820435090157,7.32214087881322e-05,0.0107593473282658
"13196",63,1.22091686074076,0.168917131105263,0.00158586053460678,0.0100040452796744
"11747",64,1.09070319990853,0.182859229816845,5.94821107346287e-05,0.00857007888583005
"10644",37,1.0420751239211,0.143514611394501,0.000250104587321261,0.0101151675871683
"11146",51,1.22943606314769,0.300491378744281,0.00422158443724205,0.0117283738690293
"10331",59,1.08842611798035,0.103287175603021,8.86884030040523e-05,0.00891303872185049
" 9880",54,0.961119572145941,0.106799541980352,0.00109741614811786,0.010142536757546
"10059",59,1.02679816905245,0.0889261295225688,1.76883178533128e-05,0.00733418427898291
" 9938",60,1.0060354118877,0.0749950900212842,0.000309586698055889,0.00850893965075591
"10804",61,1.18757418685248,0.367730979281658,0.00161827540546355,0.0113333492853001
"10296",61,1.06470967466008,0.113315369372907,0.000151461363571855,0.00832663163676118
"11194",18,0.950534544475339,0.171992870967904,0.0270812259896511,0.0128507997795168
"10968",131,1.0166986183544,0.0478048769316257,1.64542491658724e-06,0.0056809992883083
"12635",71,1.03541191411241,0.0602210423263808,0.000668453872363567,0.0086651434151002
"12905",46,0.95850667218068,0.0728675849462204,0.00286830471459488,0.0100281310863088
"12281",25,0.501324575682026,0.0854636511302854,0.00574269750138113,0.0116671525295709
"15615",69,1.28279903833387,0.67484726153391,4.68946101227364e-05,0.0106466300423514
"16089",21,0.460866486664354,0.156281302614919,0.000711975361407299,0.0104623281567984
"13471",67,1.05276208964129,0.133932888666224,6.74624215800769e-06,0.00880069979981023
"14299",70,0.935978301778952,0.118145572861972,8.92643017248578e-05,0.00920835667629138
" 7204",62,1.07507447906051,0.231763302552343,1.06952619578171e-06,0.00817074814806375
"11740",63,1.08570633533535,0.183335825636566,3.61993481649193e-06,0.00831845601477268
"10633",63,0.985888877435572,0.0874211590581821,0.000145537833872141,0.00889875432434016
" 9879",48,1.09494226941869,0.122505855093125,0.00250573533422488,0.0101123530762896
" 9931",41,0.938262940598152,0.138263540320517,0.00298175676259357,0.0106099895100512
"10347",52,1.05668652635632,0.0885617252317295,8.07903634044335e-05,0.00874839154750486
"10051",61,1.00884309933915,0.0775417248605044,5.69317021139185e-05,0.00755927129294036
"12912",105,0.965637957673426,0.0456558559541224,0.00046688932008163,0.00919281612446483
"10784",35,1.35315510546693,0.366293215088421,0.00270623036031103,0.0116427021479715
"12634",108,1.02062745194198,0.0472657172730028,2.54218149612729e-05,0.00677911159999782
"10297",64,1.13815528828287,0.126161390564932,0.000815719402398124,0.00923786259486459
"11199",132,1.01709649653656,0.047543249824527,9.04983704122982e-07,0.00570021681007214
"15689",60,1.22826638060334,0.592105398729401,0.000651588266968547,0.0111759367043961
"12140",40,0.848308269254979,0.140983761797543,0.00332466331521035,0.0110045678662178
"13473",59,0.869995923562389,0.110484639542263,6.71333365967594e-05,0.00881271369227283
"16007",57,1.174369247053,0.597266616736846,8.99224716914927e-05,0.0105478918557343
"16622",60,1.49199249501547,0.754421072230287,0.000553932298169095,0.0118499030398428
" 7206",57,1.0585375558421,0.223849131703014,9.97950211910161e-05,0.00877619373843705
"11038",43,1.11466099709388,0.273596582733783,0.000434968076699837,0.0098536835135569
"11729",53,1.06484190401456,0.187846496949929,0.000675858284488209,0.00999977573811222
"10050",63,1.05391919685652,0.143025741269061,0.000335502140492138,0.0101829960908366
"10086",68,1.04979000055174,0.141602461839579,0.000321104672472,0.00978442312080991
"10231",58,1.05931080186713,0.120240524563841,0.000299878691048025,0.00893073016304524
"10370",53,1.09744349803276,0.138787575346388,0.00648725227613686,0.0107820015299135
" 9759",120,1.03260640368933,0.0506387775044583,4.44264727478555e-06,0.0061855690883288
"10443",42,1.10375816477227,0.171345590054315,0.00195385981720152,0.0105222425119791
"11446",55,1.00356669895561,0.120160672738843,0.000519049289937445,0.00981981065845911
"10853",48,1.04205125990029,0.165290181025927,0.00849294297821087,0.0114550045101155
"11770",67,1.09800585527829,0.133407266604045,7.19873401006918e-05,0.0092211486748837
"12617",96,1.03130123159024,0.0482687307490552,8.14485333710684e-06,0.00603407514784378
"11008",134,1.01463410239504,0.049136629736547,1.7276961624166e-06,0.00545543514132424
"10902",43,0.930888130257483,0.101894770732723,0.000369809250002982,0.00972900614230175
"11270",78,1.00717318772018,0.0734481619484301,0.000536573065299099,0.00774806810687529
"13541",115,1.03258103578831,0.056307545286137,3.4553923248332e-06,0.00582548441551432
"15616",46,0.912271439783319,0.373840283555768,0.00190721202081627,0.011782528795962
"16000",58,1.16750932321941,0.58703746126551,8.7042978087465e-05,0.010396246401338
" 7211",50,0.9482310761043,0.207683219112417,0.000648461959627032,0.0088574401768807
"12288",56,1.00548625522609,0.16186564789781,0.00176998358277289,0.0104462041746703
"11893",58,1.02436818054843,0.136798602835396,0.00083176229533485,0.0102145021166254
"10972",64,1.18242826714034,0.252874857349538,0.00456745275470869,0.0115897355198517
"11453",55,1.00574357074996,0.109915284430297,0.000202716349723548,0.00972439646750832
"11604",52,0.951981189664006,0.160987284111132,0.00318093544874645,0.0109282522175791
"10239",56,1.03204873102322,0.110111707630308,0.00268878885619521,0.0100762165190717
"10517",56,1.03627801981056,0.129714878347542,7.65122586213067e-05,0.00867553793761601
"11022",107,1.01090164513686,0.054811056928674,2.04855402115111e-05,0.00660968785601271
"13545",101,1.0242656874114,0.0541787614862933,0.000467382947556606,0.0065645644272568
"16002",55,1.08290311542099,0.510759928651955,0.000330977221971523,0.0106447143591383
"16323",28,0.882048856479835,0.416431557559766,0.0016178640492344,0.0117426872215053
"17292",34,1.07272891143329,0.370222523703411,0.000876435581820194,0.0113441004341942
" 9951",75,1.00356966913155,0.0686231972922016,0.000372935557344498,0.00847082203020075
"11298",73,1.04905065239355,0.0817496314439006,7.40441212464258e-07,0.00651553101325739
"13322",71,1.09615771377543,0.089203886066206,5.80834995555296e-05,0.00720191294752807
"10528",116,1.01662479965252,0.0433891999027022,3.29084983317448e-06,0.00596992900440279
"12223",57,1.03639142178714,0.0860830906756376,0.000742415722364163,0.00914827782766215
"11575",39,0.95438237742688,0.104839114955196,0.000360923955453411,0.00980818535353433
"13405",61,1.03167766053953,0.10720690070464,7.79931410462352e-05,0.00769198630220736
"10602",55,1.2568506550399,0.189047903033753,0.00605886589910337,0.0111811798389087
"10222",85,1.46589785431528,0.222173575131418,0.00216356922282056,0.0107174513984652
"14413",136,1.01646580500014,0.0442375609306666,6.58169966634896e-07,0.00590342654424876
"16023",42,1.0208487962137,0.490545504185075,0.000518720204954128,0.0108984457619114
"16339",52,1.570581195569,0.751360550606769,0.00265908893645081,0.0120227659950459
"17113",20,0.469270947989522,0.1926422486979,4.68946101227364e-05,0.0104956541008194
"11350",72,1.0476942938322,0.0825083419236099,6.58169966634896e-07,0.00668261121790296
"11007",35,1.21252659057881,0.475229484514174,0.00100231058793912,0.0114814664620119
"13383",78,1.38645228211115,0.16203344008982,0.00295370226776576,0.0103621497193767
"10439",40,1.1134844562009,0.175137133378889,0.00431636091243748,0.0114902890191385
"10131",50,1.09722408918482,0.194193211686361,0.000424108272250361,0.0103087613030798
"14414",148,1.00969731908039,0.0439010981219537,2.05678114573405e-06,0.00631852574870025
"16362",39,0.996637798780735,0.424356467621438,0.00109552390946378,0.0116737202839511
"16671",40,1.00919082517319,0.427230334708034,0.00135295063766386,0.0114382834028997
"16735",50,1.31479509123102,0.525478826822828,0.00140840145735285,0.0113446917305566
"11339",70,1.04038908840371,0.0819403194476249,4.771732258103e-06,0.00652326021861201
"10991",120,1.00002720785646,0.0445333902544443,1.95805565073882e-05,0.00680544910843291
"11029",41,1.10348657649141,0.426087759509816,0.00076471122998392,0.011506244474663
"13402",55,1.02122135202489,0.110693673887958,0.000251996825975336,0.00836329693446283
"10126",43,1.02912253836164,0.167893522678803,0.000544635647390377,0.0108922035099761
"10448",43,0.994726439650861,0.11751607468248,0.00254826956831866,0.0108873787744793
"16672",23,0.858102330340558,0.358809503476395,0.000692147991162423,0.0112055777425022
"16110",48,1.31792588108824,0.528505721257537,0.00309652515052553,0.0123483304370338
"14979",20,0.487312780814417,0.244537246975468,8.68784355958063e-05,0.010648495296068
"11340",66,1.0409218970161,0.084273006900326,2.46813737488086e-07,0.00645237742951923
"11439",54,1.4064701924397,0.583853344198031,0.000648379688381202,0.0115592912685688
"16120",44,1.11593443681687,0.471672934970469,0.00476630235587826,0.0123386037349834
"14998",49,1.50512986064578,0.820639096308408,0.00110786459633819,0.0117684194119978
"15516",37,1.04699022214075,0.410931639884354,0.000951466958016572,0.0111089991911681
"11440",49,1.34643119913999,0.574260136734407,0.00239911179963003,0.0118153737092546
"11852",43,1.08430026559481,0.43843804350308,0.000478654108235228,0.011008762897078
"15000",48,1.39771299404426,0.799126864594678,0.000481780415576744,0.0116272920933122
"14018",54,1.01531688482691,0.317622975551696,0.000230194945830555,0.0107962464100346
"12631",59,1.0060487440566,0.0587175129780074,0.00105471737153242,0.00918702295973831
"14996",40,1.25368530150144,0.719091954674442,0.00110983910623809,0.011784720168318
"15525",49,1.28785508039387,0.565326764662236,0.000207734895719139,0.0107869665189648
"15981",32,0.862642213211675,0.390135074368363,0.000357139478145261,0.0108248705441608
"10640",65,1.07628485656681,0.134188561028656,1.39861117909915e-06,0.00799790704556305
"16081",51,1.21268324361029,0.491469867108668,0.00156019190590802,0.011893282655941
"14990",45,1.14719978527654,0.548234271862135,0.000860804045112615,0.0116992733025231
"15532",52,1.30080146551147,0.563996301427405,0.000280709490769783,0.0106880330745684
"15287",40,1.17852511076757,0.401739935631013,0.00283284580764242,0.0121735734728783
"10641",54,1.05925730712365,0.132591520405849,1.41506542826503e-05,0.00802194688924926
"16083",50,1.11171317354625,0.443848879690674,0.00129519622309165,0.0117441891456536
"11413",22,0.964184879566464,0.241994653707373,0.000282766271915517,0.00996083826125891
"14476",45,0.967293849007276,0.287054541010161,0.000952371941720695,0.0113374246994949
"15529",43,1.28107803630802,0.539940000912451,0.000613414408903723,0.010802594110136
"15964",48,1.3900005386415,0.684405153842521,0.000197615532482128,0.0106277344427208
"15289",31,0.81619224856596,0.263078951302532,0.002631034441623,0.0122659757087676
"10638",69,1.14660482742917,0.127940788854994,2.22132363739278e-06,0.00811602000185133
"10944",42,1.2516210963524,0.188447997233923,0.000473141934764661,0.010243028364605
"13368",14,0.26886024055143,0.0435263037752397,0.000304897237043616,0.0102339943245175
"12955",55,1.08879340940216,0.200939757847874,0.00086277855501252,0.010354511225611
"16375",46,0.624241087792547,0.254880266338504,3.36489395442091e-05,0.00997705964023094
"15535",50,1.17168777579465,0.465755755063408,0.000736903548893596,0.0107210312308319
"16114",44,1.1539149577662,0.539093591600159,0.000510328537879533,0.0108581184293801
"10093",43,0.974743728678122,0.169164482690894,0.00486716690326506,0.0114723588528024
"10634",71,1.12670831853615,0.141675894155364,0.000698647419582942,0.0085586264165245
"13638",49,1.00914935656422,0.138719542839978,0.00113855177103254,0.0100952910944597
"13489",47,0.90231545349745,0.12639677443822,0.00046688932008163,0.00991122482212698
"12711",53,1.15235154718683,0.220875236798379,0.00011213570806542,0.0101147747740035
"10946",46,1.05246232354715,0.0933692695597592,0.000840976674867739,0.00966589219035087
"15970",32,1.01451181436509,0.48947341078032,0.000242535632704959,0.0106349834440741
"16336",52,1.28979511032039,0.55444712591817,0.000461294875365233,0.0110968117966508
"11928",89,1.02101282888634,0.0637817619594622,4.69768813685657e-05,0.00873272010974881
"10943",134,1.01817297297636,0.0469955021362486,1.46442817576264e-05,0.00649876677573749
"11547",69,1.01047903576984,0.0642814408025194,0.000257426728200074,0.00954836667538722
"10413",89,1.0247458318932,0.0505430817062873,3.06049034485227e-05,0.00689300506348025
"12615",58,0.902176593189838,0.0799689235442735,0.000525960074587111,0.00882751128837233
"11116",63,1.16414495727477,0.184984629449644,0.000720778384711041,0.0101974150927292
"11706",58,1.05676975678063,0.128527053872068,6.09629931595573e-05,0.00905586963756332
"11301",86,1.02691009573018,0.051791227630324,3.4553923248332e-06,0.00695155185660749
"10918",96,1.02063178218271,0.0517106257088756,8.63848081208301e-06,0.00642213070186237
"13413",70,1.06203367542422,0.133353789715412,5.01854599559108e-06,0.00741688219759308
"12312",63,1.02730528871679,0.135682541430115,6.99305589549577e-05,0.0088725881667714
"15976",35,0.831753297190597,0.384679863652509,0.000390952960181128,0.0109643662929235
"16335",50,1.3073774657006,0.560377706766298,0.00046812338876907,0.011145530330408
"11923",66,1.04492229707391,0.0860897746606228,0.00803255308654976,0.0106885760866303
"11549",71,1.07536847720594,0.0856842448149482,0.00106154588493626,0.00960413407040549
"10941",102,1.01034642903523,0.0491692599153541,2.85481223027886e-05,0.00685904697982146
"10522",95,1.02147192295626,0.0487618359651304,2.30359488322214e-05,0.00679039835356074
"13417",68,1.05812623491766,0.115465540664337,0.000127767244772999,0.00781277394644155
"11849",32,1.16266233733522,0.273736494327913,0.00290656084390553,0.0114366374648711
"11240",88,1.02732448743398,0.056840348077939,5.64380746389424e-05,0.0070810208164412
"10919",96,1.01941934340643,0.049924268033911,3.29084983317448e-06,0.00671694030237037
"12308",65,1.08207960286816,0.141262763904305,9.80673250285995e-05,0.00950265136617854
"10463",58,1.01916382746948,0.101076554628925,0.00394836162984274,0.0102113924796022
"10096",47,1.00509318348535,0.0916847785971537,0.000466642506344141,0.00881002165097514
" 9720",51,1.09517941922252,0.165258854605578,0.00301524115964612,0.0105681542169614
"16338",44,0.954796640263047,0.308111704602132,0.000645088838548028,0.0112981465171566
"16649",53,1.2300078120085,0.605813649616078,6.54879116801722e-05,0.0106283855485328
"10550",69,1.09023279120968,0.0794247804067897,0.0013665253932257,0.007891085032825
"11286",107,1.35114162539762,0.167590232950756,0.00027462141857841,0.0101048651577033
"10985",100,1.01495298537569,0.0502233550162483,2.92885635152529e-05,0.00602189689165002
"10948",95,1.03037632897011,0.0482000605982591,8.55620956625365e-06,0.0060366614863116
"12336",44,1.0003384379762,0.100671055885969,0.00161243414700967,0.0103919097801933
"13397",41,0.829439642200921,0.0757590332572883,0.000545293817357012,0.00932621273666165
"10913",98,1.00146289869197,0.044187808134069,1.54669942159201e-05,0.0060316758031501
"10494",37,1.00102583297781,0.108771065902362,0.000498728292217593,0.00920607561093474
"16640",51,1.24047214240999,0.602759718124738,7.19050688548624e-05,0.0105662809675828
"12891",65,0.998504139237103,0.0654042699488031,0.00852963595385077,0.011199404219093
"12604",107,1.0070622094755,0.0524465395771975,0.00199902673116184,0.00916110599508615
"11288",107,1.35135654938207,0.167604376444682,1.23406868744043e-06,0.0101047157554508
"10862",97,1.01998111423107,0.0485316877274547,0.000153271330980101,0.0079276201851609
"10996",94,1.01536311025856,0.0536886533950482,5.10081724142045e-06,0.00606981544187276
"12141",51,0.811005632158841,0.17631823367148,0.00519526463163255,0.0117147640983166
"10000",118,1.03131274059341,0.0581399742275003,0.0001457023763638,0.0082988067920645
"10238",57,0.977925554665905,0.100494273808381,0.000774007880762638,0.00919991260100937
" 9820",61,1.0400058308658,0.0887227900634963,5.59444471639662e-06,0.00717687540677226
"10553",55,1.04237306495627,0.107087921542132,5.79189570638709e-05,0.00836446069274501
"10009",70,1.04627887825765,0.0993635784209718,1.56315367075788e-06,0.0072647358621055
"16634",52,1.21318932908123,0.579291260937165,0.00022048693882269,0.0107733281595409
"13823",110,1.01910661526863,0.0479577244687689,1.7276961624166e-06,0.00626891161675976
"10794",33,1.2589583085659,0.304692043991335,0.00271881786092293,0.0112576480855906
"10001",115,1.02603907920824,0.0537971503854095,0.000100864547386798,0.00709447913379425
"10654",56,1.04568242044127,0.119119830116695,0.000659815391551484,0.00877991001931662
"10236",52,0.999156470860398,0.100982055934234,0.000187413897999287,0.00866024538261461
" 9821",63,1.07065397616303,0.0891947064347473,4.13001654063397e-05,0.00792472443043269
" 9873",65,1.06685374165978,0.10237126613048,9.13210828705919e-06,0.00728593875681636
"13794",106,1.02107795424957,0.0489208753239714,8.2271245829362e-08,0.00626141433826462
"10783",20,0.963183215927797,0.241092854667784,0.00169577491903481,0.011187128836615
" 7205",57,1.08448379509863,0.241316992124152,9.47764751954251e-05,0.00866856946169762
"10452",67,1.07789176595943,0.0867426100544735,5.78366858180415e-05,0.00702814287061615
"11813",63,1.04078878883622,0.0845340179072623,2.74785961070069e-05,0.0074541252773331
"11423",61,1.04365994876397,0.0826355884941089,3.15098871526457e-05,0.00743592518682296
" 9965",52,1.04253448427158,0.104915194618601,0.00010448448220329,0.0082125778400399
"10545",63,1.03510070636513,0.0982547313101927,0.000351380490937205,0.00981230867666857
"10269",73,1.08322591279332,0.124674641524658,4.95272899892759e-05,0.00931815456598085
"13818",104,1.01492891444728,0.0484950973650323,4.1135622914681e-07,0.00652598278387706
"14583",118,1.00951210546869,0.0472263765894636,0.000926127414301128,0.0084123915411278
" 7202",52,1.0474676343076,0.24159734942458,0.000381820851894069,0.00881010219217179
"11404",62,1.0526137436219,0.0868151708171252,0.000156891265796593,0.00744854824774194
"11797",72,1.0606148765612,0.0827971760854143,1.97450989990469e-06,0.00668383080272621
"16038",9,0.214414165610731,0.050305660845652,0.000139367490434939,0.0103457113415892
"10268",39,1.01933267491233,0.108873362294665,0.00101317039238859,0.0103670064263019
"10559",64,1.0362410125265,0.0857854468584035,0.00131173274350335,0.0100369945391967
"13843",111,1.01908142605134,0.0479898143700877,9.04983704122982e-07,0.00641223607928555
"14415",141,1.01144379323054,0.042938816567095,5.57799046723075e-05,0.00651635421649982
"11934",42,1.25161726298748,0.188448660903153,0.00072859415306483,0.0102431277065309
"11798",65,1.02284033016124,0.078918013315672,0.000182642165741184,0.00768804250888066
"11405",69,1.03728975695085,0.0800274713246162,3.29084983317448e-07,0.00682991676423934
"10394",100,1.0251300213771,0.0490529151785264,1.7276961624166e-05,0.00585683152571965
"11088",56,1.26506679459954,0.261670060840697,0.00939644579990893,0.0117165641841262
"15872",46,1.09780261325187,0.187786932986508,0.00373157689708237,0.010491475090338
"15288",56,1.41792378306775,0.431433650809967,0.00518818930449123,0.0121877307588671
"11946",37,1.05303471644064,0.115028038107572,0.00025281953843363,0.00939239278800938
"11406",72,1.04977467069713,0.0827300089649867,2.27891350947333e-05,0.00674162724919241
"10348",79,1.02354518338109,0.0561929401785667,0.00031978833253873,0.00718224576720138
"15986",53,1.34802952383588,0.520327565914939,0.00165661380602003,0.0120206968801145
"16374",24,0.40930464352554,0.129622901561967,0.000382561293106533,0.0107937559904935
"15298",29,0.673234657099726,0.214989319440645,0.00184114821041529,0.0116605350821477
"17294",44,1.00586177387138,0.421935051417031,0.000170795106341756,0.0108879733294253
"10514",45,1.10494701885877,0.228874095413702,0.000831268667859874,0.010035387142262
"10530",118,0.996542533715232,0.044643776302271,0.000103990854728314,0.00680914201769366
"14581",25,1.02433244885053,0.232295737194739,2.23777788655865e-05,0.0102215220229853
"10893",40,1.03120655641076,0.132617820129187,0.00802432596196683,0.0113838848828398
"16238",53,1.38004386655177,0.53008521248147,0.00206805230641267,0.0120660120717359
"10515",36,1.04293075217888,0.2158475476224,0.000821313847114521,0.0101873094423194
"14551",25,1.0156991563463,0.220757059460163,5.30649535599385e-05,0.0102139380238596
"16101",26,0.860213428916588,0.329494490246588,0.00092069751207639,0.0116443151183935
" 7145",51,1.10831690098202,0.285172841816305,0.000769482962242023,0.0100401238730072
"15027",49,1.08162337606705,0.39910690986137,0.00244098786375717,0.0120544183382901
"16080",55,1.16104355412508,0.566301210305437,0.00120930504244579,0.0118992726977189
"14973",28,0.619086793687155,0.191999660204317,0.000897003393277534,0.0111401280205126
"15520",46,1.14353338615361,0.550241348291144,0.00259137970113325,0.0116779463385962
"11246",71,1.09607878358168,0.0892037428398832,0,0.00719956972373489
"10980",48,1.02514168605903,0.0726201356038633,0.000514113015187683,0.00922251628145958
"10303",38,0.963837376203894,0.126621418852898,0.00275625127777529,0.010674773370174
"10459",64,1.08172457727662,0.116839821507426,0.000918558459684827,0.00919552068357555
"13817",114,1.02330454057797,0.0470340648857349,5.75898720805534e-07,0.00607051894679967
"11480",137,1.01055613556388,0.0428787519520082,2.13905239156341e-06,0.00501948354648157
"16086",57,1.17826370393627,0.569753428241594,0.00221507102270974,0.0122842469491478
"15497",49,1.18102462987948,0.460226827978427,0.000996140244501915,0.0111984116968495
"11245",68,0.989627829375477,0.0776462239293433,3.01935472193759e-05,0.0081255249648507
"10457",58,1.033929215072,0.0982901359132652,0.00010185180233675,0.00867416505774173
"10984",42,0.991900950451739,0.0721981894047452,0.000441714318857845,0.00901011600534635
"13605",114,1.0239307282106,0.0468222923005237,1.97450989990469e-06,0.00587347329711642
"11507",135,1.00727462674606,0.0425397483653585,1.84287590657771e-05,0.00527140278554187
"15538",12,0.158709003365857,0.0262643710057855,0,0.00948178965464081
"15326",23,0.341933681544292,0.115649818434504,8.2271245829362e-06,0.00985536700881125
"15939",39,1.07970860432622,0.498382863363311,0.00196422599417602,0.0114991432940066
"10533",86,0.996141696605882,0.058130460551555,0.000176883178533128,0.0074051457914754
"10066",27,1.1284277475936,0.132198323496525,0.00705072803882216,0.0101808850700981
" 9795",32,0.995456226285459,0.0580103376950733,0.000831597752843191,0.00936528486240826
"10619",69,1.04226492916533,0.0966065385428064,2.84658510569593e-05,0.00784880675213344
"11287",62,1.06260347191871,0.0961428278197031,6.71333365967594e-05,0.00865534719041735
"12170",74,1.06916666535088,0.114654220251647,0.000132045349556126,0.00855193600328115
"13803",122,1.02050832528071,0.0465919160394463,1.23406868744043e-06,0.00609114320543028
"11513",116,1.00793779057131,0.0496542500882106,1.88401152949239e-05,0.00605129457400853
"14604",137,0.959443399488098,0.0471668411027615,9.04983704122982e-06,0.0075437744213055
"15311",30,0.431881288994077,0.121240386321568,6.6804251613442e-05,0.0105911049413775
"15940",35,0.569114556843405,0.207417481592057,0.000729334594277294,0.0113217988422464
"11112",55,1.11598982237728,0.105772775334654,0.000404363173251314,0.00962813105721795
"10531",137,1.02294006053245,0.0458702332186531,1.39861117909915e-06,0.00533701769897942
" 9837",30,1.02468394463215,0.0756144391223409,0.00829713741313699,0.00977694248006689
"13418",66,1.1754546495499,0.196047767741463,0.00137220210918793,0.0104535399733713
"12605",45,0.995535041272811,0.117077759234157,0.0011656190109104,0.00960002629600417
"11175",64,1.04110960734912,0.0824620061064372,5.95643819804581e-05,0.00809717622796494
"10855",109,1.07859800266945,0.0670510182740422,0.00011731879655267,0.00607356141656151
"16291",13,0.17805263511356,0.0524299570254986,6.08807219137279e-06,0.0086387298684944
"12029",87,1.03988888861419,0.0728591479373605,2.28714063405626e-05,0.00683351761273285
"11118",92,1.02816043226272,0.0582325315245288,8.06258209127748e-06,0.00820415220449318
"11396",111,1.02082099789301,0.0539144055697141,1.99096414907056e-05,0.00733481923526047
"10857",95,1.03975947313498,0.0540351154773166,1.11066181869639e-05,0.00794341788074223
"10114",62,1.01262018393442,0.073810241001145,0.00054167388254052,0.00898874642649847
"10320",101,1.04657808771042,0.0647412337678843,0.000640646191273242,0.00760792090509153
"10793",68,1.0337370823206,0.159009739186764,0.000394079267522644,0.00962596994234807
"11277",35,0.915964547844487,0.348967059336998,0.000320281960013706,0.0106258606996203
"11127",110,1.02440587502985,0.0577244865623069,0.000134842571914324,0.00799398009405911
"10874",112,1.03352834152413,0.0504030951981699,2.3858661290515e-06,0.00736225182482258
"11390",95,1.02920669569164,0.0689707305063797,6.4994284205196e-06,0.00771686720944806
"10110",83,1.040495116622,0.06722173989675,0.000285316680536227,0.00771141501482203
"10383",80,1.03591234948965,0.0565763640385856,8.19421608460446e-05,0.00680816276247236
"11599",39,1.21091185029805,0.414853649295826,0.00101876483710499,0.0107208387773302
"10780",48,1.02461284084171,0.154342728490503,0.000650683283264424,0.0105516012617079
"10049",72,1.05877981139207,0.0856378978830053,3.29084983317448e-06,0.00765002238225723
"15603",44,0.831870048042647,0.327462585536281,0.000409957617967711,0.0105807372188545
"16663",22,0.323857949289312,0.153678293279238,1.160024566194e-05,0.00945429454447469
"10377",103,1.01680693714653,0.0463036921078533,1.80996740824596e-06,0.00617333931779874
"10880",69,1.02518279460496,0.0727263855675825,0.0022208300099178,0.00965224905584874
"11394",67,1.07086876165012,0.0929748380526927,0.000795480675924102,0.00946766986137447
"11114",58,1.05117582394755,0.124951182199534,0.00706101194455083,0.010532233264758
"11605",42,1.06166360202683,0.350692522846876,0.000107693060790635,0.0103062089173076
"15602",29,0.515566507844444,0.217394024462869,0.000186262100557676,0.0102655840865471
"14555",30,1.04992818285883,0.22916191787223,0,0.0102562896884376
"10374",70,1.08003981319034,0.0927485519379054,0.00124830161296891,0.00779559676111633
"10883",63,0.963981278104929,0.068983356873822,0.00268615617632867,0.00998701435680992
"12306",40,1.13741567414665,0.39125638943761,0.000429620445720929,0.0104981998780655
" 5990",78,1.0860823954954,0.224848327089945,0.000195723293828052,0.0091808881935536
" 8094",45,1.07346306090778,0.289411414728882,5.51217347056726e-06,0.00891275966703934
"10537",51,1.05667180368148,0.0896669964990804,0.000251832283483677,0.00830793461591471
"11213",73,1.07334862632685,0.0889976088859995,0.00163300195846701,0.00836587652451367
"11875",66,1.04060411042746,0.0810466111463448,1.97450989990469e-06,0.00684156930918675
"10424",74,1.06799849349561,0.0840057191108317,0.000931721859017525,0.00750617218845896
"11501",72,1.05703792637958,0.0840604806003239,1.45620105117971e-05,0.00810236405705391
"15607",41,1.25131529663954,0.611807937583131,2.3858661290515e-05,0.0105900382336937
"16019",40,0.90673304813193,0.325409688040262,0.000548913752173503,0.0112084402858557
"11015",87,1.04272870775329,0.0711547650385468,9.87254949952344e-06,0.00649251308487838
"15359",32,0.587526024924568,0.205497489854649,0.000165365204117018,0.0109078754944892
"14567",27,1.04174997934528,0.234017165358822,6.21970618469977e-05,0.0101987856433263
"12320",28,0.997494563411412,0.338487878872698,0.000257673541937562,0.0103417164826131
" 8090",47,1.0526647896122,0.284959710193224,7.98031084544812e-06,0.0087612942315624
"15604",45,1.2465117793808,0.583847784534313,0.000153929500946736,0.0106446261282487
"15437",20,0.339522019750933,0.0977110362332593,0.000911647675035161,0.0102361471503412
"11023",107,1.35155150507749,0.167621086271904,0.00160478292114754,0.0101046321981731
"15408",46,1.21203131478611,0.60209416973536,0.00223481612170879,0.0116332708823846
" 8086",41,1.04615174194414,0.286834139447353,7.05887289215926e-05,0.00880047281017783
"15601",29,1.07945863264685,0.514777990469652,0.000967509850953297,0.0110390225570609
"16012",63,1.39349452092623,0.480738986530819,0.000448049204786706,0.0112854360617178
"10282",38,0.875762200346145,0.216776530268669,0.0054388697905333,0.0112821870311562
"11024",100,1.02346982800177,0.0642830971036537,4.1135622914681e-07,0.00687528699011973
"15024",45,1.15943870653923,0.560939024797306,0.00147183258788729,0.0116685196827302
"15606",24,0.858852495739137,0.352838052033313,0.00162567981758819,0.0117826647802858
"16013",50,1.31931214743144,0.478820726768656,0.000319212433817925,0.0113008023115893
"15322",51,1.46837146171918,0.507865843114935,0.00197492125613384,0.0119291322717162
"15699",7,0.282705718970584,0.096840007111759,0.000584537201617617,0.011700723558496
"15040",24,0.753661276881047,0.269556757279963,0.00366575990041888,0.012186160143636
"15524",33,1.33612673172408,0.617900932924003,0.000900952413077344,0.0113627952968011
"15862",61,1.26833669147615,0.164386777748994,0.00265752578278005,0.0102467756146081
"17331",49,1.27673090413738,0.508201906006773,0.000629950929315425,0.0112088504769666
"11559",23,0.842474091440705,0.18826899862891,0.0094515675346146,0.0117123162244014
"12203",38,0.94294610533993,0.103414812735127,0.00107306385935237,0.0100157527384589
"12438",50,1.04812794216474,0.159758985326525,0.000987337221198174,0.0107437273114511
"12732",31,1.01287644723409,0.203089960878261,0.00196784592899251,0.0113954158692691
"11910",36,1.07338868733455,0.102927217985032,8.42457557292667e-05,0.00876765434820438
"16011",59,1.28217681618949,0.459481959197782,0.00065899267909319,0.0111258686980474
"16331",49,1.3707978379511,0.568205459557258,0.00163596372331686,0.0117134402365132
"15685",48,1.09944198392842,0.374290587598965,0.00174168227420759,0.0118368837784581
"15324",60,1.27648696665789,0.479876269606203,0.000172029175029196,0.0117033274144905
"15527",33,1.20630085143066,0.552090138094314,0.00117886468148893,0.0114257305497044
"17321",39,1.10560236418278,0.445278166566036,0.00035212093214967,0.0112038642773052
"11583",33,1.25177662382285,0.366606848230783,0.00508329346605879,0.0118272663047749
"11962",40,1.12365459837263,0.113157309844294,1.69478766408486e-05,0.00867089493255385
"12191",57,1.04059272537234,0.148109690471638,6.32665880427794e-05,0.00907687620465938
"16016",46,0.980105438978764,0.338382530361014,0.000578942756901221,0.0110799774201948
"15333",41,1.01613103043694,0.391145172300265,0.00049395655995949,0.0115617300507992
"16333",38,1.09719418105167,0.353742263760408,0.0024749658882847,0.0121397693246655
"15526",37,0.815358534853513,0.360232478115861,0.000810454042665045,0.0111046954035157
"15963",50,1.40355434910929,0.699492039052781,0.000785937211407896,0.0109019990280292
"17324",47,1.01525562904315,0.419468474771836,0.000361417582928387,0.0109823617847792
"10395",87,1.05321039186898,0.0662160987247677,2.41054750280031e-05,0.00691572323401782
"11996",27,0.986566584817891,0.089873487844863,6.17857056178509e-05,0.00870258409727779
"12529",44,1.04294537709025,0.163598496333304,0.00233699700902886,0.0110463423516458
"12207",56,1.10825006566491,0.147400030319646,5.80834995555296e-05,0.00899299772426168
"13349",42,1.25154822261945,0.188440421895298,0.000740112127480941,0.0102429127532333
"16367",25,1.06106797809706,0.401050294460635,0.00212144634495593,0.0120541619464508
"15346",14,0.466995136238296,0.0825350920186301,0.000947106581987616,0.0108884466341065
"16673",53,1.22154214806453,0.56346944734724,0.000263843885374764,0.0107778977381908
"11414",110,0.998853893008322,0.0469441583715562,1.0448448220329e-05,0.00753855260373016
"11137",60,1.02638886269644,0.0481148103863782,0.000174661854895736,0.00790209402929445
"15961",50,1.29265909366918,0.665420816187746,0.000256028117020975,0.0107122919599348
"14311",64,1.06516681403286,0.0852780446705058,0.000231840370747142,0.00700952473454447
"11949",26,0.88500270540137,0.0789602458962521,2.59977136820784e-05,0.00849914082638105
"12533",47,1.06877776336129,0.155639793654153,0.00081111221263168,0.0107856383973688
"12198",60,1.08304697476462,0.138388995817899,2.69849686320307e-05,0.00893335150412086
"11141",54,1.02679302801091,0.053724032959915,0.000819092523477128,0.0082761576864543
"15951",19,0.308635573153689,0.141364662292056,1.91692002782414e-05,0.0100066494331298
"16311",50,1.27434470682433,0.620424653861095,0.000479805905676839,0.0111085504674234
"10729",80,1.03528268395547,0.173546683981201,2.22955076197571e-05,0.0068077754947874
"10397",119,1.02323440594266,0.0490153493188564,4.2945590322927e-05,0.0058661945740916
"12274",59,1.06892318469755,0.140839779972028,0.000184863489378576,0.00917169120737864
"13169",54,1.06558267720118,0.147420673298067,0.000543977477423742,0.00999202729580855
"11700",145,1.01994239327624,0.0494149956943479,1.31633993326979e-06,0.00613654729267824
"11177",83,1.02410699910018,0.0569242536156978,0.000165612017854506,0.00784809308177518
"16316",42,1.3246938503455,0.61696568037531,0.000650189655789448,0.0111486035421408
"10735",80,1.03457727139288,0.174174990044561,0.000159606216908962,0.0078677733480074
"11625",35,1.01195547363355,0.353017882317252,0.000171124191325073,0.00994614506678323
"13828",103,1.01579001510324,0.0481342376616824,3.0440360956864e-06,0.00676939345382759
"11273",93,1.02900938211887,0.0555130665517662,0.000336324852950432,0.00812747008300014
"12826",44,1.06634303394954,0.345289630280708,0.00318233405992555,0.0121538427188273
"16314",8,0.213703828666235,0.0400927471071647,7.42909349839139e-05,0.010184039148018
"16639",41,1.15540780521213,0.579382874198414,9.69977988328178e-05,0.0105732770963323
"10739",81,1.03668516457826,0.173140267586943,1.64542491658724e-06,0.00723812157341532
"10367",75,1.0154084806176,0.0644566119466232,0.000244674685096523,0.00807576590145646
" 9792",40,1.1757298035677,0.505933717675436,0.0052578730497087,0.0127233089921966
"13944",54,1.22362652956082,0.495984326200612,0.00305234549151516,0.0121695195953571
" 9871",95,1.00157759599219,0.0499109903489551,0.00058544218532174,0.00826934882051734
"10295",56,1.04617186501583,0.107793494928541,5.53685484431606e-05,0.00818654415514639
"10818",124,1.01819991833269,0.0438511192288962,3.49652794774789e-05,0.00550788105284635
"13839",110,1.02867821917962,0.0514555732413348,4.21228778646334e-05,0.00708836348391276
"11381",57,1.18492749220483,0.292481343280174,0.00414145224380425,0.0115054352646513
"16643",35,1.10575785202569,0.555759208385397,0.000260882120524907,0.0106188382801971
"12359",45,1.10484090359227,0.384528066347967,0.000265571581537181,0.0100527869773385
"11214",52,1.0716399560679,0.111060704670261,0.000317402466409679,0.00865301687420127
"10856",127,1.01439252165224,0.0434137330215646,3.4553923248332e-06,0.00534219523343893
"14584",129,1.00799514884752,0.0485063963150984,1.02016344828409e-05,0.00846011340745809
"11482",32,1.08925736375407,0.270455549445878,0.0103236427404058,0.0117172285258958
"16651",21,0.597633049045386,0.277865994104187,0.000207405810735822,0.0104699146501456
"17020",39,1.20146970942685,0.517862173074247,0.000126944532314706,0.0103737470077755
"12367",40,0.982638348832056,0.355709488822349,0.000268862431370355,0.0101656171621752
"12298",68,1.05531019097623,0.0823604891615427,0.000136570268076741,0.00742073715089365
" 9776",101,1.01891091728592,0.0521972058263069,0.000708437697836636,0.00721101082004279
"10290",90,1.03410759152843,0.0557048453696103,3.60348056732606e-05,0.0068262419127763
"11006",117,1.00073258795335,0.0459082076836639,0.00109396075579303,0.00931486773401568
"17021",43,1.17437754849045,0.51618729501057,4.09710804230223e-05,0.0103721585396411
"10962",35,1.11212538190066,0.234585032500837,0.00571283303914507,0.0120735378906499
"10386",107,1.01237550252997,0.044990281671786,6.91078464966641e-06,0.00595439820025682
"11010",61,1.06509469637638,0.0840795203576263,0.00215904430429995,0.0102455805299295
"17016",39,1.14197057618012,0.499490562940013,0.00021925287013525,0.0103789805590258
"18803",38,1.38409524887405,0.552646199160385,0.000720367028481894,0.0114846749525727
"10181",42,1.02872455894639,0.134137183231089,0.000116825169077694,0.00929497066383275
"11342",63,1.04155101711747,0.0804614852437306,8.2271245829362e-08,0.00660043388613533
"11307",97,0.980217240709994,0.0449626387141218,8.90174879873697e-05,0.00730237417185517
" 9659",73,1.02541526042961,0.0731459263095201,0.000502595040771573,0.00874195487903805
" 9740",105,1.02061861808572,0.0604876387981792,3.29084983317448e-07,0.00703403427039092
"17291",35,1.35972314095344,0.496303613858893,0.000632912694165282,0.0113971092895614
"11354",69,1.06356278660816,0.0875400688082865,0.000316991110180532,0.00731852687939659
"11981",40,1.07723397874796,0.107853815884356,0.000173674599945783,0.00875050148306366
"12723",48,1.01810955201406,0.151597254815395,0.000178693145941374,0.00954801495693801
"12385",53,0.980264382047004,0.146547385033132,0.000376308678423502,0.00984807252457915
"11950",36,1.02888990461999,0.0973723551268748,0.00010185180233675,0.0089192721857906
"12200",50,1.07530333861658,0.143996342045832,0.000170959648833414,0.00954326151377147
"12521",44,0.994349608710403,0.132892332033318,0.000376473220915161,0.0102922399310309
"10177",49,1.05030916250579,0.118350255895444,6.58169966634896e-07,0.00824197197239381
"12613",129,1.03103287932784,0.0548624307982525,0.000258002626920879,0.00759759414934206
"15624",48,1.1854199831341,0.587915809218139,0.000439492995220452,0.0108550926064462
"10173",46,1.04670267775376,0.119450066879465,0,0.00833635585254352
"12915",140,1.0221825607628,0.045687142447647,5.75898720805534e-07,0.00541984948635167
"15612",54,1.16570123083294,0.53993384427643,0.00173995457804518,0.0113439498793769
"10179",44,1.02873415124551,0.118248921319847,0,0.00860469005372127
"12155",30,0.777954943367002,0.177140573091202,0.000278241353394902,0.0113856796788544
"11497",31,0.566610930938878,0.183180016106655,0.000653315963130964,0.0111489357476298
"11845",48,1.25848982212678,0.291420772185852,2.92885635152529e-05,0.0110194210279732
"11016",105,1.01083464208593,0.0542486859923988,4.771732258103e-06,0.00684343728736729
"15622",14,0.163110788014487,0.0353049598982996,2.22132363739278e-06,0.00940888244258246
"15999",37,0.870906590078655,0.416758308481196,0.000947929294445909,0.0117518173067013
"10192",46,0.986439813803176,0.112217032325112,0.000152366347275978,0.00873093249228269
"12038",35,1.05680282241225,0.221799189349214,0.00272803224045582,0.0116912024037347
"11796",52,1.29863092515146,0.285123847399038,0.000170301478866779,0.0109628412483923
"16014",33,0.66181210992456,0.26989275665186,0.000283259899390493,0.0106921369860616
" 5979",78,1.0327074767823,0.230026070905681,0.000194982852615588,0.00933588625247705
" 7574",70,1.07240010726312,0.204414405453616,9.5681458899548e-05,0.00820803702521782
"11780",67,0.984770535207578,0.0805769915160712,0.000187825254228434,0.00840885006310234
"10575",45,1.07238665815933,0.16007295585844,0.000251256384762872,0.0100950022539767
"11689",67,1.04985121159937,0.0784079531389224,0.00027602002975751,0.00849964380042354
"12218",57,1.0760961633999,0.146754500685523,0.000854798244167071,0.0101380852515616
"11398",42,0.943461736977539,0.132625694260616,0.00139836436536167,0.0104900493119043
"12497",53,1.008754388131,0.119723306801595,0.00028622166424035,0.00962493537236647
"11003",54,1.08550669464302,0.107122518070495,0.000567753867468427,0.0103310977805462
"11188",64,1.06778965191454,0.149514138878993,0.000109420756953052,0.00914218818121591
" 7593",66,1.0581428522693,0.201119979084142,0.000142576069022284,0.0086712369992972
"11802",47,0.982198072532368,0.112958870564842,0.00537124282646156,0.0106858183514316
"10564",49,1.07502217865376,0.160662519294283,0.000618597497390973,0.0102487938901436
"11178",52,1.00145769375546,0.142894074321257,1.09420756953051e-05,0.00899704118554225
"11621",78,1.04637293771934,0.0704809504541627,7.23986963298386e-06,0.00740679801922458
"12219",60,1.05094001312389,0.113985205817124,0.000180009485874644,0.00949373061435247
"12488",43,0.9711623543029,0.109349003892953,0.00117911149522642,0.0101194379944269
"11564",70,1.04824361728485,0.0725810729041893,3.69397893773836e-05,0.00750109874484842
"12006",67,1.07233261759163,0.117163815691834,1.64542491658724e-07,0.00798158088909549
"13156",65,1.03390356942111,0.123136984817727,0.00011608472786523,0.00879933178278618
"11804",124,1.01810090790474,0.048620555809838,5.86593982763351e-05,0.00712172175113056
"11242",95,1.0236835303186,0.048513261213942,3.37312107900384e-06,0.00722113369293312
"10547",66,1.03854684396132,0.0815020271478464,0.000196216921303028,0.00835248208782284
"10690",90,1.02077853312365,0.050396717470395,1.87578440490945e-05,0.00672749862291377
"13175",63,0.975960958473271,0.0967895617107638,3.66107043940661e-05,0.00873287865701476
"10788",102,1.01910300651663,0.049042575074467,5.75898720805534e-07,0.00639920842416749
"11316",98,1.01766788088114,0.0481069699385384,6.66397091217832e-06,0.00692952938698122
"14058",55,1.04769198920799,0.104030742049952,0.000497411952284323,0.00918524594961857
"13358",70,0.998456650014037,0.0762731981301108,1.06129907119877e-05,0.00746963138193008
"10292",50,1.12611581822872,0.224803123275695,0.000976477416748698,0.0104157213535778
"10122",90,1.03791940150041,0.068419697922936,3.70220606232129e-05,0.00644859489802654
"10015",93,1.01983178448779,0.0574376625349236,2.55863574529316e-05,0.00621455088522524
"10908",96,1.03026306170943,0.0502669761765144,2.93708347610822e-05,0.00625652910972596
"11308",96,1.00694033658041,0.0481146913955703,0.000730157306735588,0.00782076205860842
"11025",97,1.01499577739147,0.0529359354505714,1.89223865407533e-06,0.00604390488910098
"10121",101,1.03545496806637,0.0707534161899771,2.87949360402767e-06,0.00819404532649722
"11011",92,1.02762137953959,0.0690740179189562,3.29084983317448e-06,0.00683966123622341
"10119",88,1.0751094759107,0.0853600487373029,9.11565403789331e-05,0.00823017041115501
"17078",63,1.24483512894896,0.496873101192069,0.00167997883983557,0.0119559595228628
"10188",38,1.02058415515688,0.121348783540502,0,0.00909134724739514
"15626",40,1.29414550371094,0.654873049038981,0.000928924636659327,0.0108941253956686
"10340",69,1.05313947046491,0.0831389328762971,3.29084983317448e-06,0.00662197541804724
"10162",44,1.00883889208735,0.116675252127006,0.000210038490602361,0.00870433217360494
"15623",37,1.19706573334224,0.61424901454961,0.000365942501449002,0.0107607102240955
"10341",69,1.07156636370188,0.0868264105391997,0,0.00675095998838684
"11639",56,1.08985178526019,0.24632591017646,5.73430583430653e-05,0.0103736484199958
"15621",16,0.284624656704755,0.0574346047432693,0.000212424356731413,0.0103387892780128
"16005",39,1.24558289844188,0.490193456942695,0.00115870822626073,0.0116617478984709
"10758",69,1.0245254527546,0.173304543705727,0.000468370202506558,0.00713503732666282
" 7620",49,1.29600215644768,0.43809754208502,0.00421673043373812,0.0120129163881196
"13242",31,0.796238738936193,0.0844630435688762,0.00166714452548619,0.0102129266178642
"13434",76,1.09992682297808,0.158635039171329,7.56895461630131e-06,0.00807188546457299
"10455",64,1.06774876501408,0.0858868987227678,3.06049034485227e-05,0.0068799544173116
"12013",42,1.06293475650842,0.141594409081399,0.00106500127726109,0.0100380138536826
"16006",44,1.22592310133869,0.47601666424582,0.001004778725314,0.0116431111141396
" 7209",66,0.963076428794925,0.213729074516251,3.10162596776695e-05,0.00827842866072052
"13250",49,1.07854632937121,0.157155421869844,0.000345127876254174,0.0096950410405076
"11829",46,1.21191795089219,0.298831375737615,0.00255213631687264,0.0115141765034939
"11587",64,1.03430563943485,0.0768971283069134,5.0679087430887e-05,0.00782929607801034
"12484",71,1.08839684829243,0.135883736999416,5.43812934932083e-05,0.00865351163702869
"12008",38,0.968670067937415,0.133035808829437,0.00102222022942982,0.00986102636732804
"15994",35,0.870585957055417,0.316522439818657,0.000572278785989042,0.0113708378078438
"16360",53,1.41330081698768,0.676261260717539,0.000627235978203056,0.0114186949536094
"10748",74,1.02660740686012,0.168555934208252,1.64542491658724e-06,0.00649223604396059
"11959",40,1.05558078460358,0.0963981480505473,1.92514715240707e-05,0.00827666767385593
"13197",38,0.979220749306256,0.141604437894245,0.00171881086786703,0.0105077113330938
"13463",70,1.10406798834827,0.139014138323646,1.46442817576264e-05,0.00824075190429008
"12166",62,1.08848819051183,0.134785269903279,0.00017532002486237,0.00915551995810434
"13896",42,0.847506041137649,0.270588907289805,0.000142658340268114,0.0100612182243562
"16354",46,1.26650307823789,0.6416092439296,0.000134924843160154,0.0112073093997251
"13462",71,1.09213834819984,0.143951096963324,2.50104587321261e-05,0.00832149459051802
"13905",44,0.815005467229746,0.276822198432284,0.000761420380150746,0.0108523408478508
"16347",30,0.932365497793345,0.392252441171483,0.00171140645574239,0.0118378789804651
"16668",43,1.10123920532769,0.548510430452537,0.000280380405786466,0.0108788306718969
"16734",24,1.08424856743345,0.337818648844353,0.000202058179756913,0.0108696737154706
"10428",48,1.04577041828867,0.0846119057633281,0.000293214720135846,0.00893152784586738
"10098",63,1.04321390252957,0.0973044509093554,9.21437953288855e-06,0.00791600067590775
"12885",97,0.982557039567401,0.0586051591212301,0.00192983661341935,0.00877401804346847
"12659",76,1.00569513622748,0.0501451989381011,0.000277500912182438,0.00791288714886591
"13452",58,1.0257438399892,0.132476012580568,9.09919978872744e-05,0.00864935977528844
"16737",18,0.944351454998468,0.299420624894691,0.000570139733597479,0.0108371581621021
"16609",41,0.802316373471336,0.294228246386415,0.000465737522640018,0.0108880336279555
" 9854",43,1.19910605458174,0.510185561941299,0.0023208718448463,0.0122909805097014
"10425",52,0.980866729659362,0.0724152326053637,0.000551217347056726,0.00901016403359647
"10052",65,1.02115784710818,0.0949196550165123,2.54218149612729e-05,0.00806649061666833
"12643",80,1.02941461028751,0.0589798520203389,4.82109500560062e-05,0.00738166359426348
" 9851",43,1.10429625401687,0.488405886619857,0.00105364784533664,0.0121555205637278
"10223",73,1.05843648117407,0.0854040339871069,0.000257262185708415,0.00815709492304658
"10608",66,1.06600602389049,0.120729361626823,1.74415041158248e-05,0.00887058032821294
"11320",50,1.02458538202615,0.109234364158504,0.000198767329923739,0.00943888624484587
"11669",61,1.04541069917704,0.115877856713697,0.000607902235433156,0.0098805108775493
"12383",90,1.01512943167959,0.0477950793451223,3.06049034485227e-05,0.00745192121020063
"13527",115,1.0572679489924,0.0612778392337752,0.00648700546239937,0.00917387638669475
"11504",137,1.01210583129667,0.0429432395761116,8.2271245829362e-08,0.00512492435576497
"10612",52,1.04408156763862,0.130127156724397,0.000472072408568879,0.00957910016997332
"11317",46,1.00230319192254,0.110589573295388,0.00136817081814229,0.0107483773143382
"13542",121,1.01230180445649,0.0434585528662807,4.36860315353912e-05,0.00695630133494228
"11517",130,1.00990468826285,0.0429195918744461,9.87254949952344e-07,0.00545616533056231
"13297",43,1.03431257175052,0.0886536520224697,0.000696508367191379,0.00833982001475313
"10124",43,1.05655846360016,0.169528838877051,0.000340602957733559,0.0106504889847684
"14416",125,1.00831404104206,0.0455285061414591,6.41715717469024e-06,0.00584312627036382
" 9885",48,1.00564169406809,0.0646430199163414,0.00157631707009058,0.00981416457958176
"11601",118,1.01329126954849,0.051992071293426,2.30359488322214e-06,0.00568698593017879
"13313",47,1.02788479623249,0.0834735891239584,0.000105965364628218,0.00800504992564795
"16094",57,1.19054185957105,0.475580655256782,0.000927772839217716,0.0117446592516287
"14417",154,1.00192445168387,0.0434684278552179,9.04983704122982e-06,0.00635035220966298
"11603",44,1.29836424086226,0.242378206791467,0.0147430072526217,0.0124172772094179
"13314",47,1.02499787358065,0.0851878250373871,4.12178941605104e-05,0.00803528736566855
"16098",32,0.79320284812026,0.296921313090301,0.000294942416298263,0.0112374951842709
"10219",105,1.0173447028172,0.0549882913555912,1.80996740824596e-06,0.00592335439454135
"10220",87,1.03850999881897,0.0722552842827363,1.64542491658724e-07,0.00735094518913726
"10107",94,1.02454339577672,0.061767839410154,1.89223865407533e-06,0.00659221340852832
"13634",55,1.03745388240684,0.143645845415653,0.000140107931647404,0.00936234395094747
" 7578",86,1.06034677714287,0.203552235219203,1.15179744161107e-06,0.00748278236837359
"13519",58,1.04574560518581,0.141505218518924,0.000214316595385488,0.00935763786862305
" 7566",86,1.05662541571381,0.20262562170165,2.46813737488086e-07,0.00764594311874981
" 5994",70,1.10320236454671,0.26849750383207,0.00159301813299394,0.0108476595396923
"10183",48,1.04991024634277,0.130765386204363,9.98772924368455e-05,0.00845949232704618
"13459",63,1.07392494265617,0.141111645966861,0.000361911210403364,0.00904081396674703
" 7591",84,1.05671002308975,0.203623766974514,5.60267184097955e-05,0.00780444901468517
"10180",50,1.06055607051014,0.131542757561855,0.000200577297331985,0.00902746205142163
"10636",52,1.06568385558452,0.129395939145256,0,0.00816679465679667
"10539",71,1.0959743700635,0.0892034132070524,0,0.0071990301521974
"13834",95,1.0321322769069,0.0485948562038701,1.60428929367256e-05,0.00607634129021296
"13457",74,1.01632526685915,0.134970221737445,0.000282930814407176,0.00873261856425066
"10637",55,1.06892286589119,0.127906016519684,6.31020455511207e-05,0.00816796660674615
"13851",131,1.00604250108305,0.0448457529346939,0.000114686116686131,0.00715671500184022
"12618",86,1.04144069008435,0.0642263698348813,1.85110303116065e-05,0.00859592241825161
"10187",45,1.07133206409834,0.137559586049497,0.000298315537377267,0.00911155209893122
"10645",49,1.01254780741513,0.120647966470747,3.86674855398002e-06,0.00820655806243738
"12713",44,1.01559201859565,0.188427817573507,0.000340520686487729,0.0103037966061442
"11514",128,1.04057890959047,0.0638036164516292,1.02839057286703e-05,0.0063510007798634
"10593",86,1.05836119783905,0.0694520383273672,8.23535170751914e-05,0.00718612106142797
"11335",60,1.00930046938412,0.149890390838634,0.000256768558233439,0.0101767031678257
"12626",89,1.01847516355213,0.050221932054108,3.29084983317448e-07,0.00715727253847089
"10163",44,1.02325934008859,0.128518475867956,5.7260787097236e-05,0.00816630404365539
"12687",61,1.13399988892927,0.197935549480941,0.00131066321730757,0.0104346180382302
"10594",84,1.02988745673518,0.0765817716416777,0.000295682857510727,0.00776600139530098
"13546",114,1.00494819318161,0.0434263180604492,7.56895461630131e-06,0.00632222415001736
"10185",46,0.983921733253828,0.118126510746026,7.73349710796003e-06,0.00887280345239674
"11924",96,0.945304059472897,0.054192280489347,0.000691818906179105,0.00965315558494576
"10942",92,1.00266187891064,0.0487759696388446,5.2489054839133e-05,0.00749488424501213
"10400",100,1.01441892641101,0.0455357552654416,1.43974680201384e-05,0.00697200131506892
"12630",63,1.04795230642896,0.0990835704938411,0.000749408778259659,0.00941391409499162
"13412",71,1.05195823736719,0.111130155614558,5.8412584538847e-06,0.00739763491365312
"10939",127,0.996718152996934,0.0453131955099318,8.96756579540046e-05,0.00671143218199224
"10526",111,1.00734780657553,0.042750225908847,0.000408312193051124,0.00686912217406341
"12595",63,1.01973668605626,0.0827132678261053,0.000164377949167065,0.00835541514599354
"13406",73,1.04955108267313,0.114240340379503,1.56315367075788e-06,0.00729899874250495
"14418",107,1.35119660501548,0.167607247351441,6.26084180761445e-05,0.0101048194042218
"10535",87,1.00977806667681,0.0517447272433584,9.97127499451868e-05,0.00734318380196096
"11285",100,1.01817343762942,0.0659748960834389,3.29084983317448e-07,0.0075734147887034
"10989",101,1.02318435615291,0.0535149017129501,6.33488592886088e-06,0.00662895679635491
"13384",67,1.03490356570706,0.112789935589963,1.02016344828409e-05,0.00729584467153456
" 6004",70,1.03080226799138,0.221804796223139,0.000658005424143237,0.00983633275051184
" 9749",34,1.20520065761132,0.41214879293702,0.00102526426552551,0.0114059342608994
"10828",80,1.00981045414478,0.0582408512294117,9.43651189662783e-05,0.00839384525791542
"11283",82,1.04534935825083,0.082623740700094,0.000329249525809107,0.00860413850526924
" 9746",35,1.22865167596347,0.43554094941592,0.000560349455343785,0.0115052296730773
"10665",59,1.07613151633195,0.10803698606288,0.000346032859958297,0.0087423112637614
" 9977",65,1.0476881529378,0.101039651978029,3.29084983317448e-07,0.00745499748929284
"10300",76,1.02833810196381,0.0589367741601857,3.1592158398475e-05,0.00719203275532154
"10826",49,1.09518072630189,0.182510402994113,0.0102527249265009,0.011273908860674
"10945",57,1.09934305379448,0.192380417508623,0.000113945675473666,0.00916630973019807
"10388",113,1.02603908038065,0.0484173943742175,1.23406868744043e-06,0.0057320923505113
" 9502",45,1.39497777022795,0.612914067233377,0.00195805565073882,0.0122565168319731
"10662",58,1.08628268390416,0.103056624315053,3.67752468857248e-05,0.00824784274173476
"10271",66,1.06792532649247,0.0807012659568394,0.000138133421747499,0.00800515753865804
" 9973",55,1.06266422110443,0.104628539307754,3.34843970525504e-05,0.00790926486192768
"10947",55,1.093687325299,0.189113703986121,9.87254949952344e-07,0.00900221348173286
"11515",117,1.03796974295462,0.050316670064195,1.6371977920043e-05,0.00627392450977198
"11421",64,1.02567606622559,0.0784077730197275,1.80996740824596e-06,0.00674880667719741
"11799",63,1.01844242447767,0.0776464066395307,1.39861117909915e-06,0.00682571639455372
"10936",51,1.06655790070797,0.194757960414186,3.05226322026933e-05,0.00881092557987632
"15343",37,0.861343521536861,0.335681082318246,0.000480217261905986,0.0113568950469865
"16085",35,0.665556660680702,0.243432023964521,0.000520036544887397,0.0113476821876396
"15341",30,0.546951393040917,0.160810585945715,0.00146146641091279,0.0115207308243555
"15309",10,0.177758982707412,0.0437889382786203,3.53766357066257e-06,0.0098461122544658
"13410",71,1.06308600101336,0.120559912466576,0.000262445274195665,0.00780580510350486
"13380",71,1.03561211310999,0.114377764884565,0.000360348056732606,0.00800778428767823
"14964",36,1.09461647044862,0.321099740876965,0.00298965480219319,0.012137411355013
"14966",34,0.725234698973881,0.228495981576643,0.000191445189044925,0.0106869490179057
"10464",52,0.97889922953998,0.082933824409064,0.000287208919190303,0.00833554104848521
"11000",135,1.01386980050021,0.0449280786487925,3.75156880981891e-05,0.00736248159544787
"13820",103,1.02432121443045,0.0494777176727607,7.40441212464258e-07,0.00650837711727354
"10077",41,1.19093468342079,0.3895664241339,0.00135023568655149,0.0114750224966138
"13806",104,1.01907328138408,0.0486966922099384,1.06952619578171e-06,0.00648818788329077
"17538",14,1.0314263635274,0.436225139982674,0.000982318675202583,0.0116742352236437
"10082",48,1.17227939716875,0.429044992942529,0.00120889368621665,0.011592698621148
"11026",96,1.02300373904484,0.0628529469576384,2.71495111236895e-06,0.00738311458201226
"12178",50,1.02652000267045,0.0995682207212689,0.000157549435763228,0.00944792458058848
"11171",54,1.02564785185674,0.0990123498403429,2.94531060069116e-05,0.00809373919864917
"13837",122,1.01413714356164,0.0467133030849771,4.1135622914681e-07,0.00631239619538154
"14596",129,1.01504800526,0.0446017538808722,0.000563969390160277,0.00753128464321699
"11258",57,0.976512876344817,0.107688584938984,0.000107939874528123,0.00906267349952347
" 7563",73,1.0777811279096,0.207753378954915,7.19050688548624e-05,0.00837236106177738
" 9628",32,1.20988741388696,0.455898814134424,0.00613373273280809,0.012223535770372
"12768",42,1.09713807290923,0.132176310689072,9.09919978872744e-05,0.00933094553478329
"11160",52,0.988602434268131,0.0844685849385146,0.000287373461681962,0.00845832930317523
"13845",108,0.996620301945144,0.0481897015352642,5.18308848724981e-06,0.00757893907217066
"17268",29,0.657374693214169,0.207942647554721,0.000135583013126789,0.0108129974731148
" 7541",72,1.06168397471021,0.205383798904374,9.37892202454727e-06,0.00814886842582029
"12831",36,1.04922619555309,0.12422747681159,6.33488592886088e-05,0.00924353030947519
"11035",108,1.02911611813919,0.0512456554180675,2.05678114573405e-06,0.00760275398174389
"10357",95,1.02270544792866,0.0506027343290419,2.87126647944473e-05,0.00667277877817189
"11115",127,1.03093860634306,0.0605807338034747,0.000150967736096879,0.00821078844701874
"11391",93,1.02767379302879,0.0695152403283828,1.48088242492852e-05,0.00741937382244488
" 9750",33,1.09613219449721,0.135310232918372,0.00134990660156817,0.00985001915733369
" 9626",33,1.24351494030022,0.53698001188679,0.00115253788282353,0.0121620449078141
"10890",108,1.0311695741868,0.0510264560587053,3.74334168523597e-05,0.00797380417792295
"11122",130,1.01715163054811,0.0519558597776187,9.87254949952344e-07,0.00633208059118848
"10376",102,1.02105341595315,0.0466046781028138,2.13905239156341e-06,0.00593143243133959
"11395",76,1.05673592020885,0.0882053549819124,3.01935472193759e-05,0.00798678915873241
" 9751",30,1.06735903300257,0.138038463984784,0.00087824554922844,0.00995006215075665
"14509",42,1.37987479554984,0.387867104059591,0.00763296164555655,0.0129672713441244
" 9625",26,1.10140296334604,0.488770031449516,0.000654467760572575,0.0121112569193956
"10349",99,1.07539326988954,0.0645103306095495,0.00125044066536047,0.00784825933998349
"10886",85,1.03334509921984,0.0563204765065899,0.0007582118015634,0.00854191070499462
"11123",89,1.01188325842464,0.0644869072737946,0.000303416354618687,0.00737517675337833
" 9829",45,1.07814633298922,0.146899635133059,0.00152530889767637,0.0107354270537555
"10422",39,1.07780093493963,0.208147468987862,0.000376637763406819,0.0105820254724069
"13920",57,1.18074540595422,0.409583615105619,9.43651189662783e-05,0.0102733494732924
"14556",35,1.14518668723209,0.277083136031303,0.00132719973771927,0.0116498807981336
"10462",43,1.05954539579104,0.215769376770242,0.000394819708735108,0.0107602385399475
"13914",51,1.16170910664391,0.389451883710859,0.000344140621304221,0.0104038624803408
"15047",66,1.01033387407616,0.417073978211136,0.00049519062864693,0.0110650265222267
"15543",34,0.79415866009973,0.392329266034343,0.000137886608010011,0.0105151500316987
"11876",67,1.07498755927044,0.0883989169277485,4.1135622914681e-07,0.0071183169645614
"13897",46,1.14623393976997,0.391481843759627,0.000257015371970927,0.0103765695357121
"14838",41,1.13846413965092,0.377447121378851,0.000233814880647047,0.0105515843779932
"13968",60,1.0300273831043,0.0942826857125431,7.65122586213067e-05,0.00870143889134055
"15054",66,1.35791625474995,0.654062367715467,0.00168458602960202,0.0117783559412003
"15547",26,0.604699568174587,0.218441345431239,0.00170671699473012,0.0107531674264879
"13899",45,1.11430732035597,0.378953237598661,0.000269356058845331,0.010369163839183
"14830",49,1.13738976101254,0.370871461920863,0.000354424527032892,0.0105364590985327
"14977",35,0.960156736670245,0.448402641275744,0.000763148076313162,0.0118465431765859
"15536",36,1.30929904898241,0.64847530244166,0.000947435666970933,0.0113427020286074
"15948",35,0.835163078505724,0.415084457477128,0.000277418640936609,0.0108843652990806
"14835",45,1.15495200698584,0.396774418309933,0.000297081468689826,0.0106196151064722
"15903",36,0.947962725108467,0.4577361557535,0.00108219596763943,0.0116126032060775
"15659",40,0.943350095935782,0.331440313571734,0.000832502736547314,0.0112249539648522
" 7538",80,1.0762810479641,0.211327345187508,0.00010966757069054,0.00812420814323722
"15540",45,1.37706957551354,0.640020717010287,0.00172744934867911,0.0115457608666015
"15975",32,0.383144789421907,0.14763291909241,2.28714063405626e-05,0.00981110760729023
"14831",40,0.9783290754457,0.300690714241997,0.000579765469359514,0.0105737189365856
"13804",108,1.02249448817255,0.0475599621726899,6.08807219137279e-06,0.00640786153756683
" 7467",74,1.06220745680904,0.210735726290384,0.000203209977198524,0.00823225888063023
"15537",38,1.15302761867305,0.55270679926481,0.000758869971530035,0.0112755499580669
"15960",51,1.33689571046188,0.710426887340614,0.00116496084094377,0.0113810622604784
"10628",38,0.946648038666497,0.118633043544433,0.000413577552784203,0.00852031794210019
"13826",107,1.0157650290817,0.0474401732954687,1.15179744161107e-06,0.0063857728752092
"12280",66,1.05051237417309,0.161380327677595,2.22132363739278e-06,0.00838195201448609
"16192",32,0.741542816221467,0.207182450570063,0.000821642932097839,0.0116635570458684
"16205",45,0.907796379432613,0.302997359141111,0.00113139417264539,0.0116817341053766
"16292",31,0.8845051386505,0.195511580067951,0.000869853882153845,0.0117806374030662
"16478",34,0.67181917674962,0.2070969284064,0.000333692173083892,0.011134571875284
"16586",23,0.840787997204206,0.265831077899258,0.000491488422584609,0.0115459876999818
"17426",29,0.764843491606349,0.200296358221717,0.00135846281113443,0.0117392417796362
"15531",37,0.91438069989704,0.383215330610143,0.000658581322864043,0.0108495527420761
"15957",48,1.43256783946531,0.72454924804465,0.000491241608847121,0.0111937180892024
"13835",117,1.00434614364956,0.0467644435473669,1.48910954951145e-05,0.00759549818927093
"12263",61,1.00869774591549,0.15211325003477,7.04241864299339e-05,0.00920283805528773
"16301",35,1.04156369981331,0.279538463326438,0.000932133215246672,0.0119596559359851
"16155",43,1.13252308437287,0.374871770715501,0.00240972479034201,0.0122458383506821
"16448",27,1.00035912819651,0.281507417743632,0.002551478146906,0.0120058685499723
"16458",30,0.971111711016777,0.262745145947423,0.00125406060017697,0.0118565904080224
"16569",33,0.807956149981154,0.267020275838569,0.000387908924085442,0.011057883215022
"15969",45,1.23206871229162,0.634707827249112,0.00112736288159975,0.0114297059126023
"16312",34,1.25289587949014,0.536686091456107,0.000566684341272646,0.0109681034232878
"16658",43,1.05155620611668,0.490301102918489,0.00116816941953111,0.0112083770466875
"11138",57,1.01375877794642,0.0495850468716413,0.000720037943498577,0.00845414072398181
"13364",24,1.0114408574914,0.245941888446588,6.59815391551483e-05,0.0114479911247394
"16207",42,0.835336826115535,0.283562676696461,0.000646405178481298,0.0113222432461386
"16234",31,0.776239316678753,0.236047185108452,0.00125463649889777,0.0119731566586247
"16451",21,0.744221814510629,0.156913425666284,0.00123003739639479,0.0114910315010304
"12098",57,0.967972517665388,0.116039929906408,0.000531225434320191,0.0103660040927409
"16470",19,0.630644483332899,0.125549739440935,0.000933202741442453,0.011257202378775
"16524",42,1.09100659809092,0.362092469200949,0.00230301898450133,0.012284573672098
"16581",28,0.95745070419276,0.27776570392023,0.0016475639689788,0.0117859047584477
"16728",18,0.634513310638874,0.191133339891489,0.00236488696136501,0.0120502910831264
"16789",34,0.926967994958683,0.255149355976922,0.00295781583005722,0.0124125532828713
"17402",29,0.624609972417127,0.238927819343986,0.000251091842271213,0.0109662883154175
"15950",34,0.76769554404913,0.374389859876196,0.000390541603951982,0.0106580942966254
"16315",33,1.22287293467098,0.535682306767361,0.000154011772192566,0.0108508521826137
"11140",54,0.985410700726226,0.0452959040071473,0.000727524626869048,0.00825816658305015
"10887",113,0.999864175349345,0.0529713512955176,0.00011476838793196,0.00750693757903416
"13365",24,0.978245235771879,0.23029045980841,0.000953935095391453,0.0116394013736703
"16143",34,1.0605039328933,0.373633942953393,0.0011939203194757,0.0118263927354626
"16287",31,0.856382705626763,0.22953609416031,0.00112341386179994,0.0115810386521467
"16433",22,0.619932962101717,0.159903393181822,0.000504816364408965,0.0112123036984116
"16614",36,0.954988128760829,0.301972941771676,0.000973268838161353,0.0117410291384061
"16749",33,0.76306846661313,0.217264875439288,0.0012754511240926,0.0117420772581148
"17072",21,0.35978103658616,0.120777005311543,7.44554774755726e-05,0.0102135810228156
"16831",32,1.11893754894767,0.283769443281109,0.00256274930758463,0.0118985547917601
" 8081",47,1.08918552370621,0.288927336436344,0.000755825935434349,0.00934344339725723
"16309",25,0.67774540560003,0.275290758728087,0.000397041032372501,0.0107192557075827
"16647",45,1.31975389614524,0.671103958722842,0.000593669309904676,0.0106874646530177
"11698",91,1.06880606631873,0.0750047325892008,4.05597241938755e-05,0.00782710808054029
"11279",73,1.01352311994457,0.0563304563531419,0.000661707630205559,0.00871264231792059
"11457",93,1.00596775086157,0.0471514486672676,1.49733667409439e-05,0.00725551265563667
"13912",56,1.23974651459466,0.418380350503596,0.000101029089878457,0.0101515821706762
"16602",39,0.881916111278586,0.311993137574917,0.00226945231620295,0.0123316340203403
"16803",22,0.952971978177477,0.21230784542276,0.00515569216238863,0.0126104553365728
"16860",38,0.95523635568473,0.262760235218201,0.000922589750730466,0.0118858356707646
"17369",37,0.876391695298644,0.355607674050207,0.000979768266581872,0.0118350242086221
"16329",34,0.814046856497799,0.294238186628458,0.000814238519973196,0.0116368383890477
"16646",51,1.31003839605249,0.68595734883629,0.000225587756064111,0.0106462882287953
"11275",95,0.983665479832875,0.0464328786789399,0.000380751325698287,0.00887695250133953
"13911",57,1.2246151150243,0.424126358747175,2.24600501114158e-05,0.010247948988609
"11443",81,1.00540822917103,0.0553549756883709,0.000772856083321027,0.00853090710311867
" 8805",49,1.07413675450611,0.220831325457534,0.000111312995607127,0.00988769636706662
"16636",40,1.14950769139593,0.602235312441409,0.000314440701559822,0.0107649728777389
"10711",33,1.09655975216318,0.23864827793655,0.00622069343964972,0.0115885771346576
"11201",132,1.01575747568245,0.0442710343097314,3.29084983317448e-07,0.00538857060407135
"13913",62,1.21077174692075,0.415323170431691,0.000182971250724501,0.01030222260941
"14819",45,1.05757516625647,0.309531338539744,0.00082921188671414,0.0111406054590524
" 8873",42,1.06406869977034,0.211030643755413,0.000182724436987013,0.00992001753963344
"16655",36,0.688012845842596,0.326649202759981,5.95643819804581e-05,0.010350694722795
"10789",48,1.21622165546548,0.328369592113858,0.00178084338722237,0.0116034359925063
"11197",136,1.01574801137264,0.0448952471804615,8.2271245829362e-07,0.00540532111046726
"13888",46,0.963013856430496,0.30649637945856,0.000431924040604151,0.0104795677084545
"14818",55,1.25657260761829,0.441396862040299,6.09629931595573e-05,0.0108246355663424
"11017",131,1.01361489235621,0.0460697949626107,3.29084983317448e-07,0.0052943623668775
"14358",60,1.12022404281484,0.360242813996966,0.00133855316964372,0.0110022810442256
"14820",52,1.22040368786709,0.429715520555304,0.00071049447898237,0.0114413259623332
"15945",32,0.526274236157352,0.203119705415797,0.000104978109678266,0.010650320379279
"15587",21,0.403753296016204,0.100305861917525,0.000420570608679699,0.010525648578029
"14398",43,0.975105152727427,0.307131006148613,0.000747105183376437,0.0110728561319558
"17312",42,0.902866997603269,0.324706637219185,0.000459978535431963,0.0110557900429378
"11355",66,1.04056144876332,0.0807120375102834,4.1135622914681e-07,0.00636431537271209
" 9886",63,1.02019386065055,0.0633667180476753,0.00148623005590743,0.00989155663204516
"16138",31,0.60017550488956,0.178182974115892,7.92272097336756e-05,0.0104880943409019
"16471",21,0.273731593831322,0.0543839105789422,2.04032689656818e-05,0.00879665959143275
"17356",56,1.39225604626071,0.538178708639803,0.00197418081492137,0.0115025939670462
"11346",70,1.06524082068532,0.0894503757872949,2.96176484985703e-06,0.00648730488865683
"16163",52,0.880375619036876,0.327417946578812,0.000172029175029196,0.0108314245970122
"16278",23,0.511984613984302,0.147453638009382,0.000804283699227843,0.0110444256102921
"16473",25,0.472240275778806,0.125687027658129,9.24728803122029e-05,0.0106730593631657
"17367",32,0.55364473896801,0.195192165383646,0.000961339507516095,0.0110484156210767
"11347",70,1.05701642726831,0.0839236273169635,0,0.00666986151457864
"16523",47,0.863333422577991,0.274336599855397,0.000702678710628581,0.0111839746709836
"16746",18,0.384067788687867,0.15302054715606,1.7276961624166e-05,0.0107581564888987
"16813",27,0.496301869011649,0.164086162181448,0.000321186943717829,0.0112843383513242
"18892",44,1.26546665972309,0.468957583668361,0.00161885130418436,0.011480847227502
"16552",20,0.308030790032204,0.112211020956602,0.000137886608010011,0.0110593434878705
"16631",48,1.00613739236365,0.432044442423225,0.0011297487477288,0.0118232332341881
"16716",33,0.654124426879341,0.244060029195484,0.000196628277532175,0.0107723593700848
"16792",25,0.656278458968938,0.152473815155309,0.00191313555051598,0.0118926451156846
"16865",28,0.536654791242231,0.124382066416521,0.000492146592551244,0.0113655140696307
"18859",44,1.00336107364888,0.393027388773886,0.00100782276140968,0.0114571115120005
"16846",29,0.840876024418495,0.279054907296566,0.000813333536269073,0.0117283032502046
"16910",41,0.901093793624284,0.247089112373083,0.00107339294433569,0.0108264179010578
"17354",32,1.07329149916918,0.407143192504377,0.00392236391616066,0.0122510243452785
"17351",38,1.17854533952231,0.475378984133964,0.00312548462905746,0.0121580885533985
"14031",54,1.07986259968145,0.118616363098529,0.000136076640601765,0.00956818113007393
"11018",88,1.0113743136029,0.0594922244144311,0.00161218733327218,0.00767717240325001
"11082",43,1.06091076022892,0.094162576958785,0.00027980450706566,0.00905626517317858
"11469",75,1.0521990856259,0.0655224878117611,5.02677312017402e-05,0.00752929848877009
"12103",68,1.05708129794039,0.112064136782092,2.46813737488086e-07,0.00739152560086912
"14366",49,1.18572429845069,0.363617296372575,0.000536655336544929,0.0109766234375547
"11080",29,0.960075426552057,0.0913258448388062,0.000478654108235228,0.00917293014480122
"11477",80,1.03276100743715,0.0586458020791753,4.27810478312683e-06,0.00725866441176292
"14370",41,1.03606232338984,0.316001105936545,0.000951960585491548,0.0109504286978801
"12105",65,1.04362163446141,0.118059570512664,0.00017926904466218,0.00796336577883151
"10914",98,1.01688575968102,0.048760137182832,1.64542491658724e-06,0.00654217658794726
"11305",95,1.02125211914436,0.0502736700351792,3.61993481649193e-06,0.00715354374845288
"11232",72,1.04925379971199,0.127228891717993,4.46732864853436e-05,0.00857119001091857
"12113",57,1.02299539446457,0.100147382182121,0.000152530889767637,0.00969618280342435
"17264",49,1.29792828835251,0.563992699959818,0.00100066516302253,0.0114829994818472
"11309",80,1.04280722110268,0.0564621445209471,0.000304074524585322,0.00702899811268191
"10909",89,1.04082758430884,0.0536763824784409,4.73882375977125e-05,0.00675119982651434
"13903",66,1.31955674075437,0.555452248358274,0.000462611215298503,0.0115285374745733
"11227",71,0.998921704729832,0.115838507449026,2.19664226364397e-05,0.00851166427563166
"17252",49,1.18815524003728,0.514218696609414,0.000654961388047551,0.0113942620068072
"15637",21,0.384323489744467,0.123495148146802,9.07451841497863e-05,0.0101618667646676
"10017",79,1.0484499069637,0.081407463119087,0.000151050007342709,0.00734315441559695
"11310",88,0.995038766590251,0.0464164057486837,0.000185603930591041,0.00723036402608445
"13928",45,1.15910107822934,0.506748902358129,0.000740029856235111,0.0113683837092018
"15658",37,0.911292515039722,0.265399973526733,0.0028955364969644,0.0117992191108049
"14832",17,0.396152182776,0.102454746475444,0.000189470679145021,0.00992170592123948
"15152",48,1.21230760105392,0.475559021663098,0.00242239456219974,0.0121322857007637
"13890",49,1.13102537180855,0.489694541088999,0.000812017196335803,0.0112677951720658
"15151",35,0.619261149845092,0.228128556739015,0.000957719572699603,0.0111311722685404
"15610",25,0.53585243562045,0.132571157681189,0.00055072371958175,0.0108539684894357
"14918",13,0.319348977570774,0.0953216807773559,8.72075205791238e-06,0.0114493235338469
" 7972",29,1.04027623674851,0.263369821022515,0,0.00971022741339609
"15634",39,1.15312195859726,0.568231281718137,0.000344058350058392,0.0107183614510737
" 9927",77,1.05019234980863,0.0734609056314797,0.000911318590051843,0.00943593554642664
"15552",21,0.475575782523721,0.267397788109116,5.40522085098909e-05,0.0107606278971885
"15590",61,1.15921058497885,0.379753522765869,0.00129256354322511,0.0112924552493331
"15929",32,1.07906197955491,0.263712728495995,0.00173139836847892,0.0119592236436636
"15932",23,0.835639607498159,0.206099719221188,0.00179499404150502,0.0118728908140039
"14102",30,1.01431623133722,0.134501349819466,0.000400414153451505,0.00951350847381787
"15632",43,1.08563968597089,0.505232757019525,0.000272482366186847,0.0106099445206907
" 9922",63,1.02231768704779,0.0798380933702458,0.00763542978293143,0.0105830842308556
"15141",51,1.1219060734853,0.39411648364837,0.00087051205212048,0.0115383761313269
"14860",8,0.208632387725741,0.0411797419664396,3.36489395442091e-05,0.0107880236356429
"15977",6,0.234534747522113,0.0483238300076472,0.000313947074084846,0.0105339378204069
"15668",51,1.16962792671972,0.335764834768444,0.00266805650224621,0.0116776131999495
"13720",29,0.972393506008503,0.125040205043714,0.000558704030427198,0.00928507627829277
"15635",51,0.86552592313472,0.28035951113259,0.00191724911280745,0.0116016389847727
"16003",40,1.24812050616679,0.553679270634415,0.000641386632485706,0.0112136998864131
"15127",8,0.11782793137516,0.0237044007402132,6.41715717469024e-06,0.00880370723036791
"15757",30,0.491707712910078,0.158075824349258,0.000213493882927194,0.0111001373822003
"15941",31,0.730775480872714,0.207809707168547,0.000744801588493214,0.0113930781581913
"13989",46,1.03807966250471,0.106355190953863,0.000299467334818878,0.00949549663783963
"15996",39,1.20771020911789,0.55068555816272,0.000766109841163019,0.0112981835187855
"17311",38,0.998755315720913,0.408326529091718,0.000614648477591164,0.011197582208374
"15679",27,0.720832398755407,0.196622889591039,0.000375897322194355,0.0111829180439772
"16240",66,1.15516704730175,0.398491134712143,0.00133402825112311,0.0115209922362211
"16383",27,0.533602647954521,0.175064284474994,0.00137787882515016,0.0110885142174101
"16489",15,0.33407142781527,0.0679222322755114,0.000201975908511084,0.0104109295438528
" 8820",52,1.04427476595076,0.201797926137972,3.02758184652052e-05,0.00890340141324897
"16001",39,0.948899112942303,0.40457093315516,0.000394490623751791,0.0109809164354192
"16344",34,0.923095993272041,0.371695230877466,0.000405103614463779,0.0111163082634924
"16442",26,0.675816306825554,0.197018437779354,0.00120157154533783,0.0113972720852555
"16462",16,0.481996509960912,0.145088811985268,0.000617034343720215,0.01139691213658
"16176",48,1.28712874948895,0.471370988195241,0.00324963193901397,0.01215793691653
" 8807",49,1.0517245537289,0.202832451218683,1.58783504450669e-05,0.00886734272121932
"16017",25,0.656092024421163,0.241958404309583,0.00017795270472891,0.0105439667533222
"16340",23,0.797135443683685,0.350188511079258,0.000225258671080793,0.011090251684935
"16206",8,0.187261201655768,0.0487893777820526,2.59977136820784e-05,0.00990832138625115
"16587",31,0.590318688464212,0.176701461517954,0.000154340857175883,0.0110521046148958
"16697",38,0.993463011194205,0.290861413942883,0.00159392311669806,0.0119310396096831
"16830",19,0.700965508683758,0.21615702693335,0.00284000340602958,0.012076430634424
" 8818",52,1.05049000433602,0.201978172694055,1.39861117909915e-06,0.00876014804252114
" 8612",59,1.04159916794222,0.210916525674676,0.000228138164684821,0.00988746761854664
"16326",31,1.049567172229,0.456988960383486,0.00132892743388168,0.0117246530104179
"16677",52,1.22597845657081,0.585747289555757,0.000687211716412661,0.0113339222838218
"14288",46,0.769376199925907,0.28705756237542,0.000120856460123333,0.0105554100912535
"16812",18,0.188882351770172,0.0498747299757753,6.54879116801722e-05,0.00958749740942262
"16695",33,0.742912932275569,0.239288581586127,0.0010675516858818,0.0113955471038579
"16757",28,0.56707493051259,0.149185220571171,0.000267463820191256,0.011003999336026
"16577",30,0.708785732309335,0.175531987803484,0.000588897577646573,0.0110173666088583
"16888",21,0.449404247032643,0.21133738269664,0.000120527375140015,0.0111011301886738
"16616",30,0.637528976167521,0.204200621542962,0.000428468648279317,0.0110888603518271
"16875",26,0.978603156481055,0.304030038912499,0.00290220046787657,0.0122626055839365
" 9817",43,1.08177392945941,0.140859654957542,0.00123044875262394,0.0102378783503073
"13970",51,1.04581832290076,0.0966028431982633,0.000138297964239158,0.009150828663347
"12364",133,1.01741813995552,0.0455323976078141,8.2271245829362e-07,0.00618721459186989
"14951",62,1.30864670886557,0.625425725761083,0.000243029260179935,0.0107466296612942
"15666",23,0.455248322715283,0.185057122393846,0.000230277217076384,0.0107743608551235
"15842",29,0.504800269864032,0.12858923886982,0.000427892749558512,0.0107331873339307
" 9815",46,1.06811057246362,0.138870604964314,0.00128795635345866,0.0103608985567682
"12422",131,1.01829890592878,0.0448067972540266,1.64542491658724e-07,0.00674257031331258
"15653",21,0.327117267626636,0.117070462602695,6.57347254176603e-05,0.00994413987892898
"14946",55,1.29657203765493,0.619737860974836,7.44554774755726e-05,0.0106403922393168
"11530",142,1.0139746558829,0.0429459288398477,0,0.005212663085161
"10112",67,1.01162729655606,0.0655558827944067,0.000919627985880609,0.00861660626690154
"10486",58,1.06375547828209,0.0949650445604979,7.7499513571259e-05,0.00863637393460325
"14953",56,1.29335283236237,0.618953835994534,0.000122172800056603,0.0106329018957771
"12414",125,1.02134225337431,0.0481077365668729,5.59444471639662e-06,0.00697640805986663
"15683",32,0.722408933668705,0.224700094881271,0.00102172660195485,0.0112424234638701
"15934",30,0.482674614707757,0.13820098950491,0.000169231952670998,0.0100691369749271
"16088",12,0.20606743275239,0.0569035031095077,7.1575983871545e-06,0.00957930932786672
"11526",123,1.01020337868708,0.0434721055430621,2.57508999445903e-05,0.00588080198837191
"14407",47,0.990235605109857,0.358594015007855,0.000827155105568406,0.0113818938933889
"10478",55,1.01525668398735,0.0854869491721261,7.83222260295527e-05,0.00831722794686686
"14952",51,1.24701615385231,0.55630876902989,0.000639165308848314,0.0110740794971367
"15804",21,0.606498976216177,0.164033459309674,0.00114842432053206,0.0118435151524532
"15645",27,0.713801694370495,0.202391146325571,0.000997045228206038,0.0118171420867903
" 7317",55,1.0308768482888,0.240650437726346,0.000863025368750008,0.00945486554781602
"11516",123,1.01321235953502,0.0469963399176524,1.31633993326979e-06,0.0058898458550141
"11769",36,1.04382574532852,0.113253783518932,0.000221638736264301,0.00944395831407116
"11470",66,1.0362167893704,0.112703245724016,7.62654448838186e-05,0.00875834391566948
"10831",97,0.999127929265761,0.0500866594727477,3.03580897110346e-05,0.0079762133663105
"14965",25,0.450210494033704,0.161424784038632,2.66558836487133e-05,0.0102529032389686
"15725",35,0.504858229512214,0.118775797818727,0.000304568152060298,0.0105721085040742
"16195",27,0.739201747934528,0.259459369596051,0.00062805869066135,0.0114072273637897
"11110",51,1.11922622655266,0.10580648533689,0.00354934608757034,0.0100939934676309
"17256",43,1.37114804824123,0.565961188421559,0.00180717018588777,0.012050806653859
"12030",69,1.04574780810994,0.0827566881232502,2.99467334818878e-05,0.00710243888669611
"10218",79,1.08859617850193,0.0933642971117943,0.000115262015406936,0.00777106609847795
"12125",44,1.01976127333852,0.107205016187249,0.00107742423538133,0.0104783944044434
"17253",42,1.35281331756188,0.521403512873378,0.00138330872737489,0.0120873614867361
"17383",32,0.577662374217367,0.195985059343375,0.000255699032037657,0.0110568586627297
" 7977",34,1.05545895850825,0.273053992524869,0,0.00953391357884426
"13263",49,1.03457183837121,0.18234618978652,0.000594903378592117,0.0105756079995749
" 7986",28,1.07356191780716,0.292023337542199,0.00196463735040517,0.0108593014761419
" 7973",34,1.07325426972706,0.274148466906936,1.26697718577218e-05,0.00937540846530846
"12651",93,1.01844630460948,0.0503986078399475,0.000406913581872025,0.00839924708658083
"12928",31,1.01764608822461,0.084864552945103,0.00313346493990291,0.0104710734544688
"13949",53,1.03570836178229,0.0948644073830477,0.00127660292153421,0.0098048348487673
" 7978",26,1.03002819653386,0.259941817402942,1.23406868744043e-06,0.00961613794853264
"12872",101,1.00437390723897,0.0486248110652273,0.0002631034441623,0.00766028537482889
"13991",49,1.05479393714143,0.107564392265559,0.00101827120963001,0.0100213303107645
"11529",129,1.03975349102551,0.055560624792742,1.80996740824596e-06,0.006854913999443
"10399",30,0.979497358975183,0.0518000087282864,0.00212909757081806,0.00904897406115051
"11783",48,1.09749698884719,0.100561119975341,5.42990222473789e-06,0.00834584034122847
"12264",70,1.11210789227914,0.166422542341859,0.000183218064461989,0.00903530837063295
"14295",88,1.01846673754787,0.0514094098745974,8.30939582876557e-06,0.00692976219229902
"10402",52,0.990849394523132,0.0513795872914273,0.00096207994872856,0.0090606713794214
"11789",47,1.09972343869143,0.100273734699235,1.20938731369162e-05,0.00832868994081642
"12257",60,1.02901737671838,0.155314953321345,2.71495111236895e-05,0.00859178399115266
"14324",79,1.02531344403034,0.0610084457759004,0.000548666938436015,0.00759481007576171
"10585",70,0.978419024086681,0.0482345210823762,8.17776183543859e-05,0.00823330093679639
"12071",63,1.09889372010205,0.133639980164321,1.88401152949239e-05,0.00859527147954816
"15696",65,1.1819289102095,0.521052162007982,0.000524479192162183,0.0112670813357816
"14969",69,1.30171727367191,0.653662527662256,2.84658510569593e-05,0.0105234727677936
"12148",60,1.0103117597706,0.128414618516512,0.000150556379867733,0.00902910811838268
"10937",53,1.06239713293065,0.181624894004828,1.97450989990469e-06,0.00868865107565237
" 9891",67,1.09406716300012,0.100437353055995,0.00067956049055053,0.0084539798824452
"10336",39,0.876827782302758,0.0866949662183227,0.00324099345820189,0.0102479908461908
"11450",96,1.02163557778961,0.0511345821631661,1.85110303116065e-05,0.00725072881340843
"10540",51,1.04857082217312,0.0858156644713368,9.6586442603671e-05,0.00858703704706937
"10158",74,1.04000638461417,0.0706011491545888,0.000143398781480578,0.0077739421455286
"14970",77,1.31659605933916,0.652764720377092,8.04612784211161e-05,0.0106074473900043
"15874",32,0.545729017181053,0.220815332229267,0.000194324682648953,0.0108041296902337
"15715",55,1.00279539417064,0.399882094405486,0.000799347424478082,0.0111834741476187
"12082",63,0.99554633780585,0.129544603455985,0.000104813567186607,0.00919368992837459
