"node","degree","strength","eigencent","betweenness","closeness"
" 5539",62,1.03068428261676,0.142828599879565,1.03629806695867e-05,0.00862770246073988
" 8359",29,0.535741110316698,0.148977228332566,0.000364830063060066,0.010739571323982
" 8401",61,0.910701640861582,0.267171744737642,0.000744806020944913,0.0110044589520808
" 8670",53,1.11788386675309,0.434268884287188,0.00187197945685227,0.0120118868352477
" 8297",37,0.825678713270844,0.245371102554852,0.00122841178552563,0.0112390626996878
" 8668",52,1.16462763546976,0.441331126054212,0.0012711922954693,0.0119512386878412
" 8671",53,1.08841935491411,0.387524558252933,0.00192166862057567,0.0121088485800253
" 4687",54,1.11809400349321,0.318214846107584,0.000510443227340413,0.0105540427947289
" 7662",52,1.17979289812481,0.453932812584742,0.00101876071505629,0.0119814890266645
" 5542",57,1.04190197382012,0.150264732704053,0.00208827346364826,0.0103760068772962
" 7660",44,1.04598952469759,0.394344752761245,0.000613275881677081,0.0117528848747267
" 7671",40,1.01774739984485,0.371538323597419,0.00117633116472463,0.0121759940683176
" 8159",50,1.05847853159831,0.353995125943381,0.00570017080317883,0.0132866975741047
" 6164",36,1.01859419382847,0.147396086136599,0.000916725213078826,0.0100907007184876
" 2991",37,1.08456800936385,0.434398492172488,0.000248445818617015,0.010805763800538
" 6163",39,1.02290524536855,0.147692184240398,0.000133921596345428,0.00955886906505224
" 6161",37,1.04060726846435,0.158801247209842,0.000726471516683336,0.010600217274458
" 6904",51,1.03840693812822,0.15829779508316,1.80687868085102e-05,0.00884915396358099
" 6604",26,1.06037436208453,0.156498032820271,0.00182866751200246,0.0112639656656487
" 6906",48,1.03043425179376,0.155650720562743,5.07520335356683e-05,0.00899573560256784
" 6918",45,0.958503161714058,0.135118602915368,0.000490248700907372,0.0103393639648606
" 1488",33,1.20580972050021,0.671554752110437,0.000497688789593229,0.0133801186204895
" 9085",26,1.09237066524515,0.199368617429769,0.00270101791041921,0.011396078072235
" 9084",24,1.01845915928111,0.184877716358012,0.000280331912984974,0.0112002638330969
" 8548",63,1.13991377520204,0.379576255243685,0.000904767927690841,0.0116836610494349
" 7670",53,1.2133627064027,0.451804988730213,0.000583515526933652,0.0118821079630285
" 7665",42,1.19648213525691,0.448302857828406,0.00078838368324779,0.0119307032850733
" 7663",41,1.05794428637742,0.389088506528227,0.000890419185225259,0.0116394423924691
" 8178",38,1.03346252300923,0.369135597126761,0.00152601533295991,0.0125322399235859
" 7032",47,1.00587348662082,0.122353622838627,0.000666950807196479,0.0104206232568802
" 8176",42,1.06849767498127,0.397380306155611,0.00203725571265952,0.0125834409636648
" 7029",34,0.891630426212111,0.108333485993633,0.000776160680406739,0.010096209374781
" 8331",43,0.87338087671384,0.268955723140064,0.000780677877108867,0.0113385314097988
" 8325",51,0.888331561599665,0.293262414505126,0.00110963608400498,0.0120099815979029
" 8649",43,0.876869857394695,0.315142686050441,0.00248658392579468,0.0128721844003717
" 1308",59,1.21471277143891,0.506761740176445,0.00078625794362326,0.0119998155469257
" 8460",64,1.05546074329941,0.32692438003445,0.000812298254023759,0.0106695139461063
" 8478",51,0.977993848779835,0.308768890769187,0.000357389974374209,0.0114702805553746
" 2314",45,0.950266904494309,0.340180361182619,0.00209757357450558,0.0121351248019161
" 9161",30,0.998163448738028,0.167521237347541,4.51719670212755e-05,0.0105974554682553
" 9160",27,0.961324979929521,0.161078428877665,0.000134718748704627,0.0106387431256629
" 7664",62,1.16881106511428,0.437750518231245,0.000443216711714632,0.01112639680777
" 8386",70,1.14425329452371,0.371853565338811,0.000223734095481847,0.0106485978587106
" 9153",10,0.811459922040772,0.131156445172852,0.000254291602584474,0.0106054432666514
" 7682",60,1.09219824531108,0.400602779847616,0.000444279581526897,0.0112307576799783
" 8353",65,1.0815466721036,0.347162453412799,0.00139740808567581,0.0113213169921634
" 8166",61,1.11673692852989,0.399153709071342,0.000668013677008744,0.0118431709212801
" 8277",45,0.895894859456455,0.351126202711864,0.00276213292462446,0.0129294577581177
" 8354",68,1.10909559236073,0.363906445978777,0.00185816214929282,0.0113866252360618
" 8355",61,0.849904325237803,0.293360068402073,0.000397247592334158,0.0101973812547497
" 8902",58,1.06213695185514,0.392531451548874,0.000667216524649545,0.0120034055467542
" 8912",27,0.734043454297676,0.215207787714693,0.00338763180914259,0.0123801644877487
" 6893",32,1.02750498519419,0.152443106178007,0.00123266326477469,0.0109848088277176
" 6899",40,1.00776704622731,0.140353412706451,0.00107588996746555,0.0110505657595144
" 8656",69,1.11920010502469,0.402855383103911,0.000317000921508127,0.0110723046111997
" 8660",63,1.10685312689421,0.397788126731854,0.00041877070603253,0.0109829910723025
" 8824",19,0.868080137368322,0.384112247690697,0.000974385900394218,0.0120811300294239
" 8825",42,0.974949276225969,0.372973539717235,0.000560663825969948,0.0117995286844686
" 8945",43,0.94675466309366,0.337280483416024,0.00262289697921771,0.0123717799123122
" 6162",30,1.02189845740026,0.143812161565822,0.00102008930232163,0.0106744048674814
" 8380",64,1.16488886917742,0.440482237012412,0.00256018766029405,0.0128238004158654
" 8263",53,1.06815283492057,0.347659196601335,0.000326832467271581,0.0109949050790325
" 8275",58,1.04354121514768,0.351876080432426,0.0011165447377847,0.0120182921371836
" 8669",57,1.10884338841454,0.383206458004647,0.00240793155968705,0.0125148166505221
" 8663",63,1.06642843561198,0.353790218889343,0.00256151624755939,0.0124984535045815
" 6908",50,1.01970564025323,0.145831409442992,0.000290163458748428,0.0094775981140891
" 6909",45,0.970788065774616,0.132041186267327,0.000474039936270326,0.00968974565150454
" 5000",31,1.06527215483151,0.178539361857942,0.000715842818560683,0.011411455918688
" 7330",35,1.02924565316599,0.152850421269128,0.000280066195531908,0.0101438263734206
" 7331",37,1.03834234835389,0.148643185417988,0.000203805286501872,0.0101848371643832
" 7335",30,1.02987047320697,0.140634351460476,0.000761811937941157,0.0103866596342957
" 8718",64,1.15689428443843,0.430487068816302,0.000590689898166443,0.0110151084327212
" 3295",54,1.00770682851322,0.32279418100723,0.00267843192690857,0.0131083942283644
" 8720",70,1.10540249195894,0.404903602738198,0.000110538460475592,0.0104778666945053
" 8851",73,1.40398103248585,0.687209495313305,0.00300606154653935,0.013205398151969
" 8846",38,0.965720973811658,0.502398043823273,0.00165913977694614,0.0127601416837209
" 2946",38,1.16629202675586,0.542158351009963,0.000208588200657066,0.0123552839409365
" 7314",34,1.06189372673554,0.156234737581995,0.00423792765895484,0.0116938045006489
" 7316",43,1.19231348836938,0.257426964564488,0.00124462055016267,0.011522701122316
" 7327",30,0.996035177001648,0.21735275749516,0.000190519413848556,0.0115213539224758
" 2309",36,1.14544652836594,0.544694133071452,0.000359515713998739,0.0125103118735528
" 7710",34,1.0211406202799,0.137049069801702,0.000161556211464326,0.010215925305694
" 1995",44,1.07059448934127,0.443421905629875,4.06547703191479e-05,0.010481773834476
" 1362",43,1.31691544968553,0.752641491088611,0.00149014347679596,0.0140214905076731
" 1746",42,1.08094212774712,0.411859641734784,0.00253893026404875,0.0135053805354431
" 3200",42,1.06823089413208,0.447797052660399,0.000305840788479342,0.0108487679235376
"  351",41,1.03944366095299,0.408264561039668,0.00315114327591356,0.0131896503462926
" 5235",40,0.989374142184816,0.354777539638492,0.000407876290456811,0.0100966106764259
" 3164",42,1.06834724676483,0.438465082529422,0,0.010670446582318
" 2704",10,0.4389003754361,0.120440447705367,0.00223813810717767,0.0135415963905273
" 4196",19,0.697373362817921,0.247202752033445,0.00395998720304746,0.0130855100688244
" 3160",43,1.05918248538842,0.43738418673471,7.44008868585714e-06,0.0106941606070428
" 7328",35,1.02633613595721,0.139546970777562,0,0.00996208612574421
" 7336",37,1.00592428033529,0.136868594870734,2.65717453066326e-06,0.00972841515189599
" 3132",39,1.0637685054373,0.436681535828406,9.96440448998724e-05,0.0108393968419533
" 2857",30,1.19980726375295,0.582689212068032,0.00365972648108251,0.0145874141214481
" 1359",50,1.15446359582867,0.495894616381535,0.000925228171576948,0.0123164892937227
" 1935",45,1.08340281473737,0.449017950786359,9.61897180100101e-05,0.0101031017886405
" 7852",43,1.13924687227772,0.385768249734549,0.000161821928917393,0.0114923578458374
" 7857",40,1.07307304532906,0.377746683177647,0.000538343559912377,0.0115992293744881
" 8192",69,1.07389102607327,0.346942077257933,0.000518149033479336,0.0103105253058085
" 8193",55,1.07296968675868,0.342469764826547,0.000901313600800979,0.0107815822692351
" 7084",38,1.08225680211029,0.348481215173464,0.000438433797559438,0.0114556724044068
" 8914",44,1.05888460844082,0.337678352431215,0.00102726367355442,0.0125106124439728
" 2360",37,1.17441767089972,0.552386067593821,0.000561195260876081,0.01246221341739
" 7085",34,1.11046730708218,0.356710008798778,0.00032258098802252,0.0117531354533359
" 8913",25,0.983568387741091,0.282925432287918,0.00775948106444286,0.0135234794305731
" 7078",32,1.03948888968414,0.308739532996268,0.000640379061889846,0.011821895620617
" 8268",33,0.292384885052024,0.112098536996646,0.00010920987321026,0.0118655555222077
" 8267",1,0.0209594835012965,0.00735288456942121,0,0.00807192096219672
" 4661",41,1.05440246924112,0.189272337264391,0.000222405508216515,0.0116113689904673
" 4666",37,1.11587443000239,0.189199826156056,0.00147712332159571,0.0120349273283848
" 8674",68,1.03860347938031,0.380643254912154,0.000128872964737168,0.0105545960184558
" 4325",39,1.2392862263511,0.524640896461051,0.00709199882234025,0.0140640694692846
" 1340",41,1.32207170953786,0.750911620545291,0.000243131469555689,0.0124242958766948
" 7915",66,1.02235810157309,0.314792397169731,0.00029946356960575,0.0106827188735995
" 1471",46,1.25155692407906,0.682465954645114,0.00116277957461824,0.0131411556128436
" 2796",40,1.15042407476246,0.55760866632924,0.000762609090300356,0.0124794130858237
"  972",35,1.13487791526682,0.491825487133423,0.000433385165951178,0.0110832360146439
" 4941",19,0.743242819629914,0.206462925320247,0.00087952476964954,0.0130913443851693
" 4328",37,0.961475006812156,0.371653358977403,0.000578201177872326,0.0135797792870262
" 2218",31,1.13232352238212,0.494184012902761,0.000180156433178969,0.0124954926575041
" 3283",12,0.260260495888507,0.0902425316534681,0.000378381653166449,0.0115564024062812
" 2429",44,1.14664664100089,0.555394969870983,2.57745929474336e-05,0.0124069236742242
" 4560",37,1.18079773629488,0.36004024037175,0.000230642749261571,0.0124777045883272
"10060",58,1.16030129364088,0.39331715273596,0.000613807316583214,0.0118221431436411
" 2035",36,1.15364506688049,0.490831629726806,0.000831164193191469,0.0112236063268752
" 2489",39,0.862117543079534,0.370913974187308,0.00177525830393613,0.0132302530608132
" 1360",46,1.3428712706583,0.77965588264751,0.00391906671527525,0.0141512551358762
" 1331",30,0.904240589431976,0.416702322373275,0.00194877180078844,0.0130334617876069
" 1709",27,1.23114704291738,0.67931872139928,0.00917788082891091,0.0146266059787917
" 2367",67,1.11365310090654,0.222259489238295,0.0024469920252878,0.0121211341969844
" 1218",31,0.75362776158127,0.315295461267139,0,0.0126898364593754
" 4188",36,1.17809846445637,0.507316796699554,0.00313334020655812,0.0128606301641226
" 5204",57,1.27276299223562,0.482288262831279,0.00491205283738411,0.0128520854016271
" 2280",38,1.14261394267959,0.488664285464105,8.29038453566938e-05,0.0125444278875753
" 4762",50,0.942241757256799,0.365199192641458,0.0024942897319336,0.0130869611403519
" 4393",16,0.497909484638956,0.125501118813128,0.00180183004924276,0.0132114420437048
" 5754",45,0.975181682798836,0.37237218249168,0.000907425102221504,0.0123667774797076
" 1380",15,0.350476457506317,0.0935080671407167,0.000570495371733402,0.0125798714111478
" 2700",42,1.13318930216839,0.482986899945347,5.44720778785969e-05,0.0125667599391678
" 5314",48,1.0906879853058,0.405394463813693,2.28517009637041e-05,0.010346678848989
" 4748",35,1.14513858962349,0.489037205424714,0.000432853731045045,0.0113343696948866
" 2989",43,0.878822130962605,0.367290768136914,0.00065818213124529,0.0125532083993191
" 1228",29,0.919415731399177,0.18456796439596,0.000568635349561938,0.0114070451307528
" 2705",38,1.10873232847365,0.474489833350449,3.72004434292857e-06,0.0124459583271858
" 2232",51,1.36111899288801,0.561628957831765,0.00239278566486227,0.0138176277642604
" 4198",35,0.870603665522253,0.342233487942691,0.000970931573504356,0.0129517706873773
" 5455",38,1.08315077489389,0.399897579419064,0.00104480102545679,0.0111472356267008
" 7090",23,0.79655568958129,0.272657100392744,0.000127810094924903,0.0112208281535231
" 2410",47,1.3088794607443,0.507301449151715,0.00249083540504374,0.0135372881345234
" 2286",72,0.953100471563939,0.181885712587234,0.000698305466658305,0.0112052602037502
" 4366",48,1.10488586446418,0.435082139497388,1.19572853879847e-05,0.0111164289764991
" 4524",32,1.19341061826009,0.441094490133884,0.00138704510500622,0.0125377869634343
" 5691",43,1.07450690121654,0.395072246858054,0.00220518914299744,0.0126232641275717
" 4387",49,1.03121002990046,0.322576282347743,0.00472472203297235,0.0135354754580799
" 6753",41,1.07079105663675,0.303124663657352,0,0.0101236323801272
" 6748",42,1.08429228756442,0.311666193413213,3.93261830538163e-05,0.0101872453209548
" 6750",38,1.07870208106683,0.310560288969111,0.00035659282201501,0.0104236319773489
" 6756",38,1.08450185884904,0.315108960795503,0.00169315161093863,0.0109673229464458
" 9913",71,1.07671254794609,0.339555981733153,0.000589361310901112,0.010142711863146
" 2950",53,1.2114069928218,0.409451093999419,0.00347744430827901,0.0132632109164107
" 2363",42,1.21447573821825,0.559430260465092,0,0.0120835148175576
" 6381",51,1.05491943758356,0.252943718564935,7.17437123279081e-06,0.00946218151634563
" 6390",54,1.05374338689389,0.254613450191078,1.83345042615765e-05,0.00937781866731341
" 6383",51,1.05782540968263,0.252398119239426,1.03629806695867e-05,0.00942787996354422
" 6380",55,1.05227417671815,0.253355502199095,2.55088754943673e-05,0.00966196092484253
" 6369",49,1.03795161388684,0.250309574830174,0.000424350772546923,0.0101802924262114
" 2975",37,1.05876979300403,0.435885834314328,0,0.0104171033316009
" 1662",57,1.3701402914681,0.792294099537523,0.0102683852562951,0.0145249914781487
" 7924",38,1.1545801979773,0.430566422085984,0.00169448019820396,0.0128212088085148
" 7577",42,1.15425493969983,0.402113312696799,0.000606632945350423,0.0123856224026267
" 2379",31,1.04642112070048,0.487603974789683,1.70059169962449e-05,0.0117343389294479
" 4975",50,0.944948535155962,0.162845110835303,0.00191157135735915,0.0120447119736214
" 1460",40,0.759640344571733,0.440896925396332,3.72004434292857e-06,0.0113519629736394
" 2215",59,1.27511164105307,0.552992237749245,0.00253122445790982,0.0137487472328325
" 1345",44,1.32419877089096,0.760050349599561,0.000178030693554439,0.0124172547716652
" 2986",37,0.817470281662503,0.371311305583924,0.00172344340058819,0.0116954343915492
" 7848",38,1.10440668811567,0.371305340788968,0.000491311570719637,0.0121618578301072
" 1134",46,1.03800747479549,0.44557233727741,0.0018496591907947,0.0127097774319763
" 1493",29,1.09250871117662,0.634502145354367,0.000665356502478081,0.0134035515934479
" 1337",44,1.33301105437787,0.766655423449536,0.000567306762296607,0.0123653328823129
" 1224",7,0.616677542619218,0.235947541119429,0.00354360795409253,0.0128428304380798
" 2922",30,0.794883425266057,0.270881168932419,0.00425333927123268,0.0135689115144622
" 1498",27,1.08423331662339,0.626575994559963,0.00015119323079474,0.013263036302906
" 3684",47,1.2597433115658,0.602132335275332,0.00423234759244044,0.0139383801693041
" 6237",95,1.12876182920665,0.539093188664127,0,0.00651172188744953
" 5262",33,1.0514403174951,0.389464272347012,2.39145707759694e-05,0.0096602451338819
" 4747",33,1.08372785342344,0.469757378473083,0.000231174184167704,0.0111482215996731
" 2211",40,1.29546990875776,0.52625411282413,0.00799278098823509,0.0146099686963527
" 4029",9,0.216464358007617,0.0314309754558191,0.000406281985738413,0.0111462664285364
" 1226",21,0.996035878062256,0.20447006989295,0.000533560645757183,0.0118421561688686
" 4546",27,0.997001641915582,0.306736642886881,0.000686613898723387,0.0124187617547183
" 4379",66,0.964088827042094,0.152212531547088,0.00139103086680222,0.0116598198686605
" 4952",53,1.04203543591012,0.368656532284288,0.000107881285944928,0.012936023046771
" 4424",25,0.939802332994452,0.347267128251816,0.000463411238147673,0.0128782559424352
" 3793",78,1.0292789049907,0.189487884894416,0.0019474432135231,0.0114400761178865
" 3475",50,1.08549440596943,0.4143865973493,0.00255301328906126,0.0134010255237509
" 5649",37,1.12474564720251,0.372328808749519,0.000800075251182708,0.0128114465124167
" 2092",58,1.08814911815802,0.300826297729826,0.0059584481675593,0.0134759187084916
" 4384",78,1.05749455089393,0.163080215973267,0.00104559817781599,0.0115582662213893
" 4360",45,1.10881592569791,0.315749989460227,0.0015876617820713,0.0122845468073847
" 2242",16,0.461597352253629,0.262552845465012,0.00125206063884853,0.0137845925929849
" 3991",24,0.690480319079238,0.253238264730038,0.00135303327101373,0.0132730933803175
" 2477",52,1.33301748966682,0.552534274047074,0.00659165285821636,0.0140275569757459
" 5157",31,1.1588406582642,0.422360081524134,0.00235452235162072,0.012878264476143
" 2475",50,1.28268065915751,0.543380061199777,0.00220014051138918,0.013481524318988
" 1974",40,1.05309482417192,0.438814151346579,3.45432688986224e-06,0.0101846606051636
" 4353",54,1.37717492247917,0.650942294295152,0.00450975661344169,0.0138628572061332
" 2917",37,1.2254117915482,0.429451813751074,0.00599804006806618,0.0141014563992061
" 4375",30,1.05909927849403,0.194128869590112,0.0103249830737982,0.0132181699294708
" 8040",56,1.10127622631562,0.354751802537057,0.000439230949918637,0.0117608531185709
" 3436",46,1.24368313725728,0.523962666027953,0.000499283094311627,0.011927362344737
" 8128",47,1.15300509770089,0.401918021195056,0.000194770893097617,0.0120998561983172
" 7392",32,1.17089028476945,0.318018784855185,0.00397832170730904,0.0126526075271741
" 7603",36,1.04864651533924,0.342635206806707,0.00171440900718394,0.0127128945530791
" 7079",54,1.13385513731676,0.380886567990867,0.000479885720237785,0.011241230188654
" 2348",28,1.07073727890716,0.506502347387408,0.0109765222687169,0.0150523736017511
" 5291",45,1.16136414673977,0.424431494996499,5.39406429724642e-05,0.0105453484313982
" 4741",31,1.08572548201146,0.473065565418402,0,0.0109955160498326
" 2930",49,0.991246791073723,0.207286917585898,0.00269278066937415,0.0124551411618964
" 2548",43,1.14473047353021,0.454228791233789,0.00448185628086973,0.0144955721379757
" 5305",46,1.01629246759165,0.372861165153154,0.000471914196645795,0.0104962068074861
" 5274",39,1.01566650969232,0.37613510192897,0.000701228358642035,0.0101302957425459
" 2893",25,1.10564777545559,0.388474964722398,0.00264973444197741,0.013546215686296
" 4440",30,1.41869022603392,0.550812367016439,0.00396716157428025,0.0138751531365213
" 2640",37,1.04575279209655,0.26603934293303,0.004162463902284,0.0128063553685207
" 4636",35,0.882851677012123,0.29655455410869,0.00876734736392343,0.013860686349059
" 5469",32,0.946157774421163,0.311073378752074,0.00325530451751556,0.0121691317467979
" 2231",38,1.27949426903506,0.451737370534302,0.00745231168869819,0.0146697919324276
" 8792",21,0.565139093491465,0.172050141113989,0.000701759793548168,0.0119862430909608
" 2464",40,1.13544089143583,0.4801589943537,0.00386087459305372,0.0133478000493148
" 2174",54,1.23198065755247,0.330394141811696,0.00112159336939296,0.0123091225210913
" 4608",23,1.06891867466043,0.201565971641856,0.00483340047127648,0.0128311009045638
" 4950",62,1.1772383035417,0.42133063262719,0.0033860375044242,0.0136014222575854
" 2987",40,1.09195067999449,0.396210747575537,0.00206489032777842,0.0143031725062359
" 1489",49,1.34188902513374,0.736044028303981,0.00762635662045663,0.0146126627944157
" 1713",57,1.22824138420059,0.487984358863356,0.000884041966351667,0.0131149578187451
" 7851",37,1.27323209292957,0.423212857094278,0.00376760776702744,0.0134983142325121
" 4891",79,1.05261280206113,0.17546575079204,6.16464491113877e-05,0.00829276038929731
" 5808",40,0.928523740468123,0.379968274007645,0.00103895524148934,0.0125442254260401
" 4422",12,0.820944402467976,0.250917428405962,0.00123000609024402,0.0129980878973998
" 2734",49,1.1561118205631,0.492252303349838,0.000342244079549428,0.0115917345312406
" 2831",44,1.27258956041292,0.564494285744712,0.00318462367499992,0.0142225204335881
" 2843",46,0.998919758619133,0.429296205257445,0.000363767193247801,0.0111289963877834
" 3495",39,0.813757453901578,0.381518431186955,0.000168199147790985,0.0111044969152488
" 1325",60,1.14956354303821,0.488110779316024,0.00153584687872337,0.0124436917620446
" 2939",31,1.19135593577129,0.512404018489404,0.0071066132822589,0.0144776897654806
" 3456",42,1.20157693452303,0.545626390938444,2.94946372903622e-05,0.0115088114593637
" 2736",15,0.642005671727697,0.132449639311237,0.00438593228031278,0.0130347833772861
" 4559",36,1.21698078262655,0.368635226980364,0.00139475091114515,0.0126583465505261
" 3453",43,0.762933749350016,0.296187251857246,0.000687411051082586,0.0117257533441441
" 3369",49,1.28362861408088,0.548769401677652,0.000907690819674571,0.0124016900715807
" 3300",53,1.17949056171197,0.46971669926713,0.00171733189916767,0.0124534276125658
" 2256",39,1.18384180742432,0.553909930496925,0.000332146816332908,0.0123358288553881
" 4327",38,1.29164653706999,0.450763315861441,0.00648483444208369,0.0141309698702494
" 2394",42,1.08863222146324,0.268187242227204,0.00300101291493109,0.012451147772709
" 2273",59,1.16479967001908,0.489516968632507,0.00760456778930519,0.0137000777394848
" 2636",37,1.00468199731024,0.524808299350601,0.000953128504148912,0.0135203927869284
" 3454",42,1.19737928522486,0.546440840327826,0.000205133873767204,0.0115116633073321
" 4721",28,0.984825763874327,0.343064525704773,0.00102859226081975,0.0127710848488985
" 1417",83,1.02491281231087,0.155263334667626,0.000457034019274081,0.00993887084009556
" 4561",35,1.0847137506282,0.351738323469195,0.000974385900394218,0.0127760080769652
"  710",32,1.20789455055191,0.624539673537365,0.00222910371377341,0.0133452582264119
" 3004",26,0.981123273183335,0.502967549728136,0.000285911979499367,0.0130050470510346
" 7863",75,1.08922249191144,0.33494936014722,0.000937982609324132,0.0117247765389009
" 2325",38,1.12479877608519,0.490145490146233,0.0010115863438235,0.0123602420948653
" 2560",38,0.658572292825636,0.243102598534927,0.000755434719067566,0.012314297792091
" 3477",48,1.18011517839198,0.532078900584029,0.000199553807252811,0.0115315336527362
" 3373",49,1.27558715388642,0.544983745976046,0.000302386461589479,0.0123042178136221
" 2204",59,1.41973766582473,0.632361489195074,0.00357363402628902,0.0137571919709249
" 2323",73,1.08966156017221,0.206050790328314,0.000950205612165183,0.0118283463426566
" 4413",33,0.604492005472868,0.191827760875118,0.000785726508717127,0.0117943167265037
" 4186",95,1.12871773565698,0.539079099170237,0,0.00651163059867404
" 2509",42,1.40678793313013,0.574482300996119,0.00408381153617637,0.013862189942295
" 3484",30,1.00367286644136,0.405403678642855,0.0034878072889486,0.0129490670950455
" 4531",33,1.23929892166288,0.540179121955759,0.00219110611798493,0.0140870940516213
" 1968",42,1.08450794361389,0.443116892142822,4.51719670212755e-06,0.0102153221973428
" 3010",35,0.586021876406187,0.208749404424584,0.000599990009023765,0.0125954839601757
" 5755",35,1.13013312693875,0.441923973675218,2.65717453066326e-07,0.0113933670706734
"   73",34,0.779027417232647,0.353418452112474,0.00161184207030034,0.0130125637462582
" 1934",39,1.0340062250287,0.429606555467266,0.000115587092083852,0.0106104862187415
" 4436",67,1.39887475365256,0.497708077358024,0.00287532855963072,0.0135285927202518
" 1220",9,0.711323014624408,0.148230563614246,0.00551443430348547,0.0132219633740818
"   75",57,1.4429003294644,0.592525443876379,0.00396663013937412,0.0134456574408987
" 5167",57,1.15662222105687,0.399158786990527,0.00173460353361698,0.0125191929923393
" 1975",53,0.983783139234198,0.376951801055171,0.00140006526020647,0.0123323418896963
" 2915",81,1.07371677578274,0.231074944761264,0.00133097872240923,0.0110892897120587
" 9910",70,1.08541457624196,0.341917764071436,3.50747038047551e-05,0.00940461309613028
" 3172",54,1.39483398300796,0.713224748168642,0.00475926530187097,0.0139991535173167
" 2172",53,1.15508541522979,0.303170066687393,0.000539937864630775,0.0124078132317324
" 4433",19,1.0612360245819,0.274183779902349,0.00176276958364201,0.0127632790957866
" 3005",34,0.675153536812629,0.149841142266356,0.00212839679906127,0.0120474645860161
"   38",28,0.960006020803653,0.258892558273518,0.00213929121463699,0.0126064587666343
" 2867",44,1.40585911206463,0.640019150426902,0.00693735126465565,0.0146141730212998
" 4308",65,1.22972015575733,0.527400549424043,0.00129005823463701,0.0132596599648055
" 3299",54,1.20694569666094,0.343896084089324,0.00247170374842297,0.0131929820789007
" 5443",8,0.938860780003321,0.11499116967057,0.00120848297654565,0.0121994775968265
" 5489",6,0.915861310531042,0.111101775117459,0.000606898662803489,0.0121639588251451
" 2880",45,1.23828330739091,0.583376255694388,0.00489690694255933,0.0141408045254623
" 4428",25,0.920359919354785,0.385827697026962,0.000710794186952423,0.0133597743087054
" 4293",48,1.09176668547412,0.357402733470804,0.00274937848687728,0.0130846804630333
" 4380",44,1.02807159866855,0.134005968868072,0.000724611494511872,0.0107462310601479
" 4429",27,0.994198338851587,0.361766330336244,0.00223654380245927,0.0132767038430778
" 1255",41,1.13943886141348,0.471123415447986,0.00129563830115141,0.0126830412097395
" 3026",67,1.183524076144,0.526296943318438,0.0006502106076533,0.0125883309823746
" 2948",74,1.03212798761888,0.146185229656968,0.000239677142665826,0.00997951766027167
" 5009",7,0.84623951915405,0.171947635925705,0.00122123741429284,0.0130586462961274
" 8158",39,1.10466148124567,0.393046950898221,0.00171122039774714,0.0130776121219679
" 8041",47,1.18089958678085,0.402625328340078,0.000161556211464326,0.0117925048485221
" 2920",42,1.30888538256959,0.468435502745967,0.00415183520416135,0.0141494363145422
" 4205",41,1.03844031792537,0.289239438306418,0.00512808112672703,0.0137601472536098
" 2225",29,0.75614895399401,0.268042049809325,0.00259712238627027,0.0132513314796785
" 5296",36,0.972598606062168,0.345277037825464,0.000125684355300372,0.0097898706736472
" 2835",71,1.06230045597986,0.223785625930865,0.000441090972090102,0.0108583504295389
" 8451",54,1.05953365992559,0.33621925989478,0.000758091893598229,0.011928629213784
" 4951",64,1.21263930633485,0.401124240635753,0.00061699592602001,0.013017667391729
" 5013",19,1.0268530192857,0.184340803160393,0.000378381653166449,0.010912320491774
" 2199",51,1.13084523759895,0.267673136008378,0.00631052379287218,0.0132585414989529
" 4004",58,1.30000970516634,0.674369935867069,0.00958256850993092,0.0144238489881503
"   49",41,1.00140419488619,0.338132392926705,0.00260775108439293,0.0126591980095003
" 2813",43,1.17624543248271,0.542715291345885,0.00072328290724654,0.0124186662335584
" 3408",20,0.985967293878634,0.330714524735794,0.000200882394518143,0.0120674155388805
" 8438",66,1.10419759156526,0.354652797340791,0.000911676581470565,0.0117377819396844
" 4434",26,1.030218004984,0.336063825798247,0.00307727382396112,0.0135034019840792
"  954",51,1.16427074015666,0.56468166571149,0.00214619986841672,0.0119851992313773
" 2413",41,1.20047807461203,0.321211691537718,0.00130334410729033,0.0126328108007704
" 4068",27,0.989533752526359,0.340456754613878,0.0083281164140048,0.014048495547698
" 2994",34,0.891992555871065,0.21186005491663,0.0023120075591301,0.012666723742569
" 3415",20,0.984964315715245,0.330617727084872,0,0.0120629075945913
" 4420",25,0.543958408958978,0.200029465693872,0.00031460946443053,0.0122211729060718
" 4990",41,1.07843367119657,0.475256264955797,0.000890419185225259,0.0122461114285414
" 5663",20,0.956412489099385,0.317849069789778,0.00112557913118896,0.0126982761574098
" 2866",40,1.26736393185142,0.536705234372296,0.00604294631763439,0.0145544541263302
" 3201",46,1.28074849430585,0.632599766979624,0.00516953304940538,0.0138610505570072
" 3385",20,0.985865910827031,0.330395246963481,2.12573962453061e-06,0.0120164295045609
" 2850",42,1.01137919321717,0.468116122764683,0.00225753548125151,0.0138235307000624
" 1304",43,1.11272271152658,0.448278874034811,0.00095977144047557,0.0126152403126694
" 1235",40,0.976775548873544,0.446127069343018,0.00155152420845428,0.0133351201482834
" 2330",47,1.10200115921912,0.432195926454047,0.000686082463817254,0.0130698615080098
" 2328",30,0.970604733733643,0.394738055188797,0.0028139478279724,0.0136108159102276
" 3018",60,1.18068483209756,0.50205456426683,0.00231546188601997,0.0128783710475605
" 3406",29,1.22466106356488,0.422838202596509,0.00455864862480589,0.0131229361030651
" 4223",35,1.15580727541679,0.515004659551316,0.000107084133585729,0.0114902029317374
" 4337",59,1.09815458689087,0.329598561656022,0.00175028086334789,0.0120716757417398
" 3028",14,0.461196746719671,0.100586024386053,0.0029954328484167,0.0126763431805197
" 2336",59,1.23034407878141,0.53432100690693,0.00112478197882976,0.013283531417598
" 4472",36,1.09149015790558,0.211255343124417,0.00151060372068206,0.0113811700558405
" 5017",13,0.984398264742372,0.178149997352001,0.000907690819674571,0.0107958615800694
" 4508",33,0.711831118566232,0.180202859644131,0.0016902287189549,0.0115233827472495
" 5693",47,1.22951394225927,0.414011811602633,0.00579662623864191,0.0136414386735981
" 4215",35,1.09342897916497,0.457080769476665,0.00063719045245305,0.0117610323328368
" 3933",71,1.05623368414794,0.355176177772361,0.00291359187287227,0.0134013195564302
" 5286",41,1.1248569411359,0.417317461661509,0.000419302140938663,0.0109091156514929
" 4744",31,1.10009466030266,0.474469026268748,0,0.0109710140201216
" 5687",56,1.19553549099747,0.413999734507536,0.00236143100540044,0.0125856526882676
" 2373",61,1.34313483070374,0.518613673444708,0.00108306433869835,0.0125468782125661
" 3994",20,0.860646410542656,0.246805821530438,0.000952862786695846,0.0130918614791198
" 1198",26,0.532459505710129,0.218918102344131,0.000266514605425525,0.0122462184494117
" 5299",42,1.08059631341444,0.397150292164683,8.58267373404234e-05,0.0106833720578913
" 4749",30,1.08492862211972,0.463924524053995,0.000459159758898612,0.0111441592252971
" 5686",55,1.16342778406916,0.39784569376477,0.000578201177872326,0.0124651580550302
" 5280",35,1.0346126038956,0.379575959173615,0.000143487424655816,0.00999134444354811
" 5379",28,0.505466547392487,0.189984093232106,0,0.00976927522861319
" 4753",71,1.3201319985826,0.509874496545094,0.00172769487983725,0.0117213206142038
" 5360",77,1.18223712113556,0.439055509915578,0.00049184300562577,0.0110704621667241
" 2229",54,1.38183617743136,0.46488490170945,0.00710634756480583,0.0142397965605266
" 5776",39,1.01950121196695,0.143557375599002,0.00105091252687732,0.0115305213767016
" 4099",57,1.18534199017255,0.400489881428001,0.000694053987409244,0.0117103951311684
" 6743",57,1.14468705797161,0.364478015942314,0.00250252697297866,0.0116183584077297
" 3022",29,0.717735278118208,0.293306301301866,0.00228729583599494,0.0139499994806992
" 2494",25,0.720517193947016,0.237385791423106,0.000751448957271571,0.0130337353915152
" 1213",36,0.570225598399742,0.218856304689828,0.00166950275761573,0.0132713886210031
" 4092",23,0.625314659093296,0.192300426654285,0.00155630712260947,0.0117191353718593
" 2834",38,1.13225557594282,0.511802577930979,0.000293086350732158,0.0125952586997423
"   56",29,1.22670315248372,0.411679027457329,0.00223229232321021,0.0127328593553339
" 4949",46,1.11972910748947,0.359618689352294,0.0038287227812327,0.0131317839418769
" 1717",73,1.46612980911684,0.689827507028222,0.00846230372780329,0.0144419665173942
" 2404",25,0.918312751869059,0.39665676880899,0.00313626309854185,0.0135565314193004
" 3971",27,0.96296997272185,0.326732938614333,0.00122442602372963,0.0130582787280883
" 4094",43,1.09260189270226,0.376044035996379,0.00094462554565079,0.0115995532076254
"  982",44,1.08711808191946,0.46899056691648,1.302015520025e-05,0.0103220424834439
" 3178",43,1.08996759613454,0.462986266539676,0.000949939894712116,0.0121354654813834
" 1245",31,0.980527976361046,0.478305471095579,0.00206063884852936,0.0135567304410054
" 5667",58,1.11739838131208,0.32772570232348,0.00468911589426146,0.0132686320063191
" 5880",17,1.09720693811456,0.13474142280668,0.00176728678034414,0.0124561929202326
" 4438",21,0.858610431560753,0.345050488100176,0.000580858352402989,0.0133425625032832
" 4021",8,0.328378843687878,0.0354294408686952,0.000364564345607,0.0109496718755493
" 1509",65,1.79457258068218,1,0.0164981309434351,0.0153453307376483
" 4310",57,1.21240764399616,0.459820486044228,0.00320162959199617,0.0132322547427872
" 4287",28,0.847986130016828,0.307493367020122,0.0051219696253065,0.013202546186766
" 3138",54,1.15492807645315,0.495601801724356,0.000229845596902372,0.0116657346556723
" 2959",52,1.1260333677317,0.444204892854397,0.00167986573828531,0.0117424485473961
" 4382",38,1.16410302849449,0.363975661755812,0.00391667525819765,0.0134361201685792
" 4160",55,1.05008171557934,0.443116889409716,0.000243928621914888,0.0111811540099167
" 2841",34,1.01529460972743,0.445565085070581,0.002447789177647,0.0132295863337392
" 4248",60,0.819956405344612,0.278530482263155,0.000308232245556938,0.0117505653847953
" 4423",36,1.24512399708664,0.444141347945292,0.00226656987465576,0.0134750238124563
" 2862",28,0.963802198261452,0.443223244473277,0.00184540771154564,0.0143167074865465
" 2715",65,1.20243020467045,0.506234235905932,0.00485970649913004,0.0137059370601757
" 2519",44,0.814159438210389,0.277476476787919,0.00212786536415514,0.0130276349240254
" 3135",52,1.17723189263901,0.384976206910539,0.00477467691414882,0.0140578851229443
" 2239",35,1.19828244972389,0.539680800262172,0.00195700904183349,0.0132143265355604
" 2401",46,1.26466386873795,0.508060840995925,0.00267285186039418,0.0138938858458546
" 4381",52,0.996563760370786,0.139526872728555,0.000568635349561938,0.0111123014902682
" 5377",50,1.19073343452388,0.436408279246967,0.00133974739836042,0.0124208918805842
" 5487",95,1.12882157827388,0.53913229346083,0,0.00651227662376703
" 5417",8,0.14031105019475,0.052061670367494,3.98576179599489e-06,0.00921677479486941
" 5236",38,1.14481274751064,0.420532984349691,1.86002217146428e-05,0.0098540223814097
" 4971",40,0.957124305085743,0.399691603433538,0.0029109346983416,0.0134768894580616
" 4464",43,0.958426039532924,0.37913013939039,0.000328958206896112,0.0117856011004449
" 4495",30,0.844342676770624,0.217747093712779,0.000838072846971193,0.0116592829478393
" 5707",43,0.984127599425211,0.405914620245014,0.00275230137886101,0.012959159627587
" 5751",32,1.12633259922462,0.435322812250186,0.000707871294968693,0.0117717921866134
" 4144",66,1.06499326201991,0.21819105851378,0.0038784119449561,0.0121239461614733
" 5237",37,1.13021249225945,0.413258209524127,1.48801773717143e-05,0.00994861821233852
" 5758",26,0.975203721799893,0.381272356848971,0.000638784757171448,0.0122069393229988
"   47",14,0.726817427095978,0.0983108532446352,0.000116384244443051,0.0102292654437687
" 3657",26,0.548914160869445,0.242575106014088,0.000457299736727147,0.0127723963433966
" 5329",49,1.14402080439734,0.41525712745537,0.000406547703191479,0.0105607183663881
" 4745",37,1.11138111959114,0.476175157861805,4.57034019274081e-05,0.0109783537991141
" 3008",30,0.394525028415541,0.11996635044001,0.000155444710043801,0.0107495632425543
" 1809",58,1.11821853430634,0.448517967007695,0.000396716157428025,0.011317235335849
" 5244",35,0.927312427571224,0.33659429866994,0.000531169188679586,0.0102851053596091
" 4577",62,1.06073310074116,0.14538107539325,8.39667151689591e-05,0.00950929380766
" 3984",65,1.46665299207016,0.686210705116476,0.0111359527405567,0.0142862338427995
" 5211",40,0.820611057267303,0.282422132640383,0.000341446927190229,0.0107220026216377
" 4759",34,1.10584667498688,0.467269448058039,0.000642504801514377,0.0112493574426865
" 4410",39,1.10931005311012,0.474729345384558,0.00326726180290355,0.0136957196289519
" 4576",35,1.02877238644457,0.153790499835111,0.000632938973203989,0.0106362132905564
" 4479",24,1.07737733180967,0.413101062072666,0.00232555914923649,0.0136537965875775
" 4432",28,1.03679721942827,0.382399540135866,0.00228968729307253,0.0132172022152145
" 2500",50,1.19682387908203,0.503113433799427,0.00233990789170207,0.0127855254143677
" 2292",71,1.19222908571043,0.459176106986331,0.00104612961272213,0.0120256096839056
" 1871",51,1.19216583295197,0.524552552672935,0.000544986496239035,0.012230110365502
"  631",37,0.622332502896796,0.256424951843699,0.000125684355300372,0.0109787670629186
" 1727",27,0.582875302389301,0.249996383427525,0.000161024776558194,0.0123276250404473
" 1735",53,1.1705713286454,0.478487969064117,0.000382101697509377,0.0129362416095365
"   51",7,0.244240456528648,0.0846255726600462,0,0.0113594061569726
"  637",20,0.52047804226558,0.176012710491749,6.93522552503112e-05,0.0121192143779132
" 2537",31,0.454554001278041,0.146891284986668,0.000455173997102617,0.0114602470028912
"  614",14,0.166215110515911,0.0627499025179228,0,0.00981331706153934
" 3152",55,1.13447822269093,0.523982376481629,0.00378195650949302,0.0142167560500373
" 2310",69,1.06523969474944,0.406654218145958,0.000344104101720893,0.0114878850385429
" 1270",51,1.12697911938457,0.571510161899386,0.0025275044135669,0.0138545426007373
" 1254",47,1.1256258058199,0.554936106468618,0.00170510889632662,0.0130936054995499
" 4350",36,1.22282891758755,0.474556019293089,0.00413243783008751,0.013525506643318
" 4398",48,1.17712863091146,0.506892657216985,0.00183637331814138,0.0131878003137735
" 4881",17,1.04097759632356,0.186901219061321,0.0076787029587107,0.0130117585888258
" 3535",56,1.22750357726425,0.574222865948905,0.000331881098879842,0.0113187250416339
" 1302",26,0.637787552029988,0.245993441214268,0.000792369445043785,0.0131659053248586
" 2897",53,1.33639059563594,0.592171713420324,0.00367301235373583,0.0140078961143238
" 4168",17,0.773567100043174,0.24870535508161,0.000735505910087591,0.0119265015058758
" 3141",45,1.07857165134833,0.44643068522921,1.59430471839796e-05,0.0107427740314045
" 1298",53,1.2059578581054,0.49476964490774,0.000854547329061305,0.0124959147229792
" 4250",16,0.390311350125437,0.060120948357421,0.000201413829424275,0.0105225879613984
" 3360",54,1.13885121287383,0.548397666623674,0.00178748130677718,0.0133543503191355
" 2892",27,1.09582158144739,0.382478047591327,0.00151591806974339,0.0133802394277716
" 6787",28,0.424680278386362,0.129975426404416,0.000423287902734658,0.0110835197520822
" 8229",31,0.929663564352885,0.276653044022189,0.00446325605915508,0.0134325261586421
" 4179",35,1.16579687229159,0.471642274746994,0.000111601330287857,0.0117283296536403
" 2403",48,1.12782767663055,0.481479463273352,0.000754106131802234,0.0123911510864375
" 3266",23,0.445274345557253,0.164773077941741,0.000316203769148928,0.0119344033688566
" 2659",49,1.16113884810051,0.470422610766072,0.00175267232042549,0.0134537873314048
" 2902",35,1.21254350928392,0.444427443938924,0.00296407818895487,0.0130466889962357
" 2553",25,1.10570831364266,0.436297677217398,0.00308338532538165,0.013704363665958
" 3219",25,1.12160584077443,0.520483327180301,0.00586013270992476,0.0135153767609844
" 5015",23,1.11723215935234,0.201212700036742,0.000344901254080091,0.0107293064078112
" 2903",21,0.924622815647229,0.159842558348033,0.00253069302300369,0.0120105510821901
" 4314",27,0.733199987386418,0.306053423710828,0.0032518501906257,0.0132492256149479
" 5638",36,1.037057343102,0.13075508815905,8.39667151689591e-05,0.0103134561012658
" 5799",53,1.07922756306768,0.138497978196962,0.000378913088072581,0.00995103134915475
" 5827",39,0.834777469255271,0.175926847079168,0.0061178786393991,0.0122154244716954
" 2889",37,1.20933549803863,0.47843302036891,0.00311553713720268,0.0136980870172077
" 5795",23,1.00114859586154,0.121053527382475,0.00347983576535661,0.0116471859520615
"10470",22,1.03366793444658,0.337961487203539,0.0048623636736607,0.0134101802457483
"  105",33,1.30670257701734,0.493537603791526,0.00424961922688976,0.0136982707350873
" 4958",40,1.01028976102799,0.15094592168987,0.00534942376513128,0.0119993968129995
" 5480",56,1.11118587646976,0.269252021789005,0.00146649462347305,0.0126696442360109
" 2601",9,0.264636643087103,0.0693060196657354,0.000356327104561944,0.0124821036044183
" 5940",37,1.16171977439662,0.268046099053821,0.002395708556846,0.0121018586048779
" 5849",37,1.05033235639057,0.193287871956426,0.000584312679292851,0.0115380976571407
" 4554",29,0.779260182275227,0.226149944871582,0.00162645653021898,0.0125818900537814
"   52",31,0.853054901162869,0.331231199553814,0.000281129065344173,0.0122572645170589
"  128",21,0.716223804612867,0.279311723095843,0.000116915679349184,0.0127169226611207
" 4948",57,0.976534127840299,0.185372210575092,0.00183504473087605,0.0120869582273916
" 5258",46,1.18553664008367,0.454814091831447,0.000606898662803489,0.0112640180120602
" 4601",82,1.04996393755428,0.148074229684019,3.95919005068826e-05,0.00858641350483604
" 5858",38,0.988227468504806,0.139354108915546,0.000622310275081336,0.011019090362205
" 3762",34,1.0649133034258,0.41260942937682,0.000714514231295351,0.010217525279544
" 4426",25,0.825439661899402,0.277645944774299,0.00124568341997494,0.0132968412851172
" 3670",41,1.16032353147279,0.53135673634517,0.00148084336593864,0.0125054346452066
" 2447",46,1.20114440933686,0.533123712630902,0.00159457043585102,0.0129494072396635
" 4456",35,0.777329723388402,0.326230982781139,0.0019482403658823,0.0140122336038197
" 3270",60,1.31025325559401,0.549308695348369,0.000819738342709617,0.0132115679868465
" 2417",65,1.2030392284587,0.472172071973357,0.0003906046560075,0.0118117682398542
"  759",40,1.27675030871204,0.603801460827779,0.00228782727090107,0.0134303676143749
" 4320",61,1.20924641982154,0.203901155789084,0.000685551028911122,0.0109592242195494
" 3759",36,1.06302676064111,0.409100593865057,0.000652070629824765,0.0102689399883233
" 7871",61,1.11925309536987,0.3486839117268,0.00181113016010008,0.0121922037611095
" 4441",30,1.08709785339849,0.397092135577063,0.000353404212578214,0.0132474666850883
" 3943",57,1.44235678527176,0.597146107604721,0.00911198290055046,0.0141890169006138
" 2961",36,1.06840088635966,0.448992369941297,0.000108412720851061,0.0112775794434235
" 1848",61,1.0791185633552,0.246450254850011,0.000448796778229025,0.0118732069292097
" 3977",28,0.560794291902047,0.206232278556899,0.000741085976601984,0.01212275387482
" 4240",10,0.878104627500773,0.127783853254492,1.96630915269081e-05,0.0105305517027843
" 2486",39,0.968604480116133,0.37931595769106,0.00113408208968708,0.0116009914126261
" 5459",48,1.04355438206058,0.153522024725345,0.000876070442759678,0.0113201083580002
" 3761",35,1.0590688429995,0.40769754883538,0.000178827845913638,0.0102345350847047
" 3065",55,0.870737537669855,0.321925768910983,0.00272254102411758,0.0134473574631193
"  676",31,0.842904498182563,0.260184234446917,0.00107668711982475,0.0121114799865645
" 4065",21,0.898832650003657,0.293631019721207,0.00194877180078844,0.0135920859161319
" 4146",5,0.174643196067614,0.0259331602716353,0.000191582283660821,0.0112971166941841
"  648",33,0.780676662469746,0.224161877195772,0.00234841085020019,0.0122105664945008
"  715",31,0.533636251469549,0.206330963078218,0.000150927513341673,0.0108630556639118
" 2990",47,1.11350724639133,0.317609720127585,0.00199075515837292,0.0126021535197001
" 2423",5,0.293467172350829,0.0818803346086522,0.000273954694111382,0.0122138020540865
"  305",16,0.761792702843557,0.312064965560838,0,0.0112083770852433
" 3102",50,1.24479759024241,0.608010919473036,0.00086942750643302,0.012680049426765
" 1318",48,1.13772839296069,0.455269469075485,0.0014598516871464,0.0127705192264527
" 4998",51,1.11552420347937,0.416678144093528,0.000960037157928637,0.012433471004498
" 3768",51,1.04327188026649,0.416037201522641,5.63321000500612e-05,0.0100391404301105
" 4082",41,1.40086221902775,0.522530597221199,0.00596827971332275,0.0140262587067579
" 4096",19,0.880164277633148,0.273764578523439,0.00181538163934914,0.0133785526937458
" 2427",31,1.02863379478649,0.365098259609288,0.00406813420644546,0.0141607488889162
" 3016",54,0.982411974845314,0.205955066917808,0.000938514044230264,0.0116822449625204
" 3103",46,1.19227514652644,0.591165972768396,0.000350481320594484,0.0127141276812468
" 4080",43,1.17940552973483,0.387890365996007,0.00609954413513752,0.0139154263324328
"  321",24,1.02257418658273,0.411407439076253,0.000125418637847306,0.0113784076003203
" 4361",51,1.11066366025694,0.425871320337134,0.000192645153473087,0.0116769926486015
" 4427",36,1.50880231422788,0.579544329145719,0.00834326230882958,0.0143063013879679
" 4431",23,0.785515886936198,0.163494654232051,0.00264893728961821,0.0129932425059949
" 4211",37,1.09477776084059,0.478347017104103,3.18860943679592e-05,0.0114005505010512
" 4089",43,1.12538252559575,0.395512981369916,0.00243742619697741,0.0130760484831946
" 4038",17,0.354224578748576,0.13550018838858,0.000324972445100117,0.0122591432280686
" 2539",36,0.386456210588519,0.139262434481859,0.000517617598573204,0.0123249379431179
" 3970",26,0.655715556512693,0.233029101826345,0.00186214791108881,0.0125505852556957
" 4421",24,1.00864147750503,0.34992083459495,0.00487724385103242,0.0137475704546481
" 1211",40,0.936060635776568,0.405790935222392,0.00877531888751542,0.0140540346689459
" 3820",17,0.955210478565299,0.27173806068706,0.000437105210294107,0.0117404910632932
" 3924",30,1.0791862675648,0.447520237611072,0.00175028086334789,0.0123604869790675
" 4054",64,1.53284648809724,0.676812317660638,0.00692087678256553,0.0141095797100547
" 3891",68,1.32124206195938,0.395813020595584,0.0078341476687545,0.0142227186063573
" 4525",36,1.08203036734114,0.243573816942613,0.00177578973884226,0.0114546223303846
" 3995",56,1.06781851389629,0.386859874739603,0.00302652179042546,0.0132023550084892
" 5033",23,0.974682206600223,0.118451409756074,0.00204363293153312,0.0112873923709672
" 5395",25,1.03947818351642,0.129389140559434,0.000474571371176459,0.0103330974427498
" 3789",23,0.977904924771654,0.308295522460359,0.00059308135524404,0.0118073435995776
" 4221",29,1.09539627307771,0.48802176877045,0.000188393674224025,0.0115130872028164
" 4405",38,1.11945454568122,0.469401784955375,0.000341712644643296,0.0129119472857342
" 5032",26,0.960375194723668,0.120889714151532,0.00159536758821022,0.011694316466488
"   65",9,0.803175034885439,0.110849682089726,0.000831429910644535,0.010500635785423
" 3115",42,1.08944745029242,0.444238820209073,1.0628698122653e-05,0.011216568348543
" 3796",19,0.896224583477405,0.267814375434382,0.000905299362596974,0.0118377336628701
" 4217",34,1.14559451474351,0.505676044349913,4.62348368335408e-05,0.0115632854409643
" 3123",39,1.09165014839739,0.443053659803505,4.25147924906122e-05,0.0111453288769492
" 2287",37,1.001934543387,0.376074208789939,0.00146330601403626,0.0133883194867059
" 2962",38,1.05794448353546,0.426696595043708,0.00263644856932409,0.0133304608325694
" 5002",67,1.0494885781988,0.208141158836925,0.00127942953651436,0.0115613814912961
" 5652",44,1.1293131457574,0.288393224364852,0.00210501366319144,0.0124767708872473
" 3969",19,0.723638754457323,0.205044031874452,0.000744806020944913,0.0129210815382084
" 5003",59,0.998741310981842,0.160708054344664,0.000680768114755928,0.0111958970609016
" 5654",48,1.12617805200066,0.289454747735394,0.00222033503782222,0.0126397607679625
" 7901",37,1.17388864326831,0.378002181809923,0.00149545782585728,0.0130210004002678
" 3949",39,1.22934990424196,0.462020340883431,0.00228809298835414,0.0137327852308013
" 2849",43,1.18520623797325,0.479651598837496,0.00141999406918645,0.0127879871745467
" 5102",36,1.1204448000565,0.261736148610337,0.00046075406361701,0.0120433861667247
" 5431",45,1.08393974003934,0.242327818638549,6.56322109073826e-05,0.011546911176553
" 3978",34,1.19109647696546,0.608953590135811,0.000952065634336647,0.0131786864759976
" 2816",60,1.39065265832944,0.679245036700646,0.0045767174116144,0.0140478478027114
" 2935",48,1.13415613904149,0.533671753061653,0.00277276162274711,0.013246576220657
" 2966",48,1.24071150668884,0.520450693096233,0.00474810516884218,0.0142331765199973
" 5111",35,1.05323530729475,0.221937874403637,0.00703088380813499,0.0131166910386199
" 3954",40,1.10768623555309,0.490380392245431,0.000286177696952433,0.0123601424295164
" 3260",42,1.04336565978889,0.313417291760708,0.00136631914366705,0.0133315815805916
" 4141",31,0.817599852316781,0.278045477794331,0.00131583282758445,0.0133566311143005
" 4376",10,0.101297573522516,0.0353378169231106,0,0.00840213203582485
" 3047",34,0.926297431956341,0.345117994094139,0.00260934538911132,0.0139385242183435
" 2248",40,1.23221711376369,0.4832807306887,0.0115711979286793,0.0149137076303611
" 4026",31,1.2468618845787,0.388026402321007,0.00793033738676451,0.0138153449284795
" 3232",60,1.10896521943627,0.490995818405145,0.00456210295169576,0.0138607285354013
" 2442",57,1.02974321606017,0.396386953922674,0.00579503193392351,0.0142969135557632
" 2068",41,1.08102863691888,0.445709078358333,0.000280863347891107,0.0111677424869058
" 2313",51,1.11205696707475,0.369038169404247,0.00440028102277836,0.0138443835463348
" 2157",43,0.674438660989443,0.260942856419085,0.000259074516739668,0.0115606684062106
" 5930",67,1.03960852049907,0.138749897032074,0.000238879990306627,0.0099971361536467
" 5908",31,1.0346091874073,0.12959704135665,0.000118775701520648,0.0100598630442616
" 2594",42,0.895603745513125,0.304868255481824,0.00417867266692105,0.0130557668601427
" 5907",31,1.03906268188477,0.12886933765352,2.86974849311632e-05,0.0100688974302817
"  923",33,1.22478064533239,0.559068923931379,0.00174337220956817,0.0121208956572731
"  101",22,0.740061782455089,0.242180767454597,0.00642185940570697,0.0140105440343892
" 2321",46,1.31364709806273,0.539633738390208,0.00568768208288471,0.0138018704551418
" 5621",40,1.12466637683966,0.233567740412257,0.00541425882367946,0.0129008759633539
"   57",33,1.19188421109798,0.409842304545491,0.00121087443362325,0.0127549828352569
"  120",34,0.983968292123705,0.38004365385965,0.000305309353573209,0.0130995356942916
" 4547",19,0.909447262306781,0.290167461120064,0.0014037853045494,0.0127162436970776
" 2216",49,1.0752425758522,0.412108939961664,0.00182468175020646,0.0131505271527071
" 4877",31,0.711068582397579,0.269612459363384,0.000796620924292846,0.0129897519838124
" 5965",42,1.07112022054434,0.188215829266094,0.000872881833322882,0.0113382805831486
" 4430",71,1.38668183151845,0.527879051505443,0.00733991320605113,0.0141384370539967
"   32",20,0.775369511103028,0.208474965952633,0.00094462554565079,0.0125786052682713
" 2419",40,0.951746052273558,0.329731319568549,0.00161556211464326,0.0130656714333
" 2837",37,1.18095304950651,0.599118142903944,0.00188845393894238,0.013544561752564
" 3119",48,1.13591936387689,0.487086300409835,0.000505660313185219,0.0112636244467787
" 4213",16,1.06268439141883,0.217190711371548,0.00141494543757819,0.0114544762616529
" 3537",54,1.20033192942667,0.520233776824707,0.000489185831095107,0.0116665823063388
" 1159",47,1.05823106943651,0.449128478077191,0.000915130908360428,0.012240839103914
" 2767",49,1.08440801861683,0.488665568204058,0.00340702918321644,0.0133964847613345
" 2605",46,1.2597902597365,0.494042833432911,0.000982091706533142,0.0128672885394367
" 3567",49,1.08251030157617,0.455932661219936,0.000523729099993729,0.0113359305842907
" 1309",32,1.01520500540991,0.404856237758336,0.00268879490757816,0.0129718075814812
" 2525",33,0.513951935837351,0.140361735837876,0.00270447223730907,0.0121561218314015
" 2810",55,1.09609514257665,0.470620266255624,0.00068422244164579,0.0117506697638364
" 2471",21,1.1871421245109,0.477825268101095,9.56582831038774e-06,0.0116552114678892
" 3073",41,1.21728023012665,0.542751222408809,0.00350587607575711,0.013877016283192
" 3043",50,1.52734252282785,0.584834267282466,0.0102965513063201,0.0144907874943715
" 5720",50,1.22507399258659,0.451953357475017,0.0174331906607755,0.0146837770873692
" 4111",55,1.30999710674467,0.684890036303161,0.0019277801219962,0.0138947844500189
" 2476",19,0.66630635375254,0.269201712409272,0.00316708632309754,0.0136587109305613
" 2797",24,1.11159644603195,0.448908495442085,0.000350215603141418,0.0116405342538537
" 5617",55,1.02280375109554,0.225226144739887,0.0060618122568021,0.0125027335675258
" 4176",33,1.02247141133912,0.316111623002234,0.00193442305832286,0.0124467355407412
"  360",22,1.13754584432055,0.463117826335277,0.00154727272920522,0.0120859887254763
" 2318",37,0.829465810576879,0.321672606243851,0.00565207594417383,0.0131634599831668
" 3236",60,1.03548239734698,0.162079969494635,0.0018180388138798,0.0112777125750439
" 3301",37,1.01429470213773,0.373321106783467,0.000183876477521898,0.0121899894846115
" 4069",47,1.25693925565431,0.618217282197,0.0015355811612703,0.013106927815005
" 1093",30,0.658568984548668,0.229236130958738,0.00401525643328526,0.013097632472126
"  341",27,1.08530099539879,0.442552208847833,0,0.0111957543191556
" 4178",19,0.964272978631322,0.271320018742159,0.00124807487705253,0.0121417263004437
" 6655",38,0.932428883726835,0.258779129969295,0.00039273039563203,0.0122384132479294
" 7877",55,1.06480983035299,0.347832098242996,0.000923368149405484,0.0118885668021611
" 3302",33,1.00140710727396,0.36651875766055,0.000184142194974964,0.0121339742876431
" 4180",38,1.17151413071475,0.490412174300745,0.000641441931702112,0.0121830799863164
" 3757",40,1.26523246155018,0.659570185949433,0.00239039420778467,0.0140839216827872
" 2095",48,1.11742052844059,0.453619063931175,0.00035871856163954,0.0111937238422327
" 2972",17,0.383406353080591,0.128661725677124,0.000380507392790979,0.0120821448038953
" 4175",20,0.97768019666789,0.277837065900514,0.00012223002841051,0.0120750115295834
" 4172",30,0.885215408894873,0.376571287246928,0.000187862239317893,0.0117704045209056
" 2977",50,1.16258684165395,0.50103732860863,0.00158553604244677,0.0123492719194323
" 2787",38,1.14143311485729,0.536466635140708,0.00142610557060697,0.0128654995703678
" 5027",20,0.864379043130837,0.138163600137362,0.00595897960246543,0.0128162747446917
" 5685",42,1.03749307439307,0.125434952901303,0.000412924922065071,0.0106248815370091
" 5732",44,1.02538970119801,0.132949014695392,7.59951915769693e-05,0.0102073748560838
" 7006",38,1.09122174372089,0.393784604452111,0.0025495589621714,0.0132873414285245
" 7872",63,1.12412512256077,0.368892833935578,0.000737100214805989,0.0116827844394621
"  958",37,1.13530234274712,0.520262282811979,0.000335069708316637,0.0113594195049276
" 4652",64,1.03796915545,0.23354749274347,0.00186321078090108,0.0123897596251013
" 4336",38,1.19827468573717,0.479344609719089,0.000903173622972443,0.0124327946905512
" 3472",67,1.5208955303604,0.621177205591899,0.00870995239406111,0.0142396388094347
" 4465",49,1.02512834674132,0.150512636356424,0.000789446553060055,0.0106015109362116
" 2667",48,1.19858411280931,0.551379397702579,0.00605543503792851,0.0132726181780404
" 2784",34,1.25889837051193,0.628320538215933,0.00522028508294105,0.0139917650463037
" 4294",29,1.05032517041068,0.434450221193739,0.00487750956848548,0.0142219949177244
" 2944",24,0.370806581986325,0.110792038336939,0.000604241488272826,0.0114930040392467
" 3953",40,0.96123375654946,0.396513492438531,0.00147579473433038,0.0126028849542431
" 4719",66,1.02332265783123,0.149353997093295,0.00214407412879219,0.0117468438048247
" 4449",50,1.20734616566951,0.479506280337079,0.000182813607709632,0.0125232872230043
" 4529",39,1.13059774288384,0.449226794135836,0.00119067990719021,0.0124454996643119
" 3309",59,1.07290861107098,0.432985414146851,0.00109316160191487,0.0121486649066367
" 2600",49,1.16973750089536,0.486987992648386,0.00210341935847304,0.0133505229147803
" 4528",33,0.998032295577199,0.388509801412564,0.00198464365695239,0.0124648660423577
" 4451",54,1.20338326794541,0.472898957308281,0.000403093376301617,0.0125572481913868
" 2665",37,0.930350800693929,0.419976650865894,0.0005720896764518,0.0128668565076658
" 2495",42,1.111195166121,0.507017418753524,0.000962428615006234,0.0130981449398402
" 1165",45,0.644299582939292,0.304321748925745,0.000107881285944928,0.0131352937548281
" 3951",38,1.04777477696963,0.437898669896712,0.00122814606807256,0.0122680713868753
" 2552",15,0.480196978728266,0.116273415946443,0.00117075109821023,0.0125710369909897
" 1314",38,0.997092457008804,0.454296085828292,0.00135622188045053,0.0133079627432551
" 3307",40,1.19956009583724,0.573171933881764,0.00313227733674585,0.0134793184737084
" 4311",46,1.01250215968684,0.425751450118285,0.000837807129518127,0.0130177040259378
"  616",37,1.19818220563936,0.636374202216489,0.000515757576401739,0.0121619044272388
" 2713",38,1.17442062043837,0.506469363719706,0.000174576366664576,0.0125763786916273
" 3267",26,0.803966927597855,0.27157592601599,0.00400808206205247,0.0140351856889233
" 4722",52,1.05376854309313,0.402197237749366,0.00175054658080096,0.0128202564983457
" 5839",30,0.99934269799699,0.123686141156949,0.00346203269600116,0.0110756435159929
" 2668",30,0.805595556770061,0.300907772984224,0.00348833872385473,0.013363289150758
" 2203",22,0.411205965501669,0.163897194472768,0.000598927139211499,0.0122147254396173
"  929",32,1.1263122519854,0.608285780642148,0.000386353176758438,0.012071357666741
"  289",21,0.634201542099988,0.30841683244679,0.000547377953316632,0.0134755784263414
" 2628",36,1.06596846883403,0.538932502801782,0.00162193933351686,0.0132939423529253
" 5485",25,1.02454690971157,0.142243612223739,0.0084054401928471,0.0127602121054907
"  558",30,1.16268105583687,0.619744715933086,4.59691193804744e-05,0.0118093581958816
"  493",34,1.08827308161552,0.577995339666377,0.000348355580969954,0.0116473436402142
" 2295",35,0.999772622999702,0.297835440866889,0.0076731228921963,0.0138597413230033
"  291",54,1.34603265397608,0.560979958399802,0.00554685183275956,0.013959000284756
" 5987",55,1.06408409243807,0.145415480509268,0.000159696189292862,0.0102330437582288
" 6115",19,0.997645715899332,0.190111102729857,0,0.0114760608587783
" 6022",67,1.04871295111226,0.1619215679626,0.000493703027797234,0.0103813327787354
" 4435",20,1.04792925798629,0.272703350553507,0.000128075812377969,0.0127186547584877
"  296",49,1.20679604159214,0.517730667505182,0.00275070707414261,0.0137831754124599
" 2353",64,1.27628836667422,0.500181608644178,0.00185895930165202,0.0133228669009638
" 5676",59,1.05783919541701,0.137799044228384,3.98576179599489e-06,0.00978539715813866
" 6098",19,0.99408803314587,0.186693430701355,0.000720625732715877,0.0115134296988768
" 5988",51,1.05674229942063,0.14531573959532,8.15752580913622e-05,0.0103066488217353
" 6023",61,1.02094403905088,0.155362683834852,0.000349418450782219,0.0102944936144456
" 2396",41,1.14775044996299,0.462976694389623,0.00149333208623275,0.0133443744386783
" 5892",31,0.930517840737956,0.333509002156085,0.00153265826928657,0.0128941667429498
" 4394",61,1.13622551251997,0.451426118839528,0.000258277364380469,0.0116509742900369
" 5675",57,1.05612096323688,0.136799330568535,0,0.00978763301106627
" 6207",27,1.06209974463914,0.218363067730491,0.000854281611608239,0.0117882722290978
" 6052",25,0.92034768118149,0.181373346679062,0.00266514605425525,0.011859425987042
" 6007",34,0.764255064399028,0.135658219513678,0.00485093782317885,0.012476173715082
" 2438",41,0.897502156174925,0.209275157637699,0.00495961626148298,0.0134121840750339
" 5673",45,1.04724463536431,0.133206559996525,4.25147924906122e-06,0.00979585399981621
" 6212",21,1.00845683436712,0.203634302674781,0.000882979096539402,0.0119208062804836
"   87",42,0.999695243633536,0.400376494956443,0.000460488346163943,0.0115600476330042
" 6131",39,0.981196298111993,0.192009900108035,0.00147552901687731,0.0123105130262196
" 4070",58,1.29380016069241,0.634938739918804,0.000210713940281597,0.0127259141106374
"  978",44,1.09994018003374,0.474636823125897,0,0.0103324275475112
" 6014",95,1.12865458011007,0.539050662980872,0,0.00651243232621147
" 2674",38,1.01302444389146,0.325200055939113,0.00268002623162697,0.0135260536572008
"  985",43,1.09975730692196,0.47411736599366,1.59430471839796e-06,0.0103520861594148
" 2838",44,1.15980692403751,0.551785210320704,0.0011694225109449,0.0131184680189144
" 4365",50,1.12469124110369,0.442309904724942,6.61636458135152e-05,0.0112354663324792
" 2997",84,1.0654069810608,0.179087167834766,0.000273688976658316,0.00998048531619892
" 1334",40,1.35804958599298,0.69443946501165,0.00541877602038159,0.0144575307244677
" 4807",53,1.08507844052536,0.16591732765489,0.00482861755712128,0.0117315655491845
" 5509",64,1.17339179572954,0.221116267103049,0.00855291337929891,0.0123745529293529
" 4368",46,1.12025217328093,0.442951199979408,1.43487424655816e-05,0.0111227926424817
" 4629",34,1.18385743966073,0.341804475633291,0.00227055563645176,0.0129644790932477
" 5430",42,1.03141636567807,0.223702012538601,6.90865377972448e-06,0.0118990574507473
" 5109",53,1.0471490523662,0.221830215448503,2.49774405882347e-05,0.0115321007182476
" 3976",39,1.2249909809172,0.61267640070923,0.000104692676508133,0.0126514018563122
" 4954",95,1.12860584565047,0.53902608309432,0,0.00651236153408835
" 3124",40,1.12282052282809,0.466603591554519,6.88208203441785e-05,0.0110218079646222
" 1622",47,1.05142764754915,0.252412697253167,0.00158101884574464,0.0124010143017652
" 4631",11,0.632175102539273,0.14367751828597,0.00485014067081965,0.0128362931914376
" 2443",48,1.45801463321605,0.66532149603624,0.00607483241200235,0.0143191060779264
" 5803",48,1.03178860402439,0.128499361282285,0.000284317674780969,0.00972974159806586
" 4040",6,0.300181941549457,0.0278625911938944,0.000115055657177719,0.0103155083882033
" 4034",14,0.460917837767339,0.116367137247516,0.0014574602300688,0.0125445046670011
" 4001",5,0.2927236276635,0.0357917494325852,0.00114710224488733,0.0119963848040551
" 4084",8,0.25727283203765,0.0248543467081595,0.000376521630994984,0.011522166785881
" 3979",59,1.23772492862773,0.610915858283546,0.000135515901063826,0.0125866212694356
" 3179",53,1.27318957079444,0.627892658527644,0.0073922595443052,0.0143537956697812
" 4056",5,0.320889477192124,0.0118367605842835,0.000497688789593229,0.0105738502928266
" 4023",4,0.379848649817026,0.0211898683320025,0.00172716344493112,0.0119559551456591
" 3986",14,0.9357486014342,0.36666254919993,0.00163150516182724,0.0130885356834171
"  602",34,1.2314505515385,0.582649292762205,0.000991923252296596,0.0120850973554629
" 5101",85,1.07595557959989,0.162270483597771,0.000315672334242796,0.0104203099160768
" 5890",38,0.976695515731324,0.119361077675622,0.000924696736670815,0.0108324980354479
" 5928",20,0.850957117426542,0.186874517332093,0.00407770003475584,0.0127472935918125
" 3963",52,1.08424163986231,0.540982157358019,0.000119572853879847,0.0124415654797252
" 4214",12,0.845813037707174,0.132038301166635,1.35515901063826e-05,0.0105222535889676
" 3741",39,1.29940296285258,0.711431272213979,0.00407637144749051,0.013861853309857
" 2912",39,0.823477764445375,0.308942467051267,0.000688208203441785,0.0126815872426996
" 5103",72,1.06375124212241,0.159653312101349,0.00010123834961827,0.0105924964867374
" 3002",44,1.06147184689954,0.453619311625572,0.00165674831986854,0.0130886094617797
" 5108",65,1.05567380009851,0.161352265240612,0.000127012942565704,0.0107520705259485
" 5414",70,1.0461616941391,0.170628623693749,1.46144599186479e-05,0.00942829493580686
" 5833",38,1.05898314894812,0.131776711737244,0.0012262860459011,0.0110762592704006
" 5855",65,1.07885535806716,0.146201311465724,0.000142955989749684,0.010186162022354
" 5894",43,1.05804622930905,0.194016020019074,0.005155981459299,0.0125139142604954
" 2425",61,1.15998228737539,0.447657606618512,0.00324999016845424,0.0132278053499237
" 2227",67,1.01934869843241,0.403917502119204,0.00329383354821018,0.013645941170266
" 5415",70,1.04043231416464,0.166555715124316,7.70580613892346e-06,0.00946273347448339
" 2143",43,1.12140340628367,0.487022677086739,0.00121220302088858,0.0132053385527224
" 4630",19,0.835022824683333,0.115075583915387,0.00497449643885469,0.0125188110860393
" 4943",48,0.871484638860071,0.113926037541601,0.00103629806695867,0.0109403809890349
" 2606",20,0.65407072288665,0.205761179956562,0.000763671960112622,0.012924047379762
" 5410",71,1.03753936264524,0.166095786360049,2.89632023842296e-05,0.00937126971278906
" 5413",60,1.02154551146477,0.152217525936223,0.000268906062503122,0.00953909393966382
" 5701",34,1.02002884698292,0.368023264044105,0.0031264315527784,0.0133078410635948
" 4402",27,0.714697608077627,0.255360476182499,0.00162672224767205,0.0133224687826289
" 3009",37,0.788095730374694,0.151425770585206,0.00498060794027522,0.0124421117644851
" 5082",34,1.15785468899796,0.427932597656964,0.00727401527769068,0.0136139903708228
" 6051",64,1.03169185107006,0.176039309828713,0.00154700701175215,0.0120591620301182
" 4439",27,1.02881122275506,0.241889411741783,0.00321544689955561,0.0132577252859294
" 2785",44,1.16013966511531,0.517081765930427,0.000320189530944923,0.0123463323731385
" 3001",33,0.71339833834328,0.214538775402412,0.00122708319826029,0.012206834324596
"  657",18,0.804481940295807,0.189024731881321,0.00250412127769706,0.0130367394567328
" 2953",37,0.859685820310423,0.303898796001849,0.000759686198316627,0.0122704311575212
" 5920",53,0.998236524204532,0.223770563808455,0.00305335925318515,0.0128488654104911
" 3240",41,1.37919786145139,0.666659424357858,0.00254583891782847,0.0138818528499935
" 5656",9,0.437169022858867,0.0813205803432149,0.00285858836008754,0.0128142212612442
"  669",10,0.360731734693827,0.0915717800794526,0.000306106505932408,0.0122895619676364
" 1426",24,0.871947672677295,0.443099414085644,0.00217914883259694,0.0137556404482934
" 3139",39,1.11102154820514,0.457612994632224,1.72716344493112e-05,0.0107715292283782
" 6016",95,1.12858628028623,0.539014635435558,0,0.00651240117764923
" 4295",47,0.949777749994547,0.122823973310119,0.000746134608210244,0.010440241213299
" 4407",37,1.27168878235556,0.58877890899149,0.00743929153349794,0.0148922964508548
" 1410",44,1.27837282404797,0.609793288725044,0.00236674535446177,0.0135112481805901
" 3503",47,1.22171815914422,0.554024645312431,0.00466865565037535,0.0129955403178352
" 3166",45,1.11411041039458,0.462427313003506,0.00250624701732159,0.013161728939205
" 2779",40,1.17856739748487,0.532073413428932,0.00434102603074457,0.0136889868745981
" 4558",54,1.17699211015109,0.329239664516217,0.00430781134911128,0.013023505513637
" 1350",57,1.2209002192327,0.641298539714626,0.00260429675750306,0.0128615010406515
" 4332",48,1.12439613761995,0.431797979929866,0.000749057500193974,0.0121743565112787
" 4389",36,1.06264591026282,0.422211454921081,0.0023452222407634,0.0124256675317037
" 1507",36,1.30630962285387,0.718088357478148,0.00677074642158306,0.0146064739987853
" 4446",66,1.04921133922075,0.165709080502523,0.000165010538354189,0.0102246959114741
" 5648",18,0.333614101672064,0.0845023215834672,0.000391667525819765,0.0107993891118666
" 4580",95,1.1285735610396,0.539007905025506,0,0.00651234565989628
" 4419",35,1.11524123529223,0.399537783109777,0.00147074610272212,0.0134481086481818
" 4226",21,1.01379926570618,0.215345092552133,0.00199022372346678,0.0115270236844129
" 4555",35,0.83491577103893,0.238452615095875,0.00184089051484351,0.0127600933235237
"10140",38,1.14484686343986,0.427838839298208,0.00257985075182096,0.0133490037988953
" 3086",38,1.09453033801882,0.228288905571154,0.00276744727368579,0.0126095673474067
" 5418",43,0.969297582900855,0.195650443490815,0.000683956724192724,0.0116110621702734
" 6703",26,0.893113833996053,0.202542306878788,0.00146941751545678,0.0120278087140706
" 2735",41,1.1216776885068,0.424821755620031,0.00923580723367937,0.014451936157225
" 4400",28,1.02654060283248,0.410784007722783,0.0030987969376595,0.0140824801770516
" 3006",30,1.26487660454941,0.515409932733888,0.00635835293442412,0.0144322093646692
" 5490",51,0.979128474157809,0.247497750421402,0.00362438605982469,0.0133372777615003
" 3230",38,1.09737348488231,0.472577680970943,0.000833555650269066,0.0126478267392574
" 5798",33,1.00219587943597,0.130803081228827,0.001922997207841,0.0112752917333763
" 3841",46,1.02780185703548,0.464767259514662,0.00205373019474964,0.0130081203716447
" 2484",42,1.02427507328634,0.448047113461067,0.00249482116683974,0.0138111587561131
" 4552",48,1.18047085337359,0.432999140821875,0.000413987791877336,0.0119197251406519
" 4136",71,1.08199093923217,0.266924718453892,0.000747728912928642,0.0116840814470178
" 5615",43,1.05306760330614,0.139246057524727,0.00044985964804129,0.0104542039732724
" 4153",48,1.33850175587136,0.555812790904714,0.00339188328839165,0.0135261856140408
" 4459",17,0.26873522771776,0.112977708935051,2.12573962453061e-05,0.0114078840303846
" 5245",48,1.12857295514386,0.418847582106977,8.42324326220254e-05,0.0104815426643205
" 4742",33,1.06901738177938,0.466574696161517,0.000276346151188979,0.0113313564066869
" 4553",35,1.10266260636768,0.403597110041174,0.00138119932103876,0.0122883977025742
" 1785",31,1.18589711449423,0.638456374594163,0.00410852325931154,0.0137248987804985
" 4323",52,1.27075608377097,0.434937907295079,0.000488388678735908,0.0128374680597466
" 4595",42,1.13023316356619,0.476542154758598,0.00163522520617017,0.0129776115080144
" 5608",46,1.04947095452537,0.257012982232364,0.0087992334582914,0.0132865954565256
"   34",19,0.929516678682795,0.258197015215151,0.0028636369916958,0.0128339715693156
" 2102",52,1.08841953037952,0.439288079211399,0.000217888311514388,0.0112768566038396
" 2985",18,0.410593414893319,0.189227922922262,0.000231174184167704,0.0118125007342283
" 4322",48,1.23912195054121,0.430994744008264,0.00101264921363577,0.0129699216032126
" 3648",34,1.04977783344466,0.485736800209893,0.000445342451339163,0.0119583806873363
" 5367",65,1.1637620603631,0.42728231073274,0.000282191935156439,0.0109331098933145
" 4754",71,1.23011032615207,0.486002555720956,0.000315140899336663,0.0114113791885984
" 2965",42,1.1027075354914,0.424183088342782,0.0119934229616017,0.0149611044279594
" 4343",44,0.852561899472962,0.290668204980678,0.00326274460620142,0.0134729891900817
" 4533",51,1.17370634508576,0.435237010621688,0.00150582080652687,0.013085496894003
" 6474",37,1.00610046509925,0.18467239208004,0.00505500882713379,0.0123565027970425
"10138",52,1.20384307411958,0.396175922389529,0.000275283281376714,0.0113971536124907
" 5100",69,1.07247459557792,0.164529520874986,0.000233831358698367,0.0105409894349135
" 2582",51,1.30061397868722,0.522522250081627,0.00752777544536902,0.0145936531368484
" 4356",73,1.10314298485721,0.248070073371518,0.000451985387665821,0.0108435536467849
" 5785",27,1.1108753338641,0.239617466273794,0.00187516806628906,0.0123573772035542
" 7421",34,1.01471488276263,0.221100199368579,0.00817904892283459,0.0132299112564572
" 3233",56,0.965779054444645,0.446151203994157,0.00326460462837288,0.0141348320848505
" 4355",64,1.00664326033953,0.180753342717823,0.000485731504205244,0.0107031458926636
"  698",43,1.11447030975589,0.475710859617017,7.67923439361683e-05,0.0119302693280075
" 5412",71,1.04012764587473,0.167181695308367,0.000129138682190235,0.00948190353659353
" 2760",43,1.23179777082046,0.679402173725204,0.00142105693899871,0.0125262571293377
" 3716",82,1.05693973975108,0.16386422381207,0.000271297519580719,0.00972349693564975
" 4467",75,1.03843941861289,0.1586449937244,0.000143753142108883,0.0103076977968749
" 4605",83,1.11415385179502,0.21569650020118,0.000671999438804739,0.0117818125080794
" 4658",42,1.19207641903722,0.376776918900515,0.00386512607230278,0.0130687321545557
" 4882",95,1.12850424794687,0.538984135308276,0,0.00651291995766384
" 5830",26,1.10993004716442,0.255704284497178,0.00435138901141416,0.0129098458939098
" 4243",54,1.02072756089067,0.404359033306103,0.00205771595654563,0.0128654788854384
" 4452",66,1.10905454061049,0.38423931874435,0.000866238896996224,0.0114418241513063
" 1408",51,1.26381131279694,0.666902250510634,0.000300792156871081,0.0124327902601764
" 4603",85,1.03050554517318,0.195179364764011,0.000420099293297862,0.0114981711114276
" 3190",40,1.13345628724777,0.461952941553225,0.00128128955868583,0.0123492855192914
" 1485",54,1.36686824376368,0.744862623741034,0.00299277567388603,0.0139177428330439
" 2938",54,0.993865127801495,0.154049141632361,0.000277674738454311,0.00992415670319702
" 3234",44,1.23723329862731,0.663707339303535,0.00308630821736538,0.0136218261190083
" 2369",31,1.18127610785132,0.49130509369647,0.00417495262257812,0.0135570600345534
" 4117",37,1.19490445155972,0.529346707295079,0.00371526142877337,0.0144259765297083
" 3479",27,0.876614381174244,0.288895072186294,0.00048174574240925,0.0112622244212876
" 4192",12,1.0795392425859,0.2080671977657,0.00084551293565705,0.0112656330605862
"  911",40,1.14008718083802,0.476791851349573,4.41090972090102e-05,0.0108077986077183
"  148",34,1.19212325885623,0.442786009444319,0.00419355284429276,0.013702160244837
" 3037",33,1.22291918810133,0.612044275381217,0.000478291415519387,0.0124728491947093
" 5104",37,1.10988445161871,0.258631583018037,0.00120928012890485,0.0121945666341543
" 5432",40,1.06104581262899,0.231919290737659,0.000111335612834791,0.0120465014220869
" 2534",52,1.11253256233842,0.459533102676212,0.00228570153127654,0.0133115742970911
" 3034",33,1.20939198656096,0.602751433777919,0.000210979657734663,0.0124340406599342
" 5112",38,1.04652658323105,0.186412043026336,0.00227188422371709,0.0121334608252636
" 3473",30,0.753850902702628,0.249592246006752,0.000516023293854806,0.0112075462923432
" 3665",34,1.19179278861221,0.548217279468278,0.00115161944158946,0.0124655790400667
" 3036",31,1.14644633487671,0.566413337726036,0.000112664200100122,0.0121572868374916
" 2435",39,1.14547843470687,0.441933466224583,0.00460993209324769,0.0137581301801783
" 5457",20,0.915460023671048,0.11444126823693,0.00110485316984978,0.0109302908137624
" 4028",54,1.00911401728737,0.493196661260893,0.00293166065968078,0.013512387582392
" 3511",26,0.730173831082082,0.259668170296959,0.000534889233022515,0.0112458199746528
" 2603",42,0.974653791216453,0.261362136429803,0.00392438106433657,0.0135176270223679
" 4319",52,1.07768100132626,0.403290418807065,0.00222910371377341,0.0126647966799609
" 5769",49,1.17108394473409,0.475241168104898,3.7466160882352e-05,0.0118666700089167
" 5386",48,1.23862998545753,0.48493311364103,0.00272333817647678,0.0125933833600716
" 3021",34,1.1520148436589,0.407583681940265,0.000631078951032525,0.0122226261744896
" 5737",48,1.15219432531788,0.467298066764416,0.000173247779399245,0.0119739301807597
" 5625",41,1.03473219203743,0.143494297702406,0.000326035314912382,0.0104644389343246
" 5238",41,1.17489072939811,0.44963136467752,6.98836901564438e-05,0.0103564446189938
" 3023",40,1.08092565440755,0.378989767189485,0.000637456169906117,0.0120662711869499
" 5753",39,1.15432918719644,0.451735797669344,7.51980392177703e-05,0.0117451230556002
" 6414",26,1.13315059404705,0.222412116208798,0.00228357579165201,0.0124130424119851
" 5229",40,1.15710978375457,0.437086923996553,4.80948590050051e-05,0.0103748741014309
" 5752",37,1.13777224471465,0.438251343978098,0.000189456544036291,0.0117928799438113
" 6413",30,1.04887489201686,0.19324941430823,0.00189137683092611,0.0122337466964107
" 2828",29,0.845080299851144,0.296019147716823,0.00680263251595102,0.0136833079078401
"  617",43,1.09560237296461,0.387474946372033,0.00450231652475583,0.0135880888494779
" 5316",51,1.12936805073237,0.417333825967758,0.000233831358698367,0.0105836567326485
" 4750",33,1.08058108930439,0.470492646372019,0.000111867047740923,0.0111795640946652
" 5224",37,1.09815578908851,0.420087532156374,0.000413190639518137,0.0103816504540644
" 5714",31,1.02716791657561,0.414888556879591,0.000259340234192734,0.0122889827601759
" 1899",41,1.09824054203084,0.510710644649998,0,0.0109368783887041
" 2984",32,0.546864089266054,0.195859121016092,0.00020539959122027,0.011538392080639
" 5759",43,1.08032883783317,0.414071877929136,6.82893854380459e-05,0.0113502910437262
" 4886",53,1.21128101058736,0.378067917757832,0.000173247779399245,0.0117224617387821
" 5765",49,0.758141070763836,0.222683099193219,0.00107137277076343,0.0114109424095068
" 2993",34,0.827655797861971,0.312183226011117,0.000973854465488086,0.0128468690684589
" 4140",61,1.36314468678256,0.634635227401872,0.0232861489994675,0.0147088149084698
" 2928",36,1.05700196020565,0.296154180544056,0.00565499883615756,0.0137997349146173
" 2992",61,1.20766753491967,0.42626494562937,0.00110804177928658,0.0126308693439579
" 1883",40,1.08172511936477,0.50200037697936,1.86002217146428e-06,0.0108895646893629
" 4888",54,1.12841403282165,0.345744988924916,0.000774300658235275,0.0121009424891919
"  834",32,0.811556586026279,0.363301587163898,0.00255141898434286,0.0138255229013596
" 3550",51,1.2359266023441,0.543622743067517,0.000610087272240285,0.0117173282538542
" 1893",41,1.09807021185408,0.508299617751769,0.00031460946443053,0.0114265147297156
" 2048",58,1.30673903033285,0.439434030031687,0.00365202067494359,0.0124967541476052
" 4159",64,1.15540871916313,0.501305216317387,0.000381570262603245,0.0120278454055372
" 1193",16,0.697958192415926,0.209862076978869,0.00162698796512512,0.0124894034322454
" 3081",67,1.18562020229294,0.412321870416949,0.00302492748570706,0.0127851126998481
" 3945",55,1.27944559889811,0.369597989327498,0.0117649059519647,0.0143538672914046
" 3557",56,1.19020074505705,0.530865790351031,0.000251634428053811,0.0116049202411719
" 3000",88,1.05381126460251,0.189732908361275,0.000232502771433035,0.0104332793624969
" 5095",43,1.00855781423928,0.374827258119585,0.00312377437824773,0.0130589702356003
" 4303",55,1.13938987667351,0.393354412172966,0.00180714439830408,0.0127842130351789
" 4390",44,1.0051260772836,0.183818750027947,0.00387655192278463,0.0123724053726274
" 1508",40,1.34465829229431,0.753281138233059,0.00924803023652042,0.014981618808949
" 2375",37,0.879827170145522,0.350167255781319,0.00596721684351049,0.0141275691165745
" 2368",38,1.08070523879176,0.486807730169085,0.000470054174474331,0.0125150853185556
" 2904",63,1.09289755763963,0.264422578832536,0.00107828142454315,0.0122464565918932
" 5179",75,1.04206849406165,0.19078825725903,0.000286177696952433,0.0110418895675482
" 3151",39,1.12046253392875,0.480354703532862,0.000214433984624525,0.0117927791811463
" 5901",19,0.941010312645012,0.112337440568011,0.00138757653991236,0.0116056603952259
"  927",29,1.2255291349574,0.579014325047495,0.00103124943535041,0.0122731955470036
" 5952",49,1.16491896269079,0.240321013702726,0.000497688789593229,0.0120593843462983
" 5770",40,1.03160251076051,0.131987217940789,0.000293883503091357,0.0109881052678385
" 5794",27,1.06480629868189,0.144082418438836,0.000264388865800995,0.0104317201865093
" 5164",57,1.28534355160853,0.592698185949427,0.00402349367433031,0.0138356312215848
" 5670",36,1.17429164503422,0.465415410966166,0.000595207094868571,0.0126581968978962
" 5953",27,1.02707435268263,0.209294941904394,0.00181671022661447,0.0121150933612352
" 4654",46,1.19020884270925,0.44955157775253,0.00157517306177718,0.0125808224596814
" 5793",28,1.06129693515096,0.142682578776572,2.81660500250306e-05,0.010417147560249
" 5668",39,1.16662370954997,0.452463281329777,0.000497423072140163,0.012903516229396
" 5633",76,1.03548186828104,0.147772734223862,4.19833575844796e-05,0.00907408447628984
"   95",50,1.2453884142925,0.493240677014735,0.00218074313731534,0.0135491968620191
" 3640",35,1.13436155534888,0.521007861780959,0.000873678985682081,0.0121663651902475
" 1457",37,1.29260886007712,0.760090314315989,0.00346920706723396,0.0144056831423518
" 4450",37,1.00575482210394,0.410325217732836,0.00199234946309131,0.0129822431271314
" 5706",33,0.862694113391578,0.329747993428138,0.0026537202037734,0.0134000854207655
" 5716",46,1.18145530455322,0.493727851254905,0.000734974475181458,0.0122157423449853
" 4656",41,0.896002695976676,0.345228945385468,0.000451985387665821,0.0120497143289714
" 7131",36,0.862020042721492,0.391569993336802,0.00158101884574464,0.0136751844019613
" 5788",27,1.0163404002614,0.137674546548977,0,0.0102189980136264
" 5850",35,1.06223071396924,0.214028368685344,0.000253760167678342,0.0113882685883583
" 5634",66,1.02723467624572,0.1472866936746,6.45693410951173e-05,0.00908486757524978
" 4593",38,1.04383542258193,0.377543807410044,0.00147526329942424,0.012542226336842
" 3003",35,1.27778925928528,0.485636620322481,0.0122583432623088,0.0149504000188502
" 5848",34,1.04070023987615,0.187828764976816,0.00092655675884228,0.0115277386924201
" 5239",53,1.13720825050467,0.430163746173289,0.000202210981783474,0.0108079804675474
" 2533",44,1.13105652879183,0.338483027416788,0.00646410848074452,0.0137035212428059
" 3289",30,1.07883908125009,0.404133592455254,0.00169687165528156,0.0126278014930706
" 2567",58,1.16649350904696,0.481887442132401,0.00364590917352306,0.0134944583991657
"  895",43,1.17932645074536,0.547925711334672,0.00291624904740293,0.0135093614544772
" 2595",60,0.972680313368202,0.176005827840085,0.000310357985181469,0.0116930167660674
" 4411",44,0.734733972061496,0.145028179708792,0.00118164551378595,0.0120288713404864
" 4914",55,1.15918812206253,0.393839097207349,0.00158580175989984,0.0125261086715151
" 3042",31,0.964422304523691,0.352528034369377,0.00465164973337911,0.0139606813554987
" 5427",35,1.09484799850703,0.171726135827693,0.00634347275705241,0.0127819204209383
" 4437",24,0.831590388206947,0.192430016315029,0.00301562737484974,0.013199967267646
" 4312",98,1.05121601758304,0.177234928301678,5.31434906132653e-06,0.0087767125922845
" 4915",46,1.03005682748046,0.369280872735156,0.00039565328761576,0.0119819206373882
" 4313",97,1.03013518462368,0.17729680642011,1.46144599186479e-05,0.00900431397634722
" 5674",55,1.0501048167905,0.135103432822684,0.000110272743022525,0.00997320660295509
" 5756",37,1.17048034340203,0.449398164478868,0.000389541786195234,0.0116379083493483
" 4988",38,1.13674007745291,0.494909209599701,0.000539140712271576,0.01221320429397
" 4991",41,0.99779072191489,0.425757743499143,0.000271297519580719,0.0119477577991975
" 1163",38,1.04796518822172,0.4058359343514,0.00115959096518145,0.0119053232334573
" 3674",32,1.1060832364303,0.512876840758451,0.000831429910644535,0.0123668150974563
" 5475",33,0.982741281583528,0.122860532966215,0.00084259004367332,0.0107246783017603
" 5862",16,0.616135440020318,0.135009423371004,0.00210953085989356,0.0125043356458012
" 2352",55,1.1313711399012,0.382906636786207,0.00121858023976217,0.0126252580361881
" 5684",37,1.08180549048681,0.135763889386039,0.000552958019831025,0.0110314810851668
"  969",47,1.09306889278257,0.49477941147927,7.3338017046306e-05,0.0109902816712752
" 3659",95,1.05348869377757,0.156903359030043,6.64293632665816e-05,0.00985947993085285
" 5809",34,1.05445122426555,0.416756335733813,0.00061407303403628,0.0119690816464977
" 5683",38,1.08199450505946,0.13691835113298,1.62087646370459e-05,0.0109171457584632
" 5699",35,1.00132357351878,0.165589428287408,0.00131742713230285,0.0110575488334021
" 2073",50,1.06508924556098,0.438740145141672,0.000353138495125148,0.0114522161268924
" 5766",31,1.07777921365168,0.215966703609751,0.0031452974919461,0.0118965983708717
"  970",35,1.04755899479384,0.476745964184967,7.81209312014999e-05,0.0110332564219885
" 4367",49,1.12089190171126,0.44316341443594,0.000689005355800984,0.0115708379763065
" 2071",54,1.07582089129185,0.44263833186521,0.000163150516182724,0.0114703379617844
" 5175",22,0.955987141096808,0.124041643920252,0.000105489828867332,0.0104065445982568
" 5704",55,1.0630912007848,0.150802231166731,0.00232795060631408,0.0111830070370933
" 4942",43,1.19644967586202,0.471600743167663,0.00293033207241545,0.0134569603493044
" 2573",35,1.20365756279459,0.421674350689738,0.00371845003821017,0.0133076135168433
" 5397",19,0.981552458639055,0.129655691769171,0.000436308057934908,0.0104770441177065
" 3127",51,1.18486984343788,0.490089013622153,0.00049981452921776,0.0112114587143913
" 1440",53,1.28028330193596,0.659717957380776,0.00228277863929281,0.0133938875446023
" 4978",48,1.13876962461911,0.459562241357977,0.00227241565862322,0.0124477154489769
" 4349",50,1.111171720219,0.272213405465961,0.00543950198172076,0.0124151095982858
" 5477",25,1.03699893193348,0.261759343680751,0.00583914103113252,0.0125572416924218
" 4649",24,1.09332355968276,0.381348991084652,0.00370383557829152,0.0133542816168776
" 4974",49,1.08291009474127,0.42665251942375,0.00247622094512509,0.0124171359281727
" 4330",59,1.08181160428764,0.471326688543693,0.00258702512305375,0.0132813427939371
" 5403",53,1.2722523654395,0.492147203699752,0.00282218506901745,0.0132822191542418
" 4599",26,1.16148693259385,0.366853598578976,0.000135781618516893,0.010949135233855
" 4571",27,1.12226667459223,0.347107818637492,1.32858726533163e-06,0.0110303891095799
" 5166",33,1.07036646621276,0.225142941795348,0.00122655176335416,0.0120622496505451
" 4415",37,1.4102189945508,0.588850269962017,0.00570787660931775,0.0146366252105449
" 4569",23,0.999414629299372,0.29045856117663,0.000594675659962438,0.0112907704334824
" 4600",23,1.10894503308328,0.34659363351726,0,0.0108286630957478
" 4455",28,1.11698312085487,0.34493671385699,0,0.0106820240923817
" 5458",75,1.03196773295233,0.171051081782014,0.00241351162620144,0.0114731413379486
" 4492",44,1.19778201304649,0.459912627475541,0.00189429972290984,0.0134851873262933
" 4987",57,1.07605797117616,0.194064618043638,0.00458203176067573,0.0123904570551307
" 3142",39,1.11107913613266,0.48292298191703,0.000571292524092602,0.0119977795165438
" 5846",42,1.02484272393307,0.132540646695926,0.000872084680963683,0.0111892538433919
" 4137",54,1.25597631736402,0.472225950362464,0.00236089957049431,0.0125127298787122
" 3146",68,1.13317074135611,0.526505610148108,0.00213875977973086,0.0135881261034128
" 5001",34,1.05860622257692,0.382946996264039,0.00217861739769081,0.0126221584466394
" 1863",67,1.27992615616674,0.513721292670249,0.00281846502467452,0.0125803464935185
" 2943",39,0.981746006306863,0.155314358269942,0.000523463382540663,0.0105646625781346
" 6645",50,1.12949020902591,0.293881176551707,0.0037205757778347,0.0126544425310076
" 4726",55,1.09448410499267,0.180507630778038,0.00173247779399245,0.0121882071575774
" 5425",41,1.13044587816741,0.434697918855131,0.0073678135386231,0.0137328894173306
" 5859",24,1.03576022553788,0.128311391630433,0.000703354098266566,0.0118758619762795
" 6013",95,1.12853146389265,0.538988971527255,0,0.00651090017467916
"  658",36,1.17226609373528,0.393316827937622,0.00146649462347305,0.0130503970943984
" 7002",43,1.13172565118149,0.400132022928047,0.00147127753762825,0.0128787963274553
" 5486",30,1.04804621652881,0.400529089699921,0.00208375626694613,0.0134143035056327
" 5011",36,1.02510593223292,0.181241908087846,0.00296832966820393,0.0125734479446814
" 5825",50,1.21668084963681,0.549887588569729,0.000652070629824765,0.0124492460536554
" 5860",19,0.956702104797634,0.119488059050223,0.00148987775934289,0.0121272255119045
" 2480",39,1.0675734521136,0.433649683641879,0.00196870060976841,0.0126770010601444
" 4335",48,1.18638489352253,0.471159421753676,0.000354998517296612,0.0121116294715726
" 5801",45,1.21915902210773,0.543470262719561,0.000463942673053806,0.0124371617771116
"  979",46,1.13820936838955,0.484568262561598,2.65717453066326e-07,0.0104124380538149
"  668",38,1.15708917612457,0.399547925536004,0.00291598332994986,0.0131895192716741
" 5411",31,1.06866300311993,0.424628749751481,5.2080620801e-05,0.0122947215081476
" 1129",31,0.679893948617006,0.297049018519287,0.000150396078435541,0.0114574980239211
" 3187",38,1.08002488435097,0.460513166841727,0.000336929730488102,0.0116737337237766
" 4878",46,1.29569999937181,0.486508704715103,0.00932933977715871,0.0145690223150781
" 5378",72,1.10631799756126,0.385887997659272,0.000597332834493101,0.0119365006807459
" 5099",44,1.07719073948573,0.169010389492583,0.000950737047071315,0.0111632290790829
" 6428",16,0.990383762594759,0.225388293466469,0.00962747475949913,0.0137133699855161
" 3128",44,1.05182033756612,0.421846003816671,0.00137189921018144,0.0125351234725098
" 4513",36,1.2101969928801,0.329493153429813,0.00022931416199624,0.0121536539464456
" 4460",43,1.22394173201017,0.465826032695674,0.00054897225803503,0.0120478945004227
" 4735",33,0.820431525015972,0.303788856365963,0.000242068599743423,0.0118243528186154
" 4889",22,1.0934839074791,0.347715704699827,0.000665622219931147,0.0112877063440567
" 5438",51,1.26300819396831,0.459031475372851,0.000767657721908617,0.0122494268376312
" 4638",45,1.06079280192966,0.389553276044815,0.00139581378095741,0.0124998449764274
" 4511",37,1.20927424106894,0.327688719955091,0.000188925109130158,0.0122135664891742
" 4770",28,1.00018996265316,0.318763176034918,0.000406281985738413,0.0113276591992694
" 5437",49,1.01737522132794,0.378016636621293,6.77579505319132e-05,0.0115741146893057
" 4150",14,0.603196124197405,0.0849307490438278,0.00191502568424901,0.0122305529427584
"  355",21,1.13503608079023,0.4940381059907,0.000307169375744673,0.0114115437707495
" 5153",39,1.0855774876274,0.338039963237624,7.36037344993724e-05,0.0100701260626513
" 1877",41,1.07156960304966,0.482191146393926,9.83154576345407e-06,0.0109720730893857
" 2974",24,0.422011217403587,0.14286894382684,0.00106100979009384,0.0114732197534546
" 4512",39,1.09260578064301,0.307345678887418,0.000591752767978709,0.0121844256193962
" 4334",44,1.13030461394396,0.295474167493993,0.00679280097018756,0.0139758818583641
" 4523",65,1.05983863104961,0.158523080049856,0.000176436388836041,0.0102400238865326
" 4470",47,1.0491703216087,0.156379656561592,0.000793698032309117,0.0103594405122326
" 4572",19,1.04841767881427,0.315982146681334,0.000311952289899867,0.0114491186530613
" 4611",28,1.13948880835451,0.312224394247181,0.00144975442392988,0.0125550140108178
" 5470",54,1.19992800989432,0.532636055756817,0.000597598551946168,0.0120827630972534
" 4917",41,1.10876786085763,0.237167632534917,0.00250252697297866,0.011643592739253
" 5158",33,1.01547541846166,0.310933743719642,0.000176967823742173,0.0103589110792597
" 1167",54,1.1119947933255,0.475019299124024,0.00679280097018756,0.0136755803189152
"  334",22,1.11018722696544,0.48651337818535,1.59430471839796e-06,0.0110557629984445
" 4732",58,1.22085958606186,0.37873586838697,0.00217728881042548,0.0121127272498798
" 1881",40,1.07585349348577,0.487094079496849,0,0.0109924801177768
" 4331",47,1.01809271566186,0.210593573472772,0.000610618707146418,0.013382619160309
" 4520",78,1.22169070828887,0.223321035115959,0.000774034940782208,0.0115778996279396
" 4612",15,0.922691537215413,0.262200410248757,0.000847904392734647,0.0125628237777755
" 4453",51,1.13758115745528,0.172367578478083,0.00143992287816642,0.0112154514961686
" 5471",51,1.20315085184828,0.521027937486984,0.000701494076095101,0.0122291251726531
"  343",23,1.11697522380468,0.490034712200037,0.000571558241545668,0.0114905254316803
" 4733",49,1.11271852104712,0.33561042632701,0.00221980360291609,0.0122216209707174
" 4548",95,1.06577282731967,0.192937081905121,3.53404212578214e-05,0.00881929374942085
" 1888",42,1.07735770108173,0.487974286255947,5.58006651439285e-06,0.011050685874731
" 5396",40,0.786413123030323,0.285096455565222,0.00212175386273462,0.01313452072234
" 5096",45,0.792913541764082,0.267592341540582,0.00164904251372962,0.0124772401260744
"  456",72,1.55701365781273,0.632351822621912,0.0072368148342614,0.0140874913642388
"  318",28,1.07709209216241,0.470398081288989,2.04602438861071e-05,0.0111142808703659
" 4734",51,0.892982520241475,0.237201782956847,0.00142796559277844,0.0115346056670004
" 5678",43,1.04310824461048,0.132247350629309,5.55349476908622e-05,0.0102997765838263
" 4740",41,1.09796089643019,0.426289878747615,0.00110246171277219,0.0114260930601189
" 5346",45,1.0894356877765,0.399001414357924,0.000256948777115137,0.010728891618807
" 4326",33,0.923593002777159,0.345917961625442,0.000788649400700856,0.0126187540697547
" 5677",46,1.05478332410421,0.134105530136227,6.90865377972448e-06,0.00982053533269033
" 4972",69,1.11433888423193,0.388915348572139,0.000275283281376714,0.0114019042307127
" 4976",69,1.07261218023059,0.380841493402013,0.000583249809480586,0.0113338907560712
" 5442",33,1.11516034391027,0.316458156548054,0.000260137386551933,0.0112014902840013
" 4209",39,1.07455447557891,0.445350168841875,0.00125631211809759,0.0124042251954618
" 5444",18,1.03634199031555,0.282976700647858,4.67662717396734e-05,0.0108818095847282
" 5006",39,1.20456168650831,0.334548838992155,0.00190067694178343,0.011756464872258
" 5035",42,1.08096609031523,0.485176992911544,0.00089254492484979,0.0124720151585352
" 8447",40,0.949764059228377,0.238270570991409,0.00172184909586979,0.0122732589623119
"  685",41,0.525036199384393,0.156140834504581,0.000719562862903611,0.0125483525775368
" 5005",28,1.00703246558377,0.277081231636082,0.000256948777115137,0.0114716066422983
" 8453",31,0.906282955650881,0.224562496820698,0.00149359780368582,0.0122653059047096
" 5919",8,0.222933291463767,0.0333273818363663,0.000241005729931158,0.0117857172089124
" 5616",51,1.11077425982203,0.18850509509945,0.00304326198996863,0.0123223582624787
" 5014",22,1.04315070170488,0.191380305691117,0,0.0106257530334559
" 4956",60,1.10253793804769,0.428185379729994,0.00109236444955567,0.0124737771192682
" 1143",57,1.44857552697034,0.577583722623241,0.00930329946675821,0.0137716147430144
" 5804",48,1.01815084786565,0.126025013068259,0.000248180101163949,0.00968943855297455
" 5178",65,0.997377593629556,0.151272153649872,0.000825318409224009,0.0113837513926969
" 4551",63,1.0355704966541,0.177543155162087,0.00414519226783469,0.012311558737115
" 5647",41,1.13599829765508,0.25179710577402,0.000866770331902356,0.0110409001894122
" 9468",17,0.740868526183684,0.278026533500141,0.00518388179187096,0.0136394556338087
" 5646",36,1.07418892202369,0.233730995934483,0.000342244079549428,0.0108073419519957
"  879",34,1.11702854845665,0.438872089717585,6.1115014205255e-06,0.0114767603831446
" 3130",51,1.12168430235934,0.453782012016641,0.000387947481476836,0.0116873276253652
" 3031",48,1.34833482468501,0.616525703400249,0.0017462951015519,0.012997634995441
" 4730",36,1.32018243919591,0.554208929006564,0.0044473130119711,0.0147173312586736
" 5696",74,1.0982243954085,0.270317640096483,0.000947548437634519,0.0118756237684795
" 7133",64,1.43943596125253,0.617566935728447,0.00951348197213368,0.0144214877672522
" 4944",31,0.989486934783978,0.316701369724613,0.00133629307147055,0.0122099375069297
" 4493",23,1.11239830593328,0.262083092830284,0.00151405804757193,0.0124258393526347
" 5453",60,1.10593266982776,0.273939106684039,4.65005542866071e-05,0.010593310458169
"  536",35,1.09371555111937,0.603202370091543,0.000240474295025025,0.0118146113845334
" 3155",39,1.06012232305981,0.44604196055725,0.00024950868842928,0.0108186194827392
" 5775",41,1.02636196082827,0.140250355989584,0.0043471375321651,0.0123792225207957
" 5454",57,1.08829725491001,0.259375855834652,0,0.0104458267354441
" 4047",64,1.27935526601951,0.589617422563943,0.00295477807809755,0.0128684391215498
" 4122",52,1.30753376501568,0.669139230386967,0.001302015520025,0.0131520582944546
" 1155",49,1.00840648464575,0.437263727051409,0.000764734829924887,0.0126820681729714
"  526",41,1.0976081906115,0.595561869716092,1.32858726533163e-06,0.011363425381574
" 5451",46,1.0663586796816,0.261857987457624,0.000265186018160194,0.0107749845245944
" 1852",47,1.12989716415055,0.48118531108152,0.00107801570709009,0.012586473223871
"  520",40,1.12030627573905,0.606635665659696,0,0.0115317908832284
" 1878",50,1.08745113871231,0.458903448024727,0.000692459682690846,0.0124695409989122
" 5671",46,1.05015803802207,0.258588822494565,0.00695860866090095,0.0134074069418624
" 6078",52,1.12712909832771,0.237814603857174,0,0.00972645564331259
" 4469",55,1.0262832337383,0.293693419465451,0.00420311867260315,0.0106484638251772
" 6153",10,0.735943356298502,0.163096169608585,0.00657305263650171,0.0138605963270634
" 5310",35,1.14790265285698,0.422552482072261,0.00309534261076963,0.0117419976698795
" 6154",95,1.12847331538721,0.538962519008139,0,0.00651111208193028
" 5249",45,1.00865794566352,0.36570532581464,0.000467662717396734,0.01155388638078
" 6267",15,1.20567898129129,0.272329039825552,0.0183015552973963,0.0142110589691414
" 4755",43,1.0921151918512,0.426384107191873,0.000299197852152683,0.0111181322366583
" 2010",39,1.06992209559867,0.468701269899628,0.0017470922539111,0.0128788257055323
" 5757",47,1.08865784413284,0.427606536776307,9.99097623529387e-05,0.0118712284280119
"  713",38,1.1571773819258,0.482885913659786,0.00113833356893614,0.0122286218168058
" 5629",52,1.19102750219247,0.535251198870555,0.000354467082390479,0.0122032095620463
" 5836",52,1.0770481081048,0.42345268037596,0.00294866657667702,0.0137415918743371
" 3602",39,0.914023766468726,0.357382276980238,0.00111707617269084,0.0121907536256217
" 2981",34,1.07267693092763,0.438226795207993,0.000269703214862321,0.0111723777334686
"  702",43,1.13052712571773,0.469509632417559,0.000518680468385469,0.0115020214387926
" 4473",52,1.24160415926566,0.251716874985718,0.000550035127847295,0.0112775636798087
" 5093",36,1.24486719410115,0.467305052442724,0.00168597723970584,0.0129369374566024
" 5681",95,1.12850829759938,0.538973429299974,0,0.00651112526991203
" 4651",35,1.02637665640263,0.12750381100739,0.000441090972090102,0.0106700169668775
" 5460",60,1.05646889877327,0.149655370886277,0.000529043449055056,0.0106049587504203
" 5911",32,1.20599553235056,0.394343834004491,0.0038223455623591,0.0131805456027481
" 3592",43,1.08821502695547,0.429814099184119,0.000818409755444285,0.0123417747684843
" 3108",55,1.33522439881266,0.626829223112319,0.00253946169895488,0.013209729853987
" 4447",56,1.04192183353225,0.155405777058744,0.000188925109130158,0.010534443361461
" 5094",22,1.15478395322046,0.429953884847667,0.00230084742610132,0.0131193401984134
" 5762",25,1.04641385581513,0.189063543975952,0.00323218709909879,0.0114713232667953
" 3621",33,1.12001740701277,0.452284666764803,0.00321916694389854,0.0134162527840355
" 5429",40,1.12707139751071,0.421462809205375,0.00154806988156442,0.0126751944232364
" 5105",49,1.1603095965555,0.40552364352057,0.00175293803787855,0.0123639397543497
" 8941",70,1.07670633626289,0.211756648360923,0.00167083134488106,0.0120837942856921
" 3573",50,1.20887660660749,0.470858513815888,0.00137429066725904,0.012416570801419
" 5740",56,1.08281497229821,0.300931142555605,1.08944155757194e-05,0.0106732376719732
" 5394",43,1.06000042232938,0.352062656591907,0.00209358781270958,0.0128709624382188
" 5121",30,0.805501324872219,0.261670415879854,0.00181485020444301,0.0128691974453389
" 8942",70,1.06311965503122,0.207023104779566,4.80948590050051e-05,0.0119024286704038
" 3608",50,1.35546810269826,0.561706391400904,0.0027358268967709,0.0131864487406472
"  909",44,1.15901360360153,0.499143051510699,3.85290306946173e-05,0.0109559768899256
" 5729",44,1.03686038928125,0.294620779779296,0.000461285498523142,0.0111388048638895
" 4388",33,0.870677803405327,0.281023097471725,0.00114072502601374,0.0120827101362579
" 5449",57,1.06252605545195,0.149237898993532,2.65717453066326e-06,0.00922822615303124
" 3134",53,1.06423993262004,0.441517467160757,0,0.0104536765317755
" 4594",71,0.875567010875789,0.142236656649336,0.000469788457021265,0.0108649786009484
" 5727",50,1.0573124288122,0.302448291330341,0.00047882285042552,0.0110130239682723
" 5452",56,1.04759922703651,0.146613137860561,2.12573962453061e-06,0.0093685969959024
" 3617",49,1.34816819860456,0.521077451734237,0.00349737311725899,0.0132584189720952
"  457",36,1.14325475167754,0.569040744253001,0.000110538460475592,0.0118032440850581
" 5445",30,1.06503968469595,0.419715695416816,0.00250332412533786,0.0127677033599518
" 5792",29,1.04918736297882,0.147168433823332,0.00196418341306628,0.0109027342007961
" 5004",49,1.01568494334311,0.239136183474849,0.00342430081766575,0.012684985631507
" 5483",43,1.13479812457268,0.437501022860195,0.00128235242849809,0.0126186209312243
" 4590",45,1.03391060304603,0.259731062111555,0,0.0082154719083586
" 3618",50,1.1565524197345,0.47550074436592,0.00504491156391727,0.0133120149968751
" 4108",47,1.43254027886132,0.74219453212305,0.00269251495192108,0.0136787557247488
" 4589",44,1.02645659149109,0.256297065889262,0,0.00828439247361497
" 4499",13,0.693251550665928,0.201869625510212,0.00383536571755935,0.0131327114494432
" 5888",39,1.09495903588079,0.230803010411567,7.3338017046306e-05,0.00981373368859321
" 3782",68,1.10747090822403,0.282824770220683,0.000159696189292862,0.011070992477934
" 4591",45,1.03325678579809,0.260009770709218,0,0.0082142873904966
" 4324",50,1.2017032429872,0.377345148892719,0.00309135684897364,0.0133080854073434
" 5066",80,1.06849021282346,0.190153161514541,0.000196630915269081,0.0103208772753676
" 5259",46,1.25303112588745,0.46876443468141,0.0016878372618773,0.0116008890997417
" 4746",63,1.20374115774813,0.525883793286564,0.00164399388212136,0.0122304591361824
" 3783",68,1.10410020290487,0.28080893925811,5.31434906132653e-07,0.0110443211394739
" 4588",37,0.998448158129254,0.242284287956317,0.000189722261489357,0.00883208482031043
" 5065",80,1.06466150571346,0.191254149765773,1.03629806695867e-05,0.0102383123212771
" 2661",44,0.935005959425825,0.342822891241843,0.000881916226727137,0.0117929036386677
" 5416",68,1.03332136924138,0.152537309166353,0.000148004621357944,0.0091418266640571
" 3781",63,1.10381282131906,0.285246898515287,0.000197959502534413,0.0111073850522411
" 5268",56,1.10688074773719,0.460944350137792,0.00483260331891728,0.0131093350699326
" 5064",66,0.884502122592222,0.160200511138297,0.00115719950810385,0.0110211892294259
"  855",18,0.168729333034293,0.0425935518983103,0,0.00818533499234579
" 9464",36,1.14360718495267,0.443177116282059,0.00521975364803491,0.0137602392022728
" 3774",64,1.08952580327148,0.270918233507318,0.000289100588936163,0.0113838411421826
" 6649",35,1.20099361971079,0.342614485658811,0.00247701809748429,0.012746333389152
" 5802",48,1.03764542303581,0.126862825075231,2.81660500250306e-05,0.0095240556353302
" 5909",29,1.01681488748199,0.122923901144366,0.00044773390841676,0.01036183320045
" 6648",32,0.978613538689368,0.287634172749589,0.000436308057934908,0.0123279073270779
"  806",30,1.23123948753406,0.532020378682299,0.00848170110187713,0.0140305831332055
" 6644",41,1.1316173088628,0.337776737964171,0.00106047835518771,0.0126852440503956
" 5407",30,1.06608198887252,0.411013003136102,0.00071318564403002,0.0125340077179364
" 5747",95,1.12850766674804,0.538980069386048,0,0.00651099620072148
" 7003",42,1.33076646239567,0.512501833371259,0.00334963421335411,0.013242925435837
" 4963",53,1.22691655827035,0.555403253574281,0.000596269964680836,0.0123581355024997
" 5782",36,1.08656782852792,0.203526425358712,1.46144599186479e-05,0.0105676721939806
" 4604",68,1.0708436461878,0.223871010161001,0.00126640938131411,0.0112338689222959
" 5408",34,1.19595163563031,0.457592459179871,0.000346229841345423,0.0123314332129154
" 5780",37,1.06686015202779,0.196394367258752,6.74922330788469e-05,0.0105539110622035
" 5301",58,1.03418668538805,0.384456001503956,0.000927619628654545,0.0110782281561301
" 7001",33,1.12481642268411,0.452621726125515,0.00143753142108883,0.0131439545278527
" 5106",52,1.04995923105618,0.387549430918856,0.00201599831641422,0.0124088447004547
" 5669",54,1.24866633946916,0.410998616224293,0.00247568951021896,0.0127089840028426
" 5778",20,0.963540260770537,0.162690692469522,0.00026252884362953,0.010503807970539
" 4448",48,1.24648552135039,0.492163692971324,0.00243104897810382,0.0127566732604606
" 5807",42,1.33490533498719,0.585890005286973,0.00222936943122648,0.0140458918143828
" 5734",33,1.12160706228214,0.235420707458407,0.0029677982332978,0.0118289562502487
" 5726",41,1.35342729941617,0.57064987810711,0.0122301772122838,0.0150817714498877
" 4463",61,1.0570588539371,0.412859805992032,0.000622575992534402,0.0118754388486393
" 4670",50,1.15214329687162,0.475200618802352,4.51719670212755e-06,0.0114525638004786
" 4539",49,1.27897007500627,0.48623970488407,0.00032045524839799,0.0117794943547125
" 4641",52,1.22859777529538,0.458872239437,0.000601850031195229,0.0121737840378071
" 4484",51,1.20058376525679,0.477253189277356,0.000597864269399234,0.0116913806849919
" 8816",40,1.05338230939337,0.260161067228789,0.00622602564279709,0.0130911684918609
" 3032",45,1.19312674309793,0.524851137631508,0.000322049553116387,0.0119850566871476
" 5399",53,1.02310655597097,0.386830688503752,0.00027050036722152,0.0122725441922099
" 4538",49,1.16408945812241,0.443546701859739,0.00030158930923028,0.0117728079535478
" 4640",19,0.232368651711761,0.063071237505438,7.38694519524387e-05,0.0112364752224736
" 4672",45,1.15316584697317,0.480233735409396,0.000573683981170198,0.0118756654225862
"  955",21,1.22702840076469,0.611831440848905,0.00154089551033163,0.0123724245263125
" 3033",49,1.20913508671728,0.527555148310239,0.000296274960168954,0.0119070745101705
" 5853",22,0.74859203554796,0.130799308357005,0.00462348368335408,0.0125292274215837
" 5420",30,1.11125654042924,0.309221945587619,0.00134957894412387,0.0113204451611908
" 4445",47,1.0875202703957,0.168158065233202,8.47638675281581e-05,0.0104829163464096
" 4671",50,1.10025398920233,0.455514124978708,0.000193442305832286,0.0117293349912018
" 4517",44,1.03896704032859,0.366316087385281,0.00254025885131408,0.0128929625048165
" 4579",33,0.944741916295561,0.328990487575943,0.00197321780647054,0.0128588731925048
" 4557",32,0.907977586954478,0.299752230301591,0.00219004324817266,0.0127001357701386
" 5024",42,1.01224622376176,0.246749203279812,0.00148695486735916,0.00872113531756308
" 4556",24,0.922854122353258,0.298930020194376,0.00176436388836041,0.0126708293302209
" 5023",39,1.00024595216606,0.24058836887935,0,0.00808578434916668
" 5918",18,1.17676913953843,0.42304854997469,0.0053855613387483,0.013651333344749
" 2334",40,1.0959915155454,0.470743852333386,0.00257506783766577,0.0131810047652055
" 3837",84,1.13238582142158,0.257659134663456,4.25147924906122e-06,0.0100289668859746
" 5022",40,0.997945937935875,0.240532786254255,1.00972632165204e-05,0.00809500393805889
" 5736",47,1.17861780905805,0.483422964849369,0.00011425850481852,0.0118757311217473
" 1216",79,1.52840389460021,0.650972487438239,0.00838949714566312,0.0139656062761123
" 5288",40,1.05708265638005,0.42887852939089,0.000159961906745928,0.0112213459324147
" 3836",82,1.12892839220287,0.256920381210108,1.08944155757194e-05,0.00996913675533409
" 5289",47,1.0120965283982,0.417481444442666,0.00139607949841048,0.0122583618688545
" 5672",57,1.05322485005551,0.135526693594571,0.000168199147790985,0.0102102018763805
" 4879",46,1.20300229933522,0.500264606285643,0.00318568654481219,0.0138099835001604
" 5632",29,1.09209304027737,0.315268029116278,0.000261465973817265,0.0110576442638877
" 3547",32,0.835286888861552,0.329539468727018,0.000401233354130153,0.0119372811028067
" 5750",40,1.21704049100577,0.458380162762097,0.00280252197749054,0.0128895728982129
" 3840",81,1.05842219179116,0.23452132281036,0.000145878881733413,0.0102954340224529
" 5637",17,1.0359872315775,0.278053751301053,6.1912166564454e-05,0.0111050162109032
" 5240",39,1.16280359209937,0.468054468144214,0.000306106505932408,0.0113299549175352
" 5749",42,1.17517451873062,0.458776574841236,0.000854015894155173,0.0120747778169883
" 3838",87,1.05525207160723,0.236246518763522,4.01233354130153e-05,0.0101671106962557
" 1891",42,1.05499299355217,0.478457935700619,0.000665356502478081,0.0120667144301781
" 4924",32,0.960240323300553,0.410655455108775,0.00658208702990597,0.0145725830017567
" 4986",35,1.02347300381342,0.316756405756595,0.00107801570709009,0.0111290745591107
" 5984",33,1.0175742132377,0.140253764094859,0.000506457465544418,0.0104110559125117
" 3490",33,1.04205345708839,0.402801866737966,0.000586438418917382,0.0121739058345945
" 4739",39,1.11442288757189,0.485604782985383,0.000939842631495596,0.0118557472360683
" 5322",56,0.951908473784475,0.385937318479395,0.000437370927747173,0.011489720613509
" 5247",39,1.13158297490405,0.450015935020197,5.73949698623265e-05,0.0109151216800247
" 2038",46,0.90957548512592,0.411598516626968,0.00218712035618893,0.0133414505832377
" 2971",39,0.518871902376974,0.190642933508819,0.000207259613391734,0.0119553567830573
" 3905",68,0.800996288494694,0.170767712998499,0.000731785865744663,0.011549613823707
"  636",41,0.834600734222084,0.347120328949759,0.000385821741852306,0.011667069160052
" 5248",38,1.1900536603797,0.480764077681712,0.00144151718288482,0.0117942122589251
" 3539",51,1.11921171760476,0.453419383251596,0.000329489641802245,0.0120364745053243
" 4904",52,1.02696497756501,0.163574801565397,0.000128075812377969,0.0102460988190865
" 5016",30,1.14108754976884,0.219669459479502,0.000503003138654556,0.010758307801479
" 5636",51,1.0507540045157,0.133002891723528,1.06286981226531e-06,0.0100435288845454
" 9063",72,1.07285237010918,0.190693659194575,0.000294680655450556,0.0115292409623643
" 4907",30,0.991061490139259,0.143525991320105,0.00128128955868583,0.0111702541169766
" 3522",48,1.12194787150639,0.448036986879699,0.000866238896996224,0.0123069736834914
" 4364",44,1.08590161261942,0.433272621951839,0.000196099480362949,0.0115531102966594
" 8480",61,1.04459961319869,0.322778630927828,0.000139235945406755,0.0108571898198896
" 5635",44,1.05063467018991,0.133043279293548,2.33831358698367e-05,0.0103206219105503
" 9066",60,1.06682031241103,0.195778637314361,0.000676782352959933,0.0117020457800795
" 4866",87,1.05459508061678,0.183088593598058,1.03629806695867e-05,0.00856001843550184
" 5733",36,1.02231252089667,0.141361699941838,0.000569166784468071,0.0109343023409958
" 7503",37,1.35298047253665,0.584317400309745,0.00282032504684599,0.014234052657579
" 7234",33,1.21384955248267,0.437550975068372,0.000987671773047535,0.0129301617579742
" 3510",30,1.01861810836123,0.394660467408042,0.000371207281933658,0.0121036710711615
" 3133",49,1.05675567479543,0.439083716325952,6.1115014205255e-06,0.0104321415018186
" 4861",72,1.05798991867264,0.180896129754429,8.92810642302856e-05,0.00961591325597686
" 5567",83,1.02737888248197,0.147036231010315,2.39145707759694e-06,0.00716791760505035
" 8476",61,1.04667880428109,0.32494144853235,5.0486316082602e-05,0.010564354846525
" 1879",49,1.16132654567458,0.490444202983678,0.000224531247841046,0.0113977451103577
" 7509",24,0.977781759588009,0.450261886133674,0.00431472000289101,0.0142410007836306
" 7266",37,1.18036494566215,0.433044624599019,0.000714248513842285,0.0128139151559425
" 4870",28,0.921952778807856,0.169290302315473,0.00196710630505001,0.0124367818645759
" 4767",57,0.786734989580435,0.119139947032712,0.00117234540292863,0.0113679527154765
" 4786",18,0.750872076915063,0.117605765126467,0.00447601049690227,0.0123550211066561
"  645",33,1.02180818234327,0.381322462046279,0.000401764789036285,0.0115318263233178
" 5556",88,1.0273365486468,0.148014334848694,6.37721887359183e-06,0.00731478817949266
" 4842",95,1.04468633954275,0.162462779047348,1.59430471839796e-06,0.00737654727981803
" 5424",19,0.994626855463509,0.154416693166663,0.0125296407818895,0.0137705397955179
" 5760",45,1.15494617253016,0.294305239076876,0.00544401917842289,0.0126742422787131
" 9717",45,1.13539395990231,0.422276205817578,0.00418398701598237,0.0128655162955414
" 4768",49,0.794257579705797,0.167579745086392,0.00108678438304127,0.0123548504884455
" 4787",32,0.857555111304603,0.131605428823867,0.0031500804061013,0.0124015668158653
" 4845",91,1.0445368757252,0.162045236784351,3.45432688986224e-06,0.00741921212685756
" 5501",44,1.02166872227235,0.261884907990328,5.31434906132653e-06,0.00818617697776698
" 4510",50,1.10719589379473,0.299768634646392,0.00144576866213388,0.0120768944503439
" 4674",74,1.24511900349256,0.426767743563498,0.00221581784112009,0.0126603870726087
" 9755",24,0.951708388154015,0.335478537699724,0.00114045930856067,0.0127414126169335
"  990",44,1.11437196189207,0.494069188842023,6.29750363767193e-05,0.0105902272605548
" 4841",95,1.04353290526687,0.162011877234939,4.78291415519387e-06,0.00730854630194442
" 4867",12,0.275556096096979,0.0768462849853587,0.00011425850481852,0.0110743809159728
" 5492",35,0.980159993147018,0.240107313686375,1.46144599186479e-05,0.00848412271130665
" 4500",40,0.885515557283066,0.146282927933585,0.00240979158185851,0.0122733070482948
" 4849",89,1.03857111387859,0.161284207276125,2.23202660575714e-05,0.00745392274966799
" 4276",74,1.10178725660575,0.242467910152303,2.41802882290357e-05,0.00990825524307141
" 5491",36,0.991223571135154,0.252026107881066,0.00235053658982472,0.00991352783867825
" 4782",69,1.02088523360806,0.153383540281341,0.0019001455068773,0.00990222838239166
" 4275",74,1.10173514226962,0.241463323613293,1.16915679349184e-05,0.0098963777266628
" 5789",31,1.0329744242205,0.14551488446085,0.00109953882078846,0.0107475196508232
" 4281",32,1.02159354370221,0.187914298015747,0.00220492342554438,0.0125131390473412
" 4274",74,1.10590701346139,0.243755339798777,3.95919005068826e-05,0.0100118700289823
" 6130",39,1.17505890594059,0.29925031865159,0.000212308244999995,0.0117462525071263
" 5882",2,0.0110965914342328,0.00152903234702018,0,0.00431335025622721
" 4306",8,0.824798232201304,0.114643749302623,0.00110272743022525,0.0122787873784707
" 4271",67,0.938900486159239,0.199559910139718,0.000814689711101356,0.0109272374621799
" 4507",41,1.24714340889314,0.367276167851722,0.0014590545347872,0.0123706677580455
" 5433",32,1.0278325006136,0.403989699017948,0.00181272446481848,0.0127649913937935
" 6129",37,1.16939579532165,0.294424441451986,0.000243928621914888,0.0117311039557768
" 3035",24,1.00309021995468,0.467217359767301,0.00157517306177718,0.0126109326153732
" 4307",14,0.812822452939681,0.127500539711437,0.000371472999386724,0.0122571552260438
" 4501",35,0.804820463668123,0.252141575718816,0.000688473920894851,0.0121860297994437
" 5680",34,1.05448007730541,0.136132187672169,0.00170856322321648,0.0110559740615792
" 1964",61,1.1737323457362,0.506011534379854,0.00116968822839797,0.0122918605753461
" 5912",17,0.894438804417066,0.097570389332804,0.000440293819730903,0.00962437353725798
" 5876",43,1.12110562422372,0.194647641267923,1.03629806695867e-05,0.0108422811743711
" 5266",44,1.33622464888905,0.538370117359358,0.000888293445600729,0.0123788839271665
" 5875",43,1.12988010566076,0.197157898678955,0.00025748021202127,0.0110077088321979
" 5913",11,0.880603677355373,0.0955990172538831,7.44008868585714e-05,0.00959111861983874
" 1166",39,1.2303265323472,0.532962357556522,0.00408088864419264,0.0135661303633689
" 5192",38,0.878099387191856,0.364876685567786,0.000984748881063805,0.0123220617875479
" 4583",57,1.57166906714494,0.370384074534582,0.0204323435535352,0.0138652595376751
" 5628",50,1.17621788916887,0.532124848955418,0.000323378140381719,0.0121179806710516
" 5873",23,1.06863140857837,0.177166320556142,0.000231174184167704,0.0112036460816824
" 5931",8,0.905578229797064,0.0883439385524622,0.00196418341306628,0.0101828594313085
" 5921",6,0.752239248463471,0.0779763070782492,0.000906627949862305,0.0102740942330198
" 1840",47,1.2025093151885,0.508279044214916,0.00145719451261573,0.0127395434384208
" 4635",28,1.05847899032574,0.129330500410352,0.000515226141495607,0.0103161930272426
" 5761",55,1.13723159074556,0.443756041851288,0.00106021263773464,0.0119118305728463
" 5857",24,0.702774061441116,0.232682783640869,0.000787055095982458,0.0121117575866636
" 5165",50,1.09188715368183,0.231783765483222,0.00708695019073199,0.0135558694476624
" 1889",40,1.13946191790369,0.49167177746571,0.00042674222962452,0.0115209397982936
" 5630",37,1.04525683757705,0.139253999245758,0.000725142929418004,0.0105312937460703
" 4633",25,1.05179706190843,0.1337608313872,0.00153212683438044,0.0106017063006945
" 4999",59,0.984767924143688,0.145521272611991,0.000972525878222754,0.0106090504522671
" 4868",61,1.01049478228141,0.145578333119989,0.00188367102478719,0.010428072835605
" 1628",47,1.16964050284213,0.442880313296671,0.00509327214037534,0.0139952078988071
" 4645",38,1.05795186878269,0.138396709080228,0.000684488159098857,0.0107709535255597
" 4996",90,1.05132433093374,0.180642481212388,0.000163416233635791,0.00966166017516673
" 5746",60,1.06935315239602,0.285808604995176,4.38433797559438e-05,0.00793094340487427
"10107",39,1.19298737745408,0.433679868051229,0.00131476995777218,0.01307284024237
"  655",38,0.831578020034044,0.291925564166544,0.00114019359110761,0.0129177238636248
" 5221",68,0.923894554664878,0.137895912432638,0.00504172295448047,0.0126397649152168
" 4862",79,1.05568112173936,0.185706038889765,0.000212573962453061,0.00943947615532464
" 4995",70,0.988161231291317,0.179035565061882,0.000709731317140157,0.0112160993371701
" 4542",37,1.09037013171419,0.217547242215116,0.0112249680873339,0.0139864140824915
" 5744",60,1.06594113377569,0.284904764483096,5.31434906132653e-07,0.00792538435704646
" 4984",19,0.899424289894381,0.140027057669508,0.00125684355300372,0.0124967330838541
" 4863",73,1.06652393507461,0.189960891288898,0.00110325886513139,0.0098725419338249
" 4370",53,1.17065023658415,0.337751814330614,0.00074719747802251,0.0114907692243037
" 5745",60,1.06840229527281,0.287440940192892,0,0.00802204554316482
" 5085",43,1.05437370369067,0.155131064733206,0.000337461165394234,0.0112028836008047
" 2909",9,0.943750090397278,0.188851519864004,0.00243556617480595,0.0130985219797979
" 4980",19,0.888040178712511,0.145479238345851,0.00207206469901121,0.0123780944186543
" 5086",44,1.16300718989599,0.189943937060562,0.0010440038730976,0.0115735265911123
"  996",43,1.1435699001698,0.486418153097672,3.72004434292857e-06,0.010434473614141
" 4858",73,1.06746022716887,0.195411653936088,0.00165249684061948,0.0103171464706453
" 4372",53,1.0316902622391,0.301678187262058,0.000372004434292857,0.0113706505974447
" 5741",49,1.0309069387448,0.274358021431266,0.000646224845857305,0.00896255595211531
" 8469",60,1.11780256681357,0.362481374222088,0.00115374518121399,0.0119366082513389
" 4371",52,0.972000058132555,0.255984550457817,0.000457034019274081,0.0113014360923188
" 2927",45,1.040607347558,0.21915737683638,0.000983154576345407,0.0103912197378329
" 5426",46,1.21488198367764,0.535871423090225,0.00305973647205875,0.0138425765856179
" 5337",53,0.907926767236961,0.354775836392917,0.0008324927804568,0.0119518975677855
" 4738",52,1.18464340488851,0.495192912051147,0.00100441197259071,0.0118438431994385
" 5790",22,1.02953287510948,0.14408248132112,0.000354732799843546,0.0104309479722362
" 4462",64,1.03735316127005,0.147190911472821,0.000107084133585729,0.00906017487949901
"  848",25,1.08407826925182,0.403536994375574,0.0026260855886545,0.0119172947473861
" 4840",83,1.04219108939775,0.182111878755883,1.64744820901122e-05,0.00804175398506863
" 5708",21,1.00034828235912,0.282827393363745,0.00320906968068202,0.0128497815265967
" 5764",49,1.12226240918263,0.423832745595459,0.00270792656419893,0.0132087604948351
" 4598",27,1.06013101239914,0.323764294870847,0.00024950868842928,0.0109391101262185
" 4570",29,0.98959750594184,0.308238399291602,0.00103709521931787,0.0119289126433724
" 5450",46,1.02122089674719,0.23962315473223,0.000281926217703372,0.0106385811271002
" 2771",37,1.28121896945172,0.734539350262862,0.00292448628844799,0.0140281880288494
" 1933",59,1.23135715004742,0.54738657927133,0.00355370521730905,0.0135446730693597
" 5692",21,0.944677423241891,0.164106771801591,0.000636924734999984,0.0110411484472474
" 1141",22,0.545160709440607,0.204552937366119,0.00132779011297243,0.0131631089192981
" 5087",33,1.00078987769638,0.148332616383442,0.00224132671661446,0.0116103964918331
" 2070",48,1.21232207763953,0.506228544987821,0.000689802508160183,0.0117661286078488
"  365",27,1.05036823629323,0.484740514435865,9.56582831038775e-05,0.0111491711784963
" 5088",38,1.09264559448037,0.206074784225096,0.00397141305352931,0.0129203579158487
" 1788",28,1.54011223243427,0.995802914719256,0.00626375752113251,0.0147196587491805
" 5098",35,0.937463547426998,0.379753067590616,0.0012751780572653,0.0122798794249091
" 4962",53,1.23639888533737,0.562200978139062,0.000540735016989974,0.0125232996837616
" 4804",97,1.04232553475507,0.152100429368701,3.93261830538163e-05,0.00812747069152234
" 4854",94,1.0323574871965,0.146774627532237,9.32668260262805e-05,0.00864809209772892
" 5525",73,1.03498429576183,0.146171741512969,1.75373519023775e-05,0.00784136791817977
" 1770",42,1.28650028510863,0.580350855951319,0.0110517203079346,0.0146830209048011
" 5974",25,0.948301075839203,0.209916816659765,0.00178269839262198,0.0121114564303605
" 6001",33,1.10977956109973,0.258325155369202,0.000307966528103872,0.0113644098480604
" 5605",86,1.04329838731808,0.154550343159577,0.000346761276251556,0.00873573426077314
" 5147",31,1.04392304771944,0.316833078485894,0.00180528437613262,0.0106411172939793
" 5664",17,0.911073266929021,0.249536250619309,3.18860943679592e-06,0.0108272330936765
" 4876",42,1.12669010892004,0.353462643589237,0.00145055157628908,0.0128541902333404
" 6000",28,1.00730001095316,0.228010784701783,0.000278737608266576,0.011193034037299
" 5145",42,1.06551311857617,0.330514636710856,3.87947481476836e-05,0.0101094716827592
" 2931",44,0.987181830606199,0.276274527526736,0.00899373863393594,0.0133163316253562
" 5821",62,1.09206274486541,0.311682877072777,0,0.00885153571170314
" 6069",35,1.18274185919476,0.266800068182685,0.00140750534889233,0.011808881508366
" 6041",29,1.14944107735458,0.259504032018025,0.00347212995921769,0.0120117024378046
" 5150",39,1.06918973511543,0.326775017240764,0.000211511092640796,0.010206185391663
" 5588",45,0.909277855168822,0.150932068438558,0.00276904157840419,0.0113531897969891
" 5614",33,0.859166831794976,0.132862246168479,0.0038467915680412,0.0120972907826763
" 5132",47,0.95192991260418,0.310148729294038,0.00154753844665828,0.0113374593415631
" 4731",59,1.27653036492982,0.534695337285597,0.00480151437690852,0.0140374140805879
" 5136",47,1.11136309988257,0.391551635916835,3.72004434292857e-06,0.0108405486065957
" 5595",76,1.02867530800035,0.148117888341593,7.97152359198979e-07,0.00754804021219509
" 5822",62,1.08985949441853,0.310693121526325,0,0.00877031498462985
" 2233",53,1.18992182425916,0.494282050757008,0.00515704432911126,0.0133212864590019
" 6061",29,1.06166416667461,0.237187054132552,0.000671733721351673,0.0114096841503727
" 5579",44,0.9086956760646,0.149122674627624,0.0037742507033541,0.0122107522891316
" 5511",54,0.85953641217738,0.135999358980589,0.00239119136014387,0.0121612120525769
" 5604",46,0.960650394531817,0.155664846358214,0.00441516120015008,0.012414621835844
" 5154",34,1.01542914295321,0.306355036571982,0.000356061387108877,0.0101810262683943
" 5590",80,1.02784663472841,0.147811086238761,1.32858726533163e-06,0.0074739007027146
" 5134",49,1.11697615623814,0.390721819131653,0.000385024589493107,0.0108483752761817
" 4490",66,1.14496668669341,0.315164024060111,1.88659391677092e-05,0.0111544966001317
" 5823",60,1.08422943727132,0.308974858541998,0.00117314255528783,0.00930634102461016
" 6180",29,1.06609255643272,0.27080266980056,0.00193947168993112,0.0118468283001511
" 7457",15,0.52475159440283,0.13503474261178,0.00506723182997484,0.0127949251388891
"  703",42,0.740592272085254,0.208387794996538,0.00191901144604501,0.013027299111981
" 4850",79,1.05142763141952,0.159141451940932,5.84578396745918e-05,0.0081464425802382
" 5133",44,1.09180421113597,0.387426993426619,0.000350215603141418,0.0108523591956099
" 5598",79,1.02995640378442,0.147763391630286,0,0.00749455349752874
" 4488",66,1.14266654491897,0.31319895931925,1.11601330287857e-05,0.0110998477388635
" 5818",59,1.08277774618155,0.30960286832394,0.000440028102277836,0.0089872140016304
" 3760",59,1.29459981954215,0.526383727596741,0.00136100479460572,0.0129227447398131
" 5128",39,1.11500675372164,0.39158812011728,0.000691131095425515,0.010954783858469
" 5594",79,1.0304923038128,0.148562336477288,5.31434906132653e-07,0.00786109018558084
" 4487",62,1.14738663015459,0.315209149127944,0.000228782727090107,0.0112490808844683
" 2995",50,1.14830476791164,0.501634217030751,0.000643567671326642,0.0127523606577202
" 6420",33,1.1333279539758,0.312149371586886,0.00125896929262825,0.0119192700021076
" 5544",75,1.03794229240699,0.149493728435062,3.16203769148928e-05,0.00836854320509806
" 4486",55,0.892956600573911,0.217569675198324,0.00149625497821648,0.0117828595960224
" 9911",38,1.19649054440909,0.287875769642718,0.00383749145718388,0.0130001632060163
" 3758",52,1.22746291904066,0.503715132543855,0.00174868655862949,0.0129907882597816
" 5985",45,1.04414727163798,0.144726060628935,0.000180156433178969,0.0102914359095263
" 3020",46,1.16150366564025,0.405985684614172,0.000863050287559428,0.0122492154734818
" 4514",31,0.973329015497476,0.249725020172105,0.00326115030148302,0.0129443413268471
" 2554",49,1.15395185530935,0.504633995276302,0.00244752346019393,0.0135312119909428
" 9924",39,1.19513016148925,0.279121916794165,0.00732343872396102,0.013241515926285
" 3734",41,1.21488449823755,0.529801941740967,0.00144869155411761,0.0122725302103263
" 3030",26,0.910906292957731,0.415123998719407,0.000401499071583219,0.012243556567475
" 5306",37,1.34686012134211,0.545093504287696,0.00224823537039419,0.0126925524724613
" 5144",46,1.09862124487214,0.345201963814922,0.000286974849311632,0.0102849183355223
" 4883",42,1.17074715067559,0.368367831230051,0.000555880911814755,0.0114684802171254
" 5434",26,0.961116357746481,0.358026310609757,0.000839401434236525,0.0123218887922915
" 5155",50,1.1004047889029,0.347366896918496,0.000596269964680836,0.010300097332845
"  891",37,1.10240242602537,0.45411134677594,0.00012727866001877,0.0109193406468237
" 5251",44,1.16629649899739,0.474471280784558,0.000510708944793479,0.0122828476649704
" 1786",46,1.2356074379475,0.765638516470082,0.00102194932449309,0.014086710870613
" 3767",40,1.21619680938618,0.52275435931159,0.000415316379142668,0.0120553899834085
" 4333",43,0.989436608415993,0.209255693336873,0.00332067101096988,0.0133953762806138
" 5089",27,1.00626921524241,0.149881857133949,0.0011710168156633,0.0116266383938694
" 1767",43,1.23185217895364,0.768527665060932,0.000996971883904856,0.0140595254909836
" 5719",44,1.30612211170398,0.535079715699202,0.000510974662246545,0.0125561189566606
" 1802",45,1.46986235290494,0.922507008452042,0.00144311148760322,0.0139126531328693
" 6032",17,1.01809865564141,0.106689740148084,0,0.00978545565456864
" 3755",38,1.20134559694157,0.521038049692754,0.000174044931758444,0.0118138992905431
" 4586",41,1.01324656098764,0.248793474394822,0,0.00799158123228807
" 5718",49,1.28370982317337,0.538962830082399,0.000124355768035041,0.0123676192090592
" 1664",43,1.18157168060721,0.531776361225584,0.00634772423630147,0.0143240260148001
" 1752",39,1.48048138339569,0.933159195946111,0.00177632117374839,0.0140459362223004
" 6031",12,1.00442878399996,0.0967716501426054,0.000916725213078826,0.00980527707430785
" 3922",36,0.786680956451511,0.164679259335565,0.000822926952146412,0.0113044176978347
" 5071",38,1.06383718673581,0.266886820384955,0.0017154718769962,0.0125834362042794
" 3800",61,1.11303646489548,0.327846742066607,0.00250438699515013,0.012728169330798
" 5043",65,1.00693217926047,0.183452511604051,0.000551629432565693,0.010568399087731
" 5601",66,1.01951568795114,0.140689448080538,2.39145707759694e-05,0.00815639899672529
" 5979",22,1.0533110597877,0.141213891616426,0.00187038515213387,0.0115290993427516
" 4690",25,0.78042132672749,0.149607421909223,0.00100441197259071,0.0116996483460901
" 4704",22,0.848774133564077,0.144221800059834,0.00203061277633287,0.0119814297080917
" 5981",18,1.03256161790203,0.133482568234381,0,0.0111789404813991
" 4717",35,0.524113199764101,0.156949872342489,0.000466865565037535,0.0123582032503716
" 4685",26,0.617629067023675,0.157328781887557,0.00160121337217768,0.0120948188915897
" 5143",39,1.09993297773468,0.342287054463752,5.71292524092601e-05,0.0103039149948454
" 5609",90,1.04667524282389,0.161801414327264,0.00032762961963078,0.0086150523444119
" 5562",80,1.04020804956809,0.149042480809567,0.000462614085788474,0.00842905181945592
" 5141",38,1.06607959649987,0.320565469955425,0.000168996300150183,0.0103713090908856
" 5711",39,0.586575535607587,0.173916482993061,0.00033560114322277,0.0119250643209442
" 4715",50,1.09961986516277,0.312179815609064,1.88659391677092e-05,0.00990986691286684
"  748",40,1.16577935824809,0.492810433656244,0.00410985184657687,0.0131927451209335
" 5151",33,0.992408650367688,0.302849706348219,0.000272360389392984,0.0104419068296998
" 4712",50,1.10035601720704,0.315512095064336,1.32858726533163e-05,0.00987291464444406
" 8440",52,1.07479725132576,0.299708691542541,0.00102168360704002,0.0121086205015428
" 5779",17,0.975074818675963,0.165724684590757,6.90865377972448e-06,0.0102643388091374
" 5791",28,1.01156172836888,0.13573568315233,0,0.0102157837803937
" 4700",48,1.07999659148036,0.31485093105128,8.9546781683352e-05,0.00990493740841834
" 8437",45,0.957867737774965,0.279418857095752,0.00162486222550059,0.0123089912331861
" 6347",39,0.988624297038356,0.361714027521188,0.00156055860185853,0.0127652512583124
" 6650",88,1.15452708287886,0.325815490423618,0.00329170780858565,0.0122029016758316
" 5645",15,0.921034259560437,0.175684827064348,0.000258543081833535,0.0108614878171807
" 5030",54,1.07583082479585,0.148522411337106,0.000736834497352923,0.0103440989058582
" 6999",69,1.13249227572702,0.385309596940365,0.00219243470525026,0.0121406491095233
" 5031",46,1.11394553471878,0.169684756059108,0.000125950072753439,0.0106897733212993
" 1741",64,1.38825613538745,0.72748352425983,0.00229340733741546,0.0137658469424247
" 4822",91,1.04888614632351,0.178866735673386,1.32858726533163e-06,0.00794592304283271
" 5466",66,1.0708323248075,0.235698476637119,0.00163681951088857,0.0123447658260656
"  919",43,1.21103670179052,0.543339128872344,0.000210979657734663,0.0114599085921799
"  382",33,1.10024045175403,0.512687090937341,0.000217888311514388,0.0112726129514339
" 5448",52,1.07437627961527,0.285689218608139,0.00147552901687731,0.0112373391140834
" 5468",52,1.15598692029887,0.411341332613701,0.000386884611664571,0.0118713557163111
"  391",37,1.15543740585094,0.530168782640262,0.00212547390707754,0.0118346571613844
" 5020",31,0.920572573054655,0.220440340346109,0,0.00833788205697422
" 5467",51,1.09280090973426,0.397889982246469,0.000577138308060061,0.0119731076176864
"  388",41,1.15305922531884,0.520338681803733,9.08753689486836e-05,0.0114057729940452
" 1720",43,1.16348885767119,0.440354268015626,0.000767126287002484,0.0130742597743878
" 5528",55,1.01404165278576,0.140792306010685,0.000351809907859816,0.00860713343311869
" 4113",31,0.594294858206557,0.110020658909251,0.000867567484261555,0.012244296453322
" 5349",50,1.38006324715861,0.515203376218762,0.00193575164558819,0.012679738674037
" 6054",18,1.04083582184847,0.171508382066789,1.24887202941173e-05,0.0125533980271822
" 6619",56,1.25719917502772,0.507391632508737,0.00060397577081976,0.01338745408247
" 6525",42,0.697696849595286,0.257351056719234,0.000658447848698356,0.012320620764999
" 5110",39,0.911127640714667,0.285464074616689,0.00280199054258441,0.012041853502524
" 5402",27,0.576981231224995,0.210500848187224,0.000757029023785964,0.0119761749754162
" 6155",95,1.12875767804559,0.53906932753696,0,0.00651273410935722
" 6620",52,1.216719741903,0.502010710466437,0.00196126052108255,0.0134641657393129
" 5084",61,1.37351842442899,0.605801318359629,0.00268507486323523,0.0135454808716262
" 4919",56,1.14369278743467,0.271083447766046,0.00413057780791604,0.0119865686207695
" 5904",17,0.879029403504659,0.118457504007303,0.000407876290456811,0.011245651241136
" 6621",49,1.13411991362066,0.454975413221919,0.00299410426115136,0.0132706970915454
" 9912",56,1.13445299656853,0.453052252499253,0.0015355811612703,0.0129695477327339
" 4574",26,0.936950776250002,0.171907776951438,0.00534650087314755,0.0127957435446819
" 4993",39,0.550050383368864,0.149143875750093,0.00049981452921776,0.0116596149567399
"  880",14,0.207220893819716,0.0775769312360826,6.37721887359183e-05,0.0114735407387566
" 5129",49,1.14532453607261,0.371404288795096,0.00106712129151437,0.0112390411457277
" 9927",44,1.20215614944448,0.447230576605486,0.00404873683237161,0.0132038186772725
" 5295",63,1.25892736072047,0.546983973679308,0.000476962828254056,0.0124305627115857
" 5130",48,1.1596502338966,0.367762656378412,0.00119493138643927,0.0112886725786337
" 3777",39,1.14967033061984,0.400890943812214,0.00230058170864825,0.012899258265841
" 4727",45,1.19485062507694,0.485551192694606,0.00207472187354188,0.0131272600533408
" 4461",72,1.02916520370241,0.145690631677737,2.07259613391735e-05,0.00877682360785118
" 4844",81,1.04626686018275,0.177556981884305,2.39145707759694e-06,0.00763366117372623
" 4502",37,1.01934289160494,0.328463840329329,0.00358771705130154,0.013110428692274
" 2147",61,1.14479457376933,0.54370057996115,0.00213822834482473,0.0134087834860424
" 3111",51,1.10456986051515,0.46167153969066,0.00157384447451185,0.0117613270598096
" 4847",81,1.0452981526099,0.176772494669866,8.23724104505611e-06,0.00799208124396295
"  967",44,1.29972822699766,0.607250413186265,0.00309667119803497,0.0123785607791739
"  472",44,1.31354019058304,0.639484757613882,0.000410533464987474,0.011786703346208
" 4838",82,1.03245319599489,0.177007679111187,1.32858726533163e-05,0.00823090570126615
" 5375",34,0.614120762289176,0.236030330330566,2.60403104005e-05,0.0105334911140147
" 5697",47,1.10367253543532,0.35600908187367,0.00253946169895488,0.0132428226867453
" 2565",44,0.897087087209206,0.306481824251982,0.00600202582986218,0.0130926128139836
"  503",42,1.19407392440851,0.608097332996902,0.000292820633279092,0.0116724752247
" 4802",86,1.03995755197052,0.172720329262523,5.0486316082602e-05,0.00865102592156359
" 4290",64,1.10744342169295,0.272216515560285,0.000805921035150168,0.010608193893755
" 4897",42,1.0654424551046,0.29258208997787,0.00499681670491227,0.0134836729678158
"  488",46,1.22672022839487,0.619012670293264,0.000836744259705861,0.0120225615830085
" 4587",46,1.04051173647639,0.266749472985882,6.64293632665816e-06,0.00868284700425379
" 5161",61,1.15345038521322,0.331594456083919,0.000588829875994979,0.0121552636523299
" 5702",41,1.07738873321942,0.387336200447758,0.00504252010683967,0.0133577675129359
" 4585",41,1.01855849095495,0.25431398284382,0.00116968822839797,0.00947963702267279
" 5476",5,0.163330977991138,0.0447882207790867,0.000382101697509377,0.0113368201387343
" 5160",55,1.10031905945989,0.316046988482595,0.00104187813347307,0.012426643298045
" 3799",63,1.1468175272375,0.322237359872704,0.00340676346576337,0.0129515299090983
" 5068",58,1.04023889935421,0.190127772893002,0.00130732986908633,0.0109108396457419
" 3900",69,1.21099771112857,0.31231763825702,0.00196737202250308,0.0121354071289978
" 4894",50,1.24393807431948,0.444832311522329,0.000134718748704627,0.0120311007680488
" 3772",63,1.15617750022865,0.323315939075653,0.00180475294122649,0.0127807652427049
" 3916",58,0.952579001306585,0.225339544528263,0.000826115561583208,0.0117287640874317
" 4982",49,1.19925484452444,0.431368235263386,0.000648616302934902,0.0122294379484718
" 3919",50,0.986319719634666,0.221202578993817,0.00084551293565705,0.011901472156155
" 4921",77,1.02482507757108,0.189420188756131,0.0006762509180538,0.0107229123335201
" 4898",26,0.5718122480719,0.226056728520154,0.000206728178485602,0.0122623973578159
" 5872",22,1.06737989875413,0.169050281232465,0.00139182801916142,0.0112559229717422
" 4920",72,0.996729765783606,0.200416739844001,0.00029149204601376,0.0109076560861285
" 5777",17,1.00440790111297,0.169196237563125,4.8892011364204e-05,0.0104407224177234
" 4785",75,1.02802336244588,0.144608321462283,8.23724104505611e-06,0.00803920510408187
" 6968",47,1.04171417079336,0.174447761001562,0.000101504067071337,0.00924532210802982
" 5570",71,1.03958377904252,0.170106916753177,3.45432688986224e-06,0.00846145824882615
" 4509",45,1.24167381996302,0.304965947352847,0.00208588200657066,0.0126309332834055
" 5742",57,1.05675310140672,0.280360556523697,3.45432688986224e-06,0.00803912245892389
" 4669",55,1.11893659239931,0.451250018721774,0.000883510531445535,0.0118807985273883
" 4515",32,0.821760250641886,0.206077754709332,0.000450656800400489,0.0122768546950693
" 5959",29,1.15012200752699,0.305572191953122,0.000513100401871076,0.0119262818784378
" 4831",86,1.05998034584803,0.198905774742146,0.000287506284217765,0.0088700298902065
" 5958",33,1.11600817180802,0.296317243763857,0.000127810094924903,0.0119695899307912
"  983",35,1.09317738236466,0.485230645114699,0.000283254804968704,0.010701531531944
"  521",38,1.17488600997778,0.626506505549237,0.000712654209123887,0.0118330787200163
" 5021",37,1.03109862670281,0.255124055468373,0.00103550091459947,0.00906378737467309
" 4518",27,0.863336137853889,0.223774578204465,0.000898922143723382,0.0123137291395489
" 5391",40,1.12515214624485,0.427479697840413,0.000909550841846035,0.0127641862836511
" 7625",42,1.0067687754235,0.168060203834278,0.00279455045389855,0.0119854158693157
" 5957",21,1.00560489847525,0.273682728051039,0.00157862738866704,0.0121117728188615
" 6012",23,0.961763685682568,0.283142961183978,0.00207100182919895,0.0123140968307205
" 5255",19,0.685060476475356,0.270877546912928,0.00140351958709634,0.0126498113010977
" 5081",42,1.01174650729875,0.412736673771668,0.000698836901564438,0.0127379682254556
" 3989",28,0.787044436025417,0.133968372789841,0.0069716288161012,0.0128973287128755
" 4220",55,1.10584309866033,0.293351700841315,0.00118191123123902,0.0110051460451376
" 5169",46,1.01462269208377,0.278034078119123,0.000919116670156423,0.0130571806405052
" 5482",58,1.17982730164052,0.474838585993556,0.000378913088072581,0.0121121117562886
" 5653",22,0.332528194456277,0.106570504619776,4.70319891927397e-05,0.0109441007345701
" 6101",31,1.04366346166702,0.261187898775451,0.00314290603486851,0.012397245764883
" 3842",60,0.901753020334072,0.219560606443225,0.0020043067484793,0.0126987038039666
" 5481",55,1.1596361240207,0.470509908945309,0.000113195635006255,0.012013934924336
" 5980",15,1.01555823469104,0.126660761958923,0.000600787161382964,0.0111939341392612
" 6141",29,1.06827093819741,0.27132254514301,0.000784663638904861,0.0120295329282089
" 8517",21,0.726324811203868,0.144597211538936,0.00209146207308505,0.0117164699669383
" 6142",32,1.07637590762384,0.282738259880238,0.000208853918110132,0.011898432941693
" 5012",15,0.971978306430493,0.176706566888292,0,0.0105805247330386
" 5631",36,1.036147542483,0.134581030933402,0.000839135716783458,0.0109390427147735
" 4801",87,1.02077466108222,0.165398354219617,0.000369347259762193,0.00915664906965755
" 5820",59,1.10541549946307,0.313898234667325,9.35325434793469e-05,0.00923114470829868
" 5029",51,1.05561666914824,0.152422057455993,0.000240208577571959,0.010165010226896
" 5589",70,1.04395058194963,0.171762906832795,1.86002217146428e-06,0.00828164778639095
" 5140",36,1.1156931479423,0.392628284386572,0.000814955428554423,0.0109890502219498
" 5811",53,1.05534723372886,0.288047471463735,1.86002217146428e-06,0.00852679452364012
" 7549",29,1.19044662986652,0.48422880397872,0.00607190952001862,0.0140652510920809
" 7292",33,1.1344665088025,0.409072419901815,0.00148722058481223,0.0128102728885696
" 5774",43,1.04303788145195,0.146039861945571,0.00100441197259071,0.0108212685140848
" 4848",96,1.04816146082333,0.171550693400677,1.32858726533163e-06,0.00802948149528068
" 5600",74,1.04279677256233,0.170292287303049,2.65717453066326e-06,0.00833616504950041
" 4489",44,1.01513483440889,0.302567635092118,0.00230988181950557,0.0124674000660422
" 4992",30,1.00550295135094,0.156814428811195,0.00098076311926781,0.0116655922735971
" 4994",29,1.03560463364171,0.175803386538452,0.00416618394662693,0.0123829318199921
" 4852",91,1.05483257616217,0.170001513495667,3.05575071026275e-05,0.008260467835293
" 5574",67,1.03180932809027,0.166800344706257,1.32858726533163e-05,0.00869012526672698
" 7477",31,0.849441278381096,0.161370306965918,0.00166631414817893,0.0118144300176902
" 6829",42,1.05189596408963,0.141112220332906,0.000227719857277842,0.0103634171868491
" 5700",68,1.04445030184268,0.158425096658507,0.000271031802127653,0.0100973487134843
" 4810",89,1.01278199622877,0.160983460422705,8.13095406382958e-05,0.0084242100434688
" 4792",76,0.991713439556804,0.171186131427518,1.80687868085102e-05,0.00856871525008408
" 5587",67,1.03074822122728,0.163455577044103,2.81660500250306e-05,0.00828892957803493
" 1015",40,1.1586543767806,0.491061264409928,0.00132858726533163,0.0110872047468152
" 4288",91,1.0357919025654,0.204714543726307,1.64744820901122e-05,0.00964076716160671
" 4834",85,1.04675556750318,0.175570255617691,3.7466160882352e-05,0.00827474116709513
" 1703",31,1.12888132945927,0.436693350962845,0.000495031615062566,0.0130058366115082
" 5026",84,1.01592877206639,0.153577391204822,0.000864113157371693,0.01067816215754
" 4282",67,0.923300657484843,0.190568989788274,0.000776160680406739,0.0110067259417556
" 4812",90,1.02337763893434,0.171203904599242,2.04602438861071e-05,0.00796362273694011
" 5172",46,1.19514160234761,0.354945326844555,0.00253760167678342,0.0131626028481678
" 5619",8,0.740701523514137,0.116966180141377,0.013292781307096,0.0138373700657715
" 4584",27,0.770682309540347,0.281844063874768,0.00123824333128908,0.0125873723120729
" 4609",41,0.97829425276725,0.247000936984014,0.0114261161993051,0.0134021940652884
" 5722",13,0.7621218030729,0.131549379262487,0.00516475013525018,0.0127796223310747
" 5018",49,1.0333714553191,0.279114409181468,0.00139421947623901,0.0122947109021521
" 6055",19,1.04787811674093,0.169532427833034,0.00400489345261567,0.0125727862887059
" 7811",53,1.12248929416641,0.352091004218232,0.00121618878268458,0.0124092710497621
" 3918",67,1.01994476717918,0.21504263591184,0.000149598926076342,0.0115211987886958
" 5308",49,1.1242000855266,0.478757552033392,0.00124382339780347,0.0126462778136523
" 5168",59,1.18860963407871,0.356430348680948,0.001141787895826,0.0128200917605174
" 4581",27,0.431121780813147,0.0971864516483552,0.000635330430281586,0.0116388359718625
" 4610",42,0.655361961405218,0.181033537208791,0.000363235758341668,0.0118582742723995
" 6127",47,1.12794459244491,0.279300438549611,0.00269384353918642,0.0123298437794829
" 5893",44,1.20330512027399,0.372190714945924,0.00599538289353552,0.0133939446061539
" 5923",56,1.02701605978824,0.306062853317602,0.00403651382953056,0.0128244436531277
" 7810",42,1.0852069888453,0.345360673222774,0.000657916413792224,0.0123561143258479
"  871",26,1.09357546180644,0.418474174772677,0.000256417342209005,0.0115250962237957
" 3926",47,0.946367391424956,0.225811826161745,0.000844715783297851,0.0112856773849511
" 5170",21,0.69525961992727,0.17584483907385,0.00308683965227151,0.0130596619295644
" 3929",61,1.14869044154943,0.261823210842076,0.00228437294401121,0.0118750748033949
" 5874",26,1.07624148091655,0.173858116696389,0.000144816011921148,0.0111886400692232
" 5712",44,1.07754478636716,0.457589250377453,0.00147712332159571,0.0130284648798094
" 5748",40,1.1454512069339,0.389393677795131,0.00208880489855439,0.0124398804607218
" 7922",55,1.23365820887257,0.355207714143462,0.0100685657315892,0.0139094567374222
" 5523",52,1.04383763761591,0.152912044292672,2.39145707759694e-06,0.0101929809825999
" 5730",39,1.14337189913891,0.369093936489693,0.00225833263361071,0.0123143582723403
" 8329",59,0.903819845944893,0.293961778948274,0.000522400512728397,0.0109097890979663
" 6088",25,0.929519459987503,0.246584857667754,0.00116623390150811,0.0118050755332694
" 6060",39,1.16501585636897,0.291966236411406,0.00150077217491861,0.0121431669436491
" 4708",53,1.13312518949776,0.348235323310579,5.2080620801e-05,0.010300091156314
" 6059",32,1.14479660799718,0.279205185642564,0.000789446553060055,0.0119864159154291
" 5743",51,1.0603695019547,0.287819974781235,0.000107615568491862,0.0082748837852867
" 5810",44,1.02165155081886,0.277676586360916,0.00191130563990608,0.00968855476227103
" 4706",47,1.1190976572215,0.343115272903128,0,0.010236086507676
" 4869",74,0.974920412960613,0.161268654377939,0.00122442602372963,0.0102486353788815
" 5591",65,1.05650273249251,0.199544059794105,0.00177499258648306,0.010430785585964
" 4701",47,1.12241383110841,0.375497887202874,0.000199022372346678,0.0104871310190443
" 5983",22,1.0503020920449,0.228239338817809,0.00129005823463701,0.0117020983702759
" 6004",26,1.09722412105725,0.250925732598217,0.000936122587152667,0.0114397462994512
" 4369",34,0.791308845249866,0.187106960185717,0.00112451626137669,0.0119218066055443
" 4692",36,1.02214206410607,0.302357150232258,0.00017431064921151,0.0101178962359663
" 5488",28,1.06322778423446,0.207951399178514,0.00104559817781599,0.0131100538321682
" 4966",49,0.871985592449433,0.238955860773483,0.000167667712884852,0.00971026427834778
" 5995",24,0.982324667240118,0.216301203706305,0.000462614085788474,0.011309820083094
" 8881",17,0.972220883140709,0.169920127403652,0.00110724462692738,0.011712532847674
" 4790",65,1.03574988567628,0.183684256169549,0.00024950868842928,0.00883810895031001
" 6074",27,1.06929609049944,0.259763796544944,0.000352341342765949,0.0113919318115542
" 6046",17,1.02393697722826,0.226207669608407,0.00068714533362952,0.0116936837299303
" 4468",57,1.49607374167603,0.554356834175963,0.00880959643896098,0.0144063374435178
" 4968",38,1.24716229908213,0.439081029484872,0.00377956505241542,0.0130909904569605
" 5159",58,1.09661557820185,0.323076765517506,0.00113142491515642,0.0121591756317298
" 7411",48,1.21587062927343,0.372311439956019,0.00234415937095113,0.012417202789791
" 5651",52,0.962698723020869,0.363882287759676,0.000688739638347918,0.0121051211109956
" 6045",25,1.00326384927949,0.235633298307452,0.000246851513898617,0.0112592540236005
" 4212",68,1.01503212750029,0.242219600276148,0.000365627215419265,0.0104855773232461
" 4458",20,0.689238253006521,0.208719109753456,0.00249721262391733,0.0129825590500065
" 4967",52,1.20727127873091,0.450358382292765,0.00124090050581974,0.0128675394144515
" 6191",34,1.06018411675231,0.325751444137209,0.00345592119458064,0.0120246649896279
" 4835",79,1.03445698584643,0.186021695891892,2.01945264330408e-05,0.0080279967433671
" 5171",50,1.1360726271981,0.314478018184519,0.003797899556677,0.013490477624268
" 4892",38,1.10943535100255,0.414854443159014,0.00114630509252813,0.0123189845754267
" 5173",41,1.0202506421814,0.29553032281745,0.00507998626772203,0.0138222503191283
" 6058",9,1.05484032938462,0.178604872365441,0.00638731613680835,0.0129571899149801
" 5895",54,1.12323248075927,0.336680885265095,0.00160413626416141,0.0118024879484275
" 6423",37,1.0980815747151,0.296276487613307,0.00169288589348556,0.0122060358784291
"  921",41,1.14504793390245,0.479800020658362,4.65005542866071e-05,0.0107194971071723
" 5856",43,0.693172295895561,0.210410548355164,0.000396184722521892,0.0116896564750181
" 1978",50,1.09807161568987,0.470144934874908,7.46666043116377e-05,0.0105351046799448
" 5819",58,1.08613610877273,0.312547595010095,5.15491858948673e-05,0.00889889552043223
" 5596",70,1.04669904796397,0.17031075423274,5.0486316082602e-06,0.00842123201250288
" 5135",44,1.14652365377614,0.432277120426085,0.000835149954987463,0.0108971096627914
" 5814",57,1.07095188575505,0.30649731184048,0.000539140712271576,0.00919189485058036
" 5797",60,1.03532454500845,0.168224564652246,0.00152973537730284,0.0112994383007579
" 4657",31,1.11036748105924,0.229950412094831,0.006245688734324,0.0125064140820781
" 5597",70,1.03545850591512,0.153529895897112,2.4446005682102e-05,0.00802647301983804
" 5125",52,1.11678716197035,0.418693489253243,6.58979283604489e-05,0.0105779697146037
" 4485",60,1.04058786222257,0.261741222627454,0.000795292337027514,0.0105288323140107
" 4683",51,1.04681838164875,0.300878280095635,0.000351278472953683,0.010525794392617
" 5059",42,1.07134588709068,0.2676040644555,2.65717453066326e-07,0.00954239359808485
" 5441",34,0.809041722593611,0.301818305208036,0.00176781821525027,0.0128476423958463
" 6540",11,0.972749594007256,0.121937107278085,0.00208428770185226,0.0123266004176382
" 5536",58,1.0318663108485,0.146634157484855,0.000285114827140168,0.00862423743757763
" 5816",51,1.03475233352098,0.290666356428542,7.44008868585714e-06,0.00854596942607546
" 5055",44,1.07396915978856,0.26822190966312,7.97152359198979e-07,0.00948066544891968
" 7512",64,1.12878083354732,0.31766840500229,0.000684488159098857,0.0120202081804831
" 6550",7,0.915001410232505,0.109130737402917,0.00118111407887982,0.012329231352593
" 5586",70,1.04190287340965,0.162193807160699,5.31434906132653e-07,0.00804962657600153
" 5056",40,1.05747817992837,0.264044954976996,0,0.00954143682839591
" 5177",54,1.09590272637476,0.219113959785275,0.00122123741429284,0.0109592660680602
" 7228",11,0.954400729957799,0.111458066188832,0.00177578973884226,0.0122473699087988
" 4503",43,1.1015248170994,0.221498535529868,0.00451480524504995,0.0127640372755883
" 5050",34,1.02427363509313,0.253609073211285,6.4303623642051e-05,0.0099945702002127
" 5176",43,1.03392452335813,0.21525302849171,0.000244725774274086,0.0108626446628368
" 5540",67,1.03144230024988,0.165990539641662,0.000449593930588224,0.0087766677174295
" 4910",60,0.85743028665797,0.180414804907778,0.00060610151044429,0.0121055461789242
" 4843",76,1.05896089426264,0.199747314385493,0.000251102993147678,0.00877681833506001
" 4541",32,1.04024064402143,0.23402126108638,0.0061178786393991,0.0129853749174015
" 8202",56,1.25072331313285,0.43531101761477,0.000541797886802239,0.0118614779892193
" 8212",41,1.09630547597036,0.384183372778345,0.000521337642916132,0.0117462655315483
"  944",38,1.1932167590159,0.551989204907026,0.000625233167065066,0.0119936183571989
" 5710",39,1.11107477438762,0.453288872296379,0.00102168360704002,0.012641196680642
" 4582",50,1.01535025984426,0.267928406189916,0.000313546594618265,0.00990824199777204
" 4813",82,1.033123387719,0.17779758209268,1.70059169962449e-05,0.00812399099126726
" 5073",65,1.28090778349796,0.519499077007626,0.00529760886178335,0.0138291553114908
" 7189",51,1.33266099346821,0.684559799978322,0.00535553526655181,0.0140653767509757
" 5117",71,1.11235426225506,0.27757778563841,0.00108120431652688,0.0113789936254633
" 4686",33,1.00853716982889,0.281278983534113,0.00019742806762828,0.0105227567006675
" 5116",72,1.1031316395424,0.276372347810847,9.45954132916122e-05,0.0108897416810853
" 5359",44,1.02698981230139,0.153978970183773,0.000529043449055056,0.0107455744573079
" 5401",44,0.986253868878246,0.157184739368447,0.000167933430337918,0.0113914618437802
" 5115",70,1.08933793128351,0.27858416292003,0.000161556211464326,0.0108848980809572
" 4703",44,1.09770889324123,0.312390617894699,0.000356327104561944,0.0104195643118232
" 5642",54,1.10148793884831,0.293321016493965,6.64293632665816e-05,0.0110896709335599
" 5462",53,1.04132015804272,0.246079118756618,0.00068209670202126,0.0117001474826672
" 5713",37,1.13119338839313,0.38698197319552,0.00229181303269706,0.0127290482107203
" 7203",71,1.04898618580122,0.165459606236104,0.000449328213135158,0.0109858849216385
" 5421",35,1.29701230485394,0.430747517042683,0.0020319413635982,0.0130102702882411
" 9025",9,0.866083759878438,0.144188729609589,0.00241165160402998,0.0120194972042369
" 4705",49,1.10278304467497,0.312459874537401,5.07520335356683e-05,0.0102828962223901
" 5641",54,1.10662595559631,0.260017854845759,0.000452516822571954,0.0113115467263604
" 5464",53,1.07010135659203,0.249208310115834,9.75183052753417e-05,0.0114164577404585
" 5717",43,1.14268394206666,0.384328589156099,0.00140086241256567,0.0126329678982617
" 7208",56,1.03404312745408,0.159808006735391,8.9546781683352e-05,0.0108831732604477
" 5419",39,1.12888832385076,0.38034371938673,0,0.012424726182383
" 4714",46,1.07127121688841,0.306053406345902,3.5871856163954e-05,0.0100088865095744
" 4932",41,1.0988856388472,0.294826895756127,4.27805099436785e-05,0.0101692854851707
" 4643",44,1.00716872278834,0.374005560446956,0.00389116638270328,0.0128949366098131
" 5640",50,1.11783707114756,0.295471041362736,0.000768454874267816,0.0116337638822444
" 5715",41,1.17419916548348,0.392930349368469,0.00403810813424896,0.0127502673873123
" 5463",52,1.02036197165958,0.223097359532846,8.10438231852295e-05,0.0112208233227323
" 5070",42,1.21627159029816,0.434462916139928,0.00330658798595736,0.012631085598918
" 7205",71,1.05230726798415,0.17236622775254,3.87947481476836e-05,0.0106805031698824
" 6259",30,1.06622746719124,0.241775685600097,0.00246080933284725,0.0128587226292957
" 4696",46,1.07271822836259,0.298450500422239,3.8263313241551e-05,0.0102791027831707
" 4929",44,1.1020807444413,0.294840871946252,4.43748146620765e-05,0.0101878339501056
" 6258",32,1.19274543381248,0.27698936762327,0.00350401605358564,0.0129797711227517
" 4927",38,1.08736846363055,0.293188580660462,0.000192645153473087,0.0102655169708048
" 6564",31,0.986866012211574,0.232219353933499,0.00166923704016266,0.012881365297621
" 4814",86,1.0136742662838,0.171623857413036,3.5871856163954e-05,0.00787244710478053
" 4676",39,1.04668277737191,0.310203124506494,0.000914865190907361,0.0107988288506063
" 4925",45,1.03832239838288,0.266045529001933,0.000915928060719627,0.0102769700531885
" 5546",76,1.05897931550864,0.193722684399524,0.000348089863516887,0.00956265470477846
" 4800",73,1.03995261112529,0.185035187338984,0.00190838274792236,0.00978117598952287
" 4504",31,0.867028528066899,0.221492945723443,0.00212786536415514,0.0124618383964514
" 3726",41,1.05317315996958,0.3038446651266,0.00477653693632028,0.013900691046367
" 3909",36,0.990112809759496,0.322271720300993,0.00744088583821633,0.0141007529140272
"  977",41,1.21177757098726,0.563216253869241,0.00123106896005629,0.0118869706355222
" 5272",44,1.06931727531308,0.488019427489678,0.00242653178140169,0.0131198295801843
" 5484",45,1.13791571004257,0.363563090721704,0.0012223002841051,0.0124822982314495
" 4864",68,1.09293714453988,0.247201612825898,0.00400515917006874,0.0127004852723326
" 7179",52,1.12732120239477,0.237869623362531,0,0.00972725884125251
" 5038",45,1.07495759990035,0.254627316450201,0.000398044744693357,0.010097545321689
" 7895",48,1.09057953150616,0.407459028223324,0.000895733534286586,0.0118056511503303
" 7180",52,1.12727781183312,0.237858726917033,0,0.00972718608489163
" 6622",47,1.28060980307558,0.494117508199436,0.00166365697364827,0.0131294978993039
" 6623",47,1.03683468200696,0.178981954816202,0.00300632726399242,0.0115464729447412
" 7844",52,1.16343141656407,0.383638087925857,0.000847904392734647,0.0118090139422177
" 8026",27,0.621413307736144,0.209762457397153,0.00141972835173338,0.0120157159530099
" 6759",95,1.1287942819186,0.539082817270589,0,0.00651264965097504
" 7492",34,1.00683726326826,0.356541013140435,0.00425413642359188,0.0135541662845884
" 7990",52,1.1272611402179,0.23785416185052,0,0.00972719067278164
" 4033",54,0.816196056383265,0.254470254356897,0.0029181090695744,0.0132741442327045
" 4457",40,1.0388253177448,0.379833534946483,0.010981039465419,0.0148110276240836
" 5851",51,1.1654669783339,0.344381477553367,0.00558192653656432,0.0132404368535682
" 6618",34,1.13462562759202,0.466520437694618,0.000779615007296601,0.0128952366286454
" 8028",27,0.820641586460614,0.253175402144328,0.00533932650191476,0.0132310916702678
" 7843",41,1.16331557456751,0.39114772037484,0.00205346447729657,0.0124683432556603
" 7978",52,1.12717134148378,0.237829597647382,0,0.00972691215743447
" 4723",34,0.874753878594658,0.220309871227029,0.0011742054251001,0.011209614843481
" 7004",64,1.07153186630776,0.237969511331802,0.0018480648860763,0.0111746907085961
" 8038",39,1.1042935361919,0.384565133781916,0.000135781618516893,0.0117639289741135
" 8377",48,1.14503352996677,0.455822088282641,0.00420683871694608,0.0136243050928498
" 8148",36,1.14441852558538,0.328852381850352,0.00336743728270955,0.0124326125526773
" 7000",68,1.0746760311457,0.239219516009316,0.000446139603698362,0.0112014110367544
" 7881",38,1.09094378362248,0.382345439701927,0.000241271447384224,0.0117131209674959
" 4724",40,1.00479382111388,0.246932754515281,0.000335866860675836,0.0107090371300299
" 8019",71,1.06613633815065,0.32756726174508,3.32146816332908e-05,0.00948715629093292
" 4725",32,0.89845645069208,0.226075318100065,0.000298932134699617,0.0106022325671286
" 8680",68,1.11931207183599,0.386121873027778,0.00176436388836041,0.0118570037655528
" 4693",40,0.97482978056061,0.278888212371202,0.000752777544536902,0.0109004512600575
" 6139",50,1.10025963212498,0.2850538627552,0.00258994801503748,0.0123739101224231
" 5584",76,1.04250859763716,0.183201641381301,1.64744820901122e-05,0.00937412684008369
" 5063",68,1.29371907153973,0.399377051916739,0.00461312070268449,0.0117815856960638
" 5643",55,1.1463374046401,0.32248920363237,0.000364564345607,0.0114973699474757
" 5461",45,1.05850037011607,0.248381913671974,0.00149253493387355,0.0120683195385097
" 4728",44,0.976269857597729,0.271921985716723,0.0016389452505131,0.0127004446930795
" 4836",92,1.04791470104737,0.181649505543154,2.12573962453061e-06,0.00809082953986584
" 8901",34,1.03876004110597,0.391158899918027,0.00154620985939295,0.0128304827970618
" 3913",71,1.04566755065332,0.23996927403594,0.00134213885543801,0.0119708843175939
" 4778",78,1.04707863220044,0.185963702385381,0.00129670117096367,0.0095596182977076
" 3914",56,1.00993376574465,0.258426938735208,0.00228517009637041,0.0123727790694805
" 1005",38,1.09933658492264,0.482720159730604,0.000103364089242801,0.0107185954754712
" 5582",70,1.04363908401952,0.186223234714073,0.000210979657734663,0.00955476561954116
" 7520",52,1.12726388127946,0.237857144369872,0,0.00972719932672121
" 4780",70,1.05366185094376,0.19610829709477,0.00122734891571336,0.00955239452592687
" 3915",53,0.955855963579342,0.210486170577889,0.00273742120148929,0.0124396972414121
" 5446",69,1.28022437626685,0.480864016162799,0.0121935082037606,0.0147388431424666
" 7530",52,1.12716977594463,0.237831810972461,0,0.00972689685217604
" 7074",49,1.20004918961385,0.415494076904436,0.000999629058435519,0.0119671048540444
" 7217",22,1.003046183477,0.297441575953298,0.00319923813491857,0.0126602227044291
" 8001",53,1.14990123643666,0.386997343810546,0.00279215899682096,0.0131814130853674
" 4977",49,1.10533592884504,0.402685905195025,0.000547112235863566,0.0121410945235452
" 7075",53,1.2117824433187,0.430630642354469,0.000763140525206489,0.0116089111385034
" 7221",36,0.84156048614277,0.335094730522921,0.000635330430281586,0.0115854425879984
" 7999",40,0.886120130262745,0.297661888182002,0.000767126287002484,0.0127670006831411
" 5091",48,1.28515661783709,0.544173124544328,0.000542595039161438,0.013165218971955
" 6518",52,1.03526915089982,0.188999057454243,0.00147685760414264,0.0117231638149536
" 7080",55,1.2188453937844,0.435242708164607,0.000140564532672087,0.0113913549331464
" 7896",42,1.08012913611392,0.377891794517823,0.000477759980613255,0.0118436843595435
" 7581",57,1.0822330490617,0.282459246348582,0.000290694893654561,0.0100670609104583
" 7764",52,1.12717628334432,0.237828655257614,0,0.00972680790225421
" 8677",64,1.19074950823427,0.505101325366124,0.00264202863583848,0.013485614789605
" 6670",17,1.09724645235356,0.134761098016281,0.00101583782307257,0.0124560685723184
" 5092",44,1.13253817144148,0.480371595361227,0.00285274257612008,0.0134952523993474
" 7578",54,1.07474858790457,0.275765608957227,5.68635349561938e-05,0.00987560068663558
" 8678",64,1.1951671825361,0.50298170196865,0.00155710427496867,0.0133253845802805
" 4959",44,1.03669467109827,0.257008321921268,8.10438231852295e-05,0.0101126986679755
" 7575",50,1.04689614062479,0.275012680619208,0.000435776623028775,0.010458850775132
" 5037",42,1.02169391702129,0.251325288288937,1.91316566207755e-05,0.00993536664536114
" 6070",61,1.16431199813004,0.418353784328581,0.00506749754742791,0.0143562971749866
" 5572",64,1.02648103666405,0.172008817590612,0.000328426771989979,0.00913067428842337
" 4663",45,1.10428584703824,0.196818210594876,0.00139262517152062,0.0118126747608678
" 4667",47,1.0938420802676,0.182999330524951,6.1912166564454e-05,0.0110770758369917
" 4691",53,1.21287929170109,0.427400800655839,0.00219588903214012,0.0114423685175877
" 4662",46,1.1537409052866,0.241574807521648,0.00285327401102621,0.0124556417148601
" 4664",37,1.11355638388188,0.21450493951315,0.000485200069299112,0.0114731519584962
" 5622",34,1.06081420979248,0.314255012732392,0.00193415734086979,0.012464074135388
" 8896",48,1.20754180269273,0.407673860336663,0.0022086434698873,0.012698638827265
" 4684",35,0.968296560000136,0.287403174373156,0.00102194932449309,0.0106980403581858
" 7838",56,1.32003824702438,0.470207493649018,0.00598741136994353,0.0133178381954281
" 7452",43,1.15722405203274,0.393834777716784,0.00473003638203367,0.0134560702539605
" 6827",50,1.09063126123756,0.293537686478662,0.000368550107402995,0.0116440708538304
" 4709",39,1.03653582331647,0.179221903939397,0.000804061012978703,0.0116779409308667
" 6866",55,1.16129677527078,0.312839454074826,0.00155444710043801,0.0119662143974466
" 7856",48,1.27254364733382,0.468126165105585,0.00281713643740919,0.0128818049204404
" 6625",24,1.02579302296371,0.409559078653653,0.00287612571198992,0.0132287976577832
" 4710",31,1.08444639927196,0.226097873050327,0.00129563830115141,0.010486321002707
"  886",37,1.10955136682401,0.44031563976304,0.000137907358141423,0.011141506945259
" 4015",59,0.854518112248217,0.216030867228755,0.0020051039008385,0.0125743812086428
" 4969",43,1.14605277534093,0.469506819646055,0.00121140586852938,0.0130778185883045
" 7873",46,1.01500347260343,0.373092967696518,0.000967211529161428,0.0120784906969915
" 7517",56,1.15379189073113,0.327507105078634,5.50035127847295e-05,0.0117129134974614
" 7515",56,1.13436295341285,0.32706747045761,0.00024233431719649,0.0120972235072287
" 6011",45,1.25350033349231,0.406595562449152,0.00206117028343549,0.0129112568747305
" 5061",40,1.0949361733296,0.263908576283642,0.0001302015520025,0.00969565984089049
" 6009",52,1.20655017690848,0.396195749280658,0.00272652678591357,0.0131059705641366
" 4694",41,1.00766245936138,0.289095586612205,7.46666043116377e-05,0.00975471793830241
" 5060",38,1.09139841531514,0.263439787144336,2.86974849311632e-05,0.00992875707690479
" 5053",39,1.07859476126835,0.256620391535429,0.000116915679349184,0.00994674745419364
" 4679",52,1.10262545503255,0.316206655229919,0.000537014972647045,0.0105153452872196
" 5817",49,1.02708732314682,0.283713162047546,5.31434906132653e-06,0.00844498103205146
" 4945",31,1.13022740092367,0.315753540880455,0.00563905578897358,0.0136376993520439
" 5599",68,1.05789354177116,0.189685602183819,7.78552137484336e-05,0.00944358915918783
" 5122",47,1.11992457686942,0.423085476525233,0.0011149504330663,0.0109843879138693
" 5079",36,1.07655191421049,0.205898355336498,0.000906096514956173,0.0107170148786397
" 4946",26,0.952718745939101,0.241640800517369,0.00341579785916762,0.0131693743205117
" 5080",35,1.03117810226956,0.198088965983605,0.000447999625869826,0.0106017779319389
" 5547",76,1.0595888333543,0.196430572637818,9.61897180100101e-05,0.0093385292115828
" 5062",40,1.07248393660017,0.281222235712193,0.00105569544103251,0.010675702120501
" 5078",33,0.971038414681139,0.194375790613469,0.000728862973760933,0.0106937736465494
" 4939",38,0.962495705271048,0.258382264875348,0.000867036049355423,0.0102278920402295
" 5047",47,1.0622738305425,0.27889760962543,0.000401499071583219,0.0105758810274428
" 4505",36,0.873257106440038,0.191243888009675,0.00183637331814138,0.0125469176148395
" 5623",42,1.03202404182008,0.290259489732451,0.00414625513764696,0.0129579664642904
" 8221",43,0.908913291284958,0.334881665065895,0.00100148908060698,0.01209271027543
" 5573",60,1.07670722981447,0.201609320549247,0.002183400311846,0.00982999105330633
" 4901",51,1.05831847643016,0.166253146575364,0.000331349663973709,0.0105732247222994
" 5624",41,0.88323033101157,0.224196986227602,0.00554977472474329,0.0129409411807683
" 4906",39,1.05763033373293,0.169499763138765,0.000246851513898617,0.0109000961083288
" 4908",30,1.04867596983766,0.174225541878795,0.00125338922611386,0.0120845354562554
" 7125",10,0.741370890975379,0.163740187023433,0.00253281876262822,0.0124735706865039
" 8750",24,1.16232927494278,0.288322467299356,0.000287506284217765,0.0122664683858099
" 7821",51,1.12052513037731,0.353748648182818,0.000843918630938652,0.0120945644991287
" 6631",32,1.1420509231297,0.415767161700622,0.00197348352392361,0.0136084859086622
" 7589",36,1.17409954292009,0.37450431928898,0.00716321109976202,0.0138730071855494
" 7177",45,1.03735963560756,0.346226592839624,0.00675613196166441,0.0140284078666775
" 6846",40,1.05740105626269,0.267772936934337,0.0016926201760325,0.0114489347105244
" 7761",51,0.96257987089796,0.258116226652291,0.00138438793047556,0.0110332141723652
" 8126",57,1.0894073449444,0.28792441157648,0.000167136277978719,0.0105098361002737
" 6844",40,1.04870322672102,0.264388165946689,0.000237817120494362,0.0108707761640968
" 7937",56,1.07569499740613,0.285520086845025,7.97152359198979e-07,0.0104033124465796
"  937",44,1.18488461433963,0.513833596710885,5.71292524092601e-05,0.0110200391410543
" 8118",52,1.05212147008818,0.277593127538554,7.6526626483102e-05,0.0103100289494058
" 6283",49,1.10187192486049,0.316908856257825,0.000172716344493112,0.0102783477652941
" 4659",38,1.10121479021667,0.225880018804287,0.000820269777615749,0.0111582855649835
" 6282",45,1.08923706580312,0.310690475746845,5.0486316082602e-05,0.01024614510761
" 6280",48,1.09080407611712,0.316967586369535,0.000150661795888607,0.0103451806395888
" 4931",46,1.10696430312865,0.289112928912152,1.96630915269081e-05,0.00967342078312347
" 4935",44,0.984757092266843,0.262167929332281,4.51719670212755e-06,0.0100016137547408
" 4698",47,1.09334963028755,0.314105942747444,4.78291415519387e-06,0.00958369814252072
" 4689",42,0.933494695268577,0.28732817920517,0.000282723370062571,0.0103659687025614
" 6462",32,1.04586777527352,0.443611329588851,0.00329117637367952,0.0134646130930676
" 4934",50,1.14173109597681,0.322819281178804,0.000792103727590719,0.0104394102214881
" 4936",48,1.09348600660844,0.321656595993456,0.00177392971667079,0.01066721795234
" 4818",74,1.05545311703572,0.195007552960833,0.00100600627730911,0.00925910477789597
" 4718",50,1.13174865076329,0.355597941430382,0.00201280970697742,0.0112876149275098
" 5435",44,1.08785214310504,0.174130537392052,0.000603178618460561,0.0120144497909287
" 7587",43,1.05576539301223,0.30228782432126,0.0072051944573465,0.012332017488451
" 7325",50,1.04914875646962,0.257144097820026,0.000725674364324137,0.0101528414661017
" 7071",45,1.07033832964462,0.269802210853976,0.00049689163723403,0.0111746566221166
" 8387",48,1.20091872123596,0.35878752578811,0.00612771018516255,0.0133270079797958
" 7322",53,1.04300778453946,0.256130005946823,0.00016926201760325,0.00967365653359065
" 7059",36,1.00218785478131,0.25459914786197,0.00301111017814761,0.0115515878655707
" 7181",52,1.12711243185789,0.237809687905794,0,0.0097265132127611
" 8772",18,0.89515438681043,0.198516687131395,0.0004426852768085,0.012014435091718
" 7313",45,0.983003935056732,0.244448657836575,0.00126640938131411,0.0107175843035896
" 6025",24,0.799721646227021,0.323168108636848,0.00139873667294114,0.0142402976958875
" 6312",42,1.19335482163917,0.417110757942699,0.00407610573003744,0.0128006771657509
" 6136",50,1.1423442268659,0.372474854178981,0.00517272165884217,0.0135352383554072
" 8760",12,0.951938155196025,0.199847763230195,0.000501408833936158,0.0122937226403468
"  964",26,1.13527303253166,0.537296992596187,0.00289632023842296,0.012440274759645
" 4902",55,1.05881669771161,0.172110811183452,5.95207094868571e-05,0.0104938994297887
" 4903",64,1.06538636193888,0.170350299020835,0.00010628698122653,0.0106074059684223
" 4893",36,1.05840369521505,0.169870954432635,0.000307966528103872,0.0112198076321319
" 6133",38,0.81644040217218,0.266858577456638,0.00148323482301623,0.011716178561641
" 6222",54,0.928720201822305,0.204298706963647,0.00797125787453672,0.0137007928972466
" 5044",38,1.05465549873403,0.259370359982846,0.000254291602584474,0.0101331078764278
" 8194",37,1.04487755480242,0.360191579702631,0.000685551028911122,0.0117337719597342
" 5052",37,1.04763737175735,0.291557960690808,0.00021629400679599,0.0109192316051123
" 4660",26,1.05272718496128,0.202976850074804,0.00212361388490608,0.0122133977023778
" 5041",37,1.02499934849316,0.252082809232112,0.000916990930531892,0.0108050345551508
" 4665",41,1.0451647596777,0.193541894272773,0.000292554915826025,0.0114446938162928
" 5369",44,1.19395262770823,0.466010002092684,0.000644630541138908,0.0117667274546086
" 5627",20,0.29982509795799,0.0957736671007166,2.94946372903622e-05,0.0104897580541506
" 5723",15,0.372242996264699,0.0989528779705326,0.000308763680463071,0.0116824967163434
" 5705",12,0.336158913910133,0.0898909588022819,0.00086145598284103,0.0133108947329357
" 5370",47,1.1590733553823,0.457213014164642,0.000844450065844785,0.0117687901796789
" 5583",6,0.0755995742330258,0.0305010807546294,0,0.00919442300663028
" 7646",39,1.08712372314707,0.205316424357231,0.00556757779409873,0.0127342542104918
" 5409",37,0.477219929912945,0.169012804686605,0.000247648666257816,0.010436690850292
" 5241",66,1.21407238697809,0.48978793085037,0.00143593711637043,0.0118303726509996
" 4911",62,1.05722344249202,0.1517185535537,0.000534889233022515,0.0110661122403989
" 4912",42,1.07293245688219,0.215575349951677,0.00154195838014389,0.0123144661688521
" 5252",41,1.14462492348899,0.457616928661359,0.00210899942498743,0.0120303309190154
" 7373",39,1.1604087680774,0.514523831101648,0.000992986122108861,0.0134393836138969
" 4646",51,1.14571977662535,0.371814432672022,0.00209916787922398,0.012688838973825
" 1867",39,1.0970662125948,0.485326598819097,0.000240208577571959,0.0112500049872857
" 6304",70,1.26302603137442,0.421486894259404,0.00328001624065073,0.0136302875714004
" 9593",9,0.894535082912837,0.125376576907669,0.00021841974642052,0.0110617327401734
"  989",43,1.14095260337605,0.517736992114742,0.00169607450292236,0.0114507571015159
" 6230",44,1.08292432108862,0.359791897472304,0.00130015549785353,0.012408070762708
" 9553",23,0.881872175004593,0.224546937558033,0.00217968026750307,0.0122878646853737
" 4985",40,1.23795302383587,0.392379946925497,0.00659829579454301,0.0138626654042076
" 6295",45,1.02832453383875,0.306157662636193,0.000757029023785964,0.0119138712866707
" 4926",47,1.03556809044727,0.27438473436358,0.000145081729374214,0.00985605402116089
" 4928",41,1.1046902846653,0.296221556498958,0.000144018859561949,0.00976681830637321
" 5561",59,1.09050396877711,0.1975389512049,0.000579264047684591,0.00979151360214915
" 4933",48,1.02147571627858,0.279730343191221,0.000230908466714638,0.00988999907038852
" 5436",40,0.957490197646282,0.142018552849696,0.000987406055594468,0.0113495905355814
" 5054",46,1.08854217431513,0.282557240910825,9.83154576345407e-05,0.0104879328477743
" 4675",17,0.943581340815637,0.294661884230602,0.00869613508650166,0.0145389033736258
" 5048",39,1.07477608042235,0.275442697404325,0.00177818119591986,0.0114042099725815
" 5381",54,1.25360964094024,0.444197779017003,0.0021108594471589,0.0118246761939832
" 6112",52,1.06672077009244,0.299115783443947,0.0036945354674342,0.0128137429734958
" 6081",35,1.05376821886713,0.324417888668262,0.000939311196589463,0.0118200595420613
" 5390",38,0.617204978669382,0.221789838381366,0.000300792156871081,0.0110343847140715
" 6109",48,0.836898919504191,0.19577060335542,0.00245948074558192,0.0120395304777976
" 1033",43,1.10801070070141,0.47864430735366,0.000466599847584469,0.0107825675597735
" 5253",38,1.12020544125235,0.418945795299711,0.000953128504148912,0.0112569049413346
" 6086",40,1.24903104675863,0.496642810544083,0.010071754341026,0.0145424175161132
" 6923",54,1.2575715596442,0.535951403933883,0.00225514402417391,0.0138177561356285
" 6519",32,0.795423078687255,0.223670654759467,0.00379099090289728,0.0130437284512185
" 9497",23,0.615079078418852,0.197771582341352,0.000787852248341657,0.0121013450046923
" 4688",45,1.11193272159992,0.337288080258427,0.000847372957828514,0.0109128770013181
" 6757",39,1.18988192268828,0.404063410680854,0.00198756654893612,0.0118459348396879
" 7819",20,0.943038947406918,0.134053436768176,0.00113408208968708,0.0111178159569551
" 7622",12,0.989270204745505,0.134558961027299,0.000141627402484352,0.0111308903207422
" 7356",14,0.987903213374703,0.140727300630227,0.00163097372692111,0.0114470156655122
" 9513",10,0.599964042258733,0.0851796349064211,0.0014338113767459,0.0121331788293339
" 6778",30,1.10172726958223,0.381031253695699,0.00161396780992487,0.0120405229196144
" 4930",43,1.06272313386952,0.273882740112825,0.000404156246113882,0.00993501310741189
" 6773",42,1.21430667627632,0.436316658655243,0.000603178618460561,0.0120478720252145
" 5577",65,1.07839932178394,0.241383078068726,0.00214540271605752,0.011056266302906
" 4940",43,0.964218029837128,0.272723258640188,0.000614338751489346,0.0100937443121111
" 8870",57,1.03657935964109,0.33275859269054,0.000254823037490607,0.0117708813795212
" 6284",40,1.16296429147315,0.356018933789678,0.00257134779332284,0.0115527057151053
" 5034",49,1.24102666861116,0.505770239466264,0.0022410609991614,0.0131339639464817
" 5659",11,0.895150760752093,0.245023957671853,0.00119227421190861,0.0115223568455147
" 4960",30,0.91299576668391,0.375514631199912,0.00924696736670815,0.0146632378178963
" 6772",41,0.94562805316064,0.258595400892188,0.00154833559901748,0.0110290502837479
" 6202",51,1.09121091210114,0.265629380596262,0.000204071003954939,0.010858492969967
" 6765",57,1.08196489956281,0.289940799415912,5.50035127847295e-05,0.00917671132268453
" 4899",35,1.00952148459116,0.15998167352872,0.000958974288116371,0.0114713671204448
" 6196",51,1.08872838515919,0.267101055843014,0.000309826550275336,0.0109047047540049
" 6762",55,1.07761043100995,0.287490422086428,5.2080620801e-05,0.00926637883997378
" 5725",23,0.994436483651014,0.29392552973613,0.00171653474680847,0.0119302278673953
" 6197",52,1.06723346578631,0.259880766023283,0.000558803803798484,0.0107126161800435
" 6763",54,1.07286013116044,0.28626221235614,1.11601330287857e-05,0.00920676626190544
" 5996",20,0.261690677065491,0.0856818634567309,5.39406429724642e-05,0.010450285158955
" 5967",34,1.13274943299983,0.340562938745329,0.000553489454737158,0.011675446119024
" 5057",40,1.08038893245053,0.296243109582854,0.000964288637177698,0.0113696736482944
" 6764",50,1.07018015038197,0.283343274547275,1.46144599186479e-05,0.00923908450230454
" 5966",37,1.16607828850608,0.351642744369596,0.000555615194361688,0.0117610530260227
" 5045",36,1.01913185310364,0.273638484399809,0.00217516307080095,0.0115326295662133
" 6402",30,1.17994558861405,0.374136433286259,0.00259047944994361,0.0118450056387881
" 6741",47,0.999991433226214,0.268743983110592,9.16725213078826e-05,0.00933620554806012
" 5968",33,0.963610782087706,0.305774896389735,0.000564118152859811,0.0117707464970845
" 6410",30,1.02461940199413,0.344755566594374,0.000375990196088852,0.0117868786406515
" 6404",34,1.09067352871792,0.354184020840595,0.000354998517296612,0.0117933684384855
" 5703",23,1.0732842884439,0.291059471666114,0.00066615365483728,0.0114076633083685
" 4711",46,1.2269802973855,0.437542142862485,0.00152468674569458,0.0125567498414811
" 4647",52,1.06225986981709,0.375760768389374,0.00104267528583226,0.0122091630796563
" 5393",46,1.17174643898814,0.452041433756361,0.00545571074635781,0.0132087613663635
" 8531",58,1.01174101563437,0.32572831639479,0.000478025698066321,0.0114359414187598
" 5387",31,0.832294513605946,0.295412857314887,0.00172875774964952,0.012518000261233
" 8479",36,1.07767185883119,0.323256281510876,0.00709120166998105,0.013372150452784
" 5228",50,1.22954268321944,0.517969858190362,0.00157703308394865,0.012051775454349
" 6384",60,1.04968295027841,0.261024961132156,4.03890528660816e-05,0.00893538438548658
" 5226",43,1.13400948043797,0.466045054329246,0.00058006120004379,0.0116940903405776
" 6396",70,1.0526391759347,0.254358655303523,0,0.00801887790233244
" 6257",64,1.03887050358636,0.266013595813852,0.000856938786138902,0.00961668922532258
" 6398",67,1.05047177100938,0.253512624877317,1.88659391677092e-05,0.00808132790837511
" 6255",65,0.98786774333767,0.253165675274816,0.00081734688563202,0.00979087794884955
" 6386",68,1.052890238735,0.253445394943179,0,0.00800461152546238
" 5644",58,1.09410651495672,0.278302481054939,0.000102566936883602,0.0109443155119146
" 5465",58,1.03008956177657,0.211426044458304,0.000394856135256561,0.0113767515906663
" 6387",59,1.04301729628807,0.2526760166851,3.72004434292857e-06,0.007981971125487
" 6664",41,1.04594384679942,0.311783357681033,0.000794229467215249,0.0106450164560039
" 7514",45,1.09379791546556,0.296669112001958,0.000882979096539402,0.0116493233278568
" 6395",55,0.929908875690628,0.226594006230122,0.000570495371733402,0.0094750962820153
" 6758",39,1.10354508342345,0.32897968649536,0.00117712831708383,0.0106412744280388
" 6498",36,1.09583242462627,0.208170626926453,0.00126003216244052,0.011252989817147
" 6539",35,0.914196470177234,0.176906576469971,0.00142610557060697,0.0113820821359064
" 6754",36,1.11254788190513,0.339645182675052,0.000120901441145178,0.0107997135952276
" 6524",38,1.05737777947907,0.212744723437259,0.000831164193191469,0.0111903340089351
" 4621",53,1.13555064831204,0.291763774522855,1.06286981226531e-06,0.0104060774394073
" 4973",54,1.10081109769961,0.392533085202274,0.00222538366943048,0.0119617333881224
" 6500",39,1.09112793864888,0.206920044257633,0.00116012240008758,0.0109164599017727
" 4620",51,1.14398305385122,0.29539498831185,0.000103098371789735,0.0105510893659902
" 4619",54,1.12515482272882,0.287270982894334,1.00972632165204e-05,0.0103214148653254
" 4613",40,0.936658008278566,0.243862758417872,0.000285911979499367,0.0110535103052577
" 8317",50,0.845699845641298,0.267983454621955,0.000340118339924898,0.0104095559095118
" 6842",51,1.06960887306469,0.483249410219751,0.00312536868296613,0.0136712324065106
" 6826",41,1.10989521590126,0.40125556991513,0.000889356315412994,0.0121426602835483
" 6823",45,1.07702111272746,0.370031389248564,0.000288834871483097,0.0118894069424549
" 6632",23,1.14926728955905,0.420835380452087,0.00384254008879214,0.0138202043525478
" 6392",45,1.075390876464,0.301901002540553,0.000813626841289091,0.0107103428512318
" 8872",52,1.12443167037146,0.383129756890856,0.000681830984568193,0.0118848928334257
" 6385",44,1.0750738002763,0.301695140261795,0.000213636832265326,0.0105743783000715
" 6116",95,1.12880370107747,0.539091701744274,0,0.00651278951538552
" 6170",15,0.939631108701432,0.281839815585527,0.00245416639652059,0.013211977933668
" 8871",50,1.08986746977616,0.344654882029808,0.000971994443316621,0.0119516154687566
" 6389",45,1.06983553813986,0.300565297384398,3.34803990863571e-05,0.0104865104742092
" 6118",95,1.12876811942319,0.539076388759151,0,0.00651263210321001
" 6171",95,1.12874512603905,0.539066827980619,0,0.00651260026583302
" 6190",95,1.12868939169469,0.539044456870503,0,0.00651259974767938
" 8876",53,1.11696445993509,0.378232281427789,0.000217888311514388,0.0115895572862544
" 6394",45,1.07509121559354,0.302355717728087,0.00112531341373589,0.0105611545216314
" 6285",40,1.06276219429394,0.222375492253266,0.000398044744693357,0.0105068787661213
" 7718",63,1.04749058044908,0.340499229491014,0.000673593743523137,0.0110343254484593
" 6286",37,1.01103650105352,0.219215343135173,0.000498485941952428,0.0105574108204633
" 4890",63,1.19461318284323,0.385514580368829,0.00202237553528781,0.0114885932225272
" 4563",47,1.07374138754824,0.222369681383315,0.000975980205112616,0.0110966697312586
" 8236",45,1.09401061215873,0.317278049542438,0.00453234259695233,0.0136464713540904
" 4564",52,1.12688575347268,0.237741867272221,0,0.00972560059187361
" 4885",46,1.08057626823234,0.31007591757857,0.00227400996334162,0.0111509255902729
" 7109",43,0.946395281390871,0.160301782037079,0.000197693785081347,0.0100422927632453
" 6994",28,0.892558671965319,0.119447887155985,0.0067396574795743,0.0118721214428101
" 7045",40,0.895476141252182,0.151593437596868,0.00749960939534399,0.0123312833381847
" 7407",41,1.17823443526611,0.508432948363557,0.000594941377415505,0.0124157219174474
" 8875",64,1.19539707552091,0.40785836853241,0.000403093376301617,0.0122241064851122
" 7412",48,1.13289508558913,0.487681234593288,0.000641707649155178,0.0122410782708261
" 7063",54,1.06841824837409,0.172536491014675,1.08944155757194e-05,0.00948498327618356
" 8877",59,1.23435050105619,0.415302665218642,0.000656322109073826,0.0123039601134125
" 8868",40,0.803630571286279,0.246803151627231,0.00058298409202752,0.0118569414088751
" 7711",48,1.16280181172394,0.397442541017493,0.00197082634939294,0.0122382743017193
" 7715",46,1.00562239471996,0.353600366643641,0.000688208203441785,0.0118571260961695
" 6799",59,1.08498769318186,0.187676265550228,5.73949698623265e-05,0.0099142026356119
" 8235",57,1.02408950761773,0.353499074022883,0.000909550841846035,0.0117262786309245
" 4623",30,0.961603208757285,0.20161585456545,0.00348249293988727,0.0107073441385027
" 6800",53,1.02899678105361,0.176209643039611,4.49062495682091e-05,0.00993963110512189
" 8534",84,1.08799682347321,0.334498089510964,1.67401995431786e-05,0.00898672694869973
" 8013",70,1.06147115608385,0.323383070145446,0.000385024589493107,0.010217422310934
" 8597",54,1.14178744523233,0.396734465543484,0.001454271620632,0.0122032182040908
" 8549",80,1.08761565384124,0.328293611580083,1.43487424655816e-05,0.00876250329123282
" 6436",23,0.963722271931754,0.36195280051053,0.000625498884518132,0.0121484744811875
" 8543",77,1.08213607967261,0.329865415906616,1.2223002841051e-05,0.00900876576097371
" 4506",42,0.965729085593814,0.174525814824077,0.00238162553183348,0.0124573469145796
" 8814",55,1.2147992641134,0.472081442191755,0.00312962016221519,0.0130586921514516
" 8475",49,1.05242258579765,0.332893243586128,0.000162087646370459,0.0109037035811791
" 6587",36,1.09484000500626,0.416263038548397,0.000318329508773459,0.0120682771674187
" 8815",47,1.15626181011118,0.426770783545807,0.00264973444197741,0.0128930316377536
" 8672",71,1.06705286048252,0.395839194347579,0.000303980766307877,0.0112810428388746
" 8461",63,1.17267845893767,0.377985301356526,0.00390631227752806,0.0122946285465998
" 8004",51,1.22176998524225,0.413165782699368,0.00192406007765327,0.0124486971996855
" 6698",35,1.06893249018139,0.134619624970576,0.000468725587209,0.010951276809585
" 6812",33,1.00810740483231,0.152357449687387,0.0043155171552502,0.0120057762016083
" 7051",48,1.00339936376809,0.1375140902066,0.000372270151745923,0.00967642281950311
" 8874",37,1.05425197253388,0.363866615569531,0.00588643873777833,0.0132384950648242
" 8537",46,0.925883352086386,0.309106682568545,0.00297656690924899,0.0126433589597088
" 8015",53,1.09952484800897,0.372459015061763,0.00249030397013761,0.0124136127093589
" 6697",31,1.03945900454932,0.131424371812399,0.000444279581526897,0.0111585434139155
" 6809",29,0.953526498616232,0.142914367304731,0.0043463403798059,0.0119403540264032
" 6951",48,1.04256201014607,0.163898862323489,0.00013817307559449,0.00940371747373883
" 8873",36,1.13679052442906,0.376694931286698,0.00410746038949927,0.0131718958855132
" 7720",64,1.08273884221979,0.350877801788778,0.00119838571332913,0.0117254564117588
" 9475",8,0.670568324908423,0.148777368580715,0.00219270042270332,0.0125040589329244
" 6545",43,1.10548343834056,0.256843522839744,0.00370914992735285,0.0122135143505369
" 8336",80,1.09314191782181,0.339339288849184,2.12573962453061e-06,0.00875203723770192
" 6476",36,1.10560186429617,0.325293431140987,0.00335335425769704,0.0124358149461605
" 6725",37,1.21353968594553,0.554389174143839,0.000183079325162699,0.0124588957666799
" 8239",79,1.09329941541887,0.339057881511245,8.23724104505611e-06,0.0087853851231742
" 4668",49,1.17990607337272,0.51924925024693,0.00105277254904878,0.0130948611578925
" 8334",81,1.0922221279146,0.337809680839773,1.06286981226531e-06,0.00879641375405233
" 6728",47,1.19554310068325,0.524601490092266,0.000168996300150183,0.0122670566754398
" 8631",82,1.0886439238634,0.344905155887657,4.25147924906122e-06,0.00881977998563878
" 8337",85,1.07695519323329,0.343569217148808,0.000149598926076342,0.00918279836179121
" 7011",28,1.19573732719033,0.557991959882005,0.000708668447327892,0.0130404031558874
" 8632",82,1.07720266432123,0.33194780742163,0.000120635723692112,0.00954025889218078
" 5478",21,0.960311322240228,0.278853900019373,0.000771643483704611,0.0115997244516846
" 8335",50,0.946649065190668,0.265426445015157,0.000596801399586969,0.0115861058516938
" 7012",36,1.19505900487644,0.553976849653332,0.000306106505932408,0.0128669394566299
" 8634",81,1.10046007656605,0.345231292764836,1.40830250125153e-05,0.00887839376723618
" 8833",62,1.11026367679114,0.359766525879942,8.98124991364183e-05,0.0104295288573806
" 8648",76,1.0686759577588,0.335196652980616,3.34803990863571e-05,0.00891150440644635
" 8831",70,1.09008902855238,0.345183669586572,5.60663825969948e-05,0.0100126989293251
" 6745",34,0.980598480685546,0.270921517305318,0.000968805833879826,0.0106300991656692
" 8829",54,1.09687763281207,0.357952441407607,0.00144630009704001,0.0109825112700692
" 7534",48,1.04617477560155,0.184331329699149,0.000224265530387979,0.0100804704595173
" 8946",49,1.1146958009528,0.315382613668126,6.72265156257805e-05,0.0107063838423503
" 8840",59,1.02948651835205,0.318659931137488,4.91577288172704e-05,0.0100627219700098
" 7508",51,1.01108400183107,0.173351353773342,0.000103629806695867,0.0100572226364282
" 8949",51,1.10833687545343,0.313460815172554,0.000118509984067582,0.0108644960592832
" 7963",40,1.04178941985909,0.345196762939654,0.00186028788891735,0.0125075709268557
" 8948",44,1.05029996557663,0.297365282862744,5.02205986295357e-05,0.0107592274513288
" 9037",35,1.08388894717573,0.292609781271787,1.86002217146428e-06,0.0112199792673664
" 8950",45,1.03427774127129,0.294405138560801,0.00111335612834791,0.0111846279253014
" 9030",34,1.09357151777756,0.291338823390084,0,0.011235147233069
" 6194",50,1.06361103845421,0.276170009530159,0.000853218741795974,0.01099750606742
" 6761",71,1.11122792265682,0.298942216930943,2.65717453066326e-06,0.00949276134032509
" 5423",58,1.02306302026668,0.189882437064863,0.00163017657456191,0.0119561095159227
" 6350",27,0.937940163318009,0.152070548706504,0.00110379030003752,0.0106720511836494
" 6160",39,1.04667541879796,0.123127600679085,0.000776160680406739,0.0104682868690583
" 8323",69,1.11810280284751,0.390108719185938,0.000211511092640796,0.0103575185901893
" 7202",32,0.903878744842694,0.106787744944708,0.00374528750096987,0.0107083460231978
" 7105",36,1.04722228849427,0.135189320390687,0.00120556008456192,0.0104038802088105
" 9028",28,1.08786704340415,0.289974011811885,0.000705745555344163,0.0112711510561909
" 9109",33,1.01133156941174,0.278668683804702,0.000224796965294112,0.0099335564420506
" 6760",66,1.10104116446314,0.295237863539369,5.0486316082602e-06,0.00954058051409654
" 8319",73,1.12953003239793,0.391283843743322,3.26832467271581e-05,0.0102982514725747
" 7209",39,1.04992993155845,0.144161575288094,7.91838010137652e-05,0.00992344592727244
" 9038",34,0.993120928459475,0.269200145620275,0.000443482429167699,0.0110724206466291
" 9110",27,1.00874880604402,0.275247830917506,2.71031802127653e-05,0.00981130817710959
" 6767",69,1.10141799600922,0.294866484519442,9.03439340425509e-06,0.00949418347509774
" 6333",40,1.08234651856332,0.155069793788086,7.99809533729642e-05,0.0102469049479148
" 8322",66,1.08599871819069,0.382052435234479,0.000138704510500622,0.0103440926056753
" 7096",41,1.03081903503391,0.149481154243075,0.000209385353016265,0.00998335445677612
" 8642",51,1.14489153672313,0.422275427405006,0.000211776810093862,0.0110434410411883
" 8497",73,1.09554682482906,0.33841708147955,0.000267577475237791,0.0106886726019804
" 9108",31,1.01483843809857,0.277858093213296,3.64032910700867e-05,0.00981300347003188
" 6749",65,1.09741997954443,0.285732035765219,5.36749255193979e-05,0.00962193462725372
" 8021",61,1.16357021324777,0.367069906638537,0.000776957832765938,0.0111457759018816
" 6330",39,1.03776477745519,0.142247380787704,7.70580613892346e-05,0.0102497279666959
" 7649",55,1.17512691982364,0.470180212793547,0.00162512794295365,0.012894768587505
" 8318",61,1.02095335330759,0.35662874258795,0.0010692470311389,0.0107780963477215
" 8641",51,1.10954057933192,0.413229835433701,0.000434182318310377,0.0110079232516786
" 9113",24,0.842853980766988,0.214060056363999,0.000425147924906122,0.00983379860440236
" 8495",67,1.09315039162721,0.340218802430006,0.000206462461032536,0.0106899040991842
" 7040",44,1.23964800139896,0.392409658980335,0.00534995520003741,0.012467869190942
" 7652",66,1.18640546173459,0.492101397078383,0.000657119261433025,0.0126695955973703
" 8638",55,1.10346072437964,0.414783230968119,6.66950807196479e-05,0.0105453344369891
" 8839",43,1.23892605690737,0.538298395244793,0.000535686385381714,0.0114171660721041
" 8511",81,1.10645813582622,0.32095759402983,0.000273688976658316,0.0105284819331151
" 8650",42,1.04773687392036,0.393341329631474,0.000429930839061316,0.0109594295042192
" 8838",38,1.24186671571698,0.53883044649322,0.000344104101720893,0.011479384664228
" 4989",47,1.01923538543175,0.384780756594742,0.00322368414060067,0.0131246452108848
" 6953",42,1.174466995405,0.361420398047413,0.00147287184234665,0.0118864872936435
" 8837",40,1.22029354626692,0.536368560636758,0.000236222815775964,0.0114099939716591
" 8952",57,1.28670642619875,0.565684466973925,0.000463145520694607,0.0114728914280401
" 8841",42,0.97867246285512,0.401470744246313,0.000607961532615755,0.0110256338760914
" 8951",54,1.27485318060155,0.56351497238812,0.000254557320037541,0.0114487575669272
" 8953",49,1.30757585972565,0.5648375231436,0.001249934899224,0.0117207940896068
" 9034",31,1.19730223943773,0.605033992094897,0.00038475887204004,0.0110264610938023
" 9579",47,1.26313126244799,0.522084782368071,0.00271005230382346,0.0139947777196551
" 8947",38,0.704263219300431,0.246270198046849,0.00103178087025654,0.0113561154240599
" 9029",30,1.19233686649614,0.602469722915111,0,0.0110214704780737
" 6382",65,1.04183587068132,0.254431943755211,0,0.00809512339782057
" 7691",76,1.13731005821422,0.373211360180901,0.000154913275137668,0.010996696051515
" 9535",51,1.13031744004013,0.479141998824772,0.00215629713163324,0.0133254178279971
" 9033",28,1.19497459184154,0.595320711735596,0.000436573775387974,0.0111283558155747
" 9104",51,1.24191481072001,0.602932345526147,2.65717453066326e-05,0.0110640556263274
" 4617",54,1.08765561768038,0.271697357653372,0.000230377031808505,0.0104294206824022
" 6358",69,1.00876455422183,0.244001455480883,0.000144816011921148,0.00896672454223364
" 9036",24,0.537039706080063,0.253757037928816,0.000809641079493096,0.011431242620381
" 9106",51,1.23356694397102,0.597983931013548,0.000376787348448051,0.0110598122493683
" 6373",61,1.07301805589883,0.273331882857812,9.56582831038774e-06,0.0093276819105584
" 4624",43,0.920746071083018,0.24213658934316,0.00052293194763453,0.0107451832423759
" 9107",51,1.22508566173216,0.59463851135326,0.000315140899336663,0.0110873490878453
" 9115",31,0.75509518636578,0.32746472185932,0.00136711629602625,0.0109934655281119
" 6397",67,1.07530542094719,0.273357039512527,5.31434906132653e-07,0.00902655151713632
" 8346",23,0.396026718983047,0.146942658343176,0.000361907171076336,0.0114021467883003
" 6910",26,0.920714126259269,0.118871872194289,0.00158580175989984,0.0110260293166154
" 7038",44,1.11811108121596,0.237740570592134,0.000670139416633275,0.0113574744782044
" 6870",40,1.0411709741377,0.124066876732307,0.000212839679906127,0.0103025218531226
" 6297",35,1.03812576147499,0.115657074012146,0.000125950072753439,0.0099341979435369
" 7442",52,1.04374335949798,0.168318321747614,0.000613807316583214,0.0094541771044279
" 7111",32,0.971873521826067,0.119752962512052,0.000906627949862305,0.0107094835203252
" 6388",65,1.07743060312636,0.273349320705994,5.31434906132653e-07,0.00900967838628218
" 6872",33,1.02300733928996,0.124921830319406,0.00267922907926777,0.0109020873420352
" 6903",50,1.04125630821355,0.243101918092277,0.000670139416633275,0.0115505110574377
" 6299",29,0.951656753648906,0.105826940900004,0.000697508314299106,0.0103439194307146
" 7435",53,1.00734592330373,0.157275869521927,0.000116384244443051,0.00905281982136609
" 6391",67,1.07391830859625,0.271063179758492,1.03629806695867e-05,0.00903639326722193
" 4622",57,1.14674606237644,0.315010528648201,0.00171361185482474,0.0113870554365501
" 6867",44,0.953016448891504,0.119955368347493,0.000301855026683347,0.00991963069093295
" 6950",54,1.04096026035341,0.174211018076467,0.000437902362653306,0.0104507146342427
" 6426",55,1.01850948437433,0.126846104631725,0.000138704510500622,0.00914272118310832
" 6368",66,1.06823297810858,0.270103569211076,7.17437123279081e-06,0.00911790514772329
" 4625",52,1.00858325585511,0.285582773384801,0.000350747038047551,0.0106250251447337
" 8320",74,1.11240166879535,0.347739974650275,2.09916787922398e-05,0.00934273827462986
" 7068",34,0.64288082742578,0.139542720485514,0.00134160742053188,0.0112799769119862
" 6948",52,1.08582251462461,0.183128228874786,0.000186799369505627,0.0100652224244486
" 6770",37,0.958247576661898,0.248378411433459,0.00449434500116384,0.0114481668734607
" 6363",67,0.957787606242666,0.236430306518897,0.000188393674224025,0.00931773818051947
" 6497",38,1.04502682747931,0.202558874878649,0.00393421261010003,0.0117046628663523
" 6788",34,0.803860308382193,0.213449125787107,0.00136286481677719,0.0122158870161346
" 6220",37,0.988353863560226,0.126864214690333,0.000463145520694607,0.0101950769339239
" 6113",26,0.977847503328253,0.121603475164013,0.00137987073377343,0.0109416375527578
" 6352",24,1.05002378040087,0.163922487194322,0.000252697297866076,0.0105090034056255
" 8316",77,1.11560957614367,0.346913168776458,5.0486316082602e-06,0.00931149150839229
" 6988",40,0.981036990258191,0.155425757464746,0.00106154122499997,0.0110582375316793
" 8705",79,1.0906670627456,0.341054031458818,1.67401995431786e-05,0.00902567710622032
" 7348",66,1.0860693844559,0.197432904232956,0.00194770893097617,0.0106929945888846
" 6351",26,1.06479253293975,0.171089546046807,0.00188446817714639,0.0108715623079667
" 8315",77,1.12553499088836,0.346103287092402,2.07259613391735e-05,0.00913035635932519
" 8637",65,1.12809804013678,0.367263987037845,0.000479620002784719,0.0102605445375755
" 8327",72,0.946541987510459,0.298946979347017,0.000494234462703367,0.0107914442632576
" 8635",73,1.05072619498806,0.335084449740308,6.64293632665816e-06,0.00971286736169669
" 8857",52,1.2811040155636,0.521643702302128,0.0126614366386104,0.0138700631456801
" 7694",48,1.22783339327883,0.59191713636764,0.00143699998618269,0.013213750309982
" 8715",40,0.697675360529262,0.209225332796213,0.0010392209589424,0.012521121628846
" 8633",50,1.1986973503828,0.393012967865868,0.00238428270636415,0.0115769680341587
" 8834",41,1.26964603341785,0.644696934703534,0.000956848548491841,0.0125969452384909
" 7693",49,1.23859983897476,0.580618585707562,0.00118935131992488,0.0132037697509329
" 6970",38,1.14635449945995,0.344610049655027,0.00295504379555061,0.0116952223500695
" 9097",29,0.933110107966474,0.289523067743489,0.00182415031530033,0.0126073037392716
" 8652",31,0.905581039013321,0.323837533675722,0.00267710333964324,0.0126924094595564
" 8830",43,1.29001423145903,0.649922029021164,0.00167853715101998,0.0127679261239177
" 8963",37,1.04680499250312,0.317024789584448,0.00471807909664569,0.0126006636705054
" 6971",32,1.11295978702632,0.316546412494555,0.00133018157005003,0.0115290659724325
" 8832",38,1.24822351978568,0.562798753862413,0.00362916897397988,0.0129482151488311
" 8954",41,1.16112498880187,0.517266546329668,0.00136313053423025,0.0116812741566581
" 4793",71,1.03426270306103,0.145503488474824,0.000218685463873587,0.00886419421351611
" 6969",34,1.1248054604437,0.322671021165346,0.00120343434493739,0.0113770814886099
" 8955",41,1.17139310179393,0.49003728863193,0.00170750035340421,0.0114675592565821
" 9043",32,0.991851384775987,0.249520412752032,0.00169076015386103,0.0114087874341147
" 8959",30,0.779651313811494,0.256138619516909,0.00164983966608882,0.0116805994993073
" 9032",42,1.34624329622833,0.688267213416235,0.00112425054392363,0.0116121981430038
" 7293",21,1.0837651467472,0.354078899728166,0.00190758559556316,0.0133111692237813
" 9035",39,1.34526304775077,0.679193561206229,0.000995111861733392,0.0117180165220339
" 6002",21,1.08225794029026,0.353682779648267,0.000193973740738418,0.013305824962299
" 9359",8,0.209427707721687,0.123842664143965,0.000247648666257816,0.0126143186103744
" 9031",33,1.06035352304752,0.559654388739343,0.00100122336315392,0.01151608932914
" 9111",52,1.27410531967576,0.594275600623533,0.00124966918177093,0.0120191938041901
" 6744",64,1.07226957527605,0.286769579954906,0.000159164754386729,0.00950158814225051
" 6203",44,1.05755062826753,0.148072311068252,2.39145707759694e-06,0.00957103389448872
" 7642",54,1.02553577639193,0.131677770760751,8.02466708260305e-05,0.00913927014262746
" 8701",66,1.10853984619913,0.376171285896031,4.03890528660816e-05,0.00990504075843962
" 9112",49,1.27264274672651,0.591503354952866,0.000197162350175214,0.0118626899215703
" 6742",50,1.0662358420092,0.285090467403467,0.000192910870926153,0.00960927363664123
" 6201",45,1.05753315563106,0.148963914256038,1.03629806695867e-05,0.00967374886254836
" 7639",52,1.02120869245718,0.130736539558832,0.000401764789036285,0.00931429662942815
" 8698",65,1.10726214452549,0.374816462304392,8.58267373404234e-05,0.00993491835766891
" 9105",41,1.16982494752155,0.528897616155956,0.00132221004645804,0.0117121129290865
" 6738",60,1.00778053518051,0.258606621743459,8.13095406382958e-05,0.00963293951083039
" 6199",53,1.05946508509089,0.150956569766795,0.000807515339868566,0.00983364222182824
" 6672",38,1.3451561251026,0.498363945191486,0.00204841584568831,0.0127851097046402
" 6887",43,1.03794444793135,0.385157178443644,0.00161662498445553,0.0125533756210937
" 6252",29,0.97727730965141,0.122089325003757,0.0025763964249311,0.0112502305727687
" 8696",68,1.08921251538368,0.367057335959027,1.51458948247806e-05,0.00963533734274154
" 8863",62,1.27907932210513,0.600286797986214,0.00036669008523153,0.0121054461863635
" 7031",34,1.03861562875442,0.278080962508559,0.00153425257400497,0.0120679315236555
" 6885",43,1.20377934094953,0.435933913177083,0.00222299221235289,0.0126818771737422
" 6848",48,1.23541505323737,0.460823781850855,0.000406281985738413,0.0124745015682794
" 8702",70,1.00482062032842,0.321137773197128,0.000214965419530658,0.0100875808125573
" 8864",51,1.23324060515862,0.605002670402245,0.0008845734012578,0.0122793613775115
" 6403",67,1.07932907944659,0.262865141379514,0.000331881098879842,0.00981641012103174
" 6714",40,1.02928261246695,0.147300268286039,0.000176967823742173,0.01026341826762
" 7049",53,1.09304518643596,0.180066588963822,9.43296958385458e-05,0.00904827290533198
" 6624",56,1.09366357732649,0.191767707841384,4.99548811764693e-05,0.0102042307371455
" 6510",51,1.04997394655835,0.139588106171249,0.000134453031251561,0.00943855649886055
" 6251",40,1.0281658437848,0.143883355463496,0.000332943968692107,0.0103053752999726
" 9509",25,0.690453833315469,0.257178612916581,0.00103257802261574,0.0122730186903872
" 8865",54,1.18683500907795,0.589080049779749,0.000171919192133913,0.0121000463550326
" 8964",38,1.21418191651949,0.562400860669404,0.00085348445924904,0.0123461925624211
" 6407",64,1.06791748418345,0.261269479775546,0.000315938051695862,0.0101837774361654
" 6957",53,1.03836854847351,0.166985220329866,0.000155444710043801,0.00920422264859053
" 6813",33,0.947770080582676,0.282594177682935,0.00461471500740289,0.0133093877110618
" 6692",42,1.00091919755963,0.152561297306844,0.000491045853266571,0.0104389403740136
" 6439",50,1.02442559892167,0.133092820642522,0.000645693410951173,0.00991430315340206
" 9545",36,1.13726741025154,0.470085668766457,0.00411888623998112,0.0141200052484638
" 8862",25,0.805163482989295,0.362990569399775,0.00122416030627657,0.0122243263001171
" 8967",36,1.19198043588014,0.565055897837567,0.00120184004021899,0.0123820017248009
" 6401",58,1.07901068516459,0.259903083395414,0.000433119448498112,0.0101942618344018
" 4874",37,1.03820158079522,0.20068392365447,0.000570761089186469,0.0103660226991881
" 7056",48,1.05841279229696,0.151937269894642,0.00125524924828533,0.0107259402983079
" 6696",37,0.959265428281709,0.130583012914913,0.00081734688563202,0.0108197082394677
" 7467",47,1.00458127882003,0.311363156912508,0.000862518852653295,0.0113996157800101
" 7320",54,1.012153320619,0.208349368563182,0.000732583018103861,0.00995492389056231
" 9541",57,1.16888814123807,0.470227166898744,0.00252484723903623,0.0137301338983127
" 8961",19,0.353202046011766,0.128128129931502,0.000587501288729647,0.0120985700976798
" 9039",48,1.22965545290356,0.556216948294758,0.00231041325441171,0.0126167334318866
" 9056",48,1.32410373069839,0.527358017383157,0.00160599628633288,0.0133385728996464
" 6409",51,0.920935798080622,0.222881384239771,0.0026300713504505,0.0110533648055842
" 4873",36,0.990910478988306,0.198348872509354,0.000154913275137668,0.0101477398933919
" 9544",56,1.32537684329303,0.517463018813737,0.00779747866023134,0.0144490346746989
" 9040",31,1.13313382896852,0.540703414422549,0.000928416781013744,0.0124638799826099
" 9055",53,1.37095126291446,0.54641965332725,0.00117234540292863,0.0131443211882608
" 7207",34,1.14105029080485,0.318538488547148,0.00205505878201497,0.0116749932202011
" 9517",34,0.965547509883374,0.425473877005907,0.0024950868842928,0.0138329974521476
" 9123",20,0.305191010355337,0.13739978056004,0,0.0109353526063208
" 7107",32,1.09432081482455,0.297555730217022,0.00213875977973086,0.0116849072097473
" 7100",33,1.12043197808144,0.328253903944561,0.00376627917976211,0.0117885214209702
" 8486",40,0.957032822817428,0.304979207408065,0.00315964623441169,0.0131802044580008
" 9449",12,1.01290047691141,0.185664051287769,0.00911224861800353,0.0130593642505945
" 6393",63,1.05571542758066,0.258739073196346,1.48801773717143e-05,0.0086382048633215
" 7525",53,1.02944786583129,0.176566727538766,0.00058298409202752,0.0105621964168355
" 6400",65,1.05632241966507,0.261777319010801,2.04602438861071e-05,0.00849032678662731
" 7362",53,1.02663227056533,0.169576743713453,0.000892013489943657,0.010957946053061
" 6370",63,1.06856784832993,0.2689202793751,6.66950807196479e-05,0.00872413503199565
" 5661",38,0.987967636942855,0.155936051953141,0.000845247218203984,0.0117398397289256
" 7461",52,1.0800826810026,0.169936178708494,6.48350585481836e-05,0.00961118776452998
" 6377",53,1.03817912734988,0.256928016902278,6.69607981727142e-05,0.00899755012325325
" 6204",38,1.05456099735426,0.148183073027044,0.000392464678178964,0.00993691554862
" 8697",72,1.09350105575652,0.357881328729511,0.000581124069856056,0.0113560347004691
" 7464",52,1.05687116259201,0.175479022790367,0.000383961719680841,0.00993491627659063
" 4615",47,0.978455145447135,0.245210686295828,0.0023128047114893,0.0120840232112245
" 6159",40,1.05993133230632,0.127590022451838,0.000862518852653295,0.0105676959641065
" 6266",31,1.04696430376493,0.118853536562284,0.0032021610269023,0.0113021308461367
" 9346",45,0.976444925825947,0.31725273932887,0.00503242284362315,0.0131847736606212
" 6494",31,1.07488787339235,0.164859016291437,4.86262939111377e-05,0.0102285630047799
" 7110",47,1.06625642481442,0.139773407008615,2.3648853322903e-05,0.0095064860541745
" 8693",75,1.0886352186221,0.357332208159021,0.000681830984568193,0.0113306879622432
" 7466",54,1.05367865917629,0.173231374481294,0.000583781244386719,0.010203983834444
" 4618",40,1.12680222086086,0.294021250043194,0.000241005729931158,0.01110980423939
" 9344",49,1.21307516533524,0.403294060154279,0.00678243798951798,0.013365387997836
" 7199",43,1.06838156956602,0.140534072381291,2.89632023842296e-05,0.00960370272825348
" 6492",31,1.03782504978899,0.163698390018712,0.000335069708316637,0.0103143820277985
" 8690",70,0.986459989643187,0.340488815887288,0.00111123038872338,0.0118285395398684
" 8860",42,1.54740449113554,0.814854907499606,0.00231572760347303,0.0133192333483957
" 4616",40,1.00415942092007,0.265826190119455,0.0010440038730976,0.0117717979363824
" 6668",56,0.952256683641253,0.139665897811095,0.000846841522922382,0.0104438729583133
" 6334",62,1.06373668039872,0.163331269004644,0.00150263219709008,0.0107194545123825
" 9335",35,0.726293170006267,0.201914467386812,0.00302200459372333,0.01236807643877
" 7101",44,1.04866841380651,0.133498306241387,9.88468925406734e-05,0.00972089985401196
" 6488",25,0.992761669870527,0.15241247905637,7.97152359198979e-07,0.0101471176043449
" 8692",48,0.698848653225561,0.218739101394086,0.000666685089743413,0.0112074858778565
" 8859",61,1.50741625387769,0.809058546507694,0.00303422759656438,0.0133672722010023
" 6964",45,1.0633419191554,0.20459566452923,0.000750386087459305,0.0100334316677142
" 6699",34,0.847035628136247,0.131747063399453,0.00136020764224652,0.0110182522022365
" 6331",22,0.95430070723221,0.135270075438271,0.00169899739490609,0.0107285304477806
" 8853",36,1.25855270750585,0.711878399692049,0.00282271650392358,0.0132744757291501
" 8966",43,1.2868925408798,0.64179829210486,0.00108333005615141,0.0122253315577656
" 9192",30,0.805566316616737,0.28971378881855,0.00361694597113883,0.0133656950891711
" 6962",43,1.06601625794362,0.202486554179949,0.00020327385159574,0.0100450408857935
" 7444",45,1.13795480090912,0.329683993972507,0.00366371224287851,0.0115075051945803
" 6182",35,1.13051019512804,0.368431264426678,0.00211962812311008,0.0126220967308674
" 8965",46,1.24552216882705,0.626331045729475,0.000765797699737152,0.0121694227331851
" 9196",50,1.13060014178934,0.348144236222702,0.00400755062714633,0.0134122171106161
" 6491",31,1.13235482244378,0.482866661021676,0.00477999126321014,0.0140988304674044
" 7450",35,1.03849270720386,0.276293502865836,0.00106658985660823,0.0110410930844304
" 6177",27,0.944379915602744,0.276839336772523,0.00300606154653935,0.0126991149586498
" 9041",20,0.599619773264999,0.2397992930009,0.00115879381282225,0.0130626320179886
" 9054",45,1.35559865561491,0.506745326352494,0.00454722277432404,0.0136790596210326
" 8324",59,0.908782647817698,0.280030117607177,0.000382101697509377,0.0105806626356315
" 6642",33,1.09467070983457,0.530936251244444,0.0023672767893679,0.0139344786541519
" 3788",58,1.05990689786905,0.250203074564792,0.00212281673254688,0.0119782185110407
" 8332",57,1.12772307845552,0.36481368854638,6.03178618460561e-05,0.0102237195083131
" 8330",57,1.1113519920338,0.357563796804993,2.76346151188979e-05,0.0102309298415273
" 7113",26,1.00770462180055,0.17388396950103,0.00250730988713385,0.0108828238041741
" 8328",61,1.08955652145467,0.339261131908409,0.00023143990162077,0.0102970241608709
" 8639",60,1.10689098352552,0.401863381345654,0.000151724665700872,0.0111167470287855
" 6343",45,1.04072241067468,0.151971845807012,0.000774832093141407,0.00969968558430783
" 8888",51,1.24575268329058,0.4870955648853,0.00710076749829144,0.013547338139904
" 8321",63,0.981684465861029,0.315575712200943,0.00100281766787232,0.0111215499668139
" 8640",58,1.10421617684704,0.403888069217228,0.000272094671939918,0.0112394319495166
" 8553",64,1.15821054255033,0.375713460077036,0.00104054954620773,0.0122207357020979
" 6342",41,1.04759314922503,0.154113596754457,4.9689163723403e-05,0.00944366260424385
" 8630",54,1.07566096921753,0.391363794400095,0.000658713566151423,0.0113468660968351
" 8836",33,1.08278621113036,0.420064209839886,0.000549503692941163,0.011054086242785
" 8457",48,0.964849950988473,0.305620841354996,0.001922997207841,0.0126017090218371
" 6345",36,1.02988644424649,0.146408523354925,9.14068038548162e-05,0.00980778392071204
" 7137",33,1.16497633232057,0.35644419328543,0.0043691920807696,0.0129447820898646
" 8970",38,0.876590435216301,0.411574962537774,0.00206090456598243,0.0133174227796611
" 8835",40,1.08062781191037,0.421886553675501,0.000301057874324148,0.0110567288193708
" 9215",48,1.17227402060244,0.395473137166392,0.00074427458603878,0.0122126774073436
" 8828",29,0.978361311720121,0.375959481256729,0.000553489454737158,0.0109821368711885
" 8958",48,1.0263512370007,0.387994381452515,0.000488654396188974,0.0119293640898028
" 6298",45,1.02876125760809,0.115478639004897,0.000150396078435541,0.00977270029477517
" 7445",57,1.06855206077556,0.178337077841225,0.000201413829424275,0.00922786898892497
" 7116",57,1.08995533483258,0.170816436312481,0.00035366993003128,0.0105790464398332
" 6603",44,1.02369295718105,0.120869924514308,0.00188260815497492,0.0105502417258041
" 9059",30,0.555926628314381,0.211964922739996,0.000289366306389229,0.0116752578809045
" 9209",42,1.13113947576452,0.405645473854525,0.000806983904962433,0.0123599956645883
" 8960",36,0.94731937786769,0.370369423049294,0.00262130267449931,0.0132046292421397
" 6303",35,0.997398946626756,0.111630500332921,0.000710528469499356,0.0103465869440259
" 7447",62,1.06469049691208,0.174443088878202,3.72004434292857e-06,0.00895404186033009
" 7009",54,1.01896100581565,0.154583169577109,0.000416113531501867,0.0108820708417714
" 9213",32,1.18450847163333,0.41354308807981,0.00126508079404878,0.0125773863204126
" 9027",43,1.18795114301361,0.484896890166313,0.000975980205112616,0.0117211673885542
" 6424",57,1.0345998271023,0.138901380630417,0.000725408646871071,0.00981984749427324
" 7449",62,1.04785088156359,0.171591455281553,1.56773297309133e-05,0.00885032898815624
" 9026",43,1.05100891171555,0.434577277127118,0.000146410316639546,0.0115711846908937
" 7102",37,1.06240885068746,0.179210462494733,0.00045570543200875,0.0104303924871575
" 9103",39,1.06768403804635,0.423984636676604,0.0028628398393366,0.0123623891892618
" 7098",41,1.0350250667414,0.175175958059502,0.000218685463873587,0.0103625838388993
" 6406",35,1.0031119521585,0.154018111601302,0.00367327807118889,0.0117951607191544
" 6415",40,1.03898252438686,0.18559581506644,0.000801669555901106,0.0111794513466812
" 4614",45,1.09514809043685,0.295386818372827,0.00593665933640786,0.0126002799680457
" 4626",42,0.964187446975603,0.250299116394077,0.000781209312014999,0.0114257894231061
" 7408",48,1.31204435543789,0.556407659667702,0.0032013638745431,0.0139138847091609
" 8879",48,1.0190358618207,0.419338025443802,0.00123452328694615,0.0120302130112938
" 9194",51,0.851341345023401,0.258403442860823,0.0014314199196683,0.0118455349096865
" 9190",55,1.0515829203551,0.32661140106107,0.00605304358085091,0.0131723920481452
" 8357",69,1.09538088466063,0.355604251793436,0.000827709866301606,0.0108855231124493
" 8352",53,1.08204311857887,0.344655054501096,0.000662433610494351,0.0109295480668318
" 8623",74,1.11692926628472,0.422022810265725,0.00102593508628909,0.0117070783807713
" 6485",30,1.06365711601653,0.129050714748149,0.00289950884785975,0.0112995225622957
" 7643",53,1.05435948150209,0.134392441747646,2.15231136983724e-05,0.00926096713594829
" 6682",30,1.03839631445766,0.136520787546778,0.000220811203498117,0.00998185200103757
" 8551",30,0.606576978811225,0.236285312275568,0.00073922595443052,0.0121619114125387
" 7641",47,1.05734969293359,0.135113958159886,4.99548811764693e-05,0.00905925032175562
" 6679",23,0.916973682297673,0.121939073869805,0.000575809720794729,0.0101775822986581
" 3803",64,1.05728859545307,0.257289956175469,0.00131609854503751,0.0121578510296922
" 6752",53,1.08168799665498,0.295607211982327,2.6837462759699e-05,0.00928648422673416
" 6937",37,1.0272470013072,0.141191546812296,0.000881916226727137,0.0108856843887522
" 6538",48,1.01463095266779,0.129949569575283,0.000746931760569443,0.0103057438900324
" 6751",39,1.00267232111307,0.273243212980872,8.18409755444285e-05,0.00976432263601001
" 7439",54,1.08063454994544,0.215570600524331,0.00106260409481224,0.0101149425182168
" 6746",48,1.05402789240417,0.294545889318404,2.63060278535663e-05,0.00947701575119745
" 6438",45,1.06019911604556,0.141288977652682,0.000101769784524403,0.00979279100605209
" 6254",32,0.964912297200424,0.149269290938847,0.00418292414617011,0.0112987536029588
" 7431",45,1.0303594025505,0.1916957420363,0.000962960049912366,0.0100984768112216
" 6440",48,1.04472193884058,0.137352988457471,0.000105489828867332,0.00952129476406554
" 6719",42,1.21180363380352,0.513827514625512,0.00281341639306626,0.0133435132448878
" 8687",59,0.904153413839493,0.279610227053452,0.000254291602584474,0.010438469332699
" 6432",39,0.948203508251263,0.140137840174263,0.00474757373393605,0.0111700719485411
" 6998",35,1.14847568880095,0.488454129242981,0.0026545173561326,0.013151080692696
" 3848",89,1.08966011965654,0.221467363884167,3.32146816332908e-05,0.00964902744831528
" 5139",37,1.06703190244327,0.32283478666567,0,0.0100868625410502
" 8700",69,1.14748786058417,0.366582384887242,9.35325434793469e-05,0.0105665439038376
" 5138",34,1.05331985812878,0.317663462513743,0,0.0100532714276313
" 8695",75,1.15114508451472,0.366354382749815,1.24887202941173e-05,0.0104423394043129
" 5142",33,1.07760541416943,0.322391105081462,4.80948590050051e-05,0.0101471973714633
" 8691",72,1.12559436900612,0.355679090569401,6.1115014205255e-05,0.0101552014494196
" 8858",58,1.15187822569957,0.459646778450267,5.10177509887346e-05,0.0108767779086327
" 8689",62,0.8740846648301,0.275724019138474,0.000755700436520632,0.0106461528916598
" 8855",55,1.14131879568519,0.455761013679447,0.000354467082390479,0.010939599633315
" 8536",85,1.13554572679113,0.378484435604451,2.49774405882347e-05,0.0100258025342922
" 9217",26,0.894404704457218,0.301209647833881,0.00047589995844179,0.0121875158082084
" 9127",78,1.04756446306159,0.309087394386083,0.000102035501977469,0.0103620127102142
" 9132",51,0.730665345484343,0.252971624276237,0.0003385240352065,0.0119679922872271
" 6873",60,1.05530323462791,0.134636444522722,0.000214699702077592,0.0097971676356494
" 7005",50,1.14669101260298,0.229442107770492,0.000191582283660821,0.0110441117997605
" 8852",51,1.13087951728953,0.456859290341368,0.00036164145362327,0.0110420945678292
" 8962",66,1.14097886356238,0.425336965864894,0.00160466769906754,0.0122540848984431
" 8538",83,1.14873879160349,0.389261423585089,2.97603547434285e-05,0.00987309699484048
" 9126",54,0.97040470822037,0.303001847180182,0.000846575805469316,0.0109316248824194
" 9210",22,0.689559428163369,0.196659863890043,0.00185151921296616,0.0129298068573862
" 6869",57,1.05901355267853,0.132387266080335,0.00035366993003128,0.0104203119846292
" 7037",55,1.127302383453,0.239306255031183,0.000235957098322898,0.0110054871915883
" 8541",54,0.926084519688964,0.283160629707798,0.00159457043585102,0.0116735339461896
" 9214",36,1.01395288288459,0.295107465287878,0.00217170874391108,0.0132636855774781
" 9122",44,0.998362813698808,0.323047108656891,0.00040362481120775,0.0112447686894145
" 7066",44,1.02882024785967,0.209257602096648,0.00272280674157065,0.0113879425122378
" 6944",51,1.08484470677093,0.171862687059476,0.000328161054536913,0.0101431534316585
" 9212",34,1.275119168327,0.423652860378146,0.00149280065132662,0.0126763928290503
" 6981",58,1.05748242584772,0.177467070876065,0.000264654583254061,0.0106513597920655
" 6399",68,1.04690570568797,0.25462685109919,2.65717453066326e-07,0.0080054077754445
" 6586",50,1.01320015508867,0.119512152297544,0.000126747225112638,0.00987569074972982
" 6379",73,1.05501051505013,0.265995200892027,0.00025748021202127,0.00849510051876064
" 7645",37,0.993844489933064,0.15186791780426,0.00138305934321023,0.0098434757727502
" 6376",71,1.04583890833028,0.254648230459606,4.78291415519387e-06,0.00819727763741132
" 6490",30,1.0445493994652,0.147311426592847,4.51719670212755e-05,0.0102482224563289
" 9088",16,0.761253883959183,0.189001319398019,0.00182016455350434,0.0126081131664829
" 6659",33,0.968317915737532,0.154998021688033,0.0023680739417271,0.0113974332514824
" 6366",57,0.988929021988809,0.238074471270775,0.000860658830481831,0.00916285065689783
" 6493",30,1.03781077692017,0.152103331803001,0.000567838197202739,0.0103602969927024
" 9089",35,1.04353008716068,0.269586676348279,0.00368443820421768,0.0129506234272864
" 9006",28,1.15853349155895,0.286125263709061,0.00439868671805997,0.0129476288580453
" 9191",15,0.445040261978664,0.180571847732617,0.00279853621569455,0.0134804033550013
" 9129",38,1.02503268840531,0.329214607059629,0.0054360476548309,0.0135468452806149
" 4900",31,1.02731768562081,0.149769023215113,5.2080620801e-05,0.010871374886816
" 9138",19,0.342418925249138,0.099670776413797,1.03629806695867e-05,0.0116902557380771
" 9128",52,1.05921340361278,0.357849561250398,0.0022639127001251,0.0126654386787488
" 6198",41,1.04364532106274,0.142395422450906,4.30462273967449e-05,0.00919780564271126
" 8709",33,0.756948594771694,0.250500556170856,0.00118881988501874,0.0119492006171373
" 6411",45,1.24920948000395,0.439812083330304,0.00406547703191479,0.0126188818281189
" 6200",45,1.04708874235769,0.147455457585756,7.81209312014999e-05,0.009143753197066
" 6781",49,1.17455605649959,0.426791646109433,0.000847372957828514,0.0124152874884838
" 3852",75,1.05784493462307,0.210536767762169,0.000309295115369204,0.0105747617633871
" 4821",97,1.0509682703017,0.147941924866471,8.9546781683352e-05,0.00832410727427988
" 6810",33,0.998591537410774,0.253516568342002,0.00907345386985584,0.0132027462532559
" 6963",48,1.02079023861401,0.139265756817887,0.00128740106010635,0.010158405559698
" 6635",34,1.07287846690094,0.13874062656036,0.000737365932259055,0.0107746487181213
" 4774",80,1.03387861153429,0.144332140638227,2.65717453066326e-06,0.00831912569015403
" 6700",47,0.955059206816702,0.150551570703092,0.00141335113285979,0.0105571439025563
" 7053",47,1.04153178682654,0.144131798140781,0.000870224658792219,0.0104939664175569
" 6967",51,1.06248444012454,0.176635732339612,0.000384227437133908,0.0094052632839356
" 6606",51,1.03997626577588,0.124273442011373,0.000130467269455566,0.00959357245664357
" 6486",38,1.03444552459775,0.150635497350371,0.00161901644153313,0.0104113460505212
" 9202",25,0.6442214431942,0.22594287956813,0.00268321484106376,0.0131469278176643
" 9142",44,1.19341595737751,0.365809247009347,0.00509406929273454,0.0132898790476572
" 9125",41,0.835858234402324,0.275671199943787,0.00131290993560072,0.011774981218721
" 9193",29,0.630992396568466,0.175198252430964,0.00216453437267829,0.0129206897600553
" 6367",51,1.11991966451137,0.34492127169808,0.00423872481131404,0.0109817933120799
" 4905",48,1.04774228168844,0.165899941148528,0.00035659282201501,0.0104903310344297
" 7544",43,1.05739127307795,0.200821300868385,0.000981560271627009,0.011344586464746
" 4627",50,1.0261060178124,0.288321457291575,0.00131742713230285,0.01149554412938
" 4909",36,1.04636815131961,0.15202859331058,0.000114789939724653,0.0111215224217021
" 8340",46,1.14227661064631,0.338207709698628,0.0019001455068773,0.0121955223249289
" 6374",64,1.0818084766065,0.293658644548031,4.35776623028775e-05,0.00958874524782565
" 7463",56,1.07390431772174,0.171512374488009,8.21066929974948e-05,0.00962355204869884
" 7666",47,1.10936000371408,0.373589593728589,0.000889887750319127,0.0120940944422711
" 7458",50,1.03034216068208,0.171763064705882,0.000504331725919887,0.0100554818326739
" 7687",38,0.965993680198761,0.319980871298538,0.00296088957951807,0.0129473457596614
" 6355",58,1.0412299092775,0.281297892367026,0.00125976644498745,0.0103482744689646
" 7206",48,1.06397264619048,0.144888954154452,0.000245522926633285,0.00973155308884301
" 7204",46,1.06617624544543,0.145730511018766,0.000678376657678331,0.00990264896902961
" 6332",30,1.01583126609158,0.140391116693916,0.000906096514956173,0.010532832943123
" 6681",20,0.956309005233024,0.127023056480457,0.000113461352459321,0.0101072424589651
" 4824",86,1.0419351292121,0.152687621645173,1.06286981226531e-06,0.00792279996752961
" 4817",82,1.0344312183458,0.153840999177143,1.93973740738418e-05,0.00796558221435838
" 3850",69,1.04647856230465,0.256366166462606,0.000394856135256561,0.0111308909789337
" 4784",80,1.03317937999442,0.151235384469608,1.03629806695867e-05,0.00826124707194765
" 6344",44,1.01558650685954,0.14435109287923,5.58006651439285e-05,0.00950790164907635
" 7436",54,1.04445657324693,0.157459455409745,4.30462273967449e-05,0.00916587584836468
" 7440",57,1.05244072391458,0.170589783738207,0.000380773110244046,0.00944099328853232
" 3857",85,1.09671609177562,0.228803471761767,0.000270234649768454,0.0105340053631817
" 6024",19,0.914703273045428,0.236739840857619,0.00384732300294734,0.0125231855938581
" 6454",39,1.03543566048876,0.186618926743969,0.000446405321151428,0.0109015629715716
" 6458",38,0.919567825061807,0.144160373372878,0.00101078919146431,0.0108394572684266
" 8481",55,0.833590473919199,0.325012755850946,0.000393527547991229,0.0120976134575276
" 8294",48,1.05217814776846,0.378376984581086,0.000479620002784719,0.0107507838608001
" 8293",34,0.650684895760644,0.218297104822101,0.000330021076708377,0.0111407412504722
" 7637",51,1.05129231466701,0.13364917562717,5.31434906132653e-05,0.00887770517383564
" 7635",50,1.02265226152173,0.125770135199307,0.000104426959055066,0.00902796972241007
" 4795",90,1.04028566544313,0.148575964243663,1.59430471839796e-06,0.00808785417666848
" 4808",83,1.04546801622302,0.148265726531711,0.000105755546320398,0.00817803204857497
" 6442",37,1.03701614368445,0.133097824677908,0.000728597256307867,0.0102903234425893
" 7679",84,1.0800950580007,0.331718164168984,1.32858726533163e-06,0.00939034098504689
" 7675",83,1.0760072443679,0.331856891209686,0.000102035501977469,0.00947582286503691
" 8363",69,1.179674151215,0.420785033121402,6.82893854380459e-05,0.0108056499285365
" 7672",85,1.08998294409089,0.333287852044435,1.35515901063826e-05,0.00917718104212372
" 8180",75,1.07823078199167,0.331917156984021,3.18860943679592e-06,0.00872734141256901
" 8361",65,1.19258479069899,0.426728553677547,0.000251900145506877,0.0110143776260137
" 7686",82,1.0747141715591,0.326276883479102,3.08232245556938e-05,0.00855732369802194
" 8191",76,1.07344147562779,0.329390032519628,8.76867595118877e-06,0.00849302104093408
" 8356",52,0.96887099299361,0.368450880455797,0.00130812702144552,0.0119931844390094
" 8628",72,1.15909260547826,0.432844834442458,8.50295849812244e-06,0.010365216351823
" 8190",73,1.08357489142084,0.333457950273642,2.65717453066326e-06,0.00887881933232316
" 8602",76,1.11191356159413,0.335336130161887,0.000123824333128908,0.00963964623322739
" 8821",37,1.1556536238344,0.400749683019452,0.000480682872596984,0.0124795486841299
" 4798",67,1.0563950186705,0.14629371520903,0.00205984169617016,0.0095586894787137
" 8627",71,1.16320102693457,0.431683929162799,2.12573962453061e-05,0.010209384294675
" 8197",72,1.06987394507009,0.33186829171926,1.59430471839796e-06,0.00895388428357736
" 8582",44,0.99585735666805,0.294517257156321,0.00153425257400497,0.0115089991094638
" 8624",69,1.1485018855274,0.431862852106205,0.000419302140938663,0.0105702580703107
" 8827",51,1.15039131012228,0.491445270340184,0.000466599847584469,0.0113805136186477
" 6972",35,0.938579641756277,0.163615012712428,0.00189509687526904,0.0116406652964015
" 9260",29,1.15786178239597,0.497176379345811,0.00214646558586978,0.0133490693767559
" 8889",67,1.04472607589107,0.325556547510649,0.000215762571889857,0.010584224776721
" 8969",5,0.0709517712206715,0.0147511112799555,0,0.00760584755913281
" 8826",50,1.14432550240214,0.472824153050183,0.00015836760202753,0.0111329111460316
" 8893",61,1.07206361355662,0.332324805391451,0.000740554541695851,0.0109274963053716
" 9268",21,1.16184332085464,0.449616295576236,0.00425227640142042,0.0134184042043924
" 8823",41,1.0939993682213,0.454455154495124,0.00107535853255942,0.0117144916336879
" 8891",69,1.06737722824426,0.338891098333979,0.00011718139680225,0.0104158823949845
" 6911",45,1.04567389274271,0.163265327567551,0.00289738310823522,0.0113378752890073
" 9255",27,1.05843166095788,0.459308106938658,0.00099378327446806,0.0131275089577668
" 8990",65,1.0950234077825,0.35865265777206,0.000651007760012499,0.0112479284148049
" 9011",21,0.632111220360308,0.172719495518885,0.00312297722588853,0.012162727860647
" 9044",36,0.813796866380681,0.208544291350545,0.00325078732081344,0.012420969257895
" 8897",29,0.961040542025213,0.275261849700388,0.00138571651774089,0.0118170484416184
" 9242",28,1.13356963703414,0.476658378926204,0.00110458745239672,0.0130150889266301
" 8978",55,0.972545513264949,0.283905828897925,0.000578466895325392,0.0110614408111231
" 9017",19,0.559375017866637,0.153202945945285,0.00153956692306629,0.0118501460932692
" 5131",36,1.06399815241487,0.321623791029339,0.000274486129017515,0.0104548021423233
" 7669",46,1.29168585649672,0.435774970407606,0.00106658985660823,0.0123474544173968
" 8971",54,1.02890229679505,0.285043775933149,0.00113594211185854,0.0116626350287656
" 9253",30,1.1040965822356,0.500873330940458,0.00101078919146431,0.0130118467785301
" 9068",30,0.890094955823746,0.244707676491637,0.00168836869678344,0.0117486569713475
" 5123",32,1.03678533936195,0.31601076322576,0.00274512700762822,0.011112986692258
" 7667",47,1.30649007943067,0.436060949487565,0.000412393487158938,0.0123884822690789
" 9179",41,1.26062368905547,0.36629507573958,0.0153233940834289,0.0140940482739852
" 5530",53,1.03891243884422,0.147785747330868,2.28517009637041e-05,0.00998260946106854
" 6487",32,1.10654155180595,0.185590857534961,0.00382898849868576,0.0110011177898412
" 7674",29,0.946664360818121,0.315456864609796,0.00271563237033785,0.0123264451023202
" 8175",56,1.17198513636102,0.426641235394947,0.000408407725362943,0.011655781256096
" 9182",57,1.17279872921603,0.364162662674706,0.00507812624555056,0.0136699897884057
" 5553",63,1.03485246281372,0.145521111237414,0.000105224111414265,0.00968735768898002
" 6489",19,0.973685642995282,0.13986426342687,0.000130467269455566,0.0103708902823253
" 7678",44,0.99721951651996,0.333399174678444,0.000970400138598224,0.0120817553490359
" 8173",51,1.14552860415386,0.41308271047008,0.00100680342966831,0.0115684511606629
" 5526",55,1.03513831866878,0.148432247342357,0.00126322077187732,0.010229841966217
" 8172",49,1.10661621183002,0.406680511871023,0.00193787738521272,0.0121584258708249
" 8822",58,1.13040099855682,0.394784386159583,0.00285380544593234,0.0124221018180737
" 8609",47,0.858522576446431,0.267779832423847,0.000568635349561938,0.0114571276729675
" 8605",65,0.925516353061407,0.275734489954545,9.69868703692091e-05,0.00978195501485931
" 8929",67,1.17701612579111,0.41988417609867,0.000100706914712138,0.0109313542650323
" 8974",18,0.527827082507201,0.093846388341583,0.00173726070814764,0.0116449960231741
" 9199",53,1.06682613976745,0.397896702949108,0.00190120837668956,0.0123126368005489
" 8936",61,1.21634032438977,0.41750787009977,0.00119519710389234,0.011606539829087
" 8976",21,0.364549688423398,0.0963780080096689,0.000657650696339158,0.0113160690675223
" 8882",46,0.75539704069578,0.238005573266183,0.00102726367355442,0.0118774802786138
" 8985",47,1.17121002681609,0.45978169845538,0.00157942454102624,0.0127650526691291
" 9238",37,0.716993299884936,0.284161070112066,0.000363235758341668,0.0117576451838513
" 9021",9,0.248070728436543,0.0220483510345756,2.04602438861071e-05,0.00935532689211197
" 9019",10,0.263939352497716,0.0317891128822051,0.000664027915212749,0.0099305609597679
" 9221",38,0.895381472155925,0.338899322244526,0.00201413829424275,0.0123228795652689
" 8987",53,1.20076567628824,0.458750803276636,0.00118908560247181,0.0125820793425162
" 9048",9,0.138481426268897,0.0331405624472905,0,0.00983375654764884
" 9024",13,0.26523838359078,0.0740971176264443,0.000501408833936158,0.0119546193447302
" 8995",35,0.857524324791601,0.261384906499154,0.00167667712884852,0.012354866467673
" 9067",56,1.03699615108851,0.362292420298332,0.000599990009023765,0.0117541175987304
" 9219",39,0.729792231953951,0.305933648862159,0.00138226219085103,0.0119973585404124
" 9092",26,0.35138395312035,0.146288411985795,2.65717453066326e-06,0.0106625326175822
" 9223",46,1.00587645486959,0.425666655313205,0.00230483318789731,0.0126445399001101
" 9071",45,1.0077111558694,0.346881520344561,0.00222139790763449,0.0121199165817513
" 7949",57,1.09517699137965,0.384670851871662,0.00162565937785978,0.0126804833971424
" 6913",52,1.02644780396066,0.161240851304808,7.99809533729642e-05,0.00905369412053017
" 6917",51,0.98104951567113,0.135794916615352,0.00030663794083854,0.00933526172216629
" 7676",63,1.16521204694349,0.386423708145824,0.000403890528660816,0.0110148864923019
" 7673",60,1.14643980067878,0.370323433423512,0.000778817854937402,0.010993148430543
" 8305",85,1.05651573673192,0.333793320480042,0.000373333021558188,0.0100773236433912
" 7684",50,1.06939959098172,0.344431546799228,0.00111255897598871,0.0111675945039376
" 8181",40,0.945660182429364,0.285169170497901,0.00131875571956818,0.0122057935651717
" 8711",59,1.13887287367205,0.454166999879432,0.000172716344493112,0.0108113100894019
" 8198",48,1.0025611271555,0.318001330883838,0.00157889310612011,0.0124465822467624
" 8347",60,1.00810723656691,0.316657386966561,0.00114152217837294,0.0117990673083051
" 8662",76,1.06581346442893,0.318805580882348,0.000131795856720898,0.0103422920461765
" 7609",35,0.951481250960728,0.140033279235877,0.00281660500250306,0.0114650044270057
" 8712",61,1.14145925379813,0.451612142926691,0.000192645153473087,0.0109990147313118
" 8309",56,0.942490215757375,0.298399853341687,0.000317798073867326,0.0114609573014261
" 8618",75,1.00869041521348,0.308256881248075,9.00782165894846e-05,0.0098515060404841
" 8710",48,0.939950178319034,0.369997890786447,0.00136711629602625,0.0118199003818966
" 8847",59,1.28139130349043,0.599945917939353,0.000383696002227775,0.0121212589587323
" 8654",70,1.04116842263118,0.334472446673734,0.000429399404155183,0.0105785809295417
" 7741",45,1.01858519547341,0.156741449106723,0.000361110018717137,0.0104744294425531
" 8849",65,1.34264425652674,0.626294535665456,0.00141467972012512,0.0126794255230739
" 8673",57,0.894961250839693,0.25959338383935,0.000661370740682086,0.0109876701303909
" 8926",31,0.821664838378273,0.260581241771469,0.00167348851941172,0.0120164462423587
" 8975",14,0.41490859610184,0.0668920810375142,0.000978371662190213,0.0120132829308273
" 8977",5,0.283035190612376,0.0317693827251765,0.000520274773103867,0.0114835913274241
" 5545",74,1.02681678283266,0.141789823567235,1.06286981226531e-06,0.00814402384782682
" 8917",39,0.868629676582468,0.275418337354167,0.000242068599743423,0.011489541624872
" 8972",2,0.0955070384573912,0.0254593980084607,0,0.0123589479758346
" 8943",22,0.192470160991787,0.0525776911254095,5.84578396745918e-06,0.0105112278635419
" 5543",68,1.03439695176461,0.142572923353182,3.18860943679592e-06,0.00803991796590468
" 8878",38,0.7400697160093,0.220328133513134,0.000802466708260305,0.0122581203243978
" 8980",42,1.15358272555423,0.459765486664209,0.00366663513486224,0.0136627678250096
" 9023",15,0.146686097742451,0.0413008363249909,0,0.0092899539340182
" 9052",14,0.20731432815496,0.0797383369396426,0,0.0111518125974709
" 5555",74,1.03181816185261,0.141705376033871,3.72004434292857e-05,0.0081428901540318
" 9008",5,0.172232458941881,0.0648415959395829,0.000193176588379219,0.0118724991603105
" 8991",42,1.06223134400745,0.386417507143513,0.00439948387041916,0.0137231688880636
" 9058",15,0.494321963369137,0.119507644378844,0.00146224314422399,0.0112225760053229
" 9081",31,0.572946527284922,0.243924180437244,0.000398841897052556,0.0126160773355711
" 9093",20,0.446878406616481,0.141970998515629,0.000980231684361678,0.0121181119996619
" 7028",39,0.899945223581364,0.113251684990554,0.000846841522922382,0.0103623639766658
" 8286",56,1.17010768668494,0.457199348037617,0.000230111314355439,0.0108397451557597
" 8283",51,1.14982575477931,0.447449590038619,0.000898124991364183,0.011080603542912
" 8287",56,1.17788238407047,0.465441479186359,0.00148243767065703,0.0112562083049395
" 8666",51,1.0133095822448,0.347819996012105,0.000540203582083841,0.0118938929111978
" 8282",35,0.426825251926669,0.188063380458926,0,0.0119530766466807
" 8713",60,1.15283364947656,0.412844841386963,0.00151379233011886,0.0120977236652145
" 4681",45,1.02618115767188,0.284019334456949,0.000190785131301622,0.0099462577856656
" 8661",55,1.03140497790768,0.354962558862489,0.00144364292250935,0.0120662616523505
" 8916",37,0.914320812814605,0.357433305924622,0.00120954584635792,0.0125464298688335
" 8884",43,1.01881806126263,0.316250101831675,0.00126800368603251,0.0124152551514985
" 8622",31,0.94780172496172,0.203525028988141,0.00370436701319765,0.0129714502412997
" 8996",32,0.913930636566348,0.299012882792454,0.00152335815842925,0.012318039196277
" 5090",34,1.03682489970882,0.162193915477533,0.00163761666324777,0.0119283850465511
" 6991",41,0.926134590930568,0.227595693079526,0.00171122039774714,0.0121145406885775
" 6811",50,1.09196814512441,0.15168231511878,0.00229021872797867,0.0114739188286652
" 6896",45,1.05168098907311,0.165869353055496,0.000193442305832286,0.0101048204182568
" 8285",52,1.1286955851289,0.375472452459753,0.000350747038047551,0.0104315306060763
" 6898",46,1.0528572471522,0.168085140561396,0.00122974037279096,0.0109351137587724
" 8510",50,1.12767662339871,0.37507274131964,0.000228782727090107,0.0103317813467299
" 6892",55,0.993327795950822,0.16508185908331,0.00168172576045678,0.0109534509687561
