"node","degree","strength","eigencent","betweenness","closeness"
" 8822",40,1.05781090165825,0.25611194904008,2.91194348343039e-05,0.0100700896234338
"10932",43,1.08570247604688,0.212595687386248,0.00041895995848681,0.0100345993824877
"10541",45,1.03283596210478,0.105795140376815,0.000534456143840847,0.00882044663858942
"15059",49,0.714538338215914,0.285258272558077,0.00136599595992381,0.0111224443403789
"15581",5,0.113799714677531,0.0254840885643645,4.90776991589391e-05,0.00995353630407857
"16182",28,0.614192226623038,0.184046760616479,0.00161334756368486,0.0109530010436871
"16073",24,0.39505026960627,0.152274022292907,0.000160156891588671,0.00965137068401406
"10938",48,0.933170891752754,0.18282352593883,0.000745653842554815,0.0100354881241193
"15032",26,0.505343413847122,0.221379998910065,0.00154038538426857,0.010955025558075
"16052",26,0.43689284860874,0.152529317473509,0.000282687547155489,0.00997768449764328
"15723",43,0.842148282796561,0.416039155933068,0.000337981754874561,0.0113351651871111
"15727",27,0.524970965775653,0.193354546366423,0.000671382924494287,0.0113750603369364
"16181",34,0.731656695782213,0.367603185685625,0.000675799917418592,0.0118599992229092
"12081",43,0.993055864674056,0.111869151660962,0.00162528980381353,0.0102947403716468
"14331",79,1.04792780103971,0.10157036986724,0.00066124020000144,0.00803754197756948
" 7323",60,1.0572081532359,0.292122308866878,1.84859333498671e-05,0.00872891054664176
" 8791",39,1.05222635081368,0.242606019373457,0.000611508131520381,0.0102583771671252
" 7299",61,1.01244514850552,0.28001938485964,0.000146415135824168,0.00876335195088361
" 7304",64,1.02690863236389,0.282668052345042,0.000204326820831716,0.00881747857828842
"10091",39,1.05845653006755,0.153840462558928,6.54369322119188e-07,0.00907882155943296
"10090",38,1.0621574193467,0.155721065831433,3.27184661059594e-07,0.0090909164333295
"10095",37,1.05002703736626,0.156296838714563,0.00105876956318885,0.00939125720073828
"10263",41,1.0216356809178,0.113244518006427,0.00139806005670765,0.0101531180584633
"11629",53,1.06650329010521,0.286498611671223,0.00273035599654231,0.0116782162457228
"10088",44,1.02172886877237,0.144113151909816,3.81170130134427e-05,0.0092724088176167
"11701",55,1.24259455997567,0.315918737166771,0.000139871442602976,0.010665912034424
"16198",33,0.929788959631655,0.426760949606007,0.00151028439545109,0.0120426078641584
"10253",106,1.02272753637689,0.0809722260727514,3.59903127165553e-06,0.00654465423565159
"10417",58,1.07276439959486,0.175584700464111,0.00259490154686364,0.0108831269151608
"10620",103,1.01176032478525,0.0789695829568963,5.43126537358926e-05,0.0078589727166989
"11081",37,1.06967484030998,0.307877263468835,0.00142930619183884,0.0117061476209817
"12088",66,1.05865833858774,0.136198064179034,6.70728555172168e-06,0.00780581675940755
"11437",50,1.03133135746491,0.150861186773939,0.00089452286333693,0.0103606092156824
"10621",79,0.993193196197839,0.0784520191727215,0.000230665186047014,0.00759695456126538
"12087",67,1.04424426729954,0.137051617168205,2.61747728847675e-06,0.00765717174067599
"11297",40,1.05678434968163,0.143820898537187,0.00108249045111567,0.0103209059610831
"16659",34,0.735699280274659,0.33725549003524,0.00184859333498671,0.0120994965907402
"12084",69,1.03562768776079,0.128989195881107,5.49670230580118e-05,0.00797237135907724
"11378",37,1.01487935316271,0.112278303391072,0.00320313783177343,0.0101946693752222
"12423",103,1.0165585262921,0.0816567940245178,1.34145711034434e-05,0.0062893994353736
"13838",108,1.01544023914847,0.0795901819783352,2.12670029688736e-06,0.00584656042342909
"16090",59,1.22922577708937,0.536491684547485,0.00591909770322912,0.0126041331955229
" 9988",52,0.974552044074045,0.101278668122398,0.000372990513607937,0.00855718864470172
"10312",38,1.00149013682038,0.0977566559418982,0.000907773842109844,0.00948178284068818
"10847",80,1.01820213327137,0.0870057636351069,7.36165487384087e-06,0.00690919953267435
"12405",108,1.0281046069409,0.081277585402858,2.45388495794696e-06,0.00699597698729207
"12146",105,1.02526588503909,0.0808237540122981,1.79951563582777e-06,0.00692499630694089
"10838",80,1.07970287492279,0.103692696499607,2.87922501732443e-05,0.00801408534271303
"10113",52,1.0040169355615,0.123557013969976,0.000518751280109986,0.0093245719050102
"10484",42,1.0037789447231,0.107022350611588,0.000797021834341171,0.00894645876938944
"11278",37,1.12753623677709,0.144744879333719,0.00801455186498529,0.0116456408581928
"12411",98,1.01123859294699,0.0806891559593095,5.07136224642371e-06,0.00649623047807963
"11294",30,1.02506098256877,0.128155224934599,0.0116811467691496,0.0116378634295566
"16161",52,1.15792806919516,0.465462387584493,0.00230910574542809,0.0122655336300404
"10159",30,0.971841504691752,0.163730331599539,0.00799066738472794,0.0117951222907943
"10138",24,0.971401369128028,0.1798247010209,0.0141914710811294,0.0120787189425087
"15642",35,0.78815324317481,0.246289177357382,0.00194985698758465,0.011779647911646
" 1854",53,1.29910979881521,0.71855806308022,0.0046491304413263,0.0126007304476984
"15340",42,0.826383105351641,0.338378573762772,0.000610035800545613,0.0115053227263254
"10398",50,1.01270081262293,0.0785467265483164,0.000329311361356481,0.008484608295379
"10405",65,1.00365717075004,0.076402964615686,8.83398584860904e-06,0.00822887495990013
"16248",44,0.917227834976709,0.310071376485041,0.000687087788225148,0.011421341662277
"16400",14,0.485529665522342,0.132009695973641,0.00204539490861405,0.0120529072489174
"16517",24,0.607879104172904,0.189142040472369,0.00130873864423838,0.0115708599243422
"16570",28,0.68256703966197,0.171986298880568,0.00177432241692618,0.0115011421988901
"10403",47,1.07673397323821,0.128615414943225,0.00997029817646901,0.0112520731448356
"10583",73,1.0455795006439,0.0904630662572596,0.000777554347008125,0.00924255851042496
"16262",39,0.683581412936396,0.262443745370223,0.000441862884760982,0.011719134311933
"14972",35,1.10872120167473,0.606946547373557,0.00132297117699447,0.0120782575604771
"10586",75,1.00491446982435,0.081328841236195,8.52316042060243e-05,0.00850304543100056
"16713",26,0.476997282897222,0.126562758858772,0.000488650291292504,0.0106217114950442
"16833",21,0.442215543969681,0.166703123028357,0.0010145996339458,0.0112104916327523
"17044",28,0.656562791709004,0.280789300148469,0.000442190069422041,0.011254821752984
"14950",54,0.96765582931373,0.458227163898422,0.000715880038398392,0.0113661138137066
"13788",38,0.999289292959153,0.152676773850094,0.000570937233548992,0.00950496900942706
"16572",30,0.689404487533545,0.230468055483457,0.000648152813559056,0.0115208674978302
"16692",31,0.518005801224338,0.180400071390695,0.000228211301089067,0.0108716809182036
"16827",37,0.571790688896419,0.215990157887071,0.000888142762446268,0.0116968459359874
"16948",34,0.581781118455944,0.155443123353928,0.000624595517962765,0.0106009618236878
"13691",33,1.00091466656448,0.154572136472413,0.00142325327560923,0.00963145982534546
"16900",33,0.786626983532057,0.357919684526289,0.00147020427447129,0.0117117256262247
"17045",23,0.457324386642607,0.212214332215909,0.000172589908708936,0.011083235382847
"13945",42,1.06239928893652,0.159965594570481,0.00168860003572857,0.010407136529641
"16998",23,0.731775300498497,0.324691455783217,0.00124084782706851,0.0116042424537872
"15549",18,0.234967741519162,0.0754414199794307,0.000138399111628208,0.00934657232323872
"14065",61,1.03764732692848,0.155986877249278,0.000132346195398606,0.00972128449595559
" 3420",39,0.912918435588626,0.508139794677687,0.00123446772617785,0.0124956553597759
"16665",41,0.669995976982208,0.237460450928436,0.000458385710144491,0.0111616875130274
"14947",7,0.0723226988075335,0.0222455765631121,0,0.00775150294037362
"15052",7,0.129790189431669,0.0435713526578688,3.77898283523831e-05,0.0105324606902218
"14071",46,0.989666018774869,0.134621575208318,0.000434664822217671,0.00999001555484612
"16392",19,0.462648886549943,0.172302549497591,0.000445625508363167,0.0114903372765091
"10254",70,1.04823588675561,0.100240578919832,0.000204817597823306,0.00781153980451416
"10614",92,1.01616292461823,0.0815861250671583,3.82806053439725e-05,0.00771186325340271
"16401",41,0.811039621344148,0.328897957044457,0.00105549771657825,0.011813019647624
"16530",9,0.224666304859633,0.0827036008284976,5.10408071252967e-05,0.0106894651633072
"10622",90,1.00097779229339,0.077175244544007,7.96694649680112e-05,0.00754357574752583
"16522",33,0.79849953588227,0.257635002790944,0.000850352934093885,0.0116010857441295
"16702",26,0.453996203016809,0.137121456397888,0.000200073420237942,0.0109491628095706
"15947",40,1.30264825945642,0.769606864311657,0.0037114192027295,0.0126971880748391
"16535",59,1.11892149293176,0.406180846378213,0.00137057654517864,0.0119043813073063
"15952",38,1.39409072341983,0.755376030930321,0.00374920903108189,0.0126085934476608
"13962",57,1.0329059112307,0.111620164784738,0.000524313419347999,0.00954475525036235
"16896",30,0.666239559832252,0.299073814150234,0.000536255659476675,0.0114413450440895
"15943",23,0.543366448278659,0.302846836624857,0,0.011577563964156
"13982",37,1.0327288949925,0.119263385858748,0.00320150190846813,0.0103095750486432
"14390",33,0.77986803584612,0.266710132371349,0.00296789206047158,0.0116324295838256
"11801",42,1.0403306315724,0.115505023484885,0.000742054811283159,0.00961622001629694
"12261",64,1.03750683236712,0.183917384117896,0.000115332593023507,0.00887156902141258
"15053",9,0.156828087758149,0.047801393227837,2.27393339436418e-05,0.00926538371124116
"15703",44,1.01330587635989,0.375306679641955,0.00271743220243046,0.0119641166689976
"17024",45,1.27288797949447,0.537975637880197,0.000783116486246138,0.011758207839428
"11785",37,1.00051791660443,0.102319844916976,7.67248030184748e-05,0.00912593234878384
"12252",60,1.01779752235537,0.194926540850775,0.00131626389144275,0.0105845368829849
"17019",45,1.31047958048933,0.552558602708763,6.26558625929123e-05,0.0115443504362414
"12085",66,1.05249988299438,0.156096549810712,0.000663530492628857,0.00960130541391989
"16980",44,1.23984275186301,0.497395571637275,0.00106874869535116,0.0119584058625544
" 7437",45,1.08665302778681,0.495120412876536,0.00106089626348573,0.00960964412334224
"12075",70,1.03589108869728,0.155768443676921,7.26349947552299e-05,0.00885943500296642
"12107",41,1.05398959531833,0.147627199564437,0.00324010969847316,0.0107193118697089
"15677",11,0.124101028798545,0.0377258243389691,0,0.00766106739032101
"10837",85,1.00963866994746,0.0807811270751585,6.54369322119188e-07,0.00677006169719878
"10841",77,1.00185711040775,0.0833295279022231,4.90776991589391e-06,0.00768799366479058
"14038",41,1.0300975932737,0.143162085938595,0.000633593096141904,0.010211996600255
"10089",36,1.0448303057099,0.147972710301895,0.000149523390104234,0.0092080492553569
"15708",46,1.00402971169436,0.363087632548218,0.00273886279772986,0.0118034876449646
"17022",25,1.13458680135166,0.453696341452817,0.000309353097031846,0.0110627816128145
"10092",31,1.04047490805966,0.152208136814387,0.000223630715834233,0.00928698589279901
"15720",50,1.04705661339466,0.411750602544374,0.001872150630583,0.0116428697985971
"17026",26,1.14211907352652,0.460634136755743,0.000262729282830854,0.0110146358740554
"10085",26,0.994435958006659,0.14224506163202,0.000655023691441307,0.00938324512304166
"11619",43,1.06989302755502,0.272394541933259,0.000909573357745672,0.0111604945810002
"14960",22,0.34761318429794,0.141587794984715,0.000135781634339732,0.0107824357955366
"15091",40,0.686960185572853,0.248147138866904,0.000176352532311121,0.0109113590203456
"16047",14,0.241805154068937,0.0575416315121624,8.42500502228455e-05,0.00985457172245929
"15575",50,1.09093664296243,0.316061818550448,0.00156819608045863,0.0117731329286006
"16079",39,0.626673752088178,0.222634629995565,0.000756778121030841,0.0104252155477199
"13145",33,0.959139581092962,0.220503294745047,0.000219377315240458,0.00941540158239602
"16990",28,1.02430447762873,0.379219532430186,0.000593022198170514,0.0110391293905585
"11474",62,1.0193283048107,0.0993951086528951,0.000419941512469989,0.00903771821799996
"12100",67,1.04833202596931,0.133943456007543,1.11242784760262e-05,0.00788671570930858
"15722",43,0.816519177160127,0.214801948261133,0.00205177500950471,0.0115027212855206
"11452",64,1.0056738679971,0.0874281464646569,0.000673836809452234,0.00913485699705883
"12094",69,1.04424141594297,0.136148294333907,1.30873864423838e-06,0.00746703778308542
"15631",18,0.480739279627606,0.253419435658471,0.000363174973776149,0.0115930115098315
"12096",58,1.00482312396277,0.113502958814104,8.26141269175475e-05,0.0091713871175658
"16009",51,1.34240656487812,0.623889971973559,0.0035434098792754,0.0125891275005149
"16008",58,1.40800447712822,0.686155275817888,0.00138726296289268,0.012509107370466
"16020",35,0.87303437614425,0.415685622644763,0.0035280322002056,0.0124754671336664
"16353",41,1.1772706955135,0.55937249346807,0.000892068978378983,0.0120469547116946
"16337",44,1.1810248230916,0.541826025421596,0.00215794643201855,0.0122737761098521
"16678",21,0.572899025472983,0.216613624763855,0.00197668612979154,0.0117395652908676
"13137",39,1.05711374088743,0.262428285586707,0.000312624943642442,0.00965760135092403
"13127",43,1.04771688494748,0.254090669033904,4.25340059377472e-06,0.00948682957051642
"13138",50,1.12092125783088,0.265588431267344,0.000524967788670119,0.00957380540242142
"12110",55,0.99131866598792,0.116042681511983,0.000945727262792757,0.0101674114205527
"12259",103,1.02785784935922,0.0807072383077328,1.14514631370858e-06,0.00650211702289583
" 6561",29,0.859056206763898,0.370227670147605,0.00542128624142694,0.0134372856137428
"12396",102,1.02573457211434,0.0878236563010988,2.78106961900655e-06,0.00671702089235552
"12415",101,1.0155178717629,0.0809841608574101,9.97913216231762e-06,0.00633509026007749
"12397",103,1.02741206293137,0.0849610409584338,1.39053480950327e-05,0.00670857505041366
"13130",51,1.0921634890377,0.256518803882991,0.000100445690945295,0.0104579659423855
"13136",44,1.07911756332788,0.254676665928994,0.000340762824493567,0.0106370356829789
"13847",109,1.00388334472882,0.0843111219742174,5.07136224642371e-06,0.00713263697445965
"13956",55,1.07950894586783,0.260773582681718,3.37000200891382e-05,0.00917398656328238
"13975",56,1.13906213361853,0.275271021487724,0.00122301626304076,0.0099539744425047
" 2946",50,1.13196593843001,0.687078993528252,1.71771947056287e-05,0.0111123890676303
" 1983",56,1.12891419102375,0.563865505984308,0.000500919716082238,0.0117963107911373
"15698",35,0.758749466864658,0.282089584734739,0.000655678060763427,0.0116429860932257
" 5013",42,1.16282913404157,0.668727771594313,0.00104600936140752,0.0112627789738861
"10848",79,1.04266236312829,0.0967607641211091,3.10825428006614e-06,0.00815493730110457
" 4913",52,1.20355262016058,0.739027168001697,0,0.0104751186383275
" 6801",33,0.571637622258859,0.280212438981218,0.00012089473226152,0.0102700260972707
" 4929",45,1.08622947529412,0.693753661958783,0.000135127265017612,0.0103438390548639
" 7915",47,1.08160224796382,0.446984789073228,0.000226575377783769,0.0099507857855725
" 4909",54,1.20302629570288,0.740611400315842,1.66864177140393e-05,0.0105054446708644
" 7810",45,1.10645320834234,0.196463335754162,0.00225528386868378,0.0107688708068023
"13128",51,1.06932975830372,0.260419288044847,0,0.00933003780741676
"13115",42,1.05776731979514,0.257625785548028,0.000169972431420459,0.00956447571929181
"13152",51,1.07697493205866,0.24690066481572,0.000174389424344764,0.00942899746576058
" 4892",56,1.18288480943836,0.722137321343432,7.31257717468193e-05,0.0105850897858788
"13135",37,1.06429402567643,0.240420872589721,0.000606763953935017,0.00992245475888376
" 8171",42,1.00881072583459,0.277417379503251,0.00156132520257638,0.0111973113046723
" 5088",33,1.25721339671584,0.69925008920631,0.00131839059173963,0.0119811469255951
" 1955",68,1.17848059070122,0.589116841780728,0.00053216585121343,0.0107896006769103
" 8949",47,1.08670289627337,0.371703197008383,0.000344852632756812,0.00992602428636158
"12876",50,1.05353904654015,0.181644328195235,9.76646213262888e-05,0.00872806251412764
"12877",46,1.0514253839337,0.178310743198614,6.88723711530446e-05,0.00908404213764678
"13134",51,1.08518127052417,0.249695691914779,0.000283996285799728,0.0105179329736756
" 4141",47,1.1310471904033,0.686235376202073,1.66864177140393e-05,0.0110238897271784
" 9073",59,1.12439335980364,0.440115178912646,0.00159878784626771,0.0118859780149889
"13940",43,1.04496075452767,0.22921561952264,0.000172917093369995,0.0095484696440474
"13972",44,1.04903370518711,0.233268062800789,0.000866221390155275,0.00972044937304457
"14822",64,1.35783723747256,0.588395498710646,0.0023531120823406,0.0121652423425922
"14806",41,0.887648562543726,0.378620364602788,0.00087816363028395,0.0118570063704165
"11366",40,0.956516790309289,0.169296517056645,0.000881599069225076,0.00978339446549685
"12870",47,1.07857762856664,0.275933220610883,0.000179460786591187,0.00924052884129499
"14514",11,0.108723704749153,0.0354780927766374,0,0.00800942179997943
"14226",55,1.1427703133766,0.39393950919073,0.000357122057546547,0.0101447522985121
"11367",31,0.965371524702972,0.162010505177875,0.00115610699985408,0.0098699528662251
"12922",47,1.08924406270427,0.292232981637338,0.000769865507473225,0.00968450298821307
"14501",2,0.0350207910610076,0.0163748019891526,0,0.00771235010948457
"14228",44,1.05814651199593,0.345238668424865,0.00143225085378837,0.0107100737278791
"14548",60,1.15887678711518,0.389200124435048,0.000904992772490837,0.0104781980345047
"14084",52,0.956641579221795,0.344186997579832,0.000495684761505285,0.0102294050248686
"16211",29,0.718699108813308,0.29580381201748,0.00100167583983395,0.0114518931208356
"16571",11,0.19400565208325,0.057044804144872,1.96310796635756e-06,0.0105246481403224
"16567",24,0.709775511592094,0.227116629081097,0.0016405038905528,0.0121948473630265
"16656",23,0.65476140988907,0.19655587014101,0.00165964419322479,0.0119422319254097
"16585",36,0.655581029712223,0.232523961696173,0.000529875558586013,0.0115578867495816
"16703",25,0.821213660698908,0.209022920473703,0.00227229747105888,0.011632914705463
"16723",25,0.732803996879087,0.239462655194083,0.00588785156809792,0.0125349997046123
"16940",15,0.237229237294491,0.0851235224607898,0.000207271482781253,0.0109981179497937
"16818",20,0.428334829018826,0.141699033517258,0.000356140503563368,0.0108795012259714
"16877",16,0.152984117036847,0.0423227696187583,4.74417758536411e-06,0.0087706452840421
"15044",43,0.720108187320972,0.348840948742125,0.000437936668828267,0.0116666872673854
"15036",45,0.899366986735271,0.455348585351106,0.00143355959243261,0.0120380010808108
"12574",82,1.12731876170901,0.358839354742183,2.76471038595357e-05,0.00911848176454701
"17059",45,0.777520614786318,0.376593600989273,0.000528566819941774,0.0117692310993385
"16912",18,0.163939717988437,0.0616515382941274,0,0.00869662641818242
"12880",81,1.13081784259362,0.361655865331874,0,0.00922239969828178
"17047",17,0.434793274673206,0.158445181471836,0.00276209290866509,0.0115905929145082
"12554",87,1.14211217722885,0.358892756999567,7.19806254331107e-06,0.00915590411344092
"17065",29,0.677469060801681,0.266886319645792,0.00243719854023292,0.0122095286218783
"13763",39,1.05550972061903,0.306958633627851,0.00152500770519877,0.0107816362293739
"15240",40,0.808494086151961,0.369241668881731,0.00132820613157142,0.0121724928926223
"15244",18,0.324115254456398,0.106040518398107,0.000219377315240458,0.0110876315217081
" 1945",41,1.2313853437936,0.830502363396337,8.31049039091369e-05,0.0115321598587702
"11974",42,1.08138856160198,0.28570118304631,0.00452741774741213,0.0111791424197286
"14550",39,0.691886197108527,0.274278459235368,0.000661894569323559,0.0107654200353496
"12480",47,1.058945020091,0.225362617025138,0.000490940583919921,0.0104363176974926
" 2928",37,0.976650691788025,0.527616234486831,0.00105075353899289,0.0123107467162041
" 5373",47,1.15302598684378,0.539568528347444,0.000424358505394294,0.0109804736798967
" 5485",24,1.03367416298525,0.641349442840855,0.00216154546329021,0.0123725160880832
" 5162",74,1.31949069181223,0.669048664252697,0.00298130663157502,0.0124569345466257
" 4242",47,1.04009186756631,0.487955489877895,0.00108837977501474,0.0116990549420223
" 7096",58,1.10131798397167,0.384761619847043,9.16117050966863e-05,0.0110350657606434
" 5370",50,1.14773926465212,0.529291431456812,0.000156230675655956,0.0108917687501264
" 3854",12,0.205899112243954,0.0669033941123017,2.48660342405291e-05,0.0100242960127407
"14724",89,1.03939974579131,0.246183969634144,2.02854489856948e-05,0.0078327339730417
"14727",81,1.02627000779707,0.243944419817209,5.88932389907269e-06,0.00771455414666964
" 1980",59,1.15773842664554,0.579149789549394,0.001421944536965,0.0118678157815147
" 6682",15,0.813498500006926,0.282571900114952,0.00110882881633096,0.0119614798566275
" 1890",40,1.42027405985973,0.831423098680902,0.00995361175875497,0.0136445550852663
" 5749",21,1.03031270285922,0.352227592970646,0.0024870942010445,0.0120696553114424
" 4634",25,1.20894527046979,0.429361197407925,0.00246484564409245,0.0124286424514837
" 2481",39,1.18241263312585,0.672109033948709,0.00903913063109341,0.0133669236691227
" 3497",52,1.0013741836048,0.202328968671072,0.00379059789070593,0.0110695947626001
"14488",24,0.449473339590308,0.19101790332464,0.000719806254331107,0.0109976255471761
" 9170",32,0.645079717420685,0.314510376711519,0.000656823207077135,0.0117262544393532
" 7411",52,1.07050871558873,0.495529307501531,4.64602218704624e-05,0.00909476775045828
"13205",56,1.02107085251621,0.231221183618507,2.65019575458271e-05,0.0093385310959764
"13202",53,1.03709627871219,0.241284306189678,0.000271399676348933,0.00916847252660851
" 7413",48,1.09542124774521,0.505910046670476,0,0.00897453064176847
" 1627",44,1.10447154991109,0.266485361254324,0.00140820278120049,0.0114521716372229
" 3340",45,1.34380295197269,0.843557120263617,0.00279939196002589,0.0124436995368513
" 7417",42,1.11038760709143,0.501406381363864,0.00278286913464238,0.0100679089751636
"12901",73,1.11845581481541,0.364580675969762,5.43126537358926e-05,0.00896317331801423
"12918",85,1.11414598625506,0.361877188997485,1.79951563582777e-06,0.00893568942480526
"12553",76,1.11081102878002,0.360514121074881,0.000279252108214364,0.00917753778565746
" 3991",25,0.83893275796314,0.566654222402543,0.000467056103662571,0.0119895280259171
" 7441",37,1.02017777014788,0.459871142234606,0.000204817597823306,0.00919365898636962
" 4659",45,0.916332657488926,0.222332871299463,0.000876200522317593,0.0101027026254727
" 6781",34,0.945736097087974,0.410849359709408,0.000204326820831716,0.0106205871539875
" 9083",56,0.99199687804362,0.417107671775694,0.00314162711549422,0.011820507755804
" 7401",26,1.13105718308879,0.459760006604177,0.000938202015588386,0.0117629769717146
" 6834",50,1.32877668467503,0.550991879620522,0.0134101541105191,0.0138324430360067
" 5377",52,1.18980087710909,0.573918644440031,0.00091071850405938,0.0112305534699124
" 5414",45,1.13588031562916,0.535721177076157,0.00155020092410036,0.0115049659500881
" 4566",63,1.33887153360867,0.633815831949041,0.0033891423115858,0.0126046134149012
" 6819",36,1.08562902202465,0.208020685243563,0.000229520039733305,0.00999308092770475
"10724",78,1.07452300110592,0.253826773168568,0,0.0086192192306518
"10732",78,1.06930649490054,0.249239368829794,9.84825829789378e-05,0.00853826832572879
"10734",79,1.06871334565441,0.249432837568753,2.94466194953635e-05,0.00847741177252775
"10725",79,1.07228598805999,0.25206757993148,0,0.00855928961785967
"10697",76,1.0687660599501,0.25327467663995,7.34529564078789e-05,0.00870203337844844
" 2921",54,1.13258115054509,0.688247234562252,0.000143143289213572,0.0111265659962207
" 4676",68,1.33226302639308,0.668796352854408,0.00138399111628208,0.011840804594858
" 2548",53,1.32159550755437,0.676845639874479,0.00159780629228453,0.0118932685104469
" 7228",48,0.99469172254977,0.12681239920324,0.000704919352252895,0.00956124921607967
" 9205",51,1.12554238540195,0.5830070321407,7.86879109848324e-05,0.011103412656085
" 7794",36,1.011193725161,0.208710570979722,0.00594707199174971,0.0115512392967461
" 5430",51,1.25164818957121,0.727733310309008,0.00246779030604199,0.0121246773857305
" 3167",30,0.588730993837216,0.227848113499056,0.00071735236937316,0.0109852894010178
" 1967",47,0.927001601297231,0.564895162535575,0.000204163228501187,0.0112751393889072
" 7791",49,1.14003706638664,0.221798996817535,0.00037887983750701,0.0106996962341605
" 1946",37,1.21191381263109,0.829758956743271,0.000150668536417943,0.0116041498426196
" 1917",38,1.20702835504953,0.825826893385494,6.54369322119188e-07,0.0115874933867001
" 5457",56,1.26472438848363,0.729746638649954,0.00103243119797355,0.0120583627705847
" 7412",43,1.0332626168089,0.470153723683274,0.000583861027660846,0.00921253823159481
" 6824",28,1.02854783256439,0.188363452691026,9.58651056904611e-05,0.0101814527544519
" 7425",46,1.05939035017512,0.477132916282717,4.90776991589391e-06,0.00882725308493298
" 3264",57,1.32511609233693,0.77963479273032,0.00092707773711236,0.0114852187643959
" 6837",76,1.0283663675648,0.252390158120458,0.000204326820831716,0.00948558638734694
" 7748",52,1.13669043539404,0.505450204890735,3.17369121227806e-05,0.0117285807092978
" 5337",47,1.12136209904572,0.532994574225599,0.0004919221379031,0.0104230658663627
" 5446",37,1.34979412535478,0.810650790427247,0.00223974259728345,0.0123146744728755
" 8865",61,1.23830086095122,0.53097316421081,0.000655023691441307,0.0110301300341424
" 6816",35,1.04253133611194,0.191463770968645,0.000272381230332112,0.0102152256103878
" 5353",54,1.14042987117666,0.535148204352139,0.00120600266066566,0.0104475420018648
" 6820",41,1.10672340185831,0.205043998713784,0.000890433055073685,0.0104667302766162
" 6778",63,1.14657277927038,0.381022535936299,0.00342595058595501,0.0119999418710002
" 6932",50,1.03744925399499,0.208573577388248,0.00115692496150672,0.0109933780772279
" 7822",51,1.03190305524835,0.38466683233682,0.00298441488585509,0.0116235641325273
" 8083",49,1.14263881746963,0.569257568681531,0.00207762259772842,0.0122322166994832
" 6775",35,1.0238543993471,0.440936021913873,0.00594559966077494,0.0125297806313275
" 6995",37,0.93105442084462,0.274334407700989,0.000746471804207464,0.0108270903265138
" 3834",8,0.148578926447561,0.0556905518904878,4.08980826324493e-06,0.010190516527155
" 6762",75,1.46695239592512,0.701821436350275,0.00472781835231113,0.012939996763781
" 6804",68,1.08419815736955,0.264561728723485,9.58651056904611e-05,0.00945579620272713
" 6887",49,0.950341948854357,0.433096316781715,0.000490613399258861,0.0103573582487191
" 6999",27,0.925435473870013,0.275635743572623,0.00166929614072605,0.010925670855136
" 4095",58,1.39819154062839,0.806443326620958,0.00369146093840487,0.0129308252255568
" 4572",59,1.09233852979705,0.416284477748892,0.00205259297115736,0.0125051825066191
" 9386",42,1.36387866806041,0.587438792069469,0.0124393972211552,0.0133816969692227
" 7777",32,1.03748956020163,0.199200962281285,0.00504616902752212,0.011581548793092
" 7415",42,1.05400258836592,0.474128090833083,3.5499535724966e-05,0.0090833579067251
" 6635",34,1.046788079292,0.65873254133335,0.00064520815160952,0.0124688257891897
" 7241",42,0.957149439566346,0.425131320878843,0.00260782534097549,0.0124189360940459
" 6930",41,0.906009118360804,0.353778080592929,0.00247433399926318,0.0121924003631916
" 3677",50,1.0702256457088,0.31441299959273,0.000587623651263031,0.0109721080934515
" 6653",50,1.06203495046723,0.422801013861333,0.00122874199460931,0.0117353512774988
" 7751",36,1.11636714261179,0.511159717014871,0.00118064584943355,0.0122626274798708
" 4647",44,1.30307354990456,0.571243597251467,0.0107687923417849,0.0137692412736768
" 7639",58,1.12950741401638,0.382381839858358,0.00226100960025232,0.0117676114028491
" 9294",46,1.23703602247123,0.55825487792301,0.00408768156294804,0.0123397492149051
" 4522",56,1.26049232286375,0.706953760487318,0.00329180487492058,0.0123883973823815
" 1649",53,1.28793862928428,0.629147703655923,0.00234689557378047,0.0124751484170617
" 5382",69,1.20487985409707,0.626805276829259,1.47233097476817e-06,0.0102341839808611
" 6496",20,0.425058421467143,0.126287419212359,0.00114841816031918,0.0107045607939945
" 7097",38,1.11153884102873,0.3940528144451,0.000643899412965281,0.0112806411286793
" 5314",67,1.10759870546788,0.510625119758366,2.29029262741716e-06,0.0091788108354554
" 5195",53,1.28232891663462,0.635167290986633,0.00317630868956654,0.0122121931612824
" 6712",57,1.30658141704912,0.558449201495728,0.0032523791232629,0.0124246568497734
" 3278",34,1.04908101924195,0.542687866961987,0.0108641666704838,0.0134443130080462
" 4529",45,0.722085152821823,0.344787999026155,0.000920697636221698,0.0120887648375991
" 5426",65,1.19120945508641,0.622761755254863,5.95476083128461e-05,0.0102616899203022
" 2024",71,1.07220009511545,0.254345257435093,0.000211524883375028,0.00960014634103229
" 7094",39,1.08076176136191,0.380342545438331,0.000159011745274963,0.0110612785528577
" 4055",27,1.16694725821776,0.396026989822935,0.00116150554676156,0.0120554896383933
" 4690",37,1.18387750297786,0.416772831713908,0.000792604841416867,0.0122563771498553
" 1545",39,1.31580804431283,0.490095037429352,0.00279448419010999,0.0122068137051622
" 6657",21,0.740088521123963,0.289194195886148,0.000383460422761844,0.0115912424552989
" 6744",22,0.862857559241093,0.288955413230909,0.000284159878130257,0.0116953285205983
" 5321",63,1.12410026226721,0.516951109026905,8.17961652648985e-06,0.00916477634385031
" 4227",43,1.32988585901999,0.626015324001901,0.007694565266469,0.0134917878238063
" 9020",48,1.13642199579026,0.4278928553597,0.00567927134667243,0.0122969805915736
" 1893",48,1.58380836762491,1,0.0123304447290224,0.0137079529037741
" 2132",71,1.07037304052039,0.252522965658487,0.00012858357179642,0.00952810981294134
" 5309",67,1.11178259815265,0.513055845817787,2.38844802573504e-05,0.00923501261665005
" 9285",62,1.40608124321763,0.721092315515043,0.00187640403117677,0.0118570038359748
" 3252",62,1.52099849106904,0.858029121162432,0.0038750115332593,0.0128366013450125
" 3442",50,1.06248701566218,0.193866614383954,0.00132886050089354,0.0109923753818778
" 6883",42,1.16305867793757,0.61112803422597,0.00550013774474231,0.0124810376705541
" 1615",52,1.20841456732783,0.6643767362812,0.00318219801346561,0.0126149939822608
" 5297",66,1.09206289002655,0.501363304195319,2.29029262741716e-06,0.0091820967059785
" 6538",61,0.929559659714467,0.395330238652971,0.00125851579876573,0.0108269749663927
" 5347",52,1.06941953185716,0.498552880960452,5.85660543296673e-05,0.0094774409647967
" 7057",41,1.17331755945695,0.455232956979242,0.00173358792662426,0.0121181145189098
" 6545",54,1.10012288685673,0.504629034259538,0.000309353097031846,0.00917469510691033
" 6813",35,0.970190038763718,0.152972548148193,0.00213946049866869,0.0105077305130611
" 6770",64,1.32783364436275,0.635610368131729,0.00121287353854792,0.0114467572103396
" 8581",44,1.23932421410157,0.653524102324675,0.00141065666615844,0.0115468653985638
" 9166",53,1.10892442580722,0.494684860990755,5.33310997527138e-05,0.0103480454805672
" 9161",49,1.03755612785598,0.451670227795225,0.000158848152944433,0.010170090732901
" 8309",63,1.22029255755992,0.54253614630743,0.00128223668669255,0.0115707896791677
" 8726",72,1.05976750831868,0.426046699380393,0.000756287344039252,0.0112135822114171
" 2905",47,1.12740194678642,0.494704927070178,0.00387713823355619,0.0116475228549886
" 4549",84,1.03621290523793,0.276095723508066,0.000538218767443032,0.0100146735355277
" 4120",62,1.10882153123324,0.338537684049058,0.00016097485324132,0.0109352909456299
" 9340",46,1.14413718251953,0.506422743653204,0.00903455004583857,0.0128230349913868
" 4665",48,1.04455746031805,0.33305227894664,0.00417847530639208,0.0121095564397063
" 6677",47,1.25546626111413,0.639728056812087,0.00378421778981527,0.0123673007244639
" 5182",62,1.1927632437364,0.515302356977569,0.000691014004157863,0.0111821757819228
" 4508",52,1.05783413812726,0.612995396123639,0.00174667531306664,0.0118844033635557
" 6905",30,1.01593892379006,0.506139810951423,0.0011304230039609,0.0121443855747904
" 5151",59,1.07081456952698,0.456897561420051,0.00103373993661779,0.0112262300148583
" 6649",60,1.22667265847337,0.63555691636997,0.00462884499234061,0.0126502200738417
" 6823",33,1.08221271490499,0.201945322650804,0.00010437190687801,0.0101596057896636
" 4687",59,1.4821195317844,0.746678894893604,0.0144959164082453,0.0137173430981263
" 3759",50,1.21105173501911,0.703361893289901,0.000372826921277407,0.0112731479042814
" 7809",26,0.859535794625511,0.232151912679213,0.0063131916274754,0.0125026175969945
" 4560",47,1.27922880333892,0.801528194036505,0.000670892147502698,0.0121299862435803
" 6809",68,1.06153800922849,0.348844532818874,0.000840046617270508,0.0109581995193922
" 6535",25,0.382984288876015,0.152979497906512,2.02854489856948e-05,0.00998677498710462
" 8579",60,1.29385101129319,0.563007730073928,0.00588572486780104,0.0124511972188703
" 6485",33,1.11398278333659,0.672937059859264,0.00183076177095896,0.012655465744829
" 6372",36,1.20295794202331,0.512515536382609,0.00573701943934945,0.0127013981913732
" 7438",35,0.980214823117818,0.43333342309355,1.60320483919201e-05,0.00899253638504104
" 3328",31,0.540385108789567,0.266250670204234,0.000382806053439725,0.0110041056730754
" 7264",46,1.18502106580733,0.450925293938467,0.00187754917749048,0.0120451872108644
" 4408",94,1.10007892052907,0.293666410462095,0.00108641666704838,0.00974886589735344
" 3061",10,0.506777820332615,0.135565306082272,0.00827188260090866,0.011986053994091
" 6361",9,0.171989960089511,0.080716908317135,0,0.0111106227695774
" 7747",51,1.20586054630168,0.538765102522437,0.000227066154775358,0.0117854183567233
" 7845",36,1.117848414108,0.33639966687766,0.00157555773533248,0.0116141417349203
" 7048",55,1.21756907338797,0.367437151051795,0.000353686618605421,0.0108419400716804
" 6964",32,1.0289879331094,0.222342575541088,5.30039150916542e-05,0.0100680720420922
" 3240",55,1.01301582704848,0.350138033933383,0.000838737878626269,0.0110431024697011
" 9395",60,1.04508115096852,0.151168498885154,0.000447097839337935,0.00994480108989601
" 3803",58,1.09078117029656,0.505909092044809,0.00233969751123716,0.0120156344721029
" 3612",66,1.10467593614686,0.336787147502515,0.000546889160961111,0.0110684261452636
" 6673",74,0.995682546824399,0.25032268146856,0.000154103975359069,0.00953820138734362
" 5311",12,0.18427330060503,0.057986703131991,6.54369322119188e-06,0.0100126611418349
" 5318",23,0.412537575412367,0.14614442166914,0.000244079757150457,0.0111142036391469
" 5117",46,1.33301600204773,0.704544813007426,0.00155985287160161,0.0125276674949634
" 7784",27,1.0317969691897,0.428252097330687,0.000665657192925744,0.0115483772091392
" 8897",56,1.20776186298954,0.540864243914226,0.000630157657200778,0.0111689582344641
" 4479",47,1.2146214617616,0.640377473606768,0.0038179178099044,0.0126937820752788
" 7225",54,1.23322321253189,0.523121503502908,0.00424800204686724,0.0130311512013183
" 5324",35,0.604136729139106,0.216675993159937,0.00112845989599454,0.0113810578119799
" 1633",48,1.23630386554723,0.562816221313721,0.00356794872885487,0.012079422520242
" 3533",48,1.23098156461341,0.708665877047992,0.0013522542041593,0.0121643017326247
" 6514",57,1.16542842416368,0.504213537648519,0.00087063838307958,0.00995909073978027
" 6733",58,1.22012335036382,0.46359240438922,0.00604064680481276,0.0124022105906459
" 7844",38,1.15198236272777,0.343196646870114,0.00100020350885918,0.0115190164651469
" 6960",47,1.13724949006139,0.284897362804234,0.00020939818307814,0.0103669422235844
" 7002",51,1.03618521694225,0.374880404310782,0.00011320589272662,0.00979597678939022
" 9065",68,1.19544818588919,0.528419032024946,0.00102474235843865,0.011881116595999
" 8965",57,1.06761740919944,0.442473936254479,0.000337000200891382,0.0110164921563571
" 6510",63,1.12234964120822,0.502540349330487,0.00021757779960463,0.00957926698745663
" 7376",57,1.18550581452006,0.552943293996582,0.000350905548986415,0.0112532092580024
" 6769",53,1.17590223878534,0.578549998108063,0.000889778685751566,0.0114349307070789
" 4550",64,1.28409374441342,0.544370947456277,0.00271154287853139,0.0118876883358056
" 7416",44,1.13107112908301,0.514613929717573,3.66446820386745e-05,0.00914054311767768
" 9071",43,1.05758664074013,0.434676405142294,0.00472749116765007,0.0122591871739892
" 7076",31,0.751728296005161,0.355495333146035,0.000296265710589462,0.0113184481215003
" 7418",48,1.26853388924988,0.632050183684759,0.000691504781149452,0.0111092568006668
" 8467",61,1.35571873758737,0.704578617218255,0.000865730613163686,0.0116110218782375
" 9232",35,1.06599462381461,0.217498486915812,0.00133442264013155,0.011134792767468
" 5303",55,1.15962550408699,0.526320855685401,0.000707046052549783,0.0097244824165611
" 3861",46,0.84692879326638,0.374516250595307,0.00105664286289196,0.012049271643016
" 9233",27,1.04250364575839,0.196441217814069,0.0031766358742276,0.0111167190922937
" 6822",26,1.05315102018047,0.197728507565484,7.00175174667531e-05,0.01022281178138
" 7781",52,1.26329591213353,0.549940039663636,0.0014356862927295,0.011663807946559
" 3613",56,1.20542515285821,0.68741376119672,0.00571002670481204,0.0127325222372861
" 1650",50,1.11483235775105,0.581409617231428,0.000142652512221983,0.0114209436101358
" 1657",37,1.03784401191477,0.674885345711438,0.000664675638942565,0.0118260119928774
" 9050",63,1.0782079100434,0.327964999587815,0.00819155876661853,0.0125121721124147
" 6812",44,1.02265767158853,0.398272529733777,0.00209741726972253,0.0118671441270311
" 6689",38,1.01255781769369,0.425243366281068,0.00394519264305659,0.0125367535518022
" 6160",12,0.226693407345217,0.071533900834438,4.08980826324493e-05,0.00988616103344478
" 4465",32,1.14894366477078,0.667029282946489,0.000538218767443032,0.0118799924149111
" 4334",50,1.5962222881491,0.935351203042495,0.0119695600478737,0.013709303829706
" 7383",46,1.24357665419076,0.52664038067804,0.00142161735230394,0.0113428858377192
" 7405",44,1.00491881351089,0.349397248254351,0.00928419194222704,0.012517376996328
" 8043",30,0.88257059627027,0.266955795574983,0.0112216159126914,0.0126999094125143
" 6815",54,1.10543064125787,0.21543459942984,8.68675275113222e-05,0.0102447197958233
" 8685",56,1.14558506623643,0.541618814097851,0.00165800826991949,0.0116626004884736
" 6779",59,1.07050733214361,0.464597475164072,0.000395402662890519,0.0112434195154539
" 5937",30,0.863331366314727,0.264501387050408,0.00113745747417368,0.010820462062606
" 6543",52,1.08834044773036,0.499426337057697,7.63976183574152e-05,0.00895986545710172
" 7022",41,0.996024809399149,0.354768636858065,2.78106961900655e-06,0.00931521996972951
" 8935",19,0.33480900914678,0.159885840163457,4.90776991589391e-05,0.0103241530071205
" 6941",46,1.06971041241027,0.480063818591406,0.000812890290402562,0.011541945297821
" 9061",50,1.07853725894707,0.381653002114768,0.00374233815319964,0.0119950482564772
" 9167",50,1.09744084854053,0.489202458184589,6.38010089066208e-06,0.0101571567064702
" 8625",51,0.899335754657755,0.36976151677173,0.000245224903464166,0.0103004083112804
" 8057",49,1.04431507707531,0.471040627054776,0.00121450946185321,0.0112594729328476
" 6383",40,1.12016241200735,0.461929394590556,0.000262565690500324,0.0114214617736311
" 9162",48,1.07455472890954,0.468263191944963,0.000106171422513838,0.0101115985424118
" 5924",32,0.704090864933424,0.195767869324556,0.000608399877240315,0.0106624468967462
" 6544",50,1.09049121250653,0.500134814372275,2.20849646215226e-05,0.00902526078748683
" 5653",64,1.35115541778302,0.730474911760911,0.00106809432602904,0.0118536275352939
" 7429",38,1.06713210695331,0.483385891369241,6.54369322119188e-07,0.00896203241153327
" 4681",36,1.02686145944296,0.435035350315513,0.00149752419366976,0.0116939561435341
" 2636",55,1.23301444738405,0.735372636455621,0.000373972067591116,0.0112035702700537
" 7625",36,0.991216093409876,0.210682705982415,0.00180475059040472,0.0105133834454079
" 7116",63,1.07620707204596,0.248849317324227,0.000370209443988931,0.0100223275031376
" 8691",55,1.09432626444949,0.438410699232645,0.00198781040826756,0.0116841249411778
" 9217",51,1.10638610690751,0.380118160343565,0.0080646111181274,0.0127737921989969
" 6201",42,1.47584276383291,0.89639466208298,0.00281640556240099,0.0131843458071046
" 7433",40,1.07057116378887,0.488599545766926,9.81553983178782e-07,0.00881362554594695
" 7114",48,1.07741075472734,0.231316484287108,0.00018567729515132,0.010038345199089
" 6972",43,1.06467194707946,0.455702591031778,0.00903225975321115,0.0130063782136066
" 6540",56,1.10715188689095,0.501276314764992,3.0591765809072e-05,0.00887114524987308
" 7183",40,0.961327252205495,0.211949110240813,0.000332419615636548,0.0100309568008526
" 3740",60,1.26132202695787,0.645307422277761,0.00118637158100209,0.0118734308539046
" 3505",37,1.05181039370389,0.53432572551621,0.00142129016764288,0.0115580039347319
" 6829",31,0.998732346314802,0.192716883274484,0.00168696411242327,0.0106783079014921
" 3592",24,0.529749176352874,0.24139162521234,0.00102147051182805,0.0108180311238968
" 6860",56,1.42317660144625,0.660096528775163,0.00586151320288263,0.0128376189299308
" 5502",69,1.18391491857017,0.620654589959739,5.3167507422184e-05,0.0101853892772271
" 6817",34,0.943995978480812,0.166013560608556,0.00055605033147078,0.0103635307948704
" 4894",52,1.20441511277354,0.741517920402186,5.5621392380131e-06,0.0103880554480738
" 8639",27,1.03737076218403,0.34510000790185,0.0002097253677392,0.00984814272682267
" 5150",44,0.982959231257418,0.620923203585562,0.000409798787977142,0.0115114854008239
" 1634",35,1.08073552674121,0.502407814254259,0.00158864512177486,0.0117230432143049
" 9207",45,0.978217986359197,0.12488284380449,0.000940983085207393,0.00977973354360532
" 6826",38,0.936341538994337,0.14247987042247,0.00134145711034434,0.0101754730592529
" 5143",27,0.611615098190013,0.273691620617623,0.000576990149778594,0.0110709138278526
" 7849",41,1.16604980221053,0.345784832757612,8.67039351807924e-05,0.0115702093740937
" 4539",20,0.618924386939248,0.179935308641264,0.00466139986611604,0.0120372430599206
" 9270",52,1.07205879136529,0.129560599240213,0.000526440119644887,0.00889263136296577
" 3587",53,1.29304536103916,0.621479932089119,0.00701974690303359,0.0131951607924846
" 9254",26,1.09460528970733,0.198060321899071,0.00160434998550572,0.011117428828494
" 7803",56,0.954098380119211,0.276738071896697,0.00223156298075696,0.0110700204253103
" 3374",35,1.00856312832361,0.539483096985081,0.000552778484860184,0.011215622478114
" 8734",55,1.05996122006229,0.437368275715885,0.00289100366512257,0.0119177048197718
" 9383",28,1.02728902253543,0.355812506543245,2.91194348343039e-05,0.0115066650204119
" 7099",26,0.963778203518168,0.354397032216488,0.00041110752662138,0.0112825045535787
" 6818",27,1.06372569529625,0.198064880818754,0.000638500866057798,0.0103086067143577
" 7182",78,1.09185429057398,0.260593292764685,0.000117132108659335,0.0093742941837294
" 9394",58,1.08670584171601,0.175702099846718,0.00116903079396593,0.0105046635780804
" 5781",49,1.1247921477299,0.553388285540592,4.66238142009922e-05,0.00999363575728944
" 4619",36,0.847247351953959,0.411974224131641,0.00124608278164546,0.0125831160304488
" 3666",36,1.27555044154707,0.697968115038025,0.000682343610639783,0.0121623309555576
" 6935",20,0.475886560572468,0.16959209876571,0.0003469793330537,0.0108810315960072
" 5136",54,1.34738945438061,0.744516924149229,0.00128878037991374,0.0121581034726447
" 5778",50,1.13506644319015,0.55506530226506,8.83398584860904e-05,0.0103634822948946
" 5592",35,0.786347429009731,0.376768356374419,0.000555723146809721,0.0117194595473521
" 3690",35,1.036635996651,0.538504749384543,0.000511880402227735,0.0115608580839498
" 4350",50,1.2371658301003,0.580938201671825,0.00333679276581627,0.012078387189298
" 2473",63,1.14573996995438,0.422614703563191,0.00156263394122062,0.0118316721302808
" 6127",17,0.380096565634722,0.107392831660142,0.000299537557200058,0.0109178098031324
" 3700",36,1.13437917163952,0.600596893438668,0.00101541759559845,0.0118746724912043
" 3745",15,0.251973533241999,0.120831667440248,6.72364478477466e-05,0.0100469791476711
" 8658",47,1.09799902714083,0.207603152342176,0.00192646328431889,0.0113397378511116
" 5779",48,1.12943676216702,0.558698919774402,1.50504944087413e-05,0.0101922291287853
" 7227",44,1.04779055323643,0.20505310465962,0.00221765763266193,0.010948375469452
" 5790",16,0.52647740028414,0.292343906533135,0.000993987000299047,0.0121020225609203
" 5791",51,1.14626741418644,0.564155764889777,0.000567665386938396,0.0104960986377587
" 4532",52,0.952966434415425,0.401044414942208,0.0018243816700683,0.0117714482153417
" 7054",37,1.08223647073088,0.40878111566805,0.00123675801880527,0.0119909173809253
" 4678",37,1.09859779621406,0.472453833381867,0.00062050570969952,0.0114492471361235
" 6774",44,1.20343913579514,0.533967248065914,0.00272659337294013,0.0119594302098781
" 6516",57,1.10924956875287,0.493938298580965,5.93840159823163e-05,0.00947465218107632
" 6344",18,0.266773974150482,0.113768245262528,7.00175174667531e-05,0.0105558421978317
" 6100",79,1.08638714052001,0.326938632425177,0.00213946049866869,0.0111649613413485
" 6821",48,1.08679330164877,0.20983898305489,0.000349760402672706,0.0103211596891165
" 8608",24,0.960187904388,0.622064339639959,0.000561448878378263,0.0123439968338614
" 9618",39,0.9491836818673,0.163116773532808,1.99582643246352e-05,0.00858850662813935
" 5868",30,1.02168603731022,0.437654239972939,0.000751706758784417,0.0112405087412919
" 6511",53,1.14391990901837,0.477907517234863,0.000753342682089715,0.00963356757627641
" 6066",79,1.17155710686146,0.38373006778641,0.00139887801836029,0.010859737213255
" 7050",57,1.2271830483345,0.395477900288448,5.74209080159588e-05,0.0106740645565723
" 7856",35,1.06470758135597,0.140368710383321,0.000939019977241035,0.0100411384100653
" 9042",39,0.998782468453996,0.122324818595144,0.000954888433302425,0.0100483235980443
" 8554",16,0.94162520901169,0.153551088825027,0.00229470962034146,0.0108637531518732
" 5859",34,1.06404811546897,0.435744541452488,0.000299537557200058,0.0110980079839993
" 6512",56,1.12897914564719,0.474752370547606,0.000107480161158077,0.00955785777156471
" 6878",62,1.24398199391027,0.642810447372844,0.00130677553627202,0.0120374385680802
" 7928",38,1.01124077775856,0.119736389082518,9.43927747156929e-05,0.00978610294026591
" 2943",26,1.09750431659734,0.408434728420745,0.00170381412246784,0.0123177201832916
" 9240",44,1.01379222345029,0.141709999176762,0.000127929202474301,0.00926553471163761
" 5863",32,1.03495470423719,0.422433786332538,0.000264201613805622,0.0110374585373778
" 6518",55,1.12046472092076,0.505283167226978,6.91995558141041e-05,0.00940375736648499
" 6681",63,0.985539498911391,0.328345641553869,0.000559812955072965,0.010637199312549
" 7799",59,1.06358578392434,0.378558333548948,0.00096715785809216,0.0102874925454154
" 8973",45,1.21420643097806,0.511538060267241,0.000787860663831502,0.0120043418581185
" 8688",38,0.925724124183111,0.297909880901626,0.00179542582756452,0.0111758070150644
" 9224",32,0.925697745303796,0.113859183125346,0.000397692955517937,0.00893363058582257
" 5840",36,0.791983989951909,0.179220037564654,0.000636046981099851,0.0107445340235378
" 8978",37,1.16011802333945,0.497463242821127,0.00118735313498527,0.0120328068838982
" 7798",59,1.03934528420188,0.362401644264281,5.74209080159588e-05,0.0099856771881771
" 4467",24,1.08814421919786,0.609852912838932,0.000804710673876072,0.0119482509761454
" 8038",41,1.13320171535117,0.515758853754669,0.000275325892281648,0.0101514620403069
" 8620",43,1.15891483435967,0.520756551466969,0.000280397254528072,0.0100713717116088
" 6025",35,0.731013038199136,0.16864636015143,0.00082990389277766,0.0108743588266223
" 6261",21,0.415889313288154,0.174868350998831,0.000222976346512113,0.0109407565669973
" 4626",50,1.33687696264099,0.750200908401904,0.005945926845436,0.0131554858018057
" 8032",44,1.13753494112229,0.53017214492568,0.000447261431668465,0.0102703585878096
" 3665",53,1.1551336466493,0.678578899104199,0.00104911761568759,0.0125313846612588
" 5254",60,1.66621404218624,0.890744746071595,0.00508330448655238,0.0133164869626008
" 6772",45,0.900291795679884,0.539478269501062,0.000197455942949465,0.0125578248952242
" 6877",19,0.588819469438059,0.363260485708989,0.000224285085156352,0.0122622364428012
" 1648",44,1.13307697558729,0.59654450131719,0.000611671723850911,0.0115414797417022
" 6401",9,0.509699043786805,0.14204737192729,0.00357841863800878,0.0120593830074532
" 3280",61,1.5190554335643,0.871983567327838,0.00449715316626412,0.0130830671687744
" 1731",46,1.23252476875426,0.655587145441642,0.00279988273701748,0.0124203640470526
" 3307",43,0.924184431043161,0.437786530751928,0.00163641408228956,0.0119284535877287
" 7061",28,1.06235562755501,0.394575862432867,0.000663694084959387,0.0120030557998992
" 9534",39,1.11231248415935,0.19963360635908,0.00252766509901589,0.0112774237124295
" 9482",59,1.04598816351656,0.135730011984138,3.76262360218533e-06,0.00808707877691169
" 9483",55,1.04623802709679,0.135760383114738,6.54369322119188e-07,0.00803524433069735
" 9531",36,1.05987000107004,0.186939545089656,0.00435957201628856,0.0117549027619107
" 9114",42,0.764171548282926,0.295984179952084,0.00110506619272878,0.0114335091399058
" 9603",36,1.07717790342171,0.202785849644181,0.000318677859872045,0.0104871379420172
" 6827",46,1.01991172195691,0.223365077538434,0.000196965165957876,0.0101476862619784
" 5471",65,1.24665161649993,0.609898161630177,0.000678417394707068,0.0108052809625088
" 8958",34,1.06810584522754,0.319269754490554,0.00121123761524262,0.0109873887960395
" 3802",42,0.832661805896396,0.333753134299216,0.000703119836617068,0.0114600676776362
" 8693",39,1.05821343047142,0.244165907385593,0.000769047545820576,0.0101454625547474
" 9642",29,1.000406274448,0.124411893959925,0.000511226032905616,0.00898444681418265
" 6909",34,1.18325342394579,0.557563652422536,0.00117802837214507,0.0120957421167895
" 3732",52,1.0670813165256,0.516778920603762,0.00216939789515564,0.0125045197143139
" 9835",23,1.0338991212517,0.269028756369802,0.000311152612667674,0.0107699922685413
" 6509",21,0.786362294150928,0.13600113430943,5.26767304305946e-05,0.00916230207256749
" 8574",55,0.97231769739901,0.160378682932638,2.60111805542377e-05,0.00981097618933237
" 4615",46,1.13381260554068,0.634974229395274,0.00236063732954497,0.0124076737747121
" 4441",33,1.02657766228101,0.613028644942994,0.000700011582337001,0.0117797747818705
" 4738",45,1.20795399579387,0.514333896341768,0.010326929457024,0.0132324710652727
" 7220",55,1.00159972973408,0.289544411749961,0.000647007667245347,0.0101290586931995
" 9111",53,1.28965526336783,0.714888518632534,0.00622485176898931,0.0132044568206247
" 8648",48,1.14776229755645,0.487921653338967,0.00183583313320538,0.0116685329959357
" 3448",28,0.43527403958246,0.198513984025731,0.000156557860317016,0.0102552065608719
" 8745",32,1.03258808829201,0.210909751299675,0.000404073056408599,0.0108386425685277
" 3913",56,1.23506451540646,0.663948314436826,0.000140198627264036,0.0108538607760143
" 1540",42,0.73220896620816,0.312756133852265,0.00155805335596579,0.0116137929262699
" 3870",32,0.448070942942843,0.172483922393935,0.000278434146561715,0.0107711784767764
" 4808",37,1.08082117651195,0.447495033561147,0.00319168636863634,0.0120727198410731
"  321",39,1.03130408218765,0.46449958359875,0.000350414771994825,0.00982250981107535
" 1689",64,1.21063188776851,0.534661453777662,0.00308535135379197,0.0120879953925776
" 1591",47,0.913523945097588,0.412260330927567,0.0017101942233585,0.0118625050310596
" 3825",30,1.06138113584875,0.456952978403007,0.00143306881544102,0.0102009479028517
"  753",28,0.725377128208355,0.315153983937496,2.30665186047014e-05,0.0093710553516952
" 6755",73,1.12129382047531,0.466332977568226,0.001125515234045,0.0110189503033885
"11462",45,1.12362837198317,0.412829574486713,0.00112060746412911,0.0119432293702187
" 3066",59,1.112819393322,0.558608505019759,0.0012397026807548,0.0116178444532241
" 4525",54,1.26643516925604,0.661584202594992,0.00544157169041264,0.0127756203041708
" 6423",34,0.835045529375775,0.306982780697973,0.0183879415438797,0.0133084018810501
" 6806",70,1.0862765087262,0.290471659728027,0.000777554347008125,0.00986861245045594
" 9277",61,1.39374399211627,0.653746741861645,0.00457649544657107,0.0124047021158747
" 9006",55,1.0571418892609,0.136657268049843,0.000140525811925096,0.00937511687922063
" 9133",29,0.924240805355045,0.154436005585025,0.00575534178036879,0.0110056009223938
" 9202",53,1.03937141087028,0.122446903299452,1.09606861454964e-05,0.0078801212204819
" 9244",59,1.05081127968543,0.142008340709505,0.000339944862840918,0.00927340796127587
" 9049",47,1.03870196670187,0.130910460382545,7.67248030184748e-05,0.00952298672487709
" 9203",47,1.03255261491716,0.12077297555821,9.81553983178782e-07,0.00809211509460026
" 7457",18,0.627085403699482,0.27318577674628,0.00138709937056215,0.0128234941781742
" 7265",43,1.25185221639359,0.481564989069656,0.000637682904405149,0.0118119009350237
" 6723",62,1.22923335900064,0.59956895787721,0.000221667607867875,0.0105727180216063
" 9623",48,1.03272337490979,0.119676299504975,8.81762661555606e-05,0.00845315143093691
" 6950",56,1.0008818407074,0.276030342136113,7.7379172340594e-05,0.00939563767357354
" 9013",47,1.14641607963281,0.484677692687065,0.00283538227274244,0.012315444200162
" 9210",46,1.14541101373027,0.584292162125511,0.000333728354280786,0.0115395453010097
" 8003",26,1.0880067889504,0.485009901638359,0.00327528204953707,0.012416574538381
" 9288",27,1.00156122936085,0.229069682649947,0.00140018675700453,0.0113458802588384
" 5895",38,1.11520592075849,0.550648326007084,0.000306735619743369,0.0101957240177324
" 4308",59,1.20937102967084,0.67226466222401,0.00047539931251959,0.0118232030208345
" 7386",62,1.00141788175651,0.261002265359404,0.000577153742109124,0.0107614568614256
" 7060",48,1.13479918824212,0.5006100704466,6.445537822874e-05,0.0111543748995815
" 6926",66,1.12585070500754,0.439593031160454,0,0.00937819690336523
" 5874",39,1.1178091162185,0.555873324795026,0.000121385509253109,0.0100564589760587
" 5202",69,1.31987278337228,0.700004769017198,0.000621323671352169,0.0116203760807796
" 4048",17,0.462346617128367,0.228697216640468,0.000704428575261306,0.0121141870717107
" 6925",64,1.11922932472296,0.438294086158197,1.63592330529797e-07,0.00937775056341116
" 7059",47,1.13053187414715,0.500372711696942,2.61747728847675e-06,0.0111059285887692
" 3315",40,0.932968390746171,0.554501880629529,0.00421184814182015,0.0131811216934057
" 6924",54,1.08181380015612,0.423498889928112,5.75845003464886e-05,0.00941556748955914
" 7068",50,0.965587060781563,0.406417318423305,1.89767103414565e-05,0.0106270384409321
" 7994",52,1.12476088668442,0.54902638751663,0.00311136253434621,0.0132540706448938
" 5871",44,1.1309922025903,0.54791424031777,0.00044333521573575,0.0101449444537168
" 4485",39,0.992857955867299,0.459560417717616,0.00264447002301417,0.0118605692049731
" 4423",39,0.671475712856458,0.353202090489053,0.000223139938842643,0.0111150324669222
" 1570",37,1.13611518889111,0.55319124524295,0.00104829965403494,0.0116039447495147
" 4309",73,1.53088728192133,0.820476180032784,0.0023948281266257,0.0124716343735881
" 4307",68,1.52714485888539,0.851163057066392,0.00254860491732371,0.0125454018548042
" 7316",49,1.1575654617296,0.492887538940271,0.00403516842484797,0.0122569097772758
" 8050",36,1.3218334415685,0.668967567393862,0.00575714129600462,0.0126822894081017
" 7954",24,1.16014725430388,0.510277235850938,0.00676421568274605,0.0132668024545153
" 9520",31,1.0179954337958,0.181901985868807,0.00121434586952268,0.0108321153203568
" 9371",31,0.992240686236584,0.218010591222089,0.00371338231069586,0.0112732352616797
" 5891",38,1.10982554618746,0.54065764653403,0.000432047344929194,0.0102574353805007
" 4551",37,0.874243207353233,0.532428609855636,0.000395566255221049,0.0112583642404636
"  381",37,1.14810746168818,0.528566629151337,0.00217430566507153,0.0114143598001606
" 1619",51,1.45458335283548,0.762914470820924,0.00459072797932716,0.012400900891704
" 8724",27,0.940659057703744,0.114554919924095,0.00276258368565668,0.0103452598902559
" 3900",29,0.994278488372125,0.521371442098506,0.000931167545375605,0.0114879824868751
" 3396",49,1.30603366009061,0.71732289103098,0.00259293843889728,0.0122657600514152
" 4594",41,0.890576980714645,0.350410606662575,0.00134276584898857,0.0121310894359222
" 9259",49,1.08160091794726,0.483140608367863,4.74417758536411e-05,0.0103197175060969
" 9947",21,1.01819729457684,0.24848424772354,0.00161351115601539,0.0116925752131716
" 9745",51,1.11957971089572,0.247989014600152,0.000360721088818202,0.0106787397819509
" 9685",50,1.03891457828215,0.141202579774909,4.74417758536411e-06,0.00827294794003585
" 4446",28,0.736042637158269,0.326254783254247,0.000945236485801167,0.012148898049576
" 9018",50,1.05613214950916,0.121140673840806,6.54369322119188e-07,0.00833192237783292
" 9943",23,0.975620510312162,0.238514428245633,0.000226248193122709,0.0115376935794485
" 9686",47,1.04749514363945,0.148739453236941,0.00117197545591547,0.00887277502752082
" 9742",52,1.1129149639129,0.245401497583556,0.000794895134044284,0.0105857276092078
" 9041",30,0.950429158266785,0.100472772775522,8.40864578923157e-05,0.00847224864443026
" 8605",40,1.38437715367599,0.794991587648987,0.00216138187095968,0.0125574974914185
" 9078",71,1.28503668033188,0.638859682138033,0.0085954682306966,0.0130391360049568
" 6854",61,1.07588904907992,0.462880799177738,0.0019550919421616,0.0117381520922658
" 9019",47,1.0463630199918,0.11703253650309,0,0.00824439158099944
"10248",29,1.0034984656237,0.287666006623587,0.00139315228679175,0.0118980423180375
" 9712",37,0.958767844430547,0.168705955736229,0.00411663740545181,0.0113196837907663
" 9848",43,1.03742129506868,0.230339978137527,2.84650655121847e-05,0.0102667711462259
"10509",39,0.939632679982247,0.196325559537093,0.000257167143592841,0.00947915387709556
" 9028",45,1.03553493614035,0.113291749537956,9.81553983178782e-07,0.00819047370412426
" 9208",48,0.978003849192425,0.114298139415044,0.00019320254235569,0.0083381712468681
"10249",41,1.24190787022176,0.356727110975394,0.0050993365349443,0.0123120514619211
" 3904",31,1.18881045892682,0.565416517873351,0.00109001569832004,0.0112132985994444
" 7949",38,1.23102406932927,0.550231313930829,0.00112633319569765,0.0119616003068157
" 9972",38,0.998677866214229,0.18323369004149,0.000691504781149452,0.0109131759626964
" 9272",55,0.983140276638876,0.359924366585386,0.000366119635725686,0.00991927454673497
" 8636",45,1.03908505273167,0.143503099261921,0.000278924923553304,0.0100212931724964
" 9825",35,0.933127132707551,0.106281666759837,0.0022762236869916,0.00925207562198469
" 7041",38,1.00434419294796,0.447273917390888,0.00642476159689672,0.0122362883056557
" 4658",72,1.09628238650196,0.277996064795936,0.000198928273924233,0.00958434768824932
" 6788",48,1.10957933377765,0.492708018800785,7.91786879764218e-05,0.0103271730629688
" 6786",42,1.10536610939991,0.489032586083538,3.79534206829129e-05,0.0103339556410134
" 6785",57,1.13328467967711,0.51611383132397,0.00108216326645461,0.0115549147068747
" 7218",30,1.15926401057622,0.496621654964525,0.0010195074038617,0.011938131591041
" 8033",38,1.09939312870032,0.470730583433797,0.000179133601930128,0.0099392291461666
" 8619",43,1.16901379534774,0.519569454963057,0.00019369331934728,0.0100585182610937
" 2506",57,1.09503096714922,0.395766755586257,0.000702138282633889,0.0115425553679866
" 7217",30,1.09549770889607,0.476747428827407,0.000614943570461507,0.0117910520642608
" 3749",41,1.28141305778467,0.670916013416211,0.00311283486532098,0.0121240440993782
" 8708",25,1.08408808427475,0.461323950221815,0.0050010175442959,0.0130962464130958
" 9275",47,1.02741397511886,0.118267631634126,1.86495256803969e-05,0.00864334734620754
" 2094",44,1.23096681370253,0.696071737197274,0.00283390994176767,0.0125614635732951
" 8189",74,1.10448197773885,0.274010914696931,0.000162937961207678,0.00951596497855461
" 9536",28,0.981117273261288,0.271751388288784,0.00523430020763139,0.0120957983012363
" 9448",33,1.00648197386464,0.222873786650734,0.00119062498159586,0.01131385326302
" 8169",56,1.02180344888533,0.226628726941829,0.00113843902815686,0.0105958971254419
" 4152",38,1.21624597830889,0.71244109986005,0.000921024820882757,0.0121558874279845
" 3247",45,1.347893602027,0.787061717684219,0.000542962945028396,0.0121556107750731
" 4588",33,0.920094619769434,0.429377705449285,0.00212784544320107,0.0120684116234662
" 9150",50,1.031116106363,0.121549291679986,0.000109116084463375,0.00886089971587446
" 6807",75,1.06299225060851,0.259288721948202,6.7727224839336e-05,0.00943178532525957
" 8060",61,1.09812646569443,0.276514685353108,1.3741755764503e-05,0.00896456071865618
" 7790",45,1.32743109922506,0.807958270464198,0.000442026477091512,0.0123423512793582
" 8499",64,1.08593652509135,0.336278588340887,0,0.00945315788500909
" 9341",46,1.07107674536341,0.177678701866613,0.000636210573430381,0.0103751554883396
" 9726",47,0.969682714996746,0.208104471137197,0.000990224376696861,0.0107822871486471
" 9457",42,1.06331279683168,0.191527821251041,0.00149179846210122,0.010988465205896
" 9519",37,1.02026087292337,0.196750688404819,0.000873419452698586,0.0107273570710931
" 9390",64,1.05883554929082,0.142315751855941,0.000111242784760262,0.00870849493870209
" 9568",39,0.90282202021184,0.199649135665467,0.001872150630583,0.0107274859737105
" 8593",59,1.08382340059703,0.332995159225107,0,0.00946528451249987
" 7710",30,1.05557620325399,0.220657960923501,0.0103727353095723,0.0117911674670587
" 7226",36,0.893503530497237,0.125886789685982,0.00617675562381355,0.0108474765321405
" 9338",39,0.962043776818874,0.152127216297322,0.00187345936922724,0.0105488008902609
" 9458",40,0.971366223454987,0.160240311795536,0.000835466032015673,0.0104808959319979
" 9393",49,1.04042685109139,0.131442878041768,4.08980826324493e-06,0.00818971748531693
" 8589",60,1.09009460213509,0.334131701384824,2.61747728847675e-06,0.00950852440557649
" 8585",54,1.08465947413994,0.344343522993594,4.94048838199987e-05,0.00944549547241955
" 8732",71,0.950360151858179,0.367183239038738,0.000782298524593489,0.0108872279059501
" 6671",73,1.07883487380861,0.444628382942493,0.00230926933775861,0.0118108658649545
" 4535",30,1.04710097180779,0.480926867859521,0.00339028745789951,0.0124280605447916
" 8023",50,1.28849324442959,0.696846386059735,0.000623450371649056,0.0115781589025377
" 9827",44,1.13714221904336,0.227941005949104,0.00272037686437999,0.011341699281334
" 9602",43,1.10807173516434,0.219621277329268,0.00130792068258573,0.0113875719330681
" 9630",24,0.910472930602339,0.176478551998641,0.00316698392672634,0.0120022479821778
" 9822",29,1.05748122629257,0.198502791012094,0.000920043266899579,0.0110499179378688
" 7727",38,0.951823463236013,0.294076605574364,0.00169399858263605,0.0116852606144082
" 4679",21,0.354918940899576,0.120517419130606,0.000148541836121056,0.0103776394899204
" 4536",23,0.476646381747204,0.177969859124593,0.000457076971500253,0.0112853822962371
" 9512",43,0.933113054163041,0.173928329205507,0.00152337178189347,0.0109001214073688
" 9586",48,1.06383215797881,0.171709990766476,0.000263383652152973,0.0107721797787522
" 9510",56,1.06465296218321,0.256154232953424,0.00194773028728776,0.0113361044313321
" 8754",40,0.838996690098452,0.340047664745301,0.00123724879579685,0.0116598639152068
" 7829",46,0.930224528986859,0.385699136211459,0.00250312624943642,0.0118717796515458
" 8149",50,1.03854269466855,0.316615134125347,0.000521859534390053,0.0104056328791311
"17464",43,1.44892261266902,0.859449575076651,0.0013615789669995,0.012361832753443
" 2093",50,1.37024444988021,0.883140256745536,0.00243768931722451,0.0126153397249236
" 6875",67,1.43835023720766,0.811137501538992,0.00241674949891669,0.0124689021203947
" 2071",35,1.21808039535753,0.852433239068817,0.000869656829096401,0.0124127746290373
" 4983",47,1.22096179839663,0.743988669103212,0.00601299970095322,0.0132939459414864
" 7098",58,1.13120474632021,0.405903207824256,0.000123512209549997,0.0106836477526224
" 7940",60,1.11135667636108,0.43873693268576,0.002100034747011,0.0117230516899414
" 9107",47,0.983679693426214,0.231589286837294,0.00271890453340523,0.0113256628745027
" 6848",36,1.15587367860598,0.522824334265215,0.000584842581644024,0.0117869333242417
" 4597",6,0.36550478475935,0.0992312195039278,0.00101574478025951,0.0111595986978576
" 6716",47,1.1210213334076,0.447043428434969,0.000255531220287543,0.00955073183271771
" 2202",46,1.38408237718911,0.807172324565989,0.00761096958556828,0.0130173811730821
" 1966",27,0.941249305314566,0.581762371058327,0.00054803430727482,0.0117815486990341
" 6904",48,1.17762493056925,0.355496291489088,0.00108592589005679,0.0113954719477214
" 7961",41,0.784176645349155,0.340548381731928,0.000552287707868595,0.0109398710659228
" 1632",17,0.876887794227495,0.363210262771792,0.00169628887526347,0.0118103215413746
" 7095",48,1.05181414219566,0.370971222632933,0.000715552853737332,0.0108855334295842
" 6845",32,1.14653086966773,0.517985526882222,0.00284372548159946,0.012038278248688
" 6719",43,0.96509470071804,0.379543737132467,0.000471800281247935,0.0101506581683122
" 6899",50,1.04159867171964,0.318417892309695,0.00169776120623823,0.0115228647760614
" 4791",34,1.19632829289658,0.245288477982315,0.00271039773221768,0.0116390557843274
" 8561",50,1.15056603870425,0.464718008432339,0.00167060487937029,0.0114707981843515
" 4126",61,1.15923288725819,0.43320492455458,0.0114728937323852,0.01281959220556
" 4667",54,1.39284926293187,0.836156439914854,0.000927895698765009,0.0121243030940909
" 8733",44,1.2136017809555,0.400014290166375,0.00968335722871975,0.0124184937888278
" 6685",49,0.964509616651932,0.392694250923988,0.000595639675458991,0.0107462625789777
" 7455",32,1.05434099485935,0.44000787437866,0.000525622157992238,0.0117722222191786
" 9256",55,1.0469086501334,0.147304626191243,1.94674873330458e-05,0.00953845807036205
" 3730",63,1.51016702268786,0.877867082596981,0.00446721576977717,0.0128860323150577
" 4677",41,0.914608500387088,0.435409448153695,0.0011655953550248,0.0118916431107606
" 7088",50,1.15620235988765,0.559129965592841,0.000115496185354037,0.0113057291461967
" 4734",75,1.1472272643261,0.346586862834086,0.000288576871054562,0.010423043127451
" 8736",36,1.03099613365621,0.116500980210352,0.00174356705878658,0.00962546928779168
" 9437",30,0.835610447201282,0.21840720974393,0.0020368881074265,0.0111721582771168
" 5719",47,0.997552741865956,0.492631848016324,0.000284814247452377,0.011403555673684
" 7035",34,0.530448298352799,0.230517007510674,0.000248169565413702,0.0106379470146666
" 7034",8,0.131619291743724,0.0483326740151436,1.01427244928474e-05,0.00968581658506747
" 7055",7,0.0258475378832035,0.0103238903734462,0,0.00501765237254178
" 7414",41,1.06609552338922,0.483654179308609,6.21650856013229e-06,0.00899920772504834
" 6874",70,1.12998248618314,0.393904620204439,0.00258884863063404,0.0117276678025865
" 7089",48,1.05661035112684,0.513949284135925,0.000432210937259724,0.0114705286006071
" 2638",32,1.19132195107824,0.709281564669498,0.00220833286982173,0.0120476348467065
" 7157",46,1.21373222016203,0.626458494195661,0.000173407870361585,0.0108308785402952
" 6768",55,1.039792332407,0.505612174538174,0.000301009888174827,0.011081133408778
" 3049",60,1.14528479975769,0.604622434853919,0.000251768596685358,0.0111648271000812
" 7439",41,1.00635494013037,0.457207053991148,0,0.00857269825939956
" 7257",49,1.10113177292844,0.483471680986213,0.00108592589005679,0.0119878359477566
" 8454",63,1.45064800803943,0.732738769693655,0.00102212488115017,0.0116525373900501
" 7426",54,1.31928266787555,0.650979469179627,0.00456340806012869,0.0115661776506775
" 6888",19,0.546235912548047,0.155019415543937,0.00337327385552441,0.0118370485102871
" 6741",53,1.06467035201849,0.436880454866965,0.00236194606818921,0.0123205691847114
" 8008",19,1.02849769831519,0.386405918767258,0.00406952281425923,0.0116021261049527
" 7056",46,1.13184678355734,0.516274163398592,0.00011304230039609,0.0112269771613363
" 6949",40,1.160988020689,0.499043238810075,0.000639973197032566,0.0114671870546205
" 9741",77,1.46877244796901,0.806985874767019,0.00440832253078644,0.0128339891100743
" 9366",12,1.04730250703796,0.212185656680482,0.0114620966385702,0.0123683100780373
" 9197",46,1.05798343468372,0.175779613382268,0.0010052748711056,0.0103752397478905
"11063",39,1.073123662329,0.320402329593444,0.00475203001722954,0.0116978951283636
" 7400",52,1.1131213103907,0.555910763784405,0.000458876487136081,0.0111600967561751
" 8059",72,1.09112307271866,0.275072445300473,3.63174973776149e-05,0.0091724345552124
" 6764",59,1.30114197464575,0.451002713481919,0.00105500693958666,0.0112342734106214
" 4470",52,1.19176411126029,0.504363388136471,0.000221504015537345,0.0111711755467839
" 9354",36,1.10072964191769,0.183374821243493,0.000798984942307529,0.0111660911384328
" 9239",44,1.14445797652797,0.251763593689316,0.000127111240821652,0.0104487160859333
"14337",21,0.65403927929449,0.310446622955653,0.000713916930432034,0.0112174356410819
" 6311",55,1.00149292267971,0.452100797338994,0.00102899575903242,0.011841895373035
" 6759",45,0.862793870656352,0.306029442805047,0.000905156364821367,0.0114612311221323
" 9238",41,1.08018031350014,0.22695653766706,0.000352214287630653,0.0103773425461791
" 8592",61,1.08386359378794,0.337625027124262,0.000105353460861189,0.00971594719918507
" 1788",38,1.17050067624395,0.834623213951154,0.00110522978505931,0.0121673735587803
" 5742",68,1.10151743922801,0.272289288717639,0.00105157150064554,0.0102584563928444
" 6953",56,1.07871308427518,0.295811608716425,0.000509262924939258,0.00968619778880963
" 9211",45,1.17697036049888,0.594246263560328,0.000526112934983827,0.0116146870681424
" 7272",39,1.12588141488544,0.496597388291121,0.00200122497937101,0.0124834163188369
" 7188",55,1.23158923496356,0.462879369173102,0.000569301310243694,0.0114156250038302
" 7761",31,0.963847806299671,0.527750570874229,0.000284814247452377,0.0110214409292652
" 6631",54,1.15871303559308,0.457477869001195,0.00122628810965136,0.0117267010207783
" 2031",48,1.43391418960199,0.939422796120338,0.00293108378610237,0.0127304098618055
" 8591",48,0.997150165510057,0.28288511409635,0.000641118343346275,0.0101279331274861
" 6952",49,1.00333722703151,0.295198178690113,0.000421904620436347,0.0096599607219758
" 7187",59,1.19477311903167,0.473026758418242,0.00105991470950255,0.0113173457679695
" 2192",39,1.32236622516913,0.804789810118253,0.00316322130312416,0.0126339519509285
" 2154",48,1.40335351865954,0.794923383004297,0.00634901834786142,0.0129692844821759
" 7947",53,1.17920529545316,0.573921957344775,0.00148869020782115,0.0116223238984236
" 9485",51,1.05218443042281,0.140074860905152,8.01602419596005e-06,0.008629984652191
" 4102",45,1.19061111326945,0.670273692426034,0.00213160806680326,0.0124046782846451
" 5393",34,0.975915940159159,0.446076011437035,0.0003222768911437,0.0107175784402836
" 6490",20,0.82589857324701,0.137082637765635,0.000403582279417009,0.00927491322150936
"  955",30,1.12311915692747,0.533102474475745,9.79918059873484e-05,0.0107609545661902
" 6859",63,1.08484233183309,0.429708249636336,0.00163297864334843,0.01132244732191
" 8076",42,1.11625694181435,0.503554558337022,1.83223410193373e-05,0.0100856261981165
" 8615",39,1.14865703142491,0.492229361846975,0.000686269826572499,0.010246064001738
" 9260",52,1.13272651041628,0.494040769520087,3.81170130134427e-05,0.0100570153297145
" 8742",49,1.02708692668301,0.205648860924935,0.000136272411331321,0.0106250904753002
" 8040",47,1.13838473528282,0.51583997567099,0.000879799553589248,0.0103647989564487
" 5437",45,1.05204331851985,0.446134920869411,0.000998403993223351,0.0107714574919896
" 9273",37,1.04520777546793,0.132372699301647,0.00108363559742938,0.00959793001636608
" 8617",21,0.976463080172354,0.478786975438468,0.0009915331153411,0.0116990754550909
" 7382",53,1.08006703081462,0.561313062533922,0.000779517454974483,0.0114807791982268
" 3775",55,1.26131738361948,0.718065943927349,9.76646213262888e-05,0.0110740566634641
" 4111",37,0.971105569111655,0.51216483627814,0.00103717537555891,0.0120348869150756
" 6187",61,0.96097767435647,0.27561765049579,0.00415213694117678,0.0114362925702125
" 7235",42,1.18637725938009,0.746438168861474,0.00187035111494717,0.0122427439696051
" 8611",35,1.25835487681222,0.746880685681619,0.000964376788473153,0.0124937336036351
" 4159",44,1.35957705200061,0.540447018238141,0.0058394282382611,0.0124495215188478
" 6690",62,1.14750567820504,0.436843806948293,0.00166782380975128,0.011352471926353
" 9295",61,1.0927991564332,0.449974427633169,0.000679562541020777,0.0108470465293275
" 9151",56,1.18965553395913,0.662385688211621,4.20432289461578e-05,0.0106549812162074
" 9153",53,1.19321895310163,0.654220961220382,1.97946719941054e-05,0.0106115274775496
" 4691",43,1.21775167344402,0.567858033926671,0.000386077900050321,0.0114317125074581
" 9165",50,1.13052732960854,0.497848974766601,5.59485770411906e-05,0.0104628711711962
" 7052",46,1.08963286940813,0.362868049351022,0.0043855831968428,0.0119745320051607
" 4683",44,1.19965568078623,0.467902287013879,0.00491022380085186,0.0123130747676961
" 6865",50,1.03000284281857,0.546457537637022,0.000439245407472505,0.0110173042909754
"10795",31,1.10121641959753,0.254149816173488,0.00115316233790454,0.0110422909113606
" 9163",50,1.11366014169787,0.49480464407304,0,0.0102942231242166
"10675",29,0.939405965312759,0.195191600652811,5.70937233548992e-05,0.0110043649093008
" 7431",37,1.07502059336093,0.494181431049452,2.45388495794696e-06,0.00895669710368631
" 2822",39,1.06839266401233,0.628222739237633,0,0.0103879456061244
" 9169",47,1.05852424842561,0.467433978651057,0.00018535011049026,0.0103445689648226
" 7642",51,1.34307037079573,0.564391568129568,0.00234198780386457,0.0117762603392704
" 9200",42,0.873924141455981,0.407563815142177,0.00344149185735534,0.0125367878085905
" 4650",38,1.09492077698007,0.418641150548616,0.00128665367961685,0.0113744676457849
" 9762",34,1.0240541424329,0.275971737430249,0.001224325001685,0.0113740473641994
" 7432",34,1.03553742124132,0.482341258946719,1.63592330529797e-06,0.00872308168675638
" 4621",69,1.26232642672624,0.645621529995365,0.00103144964399037,0.0118098890757509
" 2829",36,1.06978516462697,0.634137205836805,0.000121876286244699,0.0103790492616537
" 7643",46,1.27793340414266,0.536022028765637,0.00160745823978579,0.0118431320147262
" 5476",74,1.18206129905483,0.614875107298839,0.000107807345819136,0.0101646818812619
" 7104",50,1.03334351283819,0.431377079019145,0.00059613045245058,0.0112887311119683
" 2851",52,1.10873402938377,0.631568757563523,0.000173244278031055,0.0101355259041426
" 7664",51,1.25988913485144,0.651342217670375,0.00212228330396306,0.0117724981975816
" 5210",32,1.35003277767402,0.606091897542905,0.0128765159283309,0.0135774671742563
" 4637",58,1.33468363109041,0.643265154299651,0.00116575894735533,0.0120793810832145
" 5480",72,1.16455218777276,0.615196708768054,0.000128092794804831,0.0102250903652311
" 4654",72,1.06246466063589,0.265188107421582,0.000224285085156352,0.00959080265684878
" 7171",26,0.645364120329049,0.302148472772542,0.000137744742306089,0.0111192408218144
" 6840",60,1.07481969768649,0.38635896757887,0.000527748858289125,0.0109166131043093
" 6655",64,1.27330786718219,0.524516483604672,0.00332076071742435,0.0122627886346497
" 4264",45,1.05610757691944,0.512808557515165,0.00235196693602689,0.0128001779234662
" 3342",46,1.25149617422034,0.664204621616775,8.47408272144349e-05,0.0113739728801852
" 3605",66,1.33160748830383,0.583026430161435,0.00248627623939186,0.0121018263073694
" 6933",34,1.07955869384395,0.462942291967352,0.0023267737171253,0.0120778810752691
" 8165",64,1.0781098829541,0.278617748548753,0.000422068212766876,0.0107715811704236
" 3293",53,1.21785695876425,0.625498631048417,0.00043499200687873,0.0114272351892696
" 8162",60,1.01762581924055,0.268484735239456,0.000807328151164548,0.011187637916448
" 9468",35,1.13338892258572,0.190490429190368,0.00275914824671556,0.011239133740597
" 8597",60,1.23597751670218,0.617682539183156,0.00209987115468047,0.0117567926533741
" 8687",22,0.95957583580057,0.141107300045929,0.0024134776523061,0.0107349273504696
" 7939",48,0.805148312388691,0.318762833451882,0.000525294973331178,0.0107382442301649
" 4116",52,1.24074446229348,0.649510638589946,0.00118228177273884,0.0114694187425339
" 9624",40,1.07056258597295,0.33570567213445,0.000143961250866221,0.0105642719993589
" 9213",53,1.06256518839732,0.159379389396313,0.000609054246562434,0.0102240127566121
" 7788",45,1.26809980829524,0.784357162695158,0.000929204437409247,0.0123824481694283
" 9247",27,1.09085898439257,0.165604160664574,0.000175861755319532,0.0103855444639764
" 8064",59,1.28928911824661,0.696155702796369,0.00281624197007046,0.0122955280559617
" 9016",42,1.16543460229412,0.623246308811518,0.000295284156606284,0.0110495427281376
" 8971",39,1.18991871329037,0.630622088646304,0.00299226731772052,0.0120323692031397
" 9622",41,0.998364647393143,0.31733703486848,0.000198764681593703,0.010523366854682
" 9216",41,1.08990438082569,0.34086144311912,0.00803761838358999,0.0124562047890214
" 6882",44,0.804316318324955,0.314558237777698,0.000669747001188989,0.0114007346191576
" 9249",23,1.09294470792027,0.161385586696718,0.000291521533004098,0.010383543883719
" 8972",46,1.17743044565638,0.626293776742697,0.000617070270758394,0.0110632666752101
" 8922",81,1.07962553338662,0.263147772186724,3.61539050470851e-05,0.00959448833321229
" 5626",65,1.20099607964686,0.585690582827972,0.00054836149193588,0.0103150611325764
" 6921",52,1.10048606920016,0.431484499810027,5.7257315685429e-05,0.00936470679347066
" 7062",44,1.12316718748479,0.484823092587584,9.79918059873484e-05,0.0108530498744955
" 6869",46,1.0809895035123,0.295180496855064,2.94466194953635e-05,0.010846183279815
" 9060",74,1.21604337840584,0.505535494420074,0.00173080685700525,0.0118376365045587
"12721",57,1.34987383328998,0.649218329126386,0.00479947179308319,0.0122128734604183
" 9251",16,0.969813062719814,0.137159043533513,0,0.0103087922755818
" 9385",29,1.04098689117454,0.35815386388156,0.000523168273034291,0.01147150270859
" 8913",71,1.05119171872666,0.256533201102815,0.000249314711727411,0.00990349945766786
" 7184",52,0.92001354740073,0.463572911399793,0.000493721653538927,0.0112412726000645
" 7103",48,1.1559187622072,0.617184881823458,5.66029463633098e-05,0.0109102946951499
" 6923",27,0.7385050894817,0.298905370002486,0.000789169402475741,0.0103955636014267
" 4583",20,0.860992773328251,0.431330284383738,0.00330145682242183,0.0134321278922758
" 9066",67,1.18462776872924,0.510258419931929,0.00132198962301129,0.0117910228788334
" 9384",29,1.06679238858428,0.367297474233166,0.000763158221921503,0.0114306377644411
" 3819",41,1.38799260432366,0.717758548999758,0.00517377104533536,0.0126486358878187
" 3734",35,0.916957714201047,0.468390539757675,0.00058058918105025,0.0110249370967386
" 6975",31,0.716521439570655,0.338877004042741,0.00350447490460931,0.0121353426870773
" 5171",44,1.0552597988445,0.511330331257841,0.000305099696438071,0.0111620508759282
" 3412",33,1.03180706018024,0.300226496157177,0.00182536322405148,0.0110707029085973
" 7826",45,0.889944480262918,0.367772151458361,0.000885688877488321,0.0110991684356126
" 7661",64,1.18516498835804,0.379808083412563,0.000575190634142766,0.0107538392491626
" 8052",51,1.11849471806316,0.552242747041426,0.000395729847551579,0.0113046258051776
" 5168",34,1.03270668634017,0.498105708461855,0.00100887390237726,0.0113154096391596
" 7657",56,1.11328097546746,0.386343049997049,0.000742218403613689,0.010858250272796
" 8599",62,1.09232930406456,0.284945033194995,8.08146112817197e-05,0.00944000785415662
" 6675",91,1.09711041770598,0.272541165902484,6.21650856013229e-06,0.0093228364271168
" 1749",42,1.28026878534662,0.765152184159472,0.00130808427491626,0.0118515083294712
" 7649",64,1.02576715522108,0.331911056206991,0.000876527706978652,0.0103018575036488
" 8644",26,1.05614171547586,0.479899622215533,0.00943649640195028,0.0138565074317267
" 7663",58,1.19811913851212,0.598642946727114,0.000790968918111569,0.0111864994444729
" 9692",40,1.0286855158807,0.145516780623475,4.4333521573575e-05,0.00919094345453673
" 5154",35,1.17838900956942,0.487317192095148,0.00614649104266553,0.0131555413324276
" 6674",85,1.08286182826656,0.268276081205892,8.55587888670838e-05,0.00974807528605827
" 9021",47,1.0391317565284,0.115222299190493,0,0.00819623563492333
" 9168",50,1.11711316106214,0.487727507426462,0.00065306058347495,0.0104697575557551
" 3882",55,1.12413660626263,0.439857416177699,0.00407753883845519,0.0121534186100312
" 7254",49,1.06917573918617,0.438399207614148,0.00229536398966358,0.0119858385113821
" 7173",43,1.19316915688695,0.571163194396454,0.00370552987883043,0.0127650115512341
" 9022",45,1.0281275913938,0.112275022222211,0,0.00807807564175634
" 7785",36,1.14623746849604,0.454244112559693,0.00254516947838258,0.0117867204341978
" 9173",41,0.998299311051096,0.434301776750881,0.000188458364770326,0.0100270555406239
"  522",34,1.18209469894265,0.540817443958971,0.00285354102143125,0.0114262236279047
" 9486",49,1.05976722803276,0.142593676837323,0.000131528233745957,0.00886860375825107
" 7219",57,1.16963890507873,0.332085780370201,0.000917098604950042,0.0113728860262929
" 8697",30,1.04137149053162,0.157952039405436,0.00182340011608512,0.0107854401816835
" 8635",48,1.12655859634608,0.517297537931398,0.0011150453248911,0.0116446104066552
" 9047",23,1.10024491848329,0.177915945774339,0.00299390324102582,0.0109749238501855
" 3343",47,1.20474678360917,0.656417289604525,0.000481288636418663,0.011393239978181
" 5643",70,1.09168221419226,0.278803057237261,5.15315841168861e-05,0.00916377945642249
" 9292",44,1.2876950270069,0.567099904806857,0.00618084543207679,0.0128463534526399
" 9048",27,0.957468119348929,0.150968642149642,0.000166864177140393,0.0105991045384145
" 9196",54,1.52437254625744,0.726617526012606,0.00582159667423336,0.012225901013944
" 9076",35,1.00309600137755,0.288319157018521,0.00168107478852419,0.0110587551792975
" 9816",42,1.038877718135,0.161942066493436,0.0016454116604687,0.010371532223214
" 9199",31,1.17868237556094,0.422219182475642,0.00188245694740637,0.0119104990280341
" 6790",47,1.10050959533651,0.481718591354081,2.35572955962908e-05,0.0104166578039214
" 6962",27,0.957669408111763,0.206902125383572,0.000633429503811374,0.0102030372399884
" 8475",26,0.982550552715007,0.364639520997336,0.00027434433829847,0.0112199249421681
" 9084",42,1.05933874995798,0.2156307299822,0.000736001895053557,0.0106751328197505
" 7716",44,1.07720015748112,0.476575568062163,0.00178691902637697,0.0111547673181038
" 8007",21,0.967518257527626,0.351550335740143,0.0013121740831795,0.0114978778047898
" 4891",42,1.18543113651233,0.743339171328487,0.000335527869916614,0.0106984059761015
" 7303",25,1.05571313540479,0.637738699246459,0.00325695970851773,0.0128095286112402
" 7787",58,1.18889607226167,0.526906273652623,0.00118898905829056,0.0113002483211444
" 7741",53,0.940329889851943,0.387504508192616,0.000240480725878802,0.0101317949838984
" 6749",47,1.14492115885085,0.480692094713731,0.00383198675032997,0.0120499151325803
" 8707",33,1.13390984113316,0.449374836483748,0.00326971991029905,0.0123691373065302
" 9255",31,1.01896955106103,0.230297194299602,0.000504191562692834,0.0106165513846843
" 7249",31,1.25274729025768,0.533849079410033,0.00105713363988355,0.011639689681347
" 7117",40,1.05980678559135,0.229653404013556,0.000504682339684424,0.0102078880312839
" 8748",39,1.03275908294203,0.244029648197152,0.00035483176491913,0.010944362761877
" 7789",70,1.19097022916308,0.513910850357701,0.000313115720634032,0.0108150721390376
" 7250",39,1.13523542551386,0.49499099704174,0.000165719030826684,0.0113148666827557
" 3835",44,1.26407666121487,0.67201582832751,0.00172213646348717,0.0120908000983488
" 6706",42,1.22226506492315,0.769569517891098,1.48869020782115e-05,0.011132621979143
" 8472",66,1.1703506868323,0.399721911309813,0.000909900542406731,0.0110586934264887
" 8613",13,0.297933991268872,0.110792363540541,0.00046738328832363,0.0117135059099566
" 7795",44,1.01070447357034,0.412816553226512,0.00242263882281576,0.0114789965794375
" 8068",43,1.14622460315135,0.314554476240057,0.00304936104107542,0.0114981140981891
" 6884",33,0.978998571774195,0.420192364256037,0.00489059272118828,0.0126456791908881
" 6705",38,1.17814378288644,0.74802561561793,0.000255367627957013,0.0112681500086719
" 9525",60,1.07417621865891,0.394627839364302,0.00444005944290922,0.0118299231535062
" 8067",51,0.97928743528655,0.226463039953642,0.00109950405349077,0.0104740747466936
" 8650",51,1.0952486217863,0.285120614577608,0.00111079192429732,0.0109720189859542
" 6993",71,1.19105086733904,0.426741950763943,0.00124035705007692,0.0107463009297664
" 8659",44,1.0469387589222,0.264923180265572,0.00243409028595285,0.0111800296218866
" 9587",32,0.905302600998447,0.600535822983349,0.00150243196358566,0.0123388977255073
" 7774",59,1.04131904725317,0.289939154761712,0.00142390764493135,0.0106859777280259
" 9504",45,1.0778690743094,0.280919036683549,0.0020291992678916,0.0111877161869197
" 9370",57,1.22687659678728,0.684101937571242,0.00199975264839624,0.0115709594261733
" 9379",48,1.04486442132555,0.148566186421236,0.000492576507225219,0.00968393826751188
" 6430",53,1.10255260089865,0.521644142147165,0.00302367704518224,0.0111375903592155
" 5931",30,0.862252466206927,0.374613628181786,0.00199877109441306,0.0121738600409683
" 7778",55,1.15001015711145,0.520582586795103,0.000477035235824888,0.0110513397506515
"11465",48,1.21011650555994,0.503617939652708,0.00150963002612897,0.0121608179212368
" 7230",34,0.947934350059503,0.388881296305123,0.00114547349836964,0.011791962768748
" 7328",52,0.856424292010908,0.204328183007066,0.00082254223790382,0.0106097622666547
" 7730",44,1.07680259474432,0.477509614101392,0.00175485492959313,0.0119343413621921
" 9129",51,1.10344488988356,0.535418136129231,0.000976973397923948,0.0115567894600297
" 7782",70,1.15393108963036,0.490912533900404,0.000136599595992381,0.0108065372179147
"11460",38,1.08936768889891,0.460118153699686,0.00092707773711236,0.0119156750228298
" 9396",33,1.15559978633239,0.200602050442074,0.00514988656507801,0.0116880798165662
"  559",24,1.02402897802204,0.481826762509571,0.000388858969669328,0.0109634035958206
" 8692",61,1.11071046310974,0.480553702805722,0.00165031943038459,0.0113723761719266
" 9261",56,1.17074339200966,0.501147454804219,0.000533965366849258,0.0105476666269174
" 9296",22,0.651523374653099,0.248015870164443,0.00213880612934657,0.0114407874796857
" 9408",51,1.1815086867655,0.654693734074467,2.86286578427145e-05,0.0104866686601099
" 7813",54,0.984531865873254,0.217818569393625,0.00115725214616778,0.0105469512826788
" 8994",50,1.04452062708713,0.571328212053541,0.000151977275062181,0.0108740756138858
" 6724",57,1.19890404623013,0.590024764429379,0.000211197698713968,0.0105864472224423
" 8747",41,1.05264453480151,0.232889462070006,0.00192351862236935,0.0111383009636051
" 9263",57,1.14592563213235,0.507889379065988,2.29029262741716e-06,0.0100862214922321
"  571",39,1.00220631393465,0.486480003835776,0.000655350876102367,0.011025581537095
" 8553",25,1.06833216878733,0.437613766819868,0.000544108091342105,0.0113653601291218
" 7247",60,1.25773500810474,0.571145811650776,0.000426158021030121,0.0113218290172074
" 9268",38,1.00686263285293,0.430173024920895,0.000895995194311698,0.0106604814911451
"10229",32,1.07160972010858,0.245774529440862,0.00253437238456762,0.0113779150287967
"16454",32,0.886826802323053,0.170319505031585,0.00339126901188269,0.010701860929034
" 7725",25,0.616065957170394,0.231859299379511,0.000259457436220258,0.0107159790573504
" 7948",24,1.09416460389922,0.426413080663181,0.001548237816134,0.0116835389134107
" 7379",42,0.966707373801124,0.390230209202733,0.000621487263682699,0.0109301072796216
" 9276",56,1.29250214950817,0.742708831667916,0.00212849981252319,0.0123877754283782
" 4697",45,1.0419473330339,0.344764500481294,0.000922660744188055,0.0106156212748308
"10871",32,1.00819726161373,0.181045431949504,0.000739764518655742,0.00994442087362799
" 4949",45,1.35930671582833,0.797861766421433,0.00552254989402489,0.0131139139616801
" 7066",42,1.07470442490966,0.464051063435361,0.000199909827907412,0.0108021068043454
" 6920",50,1.10826070206038,0.434876399075772,0.000126129686838474,0.00968191218017511
" 7017",55,1.12506652316354,0.407421710742698,0,0.0091250944988521
" 6944",50,1.20028016458553,0.491556199347013,0.00089485004799799,0.0112976030905501
" 7078",59,0.999008646130861,0.385139546237171,0.000222158384859464,0.0101358743060068
" 6873",59,1.19741828252508,0.495731234454657,0.00173980443518439,0.0116039126516841
" 7185",47,1.03058378043642,0.498402608957629,0.00107087539564805,0.0109762635502523
" 7410",11,0.198819341298967,0.0596719345486285,3.43543894112574e-05,0.0101012311412666
" 8631",47,1.16554209030695,0.518668197901301,0.000212342845027677,0.0104337017300037
" 7239",51,1.15971898576075,0.499363776796949,0.00103750256021997,0.0113567580310923
" 7070",40,0.743596573730114,0.287790029703649,0.00091922530524693,0.0113549560042113
" 8580",43,1.14294280439714,0.598433877332988,0.000434337637556611,0.0112981421963852
"10876",20,0.916801500026229,0.13646147441761,0.000259621028550788,0.00945697066964048
" 3954",52,1.19600972066391,0.691629679058589,0.00046787406531522,0.0112593505506653
" 7105",24,1.23905082387305,0.361677708120747,0.0107959486686529,0.0129525179896958
" 7014",52,1.12570520432684,0.406324119363325,0,0.00916832477955658
" 6940",26,0.710001221110513,0.254080473694715,0.000163755922860327,0.0108291055881115
" 8630",49,1.15307439405871,0.510071198483271,3.99165286492705e-05,0.0103857256064266
" 3863",39,1.08053666550489,0.481088457780754,0,0.00958587513260822
" 8121",34,1.06776059247629,0.361413019663724,0.00149981448629718,0.00963150255820044
" 2823",47,1.0993101802969,0.598318481084397,0,0.0102468005340361
" 7010",50,1.12537585059044,0.406272773340104,0,0.00913459125110034
" 6715",32,1.20315401913981,0.58015749475246,0.000115986962345626,0.0117295073349565
" 7037",64,1.11968478581572,0.284523444625805,0.000179624378921717,0.00977213558581423
" 6958",39,1.0723636077119,0.301469817234689,0.000550161007571707,0.0103672588825851
" 7110",30,1.35280147531369,0.529436280477078,0.00408064709273526,0.012560695269714
" 7122",19,0.905587736224239,0.364987903144373,8.53951965365541e-05,0.0118532544574327
" 7215",29,0.937960076640185,0.35142192614165,4.13888596240386e-05,0.0117410797628516
" 8706",52,1.17990129088606,0.486106300031952,0.000365792451064626,0.0113019208377406
" 7819",53,1.01934400901095,0.433441694030079,7.29621794162895e-05,0.0100409597616044
" 7385",50,1.19744849577685,0.420987059854844,0.00132002651504493,0.0114222559056809
" 1608",38,1.07455151794674,0.472768915082119,0,0.00955114255927534
" 9375",65,1.37969304335549,0.613954985527779,0.0118439211380268,0.0128746348312657
" 7256",71,1.18293423848367,0.432799631081689,3.20640967838402e-05,0.0100453262615961
" 7668",88,0.957562246408884,0.291902318894031,0.000287595317071383,0.0101912780741294
" 2813",46,1.09721824002648,0.598796087839791,9.14481127661565e-05,0.0103613108083374
" 6989",46,0.945725641410684,0.324905366544385,0.00275587640010496,0.0112840382900634
" 6714",35,1.17760451492633,0.575312365347142,0.000441535700099922,0.0117383890203668
" 7036",39,1.03513538629079,0.258791366627426,0.000811417959427793,0.010472840425349
" 8689",41,1.1137677057285,0.446115383514855,0.000905319957151897,0.0115229264025487
" 1610",30,1.05869696454433,0.478544751831179,0.000222812754181584,0.0100041602955562
" 7395",58,1.15500734779474,0.424486749454,0.000971902035677524,0.010345914410831
" 7083",77,1.08292534911469,0.259283103966807,4.38427445819856e-05,0.00944301380440914
" 2835",50,1.08757300349276,0.610106994066085,0,0.0102648878512722
" 8525",51,1.25956369895167,0.46084705408358,0.00856160461827693,0.0126493512688293
" 7952",47,1.05655411748424,0.373927134732949,0.00832145107705919,0.0125541219365475
" 7121",56,1.33646049877358,0.749846969986383,0.0033325393652225,0.0127429423429433
" 6720",29,1.0821205181829,0.523872604536199,0.000766920845523689,0.011730064827488
" 7222",45,1.03567776434576,0.325786156894874,0.00159584318431817,0.0106844383748525
" 7109",9,0.696466325941439,0.249764190224104,0.00139527898708864,0.0117679677893612
" 8951",50,1.05461670722835,0.337994143795617,0.0040786839847689,0.0121424033495466
" 1599",20,0.410277510598405,0.132471226865888,0.000855587888670839,0.0115684129318828
"  272",34,1.06298416875045,0.47558729902235,0,0.00967657485328083
" 6692",63,1.0184319828121,0.323883297777019,0.00201365799649127,0.0111419121796966
" 7389",54,1.11444222430529,0.415067296254011,0.000316551159575157,0.0102624048425343
" 7084",72,1.06163999272968,0.261657390938016,0.000163428738199267,0.00942128296853742
" 8739",31,0.99855387284036,0.108648422383607,0.00101312730297103,0.00896592027571465
" 7422",47,1.1543861931947,0.52405128279592,0.00163837719025592,0.00979278444202285
" 9693",37,0.988218232670459,0.128958283942638,0.000947199593767525,0.00908713957841674
" 9471",68,1.37311019376688,0.623149658255084,0.00692257305869889,0.0126944304217204
" 8649",55,1.17626550668497,0.632301047692385,8.16325729343687e-05,0.0104195316401507
" 9029",44,1.03051915577274,0.111144418209609,4.90776991589391e-07,0.00849508229323185
" 7742",54,1.11787405021978,0.444535676819256,0.000610199392876143,0.0106649316632873
" 7743",59,1.04069793542872,0.428796706058505,0.000307062804404429,0.0106692090179874
" 8637",33,1.0700124892484,0.374811672823194,0.000174716609005823,0.00980529690188266
" 7768",38,1.09056864159135,0.37094634915901,0.00062099648669111,0.0107903579089349
" 9201",46,1.1391276343711,0.594083686975985,0.000544435276003165,0.0114430355604501
" 9433",53,1.03249121617074,0.495690528442154,0.0027061443316239,0.0118892613137378
"15274",27,0.912985419024205,0.327068262640566,0.000474581350866941,0.0111129032254326
" 9037",38,1.01155720413772,0.10703307172155,0,0.00820136766401048
" 8638",31,1.06525787820056,0.372264951993466,4.02437133103301e-05,0.00968431821726145
" 7801",43,1.19133101537532,0.392338447211082,0.000305754065760191,0.0112349756539604
" 7723",57,1.21063304225362,0.504435242806498,0.000509917294261377,0.010580721726575
" 6938",38,0.756352824272255,0.323926775101254,0.000121712693914169,0.0108704675178855
"15207",46,1.17977213074322,0.438269388888971,0.000669910593519519,0.0112240511061552
" 3921",28,0.527828009570398,0.225025450247477,0.000804710673876072,0.0114901413045794
" 7800",39,1.14359596360009,0.360555653743227,0.000582061512025018,0.011319720933743
" 7828",39,0.849391360673033,0.32274795086736,0.00175534570658472,0.0114450691101401
"15205",54,1.22611880123242,0.449130897557341,0.000372499736616348,0.0111575010660809
" 8750",50,1.1397648119363,0.282598527582459,0.00199059147788657,0.0111245436304929
" 7647",82,1.21565445956953,0.478997572088745,0.00120649343765725,0.0111284796047688
" 6796",46,0.981187924675211,0.428905120841619,0.000197619535279995,0.0104478496944541
" 9281",42,1.01432218177774,0.11543114310366,2.65019575458271e-05,0.00889745935743435
" 8174",46,0.95899691179617,0.268609537015544,0.00549244890520741,0.0122114822400118
" 7839",34,1.12952720725694,0.37975060124571,0.0074035345104565,0.0124670387313817
" 6780",40,0.981034091708848,0.423937767914204,0.00114678223701388,0.0108595702830243
" 6857",46,1.17339303555463,0.47427897139196,0.00106024189416361,0.0118834212657757
" 7087",38,1.06875232213709,0.401240351810395,0.00279971914468695,0.0123433269190345
" 8957",31,1.08099356196778,0.198247897995545,0.000382806053439725,0.00957337974793481
" 7990",81,1.06149319033773,0.28713052131717,0.000414379373231976,0.00940781258961203
" 8956",30,1.05734603183079,0.184193690120075,0.000114351039040328,0.00950426831659074
" 4509",41,1.02129862300026,0.342871756042636,0.00209185513048451,0.0108165295003054
" 7381",36,1.21086758873982,0.698539177950437,0.00214387749159299,0.0128372087472305
" 6852",36,0.931246084815606,0.358115869057347,0.00202690897526419,0.0120533113477635
" 9064",58,1.15173654941138,0.375659810269511,0.00385538045359573,0.0117405018681172
"12056",28,0.604089389498066,0.211158647918345,0.00114187446709798,0.0110146417037911
" 9265",49,1.08027071775079,0.465646582526698,0.000113696669718209,0.0102274349752689
" 8954",28,1.01833115201623,0.162420348775396,0.000384932753736612,0.00941528795018706
" 9119",40,1.00664954063502,0.222377926752447,0.0019583637887722,0.0107857827713651
" 6919",40,1.09317329626628,0.449324869938044,0.00195361961118684,0.0103761881756906
" 8672",68,1.0714688518048,0.320822616213005,0.000198928273924233,0.00978709830892381
"  315",35,1.11811414251701,0.488286995053902,8.29413115786071e-05,0.0102834200889681
" 4973",40,1.13084888602181,0.719678350695159,0.00158161065156208,0.0111002833842419
" 9236",36,0.955622580376563,0.18990940741742,0.00279137593582993,0.0116449640659715
" 8713",46,0.844055038974231,0.325643077383116,0.00291177989109986,0.0116536974828858
" 8673",56,1.10262212771523,0.320219004719042,4.30247829293366e-05,0.00987753096368563
" 7071",48,1.17465681812725,0.405855844370241,0.00479489120782835,0.0121781713597573
" 7658",50,1.0561193096018,0.420973936004057,0.00415573597244843,0.0124953849278765
" 6321",51,1.21968984629764,0.664633209575951,0.0183480250152304,0.0138188769383079
"  313",39,1.1160252497615,0.477911865627106,0.000127765610143771,0.0102434627516849
" 6892",37,0.785811517990076,0.188637889378109,0.0017964073815477,0.0111911427601275
" 8677",61,1.04462607403127,0.306295603514973,9.09573357745672e-05,0.00965573052615356
" 8711",29,0.532301958110513,0.257019042352546,0.000524640604009059,0.0116368059639941
" 2767",58,1.16760834770667,0.55332772980189,0.000502064862395947,0.0110169440050946
"  310",42,1.14067977096566,0.497439543191929,0,0.0102385169133815
" 8675",48,0.937465816097597,0.293537197321525,0.000108625307471785,0.0095430156663906
" 2876",48,1.07294963329829,0.549918718809146,0.000754651420733954,0.0111445155516066
" 7759",37,0.953519626438956,0.386652318312355,0.000723241693272233,0.0111185627732637
" 9027",65,1.33191991565161,0.599912283104539,0.00438002105760479,0.0126625182871185
" 8960",47,1.20541381022235,0.537407403383988,0.00181325739159227,0.0119005631032124
" 6956",51,1.08166272241061,0.402108808898265,0.00457747700055425,0.011356591078476
" 4735",54,1.44486079928392,0.627971991792921,0.00256529133503775,0.0118328885742073
" 9491",48,1.19261258494753,0.568988084863057,0.00199828031742147,0.011551420763615
" 8016",45,1.13924567617979,0.598779473589529,0.000619687748046871,0.011476915977478
"  493",38,0.858255376833005,0.408549162523426,0.00049977456976853,0.0107915037772414
" 7434",37,1.07188277126738,0.482703544081602,0.000503373601040185,0.00943565115347143
" 9038",32,0.985310543100554,0.103796085749214,1.30873864423838e-06,0.00809176693560433
" 8598",47,1.05583014109701,0.470625912875492,0.000423704136072174,0.0112150857983495
" 5557",34,0.708498959494291,0.308871632749372,0.00110981037031414,0.0116974694571346
" 9179",43,1.09601436606981,0.483638755780388,0.00106596762573216,0.0113252631631006
" 8633",39,0.961506390412877,0.425880700512149,0.000848389826127527,0.0115665298101364
" 7718",26,0.985682625055763,0.319091467894444,0.00427793944335419,0.0112682096682188
" 8762",52,1.13684983837937,0.495828202106547,0.00087063838307958,0.0110704274967122
" 9360",56,1.26711888754737,0.729704389958783,0.00119896819045288,0.0121774515360387
" 5562",47,1.21762940656644,0.575142402409512,0.00281002546151032,0.0117889328361917
" 2967",40,1.10186015680644,0.655136607262077,0.000929531622070307,0.011462226262875
" 6863",46,1.13984743888573,0.543167131308357,0.00398559994869745,0.0129270537552256
" 7049",58,1.16294410172965,0.356439474409675,0.000243425387828338,0.0107538516634813
" 8783",67,1.14777695053784,0.405665906155815,0.00174994715967724,0.01096122015274
" 6959",48,1.15160894815184,0.304427362186013,0.00025798510524549,0.010335032629017
" 8022",17,1.14358830630554,0.472835256417687,0.000297574449233701,0.0115155905547409
" 8705",16,0.892872827900006,0.43515923283501,0.00177677630188413,0.0118060677135646
" 8662",27,0.95115154436915,0.199253844992161,0.00110457541573719,0.0107359574141258
" 8027",53,1.1112592283899,0.434196649536157,0.0010283413897103,0.0116489775016461
" 9490",29,1.18642952225512,0.591963281425866,0.00176172580747538,0.0127516919973911
" 5520",55,1.15622945566648,0.539225213760726,0.000341090009154627,0.0115609665716746
" 6902",40,1.06860714279,0.328444639960295,0.000405872572044426,0.0111733237881188
" 8018",19,1.09373994429574,0.454875952252375,0.00016097485324132,0.0112971959308118
" 9175",28,1.00665801461324,0.160792721431352,0.00208122162900008,0.0102424515272496
" 5413",37,0.983104836173785,0.430677789932861,0.00178135688713896,0.0119511237273726
" 7000",64,1.192734409669,0.466263592871771,0.00337000200891382,0.0117558172654149
" 6695",52,1.2836318120284,0.770214634829785,0.00037037303631946,0.0111035523533773
" 8518",48,1.16165352647442,0.541142583046624,0.00302285908352959,0.0120882223139988
" 8622",14,0.325502927914255,0.158881544223679,2.92830271648337e-05,0.0104176945984078
" 8035",29,0.988955268449755,0.382197007921388,0.00113451281222414,0.0119751884663631
" 9010",53,0.991198303752214,0.270187704975669,0.000215287506977213,0.0103730885319655
" 9178",28,0.929553563124638,0.160124002490433,0.000123512209549997,0.0101486671114659
"16282",30,1.09735102813295,0.316293310023485,9.09573357745672e-05,0.0106401414165602
" 5559",36,0.936114400505371,0.38579166307508,0.00438018464993532,0.01204844235895
" 9158",12,0.381413312510224,0.0676233181374155,0.000996604477587523,0.0108941100424718
" 9142",44,0.97607550611546,0.29167046717618,0.00178233844112214,0.0109777339595133
" 8548",5,0.271171797826221,0.0882514213387786,3.56631280554958e-05,0.0121391554063653
" 8034",43,1.15906690450158,0.465671336236275,0.0018057321443879,0.0120496640240579
"16280",31,1.08425365697969,0.312324561208687,0.000190585065067214,0.0107302349094075
" 5362",33,0.854267334991312,0.407281638801303,0.000806673781842429,0.0117431686545349
" 1025",31,1.11746266170209,0.526285298449307,7.93422803069516e-05,0.0107036400190542
" 9143",40,1.0327772177155,0.319048108743956,0.00140918433518367,0.010731807599138
" 6833",44,1.30019528116305,0.628054283256016,0.00309909310955647,0.0123949519314585
" 8647",44,1.09874130696626,0.244256721075928,0.000418141996834161,0.0104920602510532
" 9546",5,0.122921030228358,0.0507082654084321,6.54369322119188e-07,0.00992051874905933
"16284",29,1.0458653684378,0.306605350236417,0.000555723146809721,0.0108131833173946
" 4927",38,1.15557295215766,0.723658752049627,9.86461753094676e-05,0.0105691328143136
" 3527",50,1.21310573944611,0.635719257584897,0.000482433782732371,0.0111025152800573
" 6754",60,1.07476928044861,0.485044062875876,0.00138104645433255,0.0119622690136643
" 7172",42,0.882627652114915,0.246749475620638,0.0021296449588369,0.0112856358476865
" 8646",43,1.06220999430442,0.234863427060043,0.000404891018061248,0.0104147884252159
" 5379",44,1.33592256183696,0.596907293182685,0.00262680205131695,0.0119685924679337
" 9378",19,0.871406377953504,0.171088287154026,0.00170315975314572,0.0118669472314822
" 8623",52,1.25596883120159,0.655917723410047,0.00147543922904824,0.0121256946676779
" 9250",17,1.03252992015573,0.143613573923667,0.000538545952104092,0.0103508864068625
" 7945",54,1.17364925664296,0.396988980669614,0.00393619506487745,0.0123246982306865
" 8681",52,1.22968811441869,0.544269522625329,0.000719315477339518,0.0116517316971565
" 8628",43,1.03642625669272,0.344156220864908,0.00230828778377544,0.011128098787802
" 7165",48,0.989052398608404,0.285546567297256,0.00344607244261017,0.0114924704112914
" 7128",33,0.61097788655246,0.167223063066475,0.000479489120782835,0.0109020125693259
" 7162",71,1.10296237863551,0.342447929809263,0,0.00867834500520325
" 8629",37,1.1095229149626,0.60409862477698,0.0012550803598246,0.0120723844575173
" 7170",46,0.655084206771771,0.221859425427756,0.00164344855250234,0.0114430429226354
" 7126",40,0.709672266993468,0.211378524581043,0.000738128595350444,0.0110062831745782
" 5301",37,0.954349311295085,0.435466669116311,0.00116346865472792,0.0115270327891373
" 7174",70,1.0989781098793,0.339600864718411,0,0.00865445884539083
" 7020",44,1.06738656942689,0.405748169733796,0.000537400805790383,0.0100982536734336
" 8987",40,1.11747978395602,0.302069702122964,0.00146578728154698,0.0114857071375648
" 7278",54,1.02805003700562,0.403439578941566,0.000245224903464166,0.0101326413859807
" 9407",54,1.16595159992238,0.650802013215687,2.89558425037741e-05,0.01044985554412
" 5864",86,1.08997063611335,0.302363980765101,5.2349545769535e-06,0.00879286359630593
" 7161",71,1.10571328984382,0.343175384008618,0,0.008702325548991
" 8001",83,1.11464089481768,0.318473426806651,3.10825428006614e-06,0.00915923032410024
" 5455",46,1.05943290390825,0.415173015063446,0.00377309351133924,0.0120030951699859
" 8349",60,1.3117865548702,0.646118536684823,0.000468037657645749,0.0107556079552458
" 7419",38,1.07674492285378,0.502837205100086,4.97320684810583e-05,0.0092891317295787
" 5849",85,1.09077901343163,0.298920720523251,2.61747728847675e-06,0.00898807267051715
" 7158",70,1.09174524515844,0.338245129647672,0,0.00870845119653036
" 7999",82,1.11386326797553,0.317360502370153,0.000105680645522249,0.00930445601067641
" 8974",30,1.09499490329302,0.490543388879717,0.000326039514745885,0.0115510067596724
" 8398",63,1.32317958292327,0.654254092375322,0.000551142561554886,0.0107363372549478
" 8584",65,1.08604973048616,0.356820518361357,0.000445461916032637,0.00966981770301708
" 5852",85,1.09502927497882,0.302796840715456,5.2349545769535e-06,0.00869753697580742
" 7130",61,1.05614426041013,0.303942959763262,0.000129892310440659,0.0096961537991194
" 7167",52,0.941975970961195,0.252831570014287,0.00177857581751995,0.011187012065223
" 7998",72,0.89456918189754,0.264644671911102,0.000547379937952701,0.0101849300941447
" 5839",82,1.07975745403835,0.301597533670018,3.09189504701316e-05,0.00874189322736076
" 7987",77,1.01291733637189,0.303192193705997,0.00116003321578679,0.0105307861483152
"11463",49,1.23199402246924,0.426632212400669,0.00366577694251169,0.0121429572894314
" 8661",40,1.09171915339404,0.504919680297693,0.000436300745522969,0.011287302866496
" 9363",73,1.24800316405663,0.521127179436752,0.00335576947615773,0.0119183734134411
" 9278",48,1.02746343027014,0.120050759272576,2.48660342405291e-05,0.00881974726522989
" 9487",51,1.07255028772868,0.148271251263196,0.000202363712865359,0.00879340781901309
" 8737",31,1.04671310762022,0.230260221975415,0.00598306230446627,0.0120024084708001
" 9756",48,1.01457991616606,0.121178865264814,0.000105353460861189,0.00877461354651113
" 6672",78,1.01737305764401,0.257681103063915,5.46398383969522e-05,0.00947505133176814
"11455",43,1.10543756363868,0.436993235003458,0.00195820019644167,0.0119154305696438
" 8557",23,1.14611581830314,0.476343878818822,0.000129401533449069,0.0115029890679627
" 8986",46,1.2260441768863,0.619392889272397,0.00320215627779025,0.0123474993182259
" 7259",38,1.0880564734428,0.539735439883267,0.00201463955047445,0.011808016942769
" 7733",62,1.12574748420805,0.468859613680248,7.27985870857597e-05,0.0103189710990078
" 8024",36,1.04016154498226,0.470840330723632,0.00150930284146791,0.0114274344264725
" 8969",57,1.09006333006955,0.453029008412865,0.00078998736412839,0.0113940754572583
" 9229",28,1.03312804330477,0.155346713526623,3.27184661059594e-07,0.00851015317585002
" 1012",2,0.138934197955607,0.0436170708281457,0,0.0107885102188397
" 6951",60,0.96395483629241,0.272346858724049,6.06927546265547e-05,0.00941189120433905
" 7189",60,1.17425047579837,0.428697073101428,0.000428611905988068,0.0111436845345888
" 9204",46,1.26379872711993,0.547001837199252,0.00182307293142406,0.0121214281068811
" 8546",24,1.14420214777675,0.471701948963713,0.000167518546462512,0.0113957508799905
" 7739",62,1.0931082533354,0.44347740823074,0.000428611905988068,0.0105065485427577
" 9228",29,1.02979977721817,0.155326511274479,3.43543894112574e-06,0.00860699367819205
" 7953",11,0.147109502093249,0.0568774266128966,0,0.00884481557429204
" 7808",62,1.30015321325642,0.568762263062321,0.0015048858485436,0.011787136081462
" 7269",58,1.14051695523548,0.468229104019621,0.00144157561662857,0.0121756074775576
" 9014",30,1.29985360470541,0.622644528562576,0.00605307982193302,0.0130957851311953
" 9227",22,0.994603840078031,0.140124888300634,0,0.00841086441980709
" 6922",48,1.13093701283369,0.459160171613219,1.52140867392711e-05,0.00956979455292463
" 7005",64,0.912859288674559,0.379299270456789,0.0002821967701639,0.00995222958152255
" 9342",54,1.09296171663127,0.450868966457671,0.000993005446315868,0.0116414699537829
" 7812",51,1.02075415895412,0.430688618984433,0.00178462873374956,0.0117151753506814
" 9122",43,1.14483372291735,0.257201322745925,0.000205799151806485,0.0103471390310133
" 6918",47,1.03010243654699,0.422530637079934,0.000493558061208398,0.0099883982954406
" 8746",47,1.14362194654941,0.708940451137472,0.00261813165779887,0.0127365984283197
" 9127",51,1.15506705105086,0.644138196591984,0.00114874534498023,0.0120169495540647
" 6942",51,1.18174172406288,0.50617862691779,0.000407672087680254,0.0113046185191661
" 7064",64,1.27030626513001,0.505501199140554,0.000140852996586155,0.0104975680880473
" 7237",53,1.22885774594676,0.512384531312782,0.00144255717061175,0.0114749228271743
" 7275",67,1.16290937054396,0.474829691260454,1.17786477981454e-05,0.010156713269305
" 6973",69,1.18945008977821,0.486085676538707,4.69509988620517e-05,0.00992197847014816
" 8172",55,1.20770907560266,0.518736286425173,0.000647498444236937,0.011301563598625
" 7719",42,0.80469516075186,0.352909098860339,0.000875546152995474,0.0110038660180573
"15922",39,1.09048390199559,0.331432380414721,0.00307406348298542,0.0116377466411925
" 6974",49,1.00197377247494,0.413186591729688,0.000317205528897276,0.0103579418843077
" 7063",65,1.28222320393935,0.505184775243383,0.000275325892281648,0.0106005695476913
" 7273",63,1.15621537926611,0.474368725219641,0.000123348617219467,0.01021035296605
" 9422",21,1.15902349331363,0.217207300397516,0.00553203824919562,0.0121905198673699
" 6694",51,1.24259661923698,0.756724508799198,0.000150014167095824,0.0111388351719661
" 8565",40,1.06165575238691,0.381753947101079,0.000163428738199267,0.00970664783522468
" 6901",43,1.03377631069133,0.260069899709119,0.000655514468432897,0.0103754206981239
" 7065",45,1.00429753715799,0.3854079776773,0.000342562340129395,0.0106132132574034
" 7240",61,1.13898265692197,0.453326656799151,0.000204163228501187,0.0103224814452904
" 7030",43,0.761378226032294,0.333624544830074,0.000384278384414493,0.0105469231510341
" 7186",44,1.11231952331554,0.49599440934466,0.0020017157563626,0.0119744381399478
" 7091",22,1.03769380706068,0.35795965395689,0.00250099954913954,0.0121078424795421
" 7118",32,1.02621238699014,0.455903563501085,0.00107512879624183,0.0117482421361711
" 7762",45,0.97955790488963,0.332756773151593,0.00179182679629287,0.0110303038260058
" 7967",74,1.08074934764701,0.308991783445498,0,0.00879600600385862
" 8572",41,1.00960222388167,0.349998694079757,5.7257315685429e-06,0.00972089941318924
" 7093",15,0.711844379040681,0.240044270979331,0.000659767869026671,0.011801351192044
" 7968",75,1.09813339450369,0.314799605304079,0.000341090009154627,0.00896607892675258
" 3454",52,1.20906166216811,0.654739406698104,0.000267800645077278,0.010933070014779
" 5972",85,1.09392661014685,0.277210552745757,1.47233097476817e-06,0.00846402639442325
" 7163",69,1.07690625303607,0.33886029673819,0,0.00887740204102413
" 7963",72,1.08068832300296,0.308465864124165,6.38010089066208e-06,0.008712792260707
" 8695",61,1.07234895615092,0.308923431772987,0.00114318320574222,0.0106948650456011
" 9154",48,1.17962218093929,0.651496049941505,9.76646213262888e-05,0.0108795448113259
" 5971",86,1.09433234663518,0.276697683218988,1.63592330529797e-07,0.0084750946465191
" 7958",66,1.02160471108231,0.29455259935284,1.03063168233772e-05,0.00848088189950528
" 9023",46,1.04208424134651,0.115534873547213,2.0121856655165e-05,0.00851205181609259
" 7645",43,1.05429804515336,0.560915779806397,0.000891905386048453,0.0117092289972112
" 8893",42,1.10059071468761,0.38309355302543,3.71354590302639e-05,0.0096872291291208
" 7380",45,1.08737537404371,0.467327364669166,0.00144108483963698,0.0116364724068548
" 8652",44,1.10913369542585,0.63370620524154,0.000298719595547409,0.0108697506094777
" 5241",51,0.931622324793469,0.40948726986466,0.000759232005988788,0.0110983998641482
" 9171",46,1.16519351887283,0.511845077112824,0.000141998142899864,0.0106527466321884
" 5973",87,1.09136152331634,0.276361294707381,9.81553983178782e-07,0.00844646780027231
" 6988",34,0.78540694116641,0.253175762557717,0.00263400011386026,0.0118610003034064
" 8914",28,1.04308704036657,0.352365696550714,6.54369322119188e-07,0.00962109825434459
" 9164",47,1.1349082931311,0.509765757100059,0.00212048378832723,0.0114343133630767
" 5977",93,1.09169269771697,0.275077645357161,9.81553983178782e-07,0.00855090727896611
" 6707",27,1.03203695579453,0.614475241478282,0.000381824499456546,0.0112769718786619
" 7701",44,1.47172019436082,0.665692069043831,0.00984923985187696,0.0134251804561387
" 7767",44,1.14570237541638,0.398383618484179,0.00146889553582705,0.0110164422455507
" 9682",44,1.02256293658586,0.132384765206232,1.14514631370858e-06,0.00832415778415193
" 8582",53,1.18144506222679,0.610793979623676,0.00130644835161096,0.0114834859533325
" 8157",63,1.22147437146979,0.597850312171004,0.000668438262544751,0.0111475443537296
" 5248",63,1.17744719517871,0.535990875546008,0.000210216144730789,0.0109607106046808
" 7423",38,1.048009039683,0.473414358732154,1.16150554676156e-05,0.00874748538922732
" 6348",59,0.840200820119564,0.193592942416332,0.00042681239035224,0.00983065992635697
" 7764",36,1.03985229085012,0.372100645706985,0.000268945791390986,0.0107819213028738
" 7255",39,1.09997205186771,0.319495900991263,0.00135209061182877,0.0104749956740026
" 7436",39,1.06638371959469,0.503773613345581,0.000827613600150243,0.010260199399146
" 9124",33,1.09512408198993,0.309017692619556,0.00482826404325643,0.0118470893203391
" 5247",56,1.17622487284178,0.527499773358348,0.000237863248590325,0.011038523262701
" 7846",39,1.14910448039397,0.341368794816403,0.000311643389659263,0.0115673160847582
" 8866",43,1.12914735670133,0.20500239963247,0.000850025749432825,0.0107155279739197
"16758",38,1.07859797040669,0.303809391457916,0.000832521370066137,0.0107236090097133
" 5252",56,1.17059174153037,0.52574844446648,0.000759559190649848,0.0111194673166633
" 4653",72,1.00140330116343,0.253443252471982,8.42500502228455e-05,0.0091272783758567
" 6791",47,1.06737405139256,0.472787868109093,5.07136224642371e-06,0.0102839822374541
" 9454",48,1.00585090486323,0.284891604079771,0.00133196875517361,0.0109333499303128
" 8890",36,1.0750933504564,0.186127589197077,0.00185382828956366,0.0106350330273021
"16750",34,0.999931912481204,0.281381525032583,0.000124002986541586,0.0105819874748863
" 7613",84,1.05691281745267,0.270862609817624,7.36165487384087e-06,0.00879186437808149
" 9267",54,1.06767974693063,0.467583735540221,0.000449878908956942,0.0103727529259302
" 9137",40,0.910534221704083,0.213933608697153,0.00260815252563655,0.0110658315538529
"18408",24,0.88904256890706,0.269121343974075,0.000971411258685935,0.0110863714662901
" 5278",44,1.06652605393784,0.428298556146886,0.00231728536195457,0.0119577105231482
" 4934",42,1.13719941862789,0.72123314483739,0,0.0104909946286467
" 7601",57,1.02030347469564,0.246766186758245,0.000699030028353823,0.00941361805157166
" 8808",63,1.05672989587974,0.252191683783543,2.1757779960463e-05,0.0082849556521481
" 7698",36,0.995423657746789,0.39730511921522,0.00600940066968156,0.0130067511785971
" 2547",48,1.21301510776671,0.6849137015811,0.0013044852436446,0.0119661111047937
"18389",35,0.977039711745741,0.270143715376245,0.000631629988175546,0.0110195626530211
" 7632",27,0.801509322029292,0.154153444422145,0.00447735849427002,0.011902170083124
" 7627",47,0.791158095699546,0.167297351569118,0.00114400116739487,0.0105422254306313
" 7595",29,0.999561533545719,0.224825676359324,0.00178740980336856,0.0110925565789286
" 7619",36,0.931973187009516,0.196555133969777,0.00166160730119115,0.0112738739346207
" 7598",33,0.712923179928798,0.164567581908923,0.00132051729203652,0.0115227691385059
" 7644",31,0.763947315555872,0.151134862717167,0.00231810332360722,0.0118629277633928
"17495",37,1.45938280662006,0.779704222953152,0.00517900599991231,0.0125891307156047
" 8813",64,1.05868142031041,0.254797822697828,1.24330171202646e-05,0.00806791348249119
" 7582",96,1.05620274042514,0.256902588943925,1.63592330529797e-07,0.00704474596607575
" 8583",43,1.20276352972187,0.721181143292937,0.00276094776235138,0.0127615243691254
" 6803",58,0.786024647424257,0.327887088701411,0.000175207385997413,0.0105845940137559
" 9156",62,1.25136138117216,0.461967042603899,0.00186053557511538,0.0114885832376295
" 7610",39,0.887429211569092,0.201105128725622,0.000785243186543026,0.0108595205896286
" 7628",40,0.689517970407304,0.172921470216498,0.00165506360796996,0.0111115002152248
" 7604",21,0.77624472181853,0.151634922172343,0.0046370246088671,0.0121232938928196
" 7597",21,0.822327635183136,0.211936799765127,0.0015603436485932,0.0114091209828602
" 7571",97,1.05492943340941,0.256397397631041,1.79951563582777e-06,0.00703808621209208
" 8775",66,1.06983163048428,0.313265792528367,5.5621392380131e-06,0.00930548189074502
" 7009",49,1.15439833332665,0.430992158597419,0.00306130328120409,0.0114434468847505
" 7279",55,1.26604837579855,0.540607117148314,0.00371698134196752,0.0124408047960881
" 7586",97,1.05613830544815,0.257369637987131,1.63592330529797e-07,0.007027873824172
" 8773",62,1.06307722441252,0.303068154704532,0.000117132108659335,0.0088958151603955
" 7028",43,1.03737417328668,0.372196033864942,0.000980572429195603,0.01103404058959
" 4670",89,1.10971523344653,0.299111009558802,0.00039523907055999,0.00983084523183928
" 7579",90,1.05691379564899,0.257690868883098,9.81553983178782e-07,0.00709640097397614
" 6623",93,1.06984395483927,0.283685162107023,8.17961652648985e-07,0.00821920406415634
" 8771",69,1.08477091460689,0.320895452910447,0.00147151301311552,0.0102875848017176
" 9024",46,1.06140899057027,0.577629654355378,0.000135618042009202,0.0108919545311339
" 9715",46,1.22404655728972,0.274004376111611,0.00494196071297464,0.0116094985739341
" 7554",92,1.06542094285429,0.262457740620109,0.000966339896439511,0.00880661157656403
" 7549",86,1.05128348525182,0.248147250071284,0.000116150554676156,0.00838345259785257
" 6628",95,1.07398888564792,0.283843932440003,3.27184661059594e-06,0.0082537677377136
" 9246",57,1.01575286856626,0.203694125581821,0.00186757004532816,0.0104835039678877
" 9000",65,1.18574986362367,0.649787010661869,0.000724059654924882,0.0112269718495886
" 6928",44,0.908924649183899,0.360594361580417,0.000246697234438934,0.00951503802185863
" 8588",61,1.06395176572264,0.33032849286216,7.85243186543026e-06,0.0095474182488927
" 6024",57,1.10267476427982,0.455354138578538,0.00155412714003307,0.0117573699615193
" 6626",94,1.07218347430386,0.283405622699755,8.17961652648985e-07,0.00808652725256778
"10025",33,1.11398231612211,0.29030016258058,1.79951563582777e-06,0.0103146314775725
" 6624",89,1.01955629054691,0.270554555863577,0.000468692026967869,0.0087094387770894
" 7012",54,1.12894181360931,0.410100341994246,0,0.00923738442182463
" 8618",51,1.10100213663778,0.471191657147196,0.000644226597626341,0.0107376565449552
" 9429",50,1.03661227273944,0.500951848833718,0.00311398001163469,0.0125627842747018
" 9144",54,1.19464433328292,0.645464664180516,0.000352377879961183,0.0103993998114738
"10026",33,1.12402937947991,0.292427047003958,1.81587486888075e-05,0.0104257221903773
" 7659",54,1.09914884359524,0.409008581201318,0.000218395761257279,0.0104490820831512
" 9484",52,1.03618901499681,0.130858412391072,4.90776991589391e-07,0.00801279350151772
" 7004",52,1.04518490031756,0.392317268204883,5.7257315685429e-06,0.00919189868406459
" 9136",55,1.16361541020309,0.635429935659118,1.48869020782115e-05,0.0100481572050172
"10022",30,0.968675609613528,0.257930362397645,4.33519675903962e-05,0.0104759537732768
" 7660",70,1.08262790587739,0.386801592143438,0.000102572391242183,0.0104189027520554
" 9040",30,0.986029267174645,0.102788232428989,0.0002097253677392,0.00825080966384887
" 6978",72,1.18040846896265,0.409846968865201,0.00542603041901231,0.0118949789206164
" 9538",43,1.05251520945389,0.455720834566438,0.00206289928798074,0.0122334324195523
" 9414",24,1.0387177871847,0.141830112144179,0.000129728718110129,0.00919161746844713
" 9412",24,1.02492550233019,0.140560861873989,3.27184661059594e-07,0.00904044444711657
" 9409",20,0.996201335943825,0.132080796848184,0.000130055902771189,0.00901483123717393
" 7428",36,0.997531675260046,0.474915515805316,0.00051597021049098,0.00996530118807179
" 7051",26,1.0408331613696,0.306472252638722,0.00102408798911653,0.0111129745447525
" 8781",53,1.06413548761493,0.455161755778028,0.000250950635032709,0.0107891732376385
" 4668",47,1.11618355736653,0.365988810260072,0.00248349516977285,0.0115209217914272
" 6750",17,0.801136746571805,0.230729700958742,0.00177514037857883,0.0113349015669992
" 7229",21,1.0247926410093,0.150478154694672,0.00190928608961326,0.010787359392174
" 9194",62,1.16360263643082,0.66527504654304,0.000262074913508735,0.0111053927516469
" 7820",28,0.976767404929686,0.214650668140689,0.003346281120987,0.0104739498754668
" 7821",54,1.06705561631811,0.232716929926106,0.000258966659228669,0.00951848150036815
" 9185",80,1.08267024116713,0.305950641684639,0,0.00861510719114719
"  575",34,0.977468037850747,0.451216829801638,0.000774282500397529,0.0111416128063861
" 4709",43,1.18355681170688,0.638115737776735,0.00279104875116887,0.0124972922484229
" 7603",76,1.03499035637719,0.263281211862263,5.74209080159588e-05,0.00868738665669221
" 7816",64,0.942729238959892,0.211668104216998,0.00102506954309971,0.0102290083950883
" 7079",72,1.01046924716536,0.293005866137202,0.00201954732039034,0.0117379750420152
" 7991",57,1.30166259381995,0.675859176366502,0.00464880325666524,0.0125727620664462
" 9186",78,1.08153855865936,0.306850766761553,4.90776991589391e-07,0.00868172084028305
" 7775",27,1.10563447721264,0.278910035768654,7.24714024247001e-05,0.0115104955189876
" 7817",51,1.0397999105333,0.225721428372615,3.50087587333766e-05,0.0095777804662135
" 7823",52,1.03016177479709,0.233036042664824,0.00213995127566028,0.0101664771722927
" 7607",75,1.05791697996148,0.278057943012764,0.000106825791835957,0.00889619583208748
" 6794",64,1.10764484149091,0.302704180925207,5.3167507422184e-05,0.00984813295550041
" 9187",79,1.07818739137868,0.304911927187562,0,0.00869341224853477
" 9282",49,1.07396073244437,0.36047972084536,0.00356402251292216,0.0114397412996836
" 7962",37,1.07774477769833,0.329929231526754,4.58058525483432e-06,0.00948760337038305
" 7776",25,1.06081541393184,0.264671726433538,6.54369322119188e-07,0.0114204853825417
" 7966",34,1.05447994808255,0.31183136281368,0,0.00954284192425758
" 1268",52,1.29521319408734,0.682870528475597,0.00111357299391633,0.0114611176286206
" 7602",75,1.03396973666414,0.263492106479571,0.000119913178278341,0.00881517085571953
" 7827",41,0.99345131647094,0.213111776024617,0.000220195276893107,0.00978614895842975
" 6793",58,1.10896378423453,0.30282551993541,0.000288413278724032,0.0100908497227761
" 9183",75,1.09796364488759,0.314238242097132,4.90776991589391e-06,0.00872517211451285
" 7772",23,1.01310999525477,0.245308836924038,0,0.0114090390249023
" 6524",48,1.43142599796135,0.647113228206422,0.00250770683469126,0.0124222690905472
" 6795",72,1.10759355643598,0.31318525903116,0.000105353460861189,0.00953113728897358
" 9190",65,0.987306340965534,0.291509560045943,0.00034681574072317,0.009149935245977
" 7090",45,1.06744937623972,0.533084674260743,0.000353686618605421,0.011319067264039
" 8603",46,0.976586123789646,0.484170430492327,0.00189767103414565,0.0122168493854823
" 8952",27,1.0304764945483,0.1736999783026,0.000852152449729713,0.00950529162129046
" 7424",38,1.07101980905608,0.490941978195797,3.71354590302639e-05,0.0093179388550032
" 7251",35,1.06597539765737,0.452458675027507,0.000469509988620517,0.0117330917494988
" 6945",52,1.11265696871505,0.377476284963539,0.000164246699851916,0.010596967145214
" 7444",41,0.95772872014138,0.445052005834495,0.000159502522266552,0.00905886325520311
" 7575",84,1.07169177099711,0.282167494804141,1.47233097476817e-06,0.00909673021980436
" 8698",23,0.948934206026455,0.264902869994746,0.00327348253390124,0.0115949837983633
" 7652",48,1.12982231326767,0.396823657183983,0.00155772617130473,0.0113134947021882
" 6939",35,0.914710564532143,0.322770016053753,0.00108821618268421,0.011117173336013
" 8975",39,1.21802344207324,0.574823694675113,0.0004595308564582,0.011642724022724
" 9195",35,0.997698100090769,0.427708179966624,0.00633969358502122,0.0127123358315371
" 8610",60,1.2357039852061,0.707990834179852,0.000124166578872116,0.0102651160373273
" 9289",26,0.958856881264548,0.26355848033871,0.00275096863018907,0.0116540742737218
"10802",51,1.17632214708372,0.683307385803211,0.00574650779452018,0.0128481258521614
" 7108",27,0.806116031048626,0.3244721558638,0.000399492471153764,0.0121094472689545
" 8671",60,1.0506487428029,0.31138715121907,0.000100118506284236,0.0099070861284164
" 8604",60,1.19304486927777,0.655914202108799,0.000326530291737475,0.0104404594823957
" 8684",63,1.23921139189006,0.58754965430378,0.00241069658268709,0.0121412308523211
" 9052",44,1.05132408162903,0.237402963934483,0.00927110455578466,0.0116322406011458
" 7974",42,1.07443558194931,0.333704126383465,0.000205308374814895,0.00996728774450476
" 3031",55,1.14367335775637,0.548862357761182,0.0018348515792222,0.0115864937489638
" 7975",32,1.06650298710241,0.323115452969825,7.19806254331107e-06,0.00994504765310433
"  279",42,1.0907635490657,0.471271680499381,9.22660744188055e-05,0.00987106810964104
" 7134",56,1.06273610040551,0.325834820399627,0.000100609283275825,0.00917067116718951
" 7971",31,1.04735432985762,0.311678588641948,0,0.00964452345672765
" 2442",44,1.40868808311727,0.820196169431239,0.0053710633959543,0.0125922531279698
" 7734",63,1.14412080735194,0.466854584008821,0.000683325164622962,0.0105184828296397
" 8185",37,1.09885848532046,0.488391887237655,0.000654205729788658,0.0111073464402463
" 8964",56,1.1665355335298,0.491427751187307,0.000929531622070307,0.0114426453748992
" 7480",44,0.968266774286999,0.355402889134802,0.00228914748110345,0.0109310778635317
"12309",44,0.728613305936077,0.266070586061872,0.000678417394707068,0.0112092714280162
" 7551",103,1.0767755807032,0.267284743877204,1.78315640277479e-05,0.00735408164419567
" 7979",24,0.99111273383687,0.301728944141871,0.000245879272786285,0.0101562831988806
" 8797",50,1.04569265594816,0.246462712218299,0.000913335981347857,0.00982370265920872
" 2578",48,1.26236530715175,0.67614043851384,0.0040989694337546,0.0129865500289333
" 7745",45,0.956506718927915,0.38575323261248,0.000303463773132773,0.010338206019443
" 8026",27,0.86497730074805,0.397400769712823,0.000606600361604487,0.0109495186398001
"10629",56,1.02707134523339,0.306787409126754,0.00130383087432248,0.0111181279069889
" 9668",49,1.10308501551244,0.232996086850596,2.50296265710589e-05,0.0089793033444114
" 9717",27,1.10395152933767,0.333124154387626,0.000576826557448064,0.0111261052093298
" 8871",57,0.959467040938208,0.302473265770818,0.00195558271915319,0.0115880839564966
" 8129",31,0.67863723865701,0.23670235051533,0.000199419050915823,0.00986004890278278
" 8989",35,1.03553641349958,0.357235301568327,0.000114678223701388,0.00991919044565044
" 6722",66,1.07317286049427,0.543692749805713,0.00100396613246136,0.0118275447693391
" 7443",44,1.27483871249413,0.541416508561374,0.00202674538293366,0.0120850565574138
" 7956",35,1.01351784201284,0.466170054269711,0.000787206294509383,0.0111941058869846
" 9670",44,1.09046110211854,0.234098595348161,1.73407870361585e-05,0.00882153239026109
" 9718",28,1.00289794159988,0.29878980003319,0.000273199191984761,0.010801863581548
"11763",37,0.996540660909458,0.225554063956672,0.000909900542406731,0.010684029614095
" 9336",41,0.733778803950186,0.192075041988646,0.000474090573875352,0.0104173480154711
" 9300",29,0.808810207001775,0.222681796896588,0.00177088697798505,0.0107111482507119
" 8125",38,1.06407880252803,0.36901752844816,0.000118113662642513,0.0089771857004946
" 4571",38,1.28799089816121,0.576133555437968,0.00638877128418016,0.0129298252706343
" 7319",59,1.04292024447709,0.313963390273412,0.00184041371846022,0.00999851023509088
" 9328",61,1.06492129286213,0.309059398408461,0,0.00859744026055059
" 7440",44,1.09126736097136,0.463532368213523,0.00127094881588599,0.0119253953064292
" 9671",46,1.04538041255602,0.220610581437057,8.08146112817197e-05,0.00920073343438908
" 9857",39,1.08311828188872,0.207676539100573,9.42291823851631e-05,0.00924768750390239
" 9793",50,1.11021559029998,0.233920373927874,0.000111569969421322,0.00931939015899734
"11774",43,0.888902471469833,0.221433413074071,0.00193644241648121,0.0108510401181194
" 9334",32,0.558074628478836,0.147349661954663,0.000658131945721373,0.010674502965985
" 9304",26,0.714787168774545,0.135071892267432,0.000609545023554024,0.0105963850160809
" 9337",25,0.676723910659173,0.151237574742893,0.00127111240821652,0.0106793119716719
" 8126",45,1.08723413652868,0.371592104134173,9.86461753094676e-05,0.00895327918040893
" 8761",36,0.95896898136341,0.186243391791944,0.000700502359328591,0.011108298087156
" 8774",32,0.83915665095662,0.201254222918861,0.00125426239817195,0.0111334657941812
" 8915",32,0.888792029185253,0.20286023245946,0.00307111882103588,0.011678307699638
" 8898",28,0.935911784796185,0.210635606797537,0.00340435639832508,0.0118554082321948
" 8766",32,0.93289274252005,0.20234868982943,0.00267947878174755,0.0115970244442449
" 8778",39,0.711088114980057,0.143845570669301,0.00215451099307743,0.0106998640225194
" 7042",67,1.23623138713024,0.512991765952031,0.00101509041093739,0.011687470306839
" 7388",52,1.28024787117614,0.662898989034157,0.00120305799871613,0.011988211685671
" 8025",51,1.1267979062818,0.402762712816296,2.29029262741716e-06,0.00967420760181101
" 8835",64,1.05144535250693,0.254234789832248,0,0.00798607801872466
" 7325",74,1.06914840888724,0.306597488588098,7.45981027215874e-05,0.00846103029823923
" 9266",22,0.34171906921629,0.129033141066074,0.000172262724047876,0.00955872836871654
" 9323",58,1.06700327365422,0.310256836330217,0,0.00857658721206975
" 8735",50,0.734824353760081,0.193744026523619,0.00117164827125441,0.0113668928444621
" 3324",48,1.22995102672582,0.745528515486216,0.00185840887481849,0.0120138181814272
" 9858",25,1.04732371381834,0.310953870386927,0.000301991442158005,0.0111566952537688
" 9794",51,1.09993917303294,0.230969669689909,0.0001696452467594,0.00951074782211042
" 8904",36,1.01154994474217,0.236469886234937,0.00386814065537705,0.0118656352400424
" 8916",33,0.900064607986002,0.226320042009617,0.00070148391331177,0.0115939592272984
" 8903",36,1.02070020676032,0.205733198907323,0.00207942211336425,0.0111908202571846
" 8846",27,0.94910006731755,0.183391084660405,0.00125720706012149,0.0110478122442296
" 8776",26,0.735350119729282,0.162379427372383,0.0024381800942161,0.0113454611941232
" 6871",27,1.01589999297376,0.330319747849569,0.00405479950451155,0.0120671782936895
" 8831",64,1.0511120959218,0.254126926269549,8.17961652648985e-07,0.00796215570691751
" 8082",40,0.929809973901938,0.337468971206775,0.00107022102632593,0.0102684761225618
" 7387",60,1.27844948974325,0.649207024270943,0.000688232934538856,0.0118611626123458
" 6983",66,1.09244102912239,0.294828778883502,0,0.00947241983546545
" 9324",60,1.06350792578384,0.307278366167846,0,0.00850127587803018
" 9797",48,1.0504419552482,0.211202227938189,4.3515559920926e-05,0.00880238583543965
"10070",30,1.17882275060334,0.411096606743864,0.0089622422357444,0.012535788619793
" 7045",79,1.23724632572679,0.496822323663485,0.00147429408273453,0.0115622059381617
" 8836",63,1.05431595233804,0.254175729081639,8.17961652648985e-07,0.007946654899629
" 8095",49,1.11492307458118,0.401266998180253,8.44136425533753e-05,0.00984711964741093
" 6982",65,1.09184441469335,0.294581929543103,1.14514631370858e-05,0.00942866977629711
" 9326",54,1.06999993155018,0.310978673693744,4.90776991589391e-07,0.0086704921160993
" 8009",19,1.03537072630659,0.398317469865863,0.00302547656081807,0.0118299605280701
" 9506",36,1.20444235532064,0.306213748123797,0.00618395368635686,0.0110759807536662
"10073",29,0.924702067100136,0.24599277356686,0.00721932954627994,0.0121200868490459
" 5794",54,1.25869312953984,0.650534413770609,0.00519765552559271,0.0125018614685445
" 8838",64,1.05573940753549,0.253853702993408,1.63592330529797e-07,0.00818565037287919
" 8089",51,1.06484050097045,0.380749531488979,1.9303895002516e-05,0.00941468205500144
" 6986",61,1.09519127353085,0.293412633790446,1.57048637308605e-05,0.00958518114343732
" 9316",52,1.05979698195245,0.321384869723306,6.54369322119188e-07,0.00909700956181663
" 9331",35,0.78561811732107,0.273841034956431,0.00199484487848034,0.0107831288266783
" 4651",31,1.21363025369386,0.737615234867033,0.00202347353632306,0.0121525236155193
"10806",47,1.18100366514992,0.335771819594914,0.00248300439278126,0.0117891882280558
" 8827",63,1.04906490169117,0.255558226838613,1.07970938149666e-05,0.00830819790172651
" 6984",66,1.06151778197424,0.289698285690285,0.00129663281177917,0.0101341246317969
"10801",35,0.946471109506867,0.25284941330678,0.0024640276824398,0.0115461392372647
" 9748",47,0.993006644591459,0.218100022443598,0.000479816305443895,0.0101276473236374
" 9680",37,1.01260142925935,0.128245139037771,1.48869020782115e-05,0.00849167735311824
"18869",44,1.09472995634973,0.229929227307448,9.14481127661565e-05,0.00919304394560171
" 4688",53,1.20804563357312,0.583176164675045,0.000212670029688736,0.0113084953364948
" 5756",58,1.11030259144602,0.518617375996126,0.000288576871054562,0.00933935293319973
" 8124",42,1.04163499395228,0.357808569544897,2.48660342405291e-05,0.00888314663435885
" 8624",51,1.08339740094389,0.465899665837779,7.59068413658258e-05,0.010300386802477
" 9138",44,1.00169365243364,0.307655989810604,0.00203836043840127,0.0109909755696089
" 7067",50,1.01393763630956,0.381345899828549,0.000989242822713683,0.0110335567947813
"18946",41,1.06237720709688,0.220479874800817,0.000493885245869457,0.00952404354236065
"  884",38,1.12861450489937,0.539141957435627,0,0.0107797576247559
" 2639",54,1.25101307743045,0.649442838554872,0.000131037456754367,0.0114637532805219
" 9611",49,1.06694784699776,0.185136910358622,6.91995558141041e-05,0.00858577895973459
" 5757",57,1.10547787537361,0.521962934654385,3.02645811480125e-05,0.00896635804526982
" 7430",41,1.08052447715565,0.50232327376745,0.000390331300644096,0.0100309106600098
" 6718",32,1.09071425995156,0.533653343727966,0.000319495821524694,0.0116236759879351
" 7969",34,1.05251418600756,0.319569939460065,0,0.00970054054876605
" 2661",55,1.25824228146147,0.645650527022826,0.000585660543296673,0.011515595339642
" 9619",38,0.924695783167665,0.163397478642679,0.000135781634339732,0.0084584561146097
" 7983",33,1.06604383582521,0.308128006674546,0.000524477011678529,0.0100808451837394
" 2459",55,1.38712328111071,0.923458785606574,0.00116085117743944,0.01229044746963
" 9778",13,0.457950428308885,0.0800382810741025,0.00128518134864209,0.0100035751638391
" 5753",60,1.10020869482107,0.518360586449366,8.85034508166202e-05,0.00892367430935188
" 7085",51,1.03795216708966,0.232673793269903,0.000776572793024946,0.010007010002039
" 7160",61,1.09026687261986,0.341066634998818,1.14514631370858e-06,0.00904565267618945
" 2429",66,1.25183417433262,0.651459621220008,0.000845772348839051,0.0118650109987658
" 2480",56,1.40525686812296,0.927320878758553,0.000868184498121633,0.0122828325714255
" 6009",49,0.704021176809361,0.176815949906201,0.000375607990896414,0.00965171170482309
" 7153",71,1.07478308603261,0.333462817378411,8.34320885701965e-06,0.0089919649846537
" 2415",74,1.24272094546206,0.643920896237089,0.000365465266403567,0.0117586325531334
" 7970",37,1.09857913212962,0.52966541930872,0.00125867939109626,0.0119837026540094
" 5854",61,1.14708915684681,0.375996887255681,0.00317009218100641,0.011132706736128
" 7141",63,1.08370860537812,0.338803727549015,1.63592330529797e-07,0.00875058129452167
" 8000",83,1.06529056849409,0.28779497350562,2.89558425037741e-05,0.00905600366418673
" 7295",66,1.06087864441552,0.315556628602748,0.00123348617219467,0.00977146536364967
" 9440",61,1.33168631458394,0.514595350425997,0.00747862339016967,0.0119344081861735
" 7137",53,1.09311305096759,0.318706106179988,0.000134963672687083,0.00908726359291618
" 8909",51,1.08318851554389,0.266628970010479,7.08354791194021e-05,0.0096111177940378
" 2046",43,1.22337535448522,0.794459743454266,0.00112960504230825,0.0121690536638941
" 9155",51,1.18994153644602,0.549937750853263,0.00129041630321904,0.0116449578248108
" 7372",27,0.910721463054389,0.250431957865813,0.00181538409188916,0.0121611953611977
" 7368",25,0.499755896477987,0.0950864687946184,0.000476217274172239,0.0100084228048704
" 7296",18,0.615572283669508,0.130728414463418,7.75427646711238e-05,0.0110157924726942
" 7358",26,0.874422762606535,0.193290310308714,1.83223410193373e-05,0.0112675203792765
" 7357",22,0.450903083184812,0.0895777564420954,0.000625413479615414,0.0103684433733921
" 7373",29,0.889816910469008,0.288302793123669,0.00521450553563728,0.0124563898257528
" 7362",24,1.01974723561483,0.262160205348346,0.00278826768154986,0.0121492598084097
" 7360",26,0.993016393242675,0.237294725152877,0.00214993040782259,0.0117007499093192
" 8563",49,0.971189583174589,0.343893065032986,4.10616749629791e-05,0.00914585181980213
" 7793",51,1.11190776791792,0.318604229003615,0.0045552284436022,0.0122452771304419
" 8676",47,0.905995709258188,0.211804709922442,0.00295807652063979,0.0107605589106376
" 8887",61,1.04285446694956,0.284512951592742,0.00205275656348789,0.0107808007022262
" 7447",30,1.22221855913042,0.622920233369732,0.00902882431427003,0.0136104110295155
" 7355",67,1.07228291151415,0.30467099843908,0,0.00815354049936109
" 9752",30,1.05589885721983,0.224923357131318,0.000230010816724895,0.0106260386215207
" 8891",61,1.09420411847207,0.290217285999797,0.000245388495794696,0.0097781242763665
" 8117",46,1.04079501712426,0.363441337606328,0.000129565125779599,0.00893271926989782
" 9117",25,0.812679436886263,0.160134524929378,0.000297083672242111,0.00914758123514856
" 7181",54,1.36510819303307,0.568866290057783,0.0043916361130724,0.0122360220824723
" 7349",66,1.07246979507217,0.304796679001213,0,0.00818130459645895
" 9758",27,1.03176871087965,0.214326748762905,0.000798494165315939,0.0104258594012137
" 8116",45,0.940843476379822,0.334165417555568,6.78908171698658e-05,0.00888338629380596
" 9116",21,0.772660090719804,0.150965198032084,0.000224448677486882,0.00912866365034773
" 7352",65,1.06813697531552,0.302897324384467,0,0.00822921929562575
" 7976",26,1.02058285030736,0.29579911697949,5.20223611084755e-05,0.00979299822494733
" 9225",24,1.00801990412396,0.143913816787666,0,0.00842188325452941
" 9252",15,0.967945805280263,0.132879565361307,0.000461821149085617,0.0105938594318542
" 7342",65,1.06651855922437,0.310146626936979,8.26141269175475e-05,0.00874000506429741
"15241",15,0.67805596242156,0.234141553393934,0.000499120200446411,0.0110648630306186
"10659",62,1.16011941486204,0.44511963823399,0.00344967147388183,0.0117905369365225
"11459",56,1.14209672766914,0.412563540723069,0.00164410292182446,0.0118520085678569
" 7290",55,0.930890503325882,0.271386585096262,0.000929368029739777,0.0101242811651815
" 8953",28,1.01146441806298,0.158822227185763,4.10616749629791e-05,0.00919815484508097
" 7857",63,1.09416094716783,0.261969154568463,0.0019045419120279,0.0113712341275935
" 8105",47,1.12385576001654,0.428881874789551,0.00112289775675653,0.0106245658417987
"12318",46,0.960521852255042,0.439146416963759,0.000855751481001368,0.0115167873673659
" 2580",50,1.27836210064802,0.814687645345487,0.00258050542177702,0.0123011222353362
" 9140",55,1.21831033509802,0.651007790404122,0.000341417193815686,0.0103282511413733
" 7585",89,1.04542705578358,0.2577636702215,1.25966094507944e-05,0.00808567737374794
" 1080",28,1.07716337962224,0.510119408532033,3.20640967838402e-05,0.0107787307634601
"  249",36,1.05831040729029,0.459074187514417,3.64810897081447e-05,0.00983005648033439
" 8669",60,1.0560280541289,0.327209746154679,0.000283669101138668,0.00977837312827447
" 7190",52,1.20111044393992,0.497721476475878,0.00140705763488678,0.0116664340030361
" 8682",48,1.15156029874149,0.514696093501165,0.000375607990896414,0.010974700378812
"  290",43,1.08582008938333,0.464712187437317,3.77898283523831e-05,0.00956694525715564
" 7964",61,1.05705703323845,0.303806845712042,9.22660744188055e-05,0.00870871482590842
" 8683",49,1.1659031771367,0.534975958870234,0.00102850498204083,0.0110388303624666
" 9687",34,0.936514960755527,0.179472784307064,6.11835316181441e-05,0.00946773487581009
"  293",35,1.04301650855051,0.455182268786125,0,0.00962102168086533
" 7029",47,0.970933634676126,0.340164620099353,0.000492249322564159,0.0104917896192664
" 2594",44,1.17389090199611,0.694140706884394,0.000115496185354037,0.0115486007389912
"11094",41,1.06140237319482,0.229462015257736,9.93005446315868e-05,0.00937530855376709
" 7151",47,0.938413340215729,0.282165973029092,0.000719151885008988,0.0104370688429052
" 6676",65,1.04554196613669,0.271627809433445,8.73583045029116e-05,0.00956647467932739
" 9806",37,0.895387178584631,0.178800973771593,0.000840537394262097,0.0101024784021121
" 7166",65,1.08689667294403,0.388501828255222,0.000922660744188055,0.0105595865154368
" 9033",45,1.04072780329535,0.117862535480605,8.52316042060243e-05,0.00844125200004035
" 9834",23,1.01760555532754,0.264080908692087,0.000314915236269859,0.0106640586573075
"11917",48,1.235602016563,0.706789393654123,0.000294302602623105,0.0116947029632871
" 9828",12,0.967500574069972,0.232265573140044,0.00101574478025951,0.0107977892018411
"11915",44,1.19148531350025,0.681233458860473,2.29029262741716e-05,0.0115800950142598
"11425",42,0.878988743812418,0.180798004699334,0.000279415700544893,0.00947924141792968
" 9069",59,1.15460922242632,0.419923375227378,0.000988424861061034,0.0115519049158919
" 8031",65,1.45330396068851,0.883771672432712,0.00254811414033212,0.0126239992402951
" 7712",59,1.20469966258857,0.55622409313628,0.000606600361604487,0.0110459043549835
" 9475",23,0.851314471320719,0.203688540403536,0.0023838674404802,0.0114539882520667
"11909",53,1.15001756852337,0.667819515362557,6.11835316181441e-05,0.0116229971848091
" 7113",54,1.10093181413371,0.330033526188864,0.00157408540435771,0.0118788988217361
" 7807",43,1.28814674521113,0.535055765715601,0.00262058554275682,0.0122419230022738
" 9134",55,1.02411537105326,0.206096332620817,0.00111569969421322,0.0104253106200924
" 8111",44,1.08092595208302,0.382423563319467,0.000146905912815758,0.00948702698005263
" 7806",43,1.25080732962631,0.532938369527005,0.00590830060941415,0.0124847627143114
" 7032",52,1.05948331982392,0.386269613444464,0.0010085467177162,0.0108051597757555
" 8100",39,1.04734790318615,0.366556220911732,0.000432538121920783,0.00955097302855572
" 7804",25,0.992372983712246,0.467980687346991,0.00113713028951262,0.0121227809677949
" 7729",32,0.988025601804643,0.417434850652233,0.0020017157563626,0.0123104795510809
" 6961",33,0.99305661208194,0.205459756029199,0.000894195678675871,0.0102288572359933
" 7291",46,1.09630681106463,0.468114056276098,0.0009514529943613,0.0106096716830746
" 9839",41,1.01983297652455,0.180794367903444,7.68883953490046e-06,0.00859051737149853
" 8039",33,1.0079784384135,0.389077478235568,0.00533360075226297,0.0124619391343293
" 6943",54,1.10701178177233,0.374780995760549,0.000495357576844225,0.0108273974609227
" 7576",82,1.05180181827912,0.264510347425255,0.000407508495349724,0.00930591557561544
" 7026",49,0.98406815034789,0.365058476832374,0.000334709908263965,0.00999368008218081
" 3165",51,1.28831063101243,0.662665524983324,0.00269518364547841,0.0122898126583491
" 2445",60,1.02158205734625,0.243393562721692,9.58651056904611e-05,0.00941410374187577
" 8696",64,1.25791056669888,0.698849528282337,0.000290703571351449,0.0104851016540556
" 4911",55,1.13888242548608,0.732586421782022,0.000341580786146216,0.010740002055448
" 6708",35,1.13818240059091,0.672926799237822,0.0017546913372626,0.0116953925184319
" 7569",77,1.0558890285559,0.269626010102451,9.81553983178782e-07,0.00910999144729963
" 8779",68,1.18848204524609,0.378488458915888,0.00395713488318526,0.0110666446767115
"  338",35,1.09351750937907,0.4675210216003,0.000774282500397529,0.0102432365819412
" 7132",55,1.12238973936061,0.349152069658573,0.000258475882237079,0.00952527916751024
" 7583",80,1.05777132866719,0.273576722219287,1.11242784760262e-05,0.00910756251753079
" 9062",48,1.18789115855021,0.489492494506343,0.00116772205532169,0.0120415025066259
" 3974",28,0.567014572296521,0.221426179953055,0.000208416629094961,0.0107792933543429
" 7557",79,1.0310141315003,0.256499930487807,1.14514631370858e-05,0.00785787501360628
" 6637",87,1.07766197160323,0.283748634482468,5.5621392380131e-06,0.0087000654151561
" 7646",45,1.14641741823133,0.577674395534947,0.00289247599609734,0.0124904871117252
"10005",40,1.07114101439639,0.230537670046412,0.000807818928156138,0.00955551409452845
" 7147",69,1.11054832992248,0.346281416832008,0,0.00882280179711489
" 8727",44,0.974560262132471,0.387047113143081,0.000619851340377401,0.0115285556421574
" 8056",54,1.26358327247518,0.624660230914259,0.000230174409055424,0.0114560135569247
" 9629",38,0.984979512445379,0.175658967380098,0.00237290675433471,0.0106819311142966
" 9077",58,1.29354862173379,0.530478581705993,0.000912190835034148,0.0112941412094395
" 7150",69,1.09537923681209,0.343774425530303,3.27184661059594e-06,0.00918778517871763
" 7015",57,1.0672160800328,0.405191218646103,0.000207107890450723,0.00965181664351892
" 4613",57,1.12087590548401,0.487665705893721,0.00279432059777946,0.0126990018401284
" 8055",52,1.23525479215177,0.600528501983911,0.00064520815160952,0.0114973771857346
" 5855",74,1.1232887498139,0.348289580487826,0.00034632496373158,0.0103928305071323
" 7135",72,1.10129738208746,0.338250882597201,1.24330171202646e-05,0.00900589463668942
" 7992",66,1.08811251427947,0.328512631100152,0.00042681239035224,0.00994095765351287
" 6001",70,1.1068457894331,0.293566317313969,0.000277452592578536,0.00953751684150887
" 7713",50,1.10827686027684,0.444312091347472,0.00116494098570268,0.0113308114198096
" 8048",47,1.0313430792035,0.507360140449162,0.000288740463385092,0.0112532733876603
" 7629",17,0.663772655570722,0.120934619475212,0.00765595747646397,0.0119856926214559
" 7757",45,1.19503519707461,0.65433087998143,7.75427646711238e-05,0.0110180288733531
" 9616",53,1.06011138992545,0.190954998878629,3.58267203860256e-05,0.00854085737829479
" 7136",64,1.08080320058108,0.340151836350229,1.14514631370858e-06,0.00900853223611496
" 6043",52,0.93023993428892,0.219113914866256,0.000687087788225148,0.0102925644990034
" 9264",45,1.07268056697312,0.499348959995254,0.000648643590550645,0.0106436953660229
" 7756",42,1.1887334470552,0.64903296329014,0.000656823207077135,0.0112561116217216
" 9314",54,1.14869704872487,0.267038513092644,0.00365628858734096,0.0110679978229708
" 6028",32,0.792114325892085,0.19669184598511,0.0020599546260312,0.0111648177633665
" 7711",70,1.17806803074267,0.520913460146144,0.000392458000940983,0.0111107547182398
" 7760",43,1.17755249503964,0.625148678507487,0.000449878908956942,0.0110395819368201
" 7631",74,1.16190759635408,0.496319831558469,0.00118244536506937,0.0115054566021913
" 9410",22,0.986947481203723,0.13531545498043,2.60111805542377e-05,0.00853908979475772
" 7142",52,1.01315856704032,0.312777983596389,4.84233298368199e-05,0.00953807390376898
" 7715",71,1.19490035412312,0.534331885952914,0.000428448313657538,0.0111188617457256
" 6862",62,0.967067217334943,0.245476714593841,0.000524640604009059,0.010576710988763
" 9226",23,0.969606589203844,0.135286049888509,1.50504944087413e-05,0.00854862869718328
" 7363",39,0.959159118569301,0.408235229215231,0.00141392851276904,0.0118811724814194
" 8568",39,0.874176013967049,0.30700020662383,0.00382773334973619,0.0121237215121442
"12210",67,1.07955901341243,0.168545823784231,0.000253240927660126,0.00960691253724105
" 7018",37,0.976884513662456,0.357789969906371,0.000339290493518799,0.0100369655215016
" 9578",31,0.864399595623445,0.256276608233612,0.00137941053102725,0.0114990821377144
" 8816",53,1.05687245317417,0.274751060978452,0.000423049766750055,0.00940687046406435
" 7818",46,1.02032140790299,0.219157110072658,0.000100118506284236,0.00977743721341528
" 7011",59,1.14059151943243,0.422211659178677,3.04281734785422e-05,0.00891720774348855
" 6946",24,0.767868193725779,0.292202366857416,0.000555232369818131,0.0110631952425731
" 9188",71,1.0670940019939,0.311493460801469,7.85243186543026e-06,0.00882919539501073
" 7069",38,0.78220989093325,0.303011524277107,0.000687742157547267,0.0110075795140794
" 7008",60,1.12551718523594,0.417613915614653,2.78106961900655e-06,0.00904214699275121
" 9191",72,1.04128599845138,0.306590139269529,9.81553983178782e-07,0.00875571158834463
" 9641",46,1.08845929886652,0.188737352877728,0,0.00845031012715381
" 7596",50,1.15911873042403,0.435410151125364,0.00935273712871903,0.0125564109989561
" 7024",37,0.885054031314544,0.333979323085875,0.000245224903464166,0.00962585179110907
" 6798",37,0.826970271728447,0.206097169369578,0.00124281093503487,0.0106846415834675
" 9193",68,1.03629941989546,0.312338264089677,0.00197275991385882,0.00996636783615002
" 9612",45,1.0830212498279,0.187644993902287,6.54369322119188e-07,0.00849542436652373
" 7960",69,1.07180823630396,0.315445755553044,0.000352377879961183,0.00908301825464797
" 7013",52,1.03403929461978,0.39251775630387,0.000158684560613903,0.00968999143917656
"13779",28,1.00244659010764,0.194975562590991,0.00112469727239235,0.0115454246892328
" 9610",45,1.07733635118604,0.186960287204653,3.27184661059594e-07,0.00845779291950767
" 9735",35,1.05057984024517,0.191040147256475,0.000361539050470851,0.00964465917318743
" 8595",22,0.930356847207415,0.31019292733681,0.0054880319122831,0.0124483254105022
"13825",30,1.03765374391023,0.188125338177444,0.00137515713043347,0.0115091219855609
" 9526",38,1.12984130763829,0.266816495229841,0.00244243349480987,0.0112885178247128
" 9736",38,1.0206690888451,0.191867536174881,0.000284814247452377,0.00973421112947966
" 8175",46,1.10352337729753,0.501563788341702,0.000775427646711238,0.0117259869540691
" 8146",32,0.914952368039954,0.347854987808057,0.0073618184661714,0.0127291883249828
" 8961",1,0.0130379269026812,0.00278280746889481,0,0.0060708125790563
" 7390",67,1.09555165926219,0.328377307095452,0.000675799917418592,0.0101945394143297
" 9948",43,1.0978872486583,0.233008358045349,0.00154512956185393,0.0102253946133712
" 8645",44,1.04327655504698,0.45238706943225,0.00209349105378981,0.0117524315428743
" 7427",49,1.05621721145309,0.473856312749394,3.72990513607937e-05,0.00888270154260462
" 5970",63,0.98996132060802,0.267077472813729,0.000882907807869315,0.00973227863477618
" 8722",48,1.22915704921565,0.529944842382273,0.00239842715789735,0.012162205755794
" 7393",69,1.08905412726615,0.329029512296415,0.000230174409055424,0.00989209497980387
" 9950",33,1.05569292748843,0.228065748459953,0.00164246699851916,0.0102811994239493
" 6843",51,1.04437653542772,0.519190091339311,0.000383787607422904,0.0110797857621189
"10355",56,1.10117029999653,0.21026860861632,0.000385750715389261,0.00968315344177335
" 9738",44,1.02468038044962,0.286281906716379,0.000601692591688594,0.0101665804298454
" 9287",47,1.2400122380659,0.633099928080963,0.000500756123751709,0.0117537395834956
" 9364",11,0.341016125685898,0.0953898916270794,0.000952270956013949,0.0106751346971311
" 9722",37,0.917090855416082,0.199538077798359,0.00575403304172455,0.0116125200556791
"10356",52,1.08556086750038,0.211020350485866,0.00104977198500971,0.0102003043311598
" 9299",45,1.28165798562639,0.646383806759235,0.000357776426868666,0.011757194116983
"10040",34,1.14683779737742,0.305584565198167,0.000544762460664224,0.0104653082182913
"10039",33,1.11457972189066,0.298120488937186,6.28194549234421e-05,0.0104273177852414
" 7848",33,1.1021785927711,0.331987715583302,0,0.0115568965336479
" 9672",45,1.04766721638766,0.205996788744997,1.2923794111854e-05,0.00872947027998313
"10037",32,0.965977434700482,0.263787236571982,4.97320684810583e-05,0.0101762253942149
"10154",52,1.23980254417594,0.711744002223356,0.00530366335577602,0.0129154690208032
" 7552",84,1.04709989326788,0.252219707070642,2.2575741613112e-05,0.00781041335908007
" 9322",51,1.07491180706201,0.318397802171586,0,0.0094613255240228
" 7950",47,1.02523092829728,0.263789712162382,0.00252422966007477,0.011711744299822
" 9798",45,1.01487287365694,0.204596743904765,4.90776991589391e-06,0.00879063121622459
" 7327",61,1.0492301297412,0.314619610921043,0.00144304794760334,0.00974597405425132
" 8826",69,1.05522907207474,0.275199294746488,7.42709180605279e-05,0.00869463341076751
" 8098",50,1.16448101525242,0.433606672370943,0.000131528233745957,0.0102387167296817
" 9319",48,1.06798773211146,0.314815338324122,5.88932389907269e-06,0.0094058157732573
" 7252",28,1.03551465401922,0.327179655535928,0.00445690945295379,0.0118470516552385
" 9223",24,0.954611570196249,0.137622324207067,0.00121614538515851,0.0103944810745357
"16610",75,1.15810177093449,0.448430236720805,0.00158766356779168,0.0115815350944324
" 9147",65,1.02847737203276,0.26415270440357,0.0011688672016354,0.0108463774275344
" 7577",79,1.04915318801779,0.260203787400003,3.27184661059594e-07,0.00777756019472833
" 8841",64,1.0607135325629,0.278403724659002,8.17961652648985e-06,0.00872789683589973
" 8102",52,1.12659150638799,0.424956939494462,0.000532493035874489,0.010655225837603
" 6985",61,1.11758422292044,0.307456309005656,0.000143797658535692,0.0094160376843834
" 9313",48,1.06847487394641,0.314487583850739,0.000213815176002445,0.00945555281228395
" 9222",29,0.9178003517108,0.133709877092642,8.34320885701965e-05,0.0103622371403897
" 7580",80,1.04463016846316,0.254596437884856,1.96310796635756e-06,0.00749551052566606
" 8833",68,1.05639723855898,0.28065344432742,5.16951764474159e-05,0.00874203832044265
" 7465",42,1.26822207602288,0.469061676001498,0.00782789301585079,0.012829073983829
" 6976",34,0.78114574465628,0.245429461599435,0.00319953880050177,0.011281771630375
"11850",43,1.00699880568889,0.138499610518978,0.00023360984799655,0.0093212793447977
"13555",23,1.00477242597886,0.215713981182359,0.00538104252811661,0.0119763000222394
" 9115",43,1.10934530977337,0.35064641028329,0.00187411373854935,0.0116880730893973
" 9068",48,1.18143913128954,0.383635267914226,0.00205521044844584,0.0117127813827817
" 7556",79,1.04546780317529,0.27219545121721,0.000407344903019195,0.00920604038258851
" 7562",82,0.999724422291024,0.235420169736967,4.92412914894689e-05,0.00847146175040251
" 8824",69,1.05095793937465,0.262043004429839,3.68082743692043e-05,0.00843418726661706
"11863",37,0.889037853378893,0.133324229565647,0.00103406712127885,0.00962672097953083
" 9620",42,1.08808464572388,0.204803435661109,0.00255318550257854,0.0101303148084358
" 8980",44,1.09721252703787,0.333027190072863,0.00142243531395659,0.0116615041620064
" 1287",54,1.28861348573072,0.669454368047768,0.000248169565413702,0.0111487379988429
" 6634",83,1.08230862626144,0.295939306847041,6.10199392876143e-05,0.00842691139596272
" 7589",78,1.04935119894081,0.264091995621065,2.89558425037741e-05,0.00799011627367958
" 2588",42,1.18358336982425,0.701858711265088,0.000226411785453239,0.0115646975432885
" 8197",42,1.0575712293048,0.462322390485994,0.00222436491821365,0.0122336190978769
" 7850",80,1.10716712550256,0.300596250967068,0.000613634831817269,0.0103845050275011
" 9842",45,0.988766433886301,0.175341189368091,0.000133000564720725,0.00880646659076786
" 6633",80,1.06197976479497,0.292019835910642,0.000307062804404429,0.00850207587530445
" 7560",83,1.04863236254818,0.265640585188956,4.36791522514558e-05,0.00783571924509534
" 7714",71,1.17421687067582,0.527240876830328,0.000232464701682842,0.0111085136001749
" 8180",44,1.17662213742237,0.530278369438477,0.00070082954398965,0.0115588494073455
" 9120",34,1.10135589148644,0.22910283389011,0.00275211377650278,0.0111695565850019
" 7825",45,1.10084862733834,0.426873147424986,0.00261600495750198,0.012191351735393
" 9836",30,0.98541024802262,0.255574253066351,0.000126293279169003,0.010589398269433
"14259",51,1.1564941136967,0.413358684500674,0.0011798278877809,0.0110635905723906
" 9234",51,1.10779247420982,0.591998018685723,0.00148689069218533,0.0119271471141964
" 6003",82,1.11540593493212,0.297754595926776,3.92621593271513e-05,0.00928761605452827
" 9121",31,1.17540965408857,0.246006273657765,0.00530513568675079,0.0110818260925249
" 9218",65,1.1433350517487,0.473676924968904,0.00135634401242255,0.011512982026332
"10024",35,1.13460280592394,0.294043412662891,8.13053882733091e-05,0.0103972355805363
" 9357",38,1.38475293231614,0.61981600791905,0.0060370477735411,0.0129799480310718
" 9516",42,1.13588654364484,0.548252253978119,0.000713098968779385,0.0113240468589885
" 9474",59,1.33678205687968,0.627300037512391,0.00126751337694487,0.0116550861525929
"14254",53,1.08728118140563,0.383469047850184,0.000860332066256203,0.0110246123131664
" 6012",58,0.919983670154542,0.2371250244198,0.000699030028353823,0.0101461496772906
"10019",33,0.925761302995148,0.246298240445538,6.91995558141041e-05,0.00990143588424793
" 9209",24,0.998802026878363,0.30129364980088,0.00501884910832364,0.0119459057421618
" 9453",53,1.28470177112059,0.603700711437661,0.000175698162989002,0.011519917412842
" 9515",38,1.05233333706534,0.498176913363665,0.000668438262544751,0.0113107998472443
" 6026",29,0.735294527832685,0.263235613601974,0.00207794978238948,0.0117053489122625
" 9413",20,1.0041572993969,0.131214127558671,0.000470164357942637,0.00916032327714825
" 9248",42,1.18747863838241,0.439080556228171,0.00247089856032205,0.0115426920957215
" 9160",37,1.05565818691613,0.36635369006509,0.000142488919891453,0.0099050969987484
" 7143",60,1.04903710111765,0.326668196034812,0.000216923430282511,0.0095240003326535
" 9174",32,1.00173123619476,0.33514884347505,0.000422231805097406,0.0101054920932118
" 7047",40,1.02219283641737,0.300313358078454,0.00106645840272375,0.0110266455541584
" 9135",39,1.06725826847573,0.364952236589973,0.000350741956655885,0.0100035512732246
" 9841",47,1.09892607202191,0.194858644050292,1.34145711034434e-05,0.00878169518826995
" 9907",46,1.1019058690032,0.225896087337615,0.00079015095645892,0.00975366125176451
" 7138",72,1.05455297740548,0.318395224762266,3.43543894112574e-06,0.00877041237033886
" 7340",61,1.06781584979789,0.308931480840041,2.48660342405291e-05,0.00872029388680427
" 9840",43,1.08748586397581,0.191310228914653,9.50471440378121e-05,0.00897184747388162
" 9906",49,1.0018860792426,0.488333360651724,0.00144910086383294,0.0120297262205654
" 7824",43,1.00599644078216,0.21449109281024,0.000198601089263174,0.00986808430586451
" 9189",75,1.0825424713797,0.313419536706364,0.000208416629094961,0.00859729152717355
" 9330",56,1.25264441514827,0.478076221689071,0.00241576794493351,0.0109742735659475
" 7344",59,1.06041426316919,0.303685987790148,5.2349545769535e-06,0.00840865269099392
" 9054",38,0.9487194684724,0.190388272597547,0.00126947648491122,0.0113164457018463
"11614",15,0.729640881379052,0.111384197770012,0.0043224365572583,0.0114517301194219
" 9845",37,1.03758254965375,0.18099443102563,0.000517769726126808,0.00904416034696569
"10210",34,1.09303827504788,0.218360078805138,0.00126964007724175,0.00994497937770481
" 9181",66,1.05946473152095,0.29907894942714,0.000125802502177414,0.00891923643185259
" 8862",50,1.11938627501497,0.397002515535681,0.00440750456913379,0.0116436803102246
" 7763",19,1.04875089637741,0.270091072369139,0.00254827773266265,0.0115325398045732
" 7339",66,1.05352064638607,0.310162715686568,0,0.00838959077367373
" 9405",57,1.17104765343348,0.647654527834936,0.00019369331934728,0.0103900736839563
" 9676",42,1.05051112717664,0.20482536785729,1.39053480950327e-05,0.00929242514186271
" 9724",30,1.07158197931467,0.284113987041116,0.000162774368877148,0.0106662928797702
"10108",30,0.934986019577924,0.185280628941372,0.0020511206401826,0.0103199160230971
" 6787",50,0.85368153874951,0.244542768692424,0.00158111987457049,0.0106639804463778
" 7326",60,1.03818361020203,0.296085921440662,2.78106961900655e-06,0.00851667104689118
" 9403",66,1.12155711531976,0.642455445205834,0.000130055902771189,0.0102014661922162
" 7728",38,0.985178427288647,0.409499127937823,0.00108379918975991,0.010561715665096
" 9675",45,1.06234838439924,0.209072543514156,4.80961451757603e-05,0.00932927457724399
" 9723",32,1.09107377552588,0.291687315923216,0.000349923995003236,0.0106321335114477
"10548",47,1.03854149010276,0.248963024554536,0.0010684215106901,0.0107932100996556
" 7543",89,1.06839942416475,0.2691818219257,5.74209080159588e-05,0.00808036986341041
" 9182",69,1.00886918180134,0.290301851914576,1.07970938149666e-05,0.00822967085222842
" 6776",51,1.21654636035383,0.546614596775874,0.00461019546666021,0.0125270914754368
" 9678",35,1.00493133381413,0.198828006816033,0.000163919515190857,0.00973095785619959
" 9869",31,1.10137045842018,0.337265939033921,0.00139593335641076,0.0115996288218423
" 9804",44,1.06761652701091,0.205855101245649,0.000164901069174035,0.00987706575826452
" 7100",14,0.239691272330674,0.093715503373998,4.31883752598664e-05,0.0102242544014312
" 8699",46,1.15583831914685,0.45505414148133,0.00204277743132558,0.0119779441423448
" 7736",47,1.32117887413515,0.752395324545914,0.000123675801880527,0.011487032665877
" 7268",67,1.00523608088281,0.23360235838824,0.000586478504949322,0.00974279041634253
"13415",45,1.1081722549268,0.329865654645011,0.000656168837755016,0.0104026844811863
" 9015",29,0.596738366766453,0.239984980559188,8.7849081494501e-05,0.0105357344083542
" 8970",47,0.666169452022304,0.295140640234088,9.668306734311e-05,0.0109930453835551
" 9870",30,1.0898313377105,0.337941848134364,0.00033896330885774,0.0113706370621105
" 9805",44,1.05803033693129,0.203654135277962,0.000622632409996408,0.0100188910596676
" 7007",49,0.995338449247258,0.344646922234315,0.00100838312538567,0.0113399643418495
" 8051",45,1.03332055927455,0.504855980535812,0.000702792651956008,0.011460675399164
" 7738",47,1.321394579466,0.751657558834244,0.000621814448343759,0.01171933370145
" 9465",38,1.08130171882134,0.317005015454647,0.00192679046897995,0.0109820756050405
" 9361",29,1.11389877177526,0.452669630626881,0.00325270630792395,0.0117972365533133
" 9067",34,0.74261546772561,0.296412369080468,0.000159175337605493,0.010562616305772
" 9867",37,1.05277349647572,0.207333123896512,0.00130186776635612,0.0103298195176685
"10166",41,1.28572557210498,0.605100110150695,0.00946545224445406,0.0128127227362731
"10080",38,1.07013415762534,0.235381133904836,0.00434812055315148,0.0115907052107857
" 8179",47,1.14107959051877,0.535733837570689,0.000694449443098988,0.0116510298090351
" 7630",39,0.979501849216244,0.546991028367718,0.000508608555617139,0.0112261030016195
" 7754",41,1.18209649111198,0.633096590753562,0.00029004920202933,0.0110431937744214
" 9362",30,1.0851859370863,0.442819663216672,0.000736656264375676,0.0115634369208996
" 8730",53,0.970773667626777,0.364250889101648,0.000921352005543817,0.0110870799775474
"10083",35,1.0902973477059,0.243351287359931,0.00230468875250378,0.0115800227072768
" 9833",16,0.962466980897136,0.238806909852346,7.42709180605279e-05,0.0104915933014056
" 7750",42,1.01503784472555,0.524676021381032,1.88131180109267e-05,0.0106053637769853
" 9374",47,1.04042778308159,0.361989928831104,0.000247515196091583,0.010414255024662
" 9447",53,1.13553446770339,0.32957258340883,0.000744672288571636,0.0100605193655958
"10830",38,1.08297883256944,0.290445628885813,0.00267097198056,0.0115262535963934
"  958",32,1.11888723663558,0.533640386369704,0.000158193783622314,0.0107942280968857
" 7129",57,1.0250704410472,0.31412046126101,2.29029262741716e-05,0.00894998147178261
" 9461",53,1.12633412991325,0.323819544108396,0.000390331300644096,0.0100597670385634
" 9345",45,1.26631933815867,0.654649360594904,0.00121450946185321,0.0118594948028199
" 7705",50,1.11012037491339,0.617872789352514,0.000624922702623825,0.0117660250177907
" 9317",58,1.04757935347204,0.298145402772541,0.00153596839134426,0.00977311031377182
" 9389",42,0.988552532738053,0.258057550115504,0.000775427646711238,0.0104058785480535
" 8814",65,1.06158305722945,0.260093322081185,1.91403026719863e-05,0.00802597568172592
" 9673",38,0.995295770222673,0.190219843817591,0.000364810897081447,0.0100239992499842
" 9388",44,0.986709369148582,0.267652090635501,0.00121778130846381,0.010389152581424
" 9329",65,1.11596714929562,0.331031333662808,8.17961652648985e-07,0.00864443005042593
" 8632",46,0.990274058206197,0.420194375965954,0.000850025749432825,0.0105817245682977
" 8077",55,1.20800008791875,0.483841805552513,0.00293811825631515,0.0120272133757972
" 8839",65,1.05768664184857,0.262822793807834,2.29029262741716e-06,0.00825895575630332
" 8085",48,1.06801426138564,0.376366481345722,0.000156885044978075,0.00919701359296161
" 9327",65,1.07825877465369,0.317812910244647,1.60320483919201e-05,0.00880042302992984
" 7003",55,1.00760061888127,0.395928834652798,0.000397856547848466,0.00954589938884911
" 9283",72,1.1206180542833,0.298364854928878,0.000656823207077135,0.0102634342574841
" 7248",37,1.10633369330309,0.32598141978171,0.00211786631103875,0.0113361707668612
" 9831",40,1.06690799859232,0.203849629350759,0.000145760766502049,0.00956815817360539
" 9355",33,0.992191029328936,0.191389703475528,0.00278205117298973,0.010985677904181
" 9843",42,0.87602641921004,0.156435306567645,0.000378061875854361,0.00954034653657604
" 8107",40,1.07116252690947,0.376126856754529,0.000657477576399254,0.00988871620891029
" 8837",61,1.06125344327556,0.257008861493166,1.30873864423838e-05,0.00822097980960332
" 6987",67,1.0830477529592,0.292204907846518,1.66864177140393e-05,0.00924054626213534
" 9301",59,1.04571659064158,0.325112208498937,0.000319495821524694,0.00897132713436285
" 8163",26,0.831158682043824,0.442477944285154,0.00115119922993818,0.0131393565415884
" 7324",63,1.15635285962406,0.389919603017981,0.00444971139041048,0.0106516233706644
" 8621",43,0.933193311205113,0.418624748604587,0.000503700785701245,0.0105979078618013
" 8181",3,0.0927393316667829,0.0222217082210798,4.25340059377472e-05,0.00969164283259484
" 8757",50,1.05296746135595,0.489863288204991,0.000524477011678529,0.0106409897408896
" 9803",50,1.03940421741371,0.199629368752452,0.000269272976052046,0.00992951736348225
"11532",7,0.842386958225718,0.138426313257529,0.00106793073369852,0.0109907440283378
"11248",21,0.858088976537461,0.12738258496227,0.00240235337383007,0.0106851673404388
"12737",45,1.04426779504067,0.244919481077683,0.00119455119752858,0.0107323068082816
" 8811",57,1.05453763274071,0.274222105822022,0.0014279974531946,0.0102276296038816
" 8802",50,1.07311946949509,0.266662882382938,0.000518914872440516,0.0101228604275401
" 6980",47,0.827428832152465,0.229176354494534,0.000704755759922366,0.0101919416829919
" 9320",66,1.07559387839774,0.314881530180128,9.81553983178782e-07,0.00831543755123166
" 8764",50,1.18165745173706,0.56294737191454,0.00173064326467472,0.010867634583036
" 8627",52,1.13309781548902,0.494608822904669,0.000649297959872764,0.0109499741397145
"13628",43,1.05637213186512,0.335185530506787,2.29029262741716e-05,0.00938175852708698
"11412",9,0.796830792364208,0.128839000511873,0,0.010885569735143
"11226",28,0.869275328624922,0.142665108689872,0.00305901298857667,0.0107096596280242
" 8806",63,1.05720081970508,0.260438292861177,8.7031119841852e-05,0.0083102605944179
" 8103",36,0.923066256179467,0.324353941949988,4.20432289461578e-05,0.00909647364868033
" 8155",52,1.15068181061947,0.460248857693003,0.000827777192480773,0.0111577919305989
"13635",45,1.05903365122364,0.333722295426744,0.000506481855320252,0.00965819383258965
" 7019",47,0.989452070637155,0.376742348910354,0.000124166578872116,0.00932387691776683
" 9307",66,1.1134184777133,0.317026146882413,0.000125148132855295,0.00920110066405125
" 7891",41,1.05900859525321,0.42707689152908,1.42325327560923e-05,0.00946979961892198
" 8152",51,1.05802536630402,0.435038566076783,0.000366937597378335,0.0109890332235888
" 8828",69,1.04931376752181,0.266402085159621,1.17786477981454e-05,0.00824103267738476
" 7175",44,0.836994010392244,0.407586823714563,0.000390822077635685,0.0116224441480384
" 7797",67,1.31678351931653,0.584203217001585,0.00825176074425349,0.0129739009854293
" 7656",34,0.757854136011554,0.309071951150697,0.0015789931742736,0.012108276956188
" 7570",66,1.07109703843716,0.294773039671396,0.0020988896006973,0.0107152227097511
" 7072",48,1.21844372397571,0.55850925882882,0.000782789301585079,0.0116802210024637
"14864",51,1.28483545432427,0.473103582709121,0.00072504120890806,0.0119217819300521
" 9615",36,1.02783021420975,0.180575735751597,0.000363992935428798,0.00888239883107314
" 7074",45,1.01437496578894,0.434591296837813,0.000440063369125154,0.011219768385302
"14857",36,1.01625402438747,0.427178159093079,0.000928386475756598,0.0119577745970685
" 1100",30,1.03836177900695,0.48757584948891,0.00135323575814248,0.011134359410448
" 8029",47,0.793831237598136,0.374688478564697,0.000504027970362305,0.0113243496389698
" 7144",68,1.10161289209302,0.342519967300814,1.48869020782115e-05,0.00930803644938092
" 7573",74,1.03236913344368,0.268103628419718,0.00110653852370355,0.0100366723315858
" 8005",55,1.4656292347725,0.866679548242814,0.0030547595879829,0.0126596624849877
"12832",36,1.19125032008943,0.739197438776882,0.00115250796858242,0.0125839008367383
" 7139",69,0.980474738827239,0.290055850258507,0.00043515559920926,0.0103233081315566
" 8070",62,1.11897737901523,0.431180267259389,8.50680118754945e-06,0.0110402144291622
"12827",35,1.08410707147847,0.683797332791493,0.000367101189708865,0.0123433268732871
" 7332",61,1.04180211031391,0.295983327193659,2.94466194953635e-06,0.008362988722059
" 8072",54,1.11446327567664,0.437842203350532,0.000622141633004818,0.0111435742680555
" 8161",45,1.16096003662281,0.332506216655531,0.00215402021608584,0.0111588823991091
" 8940",46,1.06280678660164,0.405621662289547,0.000375117213904825,0.00980815462309405
" 8160",41,1.03577437637885,0.299594404833939,0.000635392611777732,0.0109307524148891
" 8071",58,1.06864236561848,0.409943973281774,4.5969444878873e-05,0.0108310446914248
" 8159",44,1.26675295322953,0.607782260044843,0.00482744608160378,0.0127201450547076
" 8932",37,1.05234132472601,0.44110297765252,0.000269763753043635,0.0107429722228986
" 8678",22,0.741592957028218,0.303065362964071,5.95476083128461e-05,0.0106408803657603
" 7149",48,0.968488793458965,0.258672199622001,0.00130137698936454,0.0107548366934654
" 7350",63,1.07211367344148,0.315621712891132,0,0.00844539309670083
" 9002",40,0.890704504210506,0.393744249871906,0.00130039543538136,0.0113856604229534
" 8664",33,0.875197621646836,0.362711910617963,0.00013692678065344,0.0107039419909716
" 9087",50,1.10005859185588,0.476665755713666,9.07937434440374e-05,0.0103054373615897
"12875",54,1.0672463306381,0.24488454973203,0.000240317133548272,0.00951211222630547
"13343",52,0.931775479341197,0.211280845113575,0.000261584136517145,0.00928239398208185
" 7343",60,1.06639218358114,0.309607260619951,1.63592330529797e-07,0.00830549051255864
" 8921",39,1.02545998067346,0.403279127297389,0.00133442264013155,0.0112119839841929
" 9085",49,1.14224944937111,0.49418287269195,0.000525622157992238,0.0103614399909315
" 8665",41,1.10390353252511,0.445939354065737,0.000701974690303359,0.011115855446956
"11918",45,1.08500774148124,0.363609142755494,4.41699292430452e-05,0.0098542974943546
"13324",39,0.681877005412114,0.25136693093901,0.000730276163485014,0.0119006744971042
"12874",49,1.06827371508682,0.258095329697304,9.9136952301057e-05,0.00954467833081014
" 7335",56,1.08772791564548,0.330901701365085,4.6787406531522e-05,0.00879066151211228
" 7233",62,1.23339920661981,0.716537061298346,0.00104519139975487,0.0118283742157439
" 8919",41,1.10691745700379,0.367493679155212,7.63976183574152e-05,0.00969171786669997
" 9089",52,1.12024372122401,0.479209125638438,8.65403428502626e-05,0.0104728063549181
" 8668",35,1.14879293910247,0.492741580709505,0.00260798893330602,0.011693517663043
" 7959",60,1.22113804245895,0.571356430373825,0.00176876027768817,0.0116063950887521
"11903",35,1.00089046193515,0.333246840329075,0.000334382723602905,0.010103259407976
"12836",43,1.01533424243514,0.238194586003435,0.000239826356556682,0.00953377733729915
"10570",35,1.06984135154997,0.235089338856613,4.90776991589391e-07,0.00972396381821181
" 7353",61,1.03855083923067,0.300698070057279,8.50680118754945e-06,0.0083793263793655
" 7234",60,1.18728636438445,0.699572210316816,0.000276961815586946,0.0115679471378648
" 8929",35,1.04851914097613,0.412735933719717,0.000223303531173173,0.00989419528543692
" 9669",46,1.23124931780514,0.612360577052005,0.00225462949936166,0.012269989291327
"10560",46,1.09013434864251,0.241703325653821,0.000295120564275754,0.00982117713494811
" 8012",42,1.05158871752471,0.480996181359672,0.000935584538299909,0.0116278446928031
"10580",42,1.14573598481307,0.263538046910319,0.000312461351311912,0.00958735791814232
"11633",30,1.09079663643794,0.248950710942226,0.00274704241425635,0.0103046908681452
"18894",43,1.08245524814939,0.228941268443987,0.000304118142454893,0.0095200521436208
" 7546",69,1.02242080650573,0.25652820448429,1.65228253835095e-05,0.00832530399518262
" 7329",62,1.05975697585792,0.311506553444898,2.32301109352312e-05,0.00844468556699961
" 7001",63,1.103325873385,0.431138003343993,0.000657968353390844,0.0095491576043742
" 5735",31,0.972741548083336,0.308554441255601,0.00101983458852275,0.0120504486933947
" 7281",44,0.994051045912563,0.390634914570555,0.000924133075162823,0.0107073984379685
"14865",45,0.92352661478336,0.361493148896062,0.00128649008728632,0.01190625083693
"11315",73,1.30599878080195,0.566661653550945,0.00280560846858602,0.0124270700838957
" 6032",61,0.924452632259137,0.340692610033768,0.00122726966363454,0.0110549030839721
"14853",40,0.880583268784181,0.366770661751395,0.0003947482935684,0.0115353458127074
" 8703",55,1.29002560192677,0.656340166888722,0.00127307551618288,0.0117444729358081
" 8847",30,1.06637871584536,0.27212376624809,0.00561726985340164,0.0113336362286527
" 8704",51,1.25651798184168,0.647938695227039,0.000868675275113222,0.0118753045856083
" 7460",38,1.20928884262178,0.55910241109999,0.00125949735274891,0.0122525225309192
" 7911",39,1.08027812173284,0.452816080261975,0.0010716933573007,0.0102346162466999
" 7451",39,1.18873906316861,0.567841078916558,0.00218853819782762,0.0123355309150714
"16125",21,0.637149922451355,0.217318201264441,0.00166111652419956,0.0120387862094398
" 6797",33,1.14974453432165,0.620279663593105,0.00378225468184891,0.0128011869363598
"11926",50,1.37049483670187,0.720575056075854,0.00308682368476674,0.0121544556955904
"13370",63,0.964337727101443,0.225199233703761,0.000178970009599598,0.00900070419282226
"11360",76,1.15398996714554,0.271281446664196,4.1879636615628e-05,0.00896011943601912
"14225",62,1.15384123201412,0.417871782507283,0.000161792814893969,0.0100200586227081
"14132",45,1.06772117719467,0.371021887184874,0.0023838674404802,0.011649114954206
"13584",56,1.16381863034537,0.496566138342497,0.00444660313613041,0.0127151091050826
" 6955",27,0.607143395735578,0.262357875609449,0.000171117577734168,0.0109080988379029
" 9348",55,1.0713031085509,0.399114476117765,0.00211917504968299,0.0115965130028387
" 9402",60,1.20457495902149,0.473278106463389,0.0024903660476551,0.0115829932215885
" 6799",31,1.19285844799221,0.514474992153225,0.0052568759492445,0.012974668582196
"11919",40,1.07972538093096,0.575302900510528,0.000696739735726406,0.0118778894251572
"11602",71,1.13290759284035,0.270819884960688,0.00010437190687801,0.00897172282538296
"14221",59,1.15935377450438,0.424849562190625,0.000171281170064698,0.00990111715180709
"14294",46,0.98594221168359,0.288227403904804,0.0023976091962447,0.0114860498518255
" 7285",30,0.797514715609182,0.280008663607142,0.00211737553404716,0.0108241932224395
" 7988",11,0.332358083653415,0.102103666368807,0.000377243914201712,0.0113354423007721
"11365",39,1.03902837432294,0.237011143445003,0.000668438262544751,0.00941820540138484
"12043",28,0.72440549805579,0.30226197840486,0.00610133955943931,0.012746127879767
"12337",70,1.17143337740974,0.331280840508021,0.00235294849001007,0.0120685298046943
"14217",48,1.12536606175095,0.442546191592924,0.000307553581396018,0.0100421339935959
"12344",68,1.15273177284826,0.325283754168548,0.00145286348743513,0.0119539788361617
"14216",51,1.13950432028382,0.428664151384183,0.000262892875161384,0.0101719630006087
" 6656",60,1.30522582680631,0.613039721024047,0.0012336497645252,0.0120957312207206
" 8069",58,1.08420317760697,0.412967555509008,0.000349923995003236,0.0108808959977621
" 9311",49,1.03653829511222,0.32729921102181,0.000163428738199267,0.0103918834643425
" 9844",34,0.963578608981765,0.177302354535229,0.000694940220090578,0.00967058188841624
"10038",37,1.05929729583529,0.282737387760289,0.000200564197229531,0.0101095674436829
"15669",22,0.77196283790691,0.246895780242885,0.000551796930877005,0.0111891252606455
" 8843",60,1.07786320237025,0.322397616480291,0.000573881895498528,0.0101393545000783
" 8110",50,1.13733281912363,0.424667109635977,0.0021818309122759,0.0110715222791846
" 7882",49,1.0918399584955,0.433116985379153,9.16117050966863e-06,0.00941842622800703
" 8920",33,1.07217532037465,0.417181605881594,6.13471239486739e-05,0.0099260118670532
" 9090",56,1.13268848470837,0.507569305123713,0.000595639675458991,0.0110566743047053
" 8667",45,1.19020674743622,0.490822849058392,0.000337654570213501,0.0113038418933992
" 7308",48,1.25064962317431,0.525500183195848,0.00458222117813962,0.0126528265265933
" 9212",49,1.15325815645607,0.583073905449061,0.000251768596685358,0.0115567997060405
"10046",27,0.916290370347421,0.250528986694902,0.000130873864423838,0.00994391834334198
" 9235",50,1.07697707252207,0.321547344742273,0.000635556204108261,0.0103098501705418
"15673",16,0.767258985270789,0.280433334681344,0.000436137153192439,0.0111599914482471
" 7548",75,1.04763151831248,0.266522382081988,8.17961652648985e-07,0.00964296165922919
" 7868",49,1.06252576173605,0.424105626621137,0.00100462050178348,0.0100069199438724
" 8670",33,1.05301175417632,0.436435544337255,0.000751379574123358,0.01103886426351
" 8930",42,1.06084551863829,0.412964057636897,3.10825428006614e-06,0.00964763608633777
" 9093",38,1.17544331401321,0.527215738699756,0.00261698651148516,0.0118023466017155
" 6038",82,1.0379672990555,0.288582915218593,7.52524720437066e-06,0.00845636319878272
" 7545",74,1.00372202038602,0.258391133895146,0.000240807910539861,0.0100404131937098
" 7898",56,1.10177801890798,0.440905662938221,9.9954913953706e-05,0.00944903452402817
" 9517",50,1.19673364764692,0.526305526690676,0.000498302238793762,0.0111719997735868
" 6036",66,0.970954459163208,0.25528310876963,0.000807655335825608,0.0104139818330401
" 9305",60,1.06890216207586,0.30455190340513,3.92621593271513e-05,0.00902967407518579
" 8848",59,1.08047260306624,0.291847948808466,0.00052382264235641,0.00999403631315669
" 8984",56,1.17999568430886,0.506514039099121,0.00359935845631659,0.0122385265782347
" 7542",80,1.05094213963487,0.276158569496266,0.000212506437358206,0.00867382405262243
" 6053",54,1.06678655573276,0.246958207111789,0.0011381118434958,0.0106375256331093
" 7735",50,1.1330365769809,0.655035952108301,0.00029037638669039,0.0117357458735285
" 8651",58,1.31202805423654,0.723667146546335,0.000770356284464814,0.0118897318612053
"11496",50,1.2803489153539,0.441571330009338,0.00518293221584503,0.0125266580523994
" 8653",47,1.17591229393148,0.668737144836286,0.00024195305685357,0.0116763888678571
"12577",50,1.13032488801625,0.344995892132418,0.000455768232856015,0.00970767764187154
"12951",28,0.759553840315582,0.241306935324728,0.000281051623850191,0.0095294553996708
" 7655",55,1.16016680274729,0.488272259005949,0.00221945714829776,0.0117048177347388
"15353",53,1.01401135855451,0.406172745945118,0.000953743286988717,0.0113895977878785
" 7755",39,1.13774404853849,0.629856444855309,0.000913990350669976,0.0113526558515871
"12578",57,1.16532135114154,0.364888608269724,0.00171444762395227,0.0102185874199021
"12949",30,0.74749135739961,0.224438443769014,0.00325008883063548,0.0106062901660839
" 8004",54,1.244066292232,0.717839626019448,0.000212015660366617,0.0117251815445627
"10926",41,1.11313903258356,0.298819564324494,0.00362569682153189,0.0118301810964185
"12932",42,0.995660215379775,0.353022590397897,0.00366070558026527,0.0115412113197556
"12575",63,1.14033563463722,0.368152874831485,0.000261911321178205,0.00964246807069766
"13736",57,1.10108228875406,0.289577029246077,7.85243186543026e-06,0.00960680115357409
"15647",29,1.27901928133152,0.459402276853866,0.00137564790742506,0.0118419686876689
" 7312",65,1.02290359183405,0.301635307813117,0.0007894965871368,0.00932313243024099
"11103",29,1.01690060548867,0.286807857623579,0.00344100108036375,0.0119311314282872
"12540",59,1.13553550128004,0.360474465145261,0.000364647304750918,0.00965755341494175
"13781",51,1.12586987107928,0.310144090682742,0.000156557860317016,0.0100448074300128
"14272",61,1.09204895114082,0.44665750416592,0.000283341916477608,0.0101673954298144
"10687",14,0.710748308561999,0.220426602927263,5.2349545769535e-06,0.0116698669268441
"15646",25,1.18813388100666,0.441589265787626,0.000331601653983899,0.0116282585072967
" 8988",38,1.08156340883793,0.36658120903556,0.00154316645388758,0.010588270827277
" 7721",25,0.613995532040087,0.148554904697343,0.000793259210738986,0.0113282046726676
"13768",53,1.10087194703543,0.304859519841282,0.000194020504008339,0.0101088704659994
"15661",29,0.988350334387931,0.375151051077609,0.00104846324636547,0.0118933048610074
" 7650",60,1.25161276071454,0.540311082764245,0.00440145165290419,0.0127556551767215
" 7881",45,1.06421634110178,0.407852278323377,6.54369322119188e-06,0.00937211684181207
" 9332",55,1.02641100031088,0.298355473842718,6.29830472539719e-05,0.0089942044094069
" 9971",30,0.563232406897364,0.228240224081762,0.000649134367542235,0.011122565715997
" 9862",42,1.24086557948999,0.650167147555977,0.00253928015448351,0.0126856429000358
" 8804",66,1.06564426396327,0.296548776048172,3.61539050470851e-05,0.00954750189983319
" 9863",43,1.19878135483976,0.630047068374825,0.00154431160020128,0.0125191392448704
" 7260",47,1.10820732419675,0.40768968671137,0.00368442646819209,0.012040472067437
"12850",67,1.12776601356497,0.294152732306159,0.00223189016541802,0.0100052001138559
" 7258",32,0.973875289547442,0.3697580354985,0.000827122823158654,0.0119380418608991
" 7346",61,1.05872229349892,0.305097411402412,0.000589586759229388,0.00967700010834029
" 9184",71,1.05942847061731,0.307044166079404,1.0469909153907e-05,0.00912235967768713
" 7687",40,0.969331557608181,0.360106241497872,0.000263383652152973,0.0102083377796941
" 9688",37,1.07201706529704,0.215949391168648,0.00190159725007836,0.0102039897817923
" 9459",54,1.11276388105754,0.315818444516507,0.000420923066453168,0.0100645466741848
" 8740",42,1.14146586758769,0.546222006771634,0.000671055739833227,0.0116055398707507
" 9849",34,0.939256801952709,0.165415120340218,8.27777192480773e-05,0.00893545513827654
" 8725",35,1.3350502609575,0.490651358579314,0.00542226779541012,0.0126641177098545
"16056",63,1.2060686898683,0.571142478285074,0.00489353738313782,0.0128878405389418
" 7338",69,1.05596073966912,0.313022179890224,7.59068413658258e-05,0.00859009750558193
" 9807",38,0.899860234161265,0.173223273627842,2.1757779960463e-05,0.00914779767213643
"10344",43,1.12851067636128,0.502756058324022,0.00130808427491626,0.0119004714317742
"16137",45,1.02890518903347,0.485996019456627,0.00699046387586876,0.0127824606552495
" 1281",53,1.24731352462891,0.657731834363902,0.000222976346512113,0.011126696267179
" 8602",43,1.10089012252153,0.512109883106099,0.00099987632419812,0.0114401114675848
" 9679",33,1.0417710927874,0.216874634167937,0.00112584241870606,0.0100850734070273
"11869",46,1.1310218468499,0.282614762910347,0.00309991107120912,0.0108562513511175
"13449",41,1.21663595118152,0.564296357914248,0.00102621468941342,0.0117397744377229
"10446",44,1.1099887757479,0.495364843696718,0.00204555850094458,0.0123102859605704
"11896",43,1.18612180547841,0.620706256116164,0.00139887801836029,0.0121467713909625
" 7133",63,1.12007033356018,0.363591298655292,0.00105451616259507,0.0101925793744937
"11980",49,1.03916225316235,0.264898940099149,0.00900935682693698,0.0111044131573068
"13448",50,1.13111017091303,0.530998007262138,0.000826141269175475,0.0115840191531462
" 9852",35,1.01642356822612,0.192154074505954,0.000460676002771908,0.0101065036101468
" 9903",61,1.02468281285133,0.25585085265693,0.000300028334191648,0.00937714240320286
"11373",39,1.22672391540594,0.530440223359992,0.000422231805097406,0.0110950121694825
" 6188",30,0.66190101111095,0.150760996915613,0.000632775134489255,0.0102901792105495
" 7731",49,1.194954056307,0.671280790382087,0.000481125044088133,0.0118365845366234
"11349",41,0.68307370610421,0.150318359402814,0.00436906037145929,0.00980130025310432
"12001",37,1.02907893367575,0.269928348606635,0.00150570381019625,0.010837751040865
" 9812",30,0.91080516270547,0.178545097625067,0.000150341351756883,0.00984220004837755
"13354",44,1.10423337167562,0.363755700312416,3.45179817417872e-05,0.00938743716758949
"10503",54,1.22785830396248,0.5575972335822,0.00161940047991446,0.0118112573188453
"11068",85,1.45729677787536,0.601373044151247,0.00361964390530229,0.012142774972386
"11372",39,1.19242309230457,0.506939046412624,0.00016081126091079,0.0106938243197238
"12247",29,0.722196688791353,0.210452653488345,0.00515692103529079,0.0119562092489923
"13626",44,1.08234793646136,0.347947768021594,2.92830271648337e-05,0.0094626210570315
"10489",49,1.10744905209838,0.452018396422711,0.00240938784404285,0.0120258988584423
"11071",56,1.07594871125316,0.519440498274259,0.000415197334884625,0.0117567493311641
"15674",60,1.26494704109542,0.53055173030699,0.00172246364814823,0.0115302159546892
"13632",39,1.06766033062523,0.352965631892319,0.0011287870806556,0.00991730595793675
" 7896",47,1.14722665342801,0.468644340230311,0.000437773076497737,0.0101082106757376
" 7345",56,1.0489259236301,0.306250282371699,0.000609545023554024,0.00912296550596014
" 7889",49,1.1282215252636,0.45904879342728,2.61747728847675e-05,0.00987183323909566
" 9770",47,1.0478868671267,0.343247240783924,0.000647007667245347,0.0109362929179686
" 7932",51,1.1424503343953,0.474683647121787,0.000302318626819065,0.0100109786255507
" 9321",60,1.1090608917779,0.314504358179559,0.000141670958238804,0.00862114274837686
" 7398",66,1.09591527753809,0.320174666773741,0.000181096709896485,0.00977019681947463
" 8812",65,1.07206676760234,0.29377098564545,0.000140852996586155,0.00967383727802643
" 8108",34,0.946683852099968,0.343005819582617,0.00145531737239307,0.0106478901721323
" 7981",39,1.09846388553661,0.518727496422046,0.000722096546958524,0.0111979338254586
" 7980",42,1.08485767260098,0.519153101074115,0.000379534206829129,0.0110743311510504
" 8901",42,1.08470426207804,0.281939069949732,0.00139871442602976,0.010479882114881
" 7886",39,1.07127328621022,0.413223407562469,4.58058525483432e-06,0.00926991709073091
" 8990",55,1.08747386061618,0.270603110535507,0.000274507930628999,0.0103131703271671
" 9206",44,1.1234507228681,0.571396626486993,0.00121549101583639,0.012105549825999
"12174",64,1.29222511321994,0.531702214229688,0.00386372366245275,0.0123687252725337
"11609",52,1.16225069403101,0.417497323186001,0.00291390659139674,0.0120535764659885
" 7883",42,1.09182534089418,0.426901839905707,3.68082743692043e-05,0.00924008197012054
"12187",66,1.36486966770474,0.498175174935258,0.000892396163040043,0.0119657154840371
" 7023",42,1.01745846646705,0.382170289378728,0.00015279523671483,0.0095035098197653
" 8744",37,1.14513104473842,0.537817933746542,0.00114629146002229,0.0117072306927007
"14846",47,0.940158570675791,0.393212935675089,0.000831049039091369,0.0120155186799022
" 7471",56,1.07208769598157,0.303131512088302,0.00125279006719719,0.0111115146633557
" 8743",41,1.12913032102707,0.526909126082566,0.000641936304998924,0.0116494637680707
" 8182",62,1.17478713051303,0.487535313671822,0.000403745871747539,0.0109931237604666
" 2309",54,1.34288955620948,0.809599655836392,0.000909736950076201,0.0116148593260648
"12693",35,1.03638782232781,0.31493219993049,0.00296053040559774,0.011043631268452
" 8184",54,0.984497727060927,0.436402602141199,0.000375117213904825,0.0112685316989278
" 6836",26,0.914513003697517,0.485589890479983,0.00364042013127957,0.0129304815471193
" 2313",38,1.1706865853815,0.663730167375078,0.0017919903886234,0.0118816191096464
"14251",37,1.05761502955821,0.313195803881351,0.00182634477803465,0.0106590453063978
"13710",56,0.995483100772065,0.338342332772181,0.000562430432361442,0.0110317355115769
"13236",41,1.03765736859722,0.445586105224281,0.0019770133144526,0.0119706655907394
"11925",52,1.10782451821469,0.367628480861089,9.8318990648408e-05,0.0100182678930288
"12696",38,1.04276159504897,0.522420422761083,0.00460267021945584,0.0126427372247992
"10069",55,1.07323344523246,0.405102280240687,0.00285141432113436,0.0114574116178773
"11419",35,1.03094529494912,0.29561664026168,0.000334709908263965,0.0103647069230842
"14070",57,1.04594477150096,0.28156758874358,0.00336852967793905,0.0110060324425748
"14710",85,1.04427743525741,0.24799328690629,9.81553983178782e-07,0.00782984899657266
"14351",22,0.392624144305152,0.149317376644822,0.00172769860272519,0.0117978989260846
"11411",26,1.0324719956509,0.297502355405758,0.00162888883508519,0.010658566523331
"13590",60,0.974150862343323,0.335024041499984,0.00178675543404644,0.0110717761055362
"12799",42,1.25307215350125,0.597172248258085,0.0021389697216771,0.0124282143717034
"11921",54,1.10231886238339,0.371133234407915,0.000205962744137014,0.00994028549627968
"14716",85,1.04226153609723,0.247900637853967,0,0.00781026759385043
"14043",13,0.938547548705823,0.184044356253038,0.00563346549412409,0.0119860157326338
"11651",50,1.25490366832125,0.509386462976705,0.00579264083172958,0.0136106491908181
"11920",48,1.09806469267328,0.356641301265029,0.000277616184909066,0.00997511350013271
"10020",36,1.09634979535744,0.463813792398813,0.00180982195265114,0.0119662396861064
"10135",34,0.781879492460281,0.3231766636765,0.00062083289436058,0.0114162443880925
"11624",52,1.24071103740984,0.607735961790106,0.00178610106472432,0.011842891931112
" 9734",39,1.2524319216409,0.61447754566934,0.00131920855339228,0.0119361834222723
"11329",54,1.24516565899156,0.516235613478465,0.00370078570124507,0.0122965557816568
"14722",82,1.04443665687138,0.247681959538826,8.17961652648985e-07,0.00787273670107754
"10481",73,1.03365137296774,0.272379373536813,0.00148312806858314,0.00927402111397616
" 9898",29,0.870374909906967,0.15943626544546,3.92621593271513e-06,0.0093347079519609
" 7231",22,1.26124534701597,0.337299586076004,0.00944009543322194,0.0123798243440896
" 8931",50,1.15266474953308,0.418296153820726,0.0018490841119783,0.0105660414073349
"11615",39,1.0532062301691,0.520665414001097,0.00109835890717706,0.0115668556414551
"14736",84,1.03510014019999,0.248044108129257,5.2349545769535e-06,0.0076017074805535
"10480",77,1.04076843181437,0.273304201678512,0.0006769450637323,0.00932913586362837
" 7127",48,1.06630779484754,0.288293443876793,0.00194936621059306,0.0113559786758002
" 9984",38,1.23041653887142,0.436516886621603,0.00390952951500109,0.0122632326853992
"10206",47,1.21490967219073,0.380475070824365,0.00250688887303861,0.0118493875130898
" 7683",43,1.17423933368134,0.428218336443931,0.00094327337783481,0.0103350259646336
"10861",53,1.19476163188694,0.607018077647302,0.00126571386130904,0.0121067769467267
" 7693",38,1.07250432692575,0.404129209378082,0.000262892875161384,0.0101522105571351
"11256",35,0.978828117749687,0.198430253971943,0.00116755846299116,0.0101704930706169
"10435",45,1.18913314755274,0.520526724318182,0.0004595308564582,0.0108239706816308
" 7348",61,1.06696110428444,0.316661117244127,6.20014932707931e-05,0.00854859277133131
" 8641",44,0.861035393057393,0.224145731730494,0.00112845989599454,0.0105486853964279
"10204",62,1.08293177161301,0.340052817101253,0.00152108148926605,0.0104259266421664
"10437",45,1.07979235797684,0.481730145949407,0.000238026840920855,0.0110071789462702
" 7320",61,1.04553194029153,0.312277618686219,5.16951764474159e-05,0.00855135021860104
"10958",53,1.12204518404603,0.486963576771548,0.00166013497021638,0.0113546523168455
" 7679",37,1.10229224675511,0.400323500606755,0.000713098968779385,0.0106381419607815
"12395",64,1.24255893398565,0.606611259429979,0.00175812677620373,0.0123999472413785
"10960",38,1.14373055410587,0.498282504789447,0.000518096910787867,0.0110133598691093
" 7706",55,1.08913451775623,0.449397246291666,0.00132706098525771,0.0119809671188759
" 7561",72,1.06258289913889,0.28432941845433,0.00134260225665804,0.00970246280628336
" 7334",69,1.08275071142697,0.339234737605317,0.00033814534720509,0.00908915675958263
" 8331",61,1.23135372577068,0.624075664388106,0.000112224338743441,0.0106093563734378
"10701",52,1.24057042195028,0.660009707120662,0.00520714388076344,0.0130355163878635
"11473",72,1.19391182802456,0.516532475476169,0.00180017000514989,0.0119894336675054
"10691",25,1.0824978396357,0.339816194948311,0.000310498243345555,0.0118483149785361
"13777",47,1.11748110438875,0.371315452230151,0.00219344596774352,0.0116123374728091
"12388",43,1.07225473837272,0.279288086889637,0.000977300582585008,0.0106303710600547
"13189",68,1.04541715720564,0.228721724279128,0.000173407870361585,0.00856775505955964
"11502",42,0.91887747511247,0.225455158856266,0.00159682473830135,0.00995334638042349
"13778",49,1.07054708703436,0.368415062115839,0.00188720112499174,0.0116804385324222
"13199",67,1.04239623966667,0.228227901291154,6.49461552203294e-05,0.00848735848263282
"12407",26,1.03845378201087,0.218521832887063,0.00752230254242113,0.0119598257534933
" 7446",49,1.01064311037465,0.41144669507312,0.00046771047298469,0.0109943857236773
"13208",65,1.03366467551623,0.226023876357042,0.000495030392183166,0.00887387537525457
"14742",68,1.03023509460116,0.251938913505507,0.000316223974914098,0.00829027060215887
"10221",28,1.0559092914478,0.652465390190568,0.00113254970425778,0.0125256770345044
"10043",57,1.26531751669939,0.551126116553257,0.00161203882504062,0.01122904149985
"10631",70,1.04234474040652,0.328398603100779,0.00296429302919992,0.0102900265342877
" 9765",21,1.18803709592865,0.674450982832631,0.00108216326645461,0.0127785146222415
"10045",56,1.18063380611528,0.509953129690473,0.00128419979465891,0.0112065032940586
" 9764",30,1.17865433723656,0.684258918490197,5.2349545769535e-05,0.0126469646574901
"14020",74,0.965864949683367,0.296269638216893,0.00224612269817411,0.0106881682667095
"11332",57,1.00815937809243,0.308048533819806,0.000818616021971104,0.0107838023918884
"10987",41,1.1251999907042,0.492980374028396,0.00710792316918915,0.0124530141267924
" 7479",72,1.10941977981623,0.310687793393065,0.000529221189263893,0.0108347036657537
" 7477",50,1.08056764367393,0.308436707747466,0.000577808111431243,0.0110248931578798
" 9635",42,1.10972411063941,0.350397384651308,0.0015899538604191,0.0104069499800597
"10287",34,1.17541326789787,0.423560598616339,0.00187395014621883,0.0113420510068936
" 9637",33,1.07542871868802,0.359536394782787,0.00196065408139962,0.0108651742414384
"10289",25,1.09037075967244,0.416685893684827,0.00314473536977429,0.0116348974913503
"10144",73,0.972712855908387,0.238958894339867,0.000466401734340451,0.00881991125112979
"14573",72,1.09288326636313,0.447360726262102,0.00109279676793904,0.0120965971994884
"15641",45,1.14569317101745,0.450049177514288,0.002100034747011,0.0121141330746536
" 9647",35,1.01286271359658,0.18142067762935,7.03447021278127e-06,0.00920266070596271
"15643",42,0.993508412019658,0.391939060309421,0.000934112207325141,0.0117862771872761
" 9655",38,0.943196368415821,0.172427399817615,4.38427445819856e-05,0.00927556918187859
"11182",57,1.23120670766032,0.48291349231998,0.00587705447428296,0.0134313788025648
" 9059",17,0.229879262240795,0.0979705111975081,2.94466194953635e-06,0.0091807973094291
"13860",51,1.05613562444765,0.28424726450541,0.00134472895695493,0.0104418068909562
" 8293",63,1.34179669626807,0.649767125837908,0.000744835880902166,0.0108734624517559
" 7512",40,0.990101218185253,0.282634261656565,0.00102981372068507,0.0111449519464474
"11743",42,1.13770497321756,0.393298207353613,0.00277436233345483,0.012101412420933
" 8285",60,1.31883129813321,0.650100010100739,7.44345103910577e-05,0.0107563498788627
" 8943",40,1.06829720039439,0.401390007645181,0.000253404519990656,0.0098328370626927
" 7243",60,1.16030856139542,0.509057252296653,0.000258966659228669,0.0110990817910013
"10412",46,0.99764202981706,0.404615362510151,0.00413839518541228,0.0126089355418323
"10242",38,1.13168764621521,0.315659271024496,0.0010777462735303,0.0112865878520601
" 7594",49,1.23008706979065,0.35756120801753,0.00932967061011433,0.0122425870573031
"10244",38,1.05131219763346,0.292300223284027,0.000698375659031704,0.0112262322509383
" 2810",41,1.08225553939954,0.630944778224789,0.00122301626304076,0.0106504474266634
" 9609",51,1.06103881426271,0.39623534496305,0.00238533977145497,0.0117763390824581
" 9696",57,1.07764365788573,0.262324223603221,0.000941473862198982,0.010266737491115
"14733",78,1.02350838075636,0.24442536272811,3.0591765809072e-05,0.00800628001207794
" 9639",52,1.14928316313138,0.42954394409154,0.00318203442113508,0.0117197722767314
" 9855",62,1.25145896984464,0.575023517114017,0.00434583026052406,0.0124840918388694
"10387",39,1.03620940788347,0.283540839826759,0.000257003551262311,0.0103538074973894
" 9591",59,1.32657078871962,0.426760657908032,0.000995132146612755,0.012513695520885
"14862",36,1.15064112355849,0.471940698178509,0.00161629222563439,0.0120787416263494
"10542",34,0.989506413081163,0.275367029321576,0.000838737878626269,0.0105063194389674
" 9590",52,1.23237533710923,0.437668908598064,0.0140260792349637,0.0126837706412366
"14876",35,1.10193037851937,0.427020818876698,0.00658017431090003,0.0124334547019848
" 9868",37,0.870361583209603,0.249761685058953,0.00119765945180864,0.0103473320381311
"10003",68,1.04161111180957,0.296585982034997,0.000737474226028325,0.00974636564236623
" 9774",67,1.29654670553425,0.607395292120919,0.00185251955091942,0.0118139445158134
"10232",41,1.06577058534868,0.396326265836323,0.000838737878626269,0.0104926616722062
"10324",37,1.23288814545872,0.390186555255651,0.00351936180668752,0.0123818404095761
"10552",35,1.19122410447881,0.368750767693345,0.00317843538986343,0.0121105707582416
" 7740",35,1.06686595674222,0.376550663737785,0.00147707515235354,0.0116107913425794
"10230",47,0.959067079527279,0.352814496780925,0.000408653641663433,0.0101876973621923
"10549",37,0.947662256821442,0.242449404080669,0.00326072233211991,0.0115750784896299
"10323",44,1.04727919969167,0.352419333988508,0.00130955660589103,0.0120516292008505
" 7737",39,1.07410807848232,0.358809862679969,0.00189865258812882,0.0118676814376364
" 8173",37,0.97101496064738,0.465919808793102,0.000151159313409532,0.0114765895702235
" 8168",38,1.12664617291644,0.527263531381454,0.0024535577732859,0.0117250674807733
"10048",63,1.01566350836732,0.167741847420354,0.00140182268030983,0.0109259237455117
"12862",46,1.09276772699353,0.270879427181574,0.000262729282830854,0.0093333195956231
"11040",40,0.958737578030873,0.216508875077451,0.00214584059955935,0.0108937737848811
"12855",45,1.04710741113827,0.258216691482332,0.000210052552400259,0.00925479197634835
" 8832",73,1.07336319121301,0.284036038934995,4.53150755567538e-05,0.00886144321465172
" 8944",35,1.01769798783451,0.401157312981228,6.05291622960249e-06,0.00963243245425331
" 9511",46,1.0073101232655,0.245754310012863,0.00959714407053054,0.0119853479079942
" 7214",44,1.12645605714594,0.668379764173537,0.00269125742954569,0.0128182335584728
"11210",30,1.20967577237831,0.355210275116236,0.00404612911099347,0.0122769488742069
"11215",15,0.749147377276596,0.226921184108443,0.000391149262296745,0.0117302487541817
" 9284",55,1.25258373969041,0.654935832365287,0.000789169402475741,0.0116281214789095
" 7831",63,1.08186554850653,0.455334494789422,0.00113516718154626,0.0118341390141064
" 9636",56,1.09905455452683,0.330611023803652,0.00239253783399828,0.010487237503366
"10844",67,0.920380442347543,0.268232923708634,0.00174471220510029,0.0103458494866433
"10334",46,1.061101939745,0.479416462727132,0.00135912508204155,0.0116951911167626
"10555",35,0.945711821169848,0.47345470796755,0.000943764154826399,0.011678284856166
"11468",33,0.949725670171918,0.286142936145542,0.00105598849356984,0.0105884383747289
" 9978",51,1.29149644469937,0.550897670198642,0.000452005609253829,0.0115068544480588
"10155",39,1.06860559627811,0.459241894974888,0.00110375745408454,0.0115501728286981
" 9889",22,0.411617490405572,0.190862711661131,0.000101263652597944,0.011697539348268
" 9998",56,1.00974833770049,0.44435020842712,0.00066892903953634,0.0117498579233778
" 9895",39,1.1225552039601,0.207946951022248,0.00045151483226224,0.00992832531017562
" 8500",17,0.576438410997596,0.293062594393861,0.00045920367179714,0.0110026041566658
" 9979",49,1.22649066757691,0.539148804093844,0.000778045123999715,0.011623279446937
"10161",47,1.11669633677019,0.516711930760168,0.000679562541020777,0.0115463208359298
" 9997",39,1.08889180111118,0.203630484803933,2.11034106383438e-05,0.00979488840035967
" 9913",47,1.09836508455215,0.320784221745937,0.000431392975607075,0.0102565424255064
"10140",60,1.03154199002026,0.346404646945122,0.00201496673513551,0.0111470070630178
" 9983",32,0.987755488871051,0.418833412173285,0.0027401715363741,0.0119795800301027
" 9897",42,1.06803555036315,0.210522339387616,0.000263056467491914,0.00969775985891997
" 9908",49,1.0189257493197,0.303485591868331,0.000315406013261449,0.0102954188586196
" 9271",32,1.01585319831246,0.335445745625108,0.000623941148640646,0.010342661599672
"11376",45,1.00993605176501,0.213989038382294,0.00037037303631946,0.00938990629238253
" 9367",37,1.2354358478342,0.400999571897187,0.003722379888875,0.0116892768822699
" 9941",39,1.05495699013962,0.202086970023989,0.0105320742395083,0.011640327660157
"18388",17,0.755418144925823,0.478722027127145,0.0005396910984178,0.0120011419812428
" 9368",35,1.03769526166935,0.323486728179474,0.00234558683513623,0.0114635732386253
" 9888",37,0.999418126430515,0.154245154846901,0.00136534159060169,0.0107877773210874
"18515",48,1.64686740833116,0.737135709447328,0.0074617733801251,0.0130264515350146
" 7341",62,1.10453231542637,0.364390496636936,0.000265019575458271,0.00893119356297322
" 8945",36,1.06734310885207,0.403941454596822,6.16743086097335e-05,0.00978436848734964
"11657",56,1.05491293852497,0.273223961530712,0.00146382417358062,0.00945650530048885
"10912",47,1.01068376164677,0.239027620626834,0.000634247465464023,0.0107272756617651
"14804",35,0.779042461940695,0.291107363404458,0.000454623086542306,0.0115826940384142
" 9656",35,1.01158852367842,0.208669853458883,0.00109377832192222,0.00978955509905287
" 9725",38,1.1280198736063,0.355229798915227,0.00671530157591764,0.0122649835343372
"10582",55,1.27516440233687,0.389327294698416,0.00311152612667674,0.0121660147947597
"10858",48,1.11862074224387,0.339672479061911,0.0050163952233657,0.0120853310864672
" 8852",53,1.0901886335661,0.332466767606869,0.00236014655255338,0.0110214995653352
" 7686",47,1.11531514319369,0.421811151095045,0.00220260713825319,0.0108191404126982
"10577",52,1.10021491597745,0.360276014051739,0.0037426653378607,0.0122782159918263
" 7888",36,1.0235626927504,0.389059845074889,0.000285959393766085,0.0095291670078767
" 9638",50,1.12968931842984,0.475957392133892,0.000738292187680974,0.0113748190349462
"11060",48,1.13710066960079,0.369449488297873,0.0039600795451348,0.012105948409321
"13758",19,0.462393504895026,0.233339629174009,0.00262991030559702,0.0121317831839541
" 9876",32,0.894075921407273,0.307640423547454,0.00482744608160378,0.0116389807360304
"10286",26,0.955533393826876,0.404403424361824,0.001973741467842,0.0119125047230632
" 7853",47,1.23015769476627,0.668532545653623,0.000573391118506939,0.0116178266359999
" 8993",38,1.16151876339176,0.362028863955957,0.00155870772528791,0.0114903229783813
" 7724",52,1.16555291185253,0.626321739320072,0.000675309140427002,0.0115068784682976
" 7855",46,1.19845519826187,0.627105592699407,0.000883071400199844,0.0115751036885393
" 8991",30,1.04098361630784,0.291997015809059,0.000356304095893898,0.0113013168873764
"10032",40,1.18669036999939,0.537334896109012,0.00159911503092877,0.0118074383460585
"10646",26,0.596067019109073,0.29339285680265,9.29204437409247e-05,0.0110386273155043
"10194",47,1.08387436699193,0.362770972201,0.000146905912815758,0.00967761142885382
"11644",91,1.06253203994526,0.260891006601576,2.78106961900655e-06,0.00793552491200054
"17788",11,0.752459785692138,0.151349365095382,0.000181751079218605,0.0100019113397201
"10190",49,1.09424644520154,0.369199647053072,1.42325327560923e-05,0.00950666317010139
"11648",91,1.0635343945965,0.261792130423567,3.27184661059594e-07,0.00798888196127029
"10339",32,1.25460187114792,0.593579368990071,0.000651097475508592,0.0118960966143761
"17753",12,0.765826129370415,0.151049680027608,0.00011304230039609,0.00999514322282286
" 9123",50,1.12426411176851,0.416501932480952,0.000973374366652292,0.0107750132292422
"10191",48,1.10295255233808,0.367763799690042,4.5969444878873e-05,0.00950332811685214
"11646",85,1.05157216480715,0.256768026902986,0,0.00802834916613475
" 9705",63,1.46184414488177,0.669344867720671,0.00121385509253109,0.0119934570095461
" 9645",36,1.07849894613566,0.191214819706811,7.19806254331107e-06,0.00941085402750221
"10345",20,0.852998549971745,0.425951666556661,5.74209080159588e-05,0.0115252903377615
"13520",11,0.84354252412338,0.140550068004407,0.000940655900546333,0.010789514997538
"13772",27,1.10081104218348,0.18260978959123,0.00144402950158652,0.0107710890951825
" 9126",37,1.07385165852258,0.39750212696316,0.00107071180331752,0.0109822245059918
"10205",47,1.00633396815323,0.334125122442954,0.000333237577289197,0.00979858538504727
"11656",60,1.04362283280986,0.258157353708859,3.74626436913235e-05,0.0080901455434401
" 9646",36,1.08176777811858,0.191813778493173,0,0.00941124708183075
"17866",12,0.721153658751006,0.13856337392881,0.000627376587581772,0.0107223473115037
"10704",69,1.02728928169927,0.222390082912927,0,0.00639544101607457
" 9644",35,1.06401955741757,0.189817939267486,7.19806254331107e-06,0.00945720014415601
" 9772",40,1.03420589818767,0.193020517871519,0.000350741956655885,0.0102567142300255
" 9732",63,1.03126014111635,0.121420651414551,0.000889287908759977,0.00993231247095377
" 9930",66,0.990311930077098,0.108277460517104,0.000412252672935089,0.0092840016189341
"10753",71,1.01853584068679,0.227023006044937,0.00120354877570772,0.00748994082045417
" 9651",37,1.01202525690297,0.189982435250969,0.000173407870361585,0.00963395809315219
" 9932",74,0.968383975202576,0.085602230435448,0.000269272976052046,0.00838700132964321
"10738",67,1.02668002748118,0.222049924478186,8.99757817913884e-05,0.00696621346464965
" 9080",31,1.08455031987496,0.37041231330196,0.000216269060960392,0.00998648777302557
" 8946",45,1.03828964120875,0.427824629262873,5.28403227611244e-05,0.00998922772277611
" 9081",29,1.06518542564262,0.368752190536961,0.000211852068036087,0.00986858758227641
" 7315",55,0.958870604099106,0.285911516068415,0.000116641331667745,0.00921525845381865
" 7271",13,0.271115734136651,0.114031608210972,0.000150504944087413,0.0109756971984438
" 7242",57,1.20278641064313,0.539130378548051,0.000778372308660774,0.0115128378632378
"11044",49,1.09982335314026,0.240738274272846,0.000248823934735821,0.00952283258361015
" 7270",53,1.18607029136246,0.513653091506263,0.000465583772687802,0.0111956764157932
"11045",54,1.10655345808173,0.237194994621315,0.000123348617219467,0.0098546015024968
" 7692",41,0.977994551564616,0.358639262266894,0.00116199632375315,0.01062798179978
"11046",48,1.05257583363017,0.233836758001577,0.00066909263186687,0.0100271225703149
" 8513",49,1.06914092307202,0.414161427744598,0.00209414542311193,0.0114375779415607
" 9662",32,1.01044007419575,0.41833372178536,0.00132346195398606,0.0109774981613158
" 9809",31,0.948054443369641,0.380973184604427,0.000766430068532099,0.0108168276896324
"15305",15,0.211196538461342,0.0797890652815357,2.45388495794696e-06,0.00943585759573409
"10728",86,1.04326835516151,0.232215176165427,1.75043793666883e-05,0.00681418819268617
"10679",80,1.03543887520721,0.220258622130311,0,0.00660577442834603
"10411",86,1.03191167665017,0.229903868524083,2.94466194953635e-06,0.00835611322923333
"10682",79,1.03563410377831,0.220403990586393,0,0.00665905151075052
"10410",70,1.03485368916752,0.229329282837594,0.00190650501999425,0.00952345049998583
" 7216",45,0.840404881617924,0.393872882708302,0.000530693520238662,0.0116542764428845
"10681",77,1.03513278697168,0.220785897418159,0,0.00668954654604001
" 9349",24,0.940330732253284,0.145534887383645,0.00181636564587234,0.0102562142779544
" 9091",60,1.16278415089203,0.511150413128455,0.000203672451509597,0.0107196258024915
" 8918",37,1.13942632102647,0.463515153213066,0.000229520039733305,0.0101225420126007
" 8666",41,1.26259163628491,0.531323708909927,0.000850680118754945,0.0114446286578801
" 2797",45,1.15520498800688,0.652618224641437,0.000525458565661708,0.0105041129230329
" 7246",23,0.93433429590062,0.52241416766133,0.00344999865854289,0.0129810939072925
"10696",80,1.03577598947441,0.219883550156232,0,0.00657430459565415
"11662",60,1.04515511030899,0.263751718493669,0.000236881694607146,0.00881673831249786
"11377",37,1.0294688062697,0.444854906942209,0.000175370978327942,0.0107299035912358
"10556",41,1.08176315182152,0.453283560511074,0.0066014413138689,0.0133932321153373
" 8936",45,1.13758145728428,0.470600653178004,0.000255204035626483,0.00994618635473063
" 8714",46,1.24642989283899,0.525884965945953,0.00232726449411689,0.0112884978070935
"13636",71,1.05417971934032,0.293569794492482,1.58684560613903e-05,0.00916964421741553
"10707",80,1.03071642289944,0.219607968181654,8.17961652648985e-07,0.00637027032728252
"11672",52,1.03007057473107,0.262313815921554,0.000133654934042844,0.00907415455242715
" 9991",64,1.03469772058344,0.109784020865823,0.00149981448629718,0.00918619908408949
"11180",47,1.06429166521261,0.249053223157787,0.000791296102772628,0.00980118714161911
"13647",46,1.01258012302282,0.281330832198553,0.000642917858982102,0.0095462354209635
"10004",88,1.00822492806747,0.094982030855589,2.40480725878802e-05,0.00794876101147188
"11051",45,1.00148986044417,0.209464097792813,0.000465256588026743,0.00938347443143587
"11163",43,0.956307269491895,0.204921476319393,9.40655900546333e-05,0.00939691579654667
"12824",66,1.07496259028045,0.311067085961588,0.00143944891633168,0.00999927149572261
" 7201",48,1.10059269867044,0.414323640053146,3.1409727461721e-05,0.00950757416266044
" 7744",54,1.03337527928709,0.392766823676566,0.000523331865364821,0.0107203365611059
" 7783",61,1.08786049238511,0.407801176028134,0.000837101955320971,0.0106737622057156
"11157",26,0.664837137528989,0.143481035652095,0.00321262618694415,0.0115599592920767
"11108",49,1.0945097856677,0.235089878241504,0.00033847253186615,0.00966422915941183
"11721",46,1.01346091084711,0.213467477138809,0.00153416887570844,0.01081466313969
" 7199",42,1.10320321086919,0.415423740224674,7.03447021278127e-06,0.00938597529789914
" 7753",54,1.09142886174119,0.428507407889595,0.000345016225087342,0.010358679693106
"11179",49,1.11327314391924,0.258902388584136,0.00014510639717993,0.00938082470443451
"11484",55,1.12194027682035,0.24673714799793,0.000814689806038389,0.0105258698485914
" 7200",50,1.09719197886603,0.416053575569364,9.81553983178782e-07,0.00931577250579494
" 7280",64,1.12348640408537,0.546877180405088,0.000108788899802315,0.0108804832386891
" 7197",47,1.08974839387963,0.411636218613246,0.00041895995848681,0.00985909652986952
" 7286",52,1.06954596937618,0.498710186407405,0.000592695013509455,0.0111268257027375
"10635",46,1.12114198525255,0.582926351134284,0.00125949735274891,0.0120902058436886
"12262",43,0.993921690058355,0.23072701412984,0.00199991624072677,0.0113275813910139
"10508",58,1.0985719871361,0.234171161906776,0.00454557649610094,0.0109030887708584
"11922",61,1.28576470800175,0.638424286477613,0.00270140015403854,0.0119319690045993
"10434",45,1.11871394634197,0.463632944676695,0.00143977610099274,0.0111316623834452
"11930",58,1.14829798986476,0.552701223957719,0.00186822441465028,0.0117105529974183
"11847",36,1.21517308193945,0.550919463184346,0.000264528798466682,0.0115411116823587
"10953",40,1.0505831295182,0.415427930034902,0.00122972354859248,0.0112937969623628
"11417",31,1.02102918997954,0.292576766968362,0,0.0103039121505956
"10694",95,1.06650941032957,0.263078478663701,2.43752572489398e-05,0.00739039017822833
"11424",19,1.02039821980951,0.293227003980108,5.84024619991375e-05,0.0103570188155849
"16097",29,1.2107728448261,0.345955584617139,0.00122121674740493,0.0117544043372037
"11913",46,1.03706347050688,0.338657536777192,0.000438591038150386,0.0101839182779767
"10702",100,1.06660434384294,0.26467382260807,6.28194549234421e-05,0.00727541349950895
"10275",31,1.12333506007383,0.670880182144518,0.0013555260507699,0.0126121022642186
" 9989",38,1.07505780808053,0.473209829397976,0.0082605947301021,0.0128215631697224
" 9786",39,1.07387498454529,0.11873731092947,0.00118228177273884,0.00995317359059639
"10284",47,0.996741459960788,0.109723401972938,0.00212408281959888,0.00976253330371301
"16092",38,1.10630672031024,0.351854335161353,0.000928059291095539,0.0116428581929705
"10718",97,1.06400253685373,0.260000761120674,0.000448406577982174,0.00762727582427236
"10168",35,1.16351233887829,0.698919647352858,0.00255891123414709,0.012712429051491
" 9789",39,1.05489602187797,0.111098209030445,0.000416015296537274,0.00988812881216562
"16087",31,1.12744673934769,0.354857469771756,0.0012056754760046,0.011822443085087
"10610",40,1.15200728457687,0.511124275255791,0.000732566456112431,0.0113075836273921
"10746",89,1.04927096106323,0.24855121420376,9.21024820882757e-05,0.00726489331693457
"10776",46,1.16119888155648,0.260047154745002,0.00309860233256489,0.0116858924787141
"10491",44,1.19599508972389,0.331739564182568,0.00176581561573863,0.0114968300954814
" 9887",38,1.08716153349416,0.170126807379131,0.00176270736145856,0.0107276682273387
"10611",44,1.1353023219304,0.51766612866733,0.000303954550124363,0.0111687780599027
"11033",61,1.07720704928072,0.239100021738016,0.000924623852154413,0.0104164799555754
" 9883",34,1.04738558386446,0.176433300094516,0.00191517541351233,0.0110098111621581
"10488",47,0.983095679022619,0.240830609406099,0.000827450007819713,0.0109211176524768
"10678",49,1.02730589675315,0.225375729590706,0.000643572228304222,0.0113045914612739
"11005",48,1.17036406378369,0.518088048172178,0.00128223668669255,0.0119669451456059
"10609",36,1.12119009187998,0.518224129532915,0.00108036375081878,0.0113299114216018
" 7464",56,1.09398842549079,0.421600381317346,0.000723896062594352,0.0106742806727401
" 7101",43,0.899695606933508,0.307622297836885,0.00379403332964705,0.0113662694316858
" 9890",35,0.991313336490829,0.158227109085582,0.0009190617129164,0.0107656562924656
"10470",47,1.12027068681069,0.294792259166347,0.000360230311826613,0.0111677051486224
" 7466",48,1.05464460029484,0.357983449272532,0.00125949735274891,0.0105234072475223
" 8716",40,0.927669807187014,0.35113724455853,0.000569628494904753,0.0114058997333385
"15439",33,0.80045808363451,0.26293463263149,0.00163019757372943,0.0117353880049813
" 8660",31,0.590163085747481,0.186251463042922,0.000804219896884482,0.01125515111723
"12449",53,1.05475155632047,0.19074820006797,0.00010469909153907,0.00953764633731799
"12724",28,1.00430077534309,0.185897117360539,0.00372319785052765,0.0116361528191538
"15911",39,1.21123413671127,0.328111725621125,0.00324190921410899,0.0122973879237717
"10891",43,1.03088026524724,0.520431870284965,0.00284683373587953,0.0119087812004751
"12675",38,0.750069919428212,0.108150606270512,0.000470327950273166,0.0101459912475561
"13399",32,0.761587232289492,0.320923209316127,0.000646516890253758,0.0109364877739347
"12421",54,1.02119104825559,0.201601216815065,0.000131201049084897,0.00964812889665567
"13386",33,1.14573764242275,0.470281956942538,0.000623450371649056,0.0113558550642206
"12476",59,1.05995090527662,0.161432692307285,0.000151977275062181,0.00978069885357826
"13395",28,0.688297335714098,0.248154237708618,0.00213471632108332,0.0116846425612577
"11487",56,1.10439258263568,0.329401562158719,0.00248938449367192,0.0117944295726599
"10363",77,1.02096187530465,0.0958657970174242,0.000113860262048739,0.00847715837970705
"11750",65,1.09958740097281,0.213333813249305,2.94466194953635e-06,0.00839954231487153
"11748",66,1.09359780070857,0.211990919340416,6.21650856013229e-06,0.00841592253254511
" 9810",28,1.1807231800957,0.371848372252186,0.0160140532355618,0.0130613509963719
"11742",45,1.00721983235076,0.219105146689771,0.00194314970203293,0.0107680085837143
"12608",44,1.0618684645661,0.19589438196501,0.000923151521179645,0.0104299814133629
"10836",28,0.91670119227001,0.315280505501707,0.00775444005944291,0.0121618691580001
"15468",46,0.696929114374572,0.25964385158808,0.00190634142766372,0.0114376759264557
" 6996",57,1.11537913767526,0.411341246625007,1.22694247897348e-05,0.00929882172040504
" 9574",53,1.36319344392147,0.773092843857012,0.00303496491598879,0.0125017136839844
" 9674",60,1.09271955112723,0.143981942419154,0.00581996075092806,0.01109572606248
" 9935",54,1.04439782855403,0.127694196417987,0.000556868293123429,0.00980940785582234
"14487",56,1.0827418550699,0.397648928316912,0.00389546057457553,0.012260147908328
"10867",38,1.19455272625202,0.524118538401685,0.000872601491045937,0.011753412982729
"15166",37,0.762182668606588,0.268886028109781,0.000755469382386603,0.0113611033386716
" 6997",39,1.01596033869362,0.357904951422222,0.000584024619991375,0.00998189787582026
" 9733",56,1.01293478297776,0.107920337923235,0.004672196959931,0.0101247062097028
"11281",36,1.20528387570244,0.516876888458366,0.00188507442469485,0.0119335065317846
" 9896",37,1.03771685571098,0.203132895942118,0.00247220729896629,0.0107097365608798
"11267",28,1.11459794682003,0.482012658545014,0.000582552289016607,0.0116311862156844
" 9899",32,0.95897509416334,0.18547582622789,0.00155658102499102,0.010336899235756
"10477",46,1.02647728868022,0.113660840029959,0.000824505345870177,0.00998310340553762
"11531",38,1.02290521805195,0.147829031058861,0.00132100806902811,0.00996694101892166
"11195",37,1.00024335426696,0.131915063074947,0.000605128030629719,0.0103344881359298
" 9649",46,1.09402823692998,0.208144875985705,0.00147674796769248,0.0101316679276152
"10465",39,1.00644359316061,0.113440196455595,0.00178511951074115,0.00997792278704946
"11202",41,1.09636935793225,0.146489770960332,0.00147887466798937,0.0105440456325649
" 7208",53,1.03319733659012,0.406024089840945,0.00110653852370355,0.0102217067847185
"15649",30,1.18517856045851,0.434646068988539,0.000718333923356339,0.0116387390686874
"12803",38,1.0818024487361,0.173835798218888,0.00042746675967436,0.0104174731963041
"12472",48,1.11293079391251,0.167168363339635,0.000339454085849329,0.0100207312654002
"10127",38,0.856003790460482,0.168843966857233,0.000582715881347137,0.0102195371791162
"15650",30,1.14658426857136,0.420309554751846,0.00124215656571275,0.0117535512364191
"12830",47,1.14998589322052,0.174389776059827,0.000255694812618073,0.0101020000120964
"15671",31,0.981962838625131,0.38097585524909,0.000425012874716413,0.0114709321502497
"10573",44,1.12522660386553,0.200633206090086,0.000792114064425277,0.0109398127028107
"11831",66,1.02681116063587,0.113302438464107,3.94257516576811e-05,0.00750754100225023
"11555",67,1.04720720590733,0.108858752193254,4.6787406531522e-05,0.00815095915711688
"12401",41,0.81380971895106,0.0976619896546039,0.00178348358743585,0.0101184207147763
"12217",68,1.117441294222,0.174326742570002,3.76262360218533e-05,0.00973485994121993
"14469",55,1.23053117405759,0.413163600206887,0.00372434299684136,0.0120376189413888
"16229",46,1.26633668419579,0.615881137219865,0.00361489972771692,0.0127726008332812
"15464",26,0.548799901052489,0.189623893019247,0.000828267969472362,0.0114499967396153
"11792",57,1.05330284712152,0.124508209850836,0.000294302602623105,0.00874352059750993
"11551",74,1.04517768065886,0.105651840426611,1.81587486888075e-05,0.00795733932781171
"12214",63,1.06416040394602,0.15514044825064,0.000526767304305946,0.0097399606848391
"10572",55,1.10755425314059,0.196376949770993,0.000235082178971318,0.0104332849494375
"12475",70,1.02475552847775,0.160740237258073,0.000400637617467473,0.0101204618442357
"10064",27,1.03829010096362,0.122179528532541,0.000369227890005752,0.0100795672469111
"11554",70,1.04871011919897,0.109713107653497,0.000205308374814895,0.00816996840239701
"11806",65,1.03426363038859,0.12039309176056,0.00135143624250665,0.00950228757804629
"12245",58,1.07598438497412,0.140975435255662,0.000218232168926749,0.00940056984670936
"13154",66,1.0487695303942,0.130275995902867,0.000361048273479262,0.00947429890459001
"16111",16,0.232058828341668,0.0703139873840776,7.19806254331107e-06,0.00932865724490821
"10062",29,1.04662164969583,0.130550516080603,0.000920370451560638,0.0103418242597421
" 7946",79,1.25189267676105,0.544879878936231,0.00659735150560565,0.0125181160616668
" 8656",42,1.34060698038169,0.603689256385188,0.00803516449863204,0.0127109260787012
"10975",42,1.10288304991317,0.361608369632557,0.00428137488229532,0.0119490836245936
"11145",55,1.10519083106416,0.234075467289152,0.00120829295329308,0.0108206813678219
"10207",42,1.08247771785036,0.170128375215067,0.00179608019688664,0.0107054483335028
"13360",56,1.00853521399059,0.109455382650809,0.000558013439437138,0.00818568191171371
"11153",39,1.09218846440899,0.263716057138397,0.000876527706978652,0.0110253248154769
"10213",36,1.00192101044493,0.167685395750429,0.000927404921773419,0.0105447977075557
"11611",47,1.16023918116417,0.481652217848869,9.07937434440374e-05,0.0104886820316247
"10316",49,1.44355201729305,0.760991555901314,0.00341777096942852,0.0123908427806885
" 9148",58,1.11456426724489,0.509405292532839,0.000873092268037527,0.0110858669081937
" 7267",50,1.25668442510214,0.730148779706955,0.00146791398184387,0.0120217057752128
"15884",25,0.759688988828135,0.287162870457649,0.00402617084666883,0.0124417343996664
" 9768",55,1.14250137013919,0.620190972393984,0.00229814505928259,0.0121882671123471
" 9992",73,1.04585643433447,0.111306786055149,0.00200711430327008,0.00988040163736498
"11613",35,1.08261995097682,0.464350922967918,5.41490614053628e-05,0.0106078271021842
"10313",39,1.26951999968294,0.664350632786095,0.000384114792083963,0.0119440923163442
" 9999",85,1.02558467046395,0.0978428679050624,0.00120027692909712,0.00931258068822186
"15038",38,0.62089826583915,0.255794526003163,0.000181096709896485,0.0104436742190071
"12354",46,1.17119138780382,0.475494071969909,0.00132395273097765,0.0108609025232232
" 7305",55,0.957155357144797,0.381204530810899,0.000344525448095753,0.0106363753152816
" 7207",41,1.05824143333419,0.407257192188885,0.00094327337783481,0.0102034110735172
" 8700",31,1.11577097529363,0.343796130489674,0.00028203317783337,0.0111911571252232
"10416",53,1.32899496076223,0.381890732966052,0.00390429456042414,0.0120311085393337
"10639",43,1.15420110986732,0.297408738384121,0.0192167002903437,0.0131313356645083
"12350",40,1.18507611274298,0.501686995396225,1.79951563582777e-05,0.0104589962550405
" 8701",28,1.0542983523403,0.332825869071452,6.05291622960249e-05,0.0109112124167296
"10409",34,0.962363423446059,0.30976843939843,0.00418763647690174,0.0121850232629794
"12362",40,1.06044619843782,0.447799888643197,1.55412714003307e-05,0.0102686278699806
"13652",75,1.10137091924144,0.186927962284169,5.88932389907269e-06,0.00856306049197806
"16298",30,1.59874161793505,0.433538095072587,0.00278450505794768,0.0118055752991642
"13640",74,1.08124838777851,0.18319187591828,7.03447021278127e-06,0.00843889141183284
"16296",29,1.14375870382088,0.346945751296203,0.0017519102676436,0.0113766969410072
" 9056",13,1.03901205799653,0.252050672187808,0.00231515866165769,0.0114158319917982
" 9650",34,1.02220063766229,0.181128627783289,9.17752974272161e-05,0.00945825349297173
"14399",20,1.01576923700649,0.378111203871455,0.000269109383721516,0.0120725838226615
"15936",22,0.689214082955128,0.224839622846643,0,0.0107900595023059
"13631",64,0.975106106550525,0.171859079257438,0.000112224338743441,0.00955679667695231
"13474",57,1.02745051018866,0.148221738666524,1.2923794111854e-05,0.00874281581012855
" 9055",20,1.00698766698276,0.236480227499457,4.41699292430452e-06,0.0112615533997406
"11084",43,1.14659149238285,0.532155191824345,0.00417814812173102,0.0126619649248881
"14642",20,1.12844669506204,0.445309560502004,0.00318923248367839,0.0127626597688743
"16306",25,1.05423646895535,0.311328959423458,0.000947036001436995,0.0114625320993041
"10198",57,1.1004988203157,0.372292571630057,0.000100609283275825,0.00974472882232921
"11653",83,1.04825337044005,0.253385782031073,8.01602419596005e-06,0.00811400551865223
" 8576",49,1.05469447548339,0.371161399390576,0.000732566456112431,0.0105104485271508
"10058",58,1.00900583183668,0.111646510625489,0.000229029262741716,0.00840001924096779
"10813",53,1.05504259331997,0.126331229897592,0.00253797141583927,0.0101666058033419
"10436",44,0.974887484137206,0.101575426223013,0.000381660907126016,0.00902100050022734
"12861",76,1.00213643941726,0.0899474274143873,1.2923794111854e-05,0.00820594109456291
"12644",83,1.02314003119249,0.0898938263124037,1.79951563582777e-06,0.00777492031165
"15687",44,0.642275214413252,0.23474244372736,0.000718333923356339,0.0110545000775671
"17036",39,1.20663742312244,0.387049633987869,6.18379009402633e-05,0.010317767372441
"10203",46,1.03486498269191,0.346991503222401,0.000899921410244413,0.0100740284640988
"11655",71,1.0442889449968,0.252021454878569,2.78106961900655e-06,0.0082063805263904
" 8577",53,1.00077888806618,0.373017311336768,0.00082221505324276,0.0106588200721142
"10047",65,1.03109004034048,0.119216932433224,5.38218767443032e-05,0.00823323748171153
"10438",56,1.01899046897796,0.103531565401472,0.000673182440130115,0.00915689485040323
"10881",43,1.03590806939762,0.140749160015995,0.00201742062009346,0.00996897669326581
"12859",86,1.01087390219552,0.0925978785388344,0.000154594752350658,0.00772893472926772
"12638",89,1.0292411334118,0.0896212117493995,3.59903127165553e-06,0.00744709291617236
"17030",32,1.16180582368304,0.379147334219176,0.000250459858041119,0.0103903888231875
"11650",58,1.05342736148466,0.259373213518774,2.0121856655165e-05,0.00843848939498379
" 9648",39,1.08085438210136,0.19860434482182,0.000106007830183308,0.00974341079483209
"10054",65,1.0422526851715,0.131924940683414,0.000329147769025952,0.00898278669482892
"10226",67,1.04825181624067,0.122506412315326,2.78106961900655e-06,0.0079103303233729
"11314",47,0.94609982390637,0.121125860585079,0.000302482219149595,0.00978846539056172
"10598",62,1.06181260242313,0.147547372125678,3.1409727461721e-05,0.00930335739925606
"12607",66,0.995080010970017,0.0959691835338078,0.00157277666571347,0.00912038033884872
"15297",70,1.31474008573883,0.655111180883742,0.000427957536665949,0.0115542415389918
"15656",37,0.836875369799363,0.383597899908613,0.000941146677537922,0.0118087285350011
"17029",34,1.18867556943504,0.383925990688335,0.000109770453785494,0.0104076903332816
"11664",48,1.00970295615252,0.251113359458674,8.06510189511899e-05,0.00887980734220426
" 9653",45,1.08418153835436,0.222592556730837,0.00125393521351089,0.0105222367548884
"14493",53,1.25809713877727,0.475606539129038,0.00230354360619007,0.0119985545525143
"10233",58,1.01743012391431,0.111752044491529,2.65019575458271e-05,0.00772363531168104
"10604",53,1.08481616936781,0.16487519539271,0.000211688475705557,0.00954569484891841
"17005",32,1.11879392521999,0.361333745390285,0.000599402299061176,0.0105786326191512
"15585",61,1.144537442452,0.592248248571484,0.000428284721327009,0.011415747851866
"11958",31,1.07582350513489,0.111560639602599,0.000237045286937676,0.00961151796459211
"12097",54,1.07884882286953,0.212676612737642,0.000529384781594423,0.00999753473763389
"10607",70,1.0280193452969,0.13884359233817,5.3985469074833e-06,0.00842341244285492
"10444",34,0.916077435621082,0.127837496763106,0.00303529210064985,0.0113208798857212
"10130",37,0.992848456916605,0.199440241955525,0.00111193707061103,0.0108646550986899
"14406",115,1.00173829998769,0.0771053012306565,3.89349746660917e-05,0.00632739777855416
"15334",38,0.638954571113464,0.270207843456351,0.000484887667690318,0.0110826723784415
"12074",39,1.05727988142723,0.147637491092703,0.00184973848130041,0.0102847891132838
"14411",98,1.01320729725284,0.0814317694487867,0.000152631644384301,0.00750732563012291
" 7765",70,1.22756693586685,0.482117858635975,0.000647989221228526,0.0113347043613392
" 9936",62,1.06125860005787,0.13802041402244,0.000179624378921717,0.0101848225813087
"10274",56,1.03584841361109,0.11431741580362,0.000248660342405292,0.00927517075576039
"12064",37,1.01637679514035,0.140345127883316,0.000155903490994897,0.0101001312614326
"12199",57,1.04738318543606,0.164271415250662,1.22694247897348e-05,0.00938047072141053
"12538",54,1.11617771117679,0.183792069113198,0.000903193256855009,0.0109926944113878
" 7766",64,1.18009304015794,0.46243168104239,0.000240480725878802,0.0109320023190685
"10278",58,1.02775297396118,0.100477504873825,0.000291030756012509,0.00911886046621975
"12558",57,1.02531680615313,0.156578868707157,4.3515559920926e-05,0.00908136468555808
"15761",36,0.53057530290786,0.270336506295209,6.39646012371506e-05,0.0104447865474357
"11907",44,1.03044584240064,0.329505295508444,0.000447752208660055,0.00984293551156983
"10726",80,1.0344899276148,0.223011221180301,3.59903127165553e-06,0.00639206563270273
"11072",36,0.884874936211682,0.0977157514952311,0.000286777355418734,0.00984884187388289
" 7210",55,1.13223953909912,0.456591501170121,0.000521695942059523,0.0101635852479091
"11654",47,1.01844165035781,0.252236089264195,0.00109394191425275,0.0092349039025559
"10730",75,1.03032116257309,0.219204866487136,0.000250950635032709,0.00714117897872501
" 7213",49,1.07101616621432,0.414353226623862,0.00113385844290202,0.0103834120078247
" 8963",60,1.07822084226286,0.271325062384082,0.000140852996586155,0.0101232487398555
" 9231",40,0.990683245616353,0.278568946429515,0.00130432165131407,0.0107903187196747
" 9082",71,1.17737754011655,0.346380048370683,0.00118359051138308,0.0109966231315975
" 9086",53,1.07054839045653,0.276916090448818,0.00122972354859248,0.0106247333608822
"10685",76,1.03453873008991,0.219529875234561,0,0.00683048836133121
" 8997",54,1.02742021403435,0.279005589647964,0.00231924846992093,0.0113426136993005
"12435",52,1.15424638564723,0.229913253580673,0.000395893439882109,0.0104034571603093
"11594",47,1.09837929515943,0.114665264381977,0.000407508495349724,0.00934591567721174
"12117",38,1.07142094337362,0.110092392910694,0.000211034106383438,0.00889917729304722
"13366",27,0.839821291500773,0.197331191556385,0.00509606468833371,0.0117868962059275
"10525",80,1.02033320425423,0.0776093133336246,4.5151483226224e-05,0.00748714940617799
"12627",74,1.05023445620739,0.114377158334364,6.54369322119188e-06,0.00727609680900727
"13400",57,1.0475611681583,0.120186923206518,6.33102319150315e-05,0.00910323508680306
"10688",75,1.03309537769443,0.219277920855177,0,0.00660042044414825
"14586",21,1.11308683992814,0.348032186842791,0.000103226760564302,0.0118413884099287
"11971",42,1.04555798861701,0.107379085241113,0.00066124020000144,0.00938118268328832
"12443",43,0.998306590377993,0.194226124578134,0.000353195841613832,0.0105079393234301
"13060",41,1.01917997831586,0.212038542702556,0.000941473862198982,0.0112357356673054
"10519",80,1.01978303103561,0.076510766358123,0.000235245771301848,0.00778131595603885
"10940",96,1.01383772545736,0.0849858943637744,0.000356631280554958,0.00824516086912016
"12674",65,1.02864864777425,0.111606206925716,3.99165286492705e-05,0.0076540218146117
"13390",51,1.02113777461921,0.117527386245026,0.000647825628897996,0.00922679515269131
"10686",74,1.03534986953287,0.219141538563962,0,0.0068751688112866
" 7198",46,1.06988946020306,0.405408450466523,0.000111242784760262,0.00941909874568008
"10490",33,1.01557980777104,0.1330884200491,0.000255367627957013,0.0103478580374758
"14520",21,1.06714329698199,0.336883375835077,0.00306179405819568,0.0122023052458494
"11961",41,1.04657160389139,0.106440227448126,0.000199255458585293,0.0090564600688178
"10534",58,1.02037985710393,0.0970234373029838,0.000902211702871831,0.00966963444778431
"12563",29,0.802802249615126,0.132395582139817,0.000977464174915537,0.0107531212934349
"12202",54,0.944298023949533,0.156821324310173,0.000366119635725686,0.0101883478783827
"10999",79,1.04939227806307,0.0908931128004244,0.000126293279169003,0.00833883966781334
"10693",73,1.02903729607749,0.217215716651066,0,0.00687768949836877
" 7203",49,1.06923090337496,0.401654442571479,0,0.00935958008074791
"15368",61,1.25724587223035,0.527862314209383,0.00234362372716987,0.0116226431260043
"11969",33,1.0103123396005,0.10419222106092,3.27184661059594e-06,0.00895128671452499
"12707",29,0.609362808538325,0.167195658353417,0.0101304550680577,0.0122792640115427
"12402",47,0.783850173861641,0.131649382149553,0.000506645447650781,0.0103781025109456
"10827",71,1.04633161073208,0.0964483234340412,0.00179329912726764,0.00927319796088983
"11658",46,1.022133033817,0.259220100501585,0.000356304095893898,0.00952380324779895
"10727",62,1.01663577250763,0.213436367327223,6.21650856013229e-06,0.00695822045771142
"11172",34,0.957856713988233,0.266860957531311,0.00252144859045576,0.0116312059793576
"11053",51,1.03152054603819,0.225736806845873,2.73199191984761e-05,0.00909515089123109
"10171",40,1.04827769380431,0.142441163460443,0.000538055175112502,0.00963069899180675
"10153",69,1.12725394336072,0.150912696963406,0.000204163228501187,0.00888697725366774
" 9824",56,1.00378880394674,0.130851127144713,0.0008218878685817,0.00910979555982276
"10655",62,1.06511843325075,0.143630953826943,9.32476284019843e-05,0.00872387077442967
" 9877",68,1.05679633336653,0.132384433363883,9.81553983178782e-07,0.00758908550779651
"15379",55,1.10215179963118,0.56348167733525,0.000345997779070521,0.0110169880946786
"12408",50,1.02734241250069,0.173323866717192,0.00377407506532242,0.0110951820224095
"12567",50,1.00523467027686,0.181962309966242,0.00374495563048811,0.0111684809878539
"10834",57,1.06030076579762,0.176703242377191,0.00438312931188485,0.0113991411837613
"13317",38,0.908179993645693,0.158481616569925,0.00416309762732228,0.0111574091590082
"11159",51,1.07195337749592,0.234256631220477,3.45179817417872e-05,0.00921539801116699
"10184",42,1.00583811583412,0.136611598356888,0,0.00945410995453976
"10257",68,1.10574597900477,0.129844634012115,0.000126947648491123,0.00810835370312501
"10651",56,1.06620530964402,0.14226495260852,0.00129303378050752,0.00930356377921396
" 9872",61,1.05282789517667,0.133359564159294,3.27184661059594e-07,0.0078036711182753
"14995",40,0.656824901021082,0.30720394165659,9.06301511135076e-05,0.010249289509334
"10865",35,1.03346420816769,0.49347936704433,0.00310171058684495,0.0121805497426808
"11043",47,1.07848361913565,0.22461624787272,0.000157048637308605,0.0096686141800014
"11610",35,1.15000682992661,0.322948876435304,0.00157212229639135,0.0117025655779358
"10350",69,1.05375689375563,0.106298224724696,0.000393112370263102,0.00921464719009928
" 9976",66,1.09700801841478,0.141977035264448,9.63558826820505e-05,0.00816080244084408
"10657",56,0.989307220123526,0.12756834162233,0.000264528798466682,0.00874392318657614
"10565",39,0.979921840559231,0.116844734822756,0.00322096939580117,0.0111701998941034
"10308",48,0.992634439385972,0.132004934599098,0.000210543329391849,0.0100053276951303
"15018",53,0.835312950247308,0.331000892365826,0.00126685900762275,0.0117662696991899
"15692",41,0.597504600347802,0.271234620470364,0.000479489120782835,0.0109203716082996
"16540",16,0.34897722352618,0.123617395121163,8.31049039091369e-05,0.0104565105407756
"10369",87,1.04744292314942,0.101381150079788,0.000107807345819136,0.00835192364992719
"10270",33,0.977375385718433,0.11713889270209,0.00284323470460787,0.0110022474000402
"15611",17,0.28308129783788,0.146954726173541,0,0.010241400144865
"15546",31,0.758450593796401,0.34209073759185,0.00182470885472936,0.0120669886108009
"15965",56,1.39860150805541,0.811462902523562,0.00117704681816189,0.0120273783396465
" 8718",36,1.18573342298615,0.349812540006551,0.000929040845078717,0.0114722587740715
" 7769",63,1.16520904347578,0.465187909180431,0.00109983123815183,0.0114679116896531
"11572",67,1.03881844043935,0.101189617766736,1.55412714003307e-05,0.00713939253087058
"11824",26,1.0014615088627,0.211519712321412,0.00451923813088564,0.0114541840655265
"12213",59,1.06048325267487,0.148446808776795,3.64810897081447e-05,0.00924774144770114
"12486",57,1.01706254846447,0.167490993505392,0.00290850804448926,0.0110611036784106
"11065",29,0.782784142965285,0.175611982899181,0.00204277743132558,0.0109011120352484
"15548",38,0.614031617973996,0.232527643946496,0.00040260072543383,0.0107386618955028
"15959",54,1.39792095403424,0.780209197198882,0.000710645083821438,0.0118291656684376
"16319",30,0.9941338080263,0.330190317149243,0.000892723347701102,0.011540311406207
" 8715",14,0.947811561085238,0.278273939523081,0,0.0109992565503147
"11817",32,1.10751374231293,0.231031811749371,0.0054369911051578,0.0115296452734578
"12517",53,1.0213570424037,0.134787455402808,1.01427244928474e-05,0.00857767811476998
"15971",41,0.912143936829733,0.47464939080195,0.00134521973394652,0.0116893472398108
" 7511",68,1.06116603229988,0.24693180709418,0.00097501028995759,0.00910746909587613
" 6991",59,1.07970720142691,0.397795076897031,1.01427244928474e-05,0.00894734855752959
"12297",66,1.04672283225023,0.14801766455872,1.47233097476817e-06,0.0085891157964783
"11577",68,1.02844444097951,0.105915634848223,5.12043994558265e-05,0.00813871536309357
"16105",33,0.514964655526396,0.20422246378454,0.000449388131965352,0.0110190132846186
"15974",35,0.503175083854814,0.231356520272663,0.000203181674518008,0.0102589733330052
"16664",22,0.824745051018239,0.259188495583166,0.00121892645477752,0.0114308618833368
" 7016",45,1.08507266703499,0.363158370364466,0.000582061512025018,0.0102286539466707
"10744",77,1.03012553757173,0.219215227119981,5.07136224642371e-06,0.00691606874999731
"16653",46,1.433727660131,0.905385599518486,0.00221356782439868,0.0124613570624298
"10733",69,0.989809859931635,0.211913542931649,4.17160442850982e-05,0.00747060944870599
"16711",46,1.41347574583844,0.893655771362799,0.000853461188373951,0.0122653081171243
"16654",27,0.975884769804757,0.661223638909038,0.000847735456805408,0.0121416454884006
"11663",44,1.0030574781901,0.252320086529029,0.00134800080356553,0.00942712201208088
"10178",46,1.04639056749247,0.141109621003096,0,0.00899364234903862
"10469",47,1.07442243096855,0.123751538388796,0.000325057960762707,0.00946734960129234
"11382",47,1.03759612990029,0.177732306669547,0.00193317056987061,0.0106508343099836
"11250",64,1.01325292115527,0.111146114288373,6.87087788225148e-05,0.00825963446047467
"10829",54,1.04235375786932,0.116815827393603,0.0024964189638847,0.00974276643659988
"10467",57,1.01523808752841,0.12734766119543,0.000674327586443823,0.009684942671096
"17009",27,1.15996132744604,0.456397105207386,0.0015372771299885,0.0111788112668988
"11667",47,1.01533754038747,0.26151411008477,0.00157277666571347,0.00996140217577808
"11183",46,1.05663319824598,0.230582782692907,0.000245879272786285,0.0100239039031982
"10476",48,0.965635343793649,0.122606877532341,0.000136436003661851,0.00926133298528495
"11380",47,1.12631656719072,0.184458023804138,0.00886621353772341,0.0111029659144707
"10176",49,1.04810539041587,0.141262678362358,7.85243186543026e-06,0.00892272715129357
"10451",52,0.978330754851956,0.113581486019818,0.00207140608916829,0.0101823662013207
"16957",21,0.781893509153484,0.343340104311123,0.000135127265017612,0.0107975808307469
" 8643",66,1.16178189933851,0.369363514243254,0.00153776790698009,0.011140550074228
"11014",48,1.02806557094164,0.276270729494503,0.00166945973305658,0.0108524440626317
"10174",49,1.04809581659705,0.141052946991,1.14514631370858e-06,0.0088996033642778
"11442",50,1.18990581731112,0.301836953051417,0.000408653641663433,0.0107764342371025
"11848",40,1.11270741734699,0.287004863092538,0.000595639675458991,0.0109240614107209
"12041",43,1.12179933878306,0.298087556164642,0.00196817932860399,0.0117160017616378
"11120",44,0.981777781251203,0.123087474204042,0.00069281351979369,0.00971364535803169
"10371",40,1.06517480326427,0.114433011010302,0.00135945226670261,0.00997660481660367
"10672",48,1.01436752855897,0.149194027371638,0.00195918175042485,0.0104582339616979
"11170",58,1.05579954124661,0.126792145672268,5.18587687779457e-05,0.00841190103263269
"10625",69,1.04045307749433,0.116508532743178,1.75043793666883e-05,0.00828529666760595
" 8642",48,1.11016057279012,0.334221565950071,0.000516788172143629,0.0108612674513885
"10169",47,1.04046696798938,0.140474962694053,0.000121712693914169,0.00938193086755024
"12843",29,0.994804409644442,0.163355351511931,0.00304461686349005,0.0108906694105258
"12610",38,0.861726087187005,0.129460482743689,0.000542799352697867,0.0105995875409149
"12326",41,1.18900778257572,0.282373119389873,0.00352999530817196,0.011938482727154
"11109",36,0.990271612926905,0.134062624568097,0.000815834952352098,0.0101329032102808
"10358",40,0.968283358450955,0.0998645861396072,0.00063719212741356,0.00929363713784786
"12147",42,1.00735732868919,0.26045923287578,0.00204997549386889,0.01160043824604
"11854",38,0.882410757653597,0.211864892271623,0.000894032086345341,0.010922687724599
"11994",35,1.1205869951875,0.300297813185629,0.00200629634161743,0.0114743645713838
"10669",44,0.949636987309764,0.117591095632118,0.00116232350841421,0.0100079994352706
"10964",49,0.915825584592296,0.152809917270271,0.00136501440594063,0.0100670012490704
"15348",36,0.93262675846158,0.397788806497676,0.00260504427135649,0.0123952562335517
"10715",75,1.02875134954272,0.225616326004569,0,0.00633687987139558
"13651",67,0.987433726547626,0.174289206075276,1.99582643246352e-05,0.00857729400086104
"13194",40,1.06602133169759,0.264904023016656,0.00257494328253901,0.0114139175401142
"12059",37,0.832322545368754,0.195557507181111,0.00052349545769535,0.0104812408217093
"11579",67,1.07872861995199,0.130540702185855,0.00115741573849831,0.00908230564271829
"10353",32,1.01874630717172,0.123582126160734,0.0085306856678068,0.011204681337481
"12515",60,1.07081098149801,0.152760169812081,0.000184204964176551,0.00954245852880881
"10460",81,1.01783168529691,0.0864472938271053,4.08980826324493e-06,0.00701902687989117
"11319",51,1.09022910331366,0.194084994756698,0.00114661864468335,0.0103696434900536
"11158",37,0.590196722329138,0.0637139303418102,0.00156099801791532,0.00992040107807202
"10967",71,1.02839982594257,0.0953602633910773,0.000210543329391849,0.00951623135432728
"17867",44,1.0422282204386,0.46257108047547,0.00504322436557258,0.0124249356036504
"10714",73,1.02232530488499,0.225122250517735,3.27184661059594e-07,0.00637963865205028
"13614",61,0.980264070641204,0.168522259853221,0.000437282299506147,0.00969138944733204
"13195",40,0.990039163521027,0.230754973802002,0.00265477633983755,0.0113711439690692
"12216",61,1.02678368368274,0.150083233026241,0.000533147405196609,0.00984499714207783
"11571",58,1.06298790883576,0.128493234744249,0.000537727990451443,0.00902690631731417
"10298",77,1.02753209323302,0.0949399626446269,3.90985669966215e-05,0.00759894295167288
"10461",78,1.01429576989957,0.0854243125062902,1.07970938149666e-05,0.00706150836237064
"11563",55,1.05724053375071,0.187812568917916,0.000154431160020128,0.00981584842844032
"11133",31,0.875683207258366,0.185674010327732,0.00835973168240316,0.011410292136037
"10963",70,1.028282074916,0.0982916922944946,0.00159175337605493,0.0101543423851179
"17835",62,1.22310045934331,0.483548561662663,0.00737785051456332,0.012240703452183
"10705",74,1.02745790028232,0.22679014072276,0,0.00632459494436569
" 7406",17,1.09434271931056,0.496413667675566,0.00171281170064697,0.0115361830298585
"10473",42,1.14105675816473,0.321060772355776,0.000558994993420316,0.0112463278899574
" 9929",52,1.00205594628778,0.119873228301698,0.000348451664028468,0.00907759987854492
"10288",58,1.03132054332296,0.116088139502699,0.0001372539653145,0.00848091455503685
"13222",55,0.977732045792356,0.175043743967396,0.00113304048124937,0.0103158947897375
"12324",57,1.05565961923129,0.174339902502998,0.000447752208660055,0.0094942401350917
"10373",45,1.06038107101371,0.117600039847725,0.00347126566151176,0.0108093200802182
"10574",79,1.02735650832882,0.098835571116219,2.97738041564231e-05,0.00685419289681107
"11752",28,0.725464806922226,0.099714484788039,0.0020264181982726,0.0112934242913776
"11361",44,1.03348918055742,0.18838565115232,0.0123947365149206,0.011656786373251
"10884",69,1.0112258423083,0.0895460263157142,0.000137581149975559,0.00912770473854252
"13460",57,1.02439266897663,0.15977989775685,0.000291357940673569,0.00936832650775886
"13176",61,0.974870266941939,0.145343181116141,0.000848226233796998,0.00965664780542998
"13133",47,0.907175102672614,0.114155107504752,0.00112535164171447,0.010108572981315
"17844",49,1.37556357407971,0.560109271569557,0.00337769084844872,0.0123730386046819
"16733",20,0.895110325751638,0.354435444972044,0.00230190768288477,0.0121907625831549
"10743",71,1.02310261921576,0.228117523755448,1.47233097476817e-06,0.00642467887621921
" 7407",21,1.0119125641516,0.460409430811378,9.35748130630439e-05,0.0112270597328217
"11557",70,1.02396428295403,0.106717951760659,9.57015133599313e-05,0.00840600797901221
"12417",59,0.984408908162709,0.171120827113466,0.000422068212766876,0.00977738581373662
"16669",63,1.61666227734521,0.97840797564861,0.00118702595032421,0.0123067935656359
"10759",72,1.00925945801655,0.219867357432754,0.000497647869471643,0.00723866463030081
"12285",74,1.07488469075579,0.111262284045696,5.92204236517865e-05,0.00977522253728056
"14219",64,1.06675040437885,0.126001178243807,1.30873864423838e-05,0.00889337011605103
"12596",85,1.02804650711904,0.088422926552845,3.92621593271513e-06,0.00776300182838086
"13451",44,0.97008801957792,0.136042978949867,0.00121140120757315,0.0101042752938692
"13935",62,0.967952268517972,0.188869656704733,0.00188736471732227,0.0101369183018051
"13355",57,0.931843758029836,0.0978424580660674,0.000142652512221983,0.00874199444154829
"12611",81,1.0323309903976,0.0937361191043443,3.27184661059594e-06,0.00809520783450352
"15518",51,0.735108970631433,0.211191167999895,0.00245126748065848,0.0112887089237587
"12914",63,1.02703366161348,0.097488581074163,0.00480830577893179,0.00988246378184169
"10741",82,1.02905548225467,0.217495248500261,1.63592330529797e-07,0.00638778503188658
"10695",81,1.03632338912513,0.218575162566104,0,0.00698441522368907
" 9112",72,1.1214027801861,0.314684661564197,0.000159175337605493,0.010147900183098
"13245",44,1.05806921081406,0.114804294280451,0.000501737677734887,0.00937629456810386
"13656",61,0.982767562310597,0.177106754581712,0.000244243349480987,0.00943174352441019
"11101",39,0.885576608863179,0.0948060093893577,0.00387746541821725,0.00972041833970029
"10698",77,1.03924033062294,0.219865329382856,0,0.00711948467996416
"13239",37,1.01284812709845,0.106637507006495,0.000147233097476817,0.00922169589855102
"13655",56,0.958722378933322,0.160206637455416,0.000282851139486019,0.00951559844050454
"10700",80,1.03539601253959,0.218569518739564,0,0.00755785581298876
" 8979",61,1.0759159804154,0.304770124694214,0.000186004479812379,0.0103782060536091
"10156",39,0.946964659577159,0.120095044917451,0.00241854901455252,0.0107826409091342
"13233",37,0.963400329951955,0.112512849553944,0.00121532742350586,0.00946923086932042
"13466",66,1.10851334918138,0.16280712191902,1.63592330529797e-06,0.0087437309490904
"10745",75,1.0362198994213,0.217372439247969,0,0.006911927935301
" 8977",61,1.02722678059271,0.284987803279955,9.47199593767525e-05,0.00997775683225762
"10189",58,1.19291477023166,0.203043292403168,0.00253093694562649,0.0103617335229649
"10708",23,0.983735599562667,0.129952137013365,0.00256414618872404,0.0111040308143142
"15618",57,1.27191604167486,0.668478924101713,0.000218232168926749,0.0111303803538346
"13196",56,1.03379106322134,0.157257444546334,0.00243261795497808,0.010468991815209
"11747",63,1.09446764970762,0.214198715124038,0.000150995721079003,0.00875000512285231
"10644",37,1.04013913967034,0.166393710257949,0.000342071563137806,0.0105462471301306
"11146",54,1.23021496404938,0.350519780431565,0.0070406867213414,0.0122933756075414
"10331",59,1.08868422204815,0.126372747926898,0.000157703006630724,0.0092712306799695
" 9880",50,0.938754020048738,0.123567879921613,0.00133327749381785,0.0106399573058805
"10059",58,1.03197252453562,0.117972276682413,8.50680118754945e-06,0.00784767769879042
" 9938",56,0.984948162190273,0.0934665194392593,0.000368409928353103,0.00863218847460202
"10804",55,1.16205484473695,0.39399716393524,0.00274409775230682,0.0116167585532976
"10296",58,1.061814851397,0.139391458086885,0.000175043793666883,0.00856120585848237
"10968",79,1.01902761860944,0.0881083014426446,1.30873864423838e-06,0.00774437217184882
"12635",63,1.03548530968317,0.0936503946100545,0.000726677132213358,0.00880685666726868
"12281",22,0.376670734000688,0.071686605477203,0.00071784314636475,0.00973365766229339
"15615",55,1.25992008858197,0.667115636838079,0.000132346195398606,0.0110932599246982
"13471",67,1.05339015588404,0.157527691229112,4.08980826324493e-06,0.00918412319466204
"14299",68,0.928214432141237,0.13813951167073,0.000220358869223637,0.00968453154330998
"11740",64,1.06933431948413,0.20772782253293,1.75043793666883e-05,0.00831018765013495
"10633",60,0.98321809736345,0.109858487737161,0.00014543358184099,0.00918614186117587
" 9879",46,1.07961678109692,0.136339175596477,0.00392425282474877,0.0106756960580178
" 9931",42,0.927603403289233,0.150965467217983,0.00495946509234133,0.0112523570872413
"10347",50,1.05307262201372,0.110703770458647,0.000157212229639135,0.00902547232352852
"10051",56,1.00521542086399,0.106415892782149,0.000123348617219467,0.00803142009487807
"10784",34,1.28635854863709,0.340859669739298,0.00252701072969377,0.0117355011588823
"12634",102,1.01957464213733,0.0800009399606701,9.81553983178782e-06,0.00678025688716073
"10297",62,1.15991050595951,0.159388357506393,0.000812072328749912,0.00954723649924159
"11199",79,1.0209097777843,0.0887710319880797,6.54369322119188e-07,0.00770637021045557
"15689",50,1.18200269662609,0.586167433520406,0.00100134865517289,0.0114516632812679
"12140",38,0.806059520569267,0.145673804336657,0.00646107909427433,0.011471203894236
"13473",57,0.866061334305475,0.128845671064144,0.00012089473226152,0.00914627309165595
"16007",45,1.1480780509855,0.59819795958368,0.000254058889312775,0.0109484199032358
"16622",50,1.45762992367603,0.781976072975755,0.000739110149333623,0.0121160268886125
"11038",42,1.06098936587386,0.258545712430074,0.000746962581199053,0.0100507359916945
"11729",54,1.06875924727966,0.21421931530978,0.00112747834201136,0.0100309257194215
"10050",60,1.05156833728501,0.163563526127106,0.00040260072543383,0.0105929411242576
"10086",67,1.03805048382235,0.160308550016786,0.000262565690500324,0.0100865695212742
"10231",54,1.05297383430319,0.143905789842204,0.00014510639717993,0.00910645899366914
"10370",35,0.906448298471198,0.12254731424452,0.00983533450378193,0.0114353478955666
"10443",39,1.08895818405094,0.196053345146092,0.00351854384503487,0.011111178065519
"11446",52,0.995558614051488,0.143327737806389,0.000677926617715479,0.0100844233151066
"10853",40,0.932234771231662,0.175047841046221,0.0124536297539113,0.0121751551177081
"11770",65,1.0931152649512,0.157357996534489,0.000131691826076487,0.00961479904205241
"11008",83,1.0215570033248,0.0899850938004268,1.63592330529797e-07,0.00795196206360696
"11270",41,1.0402003116097,0.11228124434014,0.00368164539857308,0.0102053529958277
"13541",83,1.12459209301069,0.10805356908694,0.0071471853285163,0.00936142195106372
"15616",41,0.806073465314675,0.338253925397537,0.00187902150846525,0.0114862088540669
"16000",46,1.14881891905816,0.588430155840169,0.000172426316378406,0.0108285780543045
"12288",55,0.991458796850086,0.173838407429563,0.0026632831410251,0.0108709596851861
"11893",57,1.01696916389211,0.157350948756335,0.00105778800920567,0.0104880975672507
"10972",62,1.15045329283856,0.273728169477361,0.0060354118502358,0.0117657462921222
"11453",55,1.00705324355131,0.130853947016646,0.000224939454478471,0.00970713520537431
"11604",53,0.937417789134658,0.18366495016767,0.00252684713736324,0.0112109829560146
"10239",51,1.01317609641904,0.130478514791787,0.00251097868130185,0.0101428486486802
"10517",55,1.03673814071063,0.153483783897794,0.000305426881099131,0.00916437964776245
"11022",66,1.0252834624414,0.0991142502265874,9.73374366652292e-05,0.00866013556277601
"16002",50,1.04471194043413,0.520754739664637,0.000771010653786933,0.0110831451474957
"10528",90,1.01853304901706,0.0823455694453084,1.43961250866221e-05,0.00669887730563603
"12223",54,1.03630409921396,0.11223202978223,0.0011579065154899,0.00947458669928532
"11575",37,0.949748945914555,0.121469564833754,0.000344198263434693,0.00992828904217282
"13405",62,1.03281366233704,0.132482066590295,8.42500502228455e-05,0.00785349975721627
"10602",34,1.02661363558567,0.202897701339877,0.00403484124018691,0.0115258984938037
"10222",53,1.41837498608603,0.273797831870243,0.00340599232163037,0.0111800655498416
"16023",39,0.959500448562885,0.476927417784421,0.000441044923108333,0.0110124660080464
"11350",37,1.29252439493468,0.209828419216336,0.00560336450530661,0.0108822476127449
"11007",32,1.18496789897339,0.529418038635402,0.00154545674651499,0.0118518038067901
"13383",61,1.21376597602976,0.184689726004079,0.0045414866878377,0.0109097131904701
"10439",39,1.11081746343151,0.203351122605814,0.00428988168348287,0.0117516188692375
"10131",48,1.08738994217896,0.229150231575846,0.000382806053439725,0.0103349951271305
"16362",45,1.03340772553909,0.512471780633326,0.00154414800787075,0.0120255997233195
"16671",36,0.92302341368479,0.48297276187761,0.00202200120534829,0.0121596167338212
"16735",43,1.23312532989254,0.539154099361837,0.00179395349658975,0.012218561914627
"11029",41,1.09710180094263,0.481893200509665,0.001350618280854,0.0118671042698316
"13402",55,1.02280114841678,0.136591149448127,0.000572900341515349,0.00878790089756215
"10126",42,1.01675488022257,0.198728758329345,0.000574209080159588,0.0109568139640447
"10448",43,0.994094286602417,0.144671283632205,0.00332844955695925,0.0111951104635302
"16672",16,0.821977173306093,0.384376756482547,0.00187754917749048,0.0121886374169398
"11439",48,1.31705800280975,0.635626435268333,0.00113009581929984,0.0119691137290685
"11440",44,1.30601919002926,0.63813937890033,0.00318187082880455,0.0121788294528929
"11852",44,1.08983655614568,0.505179132690933,0.000562266840030912,0.0116579712775257
"12631",55,0.993263914910805,0.0906341198994087,0.00161694659495651,0.00926813759955129
"15981",22,0.738486711322718,0.519174403454921,0.000204163228501187,0.0122643010211839
"10640",48,1.05759513454356,0.151857141049332,2.61747728847675e-06,0.00831545432928268
"10641",49,1.04790019739974,0.15234919807145,1.84859333498671e-05,0.00829734591747618
"11413",21,0.956789115169921,0.279800034330739,0.000272054045671052,0.0103107748769489
"15964",46,1.59271202333945,0.98280192413451,0.00439114533608081,0.0128652904778761
"10638",52,1.11210010018521,0.148568388841641,0.000147723874468407,0.00848041303572495
"13368",9,0.226773363263478,0.0433999917813033,0.000335037092925024,0.0102213832336734
"12955",51,1.08149495370935,0.235978228307692,0.000901557333549711,0.0104582335159015
"10093",42,0.962886966654931,0.17801558274081,0.00552713047927972,0.0117366793034749
"10634",54,1.08485087841523,0.164714289501175,0.00134047555636116,0.00899161450661632
"13638",48,1.00660998493997,0.162052773488902,0.00184924770430883,0.010535752258583
"13489",47,0.897755862753494,0.147624790226417,0.00070099313632018,0.0102303532684431
"12711",51,1.12773755991343,0.252982090470454,0.000138889888619798,0.0102418281701659
"10946",43,1.04742734375485,0.109616511959748,0.00126129686838474,0.0100443959843164
"16336",47,1.44857130092536,0.730869182637717,0.0004919221379031,0.0119242002093988
"10943",121,1.01939611828752,0.0805331759400828,5.07136224642371e-06,0.0067703633315922
"11547",60,1.01430022608856,0.104550218867631,0.00230174409055424,0.0102641347003642
"10413",87,1.02746998122831,0.0822087145132793,2.97738041564231e-05,0.00695930742801329
"12615",55,0.88987559595834,0.100376701930637,0.0007093363451772,0.00896095611034992
"11116",65,1.1467737331909,0.208475831420803,0.0013291876855546,0.0108179905547342
"11706",57,1.05183275641382,0.152270067319712,0.000110588415438143,0.00932340735578805
"11301",68,1.03185796761237,0.0955070256716464,1.43961250866221e-05,0.00774683655718746
"10918",87,1.02191376182868,0.088932460858744,7.36165487384087e-06,0.00711803799385343
"13413",69,1.06554186857174,0.168586529709365,5.20223611084755e-05,0.00777047187431894
"12312",63,1.0259481103651,0.160374650286438,0.000101100060267415,0.00907967734201113
"15976",29,0.773551665515973,0.502071640736811,0.000860822843247792,0.0123456644729051
"16335",53,1.46802636625332,0.748485337435911,0.000720951400644816,0.0119450217382868
"10941",88,1.00868098506342,0.087845738083829,2.51932189015887e-05,0.00765999894191913
"10522",94,1.02390354384839,0.0812871855779737,1.68500100445691e-05,0.00684910456779534
"13417",67,1.05708586110786,0.141012302868112,0.000235082178971318,0.00811135948086793
"11849",28,1.15384100865899,0.281853324918027,0.00397005867729711,0.0117202168907931
"11240",70,1.03942206652322,0.104223706729808,3.15733197922508e-05,0.00770048193708575
"10919",82,1.02054265037189,0.0881108380298142,8.34320885701965e-06,0.00737863151319405
"12308",65,1.08232336728104,0.167622377765717,0.000164573884512976,0.00966731806965961
"10463",50,1.00708990576448,0.135961958280071,0.00124281093503487,0.0101279229598815
"10096",47,1.00520652668556,0.114419768432404,0.000623450371649056,0.00905709205109375
" 9720",48,1.09900417666811,0.180056286455929,0.00481223199486451,0.0111197532928336
"16338",35,0.901013005362892,0.369413059652221,0.00253339083058444,0.0121448686962531
"16649",46,1.29543727206568,0.799445712964354,0.000400964802128533,0.0119994773835906
"12336",42,0.960846496546988,0.115438379824798,0.000615761532114156,0.00990944331349696
"13397",40,0.818230600610151,0.0915815072367127,0.000753179089759186,0.00970430599652052
"10494",33,1.00811863189155,0.132808830146398,0.00504780495082742,0.011192994634219
"16640",42,1.36395245585603,0.831021893766967,0.00036252060445403,0.0120159322049737
"12141",48,0.784552765070172,0.198167964434223,0.00730096211921431,0.012393343949092
"10000",102,1.05103805564793,0.103095210969056,0.00178282921811373,0.00929555145002635
"10238",53,0.967650674127748,0.129500185317379,0.000897958302278056,0.00952257356134092
" 9820",60,1.04706098220842,0.123457230216904,1.09606861454964e-05,0.00767323745650338
"10553",56,1.06808675446054,0.139158803704614,0.000143634066205162,0.00880867405382097
"10009",66,1.04696335550623,0.126917486321321,1.96310796635756e-06,0.00768379298557185
"16634",39,1.30225247606815,0.765804571493285,0.000432865306581843,0.011778143772908
"13823",104,1.02085636871025,0.0802314856917802,2.29029262741716e-06,0.00642576033460498
"10654",59,1.04871342260077,0.136364331418787,0.000501574085404358,0.00900939303335759
"10236",51,1.00210875825884,0.12651323272419,0.000294793379614694,0.00899739020617689
" 9873",64,1.07165136070441,0.132930959092139,3.59903127165553e-06,0.00769015586340678
"13794",98,1.02262946607433,0.0808810371630666,0,0.00648940381087795
"11813",41,1.18950751380324,0.198653481027512,0.00152271741257135,0.0106893948984157
"11423",37,1.13470802673862,0.187128369979891,0.000455931825186544,0.010611765633697
" 9965",50,1.06877721985717,0.138082018712133,0.000634738242455612,0.00899512585398575
"10545",61,1.03068716457736,0.1205248271672,0.00053985469074833,0.0101973089607639
"10269",72,1.08046967914059,0.149517096234602,7.70519876795344e-05,0.00957456712798089
"13818",89,1.01421183672764,0.0802893673107652,8.17961652648985e-07,0.00676723352407134
"14583",85,0.991163215098958,0.0804722208296689,8.04874266206601e-05,0.00672767774962186
"10268",39,1.02573817159884,0.128755718989105,0.00159208056071598,0.0106717178789514
"10559",63,1.03489913851096,0.111703067283089,0.00176712435438287,0.0105408435318376
"13843",102,1.01938367946522,0.0806148564605081,4.90776991589391e-07,0.00701826911222584
"14415",104,1.00819756793521,0.0781039179101121,8.83398584860904e-06,0.00595432750114538
"11088",49,1.15202676082505,0.304718676357206,0.0119788848107139,0.0120106787358739
"15872",37,1.04857335579367,0.16442843223132,0.00496519082390987,0.0107318652000793
"11946",33,1.01374170145531,0.113040171416255,0.001372539653145,0.0103991135942181
"16374",24,0.344999982596552,0.135652501970136,0.000664348454281506,0.011109610875493
"10514",45,1.0625200577223,0.269467698920893,0.000604964438299189,0.0100789380373509
"10893",42,1.01195074083875,0.178579229350078,0.0120004789983438,0.0117582081719464
"10515",35,1.03209954229813,0.258311220953602,0.00185366469723313,0.0105304874382997
" 7145",49,1.09800187578685,0.369556262642674,0.000946381632114876,0.0102245226893281
"15027",35,0.940188310249616,0.395987939853531,0.00220342509990584,0.0122206884886069
"16080",41,1.06556328849451,0.53304928195167,0.00087832722261448,0.0118057951125623
"14973",23,0.541263506520802,0.174829171803979,0.00117148467892388,0.0113106313260735
"10980",45,1.0267833103755,0.103106400223537,0.000525785750322768,0.00934494617626458
"10303",34,0.945584835633355,0.13732196072422,0.0038503090913493,0.0111120349464763
"10459",60,1.06069976728929,0.130664476275951,0.00137368479945871,0.00969869640406528
"13817",111,1.02668659749576,0.0792421065776884,6.54369322119188e-07,0.00633198106443617
"11480",93,1.01009976238211,0.079880577746906,0,0.00645338537778624
"16086",49,1.03814285492812,0.501064875712436,0.00163984952123069,0.0121908897295379
"11245",65,0.988870546061932,0.102424651317793,3.89349746660917e-05,0.00832518450152248
"10457",59,1.03362142801451,0.121772426007509,0.000194838465660988,0.00916396357175373
"10984",41,0.988321430463905,0.0951157652497453,0.000404236648739128,0.00919000768366626
"13605",114,1.02518558328316,0.078972674804813,3.10825428006614e-06,0.00607516333328289
"11507",87,1.00607830893871,0.079284410151431,8.83398584860904e-06,0.0063577851470277
"15326",17,0.238374571351681,0.0785062457657947,2.55204035626483e-05,0.00986498408839572
"10533",57,1.03333901994942,0.118646244618127,0.00231875769292934,0.00947303947083724
"10619",68,1.04335982144742,0.122680903417588,3.94257516576811e-05,0.00797024811264121
"11287",62,1.06213759272245,0.121615299454916,0.000105680645522249,0.00896521721355968
"12170",73,1.06655491418448,0.137660224624183,0.000179460786591187,0.00881260799017429
"13803",115,1.0224270557703,0.0792803620848685,6.54369322119188e-07,0.00618507063739134
"11513",75,1.03671851540963,0.0985060194335063,0.0011781919644756,0.00811577107536258
"11112",30,1.13072442899554,0.160618351227667,0.00437773076497737,0.0106575918746518
"10531",104,1.0575858853173,0.093852093201355,2.94466194953635e-06,0.00676142539253671
"13418",62,1.15651913911356,0.211705420107862,0.00224677706749623,0.0109763049749815
"12605",44,0.995091312754894,0.136888916987963,0.00160091454656459,0.00998508969436978
"11175",67,1.04306735181346,0.112070096933969,4.46607062346346e-05,0.00830692051886458
"11118",74,1.03494050992896,0.098024654289595,2.86286578427145e-05,0.0091711198219098
"11396",84,1.03088415609364,0.0938524950374815,0.000304281734785422,0.0087944337945902
"10857",94,1.03829393123315,0.084860117401103,2.15941876299332e-05,0.00846556930162498
"10114",63,0.989828451381506,0.109535475228493,0.00042681239035224,0.0091664833492509
"10793",64,1.02699472541744,0.187904097589256,0.000564884317319389,0.00999554768345851
"11277",33,0.876340071439197,0.383702789282374,0.000341417193815686,0.0110800508501885
"10874",100,1.03539351211087,0.0825958756085992,3.76262360218533e-06,0.00786193497211018
"10110",62,1.07112036955453,0.128979273251319,0.000545089645325284,0.0090189782219038
"10383",82,1.0739977133763,0.102116994657122,0.000132836972390195,0.00735247339946789
"11599",35,1.2129948132756,0.491196553340133,0.00212931777417584,0.011471679782443
"10780",45,1.02286824442681,0.181552937012668,0.00118898905829056,0.0109310161132419
"10377",85,1.04310069933685,0.0911996354969621,0.000349433218011646,0.00751187773042208
"10880",70,1.03255255184911,0.105133486235519,0.00230746982212279,0.0100871338300674
"11114",67,1.05172456409018,0.148144499769411,0.00790658092683562,0.0109932783013906
"11605",40,1.06319114793828,0.414284414167915,0.000166046215487744,0.0108722102982611
"14555",21,1.12288959172954,0.37614129323229,0.00129090708021063,0.0120090789893443
"12306",37,1.11593404449439,0.453617558352556,0.000516624579813099,0.01097775633351
" 5990",78,1.08718193425122,0.263245579810834,0.000400146840475884,0.00934283162885082
" 8094",45,1.07435740387717,0.365712434071284,3.10825428006614e-06,0.00893725146193158
"12320",28,0.976454678795651,0.386463797841016,0.000232628294013371,0.010826589641675
" 8090",46,1.05825723626341,0.360627733051593,5.88932389907269e-06,0.00881119369486527
"15437",15,0.248085797495421,0.0775464125291208,0.00148852661549062,0.0101711234933305
" 8086",42,1.04069815698534,0.356985865938072,1.3741755764503e-05,0.00883546496671516
"10282",36,0.868863286366944,0.247501160448441,0.00623564886280427,0.0115876092320791
"11559",19,0.742700061417697,0.167388251392843,0.00842435065296243,0.0118798306430349
"12438",48,1.04637249681238,0.185704296297613,0.00141294695878586,0.0110157923354484
"12732",30,1.01056500363737,0.216626084260607,0.00227867757194954,0.0115776138192421
"11910",29,1.0418425843471,0.106947665481435,0.000755796567047662,0.00972742782724029
"15685",39,0.994658294406497,0.358785191791673,0.00202576382895048,0.0118758622379455
"11583",24,1.15639370225439,0.341211782603118,0.00335904132276832,0.0117749242855127
"11962",30,1.10933031160314,0.116011290251111,0.0003469793330537,0.0098570230490521
"12191",55,1.03750119519978,0.174444777880458,0.00014510639717993,0.00935844263798468
"16333",34,1.13251955538272,0.427483239279008,0.0038349314122795,0.0123592915536093
"11996",24,0.970446949503788,0.0965090948229569,0.000188949141761916,0.00926954908985487
"12529",41,1.03707978133633,0.18757111424855,0.00268356859001079,0.0113040034249737
"12207",55,1.09217315127003,0.167624536134176,1.24330171202646e-05,0.00926200894925295
"16367",29,1.12808338096653,0.509494392191824,0.00417978404503631,0.0125440961052095
"16673",46,1.36338253661048,0.790941296210803,0.000734365971748259,0.0120771299352212
"11414",104,1.00069011848164,0.077120362012531,8.01602419596005e-06,0.00750627236548676
"11137",65,1.0228192352224,0.0752190898834643,0.000148869020782115,0.00805945554231358
"11949",24,0.880444299217138,0.0874276649240918,3.01009888174827e-05,0.0087978530619545
"12533",47,1.06383542121177,0.178687382261576,0.00124837307427288,0.0111679857395532
"12198",61,1.0835290097286,0.163462929876169,6.47825628897996e-05,0.00939924117013059
"11141",54,1.01908619364296,0.0813478414171242,0.000726677132213358,0.00828256133402014
"10729",79,1.0335159480617,0.219839122435725,2.53568112321185e-05,0.00700285786020655
"12274",57,1.0676959116748,0.165946736039276,0.000378061875854361,0.00975115162500847
"13169",53,1.06564813477889,0.171837476544961,0.000797512611332761,0.0103786217684711
"11700",88,1.01588621903706,0.0862895474142427,1.01427244928474e-05,0.00760432462683783
"11177",78,1.02409960243596,0.0869438918175348,0.000171608354725757,0.00809454336294402
"10735",80,1.034420223097,0.220984175712127,0.000210379737061319,0.00815247801174595
"11625",35,1.00932907375247,0.416210916498983,0.000491104176250451,0.0107656167621666
"13828",94,1.01541410473641,0.0788590442928516,3.27184661059594e-06,0.0067962404846888
"11273",95,1.03036922800191,0.0851600250638503,0.000271890453340523,0.00845682798533637
"12826",42,1.11366393418067,0.417003445258368,0.00575714129600462,0.0128075133129499
"10739",80,1.03649873488928,0.220188833860297,3.10825428006614e-06,0.00749724661579884
"10367",66,1.0278413051144,0.116520809884153,0.00172524471776724,0.00895836081174231
" 9792",33,1.1227908048211,0.528563664099444,0.0065273339881389,0.012671092871403
"10295",56,1.05018423220389,0.134178312692685,4.74417758536411e-05,0.00856395432387427
"10818",97,1.03125839725215,0.0847645254253444,1.66864177140393e-05,0.00617262544062431
"13839",107,1.01393506292134,0.0784448910346706,9.06301511135076e-05,0.00699944755677918
"11381",46,1.14897564281826,0.321050538670783,0.00783198282411403,0.0120917606750584
"12359",43,1.10474958874988,0.451485478964068,0.000478507566799656,0.0105554009793827
"10856",94,1.02617097361944,0.0856040282376088,3.19005044533104e-05,0.00669447733638466
"11482",37,1.07030523991608,0.304126791989897,0.0144519100713328,0.0123305606431949
"17020",38,1.14691712602988,0.457050592379977,0.000146087951163109,0.0106478518649681
"12367",38,0.96391338309809,0.409546688082291,0.000422231805097406,0.0107226015085919
"10290",61,1.0531506187743,0.110318987449914,0.000203181674518008,0.00830459700728686
"11006",98,0.986480148303551,0.0762874547266854,0.000417487627512042,0.00770501257592971
"17021",40,1.13628155236132,0.457323979842395,1.63592330529797e-05,0.0105720986439666
"10962",30,1.09315034734908,0.239878497977127,0.00772990120986344,0.0118490389574847
"10386",82,1.03057120245287,0.0893824303075642,0.000114023854379269,0.00715158672006175
"11010",47,1.02319938513288,0.104212555690997,0.00345523361311984,0.0107706371371919
"17016",48,1.11136775359992,0.445959103704067,0.000127765610143771,0.0104882354793483
"10181",41,1.03284209060604,0.156851158480027,0.000126784056160593,0.00954558795827806
"11307",76,0.97281077045021,0.0812997823809696,0.000220195276893107,0.00772399738011547
"11981",36,1.07237490563629,0.117284722825261,0.000176679716972181,0.00911193719096691
"12723",48,1.01554177176899,0.178367438572621,0.000382969645770255,0.00993588836422164
"12385",51,0.978968051740984,0.172786458316544,0.000806510189511899,0.0102623535804222
"11950",33,1.02495972997786,0.107460430396574,9.32476284019843e-05,0.00927315343016117
"12200",49,1.07031047594116,0.169044517816655,0.00026583753711092,0.010031854976246
"12521",44,0.994028763793977,0.155761990543921,0.000619033378724752,0.0106642095207503
"10177",48,1.04971208739264,0.13746250671951,8.17961652648985e-07,0.00849938013585278
"10173",45,1.04557645980066,0.138471397978506,0,0.00860018568844913
"12915",112,1.02123070975609,0.0816324695870479,4.90776991589391e-07,0.00609095763226197
"10179",44,1.02775747583506,0.137088287164354,0,0.00887859842118503
"12155",26,0.772384872817256,0.197250961141921,0.000458876487136081,0.0116868631569808
"11497",24,0.476826638015652,0.184483854675208,0.000309189504701316,0.0110927931529997
"11845",45,1.23502948638278,0.320070597318971,2.79742885205953e-05,0.0111327270912826
"11016",66,1.03217795295738,0.10216907761875,3.10825428006614e-06,0.00855854160003071
"10192",45,0.984549606122554,0.12947726559735,0.000253077335329596,0.00907637282604595
"12038",34,1.05434365065493,0.257469671221498,0.00444758469011359,0.0120636244430977
"11796",55,1.31272916726939,0.340728983220775,0.000109443269124434,0.0111029781353992
" 5979",76,1.023994787826,0.258321604423703,0.000414870150223565,0.00965157632777568
" 7574",71,1.07250483795249,0.250139010301932,7.62340260268854e-05,0.00831700002131516
"11780",61,0.969776159479808,0.116722314082657,0.000127274833152182,0.00858007417473988
"10575",45,1.07193182670046,0.184642001064823,0.000258639474567609,0.0104927587703229
"11689",60,1.05309560959207,0.119308984873623,0.000429266275310187,0.00898376707406771
"12218",58,1.07997554666559,0.178992246704186,0.00205668277942061,0.010724338767088
"11398",40,0.901898423938682,0.147124329147245,0.000764303368235212,0.0103225018764164
"12497",53,1.01160440548102,0.14668164492885,0.000474744943197471,0.0101432852242421
"11003",53,1.07793007923659,0.131126418521633,0.000700338766998061,0.0107615406788849
"11188",63,1.04624729447775,0.174110925909732,6.18379009402633e-05,0.00918474248053961
" 7593",68,1.05872364648366,0.245408243882591,0.000244079757150457,0.00887865522987426
"11802",43,0.937156854781606,0.124368190599401,0.00481010529456762,0.0107882802298419
"10564",47,1.07439290003815,0.179315686738673,0.000861640804900441,0.0106647192861271
"11178",52,1.0005873025064,0.168963896722278,1.65228253835095e-05,0.00926245655566775
"11621",75,1.0400343114312,0.102528456473619,4.74417758536411e-06,0.00737606156183126
"12219",60,1.0514186052145,0.136826720427407,0.000162447184216088,0.00947690226380209
"12488",39,0.944654189239654,0.113152705630307,0.00102801420504924,0.0099940439978152
"11564",69,1.04415422201177,0.105123383425128,9.32476284019843e-06,0.00757196728394599
"12006",65,1.07239969167095,0.144366986087725,1.63592330529797e-07,0.0082329365974126
"13156",63,1.02834285367595,0.149108783087341,5.5621392380131e-05,0.00893581420581356
"11242",87,1.02565066343244,0.08453765400828,9.97913216231762e-06,0.0075387197595965
"10547",68,1.06336779776256,0.124011321515084,0.000602346961010713,0.00896972723622848
"10690",78,1.02062611135819,0.090206290995318,4.90776991589391e-07,0.00754894747750571
"13175",62,0.974421752792726,0.11815321883381,6.34738242455613e-05,0.00906488717165373
"10788",75,1.01824766748402,0.0889883014228309,0,0.00733892783064586
"11316",86,1.02014682194022,0.0848355412107032,3.10825428006614e-06,0.0073560663724168
"14058",55,1.03705413676277,0.125677553008596,0.00102310643513335,0.00961777032804271
"13358",65,0.996925786817442,0.103326665864168,2.1757779960463e-05,0.00792192697238394
"10292",47,1.10939251653448,0.245765275015972,0.00108249045111567,0.010464864251312
"11308",73,0.986025039823642,0.081599622726968,0.000599075114400117,0.0081038981969993
"10121",66,1.14431809932693,0.133039762047878,0.00283063809515708,0.00954881734792558
"17078",54,1.21753595680154,0.577812286549292,0.00145237271044354,0.0122641192239702
"10188",36,1.02105481850576,0.140167114573476,0,0.009340190702206
"10162",44,1.00478705199163,0.132800946571738,0.000279415700544893,0.00893330137981286
"11639",46,1.07596291478186,0.283334131347969,7.83607263237728e-05,0.0103127621645321
"10758",68,1.02643237052454,0.220659333854218,0.000513843510194093,0.00739286178398525
" 7620",47,1.29040037680835,0.516481902691493,0.00791067073509887,0.0126950647908857
"13242",25,0.707797804407639,0.0807496384508203,0.00168189275017684,0.0101735720695215
"13434",76,1.10073025611249,0.189832591443334,1.57048637308605e-05,0.00832956786660398
"12013",36,1.03595127879144,0.159081687300018,0.00219311878308246,0.0104462509857115
" 7209",49,0.9961256131094,0.380503172797155,0.000310661835676085,0.00961516305274784
"13250",49,1.07934488383603,0.183475367123824,0.000627867364573361,0.0100179921272677
"11829",40,1.11286021289747,0.292206340756581,0.00496911703984259,0.01155879214291
"11587",69,1.02367964933545,0.104648398538483,8.6213158189203e-05,0.0080582824793666
"12484",70,1.0904684839744,0.168317785424535,9.86461753094676e-05,0.00906749608430939
"12008",37,0.965425813722482,0.152665432305209,0.00186740645299763,0.0104589659710142
"10748",74,1.02617291350468,0.215114588661916,1.96310796635756e-06,0.00672850561254423
"11959",38,1.0758042375544,0.110028007979701,3.25548737754296e-05,0.00898432026989567
"13197",37,0.98836385123503,0.166552721459293,0.00259817339347424,0.0109624895438574
"13463",68,1.10563474348641,0.166357738024581,2.06126336467544e-05,0.00858984632508808
"12166",60,1.08710717865545,0.163289660010362,0.000343707486443104,0.00963683710966257
"13462",70,1.09406317562911,0.170278637590157,6.47825628897996e-05,0.00864017948587738
"16347",35,0.970608207890396,0.438551397715046,0.00264676031564159,0.0120427331543208
"10428",46,1.01194447123613,0.105043695444171,0.000159502522266552,0.00887089429629027
"10098",63,1.04479157310446,0.123037696972413,2.20849646215226e-05,0.00844281762180107
"12885",89,0.975488430047362,0.0970772775740434,0.000692322742802101,0.00858236573537803
"12659",78,1.00736692793922,0.085693416200732,0.000407181310688665,0.0083201690927633
"13452",58,1.02575044282491,0.156868099781141,9.60286980209909e-05,0.00888368543128136
" 9854",45,1.17107666140634,0.569076038074405,0.00297214546106535,0.0126676802272495
"10425",52,0.980827784554341,0.102293556378691,0.000688232934538856,0.00922010287689825
"10052",61,1.01838382307699,0.119615842029276,7.37801410689385e-05,0.00844332921611723
"12643",76,1.03415736627645,0.0947526944117526,0.000373154105938467,0.00801071072785366
" 9851",38,1.09388087756043,0.548157559641056,0.00217397848041047,0.0125495152884371
"10223",62,1.10555831284793,0.145921780389654,0.000824014568878588,0.00944025965746732
"10608",63,1.0492308513885,0.141113847446201,1.0469909153907e-05,0.00919462899069047
"11320",49,1.01795131678575,0.130298964785275,0.000106171422513838,0.00952291469111864
"11669",57,1.04557642307293,0.142893587847431,0.000928550068087128,0.0103926594822704
"12383",81,1.0193213134697,0.0860771970649073,9.14481127661565e-05,0.00819062561618174
"11504",85,1.00913453744349,0.0803152010107746,0,0.00658889849954274
"10612",51,1.04874837697754,0.156843431738923,0.000562266840030912,0.0099493078078018
"11317",44,0.996680822512486,0.126687083526742,0.00194838465660988,0.0108584987842734
"13542",106,1.01147863503089,0.0762297292278136,0.000123839394211056,0.00723460863853322
"11517",88,1.01061606616065,0.0813017827293145,2.61747728847675e-06,0.00639797395982804
"10124",43,1.05357746209456,0.199502168324874,0.000664348454281506,0.0109100536800963
"14416",106,1.00260782711005,0.0765294083711634,7.85243186543026e-06,0.00566489413646201
" 9885",44,1.02191423774434,0.102299428895495,0.00298539643983827,0.00978517967973484
"14417",110,1.02853840340639,0.0895988097827057,2.84650655121847e-05,0.0065798580780622
"11603",35,1.02968444041127,0.211566283659652,0.0112949052767688,0.0120999486277126
"13634",55,1.03750039156578,0.168714354837398,0.000217087022613041,0.00965114330348617
" 7578",86,1.0597105873234,0.249802508622383,2.45388495794696e-06,0.00760058562926289
"13519",51,0.994010353754511,0.16364398892468,0.000167191361801453,0.00952585947013993
" 7566",84,1.05588677708966,0.248142641550741,3.27184661059594e-07,0.00775013347949995
" 5994",70,1.08363435537276,0.290377572317186,0.00206878861187981,0.0110119885712081
"10183",42,1.03869865431444,0.152317135872048,0.000179951563582777,0.00878785326700151
"13459",62,1.07564279282203,0.167835348203458,0.000744999473232696,0.00953179626604042
" 7591",83,1.05634308922363,0.249942876439279,1.79951563582777e-05,0.00787997437573514
"10180",50,1.05960811334015,0.149250072400693,0.000381170130134427,0.00934507317115137
"10636",48,1.05240554605084,0.149518785206762,0,0.00850385408776548
"13457",75,1.00429307280598,0.156584898792663,0.000442026477091512,0.00892825970026779
"10637",47,1.05275067711921,0.146231035829139,5.3985469074833e-06,0.00843922768423349
"12618",73,1.05515801575004,0.105246419532087,0.000115659777684567,0.00950210067997943
"10187",42,1.05832085436858,0.152209685877038,0.000631957172836606,0.00955291833774951
"10645",49,1.01668281129879,0.142676448456353,7.03447021278127e-06,0.00851659575947702
"12713",43,0.979725108114757,0.223664671641486,0.000254058889312775,0.010347061318615
"11335",58,1.00758227566637,0.174166544687169,0.000279742885205953,0.0102298433341282
"12626",82,1.01918258890535,0.084160482650782,6.54369322119188e-07,0.00779508224332004
"10163",45,1.01340068205083,0.141273604374901,8.19597575954283e-05,0.00847650747750124
"12687",61,1.11753522730403,0.22736918838853,0.000888633539437857,0.0106040681700905
"13546",101,1.02185945685678,0.0856140885088002,6.83815941614552e-05,0.00657170766729743
"10185",46,0.99211948749562,0.138288701847957,1.63592330529797e-05,0.00918472613268918
"10942",84,1.01031610798091,0.0879667760772084,1.73407870361585e-05,0.00769897091362158
"10400",98,1.01697383911184,0.076373443354099,6.21650856013229e-06,0.00706063656754488
"12630",61,1.04647608059138,0.12319741942942,0.000833830108710375,0.0094592205391177
"13412",71,1.05254965871065,0.136782918534491,9.32476284019843e-06,0.0076250527346779
"10526",104,1.00785084506828,0.0748155357354474,9.55379210294015e-05,0.00699192742584082
"12595",63,1.00441829725208,0.108071925748464,0.00016130203790238,0.00841308145376245
"13406",73,1.04802819794062,0.139751430775385,2.78106961900655e-06,0.00752693428189994
"10535",69,1.01941368056601,0.102627434789211,4.46607062346346e-05,0.00813524586018524
"10989",100,1.02669482075251,0.085826031091549,8.17961652648985e-06,0.00683690605479362
"13384",66,1.03421541434029,0.138506939994712,1.58684560613903e-05,0.00759271077404348
" 6004",72,1.02872440951762,0.263574371031224,0.00133180516284308,0.010151424764444
" 9749",33,1.15554582719286,0.464206099021586,0.000788024256162032,0.011741604447491
"10828",76,1.01029894428384,0.0879208542496534,0.000264855983127741,0.00904034576319821
" 9746",30,1.20244254725196,0.49249153229902,0.00358610747754368,0.012065992879691
"10665",60,1.07506345139333,0.138544067448132,0.000158520968283373,0.00894020790290213
" 9977",60,1.04656767297921,0.128338254254691,3.27184661059594e-07,0.00800299625921425
"10300",62,1.04708976644476,0.108248292491632,0.000183059817862843,0.00806168702060601
"10826",49,1.07823711200221,0.205510250666344,0.0128706266044318,0.0118075532012601
"10945",56,1.09860308255118,0.221825367527013,4.85869221673497e-05,0.008960052170931
" 9502",48,1.30814628438064,0.741467691543946,0.00307880766057078,0.0127776267925476
"10662",60,1.1096287041331,0.137592908071129,0.000742218403613689,0.0089966290360978
"10947",55,1.09416343272811,0.218377786064416,1.47233097476817e-06,0.00879403823630488
"10936",49,1.05649931457525,0.221263403475319,1.96310796635756e-05,0.00870967827693992
"13410",71,1.0668544645193,0.149225403219355,0.000381988091787076,0.00804817957957433
"13380",71,1.03347652580924,0.137702935291766,0.00049977456976853,0.00830656747490804
"10464",49,0.97597648718622,0.109646659446308,0.00127618377046295,0.00934979808300513
"11000",100,1.00474875721639,0.0784791974364048,3.90985669966215e-05,0.00745576652815064
"13820",91,1.02427299050133,0.0813630796774348,0,0.00666423534779285
"10077",37,1.08218495439163,0.428841685597656,0.00173195200331896,0.011631133498635
"13806",93,1.02090300976928,0.0803998019065041,1.14514631370858e-06,0.00662751238783337
"10082",43,1.07183170451309,0.461012098698519,0.00102932294369348,0.0115716777537574
"12178",50,1.02455406473174,0.118473776123253,0.00014477921251887,0.00964008298410399
"11171",53,1.02550966677686,0.124543027004142,4.76053681841709e-05,0.00842974465621612
"13837",115,1.01558170020246,0.0796845623996443,1.63592330529797e-07,0.0064583575236066
"14596",97,1.011691822533,0.0776657706348412,0.00085395196536554,0.00758848114364749
"11258",58,0.968416300030108,0.130107303609854,0.000158030191291784,0.00933511009842047
" 7563",73,1.07809997094284,0.253749777419002,9.35748130630439e-05,0.00846544182382175
"12768",32,1.04201552466849,0.146355453012218,3.56631280554958e-05,0.0102772503540156
"11160",56,0.992293030655945,0.112545426068476,0.000424358505394294,0.00873302471954515
" 7541",71,1.06215735504306,0.251363645970314,1.35781634339732e-05,0.00831198132963152
"12831",29,1.01233104686223,0.141056058972119,5.93840159823163e-05,0.010291892981677
"11035",102,1.03108239444031,0.0833234477945299,1.63592330529797e-06,0.00811941556960823
"10357",85,1.0674027802647,0.0977313240865705,7.59068413658258e-05,0.00753679420034615
"11115",85,1.0704708446424,0.115995884413555,0.000687742157547267,0.00930655976767917
" 9750",34,1.1514147557701,0.153743714876805,0.00449028228838187,0.0107318815707861
" 9626",31,1.22792477861242,0.658494656103964,0.000835302439685144,0.0125102372674182
"10890",102,1.03165654158464,0.08396293365843,0.000279252108214364,0.0086486030717092
" 9625",21,1.06530036090778,0.60438375504131,0.00134472895695493,0.0125458103518145
"10886",75,1.02594834716403,0.0877759452113187,0.000705410129244485,0.00888731896187265
" 9829",42,1.07686921772802,0.174780681583873,0.00326366699406945,0.0110636137950151
"10422",38,1.07908376380461,0.238922946049882,0.000631139211183957,0.0108977685431334
"10462",42,1.05632418243128,0.247628410452389,0.000736165487384087,0.0111717165662927
"15047",61,1.01729369072708,0.454764590101768,0.000601528999358064,0.0113701466608851
"13968",59,1.02902894471741,0.115594601339827,9.96277292926464e-05,0.00887499153582623
"15054",48,1.1133832232201,0.522379416435016,0.00221847559431458,0.0121091788326622
"14977",25,0.815564607873718,0.394316036259982,0.000898121894608586,0.0121709967790364
"15903",28,0.878467404222499,0.480977752694822,0.00169792479856876,0.0120783725301581
"15659",34,0.784096606210396,0.315048828269927,0.000361375458140322,0.0117294862981752
" 7538",81,1.07607646142836,0.259501481199319,0.000207598667442312,0.00841117118103506
"13804",103,1.02343042266375,0.0793128373750146,7.52524720437066e-06,0.00672266474251044
" 7467",76,1.0622801569924,0.258080768215226,0.00025831228990655,0.00837722528571717
"10628",37,0.920763410768748,0.1244649983419,0.000672364478477466,0.00885194384823895
"13826",101,1.01787000713525,0.0793100355596852,9.81553983178782e-07,0.00661797035759776
"12280",66,1.05047549755167,0.191752251821746,4.90776991589391e-06,0.00849688363264528
"16192",25,0.619043596744413,0.166096467580171,0.000352868656952772,0.0107991049892774
"16478",18,0.539952033879007,0.146095896400247,0.000279252108214364,0.0106754429970545
"13835",100,0.997222598993728,0.0791559016898222,0.000100445690945295,0.00714059930556222
"12263",59,1.00643048734868,0.179816029100327,0.000131201049084897,0.00941601568401607
"16155",46,1.10717096224511,0.407295729639933,0.00346832099956223,0.0125256844681298
"11138",58,1.00768977432656,0.0752969581815552,0.000869493236765871,0.00855109844916722
"13364",16,1.01198110624785,0.396827369596773,0.000204163228501187,0.0123531257268798
"16234",22,0.613862488948433,0.215675596039931,0.00135945226670261,0.0121079458904185
"12098",57,0.959492831345397,0.135949527213666,0.000486196406334557,0.0101264986184473
"16470",12,0.307621019721953,0.0865536940576472,0.000444316769718929,0.0107493312268701
"16524",27,0.860751430645317,0.28580688702757,0.0025661092966904,0.0119270811544825
"16728",21,0.592149685594326,0.146681061488158,0.000152304459723241,0.0107838344899125
"16789",24,0.732443035684162,0.177294196202529,0.000889451501090507,0.0115443486057905
"11140",60,0.978154475536644,0.0710340585963681,0.000873583045029116,0.00836504743755314
"16143",28,0.975744747919537,0.295384654744169,0.00264316128436993,0.012306221035848
"16614",25,0.618214328793191,0.238406652157928,0.000263874429144563,0.0111220373225636
"16831",18,0.84840876359969,0.198479855880533,0.000755632974717133,0.0109843290923688
" 8081",45,1.09963533405703,0.364013589718342,0.000756287344039252,0.00927495862114968
"11279",69,1.00158718012548,0.084188320590208,0.00104290110712746,0.00885821488656568
"16602",33,0.75288486320381,0.261676537379692,0.00188998219461075,0.012004462996633
"16860",25,0.85770937756227,0.232100295785492,0.00120845654562361,0.0114441330125829
"16329",26,0.634202558372232,0.287936765260059,0.0017162471395881,0.0120745015714434
"11275",93,0.962377541987072,0.0754205130177125,0.000112060746412911,0.0079117180770042
" 8805",45,1.07698549846959,0.273384954336347,0.000132509787729136,0.0105257002254017
"10711",24,1.09523358375733,0.24497240295465,0.00473632515349868,0.0117578240153754
"11201",87,1.02165903124353,0.0861034329947814,0,0.00714456723827274
" 8873",40,1.06449385961066,0.260735825739065,0.000222812754181584,0.0105519296104797
"10789",41,1.17521932488122,0.314746982576511,0.00268127829738337,0.0117953794559118
"11197",86,1.02592597656758,0.086521510372755,1.96310796635756e-06,0.00725291696681837
"11017",83,1.02086512205319,0.0870772277276194,3.27184661059594e-07,0.00755269749102565
"14358",57,1.16893398395065,0.444645080047581,0.000895831601981169,0.0117161200731163
"15945",27,0.500449277089941,0.223386883907345,0.000156557860317016,0.0108252958497383
"15587",18,0.34048034727373,0.106641248023996,0.000622632409996408,0.0111884396164737
"14398",46,0.975754453203446,0.354230929073835,0.00119651430549494,0.0118009790161086
" 9886",69,1.01437521341551,0.0948674967110911,0.00191239434389333,0.00952417134096912
"16163",48,0.867959098342132,0.374201327953522,0.000279415700544893,0.0111349475727908
"16523",51,0.777375423484941,0.329389639156366,0.00050795418629502,0.0115871265954988
"16552",19,0.254716724134724,0.105743046748711,0.000190094288075624,0.0114356746075871
"16631",40,0.851718088795735,0.450333073106512,0.00110604774671196,0.0121907108959964
"16716",32,0.608049852935148,0.28288112237807,0.000237699656259795,0.0109534121582655
"16846",29,0.72159632959099,0.28694155459026,0.000556868293123429,0.0113853242266668
"16910",33,0.827798862592215,0.296017863615089,0.00195967252741644,0.0114123624757029
"14031",54,1.08101759936112,0.139773796805902,0.000169972431420459,0.00987319150789349
"11082",37,1.04052641948826,0.105409903899564,0.000250950635032709,0.00943383440473425
"11469",66,1.02687242571458,0.0996099658278114,3.5499535724966e-05,0.00763695953702424
"12103",67,1.05739648780423,0.137518003071798,4.90776991589391e-07,0.00763477158673827
"11080",24,0.936044916008051,0.101204520810211,0.000478343974469127,0.00958459188371128
"11477",67,1.03159822836422,0.100745227500141,6.21650856013229e-06,0.00809182280380827
"12105",66,1.04674468349447,0.145767200764286,0.000219704499901517,0.00820122400194396
"10914",80,1.01522903429365,0.0892599447022989,1.96310796635756e-06,0.00756605446211209
"11305",69,1.02120241996066,0.0894980179055314,3.27184661059594e-05,0.00767079402805722
"11232",73,1.04715987898324,0.151398648832454,8.58859735281434e-05,0.00877678375647646
"12113",57,1.00791587267205,0.112601389465847,0.000337490977882971,0.00995477417962576
"17264",46,1.24310758418246,0.523347536546293,0.0024162587219251,0.0116945054534549
"13903",57,1.29891925909131,0.59586090463738,0.000424194913063764,0.0115602457198994
"11227",70,0.994379270408293,0.138015852136433,2.55204035626483e-05,0.00864835461673443
"13928",44,1.13654258221869,0.544994509222299,0.000957505910590902,0.0114714992998251
"13890",40,1.09286871057426,0.516932186959318,0.00128158231737043,0.011619207868388
"15610",24,0.50493898251646,0.136590097152252,0.000805528635528721,0.0111753343006102
" 7972",29,1.04594394610145,0.301802054242373,0,0.00974840138854806
" 9927",66,1.06604709538737,0.117613559218826,0.000938692792579975,0.00902382659990702
"15590",56,1.1248540826331,0.38466851177475,0.00222992705745166,0.0117906376331577
"15932",23,0.586661460894656,0.163195505851035,0.00127291192385235,0.0115347070204655
"14102",27,0.993962734953777,0.145629757264045,0.000594494529145282,0.00968152999533512
"13720",27,0.973582904137514,0.142796907483329,0.000860659250917262,0.00946755767469192
"15127",6,0.0352601717855342,0.0149648598194143,0,0.00743411111193649
"15941",32,0.621631756202227,0.230379003620277,0.00121679975448063,0.0119624336095811
"13989",44,1.03619365087103,0.127994236582031,0.000409308010985552,0.00976140471223743
"17311",40,0.797232064569201,0.371105480106001,0.000750888797131768,0.0115539772939979
"16383",23,0.492745391197791,0.187992552197741,0.00149817856299188,0.0112440913054493
" 8820",52,1.04453122032745,0.250756982321073,7.13262561109915e-05,0.00945382653893153
"16344",26,1.01935656205682,0.470074842692259,0.00122448859401553,0.0120336474003679
"16442",28,0.57346229110708,0.216678810618554,0.000467056103662571,0.0110644081010008
" 8807",49,1.05155295074683,0.251646902025218,4.22068212766876e-05,0.00939869979970913
"16340",15,0.77910177910582,0.414701565056247,0.000256021997279132,0.0118693919889799
"16587",25,0.545632740735996,0.199846659508853,0.000366283228056216,0.0114561060713941
"16697",39,1.01462938120909,0.32998395825107,0.00251555926655669,0.0120546194614411
"16830",19,0.511191660764134,0.158501966390605,0.00103652100623679,0.0114832209836813
" 8818",52,1.0505759844221,0.250802604494999,1.63592330529797e-07,0.00928172871067261
" 8612",59,1.04070456532925,0.2559089596454,0.000405708979713897,0.0103069446463173
"16326",26,1.08830786490201,0.535655025164366,0.00275424047679966,0.0124709627892979
"16677",49,1.40272592715372,0.819816079631152,0.00278434146561715,0.0125241541742348
"16812",10,0.141842511629898,0.0502122626308052,2.68291422068867e-05,0.00952766264935984
"16695",23,0.680591346970252,0.248202043588091,0.00142063579832076,0.0114916739207195
"16757",20,0.43428439454699,0.130502609739585,0.000504355155023364,0.0112080078794779
"16577",27,0.6510435745709,0.194686261399895,0.000883234992530374,0.0112549289009147
"16888",21,0.449200255577195,0.253997865418376,0.000221340423206815,0.0115954116377554
"16616",24,0.670464988723293,0.222243513104222,0.00100200302449501,0.0114762238075944
"16875",27,0.872600602897601,0.34858922745831,0.000869329644435341,0.0118608254122359
" 9817",44,1.07751602595262,0.160903610693048,0.00175076512132989,0.0104576673778336
"13970",49,1.04755305198943,0.117497637294525,0.000251441412024298,0.00949036291384726
"15666",21,0.406720657929404,0.186340045095318,0.000289067648046151,0.0109621072516191
"15842",23,0.42801667830887,0.126397223066706,0.000347470110045289,0.0109490083848367
" 9815",45,1.06805444217403,0.158662470076844,0.00181489331489757,0.0105950708351164
"15653",19,0.309598411354491,0.127106279240681,0.000134472895695493,0.010398140290488
"11530",89,1.00928367062913,0.0795046063426385,0,0.00638111577225792
"10112",58,1.00337068555229,0.105634918059061,0.000533801774518728,0.00899211226092647
"10486",56,1.06469054361068,0.119960636607098,9.07937434440374e-05,0.0088619681658871
"12414",98,1.01678553656487,0.0846057130628945,8.99757817913884e-06,0.00691618032089152
"15683",30,0.656469990940536,0.252912645268411,0.00179558941989505,0.0117821659608227
"15934",25,0.429149685574854,0.156930392368113,0.00033814534720509,0.0105931236816467
"16088",9,0.134096092964038,0.0430132030030065,6.54369322119188e-07,0.0089431198012878
"11526",88,1.03830415533755,0.0913724310623434,0.000196801573627346,0.00688447063846058
"14407",41,0.957843934764717,0.397611915417551,0.00179133601930128,0.0117770709047022
"10478",56,1.01415745102491,0.109306199101482,0.0001372539653145,0.00851481269717762
"15645",19,0.547948923564591,0.194052334209368,0.000660422238348791,0.011653400027176
" 7317",50,1.02390747012931,0.2933192166913,0.00161563785631228,0.0100097662756017
"11470",66,1.03510413248848,0.137133759845824,0.000166209807818274,0.00915292857344424
"10831",88,1.00093605256765,0.0855519149749087,3.15733197922508e-05,0.00804357209084823
"14965",23,0.317382596337866,0.140316607445514,3.10825428006614e-06,0.0100303366706162
"12125",45,0.980136145740815,0.125920906494569,0.00167731216492201,0.0102428743676954
"17383",27,0.594395700127569,0.233614528778834,0.00125262647486666,0.0113578003405309
" 7977",33,1.05586315566603,0.316688965157414,0,0.00981372503225474
"13263",49,1.04149454659758,0.212764800388362,0.00118277254973043,0.0108361374201201
" 7986",27,1.05483328698418,0.326346829431794,0.00224743143681835,0.0109371471979126
" 7973",33,1.07463620761342,0.315263270160207,4.87505144978795e-05,0.0096626946276274
"12651",92,1.01358355358013,0.0856947515567309,8.37592732312561e-05,0.00733412352570181
"12928",29,1.01049477029791,0.106041861940201,0.00428481032123644,0.0102053970994979
"13949",54,1.04488386886221,0.115346400291234,0.00166716944042916,0.00991658980650115
" 7978",26,1.03360475379159,0.29853572976766,3.19005044533104e-05,0.00973311857202253
"13991",48,1.06095446507759,0.121674029655989,0.00192008318342823,0.0102321566071292
"10399",37,0.961316769439986,0.0741882932350758,0.00243114562400331,0.00901831822526802
"11783",42,1.09332433140455,0.111982150503122,1.79951563582777e-06,0.00886174837260233
"12264",66,1.11098889474222,0.198159722607552,0.000277452592578536,0.00933212220984588
"10402",51,0.953773013008815,0.0754249838654888,0.0015526548090583,0.00887789951053235
"11789",43,1.09395557215132,0.111577040954786,9.48835517072823e-06,0.00889499159066404
"12257",60,1.03064588877896,0.184952525609858,6.78908171698658e-05,0.00879161455391841
"10585",67,0.968940827875984,0.0766891030380823,0.000175207385997413,0.00854065304951039
"12071",62,1.09971484420689,0.159267803735769,3.33728354280786e-05,0.00893656605793601
"15696",61,1.18390543861872,0.536096678216267,0.000954561248641366,0.0115825251193794
"14969",62,1.29530033785727,0.663941100976008,5.69301310243694e-05,0.0109577504770854
"12148",56,1.00288101475369,0.147117984177462,0.000214960322316153,0.00930379615340252
"10937",54,1.06313581613968,0.209625540522957,3.92621593271513e-06,0.00866425044641663
"11450",85,1.0166346696171,0.0866067056744861,0.00016915446976781,0.00767124111708841
"10540",47,1.04980685302831,0.113767414164206,0.000109606861454964,0.00871241531867397
"14970",64,1.29758001131228,0.658796545179829,0.000180278748243836,0.0110110322091568
"15874",30,0.548428352249984,0.256485461649208,0.000310007466353965,0.0114959163364244
"15715",51,0.961986419688216,0.44102368751657,0.000922660744188055,0.0115019645317084
"12082",63,0.995655750735692,0.153353691143196,0.000194674873330458,0.00937669348808874
