"node","degree","strength","eigencent","betweenness","closeness"
"11195",28,1.11079756076021,0.266106119069642,0.00149563681752032,0.0175112968290645
"10351",41,1.18896861917437,0.262359535197411,0.00324527026658745,0.0171744511486112
" 2845",37,1.12136073287216,0.318225480692231,7.52178865954095e-05,0.0154392925334151
" 9973",29,1.09872770181234,0.225408586697973,0.000667149950672328,0.0163515135990237
"10648",43,1.19730489972513,0.41472406284833,0.0013659132160007,0.0182676703944375
" 9769",28,1.09328222268974,0.213115188660115,9.59300582666093e-05,0.0149684453607642
"11112",49,1.30508938899574,0.493402295250644,0.00454468651038061,0.0197559026985001
"15474",49,1.43151082782777,0.48844324522531,0.00797745643630735,0.0195825628924175
" 2193",35,1.32937861680772,0.576229165311648,0.00367695552878719,0.0192433122761293
"12841",37,1.1170601213748,0.42302196199102,0.00171256956291867,0.0174426749601721
"12824",53,1.38088974669681,0.587787781479308,0.000201671145219576,0.017023008464771
"12822",43,1.35987845942641,0.591268120975956,0.00141714858802945,0.0173762855761151
"12825",42,1.30273705720552,0.555429656402207,0.000402252176140668,0.0170125195213764
"12848",51,1.14492074571738,0.457476890274234,0.00182049087846861,0.0171622768889035
"13753",39,1.43142167379087,0.568698953621135,0.00241896362833643,0.0190458902374219
"13774",39,1.27293403666419,0.459010808623771,0.00369221712896597,0.0193029131480622
" 9595",48,1.59751248935731,0.355850201286091,0.00697019082450795,0.0173044558318325
"10272",43,1.22134526202607,0.366700694495981,0.0086707691301433,0.0197580428158569
"16305",47,1.58597129796917,0.715710860722361,0.00250072220072275,0.0193666720688076
" 9206",48,1.72192512442962,0.713423481947532,0.0106733090964588,0.0211948644438851
"16295",33,1.39406121426618,0.631243491777243,0.00321583718052838,0.0198602900291651
"12834",41,1.42044389019406,0.623891880322352,0.00127870407212196,0.0174681642449704
"14821",59,1.24933252052811,0.409271469095525,0.00223800465478805,0.0184438025969602
"12835",33,1.2824015064409,0.572835706588389,0.00163517144772629,0.0175334752992845
"13758",46,0.919758219185008,0.360944456467592,0.00147492464584912,0.0185248872397597
"10374",27,1.20501395386659,0.299589415102331,0.00327906380984046,0.0176158713218687
"13502",44,1.03275555712613,0.341871488972021,0.000736917265775317,0.0179263320143155
"13749",42,1.38648131614266,0.5743674200869,0.000941858753890345,0.0181734669621103
" 1840",39,1.24153893872167,0.325114298975078,0.0018695460219004,0.0164045056633111
"15387",51,1.13639464818638,0.504274231836829,0.000839388009832831,0.0186148472517224
" 7508",56,1.28985500212301,0.357958686025655,0.00285064889053617,0.0177263024408849
"15576",51,1.2055951984764,0.359360761227983,0.00226852785514561,0.0187179714459573
"15608",52,1.34284101879933,0.413913926209465,0.00128851510080832,0.0183903050271573
"15688",37,0.934914023780337,0.310400942238576,0.000523254863272414,0.0178701818827285
"15739",46,1.0482792312627,0.336886023071135,0.000726016122790475,0.0182847123043879
"15780",43,1.00324482518163,0.32512115124196,0.00228160922672742,0.0185639444377621
"15832",52,1.0791167760785,0.330633636156218,0.00213662402502902,0.0176626892578876
"15896",33,1.12526033992118,0.438999130465805,0.00404323393307788,0.0201870108733437
"15729",43,1.08553509595784,0.321088349212564,0.00222383316890776,0.0190667244075898
"15882",44,1.1736988719007,0.389192674181581,0.00276889031814986,0.0188588472908469
"15947",51,1.38838045578228,0.45419303829039,0.00542222852066039,0.0197363018922448
"12844",48,1.2038760015838,0.433648448741949,0.00191860116533219,0.0184657046017647
"13766",51,1.40073923148519,0.585756275184193,0.00158066573280208,0.0185364718809018
"13764",38,1.35176541177819,0.570685293072512,0.000933137839502472,0.0183811566920326
"13993",43,1.18056900980221,0.4065813584468,0.00366496427150387,0.0197102034575707
"13778",42,1.1595359320016,0.454088258300804,0.000817585723863147,0.0182248466371188
"15470",53,1.22862247302576,0.40777632422681,0.00239498111376978,0.0184801496888255
"15464",36,1.06043457125845,0.385761043566364,0.00363117072825086,0.0193802468547337
"15604",44,1.2637017048433,0.476677362157259,0.00189243842216856,0.0192358854696525
"15671",40,1.08207625967178,0.375693565985457,0.00287354129080434,0.0193952379691795
"15736",40,0.970804067035226,0.412628106495287,0.000801234009385884,0.0185530861848054
"13887",49,1.57058114400396,0.868693147129512,0.00111845727024479,0.0192220865793544
"13902",37,1.43317159354091,0.812247025590268,0.000693312693835949,0.0190768576656892
"14015",42,0.969143864162617,0.309035915916228,0.00207230728141846,0.0191890675059192
"15312",44,1.10194226053874,0.410949669874578,0.00378160650144168,0.0204420197098121
"15801",47,1.4150783626552,0.489564096171751,0.00520965623245597,0.0197391080094249
"14818",46,0.951932403230111,0.310630367769773,0.000621365150135992,0.0173208470659437
" 9635",39,1.14891079371408,0.260758609091308,0.00198836848043517,0.0169153478134407
"14004",39,0.99880909180301,0.370354873493236,0.00316242157990265,0.0192488183795348
"14727",62,1.14840517824505,0.383034058425053,0.000434955605095194,0.0164700756139416
"15258",56,1.24132063589748,0.445659419456593,0.00174091253467926,0.0174201653507637
"12095",34,1.15870807617831,0.260790158940615,0.000844838581325252,0.0158773149095899
"12104",33,1.12042622518622,0.247943924314063,0.000451307319572457,0.0157823860240311
" 6558",54,1.44182691162924,0.519629271887398,0.00545166160671946,0.0204826611641521
" 9637",39,1.18464535263364,0.262489891495445,0.00282448614737255,0.0174651623484965
" 3216",29,1.13909037437952,0.323647401162289,0.000127543372922651,0.0164723932744547
"13821",39,1.08743692859508,0.357869844394517,0.00175835436345501,0.0185018937687017
" 3266",36,1.16762678938229,0.32571385051436,0.000562498978017845,0.016056446393841
" 2828",41,1.12904693861935,0.307955531515954,1.85319430742313e-05,0.015127101765605
"13872",36,0.908574056024347,0.298067793097942,0.00174200264897775,0.0177526292436393
"14069",40,1.07029649544558,0.400154107126027,0.00177034562073833,0.0182794743434236
"13867",55,1.14263816951593,0.490545384478682,0.000497092120108793,0.0180158717165404
"  273",42,1.12475918144025,0.361280289085028,0.00298255272065276,0.0188297318469762
" 2784",45,0.828215665707366,0.285599321147729,0.000263807660233175,0.0165548439615375
" 7690",39,1.14269821949745,0.196392811425153,0.00173328173458987,0.0146153772471635
" 4858",29,1.17929488431069,0.370569683033838,0.000825216523952536,0.0176120787312166
" 1958",38,1.1303616624156,0.27287789477123,0.00158393607569754,0.0166425051910978
"16483",47,0.941483521811656,0.327885030648802,0.000915696010726725,0.0185344621304285
" 2807",35,1.10738441785565,0.294452905042672,8.17585723863147e-05,0.0151438567231697
"12123",32,1.10242154554839,0.204707256467714,0.00287790174799828,0.0164627518072534
"12950",30,1.09017394901893,0.197168639638826,0.00193604299410793,0.0159521716093145
"13549",49,1.2110031291779,0.359361905229645,0.00209410956738814,0.0176799469627688
"10655",36,1.33393242811792,0.339155459237569,0.00477906108455472,0.0189018470700669
"11920",45,1.15228209646746,0.267495182363653,0.000502542691601214,0.0167201858711617
" 8308",29,1.08718859631616,0.211153773865662,0.000873181553085841,0.0138720910233295
"16214",36,0.992676280442766,0.279833859133872,0.00203088293807606,0.0181420248929338
"16091",53,1.0561608854867,0.296139468520384,0.00200253996631547,0.0181624252423069
" 3243",35,1.08886439277059,0.269525074779886,0.00038699057596189,0.0154068729759131
" 6573",38,1.30072485932867,0.453688622795648,0.00985572337259562,0.0201366114128928
"11632",43,1.25618393747208,0.367137119594693,0.00112281772743872,0.0177878406845212
" 1936",36,1.28645315040513,0.485866492856383,8.39388009832831e-05,0.0178835140149677
" 2159",47,1.43841589790418,0.53080579284933,0.00866095810145694,0.0196455441137944
" 5088",42,1.28729789265047,0.539791965605431,0.00253233551537879,0.0183144580225717
" 5191",52,1.23256508485034,0.383542284816255,0.000360827832798269,0.016719581942227
" 5227",45,1.29809122568609,0.461641379339013,0.00168531670545657,0.0172563832973758
" 2956",45,1.09575972754406,0.233646951077864,0.000162427030474145,0.0119023639967036
" 5013",43,1.48007730321475,0.561955832347581,0.00664097630636572,0.0203129924773228
" 6285",51,1.05882456068822,0.386815488999544,0.00210174036747753,0.0193198928510661
" 2252",29,1.14562421787287,0.322712950376135,0.00136264287310525,0.0164732064663583
" 1972",33,1.04886243814363,0.453112663820887,0.0018902581935716,0.0177798125477916
" 5219",44,1.17487566756856,0.346957024482301,0.000707484179716243,0.0167585212988926
" 1172",44,1.09380812075999,0.233879083953101,1.41714858802945e-05,0.0115671622945582
" 4512",70,1.3422319841056,0.411882869429223,0.00185864487891555,0.0188664242845716
" 1989",51,1.69784467726854,0.699353967188117,0.00845274627044646,0.0204468002789968
" 6559",21,1.04300778289198,0.354546810235979,0.000373909204380079,0.0178100328315465
" 6732",40,1.1595225602174,0.369404933715534,0.00445420702360642,0.0190170801766073
" 1858",37,1.34470834370296,0.513365234630519,0.00304250900706939,0.0188097286736729
" 4461",25,1.24266485213524,0.401786279254757,0.00072492600849199,0.017300794673561
"  236",43,1.1285481700116,0.344048286293669,0.00256067848713938,0.0183010881739126
" 2501",29,1.27236145487193,0.494815226977518,0.00336518283942071,0.0182427441846344
" 3302",33,1.17543434233951,0.303536560850512,0.00128415464361438,0.0174176198706373
" 3666",37,1.37146954697305,0.404178629368671,0.00268168117427112,0.0184459059116213
" 8141",38,1.3671902151538,0.572123643510897,0.00488044171431375,0.019446580337093
" 4493",50,1.22701035139955,0.415941048769626,0.00143350030250672,0.0166435119344629
"  450",36,1.03658949974793,0.284725394254237,0.000245275717158944,0.0165277050869378
" 3231",44,1.31084875011408,0.416170451034118,0.0063324739598947,0.019438947377746
"11652",51,1.21535895256671,0.367253141682623,0.000715114979805633,0.0176883357843224
" 5204",37,1.26506238495773,0.398787559007478,0.0044215035946519,0.0178036152882227
" 5261",35,1.17741891360961,0.347482626775177,0.000417513776319447,0.0167922614783353
" 8796",30,1.31114422559116,0.347926654815986,0.000659519150582939,0.0189228986278608
" 4392",63,1.33184575672092,0.368742010286499,0.0012002158426311,0.017907063333541
" 3251",30,1.12665140399135,0.288715116929493,0.000675870865060202,0.0156192102444871
" 2838",40,1.11848511018867,0.308921174459821,0,0.0152492684754802
" 3254",41,1.12233591040586,0.288962584919291,0.000968021497053966,0.015741358579017
" 4359",45,1.0867075679632,0.226010997629064,0.00105632075523119,0.0162735675830572
" 5193",44,1.21533708600383,0.402275708060196,0.000977832525740324,0.0166607963587084
" 3663",34,0.993828009136743,0.381286612113723,0.00108248349839481,0.0178581918665609
" 5872",73,1.67658606745438,0.664228956294589,0.00327797369554198,0.0190244265116457
" 3258",48,1.28558956584883,0.388355489835299,0.00346220301198581,0.018202601671412
" 4460",33,1.05421929244947,0.312871411808818,0.00138553527337341,0.0188609926179744
" 1934",44,1.30338180841506,0.492182634357097,0.000523254863272414,0.0179560460722103
" 2204",38,1.31478570712338,0.553147692916519,0.00129941624379316,0.0185029126831171
" 1928",47,1.31229973230269,0.494832692520349,0.000486190977123951,0.0180342306760525
" 5213",45,1.19632615093493,0.381707468724612,0.000752178865954095,0.0167013524709954
" 4633",57,1.45464419924255,0.630764990772713,0.00392768181743856,0.0196821139587424
" 4352",50,1.53958124250502,0.613127153925715,0.00749562591637733,0.0196600340280551
" 6984",37,1.09277598218068,0.219575718724397,0.00116206184218415,0.0164424953061212
" 6069",44,1.25602499934843,0.432447723860727,0.000793603209296495,0.0171271929196367
"  444",35,1.08159207506793,0.320023114963576,0.00130704704388255,0.0170748730511721
" 6740",44,1.1390304357601,0.230929997821658,0.00141169801653703,0.0158116681767078
" 5702",45,1.17206422290819,0.262601105945939,0.00448145988106853,0.0180062487902451
" 3653",57,1.68048043249392,0.670670321917696,0.0095668430834973,0.0209833214351875
" 5155",37,1.09143112361921,0.244836711121291,0.000187499659339282,0.0132976115157548
" 5196",47,1.44061529327007,0.530643581241902,0.00242659442842582,0.0175739946619903
" 5151",42,1.11690718783077,0.256216053576288,0.00214643505371538,0.014511262507944
" 8910",31,1.20390483198009,0.322374785543312,0.000586481492584498,0.0174450716961363
" 6730",32,1.11755767775914,0.194337329517088,0.0033248486103768,0.0168295570843871
"  356",60,1.3140091445089,0.42194490629302,0.00466459908321388,0.0193859831102203
" 3722",42,1.19292149803284,0.416060662897595,0.00485972954264255,0.0191088398353076
" 7849",40,1.27273532893441,0.35056686789551,0.00728087339957595,0.0195548836557938
" 5249",47,0.871648660650503,0.23649545349466,0.000609373892852666,0.0154243322222065
" 5217",46,1.18266163070069,0.308429466206808,0.00015588634468324,0.0138089096210627
"  355",28,1.13469032815119,0.377571475416789,0.0011795036709599,0.0180370116156449
" 2825",34,1.135149079302,0.328309782654774,0.000306322117874059,0.0155204799410177
" 6670",43,1.09830467436398,0.167861299995882,0.000336845318231617,0.0145048605280811
" 5183",41,0.925840747904714,0.219384635894189,0.00179214790670802,0.0160265991635951
" 6438",37,1.14253837374898,0.287460420696024,0.0003586476042013,0.0138420879713658
" 3716",57,1.25584056123928,0.435397720337858,0.00243967580000763,0.0186032986379568
" 4419",59,1.13580048263838,0.289121045431628,0.000472019491243657,0.0163662551679271
" 4029",56,1.2540799575756,0.361100064993613,0.00253560585827424,0.0170682839514086
" 3029",65,1.95643162506443,0.71209424726573,0.0180174091253468,0.0217798814594534
" 6424",34,1.09207837281192,0.27650138167613,0.000282339603307407,0.0137791363476454
" 5230",45,1.13295989581824,0.279160818292051,0.000525435091869383,0.0141541900678781
" 6844",46,1.55661267492976,0.551638830199455,0.00639788081780375,0.0197860888092562
" 2963",42,1.46328096542344,0.390599808296585,0.0132863130699254,0.0197343114274192
" 9005",51,1.30752317677168,0.371512576367876,0.00519766497517265,0.0185186314930056
" 4370",51,1.23329866480457,0.472541114233681,0.000961480811263061,0.0176802997434616
" 6725",30,1.15040786668647,0.222115395660263,0.0010759428126039,0.0151858399408608
" 1699",59,1.3210310142091,0.474924744560766,0.00364970267132509,0.0186658664414055
" 5150",45,1.08792674852872,0.229594188342766,0,0.0131258422358023
" 6603",52,1.29821432007366,0.48310493598744,0.00365406312851903,0.0190673571160848
" 3192",35,1.10835707020271,0.267983632435129,0.000216932745398355,0.0143334749282828
" 3276",51,1.1903831623351,0.325510220950208,0.00329759575291469,0.0177339514439805
" 5332",23,1.15871218651005,0.388144517687128,0.000330304632440711,0.0175723775850498
" 6525",32,1.29295215010533,0.418367859267991,0.00229251036971226,0.0184155731476224
" 3647",35,1.34913029366707,0.433449101967819,0.00402688221860062,0.018138452869698
" 4397",33,1.1872230015134,0.412723883679608,0.000646437779001128,0.0175887099685198
" 6576",32,1.34775296143261,0.461389439054102,0.00419148947767173,0.0191206243575554
" 1606",34,1.1944962344572,0.385897398531285,0.00237426894209858,0.0178596805204735
" 5132",42,1.07679100665616,0.230901805501213,3.05232003575575e-05,0.0131332349440492
" 6422",53,1.25003835709927,0.388983443047614,0.00255631802994544,0.0164018531161275
" 3220",32,1.11795526267285,0.269999577552669,0.000308502346471027,0.0143345242898952
" 1861",39,1.57786449207755,0.648620207316026,0.00484664817106074,0.0189771439472929
" 5146",44,1.09228982673616,0.230647901798041,1.85319430742313e-05,0.013200371660817
" 3170",66,1.51430799049743,0.538314718720072,0.00292041620563916,0.0184403032578788
" 7589",51,1.21618663714645,0.354946087664732,0.00253233551537879,0.0179764524355767
" 3282",26,1.13766375275775,0.285094367529989,0.00034556623261949,0.0169990468271703
" 6782",48,1.1636580105224,0.276585307504509,0.00933573885221865,0.0185828501190443
" 5129",37,1.0755110725059,0.230821545475272,0.000200581030921092,0.0134537288060993
" 5148",39,1.09185881864064,0.235631399304757,3.27034289545259e-06,0.0131001094499914
" 6388",33,0.982161635250098,0.238556743841298,0.00151416876059455,0.0142210683236159
" 5141",43,1.06046921863044,0.235624435772561,0.000304141889277091,0.0128373799891564
" 5248",53,1.30880828383393,0.462304933369235,0.00107267246970845,0.0167999035159759
" 6945",54,1.23516475544136,0.369308477370616,0.00262499523074994,0.0184721209929268
" 6379",41,1.16486488079024,0.281264916153813,0.000655158693389002,0.0144688501237647
" 3719",53,1.34995364527255,0.392269260772655,0.000464388691154268,0.016675330179419
" 2824",39,1.12797029274744,0.324418441635104,0,0.0155129253895496
" 5269",49,1.3281244150401,0.459423959832506,0.00209628979598511,0.0168255022688553
" 6723",21,1.05908889700858,0.176409181010148,0.0014760147601476,0.0155379700635873
" 8883",51,1.02264698592183,0.284192536711101,0.00185428442172162,0.0180635163293564
" 2792",36,1.18555619786287,0.277874890668489,0.00491205502896979,0.0182643638752646
" 4407",45,1.28267333399406,0.380434490072005,0.0037521734153826,0.0183119440430623
" 5901",44,0.962012483154198,0.252374028657092,0.00140951778794007,0.0174388766310839
" 4937",33,1.26092179667695,0.506245008347479,0.00757084380297274,0.0204306126240284
" 4511",50,1.33117049907396,0.356527007779577,0.00588225675462072,0.0189380007849662
" 4323",30,1.20867469728993,0.393466835316646,0.00136155275880676,0.0175887229797514
" 5027",30,1.37546114047399,0.487193831054623,0.00761444837491211,0.0199279826439382
" 6835",47,1.38775232011657,0.448673350107903,0.00303051774978607,0.0191635262366034
" 6866",32,1.37251711768037,0.475616337242639,0.00467441011190023,0.0194105527779578
" 1729",51,1.17178703654064,0.30709709594557,0.0012274687000932,0.0170064963329927
" 1664",59,1.37431880888475,0.55192334577234,0.0033248486103768,0.0198850375800093
" 4252",47,1.22328977081246,0.449248654806651,0.00309265426479966,0.0187653336075451
" 6512",83,1.5743732966804,0.488285163669204,0.00205268522404574,0.0180729974940904
" 7600",29,0.97576406776132,0.161981628596325,0.000973472068546387,0.0154604745716908
" 8911",35,1.28245568532839,0.346474594665246,0.00155014253244453,0.0176421396741989
" 3154",30,1.08388706361336,0.26536657659477,7.95783437893463e-05,0.0145656499624798
" 8213",65,1.70441405906881,0.664000217269067,0.00626161653049322,0.019741955009353
" 4274",40,1.16422183791254,0.289835676101955,0.00102470744057514,0.01682890907557
" 8246",37,1.58372380658183,0.386445605661352,0.0147514266870881,0.0192421366545883
" 6416",40,1.16799545597346,0.292537636909745,0.000228924002681681,0.0138996201282142
" 6519",49,1.19060370802983,0.466280799253008,0.00660391242021726,0.019381731313754
" 6179",51,1.22302293472094,0.486624740176671,0.00247019900036519,0.0189665356834105
" 5921",58,1.44385375005642,0.513650351015684,0.00198182779464427,0.0180124461065596
" 4176",47,1.70573047781425,0.68503567325216,0.00746837305891523,0.0199965924572422
" 3586",54,1.34614934930932,0.573295618471155,0.000398981833245216,0.0166692699429605
" 6360",40,1.1901873128518,0.304692369305564,0.000330304632440711,0.0141281741235376
" 5194",42,1.19698153901536,0.305440140707448,0.00187390647909433,0.0143176320680737
" 6717",29,1.12271279569435,0.207042905220979,0.000672600522164749,0.0153807208774978
" 4291",33,1.16056487970223,0.401260879113594,0.00230559174129407,0.0178904430979556
" 5225",40,1.1627541949935,0.29826707886365,0.00404432404737637,0.0146583799960048
" 4322",53,1.18263323016191,0.374541701971898,0.000778341609117716,0.0174749080433804
" 4164",43,1.47806194610532,0.628630516579223,0.00177579619223076,0.0181147111278139
" 5158",47,1.16422805683723,0.269773975505083,0.000292150631993765,0.014579246507677
"16526",57,1.44742686488233,0.569714739657134,0.00387208598821586,0.0193467697977257
" 6215",41,0.897184614493371,0.290054889943241,0.000523254863272414,0.0181498831551955
" 1766",54,1.06467583427293,0.358868521042313,0.000923326810816114,0.0181544731240696
" 1665",54,1.44925558961113,0.482058728984933,0.00475616868428655,0.0191074973765453
" 5179",39,1.13112401955143,0.265137249884438,0.00138989573056735,0.0147717892495358
" 4528",32,1.09614541923725,0.349527279530112,0.00841459226999951,0.02014926574032
" 3421",50,1.29615750184832,0.409036194376551,0.00722636768465174,0.0195603273723673
" 6350",37,1.17746909447979,0.329757691781957,0.000975652297143356,0.0154934559970813
"  443",43,1.18563204607649,0.33295881631817,0.00155450298963846,0.0170220056660696
" 7547",63,1.60194744087228,0.699793345834994,0.00198073768034578,0.0185997793692971
" 8622",57,1.48168435241474,0.605171375128417,0.00540914714907858,0.0206917186673079
" 4411",44,1.46525193723189,0.485734654669028,0.00475071811279413,0.0187637611167438
" 6043",32,1.00904056928727,0.337946686363899,0.0010759428126039,0.0166015605301857
" 8324",28,1.06823398220086,0.196819371860212,0.00171365967721716,0.0160173813377371
" 5108",44,1.13842075375092,0.260055968920474,0.00120130595692958,0.0140290410394486
" 6113",39,1.24054582510625,0.476110172517604,0.000103560858355999,0.0164902619512987
" 6101",42,1.2479971993346,0.473889108877943,3.16133146560417e-05,0.0163328998132853
" 4257",44,1.35740336279511,0.576789504081945,0.00110646601296146,0.0170850149319531
" 5976",37,1.09170480760146,0.379295087935421,0.00246801877176822,0.0187911812545015
" 6108",41,1.23631330055051,0.475192453495092,0.000170057830563535,0.0163998283435937
" 1238",40,1.07351333623247,0.218561071399474,0.00020276125951806,0.0123641653355265
" 1697",42,1.30108753927567,0.506163127458963,0.00134738127292647,0.0183638955191563
" 1710",31,1.09945611730734,0.374285532963744,0.00165697373369598,0.0178331881904146
" 5982",39,1.2493311388168,0.420175261939909,0.00410973090528542,0.0188681924263792
" 2714",29,1.19475141478851,0.367707711511656,0.00448691045256095,0.0169508778498006
" 8433",29,1.15420067345197,0.241189386998022,0.00336736306801768,0.0158338775771382
" 6138",42,1.05884508069223,0.318726327806828,0.00464715725443813,0.0193152750717429
" 4981",32,1.16944749157114,0.376139846260914,0.000328124403843743,0.0174416832282282
" 4144",41,1.23605306517832,0.500128706085235,0.00394076318902037,0.0187238440408247
" 7264",51,1.25424806709315,0.293137372965453,0.0048008633705244,0.017833939112015
" 3953",39,1.30964483624552,0.367343848041096,0.00992985114489254,0.0199389288063921
" 3194",46,1.32034735917991,0.404535645951868,0.001828121678558,0.0175294257846322
" 3205",48,1.14338274243032,0.358300539434652,0.00156322390402634,0.0171889008907501
" 5710",30,1.11886158897964,0.362039861223168,0.00612644235748118,0.018502012835317
" 6384",49,1.19299208310829,0.29329053841935,0.000374999318678563,0.0143100463850303
" 4289",46,1.3779294482253,0.593121418115438,0.00114025955621447,0.0181829490802984
" 6724",28,1.06632117563834,0.182649104335084,0.000339025546828585,0.0152230381095361
" 5703",46,1.33898015518907,0.426687600238799,0.00404977461886879,0.0186114871353524
" 6383",50,1.19804001061562,0.295594055742331,0.00010901142984842,0.0143362347246762
" 6177",40,1.30417391387153,0.46640850685216,0.00188916807927311,0.0177308585712684
" 4533",41,1.2854567995409,0.406815624584212,0.00227288831233955,0.0190316091103965
" 2689",38,1.21771762737392,0.366149860551826,0.00318204363727537,0.0169154792153932
" 5962",54,1.82474240133202,0.682015342547781,0.0122888584868123,0.0194511744115267
" 6382",48,1.20635288299943,0.296241440123416,0.000118822458534777,0.0141657783782444
" 6842",39,1.25299437278438,0.418513206517107,0.00250617277221517,0.0189648726711624
" 3218",33,1.17093880923657,0.318404887781395,0.00121002687131746,0.0171374218942868
" 7156",24,0.94661578053127,0.211335758509568,0.00495129914371522,0.017928933778593
" 4250",31,1.24267111936957,0.528384235994691,0.0013037767009871,0.0174827191938617
" 3727",57,1.52407299002536,0.503551568112712,0.00335973226792829,0.0183030220121503
" 3233",46,1.10692640685972,0.29253894347486,0.00162972087623387,0.0169105296125304
" 1727",41,1.19626307872104,0.479960947230329,0.000881902467473715,0.0182154534324836
" 7544",32,1.44632861598696,0.431230540445292,0.0104661873797468,0.0199801575274562
" 4373",61,1.89597920229713,0.7658292477544,0.010311391149362,0.0210043861204408
"  316",41,1.15091403098673,0.341013114533898,0.00209519968168662,0.0184738166945938
" 8289",28,1.05068903887264,0.109683137876969,0,0.0129646395836513
" 6372",39,1.30645122152737,0.487298055535915,0.00154469196095211,0.0163400233779738
" 3071",41,1.27505037034413,0.430179223117997,0.00512898777436814,0.0185298689435008
" 4113",39,1.38591553976471,0.613566244708182,0.00147056418865518,0.017764717209574
" 1656",47,1.03256415606318,0.343899131248131,0.00253233551537879,0.0181455289936558
" 6369",49,1.31380383164094,0.478704518775546,0.000801234009385884,0.0159723185170864
" 3474",43,1.11106151796861,0.367969663324148,0.00111845727024479,0.0184051472951426
" 4888",47,1.30351794566895,0.441291217439024,0.00623327355873263,0.0197114568779076
" 3366",59,1.93301935528421,0.770712374694431,0.0155046956673407,0.0210103343286328
" 6827",27,1.09484215744977,0.341847944362841,0.000646437779001128,0.0180485016758551
" 3201",40,1.10755242049565,0.290810371151983,0.000693312693835949,0.0167437355242739
" 9091",30,1.10694405691103,0.216383600034864,0.000455667776766394,0.0158881253283741
" 6708",42,1.05488968995782,0.215200880623294,0.00124491052886895,0.0162325111030525
" 3589",38,1.13258728260621,0.298839005089398,0.000270348346024081,0.0166643815743369
" 6852",41,1.05014206977042,0.397865961352092,0.00150871818910213,0.0187349712665453
" 3550",43,1.21412143144274,0.379665616060843,0.00514424937454692,0.0189027578378605
" 4484",36,1.37354749978791,0.458353854848182,0.000633356407419318,0.017810483044752
" 3694",38,1.22429836863726,0.36900535636958,0.00133648012994162,0.0175549369946291
" 5420",73,1.86340322760972,0.805482909956651,0.00646437779001128,0.0187895038456315
" 5852",58,1.61480710455277,0.533650520589066,0.0041936697062687,0.0186540708216091
" 6122",37,1.24625072030425,0.419426513456425,0.000778341609117716,0.0168548583884667
" 4237",45,1.27528886325948,0.546594438114074,0.00016896771626505,0.0162433772950772
" 3845",50,1.16401573337839,0.326959773130817,0.00261845454495904,0.0190394417383027
" 5926",42,0.961903633794332,0.321249046562416,0.000560318749420877,0.0181277915427279
"  665",45,1.18122338066208,0.278533728070539,2.61627431636207e-05,0.0141847320730716
" 3318",27,1.21800640123698,0.297767531842423,0.00210610082467147,0.0180277150431209
" 8337",32,1.1763774271593,0.252701991465861,0.00149236647462486,0.0166746940995184
" 6828",28,0.986022573114839,0.297993288631166,0.000886262924667651,0.0179774587023977
"  640",43,1.216779407491,0.304282564077796,0.00299236374933912,0.0153382860913453
" 5940",53,1.29810773065947,0.487322804375166,0.00251271345800607,0.018986523308099
"  632",53,1.26791774116143,0.32814378724184,0.00229142025541378,0.0153786053196354
" 2149",43,1.14434714682206,0.338615377393717,0.00306758163593453,0.0180694177029736
" 4855",53,1.37439082809231,0.456111166517349,0.000357557489902816,0.017689168283367
" 7118",38,1.16610158128655,0.240971912014676,0.000968021497053966,0.0154046234511916
" 6016",39,1.23051853425807,0.418774006924088,0.00285282911913314,0.0192891182865809
" 6044",41,1.15400855710254,0.38056685481961,0.00343167981162825,0.0191078301346244
" 6062",43,1.21999794341826,0.375716464921066,0.00314497975112691,0.01909741043438
" 4877",49,1.36081291975572,0.450798142981624,0.00116206184218415,0.0178277017919044
" 5991",31,0.909151831925621,0.256731987492923,0.00100944584039637,0.0182905988897995
" 6833",27,1.26234003296374,0.375057689489861,0.00392223124594614,0.0189548981699374
" 6002",32,1.35084657079124,0.449205020334562,0.00366387415720538,0.0192036252286659
" 6290",40,1.03219874969806,0.318446685227116,0.00236554802771071,0.0190562581456953
" 9075",19,1.06543928804607,0.192088739584649,0.000962570925561545,0.0160024721955095
" 5756",48,1.192486034476,0.320434278193537,0.00305122992145726,0.0158035025008803
" 5945",43,1.37783976109314,0.478306410310641,0.00495783982950612,0.0195422246529809
" 5858",56,1.29903411517523,0.441855434590385,0.00138880561626887,0.0170581265061546
" 5632",68,1.54803997872709,0.629866692557732,0.00413371341985207,0.0189202922980105
" 5908",39,1.25984328218636,0.352787093327135,0.000612644235748118,0.0154231900451398
" 6417",36,1.17106090142411,0.415444481014997,0.00170929922002322,0.0184656472838074
" 6345",46,1.35814342717102,0.38698532812175,0.00249309140063336,0.015563842192654
" 5565",42,1.07783235190003,0.343881655141269,0.000862280410100999,0.0180856339271145
" 8635",47,1.24960816220672,0.346668835264449,0.00172674104879897,0.0168751516469331
" 6005",37,1.04482412401997,0.357183840647217,0.00329323529572076,0.0193512648615362
" 5959",38,1.20361054642676,0.363790584230286,0.00421656210653687,0.0186678883878108
" 4307",41,1.18612576461987,0.35981414259666,0.00197746733745033,0.0176783098229621
" 7808",31,1.09475354660783,0.194880817495485,0,0.0134925787990583
" 8292",36,1.0904201549559,0.201418792214987,9.4839943968125e-05,0.0136481605378836
" 6408",40,1.27279594010532,0.447011072011466,0.00269149220295748,0.016943055257845
" 6011",51,1.35384067784572,0.433549878545337,0.00152506990357939,0.0166326327654473
" 4238",54,1.43436910654839,0.598751800358354,0.00152943036077333,0.0169909325341386
" 7806",34,1.10815545344245,0.204693326491697,0,0.0134707105225205
" 5953",32,1.20804647393504,0.39597260394739,0.000769620694729842,0.016953207947747
" 6329",50,1.50457662675422,0.465065879159471,0.00492295617195463,0.0198806830896331
" 6763",36,0.911508764703593,0.305721647025271,0.00145094213128246,0.019127221336875
" 1694",32,1.27673989997079,0.537264456375522,0.00271002414603171,0.0187137627028993
" 5048",45,1.27793377387607,0.47872021072291,0.000112281772743872,0.0161453148716538
" 8801",27,1.10400386172494,0.218865649778885,0.000469839262646689,0.0158708152740591
" 6377",44,1.25102488944385,0.47279503230104,0.000785972409207105,0.016342473868705
" 4995",46,1.4425684203916,0.464400218816021,0.00236445791341222,0.0176510771534231
" 3234",62,1.12065054661913,0.313143207309895,0.00192187150822764,0.0176758697247598
" 1052",35,1.20779928823792,0.322649340191274,0.000591932064076918,0.015692458920665
" 6115",40,0.919055398773316,0.313198140940043,0.00437680890841405,0.019968895763232
" 3518",48,1.47884905430215,0.639225126110796,0.00494148811502886,0.0203957136343688
" 5258",41,1.16008457498542,0.357281489249574,0.0010486899551418,0.0171088166449566
" 1795",44,0.902911789576728,0.279881266937448,0.00183139202145345,0.0170217944134178
" 3624",52,1.03222065430294,0.338651061388794,0.0013866253876719,0.0176981496302468
"  284",38,1.15940672626294,0.259112358381451,6.86772008045044e-05,0.0134861763560861
" 6154",65,1.70748277523077,0.558311106561671,0.00930957610905503,0.0195313877621549
" 3261",52,1.14441125879297,0.328397701866153,0.00143786075970065,0.0171407998414537
" 4455",44,1.06132155077139,0.37860037870235,0.000685681893746559,0.0174550542520529
"  285",34,1.14071435211709,0.245651166483251,1.0901142984842e-06,0.0134218668561104
" 8877",31,1.12088502849718,0.202624889109027,0.00058975183547995,0.0147066723133981
" 8413",33,1.0803407984461,0.201511587894428,0,0.0135208276609398
"  278",37,1.15977231795609,0.254492053690766,6.43167436105676e-05,0.013662061989315
" 1711",34,1.39399380375174,0.578528690632419,0.00247673968615609,0.0188103118768124
" 8419",38,1.10179487252819,0.207895996423044,0,0.013189771251781
" 5545",31,1.2199401151946,0.325890786902761,0.00063117617882235,0.0181268308731724
"  274",31,1.06732086554468,0.219678960693302,2.83429717605891e-05,0.0134506301592192
" 1651",42,1.34190236378398,0.419211179022948,0.0139283903917326,0.0202508662850752
" 4548",25,1.15594681720451,0.315951160638807,0.00311009609357541,0.0185291847230732
" 3606",30,1.20075726432824,0.384395545642225,0.00357230455613271,0.017910974136969
"  162",46,1.34469780698905,0.446429579465587,0.0048422877138668,0.0182336106091372
" 6637",53,1.32703658778602,0.515627583475591,0.00342404901153886,0.0183024044137117
" 4625",55,1.86332249623167,0.888862511233489,0.00583102138259196,0.0199525693444051
" 4344",55,1.60174635405451,0.587722512378151,0.00544294069233159,0.018596856131306
" 6237",46,0.893625683377684,0.238789229721722,0.00112826829893114,0.0170989402243447
" 6679",44,1.09903538021136,0.183243514084138,0.000994184240217587,0.014554370203855
" 1150",41,1.20930989531225,0.346792298476841,0.00112608807033417,0.0149503171066484
" 6586",50,1.15050043988876,0.256836731985917,0.000497092120108793,0.013850037460033
" 4226",45,1.33250669702745,0.562580861383755,0.00210937116756692,0.0179399624764031
" 6819",41,1.03819419935812,0.159987267913244,4.36045719393678e-05,0.013816024588156
" 7762",38,1.26413161232054,0.358097001963282,0.00382303084478408,0.0185361961156583
" 5626",38,1.15166099978754,0.407769308048609,0.00156104367542937,0.0149500734282871
" 6080",30,0.923993484904111,0.275705972164803,0.00438880016569737,0.018670759368245
" 4194",37,1.29310159267995,0.547337523690564,0.00087536178168281,0.0175474442827099
" 4203",39,1.34040861371807,0.555294241282161,0.00174309276327623,0.0179270198141125
" 2134",53,1.38006420154668,0.512055931753557,0.00102579755487363,0.0186360286389568
" 5936",38,0.894361240360864,0.270314675015683,0.00205486545264271,0.0170851060909499
" 7277",47,1.11143694280866,0.20612070707409,0.00178233687802166,0.0162578861380108
" 6942",37,1.15624497263611,0.334247074993772,0.000968021497053966,0.017841776975933
" 5624",37,1.20860058444052,0.426961997010709,0.0010279777834706,0.0149743334263813
" 6943",22,1.08216163288522,0.315219009922273,0.00146511361716276,0.0182996405791531
" 5937",52,1.35793133975713,0.414576880131261,0.000539606577749677,0.0169830854216023
" 5630",41,1.21416495295723,0.419231492759414,0.000138444515907493,0.014546949827882
" 4266",50,1.09527797974103,0.331919177195883,0.00360282775649027,0.0193858789875801
" 4140",43,1.37797258301869,0.598455022859496,0.000517804291779993,0.0175141764831282
" 9073",35,1.07053283631421,0.199972089205464,4.57848005363362e-05,0.0153757195092731
" 5661",42,1.28410204950528,0.451539306178275,0.000524344977570898,0.0146313660491843
"  330",39,1.18625491256308,0.284993141741173,0.000893893724757041,0.0153777481205339
" 3513",74,1.44497617365153,0.525571011001576,0.00142150904522339,0.0184572116185052
"  270",63,1.59191330115308,0.521486217261445,0.00397237650367641,0.017828509418002
" 6675",38,1.04562608624725,0.157984318006009,0.000144985201698398,0.0138314182616276
"  320",42,1.17466063338858,0.303027682969836,0.00153379081796726,0.0157343739394189
" 3693",42,1.05463359003022,0.369368707415306,0.00121329721421291,0.0180437363504023
" 3235",39,1.10405880696335,0.294849420123987,0.0010486899551418,0.0151997419448807
" 8829",38,1.08276210098393,0.219526716857123,0.000198400802324124,0.0145255523546206
" 4437",54,1.50961302579421,0.589105462992954,0.00379468787302349,0.0190013376911318
" 9152",54,1.5133812410276,0.50418750785892,0.0079600146075316,0.0199771075048352
" 3754",53,1.19808724186052,0.383294032888826,0.00309592460769512,0.0183433000755307
" 6137",46,1.48151892319531,0.571479432413749,0.00335755203933132,0.0185860366309946
" 1215",41,1.09349464424766,0.224369981277387,0,0.0119588499520601
" 2987",38,1.47136546798746,0.385104254702083,0.00610791041440695,0.0191042401719292
" 4031",35,1.13207968861956,0.326990234003219,0.00254432677266211,0.0189861054510197
" 1225",39,1.08314636344867,0.219266769562713,2.18022859696839e-06,0.0117789073984916
" 4271",35,1.37553736224567,0.521294974676068,0.00428959976453531,0.0184860766030371
" 6909",41,1.38299091631313,0.41812272903431,0.00562389966587997,0.0191543221958458
" 6786",38,1.06142971098412,0.211965648587168,0.00202870270947909,0.0165296813205983
" 6641",44,1.34615317766203,0.38817731732536,0.00372601067221898,0.0190018224507303
" 7802",29,1.1061592575705,0.188861262794214,0.000247455945755912,0.0137597170438577
" 8287",29,1.12231383267676,0.202268637524004,0.00276016940376198,0.0148497918189831
" 6015",39,1.20811422329519,0.389725337900024,6.43167436105676e-05,0.0160166712532187
" 7817",36,1.11227426826373,0.213614118061124,0.00280922454719377,0.014661754082934
" 8306",32,1.06241922431809,0.200683785319394,0.000843748467026768,0.0137461868119174
" 2150",43,1.38941482848462,0.521562558767121,0.00194258367989884,0.0188283270093765
" 8381",48,1.04455075933528,0.1951160210608,0.000510173491690604,0.014419044442831
" 7747",46,1.12696218257033,0.23843058924336,0.00122964892869017,0.0166928920082662
" 5998",39,1.21854710641097,0.389673484479004,0,0.0157013352252898
" 4595",48,1.20827273171237,0.492953919995657,0.00115552115639325,0.0195718381249206
" 6095",31,0.428111499283963,0.159215838180214,1.41714858802945e-05,0.0140921781257119
" 6014",41,1.27190337330374,0.397457207151716,0.00224018488338502,0.0165279711853762
" 6618",50,1.57264880217657,0.585727946686029,0.0113230172183553,0.0199718845837624
" 1588",40,1.37656072401386,0.453965875564524,0.00274272757498624,0.0181288855683903
" 1612",47,1.08411683612519,0.291580715499059,0.00141060790223855,0.015959729482
" 9144",24,1.09487316070275,0.20779585963923,0.000283429717605891,0.0162497109410031
" 5971",35,1.17615327477873,0.371516433080422,0.000335755203933132,0.0159855270978665
" 4665",49,1.73862877145889,0.820423478070098,0.00746619283031826,0.0202416070813461
" 3861",53,1.26004641595141,0.44056177183414,0.00293240746292249,0.0184871441234956
" 3968",45,1.49594159779029,0.675427148196354,0.000801234009385884,0.0190121690505127
" 9163",48,1.59649761517297,0.763027819492158,0.00448145988106853,0.0206021844068352
" 4531",36,1.11841527468914,0.32590918968499,0.0026140940877651,0.018297955934681
" 4951",45,1.12274180152569,0.474035937324934,0.0037728855870538,0.0197759690038942
" 6524",39,1.50890912278039,0.623268960768887,0.00373691181520382,0.0190759873818659
" 3931",36,1.28577533037954,0.598813795804968,0.00197528710885336,0.0193291826920806
" 9383",39,1.12368586171227,0.241186787417402,0.0011795036709599,0.0164068115401932
" 6523",48,1.44671229955765,0.589405069646431,0.00213008333923812,0.0187115760093305
" 7538",28,1.09938326107064,0.217473792951397,0.00130159647239013,0.0163066122901231
" 4361",35,1.40017556000521,0.627268702714342,0.0118975074536565,0.0216713573935451
" 8771",62,1.67583443081134,0.608384525908712,0.00561735898008906,0.0204974124749348
" 3607",37,1.19834902125799,0.347083870256987,0.00212572288204418,0.0182825196264536
" 7774",33,1.07118940337209,0.22865780138956,0.000893893724757041,0.0143244908993582
" 6239",47,1.50456957583682,0.58203147535702,0.00392550158884159,0.0185360046934838
" 4920",43,1.1038431866561,0.355860415679071,0.00435064616525043,0.0193374029833789
" 9207",31,1.08613839379105,0.266750169364543,0.00336518283942071,0.0183920530256345
" 1979",40,1.08046448610599,0.407610756519046,0.00163626156202478,0.0189189261104933
" 7931",50,1.12322418197635,0.198100731137663,0.000826306638251021,0.0146371840895907
" 2154",47,1.46189094863598,0.606495876866299,0.0030904740362027,0.0191649629640683
" 6770",63,1.83125206432899,0.764962377942831,0.00907956199207487,0.0210912667062619
" 4524",61,1.40062793678674,0.561241459210321,0.00818021769582541,0.0203512453281472
" 2120",47,1.31118139262453,0.484631910565988,0.00150435773190819,0.0182548647592656
" 7748",51,1.2519269652731,0.345141033723843,0.0036006475278933,0.0183137780502751
" 8781",36,1.09452248544277,0.165709354821439,0.000647527893299613,0.0156359150888767
" 2046",61,1.48889043258387,0.606838793984277,0.00499708394425155,0.0200175798861312
" 6741",40,1.16855316463561,0.368795982861635,0.00104105915505241,0.0177350396298178
" 4516",33,0.999320766360307,0.169140886906004,0.00369330724326446,0.0171370013204882
" 8638",71,1.81651170772164,0.668838091684004,0.00766677386123935,0.0207034236102988
" 7659",58,1.43820319232368,0.544359704910463,0.00492186605765615,0.0197548146809807
" 6680",57,1.20872041904882,0.429635193075706,0.0074978061449743,0.0197312197712133
" 4797",46,1.42882674800403,0.616362982581876,0.00125145121465986,0.0175929520115682
" 4546",64,1.38194762602439,0.452600230086125,0.00311445655076935,0.019087129350961
" 6966",31,1.29333344651613,0.331801461759384,0.00280377397570135,0.0187718968695917
" 6958",49,1.01011439815882,0.339384516543742,0.000784882294908621,0.0177983484207703
" 7522",47,1.28683037185098,0.580641695493923,0.00161554939035358,0.0183013557509254
" 8634",39,1.5414323971148,0.400223402937764,0.00881466421754321,0.0189976422281057
" 3094",52,1.42108944486422,0.517160442687913,0.00340442695416614,0.0183021660383371
" 8193",63,1.56784997865431,0.638080887052219,0.00272964620340443,0.0184918428651503
" 6784",45,1.03260232454688,0.298986280762401,0.00421002142074597,0.0184070190923898
" 6608",43,1.46639431842834,0.473295483179742,0.0137398006180948,0.0206471716422419
" 2423",56,1.6682153936146,0.606491593603987,0.00616132601503268,0.0189963215781104
" 6808",41,1.15240306449152,0.333432078616145,0.00320275580894657,0.0185659968716522
" 9389",55,1.12436516944625,0.331898696021644,0.00293894814871339,0.0175836747663085
" 8917",23,1.10007848632079,0.298224989774596,0.000768530580431358,0.0188379956659251
" 8923",33,1.09407910598004,0.249869804355459,0.00359846729929633,0.0181201852548623
"  721",39,1.11818214955587,0.259871163334272,0.000110101544146904,0.0140040712220499
" 1853",39,1.18256088029638,0.431907141757617,0.0017103893343217,0.018278207711665
" 7822",46,1.36655166584114,0.537205572413503,0.00585282366856165,0.0201745343860886
" 8892",49,1.28292968377283,0.343831078358575,0.00252143437239395,0.0179447987563256
" 6478",41,1.24535763906766,0.432790373938214,0.00193386276551096,0.0187781942213764
" 8825",34,1.24691184788127,0.284879437407275,0.00432666365068377,0.0181589135193741
" 2133",38,1.40038733432553,0.580680533542629,0.00422419290662626,0.0191368287969233
" 2080",53,1.3935945360711,0.512838121956847,0.00536990303433315,0.0190726275522173
" 6821",44,1.0438319342885,0.168088702514299,0.000671510407866265,0.014322430621905
" 6492",45,1.11386145529473,0.397389190226189,0.000615914578643571,0.0187398149907455
" 2211",54,1.84661905282942,0.826492154211335,0.0085879204434585,0.0209670882720636
" 4545",43,1.12902983291553,0.210664206840932,0.0013452010443295,0.016321761194546
" 3778",47,1.46036458090695,0.598580374455691,0.00282884660456649,0.0181262730918598
"  762",33,1.13632888443164,0.283878799791604,0.000601743092763276,0.0163506177773303
" 6752",47,1.1201234558309,0.3251872678113,0.00241569328544098,0.0181567229541434
" 8416",35,1.10848846700234,0.21135572870163,7.63080008938937e-06,0.0131252852066539
" 8305",29,1.07052566496974,0.201039467910396,0.000515624063183025,0.0136781751406472
" 8442",24,1.06403384106923,0.196587407323576,0.000726016122790475,0.0147831256960202
" 7258",43,1.03275866695931,0.33537250198989,0.000692222579537465,0.0177775118861951
" 3546",41,1.25687915155622,0.372702154281676,0.00186518556470646,0.0177626809126807
" 3948",46,1.30529501531881,0.439460346001307,0.00250944311511062,0.0188447747040349
" 3462",44,1.16100249325956,0.373371603501735,0.00239389099947129,0.0188251482615711
" 6006",53,1.27214143829603,0.407121329048158,0.00354287147007364,0.0198456726323369
" 4022",50,1.31766068074048,0.376843879046698,0.0017866973352156,0.0172861557742962
" 8830",42,1.11072389724467,0.220136888000837,0,0.0131198941627186
" 9011",43,1.13405046419338,0.323348871209024,0.00249636174352881,0.0176359906864996
" 8631",34,1.08259503604826,0.394145084654982,0.00239498111376978,0.0199106847497848
" 8826",42,1.09891246073307,0.216542252670098,3.16133146560417e-05,0.0132249995205313
" 8656",40,0.951196815621148,0.380396725439019,0.00044694686237852,0.017586606610869
" 6923",50,1.08911503786502,0.26168292215057,0.00131576795827042,0.0160068345309137
" 4518",58,1.34150316157576,0.403190607685536,0.0035592231845509,0.018263993778604
" 7293",30,1.17989279391607,0.369253806906572,0.00730921637133653,0.0197204536110496
" 6758",52,1.19544421439591,0.270587668383998,0.000455667776766394,0.0148420721967554
" 8822",39,1.11684752585989,0.222016972815293,5.5595829222694e-05,0.0138796407420834
"  467",48,1.3962265478599,0.433230376565445,0.00468313102628811,0.0186893051200742
" 7526",52,1.45746620836586,0.655234241219882,0.00131903830116588,0.0183561115232647
" 6299",62,2.0526447692335,0.638314509694155,0.0182463331280285,0.0206400264816114
" 2721",34,1.10411373867963,0.25816223888017,1.41714858802945e-05,0.0153644152488181
" 8884",61,1.65201121321766,0.635587191165372,0.0101620454904697,0.0210561234385512
" 4498",38,1.43232687550539,0.461895097537191,0.00979249674328353,0.0200938697206967
" 4496",56,1.24734772621873,0.4073533257411,0.000219112973995323,0.015766567134738
" 2733",35,1.10424710973515,0.259729473425733,0.000192950230831703,0.0154667096016177
"  638",49,1.18636406845756,0.299735477990885,0.00200908065210637,0.0155098506047154
" 2725",38,1.10624538108428,0.257944415657007,0.000493821777213341,0.01554043386792
" 3787",52,1.28677422168267,0.438047425277502,0.00513116800296511,0.0188734831438918
" 4508",35,1.11224578627293,0.209042612072231,0.00371183918633869,0.0165231179620441
" 6502",51,1.29741246154171,0.433432480594152,0.00130922727247952,0.0183036873741764
" 4245",59,1.23678227673903,0.430515655206975,0.00253669597257272,0.0188595306755386
" 2230",67,2.11738636340159,0.916778872289974,0.010725634582786,0.0212435295208469
" 4111",44,1.41802663013703,0.568279708030183,0.00766459363264238,0.0209937077071502
" 3222",33,1.12122474750688,0.281922942448561,0.000156976458981724,0.0146293569505143
" 6801",35,1.2568523459951,0.3343169011262,0.00481285462780773,0.018611560837655
" 7834",58,1.49742421254092,0.516462869114621,0.00316133146560417,0.0185140855932814
" 8682",49,1.11902611488347,0.250387004594702,4.57848005363362e-05,0.0132784076222786
" 8637",51,1.64434114711733,0.594784917313007,0.00594657349823129,0.0201260057503504
" 8935",37,1.14123871362699,0.248308303632377,0.00560536772280574,0.0182818721093856
" 9046",46,1.10961556572609,0.271256244140847,0.00192405173682461,0.0157219418196647
" 7829",58,1.43953758241713,0.480661253726768,0.00399526890394458,0.0181834044447252
" 8680",50,1.12263324446512,0.252257718582722,6.1046400715115e-05,0.0135076410513184
" 8474",51,1.10394296052536,0.176892587760978,0.000308502346471027,0.0147601789453593
" 8766",54,1.27793903740197,0.416556054959751,0.00199926962342002,0.0184630626419351
"11791",62,1.76322564251077,0.803279947975589,0.00520856611815749,0.0197880181683987
" 9089",30,1.1138531788799,0.21469420404514,0.000292150631993765,0.0156446798487557
" 7309",43,1.12277123934953,0.234338941472788,0.000726016122790475,0.0139758725882807
" 7007",50,1.12028044013418,0.242642802164704,0.000715114979805633,0.0139647413985019
" 6985",34,1.09040776840833,0.220219216328906,0.00137899458758251,0.0158731541830177
" 3976",50,1.46729167954554,0.667996716452635,0.00235137654183041,0.0195164075118833
" 9092",29,1.11464751262675,0.213575537329008,0.000735827151476832,0.0157552252866905
" 7006",49,1.27145973963063,0.354504975920714,0.00522382771833627,0.0184377705437265
" 6861",54,1.68861000259206,0.611644651439652,0.0128698894079044,0.0214547510586902
" 8227",31,1.18198025300686,0.474388156432793,0.00247019900036519,0.0192268164272946
" 7656",47,1.04571100938931,0.283225117355182,0.00179432813530499,0.01727370032462
" 1583",44,1.36941818777902,0.462027162343497,0.00799053780788916,0.0190471206900331
" 6570",30,1.09100657354352,0.373057388955227,0.00872091438787357,0.0209354473080981
" 7799",46,1.21988106915014,0.312781363510513,0.00388843770269313,0.0181033038944778
" 3855",48,1.4237039833752,0.675624625265144,0.000925507039413082,0.0190666389675274
" 6528",45,1.10460180604402,0.193903811980672,1.30813715818104e-05,0.0143694972756425
" 1807",31,1.27201657504191,0.469227359457407,0.00225435636926532,0.0185346698536469
" 6527",41,1.0844148216837,0.190065753121654,0.000219112973995323,0.014795014242945
"  510",45,1.19558305288723,0.331939761373956,0.00240479214245614,0.0177354909494312
" 1168",40,1.15930810714899,0.307422068449833,0.000607193664255697,0.0143291004207627
" 3230",32,1.12262595326718,0.288249488176166,0.000524344977570898,0.0150074105518417
" 5415",39,1.09491787144596,0.172541733716159,0.000531975777660288,0.0146478805166785
" 8876",59,1.67681206781695,0.578617620234926,0.00472782571252596,0.019617174557448
" 9148",35,1.02634849819322,0.223991854303407,0.00397019627507944,0.0173691633559352
" 1158",44,1.11246510080067,0.297631288306312,0.000783792180610137,0.0145107778654736
" 7152",45,1.12039387548355,0.375130895713505,0.000913515782129756,0.0179360577770604
" 7561",37,1.05955381010529,0.213770819448426,0.000234374574174102,0.0147974533422806
" 7776",41,1.27153518287105,0.353912739346584,0.00316460180849962,0.0181053731481389
" 6606",54,1.45341267391943,0.425067512709351,0.00275580894656805,0.0184739133809224
" 6580",51,1.06825947435526,0.243109933521956,0.000594112292673887,0.0154990439928794
" 3635",45,1.57250777424005,0.59839983188605,0.0094981658826928,0.0202683992385196
" 3656",38,1.29078269806144,0.452388199579609,0.00487935160001526,0.0191773645276701
" 6783",58,1.53967102693669,0.59708537757402,0.0051529702889348,0.0199572062327879
" 6749",54,1.37969226443083,0.561458261608721,0.00931720690914442,0.020132150625228
" 6577",46,1.42272452708493,0.53032338261419,0.00537208326293012,0.019377736929867
" 8444",30,1.13622589706023,0.228856804072086,0.000374999318678563,0.0148565063397701
" 1533",45,1.28371637116627,0.454959233190616,0.00418603890617931,0.0189171648982639
" 7821",40,1.09339839728714,0.181660137437156,0.00142695961671581,0.01626204824189
" 8327",34,1.1501255494323,0.268823767172638,0.00564025138035723,0.0185268542693881
" 9072",60,1.6279062286268,0.547147448300767,0.00730921637133653,0.0197880724187583
" 2659",45,1.14126106618571,0.279034551194269,0.00124709075746592,0.0156941095006629
" 7605",28,1.22999720923224,0.302433499204362,0.00514751971744237,0.0190533193746229
"  545",40,1.2205379756179,0.334479931993731,0.00599889898455853,0.0179391739656163
" 8349",57,1.22985691022661,0.383547460083831,0.00295638997748914,0.0184790960637602
" 6587",45,1.14564121976296,0.25824643247641,0.000269258231725596,0.0140118243422648
" 8418",32,1.08711785245169,0.200354542398318,4.36045719393678e-05,0.0130644052490939
" 7272",28,1.14086920020456,0.2232579657115,0.00178996767811105,0.0163069854278897
" 1226",39,1.08735375352958,0.223660295114841,1.0901142984842e-06,0.0124683392092131
" 7550",19,0.878292112182506,0.256546195720762,0.0057667046389814,0.0190874277975983
" 1227",36,1.07014318540725,0.214369652100163,0.000567949549510266,0.0128035448289014
" 7291",42,1.31710270512336,0.43958831278486,0.00245929785738035,0.0178115472009856
" 6951",26,1.15028635029808,0.338347991948091,0.00530994674791652,0.0189423499887167
" 8253",51,1.11535007660049,0.387876954081673,0.00143350030250672,0.0182375934411432
" 6889",33,1.20263364893953,0.290109745306637,0.000531975777660288,0.0161938566753114
" 6795",49,1.06990187285866,0.351072327378781,0.00251598380090152,0.0185303489526297
" 7279",45,1.1963412533546,0.376216846006824,0.00117732344236293,0.0178095116395285
" 6989",41,1.24908336569493,0.226648367116573,0.00975107239994113,0.0179544950960526
" 6799",49,1.15490902710223,0.378025466091038,0.00125581167185379,0.0179064039578039
" 8288",40,1.25031973580793,0.302958701854175,0.0016831364768596,0.0168610461270632
" 8625",29,1.01874279692094,0.280248705810383,0.00425144576408837,0.0188014541522897
" 6230",49,1.24014490398299,0.45163334130574,0.00139534630205977,0.0176358398249313
" 1626",29,1.07405634926156,0.219384989888875,0.0013517417301204,0.0137578962756837
" 8373",52,1.45362167753561,0.427871000090836,0.00370965895774172,0.0190713550513595
" 7257",43,1.13384539430416,0.356846859392068,0.00134302081573253,0.0172824222174105
" 1472",42,1.17163866119458,0.369424160806431,0.00936626205257621,0.0200019404502129
" 1594",24,1.01863372494803,0.199872395862801,0.000487281091422436,0.0138602311401881
" 2724",37,1.11370785292704,0.257278402091415,0.000388080690260374,0.0154855686807778
" 1603",30,1.06813977676664,0.215974643690148,0.000125363144325683,0.0131377416059787
" 7753",37,1.36578041692459,0.458423941696385,0.00359737718499785,0.0200262931821918
" 6993",29,1.17960636298784,0.277632911941735,0.00967476439904724,0.0185515338498586
"  174",32,1.18288152521194,0.319715734778854,0.00129396567230074,0.0163279522285338
" 7755",37,1.15890605177353,0.425098791954034,0.0018553745360201,0.0202217868342095
" 4157",43,1.30774454556912,0.356055303103946,0.00344694141180703,0.0182136848764316
" 8278",28,1.03588761142781,0.103511458434646,2.18022859696839e-06,0.0126610631066193
" 9076",40,1.11847490602124,0.37034168603163,0.00121656755710836,0.0184805897863389
" 8286",27,1.0346474185648,0.102504670320072,1.0901142984842e-06,0.0126636999568236
" 7587",27,1.02054172058923,0.111833070973353,0.00164062201921872,0.0158350355262061
" 8290",27,1.03464898842747,0.101037085591348,1.52616001787787e-05,0.0135566814813785
" 3426",35,0.972698617988834,0.26927163248147,0.00161445927605509,0.0176454621261304
" 7722",34,1.15855963912014,0.349673356476287,0.0052489003472014,0.0189492106785896
"14231",57,1.79073694737284,0.687590030793751,0.00991567965901225,0.0205031258944137
" 8415",33,1.084169608491,0.199030431968657,0.00021039205960745,0.0132415700907829
" 7551",52,1.08360926788294,0.273677246857179,0.00136482310170221,0.0161427716061631
" 8421",27,1.0841355267557,0.199681483389006,0.000560318749420877,0.0142576747368063
" 7935",42,1.11294462291834,0.194037157539703,0.001310317386778,0.0164540344749841
" 6968",50,1.03309389105393,0.226845537698749,0.00100181504030698,0.0167125854969889
" 7260",36,1.25567658138985,0.350794474326187,0.00102252721197818,0.0171473941905807
" 8775",36,1.38176640230395,0.422710699429999,0.0108226547553511,0.0195466050672557
"  417",39,1.1073652217155,0.242254355715738,0.00095603023977064,0.0146611640109819
" 7120",35,1.19142772113709,0.258142574518007,0.000402252176140668,0.0153490149686149
" 8386",58,1.34771102903367,0.454225919054298,0.00196220573727155,0.0185102987141069
" 6809",33,1.14254526076516,0.336706204456093,0.00392877193173704,0.0186079601175418
" 6128",56,1.46935860369134,0.563922370259963,0.00251925414379698,0.0184368738929116
" 6178",45,1.28671535068968,0.455596237313567,0.00131794818686739,0.0178095215218154
" 1488",42,1.13535782799598,0.280161588697944,0.00343931061171764,0.0154345292909642
"  421",30,1.10380158248457,0.230829795973948,0.000119912572833262,0.0141351265408779
" 2621",54,1.25791843186547,0.384342314380919,0.00169839807703838,0.0166057547591219
"  303",28,1.11364918938934,0.226754172446641,0.00013517417301204,0.0135817228927562
" 7568",41,1.28124387761524,0.319352873954866,0.00652978464792033,0.0190353965247488
" 8651",42,1.31777122012181,0.524939995207207,0.00348291518365701,0.0197409601764034
"  231",38,1.17923297882255,0.334670607145262,0.00191533082243673,0.0170005774329156
" 3814",62,1.53099592607898,0.508816249166535,0.00619948001547962,0.0200957664707999
" 7041",58,1.16852738867105,0.376133662578888,0.00257594008731816,0.0177506474401041
"  491",30,1.17829829831783,0.381301571901507,0.00864787672987513,0.0187788858797221
" 8202",52,1.44143680063982,0.619197891610775,0.0074770939733031,0.0192938666405633
" 8310",47,1.40215502754114,0.517169752088671,0.00459810211100634,0.0202085965316224
" 5405",45,1.27530636109998,0.468237663057965,0.00132012841546436,0.0167107004948058
"  723",36,1.08665787368922,0.242533467324272,0.000225653659786229,0.0139645096783622
" 8449",37,1.26415257805877,0.37645741587927,0.00149999727471425,0.018669253512057
" 5416",49,1.37554876372581,0.471161263148042,0.0011315386418266,0.01667300812986
" 1535",43,1.29166479230394,0.3623450958607,0.00539933612039222,0.0186412725238388
"  759",39,1.14063869568693,0.257836554735799,8.72091438787357e-06,0.0139472335959814
" 6829",73,1.70189609342272,0.611823840462748,0.00798181689350128,0.0199952536142528
" 7626",50,1.39908122560495,0.451600790218274,0.0069527489957322,0.0202477888952461
" 7779",39,1.10524289853994,0.276227264900335,0.00346002278338884,0.0181080565528818
" 5408",44,1.28597170835688,0.466087300188941,0.00131903830116588,0.0165383222337123
" 6571",39,1.27989104609131,0.498060554846697,0.00212245253914873,0.0188090965986811
" 7823",48,1.24916674820719,0.313702584177428,0.00367586541448871,0.0171487623006949
" 5396",51,1.18375837665362,0.431569898664005,0.00161554939035358,0.0166392540306535
" 7844",35,0.812639199801641,0.23282099233026,0.00128742498650984,0.0176765013852725
"  906",31,1.16145925905045,0.292623332608052,0.000131903830116588,0.016076696695632
" 8320",31,1.14272069658578,0.208310601695086,0.000547237377839066,0.0148690538219798
" 9233",37,1.08995122767645,0.258089066261116,0.00237208871350161,0.0178779210284598
" 8321",33,1.11358348327415,0.197259637701326,0.000127543372922651,0.0145961126035616
" 9235",34,1.27255171700345,0.295132444131258,0.00449236102405337,0.0181763580187904
" 5451",57,1.32093498146911,0.489713321099364,0.00183684259294587,0.0181561398339111
"  264",34,1.11758528971648,0.256354403156988,0.00383066164487346,0.0160940707753773
" 8314",51,1.0869058337479,0.335076421409727,0.00125254132895834,0.0181690538185625
" 7629",50,1.23649307648516,0.36239209876149,0.00254868722985605,0.0182213247324108
" 7021",42,0.728436331815083,0.214959377284745,0.000839388009832831,0.0172229804191398
" 7052",34,1.07509088182708,0.145672309574444,0,0.0126706450447382
" 7061",44,1.06890518560418,0.330101717366274,0.00366823461439932,0.0191086903485485
" 5446",49,1.23096716775191,0.461964500574646,0.00194040345130187,0.0183655186678692
" 6241",44,1.28455721677601,0.447734572321876,0.00386772553102193,0.0180299642419482
" 7043",29,1.06946660861962,0.142795011577702,0,0.012635540409879
" 6884",36,1.12389860710108,0.273866795274593,0.000904794867741883,0.0168475928847524
" 8652",15,1.1114528748464,0.246871160213852,0.00459265153951392,0.0174099221111626
" 7047",31,1.07474167225735,0.144511436987402,0,0.0127993878288201
" 7042",36,1.08948911480635,0.154899909183074,0.000215842631099871,0.0128195330886025
" 7025",37,0.983086847580384,0.155245367668132,0.00297383180626489,0.0144118421691114
"  496",30,1.06500551058796,0.363563384447277,0.00198727836613669,0.0181813266949582
" 9068",53,1.20254192763271,0.321401530722156,0.00159592733298086,0.0169625633746152
" 8405",38,1.30530082285434,0.269010083268892,0.00924416925114598,0.0179294568121637
"  697",42,1.13481572743717,0.269425042407806,0.00087536178168281,0.0151044030061654
" 6534",47,1.05610066192258,0.201179939484176,0.000139534630205977,0.0144336856585424
" 8662",47,1.2412869096821,0.471994496406256,0.00223909476908654,0.0182158407023846
" 7129",39,0.942990984385066,0.29301847908702,0.00156322390402634,0.0179025528572568
" 7098",35,0.731728799937692,0.215186875009111,0.00114352989910992,0.0175835654265928
" 6988",41,0.993955604873181,0.27612100716382,0.00326816266685562,0.0183431842787607
" 1093",27,1.25510374694627,0.34969069056782,0.00204069396676242,0.0160990858463853
" 9127",30,1.04085656492292,0.199567356074281,0.00198291790894275,0.0156997482733661
" 6574",27,1.03105584698301,0.423458102900215,0.00346547335488126,0.0185316118740055
" 6789",34,1.10747151532502,0.185226771768341,0.000585391378286013,0.0163587464591227
" 6937",47,1.12989562590526,0.300241697812911,0.000721655665596538,0.0168348432131422
" 7058",35,1.27598136340281,0.34592513833756,0.00174091253467926,0.0179591472273761
" 6888",46,1.08664430793274,0.320038076750329,0.00184447339303526,0.0181480670582816
" 6998",31,1.15423772799976,0.316013276178398,0.00202870270947909,0.0180018236617771
" 6981",29,1.22732006445794,0.309054973428111,0.00261736443066055,0.0180465762090122
" 6950",39,1.1158728745134,0.34185292726566,0.00205813579553816,0.0183636056330105
" 7765",40,1.08153681293729,0.163946478319851,8.72091438787357e-06,0.0131419862741999
" 6967",36,1.03159335902728,0.285009222643416,0.000341205775425553,0.0173805692776562
" 7767",40,1.07803067090175,0.164272610751517,0,0.0130894057796742
" 8379",25,0.99794154083084,0.102380125072364,0.000125363144325683,0.0130806861890323
" 7055",34,1.06774393107307,0.153682760627371,0.000282339603307407,0.0132513155186829
" 7764",40,1.08334507058672,0.166309539381083,0,0.0130875346267275
" 8827",41,1.09991940082455,0.218338521326441,4.36045719393678e-06,0.0130499320124984
" 7761",39,1.09644658871816,0.168300511907502,0.00226852785514561,0.013988951532391
" 8823",41,1.08553894396665,0.214112230127943,1.19912572833262e-05,0.0131306970029243
" 7138",28,1.02946641989635,0.111770874296721,0.00162645053333842,0.014835570291123
" 6870",47,0.901943623310688,0.239284330789561,0.000836117666937378,0.0164800851339639
" 7127",41,1.31638350386691,0.295647337722892,0.00372601067221898,0.0161385917762331
" 7585",34,1.08884525673333,0.121104388373355,0.000507993263093635,0.0140164735324037
" 7574",30,1.06957105162429,0.113801771189634,9.81102868635776e-06,0.0135811408475347
"  515",48,1.18547263539522,0.384043722353751,0.00477143028446533,0.0180467570678274
" 8064",43,1.31780472678126,0.501871399417304,0.00134629115862798,0.0184672592989253
" 4494",55,1.1684597993292,0.389629287181461,0.000385900461663405,0.015814939964403
" 8786",18,0.923277309700526,0.311394071333375,0.002483280371947,0.0190699430095197
" 5096",51,1.10753286225623,0.308319056357722,0.00328669460992985,0.0164987326822638
"  579",42,1.17777232271809,0.341419537291007,0.00401925141851123,0.0185873368451723
" 6648",38,1.16214935588457,0.344176318798444,0.00123073904298866,0.0182450183028813
" 9493",31,1.0670244001989,0.192770850106812,0.000996364468814555,0.0148498302265614
" 8495",40,1.08484047808127,0.173077233190309,0.000140624744504461,0.0146188828682988
" 2517",41,1.20909636405614,0.300108041233143,0.000990913897322134,0.0160312070962603
" 7313",25,1.03695744236772,0.254412482329917,0.00330631666730257,0.0182470685762842
" 7357",36,1.14602711023541,0.296567765300118,0.00281358500438771,0.0182189580328391
" 8242",53,1.40177407285287,0.492735767946638,0.00626161653049322,0.0194299282276069
" 3269",38,1.18038934685748,0.355970689761757,0.00270675380313626,0.0177921296776642
" 8475",48,1.13850796784883,0.199216421594146,0.000521074634675446,0.01292749678584
" 6878",35,1.16466181775016,0.283913034079052,0.00029106051769528,0.0158722802952751
" 1196",33,1.09232875160811,0.262480743972056,0.0020210719093897,0.014038726296376
" 8592",45,1.11003223526549,0.192114658856066,0.000180958973548377,0.0127656385017252
" 8478",46,1.10061921913435,0.194028999595096,0.000378269661574016,0.0128792799118551
" 8676",52,1.11820400332316,0.263504337686758,0.000902614639144914,0.0139437299010406
" 8946",35,1.09598260972651,0.208030794672594,0.000478560177034562,0.0156225447944699
" 8263",42,1.09314296471311,0.174819347381571,6.75870865060201e-05,0.0138736395082012
" 5817",47,1.18981469723286,0.341628409572496,0.00103560858355999,0.0170217476399282
" 6890",32,1.18475883599238,0.275981170323402,0.000235464688472586,0.0163296342412274
" 8808",45,1.21123463517309,0.396213478934115,0.000138444515907493,0.0173079134971434
" 6885",39,1.03930285411431,0.247042975080958,0.00104650972654483,0.0169359970054576
" 2917",33,1.11129142244405,0.310591936581716,0.00264461728812266,0.0168041925475172
" 9228",56,1.26762841698902,0.424167605791305,0.00204396430965787,0.0178666660599612
" 8291",28,1.07119506728338,0.119618937100328,0.00127325350062954,0.0154044983884786
" 8427",31,1.12160256971882,0.34423049210282,0.00271983517471807,0.0187814721095228
" 2546",33,1.1575303444058,0.287868699701761,0.00177143573503682,0.0167390179262016
" 4557",63,1.33756763851229,0.463645696126197,0.00456757891064878,0.0184819215806078
" 6665",29,1.14139540061556,0.296503091589949,0.000473109605542141,0.0166624318017079
" 1217",39,1.08970447031139,0.224558094341775,1.0901142984842e-06,0.012539292786752
" 6664",37,1.20751739077361,0.334083155531423,0.000344476118321006,0.0168632258960968
" 6667",35,1.12023380088765,0.304811550878936,0.000258357088740754,0.0162479039714863
" 8868",55,1.13207902549468,0.229526274740878,0.000978922640038808,0.0143209675986285
" 8277",49,1.2530501893712,0.429785319077858,0.000949489553979735,0.0171020071889605
" 1596",41,1.2965790613219,0.353210169463489,0.00337390375380859,0.0175642591147422
" 7027",41,1.10276494933603,0.182613081705308,0.00275580894656805,0.0136542211197924
" 2451",50,1.52503304498118,0.60669338384915,0.00571873960984809,0.0200211045576227
" 8841",42,1.03372555480727,0.283889103648964,0.00262172488785449,0.0182963151667357
" 7564",41,1.28655113347031,0.399650063847399,0.0015523227610415,0.0184745275778927
" 7300",39,0.9469141386172,0.335134320222621,0.00357557489902816,0.0193225967333319
" 9868",40,0.920240477925943,0.211544987358629,0.00304795957856181,0.0175572077458001
" 2560",35,1.18327348171041,0.409718022967431,0.00230995219848801,0.0178887373077469
" 9335",29,1.31129015491134,0.323428324992805,0.00130813715818104,0.0171091179965455
" 8586",36,1.14387367681225,0.247964479453815,0.000746728294461674,0.0160769858232473
" 9366",25,1.07657898116307,0.267221595922882,0.00104650972654483,0.0173188135905164
" 9041",34,1.11742180128787,0.212779120381839,0,0.0133836393466394
" 8643",30,1.07261173992039,0.119898912357724,0.00321256683763293,0.015312571528625
" 9440",29,1.20803573866624,0.307753779401316,0.000456757891064878,0.0171461232382341
" 9014",56,1.36738387166361,0.386433444532152,0.00546801332119673,0.019552875517097
" 9024",51,0.98895062614172,0.292936267197884,0.00126562270054015,0.0172569483047903
" 9018",46,0.919082302236508,0.26800965556546,0.00222710351180321,0.0177951899745341
" 8549",31,1.08851825371677,0.220937960533213,0.00496547062959551,0.0178696159177355
" 7245",58,1.43339164827453,0.472453632835247,0.00394948410340824,0.0191451960222365
" 8963",40,0.878416963599186,0.231962623701,0.00220312099723656,0.0173617242050761
" 9038",34,1.12301972368857,0.21534240445765,0,0.0134454794460533
" 3196",46,1.18200327065125,0.348039361953716,0.00231431265568195,0.0182117144150895
" 9439",30,1.17062171768818,0.291602313928157,0.000228924002681681,0.0170505491412936
" 8552",37,1.08471694608855,0.2179186339435,0.00243858568570915,0.0170031530718033
" 9042",35,1.11341420928081,0.210381138381772,0,0.0134437150619694
" 8422",34,1.10241998253442,0.210922522990591,0.000215842631099871,0.0136488666514305
" 9037",37,1.11552902297631,0.212215582588211,0.000186409545040798,0.0135618581455278
" 9204",41,1.19206941889316,0.373947843057291,0.00417404764889599,0.0184603242025181
" 5600",62,1.28384891893782,0.377623053629226,0.00631939258831288,0.0178944736860878
" 7910",30,1.17478347801655,0.322101314071868,0.00203742362386696,0.0171405250330052
" 6899",45,1.20610415418349,0.310595657952088,0.000260537317337723,0.0169891240557303
" 9026",40,1.15581727329076,0.235430754642587,0.0010486899551418,0.014102221722111
" 8505",40,1.10887703135738,0.180717565825097,8.28486866847989e-05,0.0143897387249646
" 4527",54,1.27534709444101,0.352908020622254,0.00282557626167104,0.0188306564895996
" 7927",35,1.14799675336628,0.294174653676687,0.000553778063629972,0.0162018191989459
"  702",30,1.18071148367659,0.304641063556492,0.00510391514550301,0.0173768872339069
" 8060",44,1.31943447554855,0.527775100772456,0.00171802013441109,0.0190618409379667
" 5542",43,1.18124577395778,0.288848800248317,0.00291823597704219,0.0155372262617899
"  815",52,1.20997221974328,0.328396254907355,0.00228487956962287,0.0174718654074057
" 2463",50,1.34746695007207,0.516869268355456,0.000444766633781552,0.0185141844484149
" 5535",42,1.15720135475244,0.283690697043915,0.00150653796050516,0.0151647355442195
" 7048",40,1.06306542015859,0.141395344863486,0,0.0124123080421353
" 2420",48,1.17368278212307,0.377104117327419,0.000237644917069555,0.0167636625656877
" 2515",45,1.33760067856982,0.516741989348165,0.00219767042574414,0.018565056030045
" 7056",40,1.06152267282807,0.142851919135582,0,0.0123463667947593
" 7982",36,1.22098610863688,0.411198961614885,0.00218894951135627,0.0188162304639375
" 8759",48,1.40159449544627,0.470667402819232,0.00157848550420512,0.0185788097787763
" 2377",50,1.16639870049431,0.375150494968294,0.000343386004022522,0.0168199334488177
" 7038",37,1.06119130838869,0.145102205650421,0,0.0123867353841399
" 9138",59,1.1321948663291,0.254335854272871,0.00148255544593851,0.0147543557228404
" 8604",39,1.0699894381915,0.163723770125939,0.000141714858802945,0.014556728907239
" 2129",30,1.2583487512262,0.476978742637583,0.00167659579106869,0.0183390322449189
" 9343",18,1.0662309605267,0.241847996170047,0.00121220709991443,0.0174285518639838
" 7189",43,1.02149394792022,0.311308293818695,0.00363880152834025,0.0184993834662823
" 7244",33,0.933035573075072,0.300783481219414,0.00149454670322183,0.0183354668702619
" 7280",59,1.3685023850487,0.421863287590754,0.00404432404737637,0.0187034008472232
" 8785",31,1.14540752101663,0.30115657641412,0.000382630118767953,0.0165317451138227
" 7069",45,1.34029752152613,0.435784706342476,0.0018760867076913,0.01866439693294
" 8778",30,1.11761342874136,0.295563932420153,0.00130486681528558,0.0167671345483512
" 7250",36,0.717533775671382,0.230655339382338,0.000165697373369598,0.0168253592050124
" 7712",30,1.0175936603345,0.149283976890355,0.00116533218507961,0.0161737415781194
" 8809",50,1.27384796668406,0.427671040439822,0.000527615320466351,0.0177429279311651
"  960",31,1.16926454619353,0.295495926129339,0.000384810347364921,0.0157255299262744
"  254",28,1.08639457004161,0.229368530213895,0,0.013148578318811
" 7074",46,1.14649651965217,0.308679444453372,0.000841568238429799,0.0165426413067147
" 8344",43,1.17833167726015,0.290267485716052,0.000476379948437594,0.0164074681138219
" 7763",44,1.10885048531463,0.181384161519184,0.000154796230384756,0.0130117531189969
" 8818",42,1.09057343152395,0.221929884615436,0.00239716134236675,0.0150092430693812
"10992",51,1.63007289950325,0.901775582563534,0.000814315380967694,0.0189560702433506
" 7831",70,1.67781443940174,0.547489160314724,0.00841786261289496,0.020132352534319
"10993",48,1.59109968505097,0.889678304841257,0.000823036295355568,0.0190308375402214
"10616",49,1.08155083167306,0.345935182347192,0.00104323938364938,0.0177965957090204
" 8741",43,1.06895883926011,0.214719156344448,0.00200144985201698,0.0167988555386486
" 7259",53,1.12584336950842,0.313114408773803,0.00255413780134847,0.0176165495342464
" 9168",18,1.1451505017614,0.251615914595247,0.00445856748080036,0.0181979204585659
"10986",54,1.49070459468694,0.803437029040535,0.0022903301411153,0.0190774764299098
" 7631",31,1.27908088461869,0.420669243136923,0.00117841355666142,0.0184690362140895
" 9170",22,1.13355584035655,0.23682769220233,0.000288880289098312,0.0173870372046692
" 7636",31,1.15540383183709,0.396890493184442,0.000894983839055525,0.0185056833843152
" 7716",34,1.1131797548382,0.373759670710608,0.00133648012994162,0.0184555834299845
" 8298",48,1.13974356468334,0.245878051294361,0.00577433543907079,0.0179385952551822
" 7554",46,1.20036153325714,0.330999637613276,0.0012002158426311,0.0171271350328
" 6814",38,1.03716574603673,0.152104676277284,0.000649708121896581,0.0146985420844291
" 2456",39,1.08484136302302,0.167324363483552,0.000330304632440711,0.0140010581814021
" 4780",66,1.55464478129632,0.554085773779664,0.00520965623245597,0.0190103675151593
" 8325",33,1.08524559036568,0.184057505858895,9.81102868635776e-06,0.015136604120071
" 1139",34,1.39727898771663,0.40036593753988,0.00158720641859299,0.0159290953517492
"  281",28,1.08236374244816,0.210991764009617,0.000140624744504461,0.0131963930913958
" 3758",63,1.26595419613236,0.38918057927864,0.00218022859696839,0.0179971503653765
"  276",24,1.08145148336776,0.210875808060075,4.68749148348204e-05,0.0132812135142601
"  289",27,1.10291314804432,0.224418422187451,0.00288771277668464,0.0142137792390079
" 7039",31,1.07428041367094,0.148149669263185,0,0.0128745319952785
" 8513",48,1.11063049004093,0.356399058335897,0.00140842767364158,0.01796561338139
" 7836",45,1.34462234924855,0.431582920830647,0.00473000594112293,0.0195712824108979
" 7051",36,1.1190338751031,0.174810419916532,0.00276561997525441,0.014138834840463
" 7304",31,0.847732762711555,0.270065385501157,0.00473000594112293,0.0183997363830698
" 7040",34,1.08659568623116,0.162504675637838,4.03342290439153e-05,0.0130036752636435
" 9009",56,1.24338491584377,0.3346699388976,0.00214643505371538,0.0179719588212604
" 7032",30,1.08465202017412,0.190116176517473,0.00456321845345484,0.0150340169320737
"  538",53,0.919098031636611,0.279870273960191,0.000751088751655611,0.0171414665537007
" 6887",38,1.24997422032241,0.309306448242256,5.34156006257256e-05,0.0161415727919387
" 6811",53,1.0011261642382,0.318712653032155,0.000322673832351322,0.0167995713685869
" 6938",38,1.02493303809549,0.323575709121872,0.00152725013217636,0.0179615265277524
" 6879",27,1.05538930650631,0.250773017217308,0.000409882976230058,0.0159904094966047
" 6663",31,1.13939699669669,0.338487523887712,0.00224127499768351,0.0173340923533194
" 8867",42,1.08235568642456,0.200500769069875,0.00212136242485025,0.0147518001311715
" 1205",42,1.10883874084396,0.250271856831503,0.000313952917963448,0.0129894323507865
" 7766",44,1.10001610298993,0.168420168076879,0.000968021497053966,0.0135233644554847
" 6891",28,1.06903916436331,0.258462889152635,0.000635536636016286,0.0163971485374085
" 7845",43,1.29238104858824,0.432603144903348,0.00176271482064895,0.0187674115698061
" 7757",46,1.0535574898904,0.174957893664366,0.00330631666730257,0.0147052001789226
" 5842",46,0.977986273401902,0.309218896323332,0.00180304904969286,0.0183330136030253
" 6470",41,1.15695157713905,0.324198400976023,0.00293349757722097,0.0177028077900678
" 8633",46,1.12924918440817,0.406406784629293,0.00182049087846861,0.0187900348999198
" 6727",38,1.01089056024045,0.304456614835571,0.00337063341091313,0.0184086131822356
" 9342",19,1.19920342168053,0.273512159855374,0.00135937253020979,0.0174134336621265
" 8299",30,1.04719917791437,0.109773288437732,4.57848005363362e-05,0.0136404924625091
" 9607",45,1.40379855663755,0.428464691696696,0.00856175770029488,0.0201921272686303
" 9036",34,1.08729770470158,0.200990540691845,2.61627431636207e-05,0.0132600944194113
" 9035",35,1.0980937950427,0.217682374364977,0.00188698785067614,0.0141831780068059
"15733",60,1.48688729556367,0.586288724717927,0.00390587953146887,0.0192646558737265
" 8813",38,1.0151409175981,0.156085826017165,0.00168858704835202,0.0160648418320851
" 8524",38,1.15141075650185,0.232229554875685,0.000295420974889217,0.0151440677747361
" 1240",42,1.08400589188203,0.226586899951513,0.000151525887489303,0.0127857421703499
" 2524",44,1.22408019949044,0.390705772146347,0.00273291654629988,0.0182599289427549
" 7070",54,1.15689455417972,0.309531918190449,0.00530558629072258,0.0177327580607391
" 7002",36,1.07430356500532,0.312993906483086,0.0029040644911619,0.0186514985298361
" 7073",54,1.24398015597665,0.362067232910889,0.000958210468367608,0.0180057737102848
" 7003",39,1.17517942528241,0.352929817625538,0.00258466100170603,0.0186714797385584
" 5843",49,1.32696290549956,0.438825233026251,0.00474853788419716,0.0191737875581864
" 9169",15,1.04755058982032,0.220778597055605,0.00026489777453166,0.0172453676048349
" 5840",51,1.23109418535948,0.397847218009992,0.00375980421547199,0.0191973346183336
" 8840",42,1.14286548376994,0.178570632328531,0.0015523227610415,0.0147634887484357
"16896",43,1.27656863542613,0.299050032789436,0.00363226084254934,0.0175492240074903
" 7036",44,1.07564191673989,0.148422104403972,3.27034289545259e-06,0.0121710777579431
" 8839",40,1.15333285370313,0.17378960484554,0.000776161380520748,0.014768126613083
" 8795",36,1.1074923317451,0.149277757846044,0.000372819090081595,0.0146682065633353
" 8797",33,1.07914539559136,0.133721919485083,0.000621365150135992,0.0149050363281207
" 9516",42,1.38834862168903,0.42226076328795,0.0191020728523386,0.0209419538624784
" 7033",39,1.08070508050508,0.156032667352848,7.1947543699957e-05,0.0128504253816622
" 9515",39,1.07626998856036,0.347983178856264,0.00272855608910594,0.019444938120077
" 8874",45,1.15547721446744,0.210680553837498,0.000551597835033003,0.0138067464258594
" 8866",45,1.09168284367773,0.189105057604896,0.000772891037625295,0.0137321349267603
" 9340",23,1.1813794899389,0.288468135806553,0.00146293338856579,0.0173305249474737
" 9371",29,1.08917890410428,0.270894639845664,0.000996364468814555,0.0171513701281312
"10002",57,1.26827770828618,0.327816295339023,0.0104432949794786,0.0195639874837799
" 8865",46,1.08189140208681,0.207184726473664,0.00238517008508342,0.0151462344826141
" 9448",28,1.20709249035993,0.296257959683358,0.00148037521734154,0.0172942766033815
" 6952",31,0.764306807045229,0.260780207800456,0.000746728294461674,0.0186103571607738
" 6983",44,1.07822041416613,0.355899735606959,0.00387753655970829,0.0191848839846135
" 7562",45,1.36822106533091,0.428437751536457,0.00230123128410014,0.0184192681337183
" 9447",29,1.17925714911632,0.309759971713838,0.0027590792894635,0.0174619396291282
" 6922",49,1.47216926535382,0.562927726684141,0.00474090708410777,0.0198612752120665
" 7306",40,1.06175496029085,0.295367491194588,0.00289534357677402,0.0176984727250759
" 7599",36,1.29688259253935,0.360275196926009,0.00298364283495124,0.0182324657994553
" 8614",63,1.17994046941081,0.315031920073449,0.000873181553085841,0.0172468018906067
" 9043",43,1.1516271012186,0.225977943670895,0.000352106918410395,0.013677973466248
" 9040",44,1.16613409854603,0.233951218051023,0,0.0135099251113077
" 9441",40,1.23717054749795,0.332867278829557,0.0027590792894635,0.0180001623864127
" 6898",42,1.20672081954097,0.325482850954341,0.00165915396229295,0.0173588626359358
" 7354",50,1.15615150126063,0.282432026916995,0.00131794818686739,0.0165195123251051
" 9032",40,1.06427105608731,0.216441960902648,0.00124491052886895,0.0142144011250869
" 8011",39,1.94623183643778,0.960950264081327,0.00861190295802515,0.0203150512406284
" 8323",50,1.06138585144988,0.358560035316337,0.00218131871126688,0.018160062693086
" 7701",41,1.06858778816576,0.133382635035816,0,0.0116768867147236
" 8514",46,1.20527443123716,0.340692807072611,0.00251598380090152,0.0168393334551602
" 6876",31,0.917891194458831,0.246771849754675,0.000547237377839066,0.0166007508054568
" 9034",39,1.2002805640401,0.249269569544977,0.0024211438569334,0.014456629584684
" 7702",41,1.0693017661245,0.133294438126788,0,0.0118948969874949
" 7695",41,1.06415675970709,0.131494316196532,0,0.0116953359987919
" 7261",39,1.22584656820685,0.424922610426647,0.00792295072138314,0.019772989672364
" 7941",38,1.10264098865488,0.227681736565278,0.00114352989910992,0.0162256613924926
" 6875",31,1.07891757586993,0.324601801268346,0.00637607853183406,0.0197611543401577
" 9044",41,1.15170895993375,0.264673036693252,0.00260210283048178,0.0152221376320241
" 7694",44,1.05402612946378,0.137707544545231,2.18022859696839e-06,0.0120515364819806
" 8496",38,1.13397491687514,0.238488154264194,0.000811045038072242,0.0157446634938018
" 7608",52,1.2224822606955,0.394026391668688,0.00544403080663008,0.0196051739926223
" 6947",48,1.28493919366775,0.366283128733159,0.0100301416603531,0.0193304866508193
" 1061",33,1.1708718955614,0.302496846972817,3.16133146560417e-05,0.0155234071099129
" 7818",53,1.05781662817524,0.303976895540624,0.00142586950241733,0.0171635054924248
" 8351",36,1.31161474818436,0.408404516573454,0.00199381905192759,0.0187008159994
" 8762",53,1.58798687616356,0.559628740093964,0.00469403216927295,0.0195552740133874
" 8350",37,1.29668267719649,0.431573364862315,0.000670420293567781,0.018830975353125
" 7505",43,1.1049132712458,0.171913228828803,0.000163517144772629,0.0141658720301964
" 7121",52,1.37075056877636,0.38981582556595,0.0111845727024479,0.0189632134624609
" 8544",33,1.20614481957348,0.397534344948943,0.000656248807687486,0.0186384922026978
" 7500",42,1.07199876336045,0.195657022915784,0.00215624608240174,0.0148456615475317
" 9970",39,1.32399822709301,0.375632100036669,0.00317550295148446,0.0185280912113161
" 7509",41,1.10181527878792,0.172632462107461,0,0.0142313906861411
" 9983",34,1.23307655088102,0.364185631398401,0.00143568053110369,0.0183425462742557
" 7502",44,1.09505328899258,0.188837096590454,0.00118059378525838,0.0143975098917441
" 6873",29,1.09571442491183,0.272488499141393,0.00219440008284869,0.0172046323076032
" 1147",39,1.41606847308674,0.415896029697264,0.00334447066774951,0.0158983198483195
" 7758",36,1.01714315022599,0.173207574734038,0.00186845590760191,0.0139461783249158
" 8374",51,1.25840533837121,0.318566445323474,0.00241787351403795,0.0177140072277028
" 7684",41,1.06647444738674,0.156668930081879,0.00245057694299247,0.014593078534653
" 7654",39,1.03153804146635,0.153689156905229,3.81540004469469e-05,0.0140123421998626
"10994",45,1.59030561873131,0.85804228867342,0.00314715997972387,0.0194118512327425
"13513",45,1.28454653701724,0.508634153209858,0.00475180822709261,0.0198946437164821
" 7172",32,1.15909095251567,0.26796868720312,0.0028212158044771,0.0174590775403881
" 7756",44,1.09355203358623,0.269533820040947,0.0070290569966261,0.0182481896632034
" 7582",34,1.10538898735276,0.268356597909074,0.000507993263093635,0.0141385561882454
" 7179",29,1.12813673057257,0.23813491431608,0.0010072656117994,0.0171539327143885
"13596",51,1.12205643131874,0.384960899264445,0.00179759847820044,0.0182802522568531
" 7176",32,1.05745800497406,0.224693942425503,0.00034556623261949,0.0164811117079288
" 7584",37,1.12594544011004,0.269557550506777,0.000874271667384325,0.0142004514897317
"14847",62,1.4599233578631,0.616613464978162,0.00246038797167883,0.0191168211793459
" 8487",51,1.25055556537989,0.35750439638404,0.00134302081573253,0.016263741300908
" 7713",46,1.09041149482279,0.155857298329135,0.00101053595469485,0.0137748761955994
" 8749",46,1.35380955737638,0.455897864122943,0.00519657486087416,0.0192577454404394
" 8599",32,1.19074776912168,0.399192318532776,0.00142368927382036,0.0191476691120648
" 7181",43,1.37198373979848,0.407712905136502,0.00459483176811089,0.0192407246796764
" 5836",44,1.08201554736516,0.298473117241508,0.000165697373369598,0.0157292996012576
" 1198",37,1.09435450359509,0.240473078444055,0.000617004692942055,0.0129517147887235
" 7842",40,1.18530579817896,0.39266338181618,0.00288771277668464,0.019173921741487
"12230",41,1.0543209352108,0.397951033513824,0.00143022995961127,0.0184548807382774
"13622",60,1.16492933986818,0.34801343124531,0.00276234963235895,0.0183947325599447
"14842",55,1.47357909216296,0.56618596590875,0.00471692456954112,0.0196390632935606
" 7703",43,1.15577279614197,0.17888106783359,0.000272528574621049,0.0144407635513363
" 7936",50,2.07401302866687,1,0.00962679936991393,0.0212452827926327
" 7710",45,1.11140910037191,0.167587388834472,0.000121002687131746,0.0137245170408644
" 7709",44,1.13375135513882,0.18111166497203,0.00398872821815367,0.0151830840915773
" 9546",41,0.972673508157607,0.340136576537732,0.00124055007167502,0.0188643172129933
" 9492",51,1.28403842355901,0.464950493409085,0.00173764219178381,0.0176502598628097
" 8504",46,1.16823756908675,0.289896175327193,0.000110101544146904,0.0158430763071385
" 9557",68,1.55298009973514,0.520130640251489,0.0077321807191484,0.0188576759986486
" 9491",56,1.28393072057738,0.468243921363288,0.00138117481617948,0.0175991868316824
" 8859",44,1.06106580144765,0.191171902224219,0.000398981833245216,0.0137392194174164
" 7486",42,1.04022035897818,0.20263486930161,0.0020483247668518,0.0153230278995577
" 1236",40,1.10636674341736,0.233292990095241,0.00231431265568195,0.0130925651477786
"11069",36,1.31586034104487,0.459418584491421,0.00123836984307805,0.0177970336590149
" 7054",46,1.08045550249066,0.183358950294796,0.000679141207955654,0.0134572639167723
" 9158",39,1.11381768319814,0.219956132738847,0.00228051911242894,0.0160739449415186
"10635",27,1.30563876424936,0.420520662229827,0.000476379948437594,0.0168011982775075
" 6021",41,1.11025786934938,0.368963340911249,0.00305232003575575,0.0191404298764473
" 7524",51,1.37698649085907,0.316972923746943,0.00582666092539803,0.0177031502780832
"10630",24,1.20375609062938,0.383264490032127,0.000776161380520748,0.0169294353608411
" 7698",44,1.09299510462289,0.185123226403374,0.00024418560286046,0.0146384678644231
" 7696",48,1.09623384826038,0.190044069150071,0,0.0145475334006949
" 7666",45,1.08777634357323,0.197870852925026,0.00199490916622608,0.0154098028340542
" 9025",40,1.1356906837287,0.226986307399533,0.00216060653959568,0.0145104972079728
" 7899",38,1.22104105020517,0.357164548712478,0.00190551979375037,0.0172136069401468
" 7706",43,1.0640581781668,0.131495593008057,7.63080008938937e-06,0.0120922679496906
" 7697",45,1.0596438002873,0.135468145604643,9.92004011620618e-05,0.0119794976453798
" 8403",50,1.27085320734148,0.348002418733682,0.00282339603307407,0.0181544119417813
" 7939",45,1.19795772995816,0.31795397365632,0.00119476527113868,0.016609310617298
" 7937",46,1.16815911312122,0.305546269712284,0.000323763946649806,0.0158802169835833
" 2313",39,1.35062517212546,0.388678783627958,0.0029247766628331,0.0181329179772123
" 9920",41,1.44999398031085,0.497932089137994,0.00518458360359084,0.0187608474243565
"12211",47,1.355165881919,0.422179553062708,0.00787280546365286,0.0200750523134325
"10857",65,1.34866109519787,0.339990296589606,0.00246147808597731,0.0162516212332867
"10851",49,1.28139459456864,0.386155158679676,0.0030970147219936,0.0180997436700027
" 9385",43,1.16249289029699,0.357059249011393,0.00137136378749312,0.0172947287647346
" 9723",38,1.31820872937316,0.536835569030938,0.00307521243602392,0.0194598137235283
" 7497",39,1.29120002483451,0.350733546602224,0.00540587680618313,0.0186095520727719
" 7491",39,1.25274612320719,0.34892296014156,0.0034763744978661,0.0182924284042629
"10591",43,1.28936717735493,0.463831016050575,0.000803414237982853,0.0178737429662824
" 9907",42,1.27305974753643,0.40624122363047,0.000284519831904375,0.0169528446887613
" 9902",34,1.17120681413451,0.374018632305393,0.0010901142984842,0.0174993240032841
"10278",27,1.24124092835467,0.389961698213233,0.000864460638697968,0.0174311332539598
" 7513",38,1.13127853049692,0.18792782270554,0.00100617549750091,0.0147135223261064
"10273",31,1.2477564276258,0.386376391706126,0.00278633214692561,0.017731462284458
" 7511",41,1.11393222127215,0.194692015753767,0.000253996631546818,0.0142417585793562
"12138",58,1.51521851554877,0.52445780952748,0.00678923185095957,0.0201194597390181
" 9759",24,1.15957844797023,0.361153215670914,0.00178342699232014,0.0174028139671222
" 9409",39,1.26181718853311,0.382993126315927,0.000781611952013169,0.016980492628493
" 9408",38,1.21914227027632,0.379292322224873,0.000318313375157385,0.0168410902585172
" 7711",47,1.05081165480667,0.149999687855741,0.000236554802771071,0.0119473338005576
" 7714",36,1.00890722977147,0.129790194013593,4.36045719393678e-06,0.0117804872143986
" 8772",42,1.09296641103069,0.342595422857378,0.00414025410564298,0.0187655919729518
" 7130",51,1.25355432926308,0.371547318444441,0.000926597153711567,0.0170994065423603
" 9888",53,1.29273420943514,0.450523994023035,0.00585064343996468,0.0196740834951498
"13831",54,1.12631658757677,0.36399669173204,0.00384701335935073,0.0179434133017636
" 1144",42,1.26883052386839,0.379343559638086,0.00182158099276709,0.0155223773425617
" 8914",53,1.17820628215737,0.343011907722885,0.00312426757945571,0.0188021669421402
" 9988",35,1.40638972696208,0.583454088008004,0.00340551706846463,0.019462730872736
" 9996",41,1.21514496472327,0.476080827694655,0.00132339875835981,0.0188045946565418
" 9809",44,1.42515994461022,0.57807086984323,0.00237753928499403,0.0192750346110889
" 9976",40,1.31072302703161,0.382964193233378,0.00337390375380859,0.018085618125092
" 7510",38,1.13427031749937,0.196858814347839,0.000177688630652924,0.0139710144388604
"11931",41,1.16144388578955,0.269674846245437,0.00237208871350161,0.0174266260320069
" 7700",34,1.07560436969224,0.148734092326979,0.000414243433423995,0.0137390269680846
"10482",47,1.15865887927863,0.358204303311813,0.00535682166275134,0.0193410391460013
" 7685",38,1.07482112092707,0.152553132460416,0.000280159374710438,0.0133976508051993
" 7705",40,1.11565598298583,0.196679030243515,0.00431903285059438,0.0156496080053627
" 1202",39,1.12086889524889,0.245996650651348,0.000227833888383197,0.012611116099986
" 8969",32,1.07113393395384,0.118015831404223,2.18022859696839e-06,0.0139510358657596
" 8971",30,1.08933708348106,0.141683454759062,0.00211155139616389,0.0162778858452726
" 9067",19,1.10762918928738,0.200780700778998,0.0048281162279865,0.0171754429183611
"16745",35,1.1043056687878,0.308715968453665,0.000619184921539023,0.0150014159143656
"16697",40,1.09409317015455,0.308760249782895,0.000828486866847989,0.0150493467300636
"10223",54,1.61745248907902,0.712567298142085,0.00864460638697967,0.0210306684436167
" 7501",39,1.05099425585107,0.162693532192796,0.000156976458981724,0.0136528588131459
" 7686",42,1.02456101083627,0.153383220766374,0.00553669052200123,0.0156112859075537
" 9794",34,1.21604971070276,0.426084655054204,0.00563044035167087,0.0191290171442393
" 7655",43,1.10483664807536,0.301364193096902,0.00118386412815384,0.0172933896148684
" 8654",29,1.10660561178507,0.205805234119145,0.000672600522164749,0.0168416970324227
" 7637",44,1.12847391165167,0.304561027674181,0.00276998043244834,0.0175873420327626
" 9600",42,1.20113486903833,0.410628398361806,0.00107049224111148,0.0177518067237167
"10095",54,1.42967637888067,0.515817736566041,0.00220312099723656,0.0189104579106751
" 9828",40,1.39585568666585,0.470318450189353,0.00259883248758632,0.0185288509403259
" 8777",35,1.09324286666018,0.124501840551435,0.000371728975783111,0.0143365956566515
" 7707",39,1.11410828531077,0.15684715892911,0.000196220573727155,0.012933026287136
" 8776",31,1.08425941951722,0.117828021963407,0.000154796230384756,0.014528568428343
" 9361",52,1.31689525804193,0.469580530073023,0.00516387143191964,0.0198230491148628
" 7704",47,1.08333465774639,0.151843323524258,0.000136264287310525,0.0124220303469591
" 7699",38,0.994186938113954,0.134785999668486,0.000186409545040798,0.0128165713647236
" 8730",28,1.02877986419887,0.106905218706386,0,0.0129400190852661
" 8731",27,1.04162199992781,0.110823373913033,1.0901142984842e-06,0.0129472825284437
" 7132",43,1.26562018108569,0.380105937211615,0.00147492464584912,0.0177974633498244
" 7157",36,1.12565169387387,0.435141056547215,0.00832738312612077,0.0202091733299844
" 8220",49,1.28599318477108,0.489414008190279,0.00492731662914857,0.019711614588686
" 8345",29,1.2325249119269,0.406600331191335,0.00400944038982487,0.0192410159962595
" 2663",35,1.0800379245136,0.254631742159287,9.59300582666093e-05,0.0151443234600775
"10640",43,1.09046769817422,0.34298308129288,0.000744548065864706,0.0163466603980898
" 9575",49,1.61254127844705,0.605604369766083,0.00888334141834771,0.0208940544457913
" 7090",48,1.07540359458781,0.150674360520104,2.18022859696839e-06,0.0142281335502007
" 7559",41,1.08348499811237,0.268689315830878,0.00402252176140668,0.0181229253686487
"10457",48,1.20474592193744,0.411049788755822,0.00530994674791652,0.019911721808862
" 7086",47,1.07703263219139,0.151045753753481,5.45057149242098e-06,0.0143864617392785
" 7553",48,1.17014666562594,0.29148701455522,0.00181831064987164,0.0174940183285472
" 7484",46,1.12323281297809,0.205374476150342,0.00160246801877177,0.0147716509525687
" 7085",50,1.07477387884026,0.15381245861176,4.36045719393678e-06,0.0143397513576186
" 7164",51,1.17973348785834,0.298299303718266,0.0018967988793625,0.0173649718659908
" 7081",44,1.15926160111164,0.211858634601149,0.00260101271618329,0.0155621711231113
" 9957",46,1.51468571256236,0.597637670788366,0.00641205230368404,0.0199919999931606
" 7683",38,0.939918937189174,0.118197637271414,0.000452397433870941,0.0131093405738798
"11004",35,1.27942680816626,0.423799674690088,0.00244294614290308,0.0179276230760447
"15522",41,1.5999091878684,0.851237612363561,0.00760354723192727,0.0208667013307539
"15406",49,1.4537062497642,0.71191980663569,0.00170493876282928,0.0192761115042173
" 9576",29,1.09197294129458,0.255363645002072,0.000398981833245216,0.0169026539610625
" 9822",26,1.12688570530545,0.277126325257525,0.00252906517248333,0.0178644247710759
"15519",41,1.53121369794475,0.671351987677673,0.00440406176587615,0.0193695950583753
" 9571",27,1.09911997782937,0.259156928380512,0.000341205775425553,0.016910175299819
" 9735",25,1.12627633090003,0.266576622112003,0.00118713447104929,0.0174756118728581
"15414",42,1.17736584227147,0.482639972774633,0.00198727836613669,0.0182758462002793
" 8343",35,1.18164619263093,0.287783068811844,0.00152725013217636,0.0178824953035811
" 7504",45,1.15627588192535,0.24621898552106,0.00118822458534777,0.0146447043931328
"15408",42,1.29548934250174,0.483986501696565,0.00626815721628413,0.0199015025079231
"12314",50,1.13471913011917,0.375435166671831,0.000504722920198183,0.0179839695786616
"11543",33,1.20795030671591,0.364274708768729,0.000729286465685927,0.0176472234780014
"12933",53,1.67947769110844,0.722790958613958,0.00790659900690587,0.0198135280560342
"13784",49,1.25356269104859,0.424643836621515,0.00272201540331504,0.0193408734944365
" 1171",36,1.21064639485826,0.351653500916566,0.00428414919304289,0.0155685226714874
" 6872",32,1.04852551209134,0.245234951965091,0.000125363144325683,0.0160873765953484
"10200",32,1.20842301553548,0.429945683137571,0.00691350488098677,0.0197269525083264
"15253",50,1.07525798379155,0.410660270856234,0.00108902418418571,0.0173489718187604
"10610",44,1.28309187304216,0.391188718659163,0.00409773964800209,0.0186295523092119
" 9510",51,1.23905006474244,0.373604755333756,0.00386118484523102,0.0182499929203544
"10518",23,1.09057032090143,0.359684977977492,0.00238189974218797,0.018192314106209
" 7089",42,0.997036537170772,0.163294823347553,0.000487281091422436,0.0141621105291405
"14839",55,1.3259550558662,0.516730045202307,0.00500362463004246,0.0197850434644374
"10979",32,1.09358735028318,0.368636392935508,0.00656793864836728,0.0201063713332842
"10629",36,0.931965397388559,0.336174479295526,0.000862280410100999,0.0183843790365123
"15432",54,1.43853423689713,0.5774795525133,0.00375544375827806,0.0197399283718644
"13485",57,1.36276359837377,0.548597841366403,0.00149454670322183,0.0189399101671048
"14205",34,0.998641313459752,0.335265053368681,0.000998544697411524,0.0187142438457283
"13829",47,1.09221046483062,0.365656164925298,0.00222928374040018,0.0181609953387324
"10120",46,1.39190227189603,0.497209688091296,0.00271002414603171,0.0185179065132839
"11440",31,1.33037334094892,0.457793246906917,0.00241569328544098,0.0179992477047656
"14627",33,0.890372790455893,0.42091324541385,0.000490551434317888,0.0174971193283788
" 1212",41,1.082579480514,0.226086287268085,0.000818675838161631,0.0125070091660229
" 8365",37,1.13610187411656,0.251776382824649,0.00178015664942469,0.0169845915208074
"15201",39,1.64961947037004,0.8466422079384,0.00462971542566238,0.0195908237555225
"15205",40,1.63426364745366,0.84030967300169,0.00175290379196259,0.01922347844791
"10379",43,1.41341486403166,0.584882640195413,0.00425471610698382,0.0196311282472127
"11938",38,1.12706418123392,0.276325049747326,0.000971291839949419,0.0168469234016142
"13822",60,1.86085888585672,0.983375876986987,0.00290297437686341,0.0190989998371665
" 9924",30,1.07751575925534,0.225245310940871,0.000573400121002687,0.0160440703012484
"13971",56,1.67025183101985,0.922434510509938,0.0011587914992887,0.018863727453868
"13970",57,1.67515720720278,0.855097799532839,0.00260973363057117,0.0187970049724887
"14602",52,1.38802571091317,0.595122385168139,0.000852469381414641,0.0178118862450702
"14603",47,1.32908335844655,0.560401514081475,0.000308502346471027,0.0174399031586992
"11154",46,1.50829175799744,0.508085830117864,0.00324418015228897,0.0190703941323618
"14606",40,1.39946992696318,0.610841111647268,0.00208211831010481,0.0182002224474791
"15219",37,1.29658320557727,0.525637848906616,0.00106722189821603,0.0168342849857979
"14623",41,1.0875550418825,0.433246433651105,0.0024418560286046,0.0183454388053119
"15215",44,1.31919772545663,0.518212750346314,0.000559228635122393,0.0164572897959022
" 9792",26,1.20670810835755,0.256468334953636,0.00210828105326844,0.017394673527531
"11074",30,1.18904060961497,0.341511884960988,0.00169730796273989,0.0173638006031559
"15371",35,1.02394310410058,0.380568111362418,0.00227397842663803,0.0174522698619918
"15555",43,1.30900540033389,0.495387051015646,0.000741277722969253,0.0164280762957233
"15221",34,0.864283403945653,0.315605542055534,0.000437135833692163,0.0178463926014381
"15561",40,1.26599578446159,0.476952856747679,0.000947309325382766,0.0164253866278977
"15556",35,0.979105764050294,0.318447274110803,0.00271874506041958,0.0175216150117561
"15759",36,1.24625302793869,0.437903148114625,0.00118168389955687,0.0166851940675734
"15760",35,1.22323424465616,0.42774042557923,0.000635536636016286,0.0163916156941801
"15757",42,1.20120260044398,0.416891710118272,0.00182703156425951,0.0167007847751147
" 7079",50,1.22144775530722,0.272268233190023,0.00388843770269313,0.0165846897801509
"15745",55,1.43434970204237,0.605828745114212,0.00302397706399516,0.0189016358532986
" 7083",39,1.06877723151055,0.152217816150263,3.27034289545259e-06,0.0143359495993509
"12336",49,1.35509002170717,0.438961734973291,0.00324527026658745,0.0185833813813259
" 7084",33,1.09428368868965,0.190771648226444,0.00268822186006203,0.0159625952879941
"12327",45,1.41830044395227,0.627468367881292,0.00510500525980149,0.0198963833624938
"11928",49,1.02829845108389,0.342331399328592,0.000320493603754354,0.0174229616691799
"13964",49,1.17364637341007,0.456928584544714,0.00154142161805665,0.0178331139919969
" 9985",24,1.07311084107573,0.24295029935665,0.00093531806809944,0.0177905817531666
"12874",45,1.45592212891106,0.54938624884797,0.00889969313282498,0.0206150060683649
"15196",57,1.53213544200198,0.726623741470343,0.00252361460099091,0.0186572139816814
"12871",62,1.24660986044225,0.4691305317906,0.000831757209743442,0.0178187761751649
"15194",44,1.58635768441302,0.749408659797181,0.00244076591430611,0.0186867097635822
"15527",47,1.46835965514752,0.599178364384166,0.00335537181073436,0.019413983039797
"15425",40,1.16395216581865,0.471041705259145,0.0010966549842751,0.0188840451823865
"15580",42,1.37998272794449,0.695002965144037,0.000918966353622177,0.0181986390290626
" 6881",25,0.969593102893687,0.229348131895426,0.000832847324041926,0.0162537755840044
"15582",48,1.42472158671962,0.699103245235327,0.000660609264881423,0.0181957130927687
"15908",43,1.6450192539079,0.829792648852185,0.0021660571110881,0.0199020224049115
"15535",40,1.04668057835092,0.477997600504695,0.00122528847149624,0.0179213700646313
"15764",55,1.39746027315602,0.659709994456649,0.00100399526890394,0.0171003664808433
"15763",49,1.32033711347353,0.626747138110795,7.1947543699957e-05,0.0164831974818509
"15755",45,1.31517680910081,0.608742630506845,0.000958210468367608,0.0172665008991861
" 8322",49,1.26481719694763,0.291075095542428,0.00276889031814986,0.0171335148464479
"15282",48,1.36359440525319,0.552765519167059,0.00152725013217636,0.0178087484841697
"10858",43,1.41176055059408,0.535746912132551,0.00440515188017464,0.0195142456093475
"15287",47,1.39976422823889,0.558464714705947,0.000334665089634648,0.0173061435194289
" 9419",52,1.45559005059226,0.396095804699589,0.00436808799402617,0.0177060607532342
"15285",51,1.18802375719711,0.465874932010098,0.000692222579537465,0.0172785006137183
"15585",40,1.27538175276788,0.534884135888686,0.000980012754337292,0.0174379795915219
"10846",38,1.16307930502133,0.402223952905415,0.00138117481617948,0.0183611445284693
"15307",44,1.21080471404497,0.443341344853263,0.00208211831010481,0.0177239763054945
"15586",44,1.30732061513251,0.534815664771714,0.00086773098159342,0.0173687786619325
" 8341",36,1.03859553811425,0.138408740418373,0.000770710809028327,0.0138191438255775
"15569",50,0.879127071289093,0.267957581829978,0.000410973090528542,0.0170466884999552
"15768",43,1.38048664725691,0.563555561606459,0.00404759439027182,0.01888768555163
"11313",51,1.16072770545349,0.302977633482477,0.00226089705505622,0.0177139749168141
"15775",44,1.10507674748002,0.418176929792914,0.000765260237535906,0.0171255111093773
"12987",25,0.981382093104749,0.238027623730593,0.00276998043244834,0.018622116002307
"14370",59,1.19694351756827,0.424759453098147,0.00153270070366878,0.0185912495337796
" 7087",41,1.0444354693135,0.143271726602301,1.0901142984842e-05,0.0146516510782701
" 7091",41,1.06457590798432,0.163075357768612,7.63080008938937e-05,0.014512798682894
" 7077",35,1.055242054386,0.197233576174576,0.00628123858786594,0.0173358996727225
"15588",49,1.73145903156427,0.805061260261951,0.00758501528885304,0.0201568032634861
"15593",57,1.75214801581596,0.732659475267242,0.010245984291453,0.020603243405266
"15772",37,1.21373873560844,0.521754463885447,0.00770819820458175,0.0193408360671396
"10328",46,1.51608911658056,0.574646542914561,0.00529904560493168,0.0192646242502798
"15515",46,1.32321988669807,0.557304881411439,0.00295966032038459,0.0194933460594987
"15404",45,1.3867848170592,0.55831897432599,0.00230123128410014,0.0193175305514949
"14607",43,1.54234003253152,0.695326521474113,0.00348945586944791,0.0187126131585416
"15370",58,1.56313071157872,0.689374052747074,0.00542113840636191,0.0201838192644673
"13974",39,1.18269656946712,0.465706066714814,0.00471910479813809,0.0195196165304905
"14609",52,1.43910518848823,0.63598430664473,0.00107812304120087,0.0181482236145863
" 9521",59,1.62469685397067,0.644337855888016,0.0102536150915423,0.0211297221339057
"14604",52,1.40244223825079,0.638996388371876,0.00058975183547995,0.0178035715984172
"15226",40,1.39217989012671,0.5862816058761,0.000840478124131315,0.0178351758184846
"14601",44,1.19792841854799,0.464579349972089,0.00268277128856961,0.0187440582049651
"15225",37,1.36103439751349,0.565351859332355,0.000565769320913298,0.0174285069895274
"10252",28,1.16636622377503,0.265250198993759,0.000416423662020963,0.0159728880259652
"15224",40,1.27938750019029,0.482639490506027,0.00552251903612094,0.0188987688709273
"15573",52,1.37399928063378,0.485761958860648,0.00150544784620667,0.0169623461372807
"15647",44,1.35532298952239,0.483747658404501,0.00183030190715497,0.0171181389786269
"10581",28,1.2440216084528,0.320768033078192,0.00684155733728681,0.0190449322108226
" 9373",37,1.1119882258478,0.236620413111146,0.00137463413038857,0.0161648583153329
"15574",38,0.83912773712645,0.335567108162293,0.000720565551298054,0.0166984231554357
"15761",37,1.23279047467928,0.428679810343703,0.000539606577749677,0.0166659130494247
"11837",39,1.44634250842848,0.491114502175414,0.0036693247286978,0.0197032661542738
"12342",33,1.2120310274335,0.284180606346509,0.00475180822709261,0.0190140573192382
"15754",36,1.13081770046793,0.405940353977282,0.001828121678558,0.0170052132746468
" 7088",39,1.09781359920793,0.165942257071151,0.000500362463004246,0.014511943689822
"15399",39,1.33160030826315,0.62185077694383,0.00217913848266991,0.0193643153162746
"15395",37,1.42565239735877,0.672484725214585,0.00371401941493566,0.0198852201355749
"13603",38,0.913041953796774,0.282581085859788,0.00192514185112309,0.0169443829917968
"15396",50,1.63632858074508,0.777668625998382,0.00395820501779612,0.0200104334475436
"10284",38,1.08089479260583,0.284412537576286,0.00102579755487363,0.016612833597788
"15342",52,1.30817104827122,0.572093557564568,0.00164280224781568,0.0178783627407408
"15192",41,0.950669559654776,0.361079167240661,0.00174636310617168,0.0174135989230462
" 9500",32,1.13056536829312,0.22598938293271,0.000186409545040798,0.0149237631737949
"15202",35,0.745165034125053,0.242742961407612,0.000682411550851107,0.0164598906377214
" 9615",35,1.11497327001871,0.231367471846296,0.00317550295148446,0.0161853863956757
" 9505",35,1.18001089539436,0.231038546214678,8.17585723863147e-05,0.0147815535799707
"10447",21,1.11923616477427,0.225274564971109,0.000499272348705762,0.0173792743013678
"10638",29,1.13169157636702,0.249126101634687,0.0036486125570266,0.0183505957516487
" 9747",56,1.57912543463272,0.603361814815592,0.005966195555604,0.0199974826569557
" 9867",42,1.29245011170987,0.446976620351745,0.0032005755803496,0.0195996888597409
"14734",29,0.734160637985761,0.264503920459528,0.000796873552191947,0.0183229443560942
" 7896",40,1.21372440039107,0.317033487244671,7.30376579984411e-05,0.0164118384527837
"14032",59,1.62154529236301,0.771213000903855,0.00280486408999984,0.0185872918883644
" 7888",31,1.15455999955471,0.305166619514145,0.000733646922879864,0.0166029941565809
"14000",39,1.53601100107405,0.522049264020687,0.0128502673505317,0.0208971014803356
"14812",43,1.13956248031874,0.453684995282691,0.0037456327295917,0.0195222882756654
"13986",45,0.916619876727049,0.38707126467854,0.000728196351387443,0.017681269457076
"11163",29,0.884097564782731,0.217373425233979,0.000485100862825467,0.0169044388439113
"15548",42,1.33566995373328,0.508848152473045,0.00213444379643206,0.0174824611643549
"14949",37,1.37344521667451,0.711738381909768,0.00387208598821586,0.02062053558571
"14617",44,1.29141978377221,0.551003520094125,0.00281794546158165,0.0182565674847292
"15581",53,0.972033511026716,0.311644167156881,0.000237644917069555,0.0168577135555297
"14608",32,0.705628188277525,0.282138043854208,0.0008208560667586,0.0173767505439201
"15217",46,1.22807638427205,0.452891697954563,0.000853559495713126,0.0166672195074027
"11294",35,1.41756802826102,0.436432424487179,0.0012688930434356,0.0180513786375415
"15216",46,1.21214106942826,0.446255633004579,0.000658429036284454,0.0164159902958684
"11071",37,1.21666281469914,0.336117926600487,0.000287790174799828,0.0168043925399318
"15559",37,1.28050938939731,0.536283265614048,0.000994184240217587,0.0165613585615356
"10425",48,1.29110747432168,0.428797336655536,0.00307194209312846,0.0189559032240917
"15568",33,1.23054095117079,0.503281794736274,0.00155668321823543,0.0167443181598012
"15538",39,0.74559283887311,0.224254158101848,0.000416423662020963,0.0168618036498784
"15752",38,1.30233559205373,0.521710138481766,0.00158611630429451,0.0166398878631579
" 9544",55,1.62562392682076,0.633627315401591,0.00592695144085857,0.02073977291422
"12868",47,1.11342284786213,0.363169053094836,0.00369984792905536,0.0186280275138462
"15747",41,1.15535216524578,0.453379950615481,0.000416423662020963,0.0162636637937515
"11569",33,0.972825029051704,0.298087146049231,0.000283429717605891,0.0177443851433776
" 9947",30,1.18255913469982,0.308908278809905,0.00126562270054015,0.0166414172315913
"14739",41,1.32156114696195,0.513232822318086,0.0103266527495408,0.0212450519473052
"10744",49,1.31691125005467,0.542119278733687,0.00248546060054397,0.0195512030083677
"13095",48,1.12844577411703,0.376267889564077,0.00246692865746974,0.0182481423857483
"10232",37,1.4415835213045,0.469097659904869,0.00684809802307772,0.0196675320044057
"15290",60,1.57872715820504,0.691984174099371,0.0010345184692615,0.0172697993815179
"15292",62,1.54990108827053,0.672121135565929,0.00106613178391754,0.0173224345892193
"15298",39,0.863655188100726,0.356495101902303,0.00148909613172941,0.0176187417468675
"15592",46,1.30463270261294,0.541879878063402,0.000431685262199742,0.0170720446145341
"12840",34,0.893847752508688,0.316841661030264,0.00113480898472205,0.017130913367172
"15596",42,1.30786700217664,0.551682181913766,0.000742367837267738,0.0170325172346492
"12864",38,0.726657278518621,0.248379539597097,0.000491641548616372,0.0172530865803067
"15566",41,0.919525931862042,0.331527128133154,0.00162863076193539,0.0178704966034339
"15771",37,1.39552466425007,0.585185243797789,0.00502978737320608,0.0190986686316412
" 9484",54,1.33227852569908,0.483318276000286,0.000819765952460115,0.0182472134793103
" 9481",38,1.19549288800938,0.44892497731799,0.00183793270724435,0.0185781878449646
"15514",51,1.55652724200973,0.699918901310177,0.00242223397123188,0.0193764042508937
"15393",38,1.44754209742652,0.682286868354722,0.0060010792131555,0.0203232035897853
"12189",55,1.2951087713386,0.474078190386436,0.00308720369330724,0.0191122330815945
"11853",36,1.16047202165598,0.405147278357395,0.00396147536069157,0.0198490178452495
"10271",23,1.04186579848165,0.20761325267734,0.00144113110259611,0.0162515837799616
" 5804",53,1.44530096545953,0.402135781727872,0.00418930924907477,0.0186382842186684
" 9186",43,1.28674657118427,0.408395053824419,0.00140297710214916,0.0175787845090026
" 9185",45,1.23103757077598,0.390615781915946,0.000630086064523865,0.0174433089028366
"10062",44,1.12152295011891,0.321118051067999,0.00100290515460546,0.0172321015667346
"15378",43,1.30942449185802,0.518998600806497,0.00462208462557299,0.0200008215276626
"14862",49,1.28704511077879,0.506485953397714,0.00174309276327623,0.019578420130645
"15855",42,1.09989493823903,0.404061852499551,0.00409773964800209,0.0198476461698292
" 9296",32,1.18034962162769,0.323405060586263,0.00161445927605509,0.0172540459671095
"12833",43,1.50315432652288,0.680743352372996,0.00335755203933132,0.0184691200797353
"12823",34,1.12431517948075,0.523421191446494,0.000506903148795151,0.0180038379126473
"14611",41,1.08933374335352,0.419978497847163,0.00108139338409632,0.0173853254225756
"13765",43,1.49610234696545,0.603677202407005,0.00295311963459369,0.0188445772939416
"12865",44,1.38637701855209,0.606378136115033,0.00345239198329945,0.0186815055833293
"13744",43,1.03082009024915,0.396865539550601,0.00156322390402634,0.0185736752238797
"15206",34,0.928542090850523,0.378330269919445,0.00232521379866679,0.0179947993655789
"13756",47,1.23712677046137,0.436249078831964,0.00131140750107649,0.0189551952449631
"14614",49,1.49970818415757,0.584194559569025,0.00348945586944791,0.0183435923482338
"14618",40,1.21658608625842,0.481867737805635,0.00109883521287207,0.0180822508441389
"15212",43,1.41137645609974,0.557364213989165,0.00022347343118926,0.0165095715251353
"15697",42,1.54070042919128,0.807086437655024,0.00715005968375784,0.0206277232640484
"15208",41,1.38321692936486,0.558075610660371,0.00131685807256891,0.0166795422475089
"15490",41,1.75629566580817,0.658924011980355,0.00897273079082342,0.0206199467487718
"15603",46,1.40591565720074,0.553545662343392,0.00242005374263492,0.0199394985710691
"15207",36,1.1887536162537,0.4669123040506,0.000308502346471027,0.0160249604634598
"15550",40,1.28443756134041,0.506564483414077,0.000346656346917974,0.0166926986508721
"15479",50,1.44648486901455,0.53650821880265,0.00661372344890362,0.0200130286365653
"15727",44,1.36312962368763,0.564392496434259,0.0028005036328059,0.0198382316386401
"15198",43,1.24854081985912,0.504118840177218,0.00232739402726376,0.0173975429601103
"15547",33,1.32963397280996,0.526913610320428,0.00184229316443829,0.0173218913610056
"15541",34,1.06699864448781,0.403314299396158,0.00311009609357541,0.0196714931909337
" 7895",34,1.14524373260481,0.298703919219662,0.000755449208849548,0.0165161412255426
"15762",32,1.31136579848222,0.474685092076844,0.00254323665836363,0.0176743154248113
"10682",50,1.68896976087076,0.584114230405564,0.00517586268920296,0.0197335666222255
"12827",51,1.52038032801146,0.637798694661129,0.00319294478026021,0.0181885069274868
"15717",25,1.26742366018107,0.51927541689272,0.00501234554443033,0.0201483494102097
"15863",33,1.28258490112648,0.614733893478963,0.00177143573503682,0.019270814223456
"15753",37,1.23264324649964,0.436159003401963,0.000949489553979735,0.0171829181252767
"12828",51,1.47827350943711,0.640706612614724,0.000307412232172543,0.0176661892908571
"15746",48,1.25292575267394,0.483394588561055,0.00344476118321006,0.0182393381824587
"13730",42,1.04583926871167,0.45977288279559,0.0019109703652428,0.0181573199953534
" 8563",28,1.09014929326986,0.16332659505683,0.00126998315773409,0.0157240122965772
"13755",40,1.49087619081516,0.647652668111915,0.00208538865300027,0.0185527092156418
"10227",34,0.912123066603352,0.249454797264029,0.00243204499991824,0.0182007543833758
"13760",50,1.32093447400026,0.539449025977614,0.000683501665149591,0.0182649795491492
"16284",41,1.57263711134015,0.730998184200746,0.00565333275193904,0.0203878606459293
"15696",36,1.08329887061458,0.365395680545301,0.00147383453155063,0.0187283480349765
"16323",45,1.16454257475563,0.509699481425038,0.000687862122343528,0.018372242830436
"15722",40,1.24870311518722,0.408066346615791,0.00386227495952951,0.0194629301925451
"17381",41,1.44296340439677,0.647286247307286,0.00287354129080434,0.019135813463543
"16287",48,1.40321335241559,0.586125269473147,0.00190224945085492,0.019424628308285
"15719",45,1.27699522739392,0.417098480520495,0.00304577934996484,0.0189211223519045
"15936",56,1.08172805945434,0.35560917249589,0.00449127090975489,0.0184750040027607
"16281",38,1.16419855634371,0.466753374382021,0.00128524475791287,0.0182630413711157
"16285",35,1.18750290062472,0.478699176958993,0.00128197441501741,0.0181419387399149
" 7830",47,1.15950213873217,0.261605044900162,0.00364425209983267,0.0168675411836721
"13369",56,1.34178339726513,0.484345244353503,0.00164607259071114,0.0185252337944689
"13752",39,1.11242061350212,0.40831889785396,0.00438116936560798,0.0198954287093173
"14068",42,1.08508335554358,0.33400236598205,0.00173001139169442,0.018572072826891
"14841",47,1.33943446144208,0.545169291152498,0.00214316471081993,0.0185807560461416
"14050",37,0.753843730644891,0.23044391840866,0.000295420974889217,0.017002609521606
"13678",54,1.31578105471175,0.448572247261563,0.00335101135354042,0.0192708448782601
"14651",58,1.30887186360446,0.44857242844257,0.00283211694746194,0.0183054361764083
" 8511",37,1.05719111711682,0.154235087908652,0.000192950230831703,0.0145913448618064
"15529",38,0.92868889394975,0.367004038268792,0.000263807660233175,0.0181141741222202
" 8566",38,1.05901265566734,0.154780172281631,3.05232003575575e-05,0.014400131320053
"15595",39,0.999186918241886,0.358944086726918,0.000512353720287572,0.0164686258469574
"15694",37,0.864970400329749,0.298236471929792,0.00166133419088991,0.0185538060142212
"15724",48,0.956846576062174,0.350521048551108,0.000322673832351322,0.017952648399299
"15814",35,0.849645476159676,0.26653873496516,0.00133757024424011,0.0188992419444892
"15905",42,1.06453469486549,0.34145423105237,0.0018074095068868,0.0188098836453043
"15917",56,1.18403462652041,0.404857263289803,0.00337717409670404,0.0187759919605422
"13909",50,1.5427989377313,0.698781814265552,0.00508102274523484,0.0191150830293172
"17504",44,1.22577301138733,0.579215831064355,0.00169294750554596,0.0197814860376777
"13912",46,1.28414658718579,0.535786897067159,0.00274381768928472,0.0187113028168018
"14865",35,0.931780598440025,0.339795148330923,0.00216169665389416,0.0190062911231966
