"node","degree","strength","eigencent","betweenness","closeness"
" 8516",61,1.02236630084755,0.106834314791698,5.09207757077285e-05,0.0081931870481262
"10248",48,1.04630802575246,0.14932147386136,0.000685399888973965,0.00957083160178994
"10666",47,1.04179579675844,0.139382505916074,0.000129853184677991,0.010015245444096
" 9982",57,1.06430898988276,0.0893520501997538,0.00107256439629776,0.0103678439462022
"13987",52,1.02278310438215,0.366520269294433,0.000726428080443996,0.011875292429516
"11195",70,0.971647481486471,0.0738990745830337,0.000259810501821641,0.00892312485585466
"14733",31,0.85870454085999,0.204624916621244,0.00136361463781739,0.0115383177543913
"10258",45,1.05669212502613,0.149516174277673,0.00031125193985767,0.00988341636702795
" 9798",40,1.0272797695294,0.0802861339042012,0.000203058308036954,0.01057399284476
"13914",31,0.681905890212912,0.223107596593995,0.000384457063216633,0.0114486270765859
"14964",38,0.764649496659934,0.214798586141573,0.000383519871025693,0.0116164057818577
"11198",52,0.953620565326433,0.0662292237772495,0.00117451008017887,0.0101263599336682
"12358",59,1.06635865714345,0.0796920307763073,0.000125583753585932,0.00950929037058797
" 7228",52,1.03256503411351,0.216315382060384,0.000119023408249353,0.00992334274489872
"12837",45,1.14568233827292,0.574373096647929,0.00139100147628597,0.011880267653568
"11573",60,1.04895020645768,0.0914272687497608,0.000101008491690177,0.00936076643539056
" 8520",61,1.02884491665696,0.10477314233396,0.000252729494156763,0.00867623974111616
"12853",35,1.07599857578967,0.539107023340457,0.000892935893034298,0.0119386232104423
"11747",42,1.0057134736732,0.079764990509531,0.00132737653976772,0.0110758397373739
"12845",25,0.604484933847455,0.33512076901341,0.000165258223002383,0.0109843761906312
"13742",38,0.653460658349978,0.188052903382874,0.00226727617481467,0.0119835108225761
" 9827",45,1.02181874647721,0.0983765776505989,0.000715390039084038,0.0102822571993457
" 9631",55,1.03227774106412,0.0664404870922496,3.01984150413932e-06,0.00805770318422138
"10351",56,1.0726701301596,0.0991042266584772,7.17472688397238e-05,0.00958578983281111
" 2845",39,1.08025475179943,0.36827763878438,1.35372205357969e-06,0.0103944101395642
"10266",48,1.05807286009444,0.150501400624152,0.000789740619565262,0.0107910950513055
" 9628",56,1.03121532481595,0.0659300520052718,2.08264931319953e-07,0.00794406306767271
" 9627",53,1.02810849489168,0.0663999945448278,1.91603736814357e-05,0.00798009205566746
" 9767",44,1.07336018879866,0.08590790084985,0.000113920917432014,0.00940289552074984
"11143",51,1.05023144425421,0.184174735518028,0.00133570713702052,0.0114689972099451
"10815",53,0.881730762063838,0.139227471971558,0.000210972375427112,0.0100412628081927
" 9973",63,1.05374213372629,0.0806855845967455,2.1971950254255e-05,0.00901941407935637
"10648",46,0.765465606048605,0.12012868836188,0.00247304192695878,0.0115016390043753
"11164",53,1.01507420303466,0.160565862563978,0.000479425871898532,0.0113106958221243
" 9634",53,0.995458987842721,0.0643868797446322,0.000189833484898137,0.0084715626506074
" 9769",53,1.05786475468982,0.0864645729111004,0.000192228531608317,0.00960995083032829
" 9979",55,1.00678772429061,0.088830194867285,0.000240754260605866,0.0100583296408828
"11112",41,0.950787584882437,0.231405772748736,0.00409782078865139,0.0124223567618725
"10802",54,0.968342961266401,0.13945216807454,0.000779743902861904,0.0112170607230302
"15474",54,1.22833551947134,0.373126689514655,0.00223082981183368,0.0117706081710446
"15560",29,0.488297606996113,0.123826315031775,0.000298131249184513,0.010678872250952
"10860",43,0.866971461928908,0.0964691343863862,0.00268484736211117,0.0119858029274264
"11191",86,1.04436570794229,0.0876558321087086,1.87438438187958e-06,0.00691820180796344
"10734",24,0.917858443735563,0.0879939711691137,0.00390652944923402,0.0119442088744558
" 9894",61,1.04893586058708,0.0802208647921725,0.000270536145784619,0.00958298066056527
"10030",43,0.928343208105679,0.0689438422122378,0.00117794645154565,0.00990229238175909
"10327",93,1.0341415765725,0.0919318277599921,6.43538637778655e-05,0.00793401451637298
"10567",93,1.06786239597365,0.0970770470978196,5.62315314563873e-06,0.00786766018506568
" 9266",32,1.06226173296775,0.386311344865452,0.000424756327427044,0.012590749090202
"11189",93,1.03913708694881,0.0838004517683485,4.16529862639906e-07,0.00686744132196513
"10274",80,1.03603783981922,0.0858873264412341,0.000117982083592753,0.00852777220290459
" 9891",53,1.0207405339588,0.0771475437342856,6.30001417242858e-05,0.00890512344700044
"10562",93,1.05274761819057,0.0933432270512321,1.66611945055962e-05,0.00760283728948517
"11182",80,1.03136345019323,0.0760961377870519,5.20662328299882e-06,0.00674783165747749
"10628",78,1.04087114726798,0.0779836222331298,3.15521370949729e-05,0.00866147139647759
"11168",61,1.00181791890581,0.0821100258255124,0.00508718334488683,0.0111927301907581
"12720",53,0.990241297320417,0.115438001127301,0.000815982000911576,0.0106615475182055
" 2193",43,1.25854155281806,0.710264760278546,0.00136059479631325,0.0122082252647588
"12733",51,1.1566800563411,0.153399185578866,0.0032665313152878,0.0114760483836535
"12841",26,0.801857343328469,0.447319749169758,0.000323747835736867,0.0110091797931333
"12808",33,0.569559267290648,0.197602114590752,0.000238775743758326,0.0105561761789483
"12824",47,1.42786623363974,0.768303014211559,0.000232111265956088,0.0113292476744594
"12822",50,1.44132889961405,0.760675531283444,0.000477447355050992,0.0114589232548856
" 9643",55,1.04510076969612,0.114714424383332,0.00266381260404786,0.0105703692073418
"12825",52,1.27306128395574,0.687130062820186,0.000208889726113913,0.0112391584820558
"13779",37,0.823813251277419,0.313304053322877,0.00039653642923319,0.0115305210736114
" 9805",66,1.03701996637111,0.0768559706963276,1.98893009410555e-05,0.0088031254742177
" 9520",50,1.06783025357786,0.135052132506373,0.00207327739129013,0.0109233793508529
"10011",59,1.02865867841639,0.0891435073557369,3.92579395538111e-05,0.00917914460404482
"11466",61,1.09836176558251,0.143286168590883,0.000269494821128019,0.00934864742091725
"10191",43,1.00888820900696,0.101627533308318,0.000367066941451417,0.0104470932852719
"12848",31,0.772493910338627,0.429656912096229,4.15488537983306e-05,0.0106681190964438
"13753",36,1.28198657783588,0.564529897289249,0.000847846535403528,0.0122770434377061
" 9813",59,1.05429018639292,0.0951665793111072,9.69473255294381e-05,0.00937160964026846
"11468",63,1.11609751686908,0.14919620924269,3.76959525689115e-05,0.00908398868165317
"10189",47,0.974564675656426,0.0960089764106016,0.00013235236385383,0.00980128094349112
"13774",39,1.04786493733021,0.392406264200585,0.000730072716742095,0.0117535641379831
" 9595",52,1.09564347302849,0.14892808086553,0.000138079649465129,0.0101353896382191
" 9942",58,1.04035884082577,0.0831927356528425,2.70744410715939e-06,0.00889777047249055
"10521",94,1.03069898609864,0.0712493970766457,6.01885651514664e-05,0.00769451020698263
"11457",69,1.05319243063503,0.136300902198893,0.00088293917633094,0.0101051523966965
"10272",23,1.03719892605987,0.128698583134223,0.00569542107680675,0.0123903360574851
"10530",72,1.02736568132157,0.0735639661427489,6.74778377476648e-05,0.00852673826714015
" 9941",52,1.0890025542369,0.11033708788439,0.00079713402462712,0.0105267116182092
"16305",65,1.55635124108157,0.790073427814995,0.000749024825492211,0.0126121592940097
"15471",23,0.528876859936735,0.146215059619195,0.00048442423025021,0.0123558207694175
"15598",28,0.963014525815716,0.394594713530532,0.000965620354064962,0.0125493936826541
" 9676",68,1.02866149319443,0.108837290952059,7.80993492449824e-05,0.00872366106965984
" 9280",30,1.25603110396405,0.450840154984294,0.00238963182196514,0.0127536467391226
" 9206",38,1.24570041737956,0.437336382930303,0.0010750635754736,0.0126912713177421
" 9670",41,1.08998095013354,0.128281870243656,0.00107287679369474,0.0111282170177045
" 9208",29,1.23046588016565,0.419264934958059,0.00281157657281936,0.0127465827727776
"16295",37,1.30550387391155,0.620172788324854,0.00273483094562796,0.0127125706545918
"14010",48,1.43801494613676,0.693548028946333,0.00302806796892646,0.0126823512493853
"14008",38,0.835177334174879,0.276992461948284,0.00214085936150346,0.0126465044851076
"12834",41,1.40664863741822,0.772568787037766,0.000315729635881049,0.0114966006732572
"14014",19,0.715721180180746,0.286559086345753,0.00188583895310217,0.0123943266869094
"14821",44,0.668013440907461,0.213583496563083,0.000468179565607254,0.0113250066042501
"12835",42,1.31903640816346,0.72449358121695,0.000587515371253587,0.0115830307846146
"12839",34,0.613253889016186,0.221032327137176,0.000152241664794886,0.0110060191970859
"13758",31,0.457611010190851,0.172551646361558,0.000194207048455856,0.0107092734047204
"10374",44,1.00509324396901,0.0889583255623875,0.000947188907643146,0.0107002217156359
"13502",24,0.491313174836952,0.16773743084563,0.000338326380929264,0.0114718387680556
"13749",51,1.34828731633178,0.62126287836136,0.000433399322076822,0.0120284796486555
" 1840",54,1.22946214124745,0.392194214127468,0.000755376905897469,0.0112770261800951
"13728",18,0.518998974716033,0.153011090790337,0.000764748827806867,0.0119045699451175
"15387",41,1.05443657999507,0.482833157307233,0.000984468330349418,0.0118817340233746
" 7508",74,1.11428378201712,0.26722486511255,0.000520037533505922,0.0109426254933996
"10510",68,0.975428650373601,0.0766471027495539,0.000168173932040862,0.00859524895172136
" 9859",50,1.08484554599575,0.119313673396727,0.000148701160962446,0.0101672340927737
" 7503",72,1.08991536814996,0.265810851357744,0.000540551629240938,0.0108752063938424
" 9861",55,1.09397198907932,0.125740755466225,0.000181815285042319,0.0102783818544652
"15576",25,0.443196358242999,0.110231271412297,0.000205349222281474,0.0113968096859606
"15629",24,0.378269049348102,0.111289079900084,0.000127354005502151,0.00985935336205876
"15695",7,0.145588771050431,0.0441676953306056,4.8629861463209e-05,0.0100521707095654
"10003",63,1.05949017749031,0.117939776410001,0.000142661477954168,0.00948740058652742
"15523",8,0.189808629185708,0.0446050100093614,4.25901784549304e-05,0.0099097796567109
"15608",24,0.571217734258065,0.136117107341204,0.000198684744479235,0.011069126977899
"15688",18,0.355963668346955,0.0854941813887793,0.000112046533050135,0.0112600324821205
"15739",21,0.421776633168911,0.101088894149525,8.05985284208218e-05,0.0106056754694513
"10005",51,0.994873224671538,0.103808073622962,0.000129749052212331,0.00957861929620291
"15712",27,0.657136843125667,0.176787329002868,0.000908035100554995,0.0119407674073655
"15804",29,0.527462924412322,0.1508691709696,0.000415280273051986,0.0117146346053759
"15902",16,0.271843060090174,0.0669551493816662,5.42530146088477e-05,0.0108184084698103
"13064",48,1.03565569811879,0.0819827347012683,0.000646558479282794,0.0104811517475587
"10161",47,1.02575696562456,0.162628350535505,0.00396182378849947,0.0124254970385292
"15706",16,0.380150109069238,0.123909828432121,5.24827626926281e-05,0.0109040341045536
"15780",21,0.625616201455575,0.163224359531517,0.000734966942628114,0.0115647322482128
"15832",25,0.423015005924608,0.106062187591371,5.51902067997875e-05,0.0105685970711303
"15896",20,0.434473184994679,0.156710992489359,0.000236276564582487,0.0118218026146204
"12671",51,1.02772726098758,0.0896263795427338,0.00160874246198098,0.0107019477247131
"15729",29,0.721833609156602,0.178653640040572,0.000786095983267162,0.0118682609022195
"15820",20,0.478074437403052,0.11012804276696,0.000490359780792829,0.0113068562143006
"15882",27,0.591683808832678,0.173370080580707,0.000469429155195174,0.0114847606193574
"15944",44,0.814008975677775,0.213584739940066,0.00325601393625614,0.01203624448458
"14642",40,0.800742722511351,0.313933001693049,0.000476614295325712,0.0110773594304541
"12992",71,1.05647225177865,0.0867027835894133,0.000406429013470888,0.00920582978088831
" 9771",35,1.04514469656434,0.0881645065838079,0.00267006055198746,0.011654896824945
"15947",37,0.753480221462416,0.203557733044978,0.00213211223438802,0.0120523931002037
"14645",52,0.82053551690068,0.282213599413379,0.000508582962283325,0.0112402268930285
"12988",61,1.05215908070346,0.0853462736543623,0.000678006483912107,0.0101296397314789
"15186",37,1.28579504693946,0.578428084695694,0.0015813556235124,0.0123324012152073
"13003",73,1.0032341504954,0.0834098731193254,7.1018341580104e-05,0.00869676059528618
" 3503",33,0.932563413066516,0.321646365818872,0.00184616448368572,0.0121523359588715
"15185",40,1.31900892867313,0.561277387511094,0.00217293216092673,0.0124717322897493
"15351",18,0.221462024581214,0.0615401543340021,8.12233232147816e-06,0.0104884190975653
"12843",52,1.43654386294848,0.747708925818539,0.000704560262655401,0.0115737101098411
"13886",42,1.4982215301665,0.87225640675115,0.00221812565102316,0.01251584061229
"12842",45,1.2282252515092,0.693091718444466,0.000553672319914095,0.011477352002928
"13885",41,1.4412231923434,0.832674935423154,0.00151408605069606,0.0122752418057993
"12844",39,0.752913199850478,0.3246393003943,0.000616776594104041,0.0110342272068819
"13766",42,1.3559316160411,0.660297341722792,0.000871484605108343,0.0122895713078476
"14417",12,0.175787024355749,0.0504282976575629,3.74876876375915e-05,0.0108885429755233
"13917",11,0.210595563520959,0.0561792970302475,6.78943676103047e-05,0.0100713332641501
"13764",45,1.30930071531097,0.619051043720457,0.0013308129111345,0.0123262602322322
"13993",9,0.143277081603747,0.029360274044603,4.19653836609705e-05,0.0102545926966219
"13122",60,1.0851452598782,0.0939610565878602,0.000581059158382669,0.0102344138877585
"13778",32,0.862470529233623,0.398657939820297,0.000290217181794354,0.0116928107639982
"13000",54,1.02276412937363,0.0767935046626913,0.000321665186423667,0.00990496961700613
"15470",63,1.1652814394508,0.390797008533525,0.000557837618540494,0.0115115936990576
"15605",36,0.640169839092358,0.239006296514079,0.000337493321203984,0.0113366902044729
" 9778",42,1.0894062590436,0.139255748915078,0.00457308136192353,0.0114458935216491
"10035",56,1.02399049468063,0.0766195953074454,4.10281914700307e-05,0.00965843847041127
"12944",62,0.980447871115087,0.0779517296969174,0.00156063326284607,0.0102466731752375
"14593",58,1.21415138072972,0.53194905526199,0.000279387405365717,0.010984743614988
"15464",20,0.735484168138598,0.270650997050526,0.000824208465698714,0.0120657737750757
"15604",41,0.931328788585692,0.319538053956259,0.00142338667310622,0.0119755178311926
"14564",56,1.17759642742032,0.491977935561985,0.000271889867838199,0.010960942312694
"12488",65,1.06450703374539,0.104334534037128,0.000197331022425655,0.00970312636087535
"15486",20,0.367950804008514,0.0866763011234747,0.000392995925400751,0.011080121111539
"15671",14,0.426210930809092,0.101670286499745,0.00221687606143524,0.0125871947267756
"15736",16,0.357497546868171,0.161540117705133,4.8629861463209e-05,0.0118020399313328
"16257",35,0.907981491399445,0.257349574494068,0.00348114832701301,0.0126812072180197
"15798",31,0.83556692407931,0.326505402804171,0.000779639770396244,0.0118727475998243
"15858",15,0.229877798888619,0.0582655526875591,2.15554203916151e-05,0.0111669972144824
"15187",51,1.05969219621602,0.473262257049246,0.000776828193823424,0.0115902081017634
"12220",57,1.0177927935789,0.0986857706565903,0.000566480613190272,0.0102377275218607
"15702",35,0.558783110141692,0.172762184880545,0.000392058733209811,0.0110890258055859
"16085",38,0.782972306127037,0.272271320741145,0.00088293917633094,0.0122496891080085
"15720",32,0.558894226774916,0.1481240549534,0.000227321172535729,0.0110518151348757
"15812",16,0.26656053120392,0.0944844154920088,3.64463629809918e-06,0.0100986536165677
"15213",40,0.921462791779697,0.430054713300785,0.000215345938984831,0.011231877877482
"11925",35,1.09155245550999,0.102738790475477,0.00348666734769299,0.0115649462624565
"12802",49,1.04607358980346,0.0743921351466324,0.000182335947370619,0.00930861424279419
"12791",62,1.02553199969278,0.0785226113175885,0.00124448709710238,0.00996145524559526
"13887",43,1.4571934873398,0.778367470086471,0.00214866929642795,0.0128617244224043
"14519",41,1.22133947861311,0.458157436427285,0.00187709182598674,0.0126100236481933
"12912",50,1.04196488579349,0.0732101058115412,0.000241899717728125,0.00922082986069841
"13902",41,1.29801955360618,0.734978752838188,0.00048629861463209,0.0126306164436086
"14418",20,0.603606997097397,0.230006746537041,0.000609695586439162,0.0123019598087337
"15743",52,1.18563518510995,0.562455671487343,0.00186428353271056,0.0126411595655255
"14015",17,0.30213862908696,0.0843686428287157,2.81157657281936e-05,0.0100345189427552
"14892",20,0.428656987905703,0.103339921937682,5.38364847462078e-05,0.0110857779541781
"15312",30,0.69414935808318,0.186984174088292,0.00102612131661341,0.0121628107775113
"10957",51,1.04483865928059,0.0737195378932449,5.62315314563873e-06,0.00845713785493201
"11356",96,1.05366925157769,0.106841309183852,1.13504387569374e-05,0.00749669016648608
"14923",51,1.16331281495709,0.365754412590591,0.00143442471446618,0.0122712641681551
"10958",40,1.00698883266326,0.0719898123742191,9.17407022464393e-05,0.00884883980287262
"11351",93,1.03506857711576,0.105211334835459,7.80993492449823e-06,0.00774070247515641
"15531",9,0.312251142940799,0.0649210572513947,0.00121928704041266,0.011662486701883
"15634",44,0.846531931703629,0.29679167422692,0.000464014266980855,0.0115983794628114
"15684",24,0.761327937500101,0.221003447889722,0.000939066575321668,0.0116737696723798
"11192",87,1.04314168360097,0.0934028418826235,2.09306255976553e-05,0.00742634790789084
" 8149",53,0.969940040316859,0.300916786400616,9.51770736132185e-05,0.00902810364495233
"11185",92,1.03512797807532,0.0946320159508105,9.99671670335774e-06,0.00720879093201768
"15801",24,0.648404181689848,0.179406606274914,0.00165195743522987,0.0123475422557387
"15932",35,0.973177893352416,0.376618676470097,0.00353071538066716,0.012451187637057
"15875",45,0.993272353426641,0.297132976875555,0.0023004944313602,0.0120793704492661
"11187",82,0.998072205768552,0.0810132669493217,9.86134449799977e-05,0.00798892192678559
"14818",43,0.817155477677902,0.24596371678102,0.000644684094900914,0.0111676592571819
"12680",50,1.01507617799109,0.0909614153351473,0.00235224826679321,0.0115450181075703
"10188",44,1.03462277660127,0.101556032900686,0.000144535862336047,0.0104121508237313
"14851",29,0.571949303717971,0.197413605307036,0.000299380838772432,0.0108968714842584
"10190",47,1.05566978772845,0.103451976216329,0.000191083074486057,0.0103044799702987
"12910",59,1.0453728351338,0.0816075067232831,0.000146930909046227,0.00912963959420566
"15264",36,0.859049235459077,0.39162019338724,0.00191759935512847,0.0124874620128445
"13009",56,1.03000125088437,0.0806984065870302,0.000146201981786607,0.00934092777095098
"13024",68,1.04926085849276,0.0802368374743826,0.000255124540866942,0.00997846817662393
" 9635",57,0.996010266308047,0.081032290945626,0.000672070933369488,0.00975606522613939
"10970",39,0.94119926365658,0.0728717250202405,0.000272514662632158,0.00962033619812444
"11347",81,0.967161817364443,0.0924047173997442,0.000137871384533809,0.00946612592784024
"14004",20,0.34343670965732,0.085405437351545,0.000157344155612224,0.0102237184997044
"11174",87,1.00071550853469,0.0864336510757397,6.89356922669044e-05,0.00846043071601762
" 9629",48,1.01462940795954,0.0630560441863429,4.16529862639906e-06,0.00778079216777164
"14038",43,1.20975825106854,0.659696544549393,0.00101643699730703,0.0124558217967877
"14906",48,1.01498141545322,0.311531177685155,0.00282688404527138,0.0126010044753333
"11183",73,1.00037758928497,0.0922286235458019,0.00119637789796747,0.00954391322321329
" 9630",46,1.01113830156759,0.06351686885375,0.000181398755179679,0.00799354874473354
"14331",50,1.34466843969618,0.638494165819786,0.00200350863929795,0.0127248054076989
" 9638",53,1.03278934549082,0.0760083034004133,0.000878982142635861,0.0090026653752518
"10816",63,1.0347835833199,0.136990513431272,0.000234402180200607,0.00938819674223253
"14412",21,0.449649373645822,0.116244145255696,0.000233256723078347,0.0108685337494662
"13900",23,0.640533356963103,0.178321749767296,0.000567626070312532,0.0114777425283515
"14688",35,0.759573898109164,0.219553749086654,0.00057741452208457,0.0114786374365916
"15327",45,1.1445853627667,0.336579309829334,0.00137788078561281,0.0122296850854806
"15424",37,0.791924662113983,0.293229511863736,0.000701019758822962,0.0121283550410942
"10891",60,1.06186893356732,0.142066143967689,6.86232948699245e-05,0.00906898458767954
"14057",16,0.269361734161281,0.107926752518727,8.33059725279812e-07,0.00962716278908628
"14910",45,0.919695533068274,0.292751039911053,0.00123886394395674,0.0116396213131086
"15357",26,0.681168235881386,0.188524989129225,0.000633437788609637,0.0121513808611447
"11181",92,1.03611258222179,0.0794787555389362,1.45785451923967e-06,0.00687883954762513
"10699",74,1.0521306855526,0.080728744621542,6.35208040525856e-05,0.00868666703714936
"14917",46,0.796875819250609,0.247588947180166,0.000305316389315051,0.0115558812437828
"14727",63,1.1221006225347,0.453637002917325,0.000469116757798194,0.0111356512066716
"10639",62,1.042243687493,0.077925087280198,0.000523057375010062,0.0101023149151094
"11175",80,1.03142235805545,0.0780196982726667,2.60331164149941e-06,0.0072494577552397
"14731",49,0.872057370076971,0.348521646761017,0.000428921626053443,0.0110723828354211
"10594",71,1.0019755201801,0.0918765745867527,0.000466305181225375,0.00897101040083664
"11197",65,1.00268789986294,0.0711385881666479,9.18448347120992e-05,0.0084301665487248
"15258",63,1.1820752929532,0.513653804604708,0.000216803793504071,0.0109225862344787
"12911",67,1.05492821647964,0.0769218370065731,2.80116332625337e-05,0.00863662129967466
" 9636",57,1.02602610448829,0.0829418879191267,0.00125365075408046,0.0100910736237603
"12090",37,1.09419676745248,0.186325442809944,0.000102466346209417,0.00964186719431725
"12095",37,1.11301635076258,0.197076970144585,6.34166715869257e-05,0.00972102326291629
"11378",68,0.889866350614621,0.0791744330986232,0.00053003425020928,0.00970253294173217
"12104",38,1.08511109387627,0.176306844972304,2.45752618957544e-05,0.00958087371719332
"11201",77,0.991661585643193,0.0692476654131881,0.000100071299499237,0.00868356650566129
"11223",70,1.02144327742236,0.0775567158724516,0.000146097849320947,0.00887713099466364
"11461",67,1.05639166325201,0.135841321834992,8.33059725279812e-07,0.00886448312552197
" 6558",42,0.903051695362564,0.281439615773391,0.00348458469837979,0.0131276639028
"11462",58,1.04854814907336,0.127082175701184,3.26975942172326e-05,0.00895455059761792
" 9948",46,1.06158358289141,0.10249203843787,1.01008491690177e-05,0.00925194095479223
"10513",48,1.02128861382311,0.0799348641006943,0.000568354997572152,0.0106188427902982
"10529",43,1.0482182135115,0.0875291855873533,0.00102476759455983,0.0113332190272305
"15928",56,1.18668191207959,0.139334118164144,0.00368358184025601,0.0111677226327988
"12849",59,1.20788334097816,0.621046533799378,0.000828686161722093,0.0115499155749732
"12858",42,0.960988186130257,0.401518970140872,0.00185345375628192,0.0116595236394482
"12787",31,0.414516132681065,0.10949505565704,2.59289839493341e-05,0.00985963538597728
"13754",49,1.35222305503375,0.633752322247571,0.000969056725431741,0.0117036709027212
" 9637",61,1.02085905072841,0.0865580839279598,0.000616360064241401,0.00997758224451255
" 3216",39,1.12866278500064,0.437020439559468,0.000147868101237167,0.0105995514493993
"13770",40,1.08277182642102,0.567853817258943,0.000631355139296437,0.0115873163476972
"13821",10,0.274238242848986,0.114684712732183,1.91603736814357e-05,0.0105664962762307
"11204",62,1.01916425671845,0.0700115044283304,0.000527847468430421,0.00964349616933608
" 9876",45,1.0140639351061,0.115135759545927,0.000771725703006086,0.0105868110442765
"12135",44,1.05429711475346,0.141613593446183,0.00253562553882043,0.0114084335658658
"12151",42,0.995010048261923,0.11861872550684,0.00143796521829862,0.0111584709071759
" 3266",43,1.15017808361118,0.442125569530098,0.000292403963573214,0.010614496991619
"12894",43,1.08398698259169,0.147228198109379,0.000146722644114907,0.00930071416762786
"12907",44,1.03695001683762,0.13105183807215,7.16431363740638e-05,0.00923548678147422
" 2828",39,1.07434293810078,0.358358214257052,2.49917917583944e-06,0.0104766771681867
" 1978",39,1.29606708218071,0.599139467038847,0.0026428819784502,0.0126998835862793
"13872",8,0.106526115904765,0.0280499297244581,1.04132465659976e-07,0.00850357673124503
"14069",22,0.569994544197764,0.248854534486287,0.000164321030811443,0.0111340344762776
"13867",41,0.933412949712459,0.409834618616337,0.000415800935380286,0.0120506530179314
"14077",26,0.637857221438126,0.214848147773681,0.000908764027814615,0.0114555206209031
"14894",18,0.333417146606843,0.089624602498524,5.89389755635467e-05,0.0106187148121543
"14907",23,0.667787643805479,0.150689569551428,0.000730905776467375,0.0120324348304138
" 4836",55,1.10205594365077,0.395437605860691,0.000401951317447509,0.00986769464485758
"  273",30,1.10132613544978,0.328096905861829,0.00117169850360606,0.012033304403748
" 3554",12,0.394590489469286,0.107917429557301,3.28017266828926e-05,0.0116001533662188
" 5721",43,0.842364681138557,0.421847976798319,0.000785471188473202,0.0117988456224744
"10193",39,0.951144816284455,0.0907014090070208,1.17669686195773e-05,0.00968181610710625
" 8106",54,1.04178727961135,0.312186884467109,0.000209722785839193,0.00843768602025601
" 4766",52,1.07723869506188,0.394421299947181,1.04132465659976e-07,0.00878683384516407
" 2784",30,0.644783172887678,0.232620298622253,0.00202797976872804,0.0116714248217043
" 6356",60,1.14603173189552,0.423050011968364,0.000682067650072846,0.0106116253193393
" 4095",35,1.22253194473834,0.626848138599824,0.000249293122789984,0.01126911465977
" 6661",59,0.797489497900836,0.238635896345157,9.52812060788785e-05,0.0104534502286886
" 7105",38,0.913771584089126,0.0890218878379603,0.00376470103100513,0.0102947467057158
" 4837",55,1.08070031067789,0.386055473850989,0.000280324597556657,0.00999102529372725
" 7690",43,1.11843843435593,0.247596303398737,0.0022853952238395,0.0109661385265082
" 4759",51,1.0740208063487,0.394716521672968,0,0.00878231587613306
" 7111",50,1.05649112539274,0.0976502547550272,4.39439005085101e-05,0.00890676394447997
"12112",36,1.07186600991966,0.158422095905716,0,0.0095071015637833
"12109",43,1.09412380086672,0.178780456020645,0.000208160798854293,0.00974171175938838
"12143",30,1.0338131675864,0.145929806203034,0.00127197806803661,0.0100070050176343
" 4724",52,1.08615003708531,0.396780385104208,4.95670536541488e-05,0.0091959488551952
"12122",32,1.04643909375085,0.142654249904305,7.87241440389422e-05,0.0095377132794638
" 4858",42,1.12440828299249,0.434914076902724,0.000230757543902508,0.0114979247597827
" 1958",51,1.08895805631467,0.316184490605083,0.000698416447181462,0.0108071446440303
"11900",67,1.03801721680373,0.0936879076591796,0.000126000283448572,0.00850860698541084
"11939",77,1.02362468199233,0.0844270162666922,0.00013089450933459,0.00853054695915844
"11943",72,1.04592634093413,0.0845017343969841,0.000292716360970194,0.00919721095366757
"16483",12,0.830167005803094,0.135564486874302,0.00164570948729027,0.0116031446806462
" 2807",44,1.08188758829832,0.357680033071228,1.69735919025762e-05,0.0102006416043233
"12123",36,1.05350892856968,0.140852741649266,0.00106704537561778,0.0100793247292758
"12902",48,1.02975882500349,0.122894561230861,8.35142374593011e-05,0.0091525309585922
"12169",30,1.03184653198383,0.134651868157167,0.000522536712681762,0.00978782579392304
"12950",51,1.06140076537506,0.122753194613971,0.000139537503984368,0.00937298539436033
"12818",48,0.684307784308691,0.217144039973542,0.000375605803635535,0.0110875437907339
"10654",61,0.975020926891927,0.0920268753988887,0.000909701220005554,0.00947815703833109
"11917",51,1.08217300914141,0.182032393374845,0.000381749619109474,0.00999312540634478
"13549",59,1.12820295700646,0.340945851061676,2.12430229946352e-05,0.0108393827158794
"10655",52,1.01416418490824,0.0832877753080833,0.00162540365648657,0.0101771072722697
"11920",54,1.0737022659982,0.177823597870384,3.87372772255112e-05,0.00972056795534566
"13547",44,1.14323985232108,0.350541000749515,0.000790781944221861,0.0111797579797398
"13213",40,1.02890859666127,0.311465957329443,0.000898871443576917,0.0111738658260068
" 7819",37,0.959310078716748,0.173710884599588,5.09207757077285e-05,0.00882558000706342
" 8308",37,1.03699877162666,0.205107886584121,0.000499315172839587,0.00912604576440233
"12919",46,0.992833085763245,0.116244279929765,0.000470158082454794,0.00943730949432094
"16213",66,0.99891517986884,0.330735188749239,0.000413718286067087,0.0110800568590471
"16188",50,0.72921860386301,0.232043273155696,0.00044027206481038,0.0105316179993897
"16214",46,0.860345812533901,0.225689075420678,0.000898975576042577,0.0109509711601381
"16091",35,0.622633250885185,0.13732620309898,0.000403929834295049,0.0109316351473158
"11599",77,1.10808524955703,0.282800706734821,2.04099632693554e-05,0.00953418186149064
"11898",54,1.22843200450231,0.46061990615117,0.00137069564548227,0.0124970580337401
" 3243",45,1.10095939427518,0.393874127108932,0.000102049816346777,0.0101833478583401
" 6573",24,0.848798712510026,0.19098407888764,0.00586401153871025,0.0129551349332769
"11632",68,1.11232705765485,0.280507721421393,8.21605154057214e-05,0.00950305826046463
"11639",77,1.09841765904258,0.286168634254374,8.851259581098e-06,0.0095009857186013
" 1936",43,1.28517705556906,0.597705012969277,4.06116616073908e-05,0.0118951831808245
" 2159",59,1.36370989691925,0.515756987205857,0.00233371268790573,0.012363741035015
" 5088",41,1.06649035683695,0.587862635067502,0.000381124824315514,0.0117848546091794
" 5191",64,1.20183361597938,0.47006337333452,0.000244503029369625,0.0108124801938063
" 5227",46,1.14785830781161,0.481233308646251,0.000520454063368562,0.0114906450923427
" 2956",53,1.13497143627912,0.461468174934157,0.000120585395234253,0.00922175623180283
" 5013",45,1.19837933805729,0.3344576289434,0.00302452746509402,0.0130284579818097
" 6285",28,0.460528613341813,0.129500778057062,0.00136444769754267,0.011625243066452
" 6599",42,0.581214492077038,0.11935586980509,0.000571270706610631,0.0110468687817316
" 2252",40,1.12127003188733,0.439959701407875,0.000341971017227363,0.0105760886490987
" 1972",41,1.12614434045422,0.58113146763743,0.00309138050804772,0.012511599085419
" 6689",27,0.682152376887308,0.228394735646286,0.000849408522388428,0.0122645816920805
" 6974",47,1.15280341689639,0.289719777112863,0.000235964167185507,0.0106927367013943
" 5219",55,1.19193463629266,0.455107325970164,0.00017723345655328,0.0107112476225255
" 1172",50,1.13330526278219,0.466037653037409,8.851259581098e-06,0.00900280319125523
" 4512",52,0.905411318272156,0.237307671537204,0.000922197115884752,0.0113342610511494
" 1989",42,1.29101015811295,0.600792885956137,0.000436315031115301,0.0124543218742007
" 6559",16,0.935487855033662,0.267418022199644,0.00048504902504417,0.0119681283745699
" 6732",21,1.08737095784364,0.265658572993789,0.00590399840552369,0.0127607155908706
" 1858",38,1.17507320495229,0.44124025967764,0.00217084951161353,0.0125537149302764
" 4461",26,1.08620013990125,0.334627327682592,0.000141099490969268,0.0117306362005824
" 4449",20,0.692634524966642,0.0999268781638757,0.000799320806405979,0.0108113706591223
"  236",36,1.0623128492438,0.427031787781837,0.000431629070160602,0.0116587530613151
"11945",56,1.07069604494615,0.171695076790951,0.000911054942059134,0.0103354655069394
" 2501",32,1.18285281517317,0.58262696303952,0.00120481262768593,0.0117895867854528
" 3302",41,1.08681534250447,0.133026784939324,0.000636978292442076,0.0112891212374273
" 3666",37,1.23957931941654,0.48951334652042,0.000695292473211663,0.0119184262959439
"13205",23,0.459764396734265,0.121719817315577,0.000294694877817733,0.0112036927843542
" 6316",45,1.35326072771208,0.719235735988022,0.00263330179160948,0.0124370575198211
" 8200",32,0.76363257687948,0.271672220744583,0.000862529213061585,0.011239446062561
" 4094",36,1.19572714598126,0.63814572398481,1.26000283448572e-05,0.011307065509929
" 3465",15,0.251525203727444,0.131998250449029,8.33059725279812e-07,0.0104098532316783
" 8150",50,1.00205522086543,0.316829112928149,1.50992075206966e-05,0.00890141401371526
" 4375",48,1.15500789945006,0.306092677324676,0.00222458186389408,0.0118129622838269
"13203",32,0.621440623368566,0.189369605128437,0.000896788794263717,0.0110926034010657
"12065",48,1.05207377475514,0.174908582331572,0.00270640278250279,0.0103756311401507
" 4101",31,1.1676743875427,0.636433103821,0.000165674752865023,0.0113925168695557
" 8141",53,1.07665441355399,0.356346979511932,2.70744410715939e-06,0.00897200417410864
" 4493",72,1.17457829225771,0.471965543087046,0.000106839909767136,0.010496855365675
" 1650",66,0.899801442409926,0.102323896183696,0.000616255931775741,0.00989767607593303
"  450",39,0.937769734011128,0.319031953869493,0.00013047797947195,0.010782747164339
" 3231",53,1.26077185082382,0.447535930558401,0.00199330365766327,0.0122511609187456
" 8142",45,1.0604115537127,0.338871695360508,9.64266632011382e-05,0.00918545532494633
" 6627",40,1.36467588160672,0.385689150098933,0.00474552472505645,0.0131649588286665
"11625",71,1.12102923189373,0.296735628166894,0.000146410246717927,0.00952590155386806
"11652",72,1.09651082772053,0.292871426482683,3.0927342301013e-05,0.00940294119911279
" 8163",53,0.975804805586244,0.298030719614319,1.28082932761771e-05,0.00864533599341854
" 7820",55,1.07549213747377,0.190244464595502,0.000745484321659772,0.00990852872361868
" 6911",21,0.866950859808927,0.230996445032048,0.00275586570369128,0.0122742489141103
" 6642",50,1.08183348356823,0.268114400662602,0.000386435580064173,0.0101339776124709
" 4502",46,1.01820958260613,0.107558119483966,0.00120179278618179,0.0101510011220085
" 6651",29,1.02270212196597,0.232155499077129,0.000595741836040725,0.0108790270910442
" 7266",46,1.0022591708266,0.163564899887985,0.00212576015398276,0.0112705207869035
" 6697",70,1.14747900518839,0.328732451462705,0.00218521979187461,0.0117514771296999
" 5204",49,1.18920183059729,0.488308118724713,0.00107631316506152,0.0112137712703188
" 5261",54,1.15297772607439,0.454334709460057,0.000187646703119278,0.0108323710925024
" 8796",31,1.12643365072784,0.210009282844763,0.000601260856720704,0.0109389906984531
" 4392",70,1.27914556262065,0.363913464350985,0.00106298420945704,0.0114406646764954
" 6705",40,1.03346303901051,0.0936562761124884,6.45621287091854e-06,0.0085079466967456
" 3251",43,1.12410621054877,0.416631899475581,0.000368212398573677,0.0104024225456197
"10122",58,1.04286150489478,0.171743949415939,3.26975942172326e-05,0.00983205697608652
"10116",60,1.04766767587838,0.171252724963374,3.12397396979929e-07,0.00953193711339637
"10111",60,1.04523526267947,0.17215335463301,1.61405321772964e-05,0.00974621433644552
"10108",59,1.05161854432674,0.173046601338833,0.000127874667830451,0.00985090885349053
"10125",57,1.0597420835095,0.17570390023278,0.000125167223723292,0.0100921203029367
" 2838",38,1.06585161779311,0.35969984021256,1.87438438187958e-06,0.0105049760955121
" 3254",57,1.11777770181382,0.410651094559645,0.000297298189459233,0.0103242444320731
" 7523",43,1.00227609370135,0.115448107315217,0.00093115250793151,0.0104678673220096
" 4359",55,1.00912262892572,0.167777962703826,0.000523682169804022,0.0103161481248469
" 5193",53,1.17591361658965,0.467980602658267,0.000285531220839655,0.0112964377595309
" 3663",32,0.827404102395423,0.352655497230573,0.000298547779047153,0.0111843362098129
" 5872",58,1.39132804435143,0.598047525804573,0.0042612046272719,0.0127048134411481
" 3258",65,1.23096443564571,0.475018377846987,0.00101685352716967,0.0111796930824356
" 4460",17,0.576246567632628,0.0941486828772307,0.000335098274493804,0.0103737577479814
" 1934",44,1.30886968505143,0.60188725780422,0.000170777243682361,0.0119386108503968
" 2204",48,1.23863087857118,0.686107472112969,0.00013328955604477,0.0118299861177133
" 1928",42,1.31626033684007,0.599841717948604,0.000461202690408036,0.0120063321905964
" 5213",49,1.1812588554157,0.456205881367193,0.00053294995924776,0.0113672060484335
" 3287",27,0.566139543160542,0.152375973236938,0.00119377458632597,0.0116469200558307
" 4535",49,0.878483942914433,0.275478742318234,0.00158531265720748,0.0121157045668606
" 2214",48,1.2696200332627,0.69266651300885,0.000333640419974565,0.0118913379793258
" 4633",55,1.3284442803447,0.617091736079343,0.00325643046611878,0.0129159805894189
" 8126",54,1.0131921196019,0.305137613352488,1.28082932761771e-05,0.00862790578895848
" 6712",47,1.00291289551515,0.0906739767694232,2.60331164149941e-05,0.00828061219060963
" 4352",50,1.18316903656341,0.627814035535949,0.00379510771097784,0.0127716053886471
" 8130",60,1.08669874077985,0.32620361435852,0.000103507670866017,0.0086983616622447
" 7154",73,1.22449133629593,0.290806018062936,0.00147732729031809,0.0117004691965734
" 6984",56,1.0243886688736,0.0840639877127334,0.000419757969075365,0.00981158962064582
" 4169",58,1.20521863677091,0.430428698480099,0.000373210756925356,0.011456597711898
" 6069",52,1.30396432874069,0.685863427217726,0.000245960883888864,0.0113837714041036
"  444",36,1.00904763189732,0.327779200949293,0.000781514154778123,0.0111725648036049
" 6959",35,0.958061747967564,0.286310125910432,0.00110255454640783,0.0115886244814886
" 6740",85,1.04048796542307,0.133764996345016,0.000303233740001851,0.009389340635219
" 5702",68,0.977963963142862,0.142812169324814,0.00102643371401039,0.010410823106911
" 3653",22,0.981427668092562,0.359367583094591,0.00143223793268732,0.0126099787511223
" 5155",50,1.11229241954246,0.445378480559931,1.04132465659976e-07,0.00913449937635737
" 5196",56,1.31128560230645,0.571134668549811,0.000998838610610494,0.0116665585446472
" 8787",60,1.08639939733773,0.220576018602771,7.89324089702622e-05,0.0103733079914081
" 8425",40,1.25577776979553,0.329663940833873,0.0011507678780084,0.0115545113085662
" 6703",60,1.00879881125581,0.101704542912468,0.0002651212575703,0.00811058216743462
" 4472",55,1.11644675577226,0.324621256706966,0.000582204615504928,0.0113491875882594
" 5151",48,1.115024538003,0.45253234635112,0.000638956809289616,0.00972417874668077
" 7126",57,1.2162834414701,0.146657667085641,0.00285916510962597,0.0108113391464173
" 3006",74,1.03687345370865,0.151297812802441,0.000996755961297295,0.0111074988848771
" 6728",60,1.00962308710453,0.107014614233624,0.000341762752296043,0.00840028099806527
" 6702",49,1.04077452826396,0.0921299398825989,1.01008491690177e-05,0.00832617284287385
" 8910",25,1.02278641304173,0.215574456056392,0.00274638964931622,0.0122224926752974
" 6646",64,1.09017536171751,0.231924373541706,0.000274180782082718,0.0101920512069652
" 6730",54,1.04811550465221,0.0908330233571222,0.000500460629961847,0.00955300014291383
" 6800",70,1.0391254105161,0.100707353211384,0.000275222106739318,0.0099477720350985
"  356",43,0.898255749759746,0.329579957177565,0.000235651769788527,0.0112976549914053
" 3722",37,0.763236729750255,0.337753471895857,0.00117617619962943,0.0114952245515957
" 7649",50,1.23995987267399,0.395545203619411,0.000953436855582745,0.0118080958345301
" 7849",40,1.17982504861336,0.343930910536176,0.00183595950205105,0.011973016961825
" 6616",38,0.750228633947921,0.249217679328127,0.000744547129468832,0.0119631451216995
" 5249",54,0.931402475153649,0.327841302925303,0.000186813643393998,0.01065000503923
" 5217",45,1.11766519141706,0.352298103508628,1.55157373833365e-05,0.0089343294793469
"  355",27,1.00208376055287,0.420995470764341,0.000710599945663679,0.0120379403886298
" 2825",35,1.06845043341222,0.367087629952616,1.19752335508973e-05,0.0105345979169785
" 4380",42,0.715299236774275,0.250609184649011,0.000500564762427507,0.0119716264836274
" 6670",66,1.05685007111388,0.10060501818279,4.58182848903896e-06,0.00846102331411167
" 5183",46,0.983615374298659,0.350749966138739,0.000593659186727526,0.0106658003101922
" 6438",41,1.11392569289674,0.352534375977337,1.21834984822172e-05,0.00896353087814812
" 6682",51,1.02330869711416,0.0912472973787495,0.000462139882598976,0.00957933874843907
" 3716",74,1.04962514545393,0.400458328570908,0.00035446691310656,0.0109687238583571
" 6635",58,0.958464148887257,0.280963511977134,0.000305316389315051,0.0104603313193703
" 7771",42,1.094077011281,0.352577472535822,3.74876876375915e-06,0.00913958102244085
" 7539",41,1.17834840949772,0.378219812269648,0.0041537399227108,0.0128009746783822
" 4419",72,1.00016005570878,0.176356549772227,0.00178566352113728,0.0117096285864338
" 4029",82,1.16254150147106,0.330802351400673,0.00108558095450525,0.0107610711049782
" 6671",59,1.03321898283924,0.0957307149908972,0.000593346789330546,0.00894114742965256
" 7624",27,1.15499250096969,0.144834709606608,0.00985572134485413,0.012530772337261
" 8151",47,1.00225427173016,0.315010214738829,4.16529862639906e-06,0.00899173977773183
" 8113",57,1.04908812760673,0.324051277923858,1.91603736814357e-05,0.00807846908538256
" 3029",40,1.21566663883922,0.35002478398031,0.00312553595678419,0.0128305179253563
" 5284",37,0.562390370512388,0.203938808220164,1.87438438187958e-05,0.00939731786109606
" 6424",33,1.04679658440703,0.342242232472028,0.000393620720194711,0.00907676851215984
" 5230",51,1.15352493020995,0.456334722795225,0.000321144524095367,0.00997151078501271
" 6482",31,1.07344704115172,0.505436768421085,0.00167715749191958,0.0129982532152699
" 6844",41,1.30840045956647,0.45552304984355,0.00633625227047825,0.0131411379143667
" 6867",19,0.920606798171186,0.171239067425104,0.000671758535972508,0.0115882152382508
" 7299",57,0.901386798399851,0.09057709115536,0.000987071641990917,0.0100325537190805
" 3584",51,1.25858660679465,0.428707348275248,0.00146108262567513,0.0119601518993023
" 7298",45,1.04366182656631,0.308827901368216,0.00377750932428131,0.0125853942649974
" 3614",48,1.12849895887203,0.388816038372759,2.2076082719915e-05,0.0100335918032501
" 3446",37,1.07069109401776,0.270339872985265,0.000882210249071321,0.0118089934794054
"14261",38,0.988247361622682,0.214063536604862,0.00352373850546794,0.0124725648624195
" 2963",36,1.25001131709536,0.276188349820085,0.00998932329829588,0.0126155627316068
" 2756",69,1.11243643300778,0.27829996243577,6.39373339152256e-05,0.0107465672724763
" 6405",23,0.481653413903926,0.133674550008331,0.000607508804660303,0.0117594316698173
" 7525",71,1.07692129169213,0.174786393476519,0.000515247440085564,0.0091700514873378
" 9005",50,1.17423092715742,0.329796817518187,0.00398108829464656,0.0120249693487523
" 6840",75,1.05261536779171,0.127503698372557,0.000603864168362204,0.0101715228461213
"14245",37,1.00217863673213,0.223512370231609,0.00227977207069386,0.0121341090813482
" 4776",64,1.12236839133108,0.416694437941775,7.4975375275183e-06,0.00918681799437303
" 4370",60,1.10262563412425,0.427136772603141,0.000607925334522943,0.011818460269325
" 6725",38,1.01217753387388,0.0965247886479063,0.00040028519799695,0.00953454162436379
" 1699",72,1.34406047636877,0.548317937855727,0.0015249158271247,0.0119269664589357
" 5067",61,1.69989975655559,0.698366970348833,0.0103880465093079,0.0139511888777443
" 6973",54,1.15149101416901,0.283356465038753,4.16529862639906e-07,0.0104421484311338
" 5150",57,1.11763283889341,0.431114073046787,0,0.00932871369371602
" 5029",60,1.11154550166464,0.394339473161869,0.000117253156333134,0.00997514962695931
" 6603",44,1.02899095965522,0.387213533257488,0.00588671241622413,0.0130008139662018
" 3192",45,1.11692214729086,0.396737036453342,0.000116628361539174,0.00976498454998668
" 3276",65,1.10125290372674,0.223487931698113,0.00111255126311119,0.0111938171676849
" 3200",61,1.00571965049846,0.385215790948676,0.00105350815508198,0.011717078065492
" 7185",17,0.876528349243922,0.173168844457823,0.00252458749746047,0.0118126700842111
" 2055",89,1.04193398614499,0.108078177911003,7.28927259619835e-05,0.00804361450493174
" 6971",46,1.11445667929487,0.265864293426782,0.000686024683767925,0.0108728769430034
" 5332",23,1.03986112438212,0.324446787365761,0,0.0117809524033997
" 6525",17,0.908290033453149,0.253484760883308,0.000410177782234647,0.0116871602858606
" 3647",42,1.25006991517037,0.391573899180084,0.00243013935110687,0.0120495396280304
" 4397",30,1.1856448753947,0.390990384688178,0.00132518975798886,0.0120245764365041
" 6576",22,1.04123557485701,0.314893439357558,0.0015803142988558,0.0122293944320366
" 1606",26,0.992437250239196,0.309929060673353,0.0016903823150584,0.0118072015129757
" 5132",50,1.09290443488599,0.426143814208296,1.72859892995561e-05,0.00933980614203488
" 6422",48,1.05515574953852,0.411573999607845,0.00147118347484415,0.0113269687169289
"20016",20,0.870785134367117,0.344135009248996,0.00493598300474854,0.0127991609152978
" 3220",46,1.11514316523646,0.393395528030987,0.000216803793504071,0.00985696734681825
" 8888",44,1.16419858085633,0.304531165475652,0.00105069657850916,0.0117969068214922
" 3677",51,1.07435822756234,0.136074843293422,0.00296319344282029,0.0116081539736581
" 1861",40,1.27766721891191,0.572111324063674,0.00313938557471697,0.0126755335549727
" 2173",87,1.0447607290938,0.107865103100001,0.000225655053085169,0.00820607235325833
" 5146",58,1.10918285368434,0.431175223121695,4.16529862639906e-06,0.00937244951391668
" 8984",47,1.09858525765649,0.31285790836216,0.000217324455832371,0.0109214113114147
" 3170",93,1.5429933331328,0.593340077403676,0.0013297715864779,0.0118311026696716
" 9212",49,0.830850214416413,0.161886245154444,0.000464951459171795,0.0109425522880451
" 9444",53,1.18020867593568,0.3305302163211,0.000566793010587252,0.0122069199176724
" 7108",56,1.02916835600334,0.0921430169161845,0,0.00907241023303956
" 7589",48,0.998134762038692,0.30817794322849,0.000674778377476647,0.0113826055369444
" 8319",55,1.03891184256152,0.0950760365878893,0.000438814210291141,0.00968971969400831
" 3282",40,1.03395016854951,0.114109387244316,0.000994256782121455,0.0112076843903591
" 6782",45,0.950124258884445,0.231231885953607,0.00136653034685587,0.0113241447207413
" 5129",51,1.10615303031867,0.432445238868815,4.73802718752893e-05,0.00950068655654168
"  100",56,1.41340341775431,0.701997315398688,0.00388018393542204,0.0129864123397099
" 5761",47,1.25204801195712,0.685417064779663,0.000377896717880055,0.0119888848497017
" 5148",55,1.11518811952171,0.434397361641945,0,0.00929871371676297
" 6388",37,0.987347535440983,0.377522568551924,0.000723408238939857,0.0101089072613022
" 6721",43,0.99907905679378,0.0879730468795079,0.000314063516430489,0.00871120074803106
" 5141",54,1.10917632748355,0.421092257574262,0.000144431729870387,0.00933135318907869
" 5248",53,1.27645505594756,0.558912378907361,0.00121897464301568,0.0115026288472336
" 6945",30,0.923137188142443,0.296547681623461,0.0025479131697683,0.0126112866968073
" 6379",53,1.15754263391452,0.4588911115409,7.5287772672163e-05,0.00998940637236042
" 6713",51,1.04064772697471,0.0868790840014178,0.000325622220118746,0.00917948063330766
" 3719",55,1.26114357794112,0.42735194617345,0.000342283414624343,0.0108993676332824
" 6626",55,1.13501128381468,0.299223876593066,0.000185564053806078,0.0107428103244818
" 2824",39,1.07387670854142,0.369970653002967,3.9882734347771e-05,0.0104870127699377
" 8857",49,1.11647162011612,0.309823917710218,3.5613303255712e-05,0.0106505266215612
" 5269",52,1.33595588087633,0.575239628932348,0.00127176980310529,0.011578174087921
" 8849",44,1.02877897716539,0.289259774979972,0.000136101132617589,0.0102641381246343
" 6723",36,1.00898993479672,0.0850542766447099,0.000412468696479167,0.00942749326987171
" 3591",42,1.22372140294745,0.406789952199282,0.00532023180303386,0.0131693971384927
" 8883",48,0.876419703115055,0.244790387027367,0.00116263897909364,0.0116988635448763
" 8331",56,1.29581891345225,0.355792517629172,0.00212263618001296,0.0118382768703679
" 2792",48,1.15803257774095,0.274716379335014,0.00135726255741213,0.0110131603200488
" 4407",66,1.02289685882728,0.186203895067303,0.000845451488693349,0.0108566030733175
" 5901",45,0.816663349289584,0.279598098025397,0.000673737052820048,0.010924303506051
" 4894",47,1.3735007817538,0.787637954215384,0.00144327597404727,0.0128350292067834
" 4937",31,1.11473528156403,0.489725286632504,0.00751451111942088,0.0135977218568685
" 3107",53,1.15160515956013,0.293374694346588,0.000867735836344584,0.0115808218333254
" 6994",34,1.12907336568506,0.279702862160535,0.0023197589375073,0.0119910817300401
" 4511",39,1.05576975751419,0.166795216445103,0.00771538264567898,0.0124300337968972
" 3526",32,1.11511839442473,0.443572567572333,0.00145400161801025,0.0120658978330074
" 4323",51,1.14740560244956,0.430617386627089,0.000302504812742232,0.0114203004294402
" 6532",28,1.11965599508823,0.270033573200633,0.00376032746744741,0.0122759739169618
" 5027",44,1.2385305736888,0.370174006764891,0.00189427368282063,0.0119716898589966
" 8726",63,1.00964088020401,0.262411772726027,0.00133716499153976,0.0114009813743862
" 6835",30,1.21732127188812,0.299816900842514,0.00398108829464656,0.0127158646322013
" 7008",16,0.490986773042642,0.123298937457953,0.000567209540449892,0.0116465682038887
" 6701",43,1.03587129326236,0.0916085987618188,5.81059158382669e-05,0.00844549548760354
" 6866",32,1.17442590168137,0.346296884193789,0.00570052356762409,0.013005872135241
" 6432",26,1.22428784300447,0.313303084459731,0.00474510819519381,0.0128972737203716
" 6718",39,1.00572706159921,0.0864784343678027,0.00151616870000926,0.00954292736890119
" 1729",59,1.10090734821723,0.317593851417682,0.000630105549708518,0.0112333977252677
" 1664",54,1.02286154002853,0.487443036988251,0.00162831936552505,0.012251734140739
" 4252",39,1.01469513900081,0.344086991043923,0.00356393363721269,0.0125074062639802
" 6512",77,1.27637667379121,0.458848889298038,0.0013209203268968,0.0121871923886969
" 7600",31,0.947658843663785,0.156900567809347,0.00349218636837297,0.0115343727177528
" 8380",30,0.983746996250047,0.236023909121599,0.00449383655555628,0.0119435357583715
" 6681",52,1.35568714822894,0.484049026691234,0.00428786253848085,0.0127151317748395
" 8911",31,1.11960092911238,0.23372081695909,0.00368233225066809,0.0124175054844872
" 6257",53,1.19025466622065,0.340245445088917,0.00260830999985109,0.0130073479345342
" 3154",40,1.11380420813136,0.396166800183852,5.93555054261866e-05,0.00961055742676222
" 6337",48,1.22142675358698,0.545257260219097,0.00244367657164267,0.0129733942454033
" 6188",39,1.42292770763211,0.790798223594071,0.00222874716252048,0.0125762711920291
" 8112",63,1.06679282619508,0.315505321504955,4.95670536541488e-05,0.00869706206968505
" 3448",24,0.913059445333612,0.138624577137065,0.0015735456885879,0.0112221138560884
" 7168",50,1.05708545597294,0.278075865219079,0.000292716360970194,0.0109547747104716
" 8213",63,1.3177574036353,0.486901311410711,0.0030864862821617,0.0125678680659259
" 4274",79,1.11514048193346,0.207470383883447,0.00196008540111774,0.0112801661334054
" 8246",56,1.04134649864441,0.0974994452850681,0.000216387263641431,0.00978986213797322
"16607",58,1.37813632576287,0.610261914982384,0.00255176607099772,0.0125738176109951
" 6416",40,1.11677313507058,0.342816738159832,4.95670536541488e-05,0.00906117069392813
" 6519",28,0.76671760242084,0.396989075016116,0.00163373425373937,0.0119975286210055
" 6179",28,0.787244966513962,0.421251095261194,0.000169840051491422,0.0118202109254438
" 6742",87,0.995551767298067,0.133358357666432,0.000162654911360883,0.00933242549811372
" 7638",37,1.07928461219245,0.211397650991721,0.00737445295310821,0.0130498816317845
" 6832",16,1.06372925073185,0.190900968357608,0.00166112109220794,0.0117414492747571
" 7644",17,0.974830332622052,0.200998123482055,2.08264931319953e-07,0.00981050559601079
" 3168",51,1.28393036170774,0.320169480386486,0.00606800703893815,0.0127872030995614
" 5921",64,1.53338303185939,0.742330582861334,0.00112369343693681,0.0117924622303468
" 4176",42,1.31107749896858,0.499484976753423,0.00431878988078186,0.0130104382021438
" 3586",57,1.32496838662258,0.730347534705683,0.000242316247590765,0.0120440272992274
" 6360",35,1.10520908682212,0.336404589447023,0.000779223240533604,0.00931317662121653
" 6854",15,0.890667370911074,0.17046601937006,0.000606259215072383,0.0118078894328185
" 1143",31,1.17793220353693,0.531474544255756,0.00117846711387395,0.0112001552364857
" 3608",32,1.05329813281916,0.458526570193398,0.000639685736549235,0.012115228768799
" 3597",36,0.86114721656524,0.273920211807176,0.000227945967329688,0.00981370759859996
" 3431",43,1.16757104767002,0.328251493127182,0.000769851318624206,0.0115803014030041
" 6529",103,1.01926526745183,0.124359639053052,9.13241723837994e-05,0.00833186269177791
" 5262",11,0.372711095454387,0.064915357485281,0.000733509088108874,0.0116560865105654
" 5154",24,0.432322810585047,0.090549987263633,0.000293861818092454,0.0108496418543115
" 8420",62,1.02916558694512,0.111667514214774,4.26943109205904e-06,0.00750581423422182
" 5194",42,1.11207732103418,0.34420701553693,0.000557941751006154,0.00923709661735823
" 4946",54,1.53717727088564,0.632629840535833,0.00566897143052912,0.0131936301781057
" 8871",23,0.994746953184805,0.243545815581803,0.00162311274224205,0.0116465655592697
" 8919",13,0.830460897285181,0.156324297502087,0.00238786157004892,0.011814148173696
" 8628",21,1.00672118736115,0.219277474212638,0.0022117735706179,0.0117759087544416
" 7603",51,1.05665052770259,0.302867470892548,0.000357486754610699,0.0107478635746785
" 6717",29,1.00514566077331,0.0871048126657724,0.00166247481426152,0.010003366874873
" 4291",46,1.10672723541987,0.446975976891604,0.000660408097215571,0.0117920358974773
" 6258",54,1.12168518613158,0.530229350245343,0.00125583753585932,0.0120771536653823
" 5225",42,1.09092195015855,0.338503332873489,9.37192190939788e-07,0.00897093697691096
" 4322",43,1.03048729164869,0.364297814459387,0.000393100057866411,0.0114056757818474
" 4143",51,1.34256514365011,0.692823530474471,0.00135205593412913,0.0120493909456809
" 4164",51,1.37666232743193,0.700231771427088,0.000738090916597913,0.0121772819841085
" 4501",26,1.16355950917423,0.259979050977284,0.00212909239288388,0.0117688716458134
" 5158",56,1.17411756819727,0.442923811918804,1.06215114973176e-05,0.0099509116300935
" 6427",29,0.753658563311521,0.261839861599459,0.00123344905574242,0.0112818750715987
"16526",45,1.02426056312625,0.438583864714545,0.00237651113129198,0.0126234069986848
" 6215",24,0.36972242248327,0.11725361549884,3.57174357213719e-05,0.00993103154890475
" 1766",62,0.97069614941945,0.321206426222626,0.000227633569932709,0.0111456271394692
" 1665",79,1.2157516884181,0.409407265201681,0.00175296592692004,0.0117278313442067
" 3501",53,1.19769239779559,0.351895071692223,0.00135018154974725,0.0116637660182423
" 5179",52,1.14345683982362,0.43758427047188,0.000464847326706135,0.0100674617530831
" 3850",24,0.721708096481685,0.199948175786568,0.00275180453753054,0.0122850381908473
" 6614",57,1.4372150035485,0.510136832224086,0.00281126417542238,0.0126338042691743
" 4528",27,0.727912510875346,0.200505752647913,0.00159062341295614,0.012059777185619
" 6426",27,0.873026776361573,0.232310158614369,0.00189354475556101,0.0123992227116059
" 3421",62,1.23310840418757,0.450716019808115,0.00191260099677679,0.0119094631039954
" 7642",17,0.977320025634832,0.200434627996358,0,0.00949920094734321
" 6830",28,1.05848502609726,0.210188203012314,0.000213783951999932,0.0111102447735612
" 6880",47,1.1134811840178,0.312315234346689,5.53984717311075e-05,0.00982562705906656
" 6350",43,1.1408264387229,0.457223825412205,7.14348714427439e-05,0.0107331356280379
" 7255",50,1.13153413765455,0.335289532219593,0.00136590555206191,0.0118506980755729
"  443",51,1.08672050669978,0.338063998055462,0.000137142457274189,0.0107777322994737
" 8134",46,1.12053365072771,0.380344648261276,3.74876876375915e-06,0.00962907914852028
" 7547",67,1.49322934022506,0.757453176103677,0.00110901075927875,0.0124228421399346
" 8622",49,1.11199230820389,0.446853500788411,0.00152606128424696,0.012576654618586
" 8838",60,0.858076230853506,0.237178240339833,0.000562107049632553,0.0102297882979797
" 6630",53,1.10980326209293,0.28030434507132,0.000792864593535061,0.0109407032162835
" 4411",68,1.3445063845579,0.410276340121419,0.00240244011524132,0.0118665651622087
" 8847",71,1.2409061920084,0.154097963721965,0.000290841976588314,0.009857808678707
" 6043",32,1.06247184637975,0.527113648955861,0.00119533657331087,0.0117228353292351
" 8144",44,1.09253462301653,0.369843824125325,0.000186605378462678,0.00999858937370126
" 8058",66,1.05627686080271,0.32345497583359,4.06116616073908e-06,0.00804814382931704
" 8174",53,0.920234708638573,0.313607206666471,0.00217532720763691,0.0113270061845043
" 8192",77,1.55414316734512,0.797098276403084,0.00075412731630955,0.0119955043184317
" 4374",60,1.28439436118761,0.360229335317383,0.00402513632762073,0.0129127334296815
" 3499",60,1.22354938181458,0.396827832251278,0.00031166846972031,0.0111117727801472
" 9258",9,0.534227474516039,0.138161501775982,0.00092927812354963,0.0119855476883254
" 8324",39,1.00845769743282,0.139728285218298,0.000955207107498964,0.0109294865987017
" 8921",61,1.00321147663394,0.107069771644968,0.000527118541170801,0.0095504190824119
" 5108",56,1.15957274250558,0.440884857906033,0.000813586954201396,0.0100890627222905
" 6113",67,1.26894019240244,0.665626513325902,2.99901501100732e-05,0.0108544154248529
" 4542",61,1.07870608011668,0.354648982177459,0.000668946959399689,0.0112965310923212
" 3825",35,0.654794605703445,0.171060590532921,0.000527118541170801,0.0115356326709308
" 8922",44,1.00958985423263,0.0908265452026317,0.00104257424618768,0.00956181480150021
" 6704",51,1.03564606426017,0.100792420001732,0.000466513446156695,0.0084921950589547
" 6101",70,1.27899827693798,0.660661280970465,6.52910559688052e-05,0.0108659579457733
" 4257",53,1.30753486623332,0.700294714835322,0.000270640278250279,0.0120260708341668
" 5069",49,1.10913209566897,0.37931024228607,0.00105548667192952,0.0115180662865508
" 3637",30,0.76136252489947,0.306067458597091,0.00243159720562611,0.0124559768165375
" 5869",7,0.0994282293936435,0.0241573625354564,3.5405038324392e-06,0.00905324401199714
" 5976",31,0.879235732833904,0.43766276882693,0.000411114974425587,0.0111958015599203
" 6108",65,1.26100969222154,0.65693118152171,2.55124540866942e-05,0.0108166246758497
" 6050",38,0.677591217917624,0.22700775086484,0.000948542629696726,0.0108614939546004
" 6715",59,1.02949128832037,0.0941800549466362,2.08264931319953e-07,0.00821864202606679
" 1238",51,1.08938076472703,0.439916036540493,2.75951033998938e-05,0.0093190286625473
" 1697",39,1.0816859773753,0.557669362710372,0.000497232523526388,0.01215196750821
" 1710",43,1.0680800940138,0.457469855482943,0.000447144807543939,0.0116073021900704
" 6856",22,0.931167295100806,0.179047489469445,0.00275170040506488,0.0122575818446554
" 5982",48,1.28067568296337,0.577386361523758,0.00144879499472725,0.0117855220539758
" 2288",60,1.37345433043717,0.695776195964156,0.00164977065345101,0.0124214537471018
" 2496",59,1.28124691674474,0.461027899897365,0.000986967509525257,0.0118814581120174
" 8432",54,1.04761297749484,0.123637993291932,0.000368628928436317,0.00829441594833051
" 6333",19,0.468979547217533,0.122699480821348,0.00079421831558864,0.011298361357572
" 4779",69,1.13892909720898,0.422399264512767,1.84314464218158e-05,0.00955462408465172
" 2714",39,1.11797532179014,0.378944296682889,0.000935317806557909,0.0113870076649702
" 8433",48,1.05225543425941,0.125553140706869,0.000274389047014038,0.00881104819019682
" 6678",26,1.01090129049152,0.212850894196532,0.00488547875890346,0.0128900572066071
" 6415",18,0.864893545505253,0.130885196798805,0.00170100382655572,0.0114621777192838
" 5754",63,1.1510457809169,0.422263541401061,0.000429962950710043,0.0100100602655871
" 4647",54,1.13504017801226,0.556616910335792,0.00102862049578925,0.0122011917902239
" 5031",43,1.21554277447617,0.284981305743392,0.00357143117474021,0.0119783101307413
" 6138",36,0.879283003746086,0.280441407417877,0.00266027210021542,0.0120418541813176
" 4981",51,1.15835057259551,0.431822468941659,0.00030802383342221,0.0113840496171917
" 4144",47,1.15976582523664,0.614230845930786,0.00263600923571664,0.0125407113532428
" 7195",27,1.12377566135806,0.270490735737289,0.000765686019997807,0.0115612902706554
" 6341",9,0.729088704617666,0.0971411473840066,0.000251271639637523,0.0111920982715462
" 7264",57,1.17686726344142,0.298953109309194,0.000829831618844352,0.0109527018932938
" 4620",54,1.23857180423658,0.3791052855674,0.00197934990726483,0.0117939989206176
" 3953",46,1.18450863275775,0.330217896294397,0.00240577235414244,0.0121781540206144
" 3194",56,1.23412876717912,0.484672375108342,0.00039643229676753,0.0108926728757076
" 6396",9,0.362674026848597,0.125016576554687,0.000600115399598444,0.0119825273799109
" 3205",61,1.15019758495916,0.427890858594491,0.000424443930030064,0.0106518594079581
" 6699",57,1.05689324408928,0.099636342616817,9.88217099113177e-05,0.00834241973468938
" 7521",15,0.987041432260357,0.211923363357617,0.00137944277259771,0.0117643112154044
" 8221",55,0.838626130983452,0.235806444194188,0.00138371220368977,0.0112154430649317
" 8370",31,0.759053018191337,0.226025836373262,0.000940003767512608,0.0121773271893962
" 6636",58,1.15109861242905,0.337947641279439,0.00241014591770016,0.0121480483858057
" 5710",26,1.03028568859788,0.32849133355695,0.00151148273905456,0.0116369683202483
" 6384",52,1.18274014528861,0.469588467348842,8.62216815664605e-05,0.0100643376237742
" 4289",40,1.21782579907619,0.647736404689096,0.00154574232025669,0.0123972676507986
" 8241",23,0.814770976703767,0.260639377487797,0.0019549829103004,0.0119839501404692
" 8061",62,1.09473882007712,0.335452341726131,2.08264931319953e-07,0.00804770109487533
" 8663",36,0.602122416702353,0.236023810042493,0.000415696802914626,0.011449972849385
" 8782",26,0.659536867341367,0.19339151847574,0.00146045783088117,0.0122024896618875
" 6817",39,0.98359959711867,0.304942402795895,0.000521911917887802,0.0107455507568684
" 8297",44,1.02050461804128,0.299402558162531,0.000553880584845415,0.0107577796649066
" 8855",51,1.11053784766462,0.307789959670364,0.00013276889371647,0.010946165094351
" 9172",52,1.03807674934082,0.130784557620159,0.0012202242326036,0.0111079874807231
" 6724",30,1.03325709145559,0.0875129436095027,0.000358944609129939,0.00961177042109313
" 8315",38,1.20687645517576,0.359839486110155,0.00307794741997758,0.0124062883676222
" 4539",51,1.13453999136585,0.311644063721916,0.000537531787736798,0.0115262968717137
" 8069",62,1.09306738889706,0.339608468321315,4.51934900964298e-05,0.00820178315055691
" 8848",45,1.07164908161448,0.302559007694613,3.06149449040331e-05,0.0104465048092031
" 5703",32,0.931734647962804,0.278413738398847,0.00222229094964956,0.0118303865475934
" 6383",53,1.18042830087976,0.47010457126975,0.000104757260453936,0.0100886503232883
" 6177",50,1.31330747269599,0.707280143505328,0.00048775646915133,0.0115915681747142
" 5441",79,1.1982893897948,0.426124838730766,0.00134289227715106,0.0112373471448572
" 8173",46,1.16975221821825,0.441519410446384,0.000434753044130402,0.0103173972443903
" 7546",65,1.3539110727322,0.692074666812734,0.00165716405851287,0.0123792919983015
" 8626",38,0.712611916168954,0.350777315828228,0.00030885689314749,0.0121442842159025
" 4533",38,1.14976458968342,0.29303285777864,0.00170662697970135,0.0118388411244328
" 2689",59,1.19134104151473,0.397279939049167,0.000497857318320347,0.0109005413018424
" 8097",65,1.06812419290743,0.337714327134412,0.000225967450482149,0.00847110268039693
" 7284",62,1.01297325080645,0.0983623088444074,0.000237422021704746,0.0101409668423753
" 8347",49,1.15658913598382,0.346777516876086,0.000820563829400615,0.0110803148536104
" 6999",79,1.04282409093031,0.117736378704299,0.000121522587425193,0.00916256607173309
" 5962",58,1.62352568652052,0.801178711421032,0.00530263341633732,0.0130718134876761
" 8169",45,1.09572518076109,0.386780331156327,0.000609070791645202,0.0101763384939059
" 7001",64,1.06465095267734,0.103455148514435,0.000229403821848928,0.00949606079460432
" 6382",53,1.19594146275457,0.474736062734921,3.64463629809918e-05,0.0099844799381821
" 6842",32,0.864345454703786,0.24453273424433,0.00169006991766142,0.0123369557503364
" 3218",51,1.12460820818173,0.384449339728724,8.65340789634404e-05,0.01032703797316
" 7156",29,0.935207487590734,0.150766312330138,0.00433243123378332,0.0118229122119326
" 4250",43,1.27122369746634,0.722727106306497,0.000238359213895686,0.0121076520571744
" 3707",58,1.34381299955695,0.612395056941782,0.00121178950288515,0.0123082592545235
" 2682",65,1.12294684025994,0.290736483294512,0.000635832835319816,0.0110905537344192
" 6710",52,1.01515451283415,0.098007799561672,0.000547945034302796,0.00859833039944611
" 3727",58,1.31840899116979,0.591450555409976,0.000655097341466912,0.0122365784348981
" 4650",48,1.72570040661189,1,0.00425506081179796,0.0132213851493163
" 3233",67,1.07161153363098,0.33276999358272,0.000549402888822036,0.0106999012813754
" 1727",44,1.03733563102037,0.4462519213846,0.000107881234423736,0.0120697515943722
" 8900",26,1.05913144560564,0.203581612140881,0.000503376339000326,0.0109895187218243
" 6761",62,1.51681897404157,0.711305192015249,0.00347989873742509,0.0127705052490446
"13240",24,1.25133623167649,0.454199610369619,0.0010578817186397,0.011975389152295
" 6668",68,1.04334298652448,0.0975609803925018,1.57240023146564e-05,0.00836925223922908
" 7544",28,1.08935799951759,0.194166117712413,0.00135965760412231,0.0106435515799022
" 4373",43,1.42743862877809,0.513646002137564,0.00636593002319134,0.0137363891049793
" 6711",47,0.99773814236416,0.0911875052231193,0.000149950750550366,0.00830610335320998
" 5722",37,0.905679221248347,0.338913021859533,0.000682380047469826,0.0111988182886053
"  316",21,0.580362130898211,0.126551172848627,0.000829623353913032,0.0113179139045625
" 4645",37,1.10878083700276,0.630859409479373,0.00346354994031648,0.0132519291292273
" 4777",52,1.09255884230162,0.400632222469221,7.73704219853625e-05,0.00928816330218293
" 7529",26,1.0664276142161,0.18416887479261,0.000191707869280017,0.00993401783742894
" 8289",41,1.03112111317475,0.1366609979485,1.04132465659976e-07,0.0081751092264554
" 6372",42,1.33388865648406,0.677884892648329,0.000892519363171658,0.0117027777394747
" 3071",36,0.97695932219128,0.335697301340645,0.00169308975916556,0.0118319104336065
" 4844",53,1.10095586670822,0.40689487246737,3.95703369507911e-06,0.00881004106176776
" 5832",45,0.850148349078253,0.306055595191882,0.000113504387569374,0.0103315611589619
" 6277",32,1.19085142226652,0.450728158071441,0.00176483702800528,0.0114525778647561
" 4113",34,1.27633937909565,0.68614838885237,0.000766831477120067,0.012003698377516
" 1656",54,0.975928358195146,0.354906272401509,0.00102882876072057,0.0117764737342937
" 8247",61,1.2192176399564,0.130825968499168,0.000837120891440551,0.0101239907391525
" 8895",32,1.0280763786802,0.0787645542063498,0.000686753611027545,0.0106709021246125
" 6369",42,1.25681202292604,0.620886612042224,0.000643746902709975,0.0116591834163968
" 6716",44,1.03842904912101,0.0876871006411131,6.6124115694085e-05,0.00932822247313372
" 4949",29,0.622462949279042,0.219155159800377,0.00026449646277634,0.0112703092392946
" 3474",46,0.684545684752728,0.213548567206596,0.000316146165743689,0.0109997066086758
" 4888",49,1.1583852693953,0.418704302267656,0.00200663261326775,0.012304879139256
" 7641",29,1.05029756983214,0.22765918778649,8.27853101996813e-05,0.00994406659366889
" 7060",50,0.964247822817882,0.318945856203648,0.000312189132048609,0.0113393719163537
" 8977",78,1.03819903557487,0.0713986840493752,1.05173790316576e-05,0.00720159518593911
" 9056",15,0.586310244426537,0.0552283211921034,0.00391923361004453,0.0106553586711911
" 3366",44,1.44064910848282,0.714472599617131,0.00646558479282794,0.0132262131069488
" 8944",67,1.00496392644303,0.0795045236256682,0.000239400538552286,0.00906194033980809
" 6827",32,1.00421592294903,0.243825579864933,0.000641039458602815,0.0118684985867158
" 3201",59,1.09706798840215,0.367979533820235,7.42464480155632e-05,0.00983501661459023
" 8229",52,1.04280600539711,0.248537899307389,0.00427942780876239,0.0124783504051487
" 3809",50,1.07419118689347,0.260246753397159,0.0027310821768642,0.0123211211282853
" 8995",69,1.02696106773098,0.0758598561029003,1.04132465659976e-06,0.00852202443265525
" 9091",43,1.07223472798147,0.169949944949689,1.3120690673157e-05,0.0107270601895708
" 6708",49,1.00619440766056,0.106002006070554,0.000327288339569306,0.00852171947883804
" 6970",46,1.10057521083562,0.279540558582035,0.000159426804925424,0.0105637870693374
" 6698",56,1.03133963392654,0.0931357746351194,0,0.00820077530967207
" 6719",43,1.12378552069277,0.120451313926733,0.00186188848600038,0.0108070024178878
" 8072",49,1.05294750433092,0.320620320837334,4.79009342035892e-06,0.00922776334595127
" 7057",94,1.04794065546062,0.110698023594745,2.79075007968737e-05,0.00792374018178781
" 5577",57,1.11453331377707,0.431848196418371,9.16365697807793e-06,0.00825693910533367
" 6837",17,1.00711347077383,0.223794236838421,0.000491088708052449,0.0120874618413652
" 8176",58,0.974518684381752,0.296754967655726,0.000944064933673347,0.00990196081901912
" 7066",81,1.03160310715387,0.0969977010725745,6.90398247325644e-05,0.00856671812832995
" 3545",39,1.16137412292649,0.470796568874622,0.000210764110495792,0.0115472459003077
" 3589",58,1.12396263764795,0.374806399854395,3.70711577749516e-05,0.00991571842114805
" 6949",48,0.922543490655016,0.366317175875724,0.00270723584222807,0.0123514460339985
" 6852",26,0.589193771190561,0.2848439621601,0.000379979367193254,0.0116850423676714
" 5646",45,1.16117847012415,0.365848700214418,0.000724866093459096,0.0114674663428225
" 3550",52,1.08688047599874,0.409090447846292,0.0012410507257356,0.0114534870356933
" 4484",32,1.16477347659882,0.351465047663854,0.000614798077256501,0.0119139804012617
" 3694",50,1.19660756632809,0.345540588373329,0.00202204421818542,0.0118461864926595
" 6555",65,1.1426010947627,0.118158810824169,0.000383624003491353,0.00978334976231481
" 5583",56,1.11343079455377,0.430264150173186,2.90529579191334e-05,0.00827073951954129
" 5420",73,1.5363817225958,0.801629561426577,0.00375959854018779,0.012473631350441
" 6855",21,1.01705368540201,0.220821665572653,0.00254197761922569,0.0124879542066298
" 5852",78,1.68992715641421,0.626494000045151,0.00360162958978161,0.0120622533808697
" 6122",41,1.24275499289873,0.70337459246134,0.000298860176444132,0.0113920300410982
" 3542",34,0.787461120833984,0.276443170048368,0.000404658761554669,0.0110887141619437
" 4237",57,1.28100196713403,0.716104504435604,0.000207431871594673,0.0119007007949394
" 8436",54,1.01944447620839,0.108012851067078,5.3107557486588e-06,0.00763909026934317
" 3845",70,1.03468778286096,0.215323041981029,0.000282511379335516,0.010901531799772
" 5926",13,0.185428134496787,0.0341873739655937,2.91570903847934e-06,0.00909179935000579
" 6398",12,1.06555519653455,0.14987244285739,7.92448063672421e-05,0.0107264248377122
"  665",58,1.20805758116006,0.461974374259913,4.58182848903896e-06,0.0100607499994042
" 3543",41,1.14743145849005,0.446857441185283,0.000261997283600501,0.0115073376708126
" 3318",69,1.11632410898143,0.139636788412752,0.00079463484545128,0.0111657783061377
" 8423",57,1.04105148505383,0.105924174637915,0.000764019900547247,0.00843936648697053
" 8337",65,1.05314487557654,0.101288525450985,0.000492754827503009,0.00981068035147063
" 5580",58,1.11427906403566,0.432961576935921,0.000208369063785613,0.0083519103718022
" 6828",31,1.01096603192016,0.199363555699358,0.00048463249518153,0.0116125422164134
" 4603",36,0.695761575796155,0.227257498323579,0.00115503730910046,0.0119745456865413
"  640",51,1.2577412434197,0.467696850971074,0.000629064225051918,0.0107429032143696
" 7297",61,1.16742485509483,0.16403095256769,0.00127354005502151,0.0105525220028309
" 7106",54,1.0421833729854,0.0937714718913408,0.000105486187713556,0.00929780361920143
" 5940",29,0.746654476436127,0.310270236693399,0.0009712435072106,0.0116425551627377
" 6197",13,0.446636172332533,0.0764010658792052,0.000226488112810449,0.0102653684539707
"  632",63,1.27630799529198,0.498661026161034,0.00130852856348326,0.0106124559989486
"  794",27,0.493995554200038,0.168466734357402,0.000271369205509899,0.0103774132204121
" 5695",46,0.764473904036906,0.290714480878189,0.00102143535565871,0.0117854215128085
" 2149",40,0.936781853739466,0.353411831185117,0.000919802069174572,0.0116394140739123
" 4855",66,1.24225321696346,0.412032315171294,0.000154844976436385,0.0103609954339333
" 7118",50,1.0736930952593,0.107419841948349,0.000279595670297037,0.00935898202095669
" 7630",69,1.21196472205982,0.335984226823176,0.00075433558124087,0.0113755085275376
" 5584",51,1.11525707695429,0.431625386356579,0.000822229948851174,0.00849536176128279
" 6016",44,1.18057797019588,0.460718014460004,0.000891373906049399,0.0116187370492735
" 6044",29,0.729685936549683,0.268792302810618,0.000671966800903828,0.0113266571460832
" 6062",19,0.351232207727725,0.117831313984993,0.000117982083592753,0.0105138564381516
" 4536",57,1.08162569259869,0.286678908949716,0.000871276340177023,0.011620280691902
" 4877",62,1.2313073490814,0.412907641379193,0.000508478829817665,0.0104994704773084
" 5991",26,0.513549251439388,0.11842214451785,0.00022003189993953,0.0110284495522305
" 6686",48,1.02173988761598,0.0912975014296301,0.000331766035592685,0.00929499762495191
" 6631",55,1.12222237151815,0.288858620818422,0.000189312822569837,0.0105874548149203
" 6628",53,1.15026878099585,0.342109999106946,0.00163185986935749,0.0117823132891986
" 6833",34,1.25721890595109,0.27261279264112,0.00173443034803257,0.0122460725808707
" 6348",39,1.18729343534305,0.473432238149808,0.000610841043561422,0.0108965543500618
" 6002",34,1.25779403902084,0.453069854135014,0.00109120410765089,0.0116486072567226
" 6290",23,0.396479075435328,0.159361540364335,0.000253874951279023,0.010897512311553
" 6707",57,1.05280405344985,0.0979486805362139,5.41488821431878e-05,0.00824480664438185
" 9075",37,1.0032034962061,0.085198369918096,0.000157240023146564,0.00933549980695404
" 5639",49,1.24818455469025,0.64066065443253,0.000328329664225906,0.0112566469071862
" 5756",39,1.19033833551935,0.431831619370034,0.0007102875482667,0.0108342079633248
" 5945",46,1.07186982067092,0.430240721192186,0.00079869601161202,0.0116094554551636
" 5858",66,1.29198571836298,0.48894404159951,0.00252281724554425,0.0117768664205553
" 6921",39,1.21974036686492,0.324724930002262,0.00177035604868526,0.011095732803465
" 7123",71,1.03780493008041,0.0914030621327534,3.33223890111925e-06,0.00870244627666173
" 7740",60,1.05625118836877,0.0784959141611692,2.83240306595136e-05,0.00925097814125892
" 8311",59,1.04077413614795,0.0827940262012811,8.03902634895018e-05,0.00869942834353797
" 8755",51,1.04238606803733,0.0770268836809347,2.70744410715939e-06,0.00947309340580612
" 5632",55,1.24148685315821,0.646908087875545,0.000116211831676534,0.0111283117525207
" 5908",39,1.18906288789144,0.475833647459505,0.000138183781930789,0.0108256206449314
" 6722",55,1.35160808795468,0.141999992679287,0.00734446280299814,0.0112096956129094
" 6417",14,0.670052126196098,0.175713341268309,0.00232548622311859,0.0118711765957322
" 5561",12,0.932293395141469,0.155574466725847,0.000847221740609569,0.0109217238522396
" 7742",68,1.04071167228926,0.0735984779234882,2.39504671017946e-06,0.00894445789418297
" 4761",42,1.06905037790974,0.405171715851823,8.33059725279812e-07,0.00938046377996077
" 8313",56,1.01666298417143,0.109994462441351,0.00220094379418926,0.0112366442015031
" 7736",30,0.610632854312901,0.0914432878402143,0.00114379100280918,0.0111148281375661
" 5644",59,1.27436997734452,0.646063464111165,0.000293237023298494,0.0112317986260569
" 6345",39,1.1993903703692,0.4798042101243,0.00030916929054447,0.0108174488223835
" 5565",19,0.768716913040582,0.121052863722281,0.00238411280128516,0.0115964846873774
" 4744",40,1.06859242518036,0.403943050044761,2.39504671017946e-06,0.00940066116066491
" 3206",41,1.3421796109586,0.628529513541766,0.00424985418851496,0.0130388658536938
" 6242",42,1.47118168714244,0.780462824661319,0.00396900892863,0.012334206405036
" 6568",63,0.910134150769924,0.18839759560895,0.000644684094900914,0.0114398049426233
" 7613",88,1.05825268404423,0.12037418343281,2.08264931319953e-07,0.00825003764998866
" 7861",51,1.151875967792,0.37334286342156,0.00695833962033095,0.0129281790184858
" 7101",56,1.03965487137773,0.107552584507301,0.000147347438908867,0.00899843734666395
" 8326",86,1.03717282310554,0.117781649093813,0.000112775460309755,0.00904881027173467
" 8635",59,1.23236157424749,0.266820717148747,0.00350832690055027,0.0121352482159237
" 8761",37,0.98500242337807,0.353742328538567,0.00115160093773368,0.0123248285061781
" 5629",41,0.618073794027408,0.176812735988758,0.000346656978182062,0.0111876748723136
" 6365",24,0.681885355437934,0.189415154903912,0.00110192975161387,0.011526308615761
" 6005",30,0.873545245316302,0.380021493411442,0.000636145232716796,0.0113437017880944
" 7611",90,1.05038903131429,0.122195839079947,6.87274273355845e-06,0.0085527721347424
" 5959",37,0.986819365819648,0.472333441413533,0.000961663320369883,0.0117382050120035
" 4307",39,1.13663667030358,0.411208450859451,0.000288759327275115,0.0113293259033115
" 7808",40,1.04944349018565,0.192257100705608,0,0.00866814006107536
" 8292",37,1.04796153319146,0.198468302486707,0,0.00863185656174469
" 5631",12,0.425056927355067,0.151651772210456,0.000326871809706666,0.0111625402577847
" 6408",47,1.2890120340454,0.651229231901251,0.00116107699210874,0.0118730855612227
" 6011",55,1.39211415839132,0.673922519376526,0.00107100240931286,0.0114038973181629
" 4238",49,1.26831428651328,0.676744198163752,0.000519516871177623,0.011988015618207
" 4439",42,1.20308004575919,0.480717518628999,0.000917198757533073,0.0114771518664289
" 4486",43,1.38910609283076,0.572625589104535,0.00741173237581449,0.0137649929167046
" 7806",43,1.06014546593701,0.199634098307881,0,0.0087653003690932
" 8302",42,1.05629355096061,0.202026419230335,0.000553984717311075,0.00910835005120381
" 5953",38,1.25513428517442,0.696215225642315,0.000198997141876215,0.0112328471702321
" 3562",52,1.18635154314531,0.477964246390839,0.000712266065114239,0.0116978015467263
" 5501",46,1.22405104581279,0.395826252774118,0.00244867492999435,0.0127268972485697
" 6329",58,1.38715911382256,0.445443065013357,0.00204880626186004,0.0127999257626448
" 6763",38,0.712823483398997,0.218873711218331,0.0012368854271092,0.012263466639179
" 1694",41,1.20194937119782,0.60604005225647,0.000509624286939925,0.0119668966913637
" 5559",35,0.652143112872796,0.231232905960591,0.000210139315701833,0.0107205193991175
" 5048",39,1.18882420126745,0.680721884614323,1.35372205357969e-06,0.0115917485804992
" 4653",41,1.28742377992617,0.608225887888922,0.00268151512321005,0.0126136750782533
" 8801",52,0.998997837628623,0.0876974600627607,0.000128395330158751,0.0093903568997802
" 5633",35,1.20604796491719,0.611143252713114,0.00120252171344141,0.011555030921052
" 6377",37,1.17425255698639,0.663782443302145,0.000583662470024168,0.0117253106183689
" 6714",41,1.02560652826938,0.0857442256824036,0,0.00929195396433033
" 6674",54,1.21503419679158,0.141968284552155,0.00196373003741584,0.010879207841046
" 4995",52,1.32009603658892,0.470450122137868,0.00111994466817305,0.01133368982682
" 3234",59,1.00772032930769,0.288721476085928,0.00128457809638147,0.0118492332035242
" 9229",73,1.04473892644839,0.0811272748289116,5.90431080292067e-05,0.00828401433488204
" 9174",58,1.0362078970799,0.0719697145363724,1.16628361539174e-05,0.00840494808158042
" 3847",36,1.02870968146529,0.40175220139962,0.00212221965015032,0.0123085634836991
" 9178",60,1.02888685301317,0.068369576122879,4.79009342035892e-06,0.0079130741280791
" 9226",65,1.03283337730004,0.096655906574802,1.66611945055962e-05,0.0085392111246228
" 1052",38,1.13141142746174,0.463016455854154,0.000193373988730576,0.0108745054450046
" 8819",22,0.600068504162051,0.116219980312239,0.000625419588753819,0.0120012682435893
" 6720",45,1.04353388630595,0.107443661947956,0.000788595162443002,0.00883641499049972
" 8388",64,1.01837922293949,0.0929997551832639,6.33125391212657e-05,0.00871524925586986
" 6957",33,0.816841658412863,0.213925151392987,0.000540343364309618,0.0113395598231897
" 3182",68,0.976781369867972,0.263039637491097,0.000284385763717396,0.010764423699943
" 7833",35,1.27358814206868,0.353324508057184,0.00631219767091079,0.0130877486793116
" 7290",45,0.99778910417554,0.295973791206645,0.000866902776619304,0.0112274496608174
" 6933",64,1.04343002872236,0.0911147975342753,9.76762527890579e-05,0.00903940126227741
" 8364",49,1.02725953543803,0.109539005971925,0.000254812143469962,0.0101096987393065
" 9322",50,0.976935340615595,0.072291091796431,0.00144025613254313,0.0103022105390571
" 6115",27,0.668051154246925,0.247524291115575,0.00187990340255956,0.0122860936182403
" 3518",45,1.28821711665468,0.661440922113537,0.00269640606579943,0.0129774557967949
" 9460",26,1.0202179401078,0.180298422775424,0,0.00979256479427875
" 4272",33,1.12751957541641,0.59189490846707,0.00315552610689427,0.012487238408887
" 9230",67,1.36327500852374,0.406670348459468,0.00220833719925112,0.0122878517272409
" 7136",73,1.03405743028599,0.088629296599961,1.28082932761771e-05,0.00838099499343356
" 5258",47,1.17843832962443,0.613558236027291,0.000271785735372539,0.0111897246164912
" 6335",18,1.13897378965561,0.189521175306282,0.000342908209418303,0.0108808788039305
" 8931",14,0.543933254885094,0.165423208178768,0.00092906985861831,0.0129958345888433
" 1795",25,0.755310226873914,0.282097908849448,0.00338940762476657,0.0119812235542188
" 3624",59,0.949934505057875,0.388970870476993,0.000494837476816208,0.0113268483210152
" 3846",44,1.23719799176835,0.652600125079865,0.00216356023901733,0.012536281151042
" 4082",57,1.46467235771871,0.712957944913414,0.00335816788506858,0.0126969312501049
" 6610",20,0.782793430894596,0.160329865573126,0.00591035048592894,0.0127399076798779
"  284",36,1.17075998785128,0.443170278780631,5.19621003643283e-05,0.00995317085356297
" 4286",53,1.12115681655384,0.449073984842006,0.000890228448927139,0.0117352912249904
" 4591",67,1.35322309624565,0.440191001824,0.0029878728371817,0.0121161269499533
" 7099",80,1.05122553161506,0.113695605839031,4.26943109205904e-06,0.00857433728614345
" 8756",45,1.33022641301992,0.509051043904217,0.00252594121951405,0.0126152157005215
" 8426",62,1.00220607380118,0.0746709031365648,0.000208889726113913,0.00890143726241124
" 6154",75,1.38908108014126,0.524585346366223,0.00231017875066658,0.0118182369962323
" 3261",59,1.13825320314031,0.398669314106744,0.00013120690673157,0.0106821279505177
" 4455",47,1.01207755202284,0.433770166007968,0.00221604300170996,0.0123124948963494
"  285",39,1.15368959576314,0.43246135258216,7.70580245883826e-06,0.00987460231405116
" 8877",48,1.03563424280319,0.0945684769467316,0.000624898926425519,0.00953457879349333
" 8413",59,1.03380367343391,0.108084737465515,0,0.00758139343178702
" 6281",23,0.990367221651876,0.309064266497548,0.00156365310435021,0.0110977039826528
" 3670",52,1.15206294462372,0.422396607341123,7.32051233589635e-05,0.0101169281767264
" 3576",35,0.465240833232765,0.129003025749212,0.000440063799879061,0.010855957251444
" 4348",11,0.526647509501362,0.0880085992911245,0.00141349408886852,0.0112530857340966
" 3676",31,0.762438130773316,0.0978519927207557,0.0023985872140119,0.0113385270425062
"  278",37,1.17119765915672,0.440969076159077,1.14545712225974e-05,0.00992878878456359
" 3686",58,1.17144645932806,0.301811367314116,0.00426786910507414,0.01222742375605
" 1711",33,1.19802995709794,0.552429065002146,0.00126448053050909,0.0123766248515467
" 8419",69,1.03152610827934,0.105702047331876,4.68596095469894e-06,0.00794566861166636
" 5545",38,1.15549813098446,0.25510431726021,0.00384706981134217,0.0131549369296142
" 5018",32,0.908343350910014,0.268441205477841,0.000171818568338961,0.0112658538212207
"  274",36,1.10290258536308,0.408460170911067,1.72859892995561e-05,0.00984704410467972
" 1651",24,0.550454826912012,0.122822013501896,0.00103184860222471,0.0119017169465312
" 4548",29,1.14325449807816,0.239043865454869,0.00808265785206171,0.013226632597518
" 6282",18,0.928461697076451,0.264782951085771,0.000520662328299882,0.0108333345122994
" 3852",19,0.245194498959532,0.0469955486811282,6.24794793959859e-06,0.00970745537630627
" 3606",33,1.31474526251897,0.559662446852195,0.00190458279692097,0.0123771924022625
"  162",47,1.42225948501944,0.612252485922521,0.00393537414222183,0.0127890302707004
" 6637",70,1.25701891670967,0.518159849708243,0.00116409683361288,0.0118110002612897
"14691",30,0.461329260884088,0.170298560964837,4.65472121500095e-05,0.0103932959719011
"10726",47,1.08752589162265,0.232610637052552,0.0022143768822594,0.012208569443543
" 5019",33,0.941716234696404,0.276684855013664,0,0.0110958049042677
" 6267",39,1.12700591404862,0.495492522150463,0.000388726494308692,0.011418433362494
" 3684",21,0.70278993186044,0.21738947834541,0.00550964875806936,0.01216328460707
" 4625",40,1.60366633961844,0.974339023184974,0.00280689061186467,0.0126803004532557
" 4344",51,1.38200050733047,0.528542423996365,0.00273076977946722,0.0120513312994765
" 3574",44,1.20311432617135,0.409598052073798,0.0029361190017487,0.0131884604166879
" 6237",33,0.679523822371563,0.200310130719325,0.000749753752751831,0.0110957558107164
" 6283",24,0.942549974008101,0.272799721876556,0.00048432009778455,0.0108147707186024
" 6284",39,1.21651939438918,0.518654572296213,0.00153147617246127,0.0117541655564136
" 6679",62,1.03590271771072,0.108214217009033,0.000824000200767394,0.00918189424199827
" 8996",67,1.20015928662032,0.388667810457525,0.00129217976637465,0.0121082663299538
" 8720",43,1.02861835766219,0.0860718899539989,0.00084180685239525,0.0101486263138749
" 8994",46,0.963752786851851,0.0590311699584656,0.00151991746877302,0.00922239521692167
" 8802",37,0.920205503435293,0.104981020952152,0.00234579205392229,0.010698461711458
" 8889",55,1.02908608438624,0.0665462517292226,3.12397396979929e-07,0.00807365205004071
" 8721",42,0.999734358756965,0.0731909529815061,0.000538989642256038,0.0100453819971742
" 8890",69,1.02273672594675,0.0646311048670589,1.24958958791972e-06,0.00745705486858666
" 1150",44,1.16683299458528,0.551579145706382,9.81969151173578e-05,0.0107726593529991
" 3654",55,1.13870087076256,0.419785336934206,0.000545654120058277,0.011350834335263
" 7294",51,1.12707736238971,0.285552763268415,0.000239712935949266,0.0109359334065021
" 6586",59,1.09507030408291,0.305934201331325,3.88414096911712e-05,0.00942420086008778
" 9302",47,0.978108652268033,0.0626418282329292,0.00223239179881858,0.0095977107874342
" 4226",33,1.05971070229214,0.586187911842264,0.000115378771951254,0.0119956758017248
" 6583",62,1.05882831491844,0.291659629262746,0.000142453213022848,0.0095846028397399
" 6819",78,1.02875258735561,0.117270590983457,0.000204099632693554,0.00943750352094407
" 8712",47,1.17362136389864,0.332514410763322,0.00107995780135962,0.0119847392409103
" 7762",41,1.03813086487013,0.235845928085811,0.00101070971169573,0.0115512626546075
" 5626",43,1.12698030562223,0.494282409998258,0.000137454854671169,0.00942921311699619
" 6080",24,0.627240871861477,0.192145127744831,0.00199059621355611,0.0120315339543412
" 4194",51,1.29737956413907,0.713725033407904,0.000658846110230671,0.0120700296343919
" 4203",55,1.28699301425386,0.715860490103984,0.000964891426805342,0.0121961863584832
" 2134",36,1.01081240196709,0.334655843339779,0.00110536612298065,0.0121056971966318
" 4431",56,1.12230282433477,0.239100725242497,0.00147545290593621,0.0116858678210819
" 5936",33,0.830069211414123,0.398935279572104,0.000756209965622749,0.011288204341437
" 7277",73,1.02829109230537,0.125439479432329,0.000458703511232196,0.00979565912964545
" 6807",46,1.17830126843813,0.349954448465734,0.000515143307619904,0.0108900111148136
" 6942",48,1.02155393739094,0.27573019317814,0.000598449280147885,0.0115713987589962
" 5624",47,1.2037367823016,0.508966361780984,0.000389663686499632,0.00950914824601383
" 6806",62,1.20003959242021,0.396784206588658,0.000461306822873696,0.0109197953368356
" 6943",41,1.05663495076124,0.268985269246375,0.000450997708773358,0.011405543393546
" 5937",63,1.42037861869164,0.70093524154712,0.000271160940578579,0.0113044111423181
" 3529",39,1.13437773403808,0.459398171850651,0.000150783810275646,0.0115888977059116
" 8366",40,1.21828427518748,0.374493467278552,0.00654108083043142,0.0135100479299872
" 9192",52,1.05780773672921,0.106000317307546,0.000195977300372076,0.00919774352255473
" 5630",56,1.16315600902549,0.495613402171365,4.35273706458702e-05,0.0094049115410575
" 4266",38,0.777281534348813,0.219907816019753,0.000592617862070926,0.0115471438613798
" 6514",67,1.14644579944726,0.366903097577297,0.000336451996547384,0.0113349710093515
" 4147",44,1.14653165550524,0.62760100716048,0.000454954742468437,0.0114370056498135
" 4140",33,1.16439500837934,0.619241082520495,4.99835835167887e-05,0.0112632191444246
" 7187",36,1.12361477585426,0.301259163595391,0.00121543413918325,0.0117353500606003
" 9073",44,0.994358707400595,0.0967928131279182,0.000726948742772296,0.00959750060079944
" 9216",53,1.03535119170857,0.0874220044075918,0.000427567903999863,0.00929428169604125
" 5661",56,1.23978247354455,0.516532681985938,0.000820147299537975,0.00960198453834905
" 7571",23,1.16022363957959,0.344650515208134,0.00066186595173481,0.0112668913799466
" 6414",12,0.811888727583886,0.144801904633571,0.00386102356174061,0.0124431466593347
" 3530",48,1.13607583489487,0.392550940968737,0.000755064508500489,0.0115354137736341
" 1643",20,0.540365496423896,0.0873917498300921,0.00278158642270929,0.0126297254419824
"  330",43,1.18949519827639,0.468950578094841,0.00048567381983813,0.0110609924710345
" 3513",57,1.07099909472586,0.371828468932275,0.00143244619761864,0.0126489284057012
"  270",53,1.52916961217267,0.691647316242385,0.00476270658189034,0.012818308495296
" 6735",37,0.877312533018841,0.418189736202985,0.00186813643393998,0.0126507570595507
" 6773",29,0.888225472926472,0.344406708930868,0.00288144945727721,0.0127920348965012
" 6547",33,1.16637099385008,0.592409038060707,0.00167028474918602,0.0126457269949438
" 4479",51,1.43884809709384,0.718262682533731,0.00205057651377626,0.0124072071100777
" 8394",24,0.995732006933375,0.0813778858214254,0.00176358743841736,0.0112012053131029
" 6675",67,1.02592486188754,0.100314413832414,3.9778601882111e-05,0.00863784037282202
" 4458",48,1.22974432582426,0.492370181998799,0.00101029318183309,0.0119493461855771
"  320",42,1.17838466277481,0.45772384226253,0.000371752902406116,0.0110887746404988
" 3693",25,0.62808275233758,0.16794389791245,0.00283094521143212,0.0117287161181341
" 3235",56,1.05179045892256,0.369734792227465,0.000107048174698456,0.00957072917846825
" 4485",51,1.13892260660133,0.557667800446785,0.000256686527851842,0.0118053875874918
" 1991",8,0.109377563095991,0.028511557983045,0,0.00869358678260074
" 8964",25,1.13913419255335,0.345128699034679,0.000217740985695011,0.0107501267061952
" 8829",49,1.0847837658251,0.283355202271734,8.03902634895018e-05,0.00975341395274883
" 9580",47,1.06380466151931,0.12118962778742,0.00305878704629615,0.0114039500422987
" 9401",60,1.03268894250337,0.0962374633102764,0.000450477046445058,0.0100753784461831
" 9350",62,1.03602582816909,0.0776445610493616,0.000138287914396449,0.00878930144325536
" 6836",18,1.0071650867571,0.183446864511773,0.000472761394096293,0.0117305469399774
" 4437",48,1.18847580601932,0.620671137260896,0.00013068624440327,0.0116994849220278
" 8685",73,1.02291798243922,0.0664084935255834,4.16529862639906e-06,0.00781853538540687
" 9543",43,0.95487200794733,0.0975543591534795,0.0018652207249015,0.0110273388162412
" 9353",62,1.0326333604861,0.075366521818516,1.56198698489965e-05,0.00864362928446979
" 9402",75,1.03360638840342,0.0971265479902738,0.000432982792214182,0.0100954993833474
" 6366",45,1.42012596341997,0.791199272567046,0.00130040623116179,0.0124132282241081
" 8276",37,1.01663811780143,0.354659521387563,0.00474708671204135,0.0128642658308688
" 9152",38,1.09020347394285,0.298134190571529,0.00764728001313735,0.0128684541180177
" 6743",69,1.20160794377133,0.326727977709582,0.000726219815512676,0.0114978469229081
" 8686",73,1.02206718256868,0.0657904309548532,0,0.00774846140693208
" 9357",50,1.02721569738869,0.0836055320379828,0.00118950515523391,0.0107935568344271
" 9780",44,1.01237574413929,0.135123169488584,0.00140349737216516,0.0108136734477461
" 9485",59,1.07388865539339,0.0983506896174549,0.00108006193382528,0.0100230696939048
" 3466",37,1.03217411405613,0.251717107452521,0.00478082563091518,0.0125092242430596
" 8687",69,1.02461810352636,0.0654314043801237,1.35372205357969e-06,0.00771632799470421
" 8896",69,1.02138646050001,0.0724616226098351,2.27008775138749e-05,0.00803047668912354
" 9777",37,1.07829673573656,0.178604855599064,0.0040754323085345,0.0115341593405635
" 9490",55,1.02917221471771,0.0877837533752654,0.00116055632978044,0.0100673815367929
" 3754",39,1.00716571323486,0.358340663399924,0.00575311046278238,0.0127455647160925
" 9616",95,1.27512398007349,0.156650504092367,8.64299464977805e-05,0.00973764007005501
" 6137",54,1.48735228977249,0.753488408434136,0.00301359355619972,0.0125056828957948
" 5025",54,1.1080633332435,0.42463455939919,0.000385394255407573,0.0106785440496116
" 9574",79,1.0264897437614,0.080253113712322,5.55026041967675e-05,0.00924657161348523
" 1215",48,1.09486528852039,0.438588458654385,0,0.00914682802008643
" 2987",39,1.27377811473148,0.327263867628988,0.000892519363171658,0.0117906400858875
" 4031",25,0.98756087008783,0.265482845411487,0.000570854176747991,0.0117022852461432
" 8976",53,1.00316826894271,0.167067484365502,0.00100675267800065,0.0103323087786555
" 8316",46,1.01448047414087,0.0690863753837269,0.000152449929726206,0.00938277181433709
" 8974",82,1.01361819997786,0.0703084754438178,4.89422588601889e-06,0.0081031147475607
" 9499",67,1.11174400358256,0.118378442570428,2.12430229946352e-05,0.00914610513795971
" 4003",25,1.068989563847,0.266777430473734,0.00216512222600223,0.0119468877180372
" 1225",52,1.10130270283497,0.437563974146439,2.08264931319953e-07,0.00904382050682512
" 4271",51,1.42544122799487,0.634566057680584,0.00300495056154994,0.0123629097453004
" 4735",58,1.18206845120406,0.460875189389116,0.000401222390187889,0.00969434831797498
" 8758",24,1.04563581456808,0.309348853828022,0.000804631562154638,0.0113706925958924
" 6909",48,1.21362641229689,0.285607145099998,0.0012217862195885,0.0116679545756181
" 5635",76,1.05658468033676,0.132599181586508,5.20662328299882e-06,0.00870413918952173
" 6649",37,1.10353447275328,0.249034039086533,0,0.0100081290243091
" 7620",69,1.04350773371828,0.118255157573336,1.99934334067155e-05,0.00875332449741973
" 8647",75,1.02765704539359,0.0754500393679434,4.94629211884888e-05,0.00877418216530831
" 8580",49,1.16227603348882,0.130793211331519,0.00200881939504661,0.0109045889698108
" 7383",42,1.01889805648439,0.105458049098851,0.000519100341314983,0.0106644264066231
" 4768",63,1.17825954737807,0.461552939035785,0.000390080216362272,0.00990067415267324
" 6650",37,1.10280651058195,0.24916813050159,0,0.00991539949052484
" 4500",71,0.994779644117729,0.126358379118214,0.000209618653373533,0.00928885210675486
" 6786",52,1.06386158750516,0.135347681478492,0.00290362967246278,0.0117216002195901
" 6653",37,1.00738766866376,0.235064716978368,0.00022169801939009,0.0101444398375012
" 6641",51,1.17956436377415,0.346119000948859,0.00159260192980368,0.0121594188536697
" 4386",46,1.10966669518586,0.299450448024665,0.000522849110078742,0.0112762222271408
" 7094",40,1.17826288490348,0.281580497441049,0.00133476994482958,0.0114814277483792
" 7802",47,1.07023660389838,0.183808955578284,6.56034533657852e-06,0.00877189241501533
" 8287",40,1.07864100505742,0.19179253736661,0.000814732411323656,0.00956168878866438
" 6015",37,1.22738375953121,0.691951260767555,6.66447780223849e-05,0.0110804675103638
" 4674",58,1.29451624696934,0.549160768398196,0.0013328955604477,0.01139671108116
" 2439",66,1.10770068112084,0.228438720512504,0.000957706286674804,0.0113285237791234
" 7095",38,1.06982890139897,0.245617263868168,0.000327600736966286,0.0112181023786852
" 7817",43,1.04335961200046,0.198494439131184,0.000188063232981918,0.00883373995480148
" 8306",39,1.02712784152093,0.19550378738562,0.000158906142597124,0.0089706238117328
" 2150",47,1.15062225205068,0.386972214335264,0.00048567381983813,0.0120242162890111
" 3567",42,1.04979193426316,0.379438413209156,0.0010651709912359,0.0120197528666301
" 8381",79,0.952098980703162,0.113793539023509,0.000203370705433934,0.00909835939502264
" 8983",76,1.02940673825158,0.0688096438592497,4.37356355771901e-06,0.00757581068948517
" 7747",71,1.08804490204894,0.171553254474276,0.000508582962283325,0.0103069551462183
" 5999",14,0.291391828142747,0.0548765633341541,0.000146826776580567,0.0104810788981715
" 6074",3,0.039256752693942,0.00610551013763042,0,0.00676046321851346
" 5998",39,1.21419191855701,0.692924598148199,4.99835835167887e-06,0.0110846284802166
" 4595",32,0.627799436050673,0.240214269505754,0.000347177640510362,0.0113850275220642
" 3798",57,1.25892221456343,0.560839617898309,0.000780368697655864,0.0119439785038041
" 6095",10,0.115854116735191,0.0568884989819117,0,0.0092837546382088
" 6033",6,0.131873065952732,0.0163558722049045,2.08264931319953e-07,0.0104147242851734
" 6116",27,0.463191416531202,0.075404202207388,0.000358423946801639,0.0106365185246789
" 7109",56,1.02921491618028,0.0926280626180917,0.000116940758936154,0.00917986990393159
" 8989",63,1.03272142743257,0.0910789792057099,2.6762043674614e-05,0.00875399965241458
" 6014",44,1.23419926892759,0.653909952967733,0.000827540704599833,0.0113592881765974
" 6618",36,1.0492945728357,0.506536218440127,0.00388559882363636,0.0128327203023919
" 3682",5,0.0875282063965867,0.00879092332624821,2.70744410715939e-06,0.0087283765301165
" 1588",49,1.40021324230965,0.62519139856257,0.0012379267517658,0.0126091852419203
" 1612",44,1.01951883053656,0.357180939689473,0.000908972292745935,0.0108946237046999
" 7977",83,1.0466428980326,0.111497859152867,1.15587036882574e-05,0.00874383904957256
" 9144",37,1.02848727640104,0.084604011299484,0.000361652053237098,0.00935541728273492
" 9193",40,0.952552735773928,0.10236221886499,0.0014853454901739,0.0108253328859827
" 5971",38,1.18096969489448,0.670275369766981,0.000189000425172857,0.0110900841761423
" 6349",19,1.07785156034211,0.161760137521892,9.95506371709375e-05,0.0108493283896164
" 4665",44,1.51446205546062,0.819778839882229,0.00395234773412441,0.01285205684242
" 3861",60,1.18913815883586,0.390105999448392,0.00126802103434153,0.0118107316512207
" 7876",59,1.01662722142504,0.105492997268184,0.00161165817101946,0.0102877274584965
" 3968",44,1.35232873296739,0.593797610678064,0.000848783727594468,0.0126029798819424
" 9125",55,1.28008707324244,0.442401407746602,0.00278491866161041,0.0129200398661351
" 9163",48,1.20537013992243,0.558034137413949,0.00215564617162717,0.0127743204114678
" 4531",43,1.04245653536532,0.291740348586416,0.000862633345527245,0.0114600966076489
" 6963",53,1.06186691840612,0.0939660632091668,0.000196081432837736,0.0090985450224885
" 7754",69,0.975969936970405,0.0712253070654166,2.38463346361346e-05,0.00930737442613447
" 8828",59,1.00412677296629,0.064704276776985,7.19555337710437e-05,0.00819864337582896
" 6677",70,1.04617590039396,0.107389362256643,2.44711294300945e-05,0.00861751144830927
" 4951",27,0.643807177153013,0.336614300136592,0.000418091849624806,0.011816999624299
" 4497",53,1.06052845580148,0.422699096278247,0.00108620574929921,0.0117324992204227
" 6524",51,1.28308963945413,0.696637149148867,5.82100483039268e-05,0.0117670118219158
" 3572",51,1.23256835260973,0.501249343661488,0.00189198276857611,0.0120109105859175
" 7865",80,1.03402978100697,0.109146003970239,3.69670253092916e-05,0.00864274902511057
" 7866",67,1.04852337656814,0.106985254866465,0.000180149165591759,0.00935896618179147
" 3931",37,1.18341864424427,0.509401338109468,0.00203349878940802,0.0126719154737033
" 8259",76,1.04759439085371,0.124667100792338,8.33059725279812e-07,0.00763534790325722
" 9383",55,1.04426068980787,0.0837075618553162,0.00109318262449843,0.00995595384223321
" 9052",41,1.05628758408144,0.108893274962805,0.00202943762324728,0.0103574165270084
" 9074",59,1.03815279501951,0.130097836615356,0.0029178958202582,0.0109392458021789
" 9097",81,1.03689832176127,0.0745601261410723,3.9986866813431e-05,0.00785927188271365
" 9155",80,1.03938321050609,0.0732312403453889,3.89455421568312e-05,0.00848142345317387
" 9217",60,1.03461783689755,0.0834003138983656,0.000280324597556657,0.00941918009969864
" 6523",48,1.26468940677462,0.654249754198548,0.000826395247477573,0.0121597015947041
" 3629",48,1.00209244057872,0.367955105143546,0.00180461562988739,0.0114628381055259
" 3842",63,1.14136527636418,0.392667672563928,0.000534824343629639,0.0110227833109354
" 8256",77,1.0398262094258,0.118672481594763,0,0.00760060779766391
" 7139",61,1.04879445097923,0.0857080468304692,0.000678110616377767,0.00989336165233569
" 7538",50,1.01629450736112,0.087711309412218,0.0010552784069982,0.00969974193349495
" 8249",58,1.01131890712164,0.0765526503223692,0.00061937990574554,0.0092019174656447
" 9051",55,1.02484155489036,0.0926197187262962,0.000940107899978268,0.0102558279390612
" 9098",80,1.03873302684426,0.0778288816697552,2.60331164149941e-06,0.0083708139792726
" 9157",69,1.03801001138684,0.0819392726256233,0.000449539854254118,0.00965753916657404
" 6521",53,1.28227436372752,0.675463670699313,0.000636145232716796,0.0122023042317829
" 3644",38,1.12141173335632,0.462871742076652,0.000377792585414395,0.0117453272392972
" 3713",53,1.06986188771427,0.357938798793706,0.000243357572247365,0.0102129364848203
" 4361",28,1.06208393179473,0.362875296231562,0.00365025945124482,0.0130610697032513
" 8258",82,1.04406927094479,0.121854765001315,3.12397396979929e-06,0.00759630866478818
" 8261",72,1.046704670464,0.121426373487575,1.30165582074971e-05,0.00777620350653287
" 8771",73,1.29517797360023,0.442050053416116,0.00146535205676719,0.0118406845277931
" 6536",80,1.0445592268835,0.308904254448867,0.000501085424755807,0.0108164795719364
" 6760",40,1.14362187801341,0.328564471542346,0.00289352882329377,0.012510054922451
" 4085",40,1.14198251033547,0.342620880219673,0.000904182199325576,0.0120662594184239
" 3607",31,1.10785573477973,0.323598254678445,0.00057543600523703,0.0120445992165354
" 7774",43,1.04450499623764,0.282927748274269,0.000270015483456319,0.00969813728620615
" 9528",53,1.03337619776864,0.106837436691618,0.000700082566632022,0.0103185205866786
" 9231",59,1.05130452180481,0.10394743556612,4.425629790549e-05,0.00930710785983015
" 9277",64,1.05340322512295,0.0949389824062469,0.000907722703158015,0.00985113352725958
" 6853",33,1.15697942908546,0.21414793417847,0.000233464988009667,0.0106864439338798
" 6239",46,1.40480468370756,0.738832754908099,0.00113650173021298,0.0118796204669644
" 8267",74,1.02978336138579,0.11181230991657,8.4347297184581e-06,0.00784301114978629
" 4399",41,1.18800789157566,0.355408740698733,0.000599594737270145,0.011782453298852
" 9486",59,1.01217334551545,0.0737788649967038,9.02828477271996e-05,0.00975648438989688
"  563",32,0.634345920007017,0.269384260695828,0.000516288764742163,0.011653171496064
" 7572",17,1.0627105726492,0.302948319053192,0.000956664962018204,0.0114533261028038
" 4920",41,0.761299486797271,0.214322911768655,0.00061906750834856,0.0116021631701813
" 4379",27,0.629085643643902,0.151598339556759,0.00206942449006071,0.0122012573884209
" 9203",54,1.1415268687721,0.11395894357414,0.00683348479400464,0.0116540186926733
" 9650",49,0.976246152045218,0.0957275244184073,0.00266443739884182,0.0110490407422239
" 9274",62,1.01302139413857,0.0757065761095135,0.000179940900660439,0.0092459400580915
" 9349",95,1.27532443338286,0.156653308654308,2.24926125825549e-05,0.00973701080664998
" 9207",56,0.970428554800177,0.127699589422946,0.000809838185437637,0.0110211842923532
" 1979",31,0.658819079565613,0.221069702616197,0.0011429579430839,0.0121552414903395
" 7628",46,1.06185970914432,0.258432218071572,0.00358278161349715,0.0123866349465714
" 7931",74,1.07138496047007,0.130033656890141,0.000368316531039337,0.00987172634239827
" 4679",66,1.14482997824665,0.429464536022536,2.30132749108548e-05,0.00960093158590259
" 2154",58,1.51710224539237,0.774367004207762,0.00218740657365347,0.0127212812646809
" 6499",59,1.0178353872657,0.0822998706087431,0.000232007133490428,0.00953956013674429
" 6770",47,1.278043819893,0.498754629680333,0.00769934624596734,0.013849742140916
" 4524",37,0.826755661822516,0.312659939009974,0.00128999298459579,0.0123795570208378
" 2120",50,1.24860995365531,0.585249136356535,0.000838370481028471,0.0121283131687245
" 4721",60,1.16356342133031,0.477872507426475,0.00242357900577029,0.0115788385747793
" 6975",48,1.11359613762387,0.258584447708817,0.000387893434583412,0.0107476513502663
" 7748",53,1.04485465053617,0.259909679552417,0.00155636383175401,0.0114190559860215
" 8781",69,1.03893753907076,0.107641114530672,0.000114753977157294,0.00898647483526854
" 2046",63,1.48790210381307,0.751167853125187,0.00356299644502175,0.0128127144629013
" 4445",41,1.05680909204402,0.2917041530619,0.00150544305604628,0.0115283730203485
" 6600",53,1.05128860955242,0.301005899253918,0.000473386188890253,0.0107565099861112
" 6741",49,1.08717315896849,0.313971912485808,0.00170277407847194,0.0121099657006239
" 2229",39,1.32531104161369,0.73971439244019,0.00453621846907989,0.0128262974397718
" 4516",50,1.06339665777512,0.166911609072905,0.00104913459152426,0.0109782990862344
" 6791",54,1.09522522182294,0.15146629564372,0.000115378771951254,0.0112248211026571
" 8638",68,1.52198741824042,0.526874805338137,0.00675163667599589,0.0128472824215951
" 7752",41,1.02419903589723,0.219117925685352,0.00155802995120457,0.0116051950033083
" 6972",33,0.863579873548125,0.212317286805483,0.000517121824467443,0.0110462597431122
" 8441",53,1.04652636347744,0.121006812094503,7.15390039084038e-05,0.00878173524943616
" 6794",49,1.08366944164552,0.154820032670441,0.00212784280329596,0.0117237177298916
" 4709",55,1.07266073012785,0.127319067042208,0.00189489847761459,0.0112762797786808
" 7100",68,1.04971103703336,0.113557504333831,3.85290122941913e-05,0.00899612806050047
"11218",10,0.943706199399326,0.0881220825335554,8.21605154057214e-05,0.0107619543667384
" 3945",57,1.26069235027963,0.430705609144833,0.0041813350261107,0.0129682135095381
" 4519",42,1.26912044839881,0.433742056443139,0.00537687986435288,0.0136596352222087
" 7659",65,1.26327880943082,0.444129452253515,0.00214637838218344,0.0123005805619511
" 8398",58,0.963328717038846,0.218266353157764,0.00122095315986322,0.0113765899735831
" 6680",58,1.05401618658416,0.326562547470544,0.00519027448589021,0.0132175962774827
" 7743",64,1.03433794461782,0.0751171431940486,4.56100199590697e-05,0.00942349541735059
" 7267",66,1.07314764876192,0.148417371757446,0.000722471046748917,0.0106676730943834
" 4797",44,1.19815742805093,0.625137192364304,0.000473386188890253,0.0114284088618464
" 1776",32,0.734753808516254,0.185196500257952,0.00127374831995283,0.0114582060685514
" 8970",52,1.0290370190379,0.0643708957188534,3.5613303255712e-05,0.00882707635798378
" 8973",54,1.01899991155242,0.0645352625760781,3.85290122941913e-06,0.00932097955017382
" 8794",36,0.968489694636095,0.0875760216846927,0.00185772318737398,0.0102098186074312
" 3509",42,1.22893824587407,0.481590848985444,0.0024784568151731,0.0123394938172153
" 4546",71,1.26871680799517,0.434713463350249,0.00131009055046816,0.0117661501693141
" 6966",43,1.16609668247474,0.329343418548545,0.000218782310351611,0.0108718656357538
" 4547",82,1.0910044079834,0.183577404058767,0.00013360195344175,0.009838748653491
" 7274",50,1.13210404124251,0.29388729046754,0.00278241948243457,0.0120253654005565
" 8406",75,1.02288758917594,0.0690526869648777,2.14512879259552e-05,0.00783682057336365
" 6047",37,0.929051181216184,0.242070545399326,0.00245544354026224,0.0117422085437972
" 6914",34,0.573395281598052,0.180379398571662,0.000470991142180074,0.0117056543764765
" 6935",31,0.755682766780061,0.294637730692338,0.000549923551150336,0.0121787886189018
" 6958",25,0.678355695691638,0.178741772248874,0.000624482396562879,0.0121481515625067
" 6979",24,0.817499306194792,0.256803821261778,0.00127187393557095,0.0123841408071668
" 7522",50,1.22829545730958,0.64096257852473,0.00138173368684223,0.0123689592278976
" 8110",60,1.09833283477579,0.340299141023442,6.6228248159745e-05,0.00940493742740595
" 6772",51,1.27692141028103,0.381462350499734,0.00445197530436097,0.0126767525454513
" 6961",41,1.14656808436436,0.323591559038112,0.000123917634135372,0.0108815554715913
" 6771",74,1.40217257393852,0.517801418208711,0.00220583802007528,0.0120584436626164
" 7009",34,1.46596431453471,0.520128071955465,0.00302400680276572,0.012189636746109
" 6563",40,1.21868847328776,0.392689566755045,0.00053034664760626,0.0117706318290421
" 8634",65,1.18739715252507,0.193809619951712,0.00349697646179333,0.0119406018536374
" 6633",51,1.09673174972562,0.29266000532438,6.53951884344652e-05,0.0106193816513739
" 3094",57,1.19191933101554,0.444924266385297,0.00138454526341505,0.0116435066357182
" 8111",54,1.02214334896354,0.316143849459047,7.66414947257427e-05,0.00928085228272892
" 6562",48,1.20202034166511,0.387334497822802,0.000106839909767136,0.0116732288378351
" 8193",69,1.42198464276645,0.745832208630645,0.000521078858162522,0.0118066515270918
" 6784",41,0.671337636844371,0.0891327861001662,0.000933964084504329,0.0103194748902062
" 6608",25,1.10400233283619,0.22464307299764,0.0110560562765167,0.0130798069834196
" 2423",57,1.60301650211266,0.621837992730639,0.00291435531642576,0.0125723912272629
" 7772",28,1.03125208375475,0.306750120355806,0.000862112683198945,0.011179932462906
" 6561",42,1.0880604949291,0.366764401562474,0.000482653978333991,0.0115951724749558
" 6808",40,0.924535115686673,0.26356779188433,0.000524202832132322,0.0116508262520545
" 6934",50,1.2207631502363,0.341055551140805,0.00129436654815351,0.0113265717142389
" 9389",61,1.01044225937905,0.291367070540987,0.00110838596448479,0.0115357393570889
" 8886",51,1.03540298293786,0.0725743868174153,0.000199934334067155,0.00942103655090012
"10411",16,1.03826800852672,0.172010437407723,0.000881897851674341,0.0115543934327367
"10212",35,1.00076900599375,0.107767183182184,0.00489172670684305,0.0117696244797785
" 7862",68,1.03641422961709,0.107720655115543,0.000520141665971582,0.00993315972528737
" 6621",72,1.09819905507742,0.167416342063481,0.000213888084465592,0.00973299575567506
" 9065",56,1.04676310781856,0.101651416230641,0.000104757260453936,0.00958538617471272
" 8930",60,1.06546288508795,0.112392861767457,0.000951041808872565,0.0101588574442029
" 5015",44,1.0533538363224,0.379032316272317,0.00140089406052366,0.0121770373982361
" 8917",29,1.12091300635726,0.206703511290136,0.000197643419822635,0.010815868005846
" 6624",61,0.96647326398757,0.162760449940653,0.000777765386014364,0.0105485180879953
" 8923",54,1.05436510831209,0.121009770307152,0.00126302267598985,0.0108302223569997
"  721",58,1.1709221802856,0.454599183470702,3.32182565455325e-05,0.00987827929958804
" 8257",74,1.05203428010921,0.128575733384648,0.000169527654094442,0.00804870183179968
" 1853",45,1.21076767231402,0.552142579727994,0.00140620481627232,0.0122458983153305
" 6818",76,1.04888623211767,0.114234642456309,4.02992642104109e-05,0.00900815080644628
" 5517",101,1.05461315657049,0.119476115491136,2.50959242240543e-05,0.00822740937786644
" 7822",68,1.22956559602288,0.457715740801758,0.00207181953677089,0.0122727543845015
" 8892",57,1.21027363189826,0.347437239714947,0.00121647546383985,0.0116225206189477
" 7169",50,1.21015460923539,0.329745769508209,0.00155438531490647,0.0116053408347563
" 7065",73,1.15468035593561,0.266531576238195,8.4034899787601e-05,0.0100871227478957
" 9019",95,1.27528213258965,0.156661517259104,0.000281157657281936,0.00973766268746952
" 6478",52,1.15706649658218,0.356324596732005,0.00132571042031716,0.0123060361454107
" 8825",38,1.18751496298661,0.208914670890553,0.00070705944183124,0.0110595294774791
" 2133",49,1.42564439271441,0.683661428534803,0.00328600408636622,0.012833452137137
" 2080",67,1.48563935646381,0.702337912926974,0.00136559315466493,0.0122420074604389
" 8265",73,1.02891301311375,0.1125238562457,0.000114962242088614,0.00835437153871138
" 6821",62,1.01184879603713,0.110277701790136,0.000105798585110536,0.00885825656511871
" 7064",72,1.18436307536221,0.28807938248267,0.000420070366472345,0.010258262816368
" 9021",56,1.00565942865613,0.123811114384035,0.00101508327525345,0.0107630026982065
" 4680",46,1.1248417379387,0.450587249205006,5.81059158382669e-05,0.0103785071052251
" 2224",66,1.48730642539637,0.755370780341485,0.00345219950155954,0.0127940643081063
" 6492",47,0.988736742871948,0.31054721060041,0.00071007928333538,0.0121788386053334
" 2211",63,1.74532826262459,0.857697704517878,0.00466648818362053,0.0128451940609718
" 4545",72,1.05859747674818,0.149301198367523,0.000611257573424062,0.00989721227628648
" 7738",47,1.1136061403719,0.324754431760322,0.00341408701912799,0.0125376593308424
" 9179",55,1.02096107924216,0.0691180579835972,8.37225023906211e-05,0.00934281565716714
" 4637",48,1.53741105152247,0.928044371647757,0.00273024911713892,0.0126381356939698
" 3778",53,1.26163694963267,0.567938382271281,0.00108516442464261,0.0117011239081516
" 6305",21,1.14407257314604,0.18874602372432,0.000316770960537648,0.0108888049892506
"  762",36,1.17168273652257,0.455076892281561,0.000234193915269287,0.0113913288023522
" 4770",50,1.23617277242718,0.498545797250304,0.00103820068262997,0.0111137977640807
" 4576",54,1.1734043472502,0.46054633799398,4.91505237915089e-05,0.0106175207974004
" 6752",61,1.03164237935605,0.294498315000784,0.000652077499962773,0.0107661631946566
" 7807",43,1.05765308723189,0.186260431219501,4.37356355771901e-06,0.00877509207201442
" 8285",40,1.03157328534972,0.18647332158013,0,0.00868310501282028
" 8966",31,1.17502951977822,0.352421744762722,0,0.0106744854767466
" 6515",64,1.11685661221255,0.359997371222401,0.000513268923238024,0.0112905455351402
" 4578",56,1.16629224087344,0.461510374726771,1.27041608105171e-05,0.010594875057247
" 8416",65,1.04069044815704,0.107812573876398,1.14545712225974e-06,0.00749512073179175
" 8878",57,1.0431592234671,0.0956668104893871,0.00404356777404255,0.0107638784980124
" 7810",36,1.04979501268878,0.192818623032449,0.000319582537110468,0.00904832071066151
" 8305",36,1.0015670397027,0.188625411067297,2.79075007968737e-05,0.00883036819302364
" 9316",38,1.20317793217893,0.193273790776499,0,0.0118981740040558
" 8990",70,1.03626088260786,0.0779798992323421,1.24958958791972e-06,0.0081343132849264
" 4577",51,1.16049194223586,0.458570466436681,8.03902634895018e-05,0.0106942401618755
" 8442",61,1.03964147313089,0.107724983315911,0.00022128148952745,0.00863925964884727
" 8300",41,1.15468960626937,0.355927866419175,0.00278366907202249,0.0127361140996031
" 7258",47,1.02922433682598,0.320316408547733,0.000704976792518041,0.0107472034727254
" 3546",63,1.16088802725597,0.398872154113257,0.000125375488654612,0.0108643963856651
" 3948",46,1.03954773254552,0.402453388342996,0.00164477229509933,0.011941285051118
" 3462",51,1.19893265783494,0.427892454754232,0.00157968950406184,0.0120170305068875
" 7161",43,1.09742967550416,0.296308287697387,0.000417571187296506,0.0108589004192719
" 8334",50,0.996815595490996,0.0924434248364554,0.000543779735676397,0.0095549799213625
" 8722",58,1.0056512792197,0.0805117748291383,0.000303858534795811,0.00947581489964688
" 6006",60,0.960888047003738,0.24589778288697,0.00253437594923251,0.0119897518292335
" 4022",55,1.24448400772628,0.378373416673235,0.000552943392654475,0.011028881381397
" 6549",62,1.16650564531025,0.302328805987515,0.000650203115580893,0.0111028630349497
" 7951",48,1.3327048660248,0.462749254201731,0.0046181707195543,0.0127278467409223
" 8830",58,1.09462756987331,0.29177193934716,0,0.00895605189418937
" 9011",65,1.09590385058984,0.317348749738209,0.000394662044851311,0.0105301612772553
" 8894",24,0.853005324556235,0.254657565918349,0.0071624392530245,0.0132508781598112
" 8218",52,0.995025150972677,0.324042150728655,0.000283656836457776,0.010137338085962
" 8631",19,0.60145715905951,0.169806402247517,0.000925425222320211,0.0127053980206543
" 4525",50,1.15357217300459,0.374662792577754,2.54083216210343e-05,0.0111050923907142
" 8826",54,1.08378528521539,0.289209803965593,2.92612228504534e-05,0.00899686579678737
" 8451",61,0.952040711182552,0.127844541181178,0.000605842685209743,0.0102760445323475
" 8063",59,1.08459478851082,0.332317293408222,9.58018684071784e-06,0.00808181319193569
" 8656",30,0.669473858806888,0.258737392806351,0.000584183132352468,0.011988339549777
" 8747",39,0.460632544043677,0.122899443735452,0.000205974017075433,0.0107047478875572
" 4523",51,1.13913866353451,0.3647727242937,0.000368733060901977,0.0111739459178262
" 8856",39,1.15795644469852,0.317521069709885,0.000192332664073977,0.0109357064482669
" 6923",60,0.954593433140005,0.213888929447599,0.000988633628975817,0.0102917006847807
" 4518",57,1.11812207261348,0.293451331945732,0.00151721002466586,0.0116978285766615
" 7293",28,0.971152528248266,0.268161476949151,0.00302182002098686,0.0126687175315259
" 6758",65,1.1415639043413,0.312418318355383,0.000483070508196631,0.0105720236126573
" 8822",52,1.09882540216829,0.286862122322553,3.64463629809918e-06,0.0093567219177975
"10225",65,1.04368764599165,0.0918038205362706,0.00141495194338776,0.011065383832704
" 8055",58,1.08535996946938,0.333183743825091,4.16529862639906e-07,0.00809729377723867
" 8851",34,1.10937771076298,0.310577642691954,5.56067366624274e-05,0.0108734864911143
"10235",60,1.03966802353168,0.103983947494753,8.60134166351406e-05,0.00911294678329469
"  467",45,1.28235997054321,0.569821614168497,0.00259321079233039,0.012567955950515
" 8154",48,1.24192512210825,0.476167970207144,0.000867215174016284,0.0104722692233967
" 7526",52,1.39506553727408,0.742755269900078,0.000997693153488235,0.0123780806478828
" 8047",67,1.07778625127282,0.338552677222732,2.70744410715939e-06,0.00817654879181807
" 8757",45,1.05846432017842,0.338300040232566,0.000736320664681694,0.0113717308649703
" 6299",29,1.23636593235204,0.343977861020778,0.00348343924125753,0.0130745408171774
" 2721",51,1.07360724050377,0.333171430972677,3.12397396979929e-07,0.0098947458617444
" 8846",37,1.04583748037822,0.298465064134051,5.15455705016884e-05,0.0105915670991226
" 7312",60,1.21057824743007,0.332854426488061,0.000950312881612945,0.0116803406293269
" 8884",46,1.12831069533226,0.410760111353575,0.00474000570437647,0.012957046996234
" 4498",23,1.21297986229329,0.341167664787041,0.00803027922183474,0.0131224962514411
" 8181",47,1.06583338173205,0.372394810994676,0.000107568837026756,0.00976861844146441
" 4496",72,1.16951829060048,0.447552476536677,8.21605154057214e-05,0.0104787530633977
" 2733",53,1.07828604111658,0.334650341059999,1.59322672459764e-05,0.009939692954132
" 7308",53,1.10427849968402,0.299474856891998,0.000324164365599507,0.0116564938686144
"  638",46,1.03343022032817,0.399016779546848,0.000761312456440088,0.0104367590396532
" 2725",53,1.08027320862944,0.336837315904951,7.38299181529233e-05,0.010135947931392
" 3787",39,0.957555558433411,0.310671917580886,0.00802767591019325,0.0132538159747619
" 4901",76,1.2020317772032,0.31249038892368,0.00199590696930477,0.0119359475665511
" 4478",61,1.17906637163243,0.347964311767197,0.00142598998474772,0.0118810829384644
" 4508",78,1.05622701554543,0.136533946165654,6.28960092586258e-05,0.00906034353240116
" 7775",58,1.22479809487037,0.397650318265897,0.00244638401574983,0.0118801998411733
" 7010",34,0.985199357555049,0.356645828555559,0.00044131338946698,0.0114016968666994
" 6726",56,1.10769893270122,0.241092048382982,0.000519725136108943,0.0107220097698518
" 6502",60,1.15896192307245,0.377676416506404,0.00196727054124828,0.012429055159889
" 9084",63,1.03895692979032,0.0836834032438646,0.000773079425059665,0.00994306282371555
" 4245",56,1.09145314325478,0.417731188767964,0.000730385114139075,0.0119282952952433
" 2230",32,1.35221797554563,0.764325051474813,0.00250959242240543,0.0128509207376384
" 4111",49,1.00706547956139,0.366212328593539,0.00274087062863624,0.0129739208201229
" 6787",50,1.10045793699807,0.156141342345608,0.00235620530048829,0.0115756343512643
"16670",24,1.25131359854997,0.454196842743999,0.000340929692570763,0.0119753387100637
" 3222",49,1.12510279689766,0.382428514513491,9.54894710101984e-05,0.00965204414319725
" 3331",59,1.12757795291925,0.299445325650321,0.000226488112810449,0.0109754284722589
" 6801",42,1.06933292445389,0.255851252421025,0.00127739295625093,0.0115396730433643
" 7922",75,1.04114692751354,0.150007831016676,0.000300942825757332,0.0100411350346356
" 4711",42,1.08848969202107,0.426492281918778,7.0705944183124e-05,0.00997692199476202
" 3244",50,1.11090845863861,0.378471024435336,0.000321352789026687,0.00984279339082845
" 9164",30,1.00953296004032,0.0806596827568123,0.000168486329437842,0.0108530699026573
" 1082",32,1.16722861503846,0.466668496492589,0.000233777385406647,0.0109798182794208
" 8893",53,1.05285791571063,0.0780693801247464,0.000260539429081261,0.00913103616601255
" 7275",59,1.04101633092085,0.127182402869998,0.00131706742566738,0.0112112234059327
" 8362",62,1.02807538991751,0.0774654886471003,0.000525764819117221,0.00981615685246998
" 7727",29,0.978016109606586,0.293126432743278,0.00188906705953763,0.0118455642221828
" 9165",19,0.99565841753964,0.0822072650425747,9.06993775898395e-05,0.01101026718672
" 4992",44,1.18897336084099,0.388773547274756,0.00100154605471765,0.011307764506345
" 6756",55,1.12341875553467,0.0995586614434691,0.00197372675411919,0.0104057441276039
" 7110",54,1.03230381884214,0.0912830211457935,2.2284347651235e-05,0.0091793941801963
" 9276",65,1.40904679522907,0.446031893400823,0.0046093194599732,0.0128248866875889
" 8898",59,1.01897225899728,0.0654455066023904,7.80993492449823e-06,0.00846711316630381
" 7612",27,0.909774281815174,0.238180685368906,0.00391923361004453,0.0127196323496462
" 7119",51,1.06813254693637,0.116933478520454,0.000109755618805615,0.009586303690388
" 8942",60,1.02755799975787,0.0809005578394784,8.64299464977805e-06,0.00807257521763709
" 7834",83,1.40988397036803,0.488234377648485,0.00103153620482773,0.0116668401716592
" 8682",63,1.09873574866325,0.307884917793592,3.29058591485526e-05,0.00896985789778554
" 8637",47,1.18205886725065,0.404634444658758,0.00200361277176361,0.0124172320740276
" 8935",49,1.13662632657695,0.263121109452853,0.0025874835067191,0.0120329372240362
" 9046",61,1.04561007920973,0.277793506678149,0.000247106341011124,0.00998310777480462
" 7159",45,1.16126546232639,0.322291346512482,0.000478801077104572,0.0108779437846599
" 8945",60,1.02490981193222,0.0800235334795906,3.74876876375915e-06,0.00812181845107324
" 7829",70,1.38116226621541,0.464732483062549,0.00256686527851842,0.0118057511959095
" 8680",61,1.09336939220678,0.307650181737073,5.3107557486588e-06,0.00877318503365666
" 8474",98,1.04412289691458,0.119862711432392,5.35240873492279e-05,0.00836119364619421
" 6802",55,1.10388657598962,0.311522261845898,0.00039809841621809,0.0105404399324263
" 8206",32,0.667460581225809,0.196304999520477,0.000544821060332997,0.0108901796966897
" 8736",75,1.34785238726723,0.527915504979299,0.0028182410506216,0.012312852827615
" 8766",53,1.2747449472529,0.37170631580446,0.0016726797958962,0.0119108656940112
" 7155",43,0.998039777629147,0.293612189395849,0.000458599378766536,0.010814272845781
"11791",53,1.56400355108277,0.746005739680286,0.0054991313790377,0.0130531496964122
" 8953",64,1.02059835974259,0.0749998135713852,1.3328955604477e-05,0.00801316514020138
" 9089",45,1.06614496194152,0.163731696229974,0.00107360572095436,0.0107592061264064
" 7309",61,1.10335804147131,0.28899885885414,8.62216815664605e-05,0.00902086865980016
" 7007",68,1.10398351023127,0.299410114204888,6.79985000759646e-05,0.00918880656523924
" 6985",55,1.08358801844763,0.282772296410705,0.000152554062191866,0.0102382087516295
" 8899",30,1.11258955910992,0.199356876269084,4.05075291417308e-05,0.0103151070109438
" 3976",47,1.33893482751555,0.612841010018197,0.00212346923973824,0.0127645044719734
" 7153",40,0.956679301900426,0.257317546159741,0.00183137767356201,0.0108665393166585
" 9092",50,1.06520204472994,0.161317286590624,0.000236068299651167,0.0106060312633403
" 7006",49,1.18151602759033,0.329012584101525,0.00370711577749516,0.0123468557353592
" 3623",40,1.53355940602433,0.808112520422709,0.00453174077305652,0.0130371542993753
" 3613",40,0.852585157726875,0.291341555292196,0.000299693236169412,0.0102007914934076
" 8082",52,1.10291674635858,0.35537724867503,0.00111411325009609,0.0103876899338881
" 3705",23,0.544144695335138,0.143420213785212,0.000229820351711568,0.0113447764152605
" 6861",31,1.12357478686749,0.307074740068246,0.0117845670062739,0.0136407777786326
" 5010",51,1.1474805795872,0.351154616260178,0.000391121541018872,0.0115387664245432
" 8227",46,0.93103101041382,0.299605916106288,0.000603968300827863,0.0102485407679333
" 3715",67,1.21263847721488,0.400893978353295,0.00111380085269911,0.0118718484401272
" 7656",70,1.05973752286768,0.29153078851765,0.00039643229676753,0.0107415771102354
" 1583",48,1.34255845609551,0.55013511036774,0.00253364702197289,0.0124609156763897
" 3695",74,1.17080324258668,0.412125013002371,0.00220458843048736,0.0121515683114438
" 3087",72,1.04182336162324,0.141507755313903,0.000497440788457708,0.0109277599520323
" 7183",65,1.08597387497631,0.130212319781808,0.00079650922983316,0.0102481939884962
" 6774",45,0.7891104017993,0.203514914965918,0.00144025613254313,0.0115953148596373
" 5011",48,1.14430020267596,0.350324801089093,0.000380291764590234,0.0116542377725337
" 6570",12,0.695873478041653,0.100623711194929,0.00128405743405317,0.0122884371696433
" 7799",52,1.0566001694448,0.221411399371219,0.000833372122676792,0.0108469312442671
" 7788",53,1.0057147460752,0.0816507301732482,0.00230434733258962,0.0107203069213753
" 8254",77,1.06509493110062,0.0928096044607422,6.22712144646659e-05,0.00818405652840405
" 3855",55,1.29447364896072,0.591003998362237,0.00117180263607172,0.0126092614063995
" 6528",95,1.04547203710845,0.126758192976366,2.29091424451948e-06,0.00796098936329303
" 1807",40,1.24960126504478,0.570258549796136,0.000456516729453337,0.0118131913201982
" 7464",54,1.07950379138492,0.286178402903999,0.000327600736966286,0.0104186803800828
" 9358",44,1.01883126549509,0.0709526357103557,0.000255332805798262,0.00951248574548172
" 6527",98,1.02853033142885,0.12604281296996,1.82231814904959e-05,0.00790057825359681
" 8694",72,1.02121077483045,0.0657078354564631,7.91406739015821e-06,0.00777453315818663
" 8853",47,1.11774982797306,0.312158552084184,4.02992642104109e-05,0.0105841891131451
" 3865",49,1.13162827111578,0.158203861699548,0.00124688214381256,0.0108228170519605
" 7150",73,1.14161607858221,0.197233079564169,0.00124063419587296,0.0104760075422848
" 8691",61,1.0095470652824,0.0642728234108735,1.40578828640968e-05,0.00815190017833828
" 7604",49,1.15946190385287,0.321711398934132,0.000322394113683287,0.0107143675755094
" 8852",39,0.938290959253399,0.257490050204878,0.000395807501973571,0.0105822988036892
" 7602",54,1.12032901772047,0.339246067764074,0.000349885084617521,0.0107105441857618
"  510",53,1.17648319460976,0.475399698022522,0.00159478871158254,0.0120834713535988
" 9180",51,0.991727649591296,0.0630159113747476,4.20695161266305e-05,0.0088625058857651
" 7104",40,1.00799443405846,0.187604588203568,0.00353363108970564,0.0123447771588061
" 7616",65,1.03329484671182,0.13021888251037,0.000231798868559108,0.00956268074314508
" 8368",65,1.03334218902984,0.076181104135477,4.92546562571689e-05,0.00869460661284919
" 4475",44,1.21948439722604,0.357080460709055,0.000992174132808256,0.0114948123000405
" 8715",72,1.04645553771941,0.08394246984429,1.06215114973176e-05,0.00812504008905226
" 8369",62,1.03351621152236,0.0761656226709331,6.76861026789847e-05,0.00888169019155591
" 1168",50,1.15226653179906,0.531811306452803,0.000370399180352536,0.0104511412757059
" 3230",51,1.11904710651473,0.379456809530645,3.23851968202527e-05,0.00975344144488429
" 5415",88,1.03958665984306,0.110562081754169,9.89258423769776e-06,0.00782267451065654
" 9007",35,1.1444148508118,0.335650127887447,0.00204287071131742,0.0120375188250484
" 7536",63,1.16495508402204,0.358205786450651,0.00221864631335146,0.0123482633045574
" 8714",72,1.04816413021045,0.0853528916246695,8.01819985581819e-06,0.00836774071846693
" 8876",64,1.34361989021708,0.450784211142076,0.00190187535281381,0.0121732299272378
" 8739",46,1.15044120685986,0.201663808294937,0.00128530702364109,0.0111577911362548
" 9148",43,1.06826838395007,0.260791215252871,0.00133633193181448,0.0112396106461428
" 9466",62,1.01653381400826,0.0922091969379598,0.000410281914700307,0.0100917063011455
" 2960",53,1.16400826144608,0.373575004723211,0.000286364280564935,0.0107886081717772
" 8716",57,1.06126061218217,0.0986259284873248,6.52910559688052e-05,0.00935335258929784
" 8880",37,1.14899481652842,0.18724422223321,0.000738090916597913,0.0113581546382414
" 1158",52,1.1486735903135,0.525520527133757,0.00075225293192767,0.0107582653018977
" 6652",42,1.04274989198184,0.257629545832109,0.000186917775859658,0.0102143368752266
" 5400",87,1.03129709213502,0.109532253832358,4.63389472186895e-05,0.0082003393669566
" 6647",39,1.09794116165637,0.246510252401579,5.41488821431878e-06,0.00993315412165571
" 7122",48,1.01826929601732,0.0921468908132966,8.45555621159009e-05,0.00936414317834588
" 6831",21,1.02252493461028,0.19662231754617,0.000556275631555594,0.0110873878946653
" 2958",56,1.17165532738302,0.371330472297611,2.36380697048147e-05,0.010582813590257
" 8195",63,1.06022477174672,0.145121267056739,0.000789219957236962,0.0103554398812139
" 8751",58,1.01837151258334,0.0958674822347713,0.000742464480155632,0.00942296803114674
" 8885",42,1.13438012804738,0.178412132037718,0.00136965432082567,0.0115766405104097
" 7563",47,1.04525028025793,0.276252493040817,5.08166432420685e-05,0.00983985500309936
" 6657",36,1.01816015053743,0.23410630476308,0.000589181490704147,0.0104009349748831
" 7152",44,1.03747647935733,0.282974438742805,0.000433607587008142,0.0107786104960076
" 7268",55,1.14716184559112,0.257957754094671,0.00128239131460261,0.0114879272504934
" 7815",55,1.04308416215582,0.137816462599109,0.00154230594888991,0.0104346298589199
" 8752",53,1.00749060603118,0.0816167183986194,0.000272098132769518,0.0091802610472827
" 7561",54,1.0641353069003,0.279146747744875,1.7598386696536e-05,0.00965316574458356
" 8746",42,1.27208054148792,0.197637514049336,0.00144004786761181,0.0119009723908004
" 4537",50,0.999467545714446,0.264165016992326,0.000463285339721235,0.0112777563592237
" 4726",58,1.10967622257983,0.409189594877637,2.49917917583944e-05,0.00894208717657919
" 7776",43,1.14932153165585,0.291371857837561,0.00241014591770016,0.0123778207072736
" 7552",63,0.971111043621271,0.228929833771287,0.000445166290696399,0.010886099313803
" 6606",68,1.42554082318387,0.396328479258875,0.0112051739673418,0.0133651836084382
" 8375",28,1.03176519089215,0.190785097607319,0.00195175480386494,0.0115419464970444
" 8979",42,1.16526506974898,0.346502900133307,0.000911471471921774,0.0120452773024244
" 7145",22,1.20716721343128,0.355286330526359,0.00101435434799383,0.0124734245591478
" 4725",62,1.11857056686433,0.416967914978606,2.45752618957544e-05,0.00891148154977555
" 6580",55,1.06584775131978,0.302058883418957,0.000362485112962378,0.0104603524503324
" 7000",58,1.03216560716166,0.0945771428927166,0.000290217181794354,0.00912917744100505
" 8424",60,1.0441603850962,0.103206238673932,8.96580529332397e-05,0.00820179310909329
" 7143",26,1.1965294724716,0.350048930490995,0.00119991840179991,0.0124793279748275
" 9194",25,1.05653780869487,0.152730131294225,0.00627189840670038,0.0123922601246711
" 3635",43,1.33554699201902,0.508806860651491,0.00298037529965419,0.0125445900404972
" 3656",37,1.06651160629042,0.369207139543642,0.000911679736853094,0.0119027163583176
" 6783",63,1.49726552965043,0.525242899723189,0.00745786305810185,0.0135341138008865
" 6749",65,1.55444422927238,0.640794752405823,0.00707652996885502,0.0133927970835194
" 6577",54,1.34133007135349,0.611438275293582,0.00293257849791626,0.0128699891645646
" 8764",54,1.04584585257792,0.362947393988517,0.000320415596835748,0.0113269507763651
" 7993",65,1.09886046722077,0.177377956988015,0.00053170036965984,0.00983961158405287
" 7014",27,1.17956876699976,0.292156713372411,9.58018684071784e-06,0.0100347088152686
" 6991",31,1.12589033762865,0.279410198115894,3.73835551719315e-05,0.0101036632474871
" 7610",34,0.851850762914356,0.228096288687865,0.000250855109774883,0.0107381430960982
" 7832",21,0.945458990540081,0.212009290834911,0.00171193773545001,0.0112622279992408
" 6781",35,1.17731360246378,0.343504578352992,0.00506687751408313,0.0128401132520907
" 8444",57,1.03858167416524,0.116336521623827,1.49950750550366e-05,0.00847338353518175
" 6990",35,1.09634590448237,0.278843573033828,0.000117357288798793,0.0101992956375431
" 7013",30,1.17424558285592,0.290908210019524,3.00942825757332e-05,0.0100767598291223
" 1533",32,0.866168866689377,0.353400486963575,0.00110484546065235,0.0123273882042934
" 7821",53,1.0376580445101,0.120668260150388,0.000615214607119141,0.0100788892927747
" 7017",34,1.08003047059932,0.267498633386894,0.000359673536389559,0.0102512998856139
" 6803",23,1.05357112366513,0.256382660648419,0.000596470763300345,0.0105193177901666
" 9262",63,1.0453769580909,0.095242998579745,1.14545712225974e-06,0.00867486806257983
" 8327",60,1.09215958473188,0.187402776218783,0.00427432531794505,0.0120992216568046
" 6896",63,1.26244829387348,0.394482334470013,0.00146170742046909,0.0120407011602366
" 9187",18,0.949289513553032,0.150577452256518,0.00114629018198502,0.0110254156986297
" 9072",57,1.32664035683279,0.500766675171079,0.000656555195986152,0.0115512658344519
" 9109",37,0.965330937701839,0.378614841558234,0.0016768450945226,0.0120271156587285
" 4690",46,1.12052017131925,0.443717880898414,4.71720069439693e-05,0.0100760846958358
" 9083",64,1.02208211094211,0.0673672863921673,7.39340506185833e-06,0.00859710723521149
" 6227",65,1.52703875138295,0.612985271489063,0.0028296956218442,0.0121384305958547
" 4642",56,1.11439429963494,0.425635054864134,0.00125333835668348,0.0121567423924973
" 7609",34,1.15429388996024,0.292166034981188,0.000859821768954426,0.0110741322521894
" 2659",64,1.11547394812224,0.336505236718201,0.000567730202778192,0.0106083909833218
" 4428",75,1.03304586605854,0.173542483643823,0.000977699720081519,0.0105557937336698
" 8699",58,1.03099876187227,0.0810658723827938,0.000251063374706203,0.00898311458352411
"10728",51,1.21984712334277,0.261890615439179,0.00201235989887905,0.0123730188065786
" 7107",39,1.24081233310023,0.365001059788619,0.00215325112491699,0.0124597939307173
" 7184",52,1.04488579004911,0.151404055930089,0.000516705294604803,0.0103403717802592
" 7566",41,1.03670332827133,0.278104677625822,0.00398421226861636,0.0129491147886314
" 9085",54,1.05849314639601,0.0814000165684597,0.000952812060788785,0.010006069493506
" 7605",32,1.10839734960739,0.275178521700668,0.00044183405179528,0.0111047889110417
"10740",49,0.956731439599057,0.23933839217635,0.00335379432151086,0.0125074198428949
" 7186",36,0.967457808982321,0.133066996749672,0.000517330089398763,0.0103228640560023
" 9101",26,0.996026773049872,0.0795925459369864,0.000513581320635004,0.0108675742047416
"  545",41,1.16915492844094,0.448605051361757,0.00418352180788955,0.0124747575629409
" 8349",62,1.07786372305799,0.272397740562227,0.00112608848364699,0.0113479750636259
"11480",33,1.2974232790365,0.230087879135294,0.00943346419660293,0.0127926453862747
" 8653",18,0.809567035562679,0.141870566357744,0.00242420380056425,0.0114093362830225
" 8965",35,1.2360802746047,0.344321566579648,0.000415488537983306,0.0106310618884621
" 9016",39,0.842855443008035,0.244591701354985,0.00048494489257851,0.0106913664108962
" 9107",48,1.13707031525699,0.466760114182754,0,0.0103418521402418
" 7634",49,1.00582380711943,0.125875286292964,0.00152626954917828,0.0107189447496492
" 9103",27,0.987028437399167,0.0776474677786094,0.00035613303255712,0.0108503947576789
" 6587",60,1.10138536736475,0.30460433086214,7.0914209114444e-05,0.00943170535962517
" 8418",65,1.03364216430651,0.10479587728377,1.12463062912775e-05,0.0076640875403631
" 7272",57,1.03689131747223,0.0824270933053133,5.44612795401677e-05,0.00868948784241455
" 8967",60,1.25002292971099,0.348486810827475,0.00481810505362145,0.0124917809651007
" 1226",45,1.09065720681196,0.435130586961741,1.04132465659976e-07,0.00941226177404105
" 7148",54,1.2411076247821,0.428694258196334,0.00117044891401814,0.0118684723191113
" 8957",32,0.96318655693034,0.290804534065089,5.34199548835679e-05,0.0104065886834453
" 8251",37,0.95548085599723,0.24473717256482,0.00245398568574301,0.0119789157682378
" 9807",61,1.05083471898111,0.105979993303482,2.91570903847934e-06,0.00900088648045069
" 7550",21,0.834914617621955,0.218791123695518,0.00159770442062102,0.0115378949233585
" 1227",45,1.08437824441092,0.430885984523739,0.000146097849320947,0.0095119116129373
" 4879",67,1.27927953874227,0.442399350378043,0.000128395330158751,0.0101713760308702
" 8103",50,1.08723096395674,0.356060293005617,0.00021992776747387,0.00985653682090617
" 8991",66,1.02309726179373,0.0718831085407991,5.3107557486588e-06,0.00848898729480027
" 7291",75,1.11012390297238,0.329342163007406,0.000454538212605797,0.0108956230242417
" 6951",33,1.04181455913376,0.253441024378535,0.0173626307942818,0.0135729123040059
" 7751",28,1.08738996839623,0.317789678223692,0.000359361138992579,0.0107522680359043
" 7190",63,0.963075005811543,0.254417580769075,0.000237630286636066,0.0102630990017873
" 8975",52,1.20706832195136,0.395597884874464,0.00170444019792249,0.0117797198216944
" 8253",41,0.867160996895001,0.28745731118542,0.00136663447932153,0.011979906130119
" 4521",29,0.929130058986006,0.217379820081892,0.00284708574360942,0.0117965872871065
" 7803",43,1.073373421638,0.140048578973855,0.0016825723801339,0.0113750590506426
"10207",22,1.14079175739271,0.216189414679532,0.00687794935684145,0.0128246233275632
" 4733",64,1.15828609273602,0.413201286655652,0.00120897792631233,0.0106580409542155
" 6889",37,1.13165080837061,0.297734280358648,0,0.0101773287978942
" 6825",58,1.20850773616278,0.347133991938651,0.000339784235448503,0.0109333160699904
" 6795",25,0.354236617511117,0.103654396502371,6.10216248767462e-05,0.0106244318272924
" 6987",40,1.08476639014846,0.287742812778272,0.00258290167823006,0.0118653879804632
" 7279",61,1.14351408588383,0.334958390631344,0.000521182990628182,0.011218807243024
" 7068",45,0.894302048156367,0.243969117240131,0.00169996250189912,0.01205593691553
" 8248",49,1.15543909173384,0.311980995730654,0.000146201981786607,0.0105911937281334
" 7269",23,1.08128337933877,0.274591448194056,0.00013391435083873,0.0101057533779889
" 7133",49,1.14144717657011,0.293294704050012,0.00102757917113265,0.01150258860816
" 3765",60,1.16247111627134,0.384813521007587,0.000477239090119672,0.0111871786762328
" 6989",28,0.980524380022013,0.126617443354891,0.00167799055164486,0.0109820444159782
" 6892",40,1.13461001852393,0.297090271408144,6.25836118616459e-05,0.0102039942450087
" 6799",56,1.04765930659337,0.322295064202996,0.000372065299803096,0.0109040101227113
" 7281",52,1.05689120512091,0.307892374573404,0.000759750469455188,0.0111999360160862
" 7292",11,0.27403484533415,0.0619967092526969,0.000166507812590302,0.0114002944353077
" 8288",49,1.14628268613395,0.308084352209797,6.01885651514664e-05,0.010497571580165
" 8625",34,0.961747013151741,0.162715585371708,0.00601302509706968,0.012210563285281
" 6230",55,1.28643613331164,0.633528059627276,0.00088502182564414,0.0118730479427395
" 1626",26,1.05682311597199,0.39402142146114,0.000559295473059734,0.0100810256492996
" 7926",59,1.0557777890521,0.220306023541676,4.8838126394529e-05,0.00892807346907177
" 2719",45,1.07772206928406,0.325682045607726,1.30165582074971e-05,0.009830560618382
" 6893",35,1.14329151008836,0.299502497813041,9.89258423769776e-06,0.0101797280976091
" 6581",43,1.25621075614628,0.382672737851279,0.000906056583707455,0.0116380110756337
" 6912",84,1.04742633559796,0.10375667522455,0.00013391435083873,0.00858680199907074
" 6995",25,1.13132820838056,0.279314845425011,0.000419237306747065,0.0107039946585932
" 7011",29,1.03387848287952,0.256212130276328,0.000101008491690177,0.0107871848410538
" 6839",45,0.920491184425888,0.120698428727144,0.00261372488806541,0.011060650016245
" 6796",51,1.05846951999517,0.122282864037417,0.0004415216543983,0.00971764512945996
" 8373",57,1.15855184061303,0.333064254756029,0.000213471554602952,0.0106214274147132
" 7257",44,1.08983050443745,0.277346485839896,0.00540843200144786,0.0127947127139729
" 7864",59,1.0249978566875,0.219308690007991,0.000187542570653618,0.00909032653848504
" 1472",28,0.69792087963981,0.282108745942042,0.00121314322493873,0.011857081460127
" 1594",32,1.02686591412168,0.37580128287433,0.000116836626470494,0.00988210514659121
" 7286",70,1.18138421048874,0.351155146228301,0.000382999208697393,0.0105381067568212
" 7528",62,1.26985876716743,0.44146581313783,0.0026454852900917,0.0123545372236618
" 7163",49,0.801905684050145,0.237870096062611,0.000600427796995424,0.0112810123210073
" 2724",49,1.07607839098456,0.32645014078916,1.3328955604477e-05,0.0098206244369987
" 6582",42,1.21470612120028,0.362166329905529,0.000612923692874622,0.0115796492162892
" 6797",47,1.08097752317023,0.117474180582228,0.0016919443020433,0.0108242995227214
" 6913",58,1.03846422125251,0.0985677131433645,0.000197747552288295,0.00894545002755915
" 7092",31,1.08813493618035,0.263388154519049,0.000870235015520423,0.0111075550665108
" 6997",26,0.952587425555695,0.234999624868118,3.22810643545927e-06,0.0105952438112622
" 8359",62,1.21479490354765,0.358747334113001,0.000332494962852305,0.0107433207132151
" 1603",29,1.05069061804575,0.388164914236467,1.11421738256175e-05,0.00964800051372264
" 8891",48,0.989657485533907,0.0925727717151858,0.000204412030090534,0.00938563244885915
" 7532",65,1.19838800348979,0.358399101649346,0.000439022475222461,0.0106724094215824
" 6954",77,1.09945334423397,0.153130907332526,0.000279699802762697,0.00970152515930534
" 2748",49,1.07196001031965,0.323893036767428,4.89422588601889e-06,0.00979478070949583
" 8124",42,0.712541169625393,0.194621719028515,0.000145889584389627,0.0104519846306912
" 7071",48,1.10897054678395,0.367265097010941,0.000390496746224912,0.0116452613774174
" 7753",38,1.08522197047509,0.247887807258898,0.0048624654839926,0.0129541280755853
" 6993",23,0.954205914941367,0.170200368332334,0.00536084346464125,0.0118974276577122
" 8692",64,1.04198838150548,0.103122567555797,9.90299748426376e-05,0.00835040134212602
" 7102",65,1.00164470864059,0.0984117878702259,0.000224093066100269,0.00845792384604342
" 4222",62,1.44559519503346,0.745526448226245,0.0032675726399444,0.0128069213631406
"  174",40,1.23609489059074,0.524288418687746,0.0006194840382112,0.0117133139969103
" 6569",58,1.11946813832537,0.288359972581268,0.000877732553047942,0.0114014927452727
" 7288",70,1.22189997571512,0.367104275351316,0.000419966234006685,0.0106460572491459
" 6953",69,1.03386260539955,0.132295275398278,0.000698832977044102,0.00989753578519645
" 7755",29,0.929906643741792,0.2066640602821,0.0103064066562305,0.0131848668800474
" 8410",65,1.0219565328154,0.0761906095394311,1.57240023146564e-05,0.008455794621457
" 8182",46,1.20663010568966,0.575119140580603,0.0026418406537936,0.0114217369379348
" 9359",66,1.01127767055762,0.0675593783076341,4.72761394096293e-05,0.00879553995061302
" 6565",41,1.1990857812552,0.406986214949254,0.00128978471966447,0.0120824783803401
" 8333",41,1.18404383256024,0.453277524789021,0.000274180782082718,0.0109988430001019
" 8657",49,1.09394059711724,0.119754070937021,0.00061927577327988,0.0103400034977644
" 8689",70,1.0277182651209,0.0685895336176164,8.4347297184581e-06,0.0078193160234212
" 7558",59,1.1841636882548,0.279596400352095,0.00053170036965984,0.0111127776904947
" 4157",42,1.2210386076618,0.343402513570524,0.000550964875806935,0.0119373582564362
" 9147",37,1.01256791130474,0.0753244853268681,0.00327309166062438,0.0109705958332407
" 7557",66,1.13094972051571,0.268170352180763,0.00048890192627359,0.0110969562233487
" 8700",59,1.02389519312834,0.0752339175999776,4.19653836609705e-05,0.00856554387526296
" 8278",42,1.02345630023713,0.134822564979159,0,0.00820075922116982
" 7581",44,1.06078622942783,0.148913688221161,0.000235339372391547,0.00974204210159636
" 8887",43,1.18478074980733,0.401176117567629,0.0008840846334532,0.0118530148225746
" 9050",18,0.900611680338599,0.182757122581663,0.00491869701544899,0.0120175661122577
" 9076",41,0.941817909647948,0.287037945330612,0.000713515654702159,0.0116030413868768
" 6323",56,1.28525730896522,0.631283249431217,0.000782867876831703,0.0114836331877716
" 8701",65,1.02101972963574,0.0669334412544711,2.39504671017946e-06,0.00765648681348245
" 8286",40,1.02218266449016,0.133698218403893,0,0.00820128746007265
" 7587",37,1.0040111143901,0.126697410132286,0.00070830903141916,0.0102838883132534
" 8912",53,1.06194577384976,0.08569652262977,0.000965932751461942,0.0103012731666691
"  580",34,1.07238762651678,0.492298223925509,0.00109359915436107,0.0120244381984159
" 7614",49,1.19592527528799,0.394705864053729,0.00088398050098754,0.0119089149780661
" 8290",40,1.01699595363853,0.128634787958551,3.12397396979929e-07,0.00851572621440248
" 8252",38,0.846811779644957,0.245895090787285,0.000511706936253124,0.0107785944779803
" 7735",32,1.2275527439752,0.364370812046742,0.000547632636905816,0.0113992044582425
" 6736",55,1.09789133839289,0.355862256006017,0.000547840901837136,0.0110189776119381
" 6846",45,1.03055326533519,0.286017358853712,0.00105205030056274,0.0115199442579205
"14250",40,1.31484641365325,0.549235919839702,0.000977907985012839,0.011913884047748
" 3426",20,0.813652820810925,0.169790335656986,0.00200413343409191,0.0116732150773568
" 7744",56,1.0205642942066,0.0719985987875803,0.000108922559080335,0.00964016798057326
" 7615",41,1.12878584128235,0.350999802855317,0.00187542570653618,0.0119514116885609
" 7722",41,1.00547571060055,0.282899973077222,0.000699770169235042,0.0111362093019257
"14231",49,1.25714935375626,0.518829058755697,0.000720492529901377,0.0118484220149103
" 8415",59,1.04830696176881,0.105669548256422,5.93555054261866e-06,0.00769715899425412
" 7648",23,1.00512681587709,0.210704364581925,0,0.00989638110640847
" 7303",78,1.13201439706926,0.305792408008028,0.000262830343325781,0.00985179753061946
" 7551",66,1.05795523826305,0.290461062602706,0.000877420155650962,0.0102611893011272
" 4685",24,0.835372257461356,0.482907619242065,0.00176015106705058,0.0123792291129806
" 6638",32,1.02654335044143,0.241650733419033,0.000121522587425193,0.0104695938339898
" 8992",78,1.03234885737763,0.0690417016004107,1.97851684753955e-06,0.00823144308935096
" 8421",54,1.04511187934198,0.103504865928739,0.00026470472770766,0.00840317706012166
" 7935",62,1.03621975376654,0.113729064379585,0.000124021766601032,0.00999143885146998
" 6644",35,1.06596999892648,0.239372161541445,3.81124824315514e-05,0.00982844547546813
" 6750",51,0.917994529055973,0.250340497938131,0.00107069001191588,0.0111991062216222
" 7943",60,0.997868833794195,0.116962464627243,0.000200975658723755,0.0100511404821621
" 6968",60,0.961880051858809,0.165030292986583,0.000809734052971977,0.0108931096276367
" 8616",43,1.19974829044749,0.269767340899452,0.000241483187865485,0.0107339942478314
" 7790",80,1.06070756295767,0.141707808864713,0.00070966275347274,0.00979010138831209
" 8609",45,1.19667298384357,0.268589576505429,0.000364880159672558,0.0107429458951584
" 4694",21,0.888875919636656,0.489401200524246,0.000384977725544933,0.0117502402995036
" 4729",52,1.09103858242459,0.394787714640844,1.11421738256175e-05,0.00900795252652168
" 4561",54,1.22164077952894,0.518523866912965,0.00105652799658612,0.011570917605877
" 4563",43,1.21185820326037,0.467729046121187,0.000518996208849323,0.0113019007844611
" 7260",45,1.21646024764736,0.385841752696792,0.000318853609850848,0.0116168474018099
" 6755",64,0.936130974195516,0.130227993015515,7.69538921227226e-05,0.00992285551145742
" 7816",43,1.04913847442904,0.196302882877688,1.61405321772964e-05,0.00895103484824285
" 8727",86,1.0635070464028,0.156628447737629,0.000257207190180142,0.0099336093521024
" 8962",30,1.13791408179828,0.342371188072822,0.000410073649768987,0.0107586872399516
" 7542",68,1.23184966037353,0.290928552936557,0.00152272904534584,0.0111211524546646
" 8775",38,1.06839857104251,0.221687580006707,0.00933630860614217,0.0127243695566839
" 4555",43,1.07163808552162,0.413339886858525,0.000546278914852237,0.0114389438751752
" 8354",66,1.11442178576186,0.27604636994342,0.000570958309213651,0.0105392623870916
" 8733",100,1.05300595141409,0.14610433787644,0.000459432438491816,0.0101228731918673
" 8667",51,1.07871410037242,0.102378888163947,0.00135861627946571,0.0101651817429236
" 8400",48,0.991731037579934,0.104123818815815,0.00447821668570729,0.0119416071215627
"  417",32,1.0511509295917,0.371544518677096,0.000179732635729119,0.010009270076734
" 1677",15,0.907862355661596,0.156807525417917,0.011139258116579,0.0133933647279754
" 4782",50,1.09141475839624,0.397816901979364,2.82198981938536e-05,0.00903896795013824
" 7120",49,1.08217517723985,0.121976344577178,6.31042741899457e-05,0.00971463480537309
" 8925",50,0.972458988846803,0.086616474149671,0.000278033683312137,0.00979130800250768
" 8386",49,0.940618666757781,0.248831977960107,0.00668426297071389,0.01272678567975
" 8358",79,1.16769039246999,0.276303326167928,0.000559712002922373,0.0103616764542318
" 6809",28,1.10386814602266,0.314620917989786,0.00263652989804494,0.012510275324121
" 6944",43,1.13217046944138,0.275419606091032,0.00275170040506488,0.0123647355099126
" 7341",58,1.10873780660428,0.32610164959497,0.00104257424618768,0.011681452046908
" 6964",59,0.988956445590554,0.147139712870755,0.000814107616529696,0.0104119315673798
" 6128",56,1.34430157740669,0.638925393628008,0.00280345424049789,0.012396102817118
" 6178",51,1.28593692843047,0.685493155506442,0.000744442997003172,0.0119193247514495
" 1488",44,1.15541815105232,0.426237590849369,0.00183231486575295,0.0108319934039728
"  421",38,1.10636180462845,0.401477209723643,4.83174640662291e-05,0.00992502435235014
" 8927",41,1.01403029303895,0.0912699782622601,0.000722054516886277,0.00993204258200646
" 6790",59,0.9409441967625,0.243473570670219,0.00074985788521749,0.0112764286544284
" 8355",73,1.09093596704848,0.254746978949344,6.03968300827864e-06,0.00967095684209171
" 8392",48,1.02776962166,0.342662940358459,0.00300672081346616,0.0125860622698139
" 2621",68,1.13922216963721,0.398656461452437,0.000170152448888402,0.0103218320479599
"  303",35,1.1116897944756,0.400839765741153,1.94727710784156e-05,0.0097670945300321
" 8926",40,1.03288263382425,0.0940466948352386,0.000374460346513275,0.00980060478714742
" 2755",67,1.05667353494994,0.387330191232512,0.00035373798584694,0.0103060209465697
" 7568",46,1.14389898165056,0.287957122849892,0.00182106855946167,0.0116876107035824
" 8681",66,1.31097648837917,0.370549175159414,0.00199444911478553,0.0116797412052186
" 8651",43,1.10662894254365,0.424800039640775,0.00254520572566114,0.0123810322117165
" 9069",17,1.08250931452985,0.105975978861557,0.00642768057532771,0.0119284206312389
" 9511",20,0.77238975011627,0.116140128740832,0.0108439384439673,0.0126826532104337
"  231",40,1.21262534841677,0.529474956723258,0.00172807826762731,0.0120958643361813
" 3814",34,0.827524441346212,0.18432582747815,0.00401389002132945,0.0129092974276802
" 4457",44,1.15166774710125,0.517060969083488,0.00199674002903005,0.012338601901476
" 6834",47,1.09270500480937,0.214002601928181,0.00104361557084428,0.0104832436535524
" 9626",12,1.03438776225806,0.185627024111856,0.0144973218691819,0.0131630171814874
" 8272",71,1.02050812554775,0.0991530708578144,4.71720069439693e-05,0.00819188350702623
" 6826",47,0.987885398618766,0.218854628339251,0.00176108825924152,0.0108123887597203
" 8070",58,1.11120882167143,0.356358781832159,0.000122980441944432,0.00905202449918644
" 3947",55,1.17259994391929,0.316069232280654,0.00200590368600813,0.0118746575138254
" 7041",55,0.765432242688562,0.174613211280821,0.00126791690187587,0.0110932053966072
" 8073",63,1.1068283454217,0.360024377965736,0.000246065016354524,0.00936033822876356
" 7773",56,1.05131783529446,0.298861049272655,0.00026335100565408,0.00962456468789372
"  491",39,1.13518218674121,0.460320894384171,0.0040644983996402,0.0124625855865437
" 8274",66,1.02040556303862,0.107588117264986,0.000129436654815351,0.0088660991118785
" 8202",43,1.22804661646368,0.592892053878993,0.00251750648979559,0.0114189110370105
" 2946",54,1.06377692852734,0.354528904510104,0.00162696564347147,0.0109183597155756
" 8310",41,1.18536958105834,0.402023688986335,0.0015061719833059,0.0124631642694272
" 5405",35,1.14489174776811,0.54886934157884,0.00183554297218841,0.0122615672308635
"  723",43,1.11773809462224,0.440451869431998,0.000149221823290746,0.00991346505637638
" 9181",55,1.01375586859528,0.0672258473451876,4.99835835167887e-06,0.00885608111753622
" 8449",39,1.11805266112264,0.309933857184157,0.00128634834829769,0.0115070562745224
" 9062",50,1.18459915141008,0.360994481228505,0.0009722848318672,0.0114049563499029
" 9271",34,1.11873550269924,0.170852452491539,0.00453017878607162,0.0116377721049897
" 5416",49,1.28935730858282,0.557096035786706,0.00100633614813801,0.0120374753518432
" 1535",41,1.2283202538209,0.434997351216626,0.00277273516312819,0.0118864708826651
" 2902",35,1.16067708504337,0.404476203072981,0.00143223793268732,0.0116398071840856
" 7533",37,1.02948510787728,0.126864771565119,0.000298860176444132,0.00988115042197287
" 6920",51,1.20126031894813,0.283470725090225,0.000200246731464135,0.0104052499543014
"  759",52,1.19714117621784,0.452467943234796,2.02016983380354e-05,0.0099714647566592
" 6829",38,1.18112214444617,0.249260088229404,0.000893873085225238,0.0110654758898834
" 7626",31,0.913481013147307,0.250808979265207,0.00325070318050749,0.0126790638903285
" 7777",31,1.17311871930256,0.348099833109122,0.000464534929309155,0.0110380525619669
" 7779",45,1.07203998660429,0.269847676169313,0.000629689019845878,0.011366391160782
" 7149",66,1.06064028205927,0.0833340901215651,0.000386123182667193,0.00906292103956101
" 8338",52,1.00957137232996,0.0924718706894591,0.00137413201684905,0.00987513902103072
" 9177",44,1.0699223809002,0.31885302815836,0.00197237303206561,0.0120919193391622
" 9320",59,1.08404256508761,0.113192105328684,0.000533678886507379,0.0102824109509083
" 5408",42,1.15819019429854,0.53841999140543,0.000143598670145108,0.0118207995546399
" 4829",69,1.24809911219513,0.440859274027177,0.000677069291721167,0.0103806456782216
" 6793",55,1.08687449587217,0.152607984603477,0.000249501387721304,0.0110852740959328
" 9308",52,1.04819970846804,0.105249467357706,0.00123626063231524,0.0104127188873405
" 6838",27,1.02248953955596,0.199743850369639,0.000144223464939067,0.0111726275937958
" 7778",36,1.1480078809454,0.350705719782316,0.000244294764438305,0.0107420725647312
" 8842",25,1.16843827962907,0.219847680597405,0.00224780340373625,0.0117793976029129
" 5450",39,1.04825808066314,0.456871185535471,0.00163071441223523,0.0122913506669944
" 6792",48,1.40591438080946,0.189331918322537,0.00401482721352039,0.0116511638411515
" 6571",59,1.29673701769143,0.612848118953063,0.00181315449207151,0.0125952904475779
" 7781",26,1.08995352924469,0.329392177812818,0.000110484546065235,0.0111098704482537
" 7387",47,1.11639863200481,0.293883401902922,0.000159843334788064,0.0101366171437318
" 7823",31,0.970171665511546,0.162699782659745,0.00413926550998407,0.0120149183328118
" 7975",71,1.02577919953938,0.285299109179222,0.000227633569932709,0.00993847879046196
" 7295",49,0.995256922264741,0.140162484357243,0.00198851356424291,0.0111758555359237
" 7800",51,1.06779370473292,0.269986462875877,0.000736945459475654,0.011431872166389
" 8677",65,1.04643451120253,0.129384533994519,0.000390496746224912,0.00921953586089656
" 8843",19,1.07387895968169,0.20108235025611,0.000602718711239944,0.0115319167156215
" 5396",49,1.15056269917811,0.512928982631723,0.000834309314867731,0.0120390772717601
" 8810",53,1.073035356428,0.266938930753905,0.000105173790316576,0.0103259418056112
" 7844",29,0.619385598784787,0.145802904279985,0.00104403210070692,0.0113882813333919
" 7801",51,1.11132519154943,0.285981860755575,0.000875337506337762,0.0117177707660341
"15526",45,1.02667126286061,0.274084041668875,0.000505354855847866,0.0113318341055309
" 5454",46,1.02521908302224,0.422960225009002,0.000320519729301408,0.0119215581971215
"  906",39,1.15572150443819,0.452286797517085,0.000197539287356975,0.0112260576038987
" 8811",37,1.06514685529421,0.258457820024914,0.00048567381983813,0.0105158956545712
" 7741",43,0.984150116055961,0.141580321657961,9.00745827958796e-05,0.0094477336203508
" 6696",38,0.872758938567635,0.23772533805666,0.000825249790355314,0.0113226261963527
" 8320",57,1.07006274481884,0.161688510483415,0.000282615511801176,0.0100763981852141
" 7805",49,1.05611507994671,0.265140917473627,0.00022076082719915,0.0111293315611386
" 7622",39,1.08301589936631,0.244928476815497,0.00223832734936119,0.0117586921231377
" 9233",29,0.804944740319931,0.0841729805054868,0.0015850002598105,0.0102313276431122
" 4710",60,1.07103398699553,0.389294200483913,1.04132465659976e-07,0.00884041346095146
" 7062",57,1.05897741296466,0.273485586353326,0.00182460906329411,0.0118679026515579
" 8812",37,1.05693043728506,0.254778413579687,0.000358215681870319,0.010532933190775
" 8321",59,1.0525623395864,0.148688009723563,0.000124021766601032,0.01021316519316
" 9235",26,0.842614518768648,0.0784598991366799,0.000697999917318822,0.0100692683226025
" 5451",41,1.00938576098977,0.406614156052285,0.000615527004516121,0.0117855248533341
"  264",37,1.12553863868038,0.408779265210305,0.00118138282291243,0.0109435117171009
" 9082",61,1.09972007292963,0.125721589388369,0.00102018576607079,0.010131236368564
" 8314",53,1.00616082163517,0.302188896494377,0.000830144016241332,0.0117101435218737
" 8943",62,1.02593204731623,0.0791044186541657,8.851259581098e-06,0.00805790531452345
" 7629",63,0.995105597468637,0.21738059167782,0.001774417214846,0.0116222857580625
" 8377",55,1.0136534333744,0.299831774725622,0.000809838185437637,0.0110178411061538
" 7021",19,0.409073739831315,0.0667929017456348,0.000600740194392404,0.0109554192555547
" 7052",43,1.08570067100121,0.184252520489211,0,0.00874857543737488
" 8950",51,1.01729619726958,0.0777791083130132,0.00079453071298562,0.00922962720000848
" 7061",28,0.593971919366561,0.156180923341994,0.000380500029521554,0.0108915722553194
" 7067",39,0.765954009815563,0.229720302985483,0.00167143020630828,0.012042941746928
" 7019",24,0.605412622806673,0.0884273920638097,0.00100591961827537,0.010933386556018
" 5446",34,0.976448880191595,0.399807458554826,0.00113556453802204,0.0121700568656345
" 6241",47,1.32398899211063,0.680438637271831,0.00137621466616225,0.0118467008801599
" 7043",42,1.07992805598664,0.182718388995351,0,0.00881916684193557
" 6884",41,1.08400141219005,0.294593805091595,0.000612923692874622,0.0113321870161309
" 8652",14,1.09367208534916,0.272012038418846,0.00247699896065386,0.0121946029088523
" 7165",58,1.06728622838997,0.280234705126469,0.000273035324960458,0.0102738890752365
" 9108",43,1.12443775028893,0.461368787644323,7.24761960993436e-05,0.0104668791020878
" 5665",82,1.10450939271459,0.236167854875517,0,0.00957122462607881
" 7047",44,1.0830751769892,0.183790606869097,0,0.00885165966734852
" 6564",33,1.10303391084159,0.348222906442493,0.000277408888518177,0.0116360571165363
" 7783",94,1.07294941297068,0.192618207561978,1.7702519162196e-06,0.00924177480265192
" 8411",52,1.16829397850932,0.184594297141472,0.00486309027878656,0.0120468757713817
" 8118",54,1.0837188404996,0.333140022519998,0.000155261506299025,0.009374434851085
" 5658",77,1.10260945405624,0.233119439824464,0.000100383696896217,0.00975104240019572
" 7042",45,1.09961055966746,0.191748916097724,4.16529862639906e-07,0.00888866330823509
" 6566",28,1.0510049324488,0.310168247446725,0.000915324373151193,0.0117559999589421
" 7782",92,1.07209493418986,0.190936001937258,4.39439005085101e-05,0.00915885104813179
" 8649",40,1.07813571522895,0.384966386092414,4.21736485922905e-05,0.0107004847998102
" 8172",50,1.08707715623307,0.333166746376137,0.000630522079571158,0.009596679895974
" 8260",80,1.04279808664772,0.120523004759372,1.04132465659976e-07,0.00760076779904911
" 5670",82,1.10318537588777,0.233957025736179,4.63389472186895e-05,0.00965053043560886
" 2753",29,1.14406108489759,0.372812076531786,0.000953228590651425,0.011118131267074
" 7025",43,0.917572174698839,0.157226592924729,8.861672827664e-05,0.00868473533159571
" 7059",36,0.652362381100723,0.12103649499638,0.000149430088222066,0.00990337834918086
" 7789",78,0.893404753527008,0.168409000846032,0.000135268072892309,0.00900855777448754
"  496",29,1.05834940414696,0.45465479836298,0.00112775460309755,0.0122201320849973
" 8143",55,1.0392173829928,0.320071099254578,0.000321977583820647,0.00988255992681169
" 5666",78,1.09897780547136,0.231524729680397,1.13504387569374e-05,0.00976645653985484
" 7792",63,0.92929507460496,0.17871348318057,0.00185397441861022,0.0114679558956527
"10731",55,1.15346323794717,0.289422557211419,0.00222093722759598,0.0121090068066208
" 8353",44,1.13870323119904,0.39132382826048,0.000118294480989733,0.0108326413998389
" 9068",81,1.16724876817137,0.278407282031139,0.00190697784363115,0.0113085790059963
" 8982",79,1.03576378955796,0.0695383402678321,6.24794793959859e-07,0.00734817702466197
" 9175",48,0.990133564216995,0.0637335864734265,1.82231814904959e-05,0.00869686653441496
" 8405",42,1.06166589703637,0.108037698840689,0.000644059300106954,0.0108044433236158
" 9429",70,1.15485341804302,0.124292679218528,6.49786585718253e-05,0.00917944076389439
"  697",46,1.07458840145464,0.41088023093848,0.000338326380929264,0.0102817894162502
" 8993",55,1.01606489167018,0.0830939521775079,0.000199830201601495,0.00934731838093371
" 6534",89,1.00142178826962,0.127579273223761,0.00031135607232333,0.00868460221778914
"10746",53,0.878603983882942,0.166623863006325,0.00166403680124642,0.0115978853593379
" 8186",25,1.08529152571445,0.302846834876202,7.24761960993436e-05,0.0108635034906846
" 8662",44,1.111355868408,0.373162473675447,0.00128843099761089,0.011254643038186
" 7151",52,1.02862970591845,0.293871080762816,0.00125156810476726,0.0115602212840711
"11504",50,1.12243789161741,0.421117791305855,0.00242003850193785,0.0123069338132322
" 7565",52,1.13689776243595,0.309749663366438,7.16431363740638e-05,0.0108722021616876
" 8908",40,1.18237650771579,0.250206471394108,4.02992642104109e-05,0.010403158159194
" 6820",75,1.00665373760275,0.111849515130554,4.10281914700307e-05,0.00900310527176126
" 7063",71,1.15387476907742,0.271226088947554,0.000112671327844095,0.0102175934183162
" 7555",32,0.943759760292589,0.255242394835624,0.000505979650641826,0.0110166029418922
" 8907",37,1.16375054773814,0.240988100949892,4.93587887228288e-05,0.0103821730235405
" 8086",57,1.0905796862635,0.385284766040116,0.00191270512924245,0.0104342024332962
" 4420",61,1.1894959537878,0.266029610522164,0.000816710928171195,0.0111706037621658
" 7746",32,1.15129947546364,0.31208871479003,0.00131810875032398,0.0113189236398534
" 7162",50,1.04095919119983,0.285667337201075,0.000685608153905285,0.0111582794085084
" 8675",39,1.21644763471466,0.33523379837233,0.00282959148937854,0.0121980540039856
" 9378",54,1.09802027225494,0.107579956102135,0.000346552845716402,0.0102595347040937
" 6805",45,1.07779471372366,0.329319498368694,0.000378625645139674,0.0107463860263555
" 6906",34,0.773362418713361,0.213293284561056,0.000257103057714482,0.0101883309936546
" 9008",41,1.15375901358726,0.385849914051561,0.00379896061220726,0.012520470064334
" 7749",30,1.09108076598475,0.309100251794572,0.000195248373112456,0.0105768450603589
" 8780",26,1.05192398322136,0.203583812305471,0.00093073597806887,0.0113093889978019
" 8407",60,1.30730952744041,0.397472052143003,0.00427953194122805,0.0130862073216794
" 6824",49,1.23160867754313,0.37281677689999,0.000741943817827332,0.0111570853628365
" 7617",66,1.01900472780151,0.109306736263167,0.000558983075662754,0.00934628753681873
" 7928",57,1.17435189133878,0.320152957766621,0.000226696377741769,0.0104043468729261
" 6941",75,1.20088819219462,0.314425673956382,6.41455988465455e-05,0.00997534302951498
" 7196",53,1.20930391337752,0.28966046876378,0.000955936034758584,0.011008815614562
" 7129",18,0.503033880402416,0.113828533484527,0.000782763744366043,0.0110513640909933
" 7098",15,0.273403544895395,0.0575188145056987,3.0823209835353e-05,0.00963655623789362
" 6859",64,1.17866681393975,0.316592385517782,0.000167549137246902,0.0101597023017466
" 6988",40,0.892569606440047,0.232263337377233,0.00105538253946386,0.0115660767951941
" 7549",45,0.750720511848093,0.211183015116109,0.000504209398725606,0.0114711137791146
" 8414",39,1.09762784440338,0.325149704785466,0.00624242891891861,0.0130497563012956
" 6823",43,0.908940464038153,0.266390411830882,0.000953332723117085,0.0109552859108038
" 8717",59,1.07452242734931,0.0917175669580188,0.000100800226758857,0.00897181650604362
" 7174",50,1.182292109882,0.303226428787507,0.000737882651666593,0.0108155861067322
" 7135",15,0.505991144896162,0.14427426419678,0.000834934109661691,0.010959899532711
" 6940",74,1.19829873255584,0.320635132532781,1.80149165591759e-05,0.00982950968808727
" 6858",58,1.0645157554742,0.301493332825037,0.000430587745504003,0.0107554784362063
" 1093",26,1.16025029095742,0.486684205155604,0.000391642203347172,0.0111269749096249
" 4570",51,1.15604864688269,0.451789792243442,5.7376988578647e-05,0.0110210679114154
" 8445",56,1.03859188715116,0.107899145163747,0.000101320889087157,0.00869806924125357
" 9127",53,1.00690891467129,0.103706744365533,0.000922092983419092,0.0101933787496227
" 6574",29,0.921658196355124,0.453323793913599,0.00173349315584163,0.0124215469692246
" 7577",27,1.18039650908151,0.35083321195067,0.00525452421720241,0.013299400995844
" 8010",43,1.00970119747949,0.13610991198153,1.04132465659976e-06,0.00843224873946969
" 6789",65,1.05897836489351,0.108401308134226,5.01918484481087e-05,0.00905636242018176
" 7177",60,1.11901743787641,0.302065170657325,7.93489388329021e-05,0.0101839026857249
" 6937",57,0.977803203410995,0.255302860240222,6.25836118616459e-05,0.0100465689026495
" 7058",45,1.17724640373955,0.325406817110657,0.000767560404379687,0.0120546095570632
" 6888",51,0.947142578305556,0.271490920731969,0.000693938751158083,0.0117225034092022
" 6998",31,1.14421092625641,0.290775759805162,0.00357257663186247,0.0122876115573354
" 6981",30,1.14090365664825,0.253880118995935,0.00130623764923874,0.0116264253726894
" 7590",63,1.03289667644883,0.269673431792455,0.00119793988495237,0.0114608269771709
" 6950",30,0.725020516602448,0.16152000030716,0.000417779452227826,0.0112275200605306
" 7765",59,1.05984769474097,0.19360495875392,1.04132465659976e-07,0.0085147770687651
" 8026",42,1.00997315015063,0.137267661845767,8.45555621159009e-05,0.00873838331977225
" 7018",44,1.10029878174979,0.297610050134158,0.000803798502429358,0.0118597801478243
" 6967",41,0.941652588242411,0.227133684740887,0.000313646986567849,0.0113118266490441
" 7767",54,1.05353586814928,0.19471876161449,0,0.00849857944616868
" 7809",30,1.1188360261235,0.330861747908633,0.00126271027859287,0.0113234357801776
" 8379",37,1.02300949304574,0.138459639750939,0.000147868101237167,0.00935644796205427
" 7824",43,1.11360683515783,0.272118781238577,0.000767976934242326,0.0115670862597428
" 3289",42,1.11675001713241,0.387040874375126,0.00112077772789833,0.0109318112618219
" 5766",85,1.0837682577891,0.202455850762583,3.12397396979929e-07,0.00864559083422225
" 7055",42,1.08093899218429,0.192352555912158,5.41488821431878e-06,0.00903431586661932
" 7764",53,1.05817951758809,0.195717709612351,1.82231814904959e-05,0.00851055240447257
" 8371",73,1.10194878281659,0.244993394603131,0.00162446646429563,0.011609119202064
" 8827",57,1.08370399005024,0.29072753927896,2.08264931319953e-07,0.00887514720702928
" 5899",24,0.549816109093571,0.0875328381065602,0.00179701395989421,0.0119688607105229
" 5773",82,1.0831209435516,0.201247363867802,8.33059725279812e-07,0.00865995100926375
" 7761",56,1.04964589446501,0.186141969275477,6.2062949533346e-05,0.00854010960778365
" 8693",71,1.02350221869774,0.0661173415119358,0,0.00772653453771595
" 7429",54,1.15051508777872,0.323318514699023,0.00075391905137823,0.0114625258903703
" 8823",53,1.08185920784154,0.284522812394971,3.01984150413932e-06,0.00920306162678163
" 8417",28,1.05632137546119,0.213897630215158,0.00135445098083931,0.0115350459065959
" 7138",41,1.00972964880797,0.133176335042737,0.000873879651818522,0.00986651226935866
" 7247",53,1.01002422540412,0.348741454095588,0.000410281914700307,0.0109530140562068
" 8335",44,1.16206225797049,0.458318067227886,0.000364151232412938,0.0108127751186426
" 5130",23,0.824979960913904,0.207855525888309,0.00111432151502741,0.0115055642721458
" 8858",29,1.07752921409613,0.313408145343015,0.000285843618236635,0.0110062916809341
" 5769",85,1.0815486692894,0.200969789153055,7.28927259619835e-07,0.0085954010567014
" 6870",53,0.891641212720884,0.240711516512469,0.000365192557069537,0.0109601687610138
" 7127",54,1.07891815778769,0.126292142670148,7.91406739015821e-05,0.0100176730253349
" 8087",48,1.06533476247355,0.323983506978135,2.2284347651235e-05,0.00891295691372677
" 8854",26,1.0318213022302,0.302634385388522,0.000712057800182919,0.0113075759064491
" 5778",82,1.0718787272551,0.198692403064482,1.56198698489965e-06,0.00878405344828472
" 7585",45,1.07797270467912,0.156759387981745,0.000452039033429958,0.00978170676301545
" 9405",52,1.02378362214178,0.086589226222277,0.000197018625028675,0.00910068762046689
" 9352",58,1.01799962812434,0.0723775102303937,1.16628361539174e-05,0.00862356725679259
" 8237",37,1.01458817243795,0.321374213247262,0.00057335335592383,0.011214197324145
" 7907",30,0.846429964482682,0.29011374213161,0.00035519584036618,0.0111386485555063
" 5084",53,1.10961474847748,0.362919733202855,0.00100342043909953,0.0110491664862286
" 8167",51,1.26549526648968,0.659196451391736,0.000763499238218947,0.0116639016686864
" 8074",51,1.07019969291382,0.328814785163704,1.87438438187958e-06,0.00890477564650814
" 4394",46,0.899037750759152,0.447937424551911,0.00288551062343795,0.0124558657422958
" 5700",56,0.949452277179028,0.175224580844997,0.0015181472168568,0.0115271518493517
" 7574",45,1.04590862649913,0.141982838820692,1.04132465659976e-07,0.00862154893078303
" 7144",13,1.00173407351909,0.199454020631445,0.00162509125908959,0.0116884862826509
"  515",34,0.795618235790399,0.258912604519739,0.00256863553043464,0.0116492406138697
" 8140",55,1.13713666532004,0.347934020496923,0.000292716360970194,0.0098524087868187
" 8064",58,1.05260028242018,0.325197093592975,4.06116616073908e-06,0.00810583759639565
" 4494",69,1.11366668284648,0.432874472424942,0.000286260148099275,0.0106502429430671
" 9355",47,1.01011805965165,0.0764854792795653,0.000921884718487772,0.0104434118949131
" 8332",25,1.03404264997221,0.0845166898077332,0.00610945176027082,0.0118367746618073
"14346",30,1.00946215685353,0.268638650926565,0.000199205406807535,0.0110585064057666
" 8786",16,1.0533542254577,0.14406791019368,0.00075266946179031,0.0103095599523619
" 5096",50,1.15776580192107,0.379296923302766,0.000860967226076685,0.0110362782332248
"14336",26,1.00246755243286,0.276436567874358,0.00013370608590741,0.011033280364807
" 8783",12,1.00098821300013,0.12088987045578,0.000273139457426118,0.0100426157913243
"  579",40,1.00410673977343,0.275600828600396,0.00103236926455301,0.0114589082904195
" 7645",29,1.03961229726474,0.224734566146871,0.000154740843970725,0.00990181364854429
" 8468",50,1.03940107588394,0.0830823738561744,9.68431930637781e-06,0.0100445202969457
"15852",52,1.16768574086,0.278316138894916,0.00157489941064148,0.0116782742011553
" 5102",37,0.984551083005646,0.281444880008593,0.000747879368369951,0.01125521855411
" 6915",36,1.08787151402823,0.254282303494567,0.00126395986818079,0.0117819406927099
" 6648",34,1.07750084407986,0.246390542262011,2.31174073765148e-05,0.00986317443441581
" 4509",78,1.02416626273782,0.137284634014784,0.000147451571374527,0.00898813069475259
" 9493",58,1.06947769917496,0.105671336957383,0.000400805860325249,0.00973582684809452
" 9149",55,1.22639026099711,0.367262646726345,0.00843879088461883,0.0132031194409393
" 8469",37,1.03808885949916,0.0839315741492654,3.94662044851311e-05,0.0104104814504894
"15847",55,1.13178056085486,0.281123186365525,0.000259498104424661,0.0113463503429491
" 7459",72,1.0301573097112,0.138988212115998,9.58018684071784e-06,0.00783067556451139
" 8959",26,0.977955434763078,0.296959911307064,0,0.010550058163796
" 8805",56,1.05718283605737,0.130561773926906,0.000472032466836673,0.00966801987771038
" 5117",28,0.861878832507785,0.221593285573948,0.00102403866730021,0.0114840132567014
" 4720",51,1.06639213657488,0.38823301282606,1.04132465659976e-07,0.00869990693575985
" 7455",80,1.0333085923177,0.142500000176334,1.97851684753955e-06,0.00753649507926835
" 8495",77,1.029589934152,0.118090858212644,4.06116616073908e-06,0.00795791613971948
" 2517",49,1.13662402242517,0.337411780515801,0.000728302464825875,0.0108348858011447
" 8806",38,1.01163798231824,0.0996229039180449,0.000877211890719642,0.00959560588807586
" 7443",32,0.947971450364346,0.149641130499857,0.00853636300494223,0.0130886676481998
" 7310",39,1.28313637789611,0.203138607747439,0.0119847096052724,0.0130123866337375
" 7322",26,0.884561147823097,0.148765745952664,0.00945449895466624,0.0130089231914567
" 7313",23,0.806448138764754,0.0904682051389947,0.00482039596786597,0.0121421930396896
" 7357",27,0.945906251776144,0.0996504685592353,0.00356976505528965,0.0119280364696415
" 7331",62,0.908599793374922,0.12937297197044,0.00148503309277692,0.0111066921561437
" 8522",74,1.03648397536575,0.119058324973518,2.08264931319953e-06,0.00820460999588856
" 7407",89,1.03891179863662,0.137354771768763,0,0.00673458179285273
" 8242",53,1.24459590211647,0.451049574960831,0.00609695586439162,0.0132095618572188
" 3269",48,1.21902405816014,0.42458227717542,0.00169277736176858,0.011866732037207
" 8832",77,1.08595424624369,0.143467629006811,0.000659679169955951,0.0103870226225266
" 7320",52,0.953531749123844,0.107997747197475,0.00556452656747216,0.012288927231851
" 7431",41,0.992794097794392,0.155253178652381,0.00687461711794033,0.0128473949653894
" 7330",35,0.908188155718127,0.12347730648405,0.00177785358621278,0.0115287636833435
" 7319",39,0.906223017571384,0.131186513372141,0.00204693187747816,0.011650854050032
" 9394",28,1.09523483799347,0.336367020789221,0.000476718427791372,0.0112119412825284
" 6588",55,1.01328348231112,0.290967018243046,0.000233673252940987,0.00960088694803282
" 7400",88,1.03877805514701,0.137214250861175,3.12397396979929e-07,0.00678683339113555
" 8475",59,1.07926060761254,0.193554028194917,0.000578559979206829,0.0086738495809749
" 6878",56,1.13858250752466,0.297007602908016,6.08133599454263e-05,0.00995239945909191
" 7170",66,1.1344102718836,0.322850411061756,0.000205453354747134,0.0102342931681378
" 8837",70,0.991486091113043,0.125747309725857,0.00115368358704688,0.0102740995749102
" 1196",44,1.11469623855229,0.501857340423188,0.000305941184109011,0.0102256355455361
" 7117",52,1.05949237116846,0.098801779106991,6.45621287091854e-06,0.00898933803950898
" 7408",87,1.03773527687275,0.136198780016836,2.08264931319953e-07,0.00676739927059474
" 8592",68,1.06582629923077,0.189708978006748,1.82231814904959e-05,0.00800919745304023
" 4514",102,1.0580177280272,0.168704382112828,0.000180045033126099,0.00879656920499837
" 7868",59,1.02182753303492,0.10341855668304,0.000723408238939857,0.0100150988895743
" 7393",90,1.03935319520085,0.136396926923525,0,0.00698080560167786
" 6498",91,1.0731886437609,0.178684616988415,1.88479762844557e-05,0.00936158010962786
" 8478",58,1.06081953718738,0.191066553004432,4.30067083175703e-05,0.00813657293634579
" 8676",65,1.06863324238155,0.314075241980102,8.4139032253261e-05,0.00887722114191542
" 8831",46,1.065069548626,0.284987752857434,0.00168850793067652,0.0123082107139093
" 9363",33,1.01045484540039,0.237307753498664,0.00718087069944632,0.0123181014656041
" 7358",87,1.01035019317316,0.13810384794874,1.97851684753955e-05,0.00710481556483095
" 7417",86,1.0231885697574,0.136626240718195,0.000193998783524536,0.00810136106833838
" 6497",94,1.06844965261338,0.176287905499817,4.16529862639906e-07,0.00934407796901805
" 8946",54,1.0355611661807,0.0884033790326319,0.000554921909502015,0.00872290208009266
" 8671",59,1.15532463066423,0.43966940080969,0.00057564427016835,0.011696204051787
" 8263",78,1.03339052879203,0.118850153001199,4.06116616073908e-06,0.00759128777999679
" 5817",74,1.07855357689009,0.25550665339915,0.000523057375010062,0.0103712745484485
" 6490",89,1.06676610195707,0.177116026711151,2.27008775138749e-05,0.00942178442954754
" 8951",55,1.03823930551503,0.07829162810585,0.000205349222281474,0.0090831401931837
" 9593",30,1.16985459904207,0.276301077823511,0.000492234165174709,0.0112245916316287
" 6495",94,1.05850797131782,0.179923154183752,0.000170048316422742,0.00944855755981599
" 6890",38,1.1454406336773,0.302346206982971,2.56165865523542e-05,0.010171674088893
" 8281",39,1.0736755059661,0.27403531035505,0.000806922476399158,0.0108614867841863
" 8808",52,1.11910533317101,0.40141194928695,0.000278033683312137,0.0103874560471348
" 8659",49,0.789944686047118,0.213795539808289,0.000983739403089798,0.0115399633150544
" 9594",33,1.16436283680428,0.278135498309583,6.11257573424062e-05,0.0110448868861793
" 4556",41,1.02504665143599,0.399002760124564,0.00265985557035278,0.01207948540976
" 9176",54,1.02721665198856,0.0659365744048429,7.28927259619835e-07,0.00786300322675419
" 6885",45,1.01824999933559,0.271530671960183,0.000343741269143582,0.0107770746594908
" 8815",54,1.10869303585025,0.376734068616292,0.000248980725393004,0.0103261453928076
" 7517",59,1.06450038438561,0.118196154463266,0.000757980217538969,0.0101242105477146
" 8705",67,1.0322658337323,0.0701698226065202,1.08297764286376e-05,0.00788548773780006
" 2917",42,1.09259014237587,0.369585137701957,0.00118679771112675,0.0108454640648818
" 9228",62,1.26519130190837,0.336920132611544,0.00598220188723433,0.0121308758331086
" 9104",20,1.04118450278295,0.190858556006767,0.000144327597404727,0.010885756231557
" 9184",20,0.978740243659948,0.135223565055215,0,0.0111663456365563
"12472",27,1.10177669481944,0.260057774953186,9.68431930637781e-06,0.0115763750595896
" 8048",54,1.05980049688239,0.335178511248522,2.85322955908336e-05,0.00929435750220915
" 8291",38,1.05743308321648,0.133010438094455,0.000179940900660439,0.0094184497593291
" 9102",20,1.03848411694899,0.188977442956042,0.000135997000151929,0.0108613584476431
" 9183",17,0.981184149087963,0.132676420309512,0.000860342431282726,0.0114763233516567
"12481",24,1.04063763758747,0.248562567809001,0.00160051599719384,0.0119817619469374
"  574",20,0.654037419689653,0.187032098457315,0.00031073127752937,0.0112124344723098
" 9099",16,0.915299711790123,0.16386066075377,0.00101289649347459,0.0114191719847542
" 9223",18,1.04864866850413,0.153056298099633,0,0.0112558727804695
"11730",16,1.04265834156829,0.247743757607117,0.000735175207559434,0.0115981616648179
" 9395",29,1.0811320758256,0.333566073854241,3.64463629809918e-06,0.0111010901525567
" 8427",38,0.995852217180514,0.278645512526669,0.000995298106778055,0.0113613383199689
" 2628",35,1.04120674708287,0.34066258634754,0.000461515087805016,0.0102038605537538
" 7112",73,1.03841689204836,0.0847713900292094,7.70580245883826e-06,0.00841260134561454
" 7531",66,1.03248496920387,0.0926158392090037,2.85322955908336e-05,0.00837910279522111
" 7839",52,1.00953107093553,0.0824936628340262,0.00156136219010569,0.0105455463903007
" 8670",60,0.974573672990634,0.0934420161892267,0.000357695019542019,0.00984982462249131
" 9454",25,1.05632593034234,0.18474180865434,0.00653577007468276,0.0119723704328781
" 9141",33,1.02614826744846,0.258320911587874,0.000898454913714277,0.0111688841942138
" 8845",69,1.08992526048481,0.325865738689781,0.000360506596114839,0.00988967348668299
" 2546",43,1.06927348318613,0.29772650186831,0.000318437079988208,0.0105453641977045
" 8471",45,1.00771690716864,0.0856782370415048,0.000775995134098145,0.0103511875111405
" 7116",76,1.03458988612477,0.0838050533602408,4.89422588601889e-06,0.00857920157450094
" 7731",55,1.00164918495295,0.115067378020346,0.00135528404056459,0.0106173451635641
" 7483",67,1.01777776390209,0.162880450735954,0.000695813135539963,0.00940639414359022
" 8296",40,1.01914574132568,0.129789374598909,2.08264931319953e-07,0.00821205953709002
" 7113",57,1.06650128221368,0.10316372514426,4.446456283681e-05,0.00903881013074214
" 7137",58,1.04203797097408,0.101142564692019,8.66382114291004e-05,0.00909607098145182
" 9590",66,1.20154306496275,0.169579915656046,0.00117523900743849,0.0107574965170092
" 7708",70,1.05412131943776,0.154504304854963,0.000168902859300482,0.0112199449902051
" 8870",58,1.07971549151747,0.186265743591635,0,0.00848959227275379
" 9377",12,0.393768995971758,0.0680311406619832,0.000999151008007474,0.0112655433796051
" 4557",48,1.12251833807509,0.459081266571105,0.00134185095249446,0.0118036559409458
" 7445",86,1.05018340584207,0.144042175801486,8.64299464977805e-06,0.00739888698866218
" 7721",55,1.03223850075579,0.133239606737701,0.00480269344870377,0.0114791401848623
" 6955",60,1.06359830746691,0.148628159989148,0.00179795115208515,0.0111879030993814
" 8718",58,1.06640444690316,0.0943725013585478,6.86232948699245e-05,0.0086935268038271
" 8869",59,1.0800519285005,0.187374155603525,0,0.00849253316137958
" 7520",25,1.03951544820044,0.163667368459638,0.00168632114889766,0.0122720796763087
" 7728",60,1.03334550258578,0.144962543133479,0.00231538537394958,0.0113300242694202
" 7430",78,1.03663589015793,0.135832035676615,0.000251479904568843,0.00827140554729398
" 6665",60,1.07314672640939,0.199867712619772,0.000127562270433471,0.00998345855571681
" 8873",53,1.07347684218602,0.184403799859446,4.16529862639906e-06,0.00847791094471997
" 8719",53,1.04750338602826,0.096210114222336,0.000194415313387176,0.00939159872662442
" 8986",45,1.26115988105641,0.365875265620901,0.00372669268103924,0.012606991143414
" 7593",20,0.991894788686486,0.163617674360568,0.00105184203563142,0.0122896403704487
" 1217",46,1.09634428065124,0.433099074044227,4.75885368066092e-05,0.00948126815526906
" 7428",80,1.03892921144999,0.138421984899997,9.89258423769776e-06,0.00750999096826825
" 6664",63,1.14903321879419,0.22758273498902,0.000213055024740312,0.0101004560507885
" 8872",58,1.0848710407777,0.184949622544593,0,0.00853836290481582
" 6643",34,1.00566890312679,0.231026400535828,0.000297194056993573,0.0103136009009131
" 6667",78,1.04467706468155,0.193344593610139,1.3120690673157e-05,0.00969997229413566
" 8868",58,1.05983504005911,0.212658575753504,0.00130852856348326,0.00962238295293437
" 6960",28,1.09776333825248,0.297592213908392,0.000379875234727594,0.0110147836743094
" 8412",70,1.0560283081754,0.0846901537040716,2.42628644987745e-05,0.0087070978547567
" 4390",24,1.0150324458448,0.224386969984864,0.000216907925969731,0.0106464493595931
" 8255",38,0.928429114976306,0.335408095880888,0.00173151463899409,0.0121515246394622
" 8177",48,1.29842453372926,0.743979924346526,0.00132914679168394,0.0117663046114022
" 8948",53,1.01390198063963,0.0763119831812603,4.80050666692492e-05,0.00835248171750156
" 7142",16,0.830167764802032,0.263113135223,0.000341554487364723,0.0121978810883372
" 6813",87,1.04127757172057,0.111068872241424,6.35208040525856e-06,0.00803536479034338
" 7395",69,1.03866014483293,0.156509391616794,0.00013235236385383,0.00917529648470563
" 7495",56,1.0212153531942,0.104755550297972,0.000194727710784156,0.00866972843608332
" 6810",59,1.0158778767092,0.099042328803938,0.000328121399294586,0.00955129567310787
" 8660",43,1.15469696454559,0.418937900509658,0.000361652053237098,0.0111813825498788
" 8277",63,1.15741115553121,0.45096068669696,2.60331164149941e-05,0.0101233623366509
" 9001",14,1.10229377359738,0.14572032981457,0.000526181348979861,0.0103356613031515
" 6992",30,1.1173085650963,0.289947568631477,0.000651660970100133,0.0106478319962185
" 7015",26,1.12181645221073,0.282079466807161,0.000299276706306772,0.0103582854187745
" 8385",66,1.05398682235974,0.251824798419893,7.56001700691429e-05,0.0100058005307151
" 8999",11,0.956500164232942,0.113173975731502,0,0.00993952245377459
" 1596",40,1.17667705473613,0.438919543657793,0.000941045092169207,0.0114500422034975
" 8367",38,1.1554506354867,0.419522723787086,0.000758084350004629,0.0112292410857414
" 8684",18,1.07300766951356,0.192487015337613,0.00207327739129013,0.0121831339437165
" 7027",45,1.05117026184596,0.180005974155236,0.000125167223723292,0.00923265540761694
" 2451",53,1.29870696203462,0.555578920028135,0.00131737982306436,0.0123927485462228
" 7827",38,0.785491922682081,0.141298165818973,0.00138610725039995,0.010899637921571
" 8841",39,1.02568564021654,0.263314455999066,0.000528263998293061,0.0110027504004773
" 7564",46,1.1959165076462,0.317261060442316,0.000693938751158083,0.0112218977988188
" 7300",42,0.710955393176189,0.209764970170456,0.00215116847560379,0.0118098871415777
" 7343",85,1.03618509113398,0.128255222419182,0.000296360997268293,0.00802288021378844
" 1597",29,0.725759919454781,0.341480978733691,0.000295423805077353,0.0117932173535195
" 9868",60,0.854590725034934,0.106998800282247,0.0024659609192939,0.0110651635780694
" 8536",75,1.02203114121099,0.10128587269685,1.91603736814357e-05,0.00774216867824535
" 2560",46,1.15920431104157,0.503872061549411,0.000716327231274978,0.0113988490613702
" 9335",32,1.19812319168665,0.280143649004404,0.000404658761554669,0.0113706506305108
" 9365",22,1.11316025856447,0.268001538348722,0.00119335805646333,0.0113917867199514
" 8586",87,1.03903616833961,0.161317423062202,0.000437981150565861,0.0104159763042778
" 7924",52,1.01787249873287,0.228800319696262,6.58117182971051e-05,0.0092054109311636
" 8644",44,1.06787216850213,0.148303679202279,3.5196773393072e-05,0.00910345201808404
" 7273",54,1.13417501126226,0.253832450970248,0.000351342939136761,0.0105763871822234
" 7650",32,0.927877934909848,0.196690884242534,0.00670050763535685,0.0125162876655583
" 9366",20,0.988669361719997,0.21913773474003,0.000230236881574208,0.011211794399309
" 9017",38,0.808638474398285,0.190083197486394,0.00271514990961823,0.0121985955795911
" 7930",51,1.06887432095209,0.224138543415764,5.08166432420685e-05,0.00941291735506833
" 8960",27,1.13323479792117,0.353467984034087,0.00104476102796654,0.0111926440587606
" 7249",51,0.969737124629,0.207239414727495,0.000240650128140206,0.00885427412191778
" 9041",51,1.10481568424761,0.192409737983878,0,0.0095463330693165
" 8643",43,1.04889724554817,0.140458727710351,0.000144327597404727,0.00910544111956004
" 7276",48,1.11707390812169,0.257957886741571,0.000629584887380218,0.010843907336398
" 7114",53,1.08155636126722,0.112694040109521,0.000149534220687726,0.00939284077983978
" 9440",36,1.19161468010458,0.274755565271888,8.71588737574003e-05,0.0112379296504507
" 9488",41,1.26820234869664,0.336927804360975,0.000581371555779649,0.0114253563989759
" 9014",34,0.821431555186979,0.161606179480734,0.00266287541185692,0.012281425629244
" 9024",43,0.649499142459757,0.133196853087053,0.000320519729301408,0.0109544733843611
" 9018",44,0.633144207147868,0.147169839356026,0.00112556782131869,0.0106216218817012
" 7929",55,1.08708162976036,0.236378308385229,0.000331037108333065,0.00955824961118759
" 8507",63,1.08594982397681,0.178344148986418,0.00485975803988544,0.0123135306875152
" 8565",47,1.0549466769927,0.105784682417954,0.00172401710146657,0.0112303580379061
" 8549",36,0.980984578931312,0.109424228037618,0.00635916141292344,0.0119565672490929
" 8467",37,1.29031204398896,0.177044963545161,0.0116512774502291,0.0129898951251344
" 6925",60,1.11591406867284,0.2504639897668,0.00057304095852685,0.0111561247214042
" 7282",18,0.915432426391618,0.175676421061818,0.00248095599434894,0.0125577188754944
" 7903",41,1.08361516693961,0.229567950806079,4.37356355771901e-06,0.00931507429136314
" 8519",79,1.0382136872944,0.122946667957969,3.12397396979929e-07,0.00809048496174704
" 7245",63,1.07277517345602,0.239144530975065,0.000154116049176765,0.00909827948146077
" 8963",25,0.521417450105311,0.0817484880914752,0.000501814352015427,0.0103347265507048
" 9038",52,1.11012674140726,0.194301775563475,0,0.0096064018170025
" 3196",55,1.14973999063083,0.415031740630297,0.000628647695189278,0.0116781270435155
" 9487",34,1.06290517385144,0.290282812407052,0.000469741552592154,0.0113058232980693
" 9439",31,1.14177792805827,0.255883959037973,2.88446929878135e-05,0.0111827611859933
" 8552",50,0.995176401870938,0.117075741501858,0.00164029459907595,0.0106993680253678
" 8459",58,0.897499408847888,0.114782155480662,0.00288321970919343,0.0118992880184197
" 8477",52,1.18846927406542,0.179204297481812,0.00599563497530447,0.0127751540285657
" 8484",45,1.02151979185293,0.192555115186004,0.00518048603411817,0.0125917948407175
" 7916",54,1.02113726487476,0.222003495991246,0.00136298984302343,0.0102626064257211
" 6924",43,1.0888541239288,0.261714826671284,0.00109464047901767,0.0113576842249639
" 6768",30,0.998614701127764,0.197121775666068,0.00324206018585771,0.0110610472659952
" 8518",79,1.03803546578103,0.122931375357334,3.64463629809918e-06,0.00811988691802333
" 7901",39,1.07467342133229,0.22674131500965,1.04132465659976e-07,0.00934237209588587
" 6902",69,1.08496537128867,0.201774806476097,8.53886218411807e-06,0.00939193582303569
" 9042",50,1.09286239559039,0.189534836117719,0,0.00912573861976755
" 9662",46,1.21053703366684,0.34468505817775,0.00236776400417655,0.0118634197950833
"  588",48,1.14073139807926,0.523400802133583,0.00123917634135372,0.011998386076037
" 8076",53,0.994574037709564,0.307680331124204,0.000238255081430026,0.00951155778416851
" 8422",62,1.03156467286411,0.102227201598011,2.60331164149941e-06,0.00779733586946885
" 6930",31,0.909021996909986,0.176111027481349,0.00228831093287798,0.0115140296876109
" 6687",55,1.05195967175114,0.106221479474462,0.00181690326083527,0.0113214575121405
" 6928",57,1.14295798623053,0.26025054731911,6.59158507627651e-05,0.0109928275428223
" 7460",86,1.03451791228821,0.135940234200529,3.33223890111925e-06,0.00762529742042265
" 7908",39,1.07751903477724,0.229481965919936,9.41357489566187e-05,0.00944768237478111
" 8517",80,1.03735952717634,0.121162387578926,0,0.00793941630332539
" 6901",69,1.08056128340634,0.199386444378148,0,0.00935135457585301
" 9037",46,1.09614585577593,0.190117116478708,0,0.00925529694518993
" 7784",28,1.10380055718148,0.328558972666516,0.00116076459471176,0.011262237443101
" 9204",34,1.06693331668583,0.350191186471134,0.00241233269947901,0.0121396319191711
" 7530",54,1.00730701811535,0.0912678207789776,0.000167445004781242,0.009062030778864
" 5600",67,1.24121075058813,0.48784006271278,0.00175109154253816,0.0114566727273958
" 6926",48,1.04841858930348,0.225898450856835,0.000268870026334059,0.0110341718486225
" 7910",39,1.04369616580132,0.22066055135004,0.000526702011308161,0.00996796125813399
" 8512",80,1.03893999317832,0.122242133263726,3.12397396979929e-07,0.0081954936363334
" 6899",67,1.08175672064464,0.199115367005461,2.18678177885951e-06,0.0094676358446034
" 9026",45,1.06816258820455,0.191791595870529,0.000103924200728657,0.00936716444720835
" 9031",34,0.733776055057097,0.122900609155205,0.00150971248713834,0.0107572795599949
" 4510",33,1.18094219778333,0.37890259220707,0.00497024258595068,0.0134538811102566
"10170",46,1.0980922828463,0.259313973210657,0.00102414279976587,0.0114575038360847
" 8505",70,1.03412194229374,0.120567046294543,4.16529862639906e-06,0.00794051951809776
" 6895",67,0.99519546869167,0.187175991904581,0.000977283190218879,0.0106499506630997
"17520",35,1.18912080771431,0.13238000040752,0.0115959831109637,0.0123688144849454
" 9351",49,1.02988620921005,0.0706797468916159,8.75754036200402e-05,0.00866716663340707
" 4527",47,1.16401784287834,0.382094391729416,0.000690189982394324,0.0113063557441977
" 8075",52,1.07561979808622,0.33995820537873,9.66349281324582e-05,0.00930812613760347
" 7927",50,1.05110066550678,0.221726778836742,3.70711577749516e-05,0.008832776115216
" 8301",49,0.965719708015572,0.263187271807964,0.00030979408533843,0.0106206717105029
" 7302",28,1.11548162005482,0.275628991602096,9.18448347120992e-05,0.010012303848846
" 8814",37,0.992147027250645,0.244123352642515,0.000434336514267762,0.0103922718329706
" 6939",45,0.943180902866376,0.242422626598696,0.000229820351711568,0.0102911753159023
" 7873",52,1.00113313130161,0.211673153391103,1.04132465659976e-06,0.00855499215607759
"  702",38,1.18523691004941,0.446605470049405,0.00263267699681553,0.0119038194446274
" 8060",50,1.0341465577279,0.334945396039816,8.79919334826801e-05,0.00948277927218517
" 9112",36,1.06762180262268,0.441276817567091,0.000259289839493341,0.0107250468221567
" 8784",13,0.987964432437878,0.120954983684229,0,0.00988687958308493
" 9344",27,1.07382569171439,0.320969842073514,0.00287176513797083,0.012921043196827
" 9287",32,1.00839698581724,0.118380236203237,0.000183273139561559,0.010405843228575
" 5542",49,1.20184887415947,0.453728962137222,0.00088543835550678,0.0105139285911208
" 8198",44,1.20512812295075,0.634979717309189,0.00162936069018165,0.0119045138147993
" 6584",42,1.04837558941392,0.341560469301168,0.000357695019542019,0.0114018722782412
"  815",51,1.04659507728358,0.404312317827641,0.000723928901268156,0.0112790590897921
" 8768",56,1.23068489326638,0.410663029015316,6.23753469303259e-05,0.0112504553871466
" 2463",64,1.44130989086022,0.621309903021224,0.000319790802041788,0.0123436749679508
" 9430",19,1.05138441255494,0.149458761914542,0.000513164790772364,0.011506750378781
" 5535",57,1.20437004561066,0.444359327550111,0.000305003991918071,0.0101642889342778
" 6956",59,0.941183100445834,0.111578980456978,0.000425276989755344,0.0096313920841069
" 7048",43,1.07400069610215,0.181508864667597,0,0.00871646516257082
" 8767",55,1.2194866883575,0.403293607232047,0.000143598670145108,0.0112746826319723
" 2420",63,1.22202345822216,0.503553223399743,0.000152345797260546,0.0108819724495394
" 2515",56,1.43709413728211,0.615060856235504,0.0017910784093516,0.0124374911197847
" 9443",12,1.00336105296155,0.138590933725665,0.00053305409171342,0.011456945339267
" 7056",44,1.06241589660231,0.180182099211161,0,0.00857229583435425
" 7982",39,1.07198811322494,0.335335452681426,0.00162592431881487,0.0118530353660272
" 8759",49,1.15755055049343,0.37461803279716,0.00106610818342684,0.0117213329680983
" 2377",66,1.22490058175009,0.499476168318029,0.000323956100668187,0.0108270230576469
" 7750",44,1.00397732172167,0.294685565618559,0.000516184632276503,0.0110732202180894
" 5662",60,1.36321706256445,0.390546494894122,0.00154105635930199,0.0115811573127814
" 7038",43,1.06924021059055,0.182151750579794,2.49917917583944e-06,0.00903506323226422
" 7786",82,1.03873566969338,0.187180521152358,0.000251063374706203,0.00976917640017544
" 9138",70,1.03891695086228,0.22002575779804,0.00142182468612132,0.0101594751959659
" 7026",54,1.05919044250191,0.180641734490241,2.08264931319953e-07,0.00884378777856069
" 8604",69,1.02453716042048,0.110707895627782,1.56198698489965e-06,0.00776932060158072
" 2129",39,1.23836023220925,0.595668653243603,0.000730176849207755,0.0122112204189158
" 9343",17,0.965950474219554,0.0856732908531052,0.000259393971959001,0.0109050854736027
" 7189",26,0.717864386464803,0.1238706125588,0.00197403915151617,0.0119310962848912
" 7194",31,0.886542440322962,0.0947392841933905,0.0054954867427396,0.0121617241101679
" 7223",23,0.815730730030839,0.0974138539017091,0.00195696142714794,0.0118617131440942
" 7243",20,0.710521419174877,0.0970044214305305,0.00136663447932153,0.01180028252354
" 7192",31,0.742956882130445,0.114429306417664,0.0017780618511441,0.0118196310937141
" 8936",44,1.02576437038062,0.238237209539634,0.00716889546589542,0.0130124364899425
" 7207",59,1.06359986158909,0.225018029130957,0,0.00859018586513357
" 9345",16,0.984845460439905,0.0857011794848644,0.000189625219966817,0.0108269777569154
" 7188",17,0.673073044641028,0.0848742106789716,0.0035295699235449,0.0120823017561123
" 7191",28,0.734611291328012,0.0980310961650558,0.00135955347165665,0.0117593219055303
" 7244",15,0.664383908137754,0.115058127116487,0.00199174167067837,0.0120347255940524
" 7280",71,1.2033680888657,0.357066074948584,0.00754096076569852,0.0129842325051585
" 7921",47,1.06390533646462,0.226667469468878,4.56100199590697e-05,0.00875569511384341
" 8562",68,1.08355338458883,0.167955597714716,0.000388205831980392,0.0102868295147755
" 7208",58,1.06469226675598,0.225292538149531,0,0.00863452714250565
"14207",32,1.01630825407079,0.552398645175599,0.000255541070729582,0.0116694402949822
" 9423",30,0.951501168752055,0.270432787357776,0.00174088656090349,0.0121638384127397
" 9346",23,1.05691552021779,0.0861341917827528,0.000889811919064499,0.0100208134190075
" 8591",58,1.04920311485793,0.13810716149356,0.00129915664157387,0.00999696713540781
" 7920",47,1.03135515858133,0.216958265741737,0.000732467763452274,0.0102585768596092
" 8785",24,0.96043734161312,0.165739191064237,0.000732467763452274,0.010994760651773
" 7069",45,1.26515536545608,0.418222035294024,0.00113608520035034,0.012260718148845
" 7206",57,1.06323619823274,0.224148603400996,0,0.00858061543567793
" 7918",52,1.02605391484044,0.224026623909878,0.000165987150262003,0.00966480666934443
" 8778",23,0.964809208798337,0.169569080789708,0.0012181415832904,0.011098027646573
" 7204",62,1.06623765521786,0.225612248731923,1.04132465659976e-07,0.00869321674403403
"14254",49,1.49468700669728,0.762335726737891,0.000892519363171658,0.0119311253543267
" 8909",23,1.03678396704913,0.20731216225847,0.00013381021837307,0.0107058559462647
" 8947",61,1.02352943068311,0.0775969687773175,3.5405038324392e-06,0.00804114747116996
" 7212",63,1.04598904344755,0.225851997007895,2.54083216210343e-05,0.00859742090748669
" 7250",30,0.478235898760116,0.0882532780811024,0.00153470427889673,0.0116210431074216
"14251",47,1.42693994351852,0.720167347723566,0.000736216532216034,0.0119244147552428
" 8952",51,1.05708199983211,0.0873408065748568,0.000305524654246371,0.00966716077481264
" 7712",60,1.03806958882462,0.103503693599079,1.14545712225974e-05,0.0090442976653579
" 7897",51,1.02651166549974,0.21906224485004,6.77902351446447e-05,0.00893972743009955
" 6936",39,0.900936110734111,0.222315664332872,0.000672070933369488,0.0110060019378669
" 8809",46,1.12116862792672,0.407508249459486,0.000120897792631233,0.0102049894603006
" 9221",16,1.02790836084443,0.175108527375111,0.0122151547517779,0.0131738505762166
" 7370",75,1.03198948993191,0.153663640872588,1.08297764286376e-05,0.00845426953539786
" 8348",49,1.1401390733739,0.298828411407791,0.00172807826762731,0.0114301415925939
"  960",36,1.14720743983509,0.457797173015079,0,0.0109698950645923
"  254",28,1.03997027916794,0.372095641485442,2.49917917583944e-06,0.00968922793992175
" 8356",79,1.06101052981752,0.236709368067339,6.43538637778655e-05,0.00962379241142779
" 7074",67,1.0979215950897,0.303248776079393,0.000286572545496255,0.0104825765310569
" 8344",57,1.12968940776582,0.308971552046223,6.88315598012444e-05,0.0101096667364344
" 7763",60,1.07855808467746,0.205854540794155,0.000182648344767599,0.0085968217561209
" 8342",57,1.13640896819779,0.308993068546422,0.000162446646429563,0.0101601178101944
" 8742",37,0.948970304294129,0.336943346961472,0.00161009618403456,0.0124787433246819
" 8531",74,1.0289167696885,0.10653762085419,0.000164008633414463,0.00814297449744104
" 7034",49,1.00104750592821,0.280781554144326,0.00174796756856836,0.0114701649577149
" 6530",72,0.922993008194657,0.111798969685415,5.84183132352468e-05,0.0100854651836349
" 6003",29,0.792257907936019,0.113271820936947,0.0021339866187699,0.0119948767032445
" 8818",57,1.09881865693024,0.28888829831808,0.000435794368787002,0.00997969798850434
" 7022",63,1.0781411133822,0.208381151152362,0.000198164082150935,0.00956110778876911
" 8191",46,1.2274598038856,0.378993660412411,0.000334577612165504,0.0113138133754015
" 9461",29,1.02025206421234,0.186269501955772,1.80149165591759e-05,0.00979770543586002
"10992",52,1.57224833481638,0.878697890474817,0.000712057800182919,0.012711090820124
"11630",57,1.50956667055266,0.796324109539793,0.000703310673067481,0.0124213941147919
" 7831",48,1.20356794357184,0.338876151871171,0.00549944377643468,0.0129252053358718
" 8171",47,1.17477797998337,0.366900220562256,0.000838266348562811,0.0114346801562248
" 9462",31,1.02181539185631,0.184397408150445,0,0.00992185894439458
"10993",51,1.52711850092092,0.871033170704698,0.00084045313034167,0.0127206803174419
"10616",39,0.740131115839357,0.209510918377537,0.00158749943898634,0.0113336940476546
" 6927",43,0.958569569881624,0.225826500654365,0.000137975516999469,0.0108155955071012
" 8741",69,1.01330172589979,0.150547683071892,0.00153074724520165,0.0110798600717027
" 7259",66,1.07300334415996,0.308358941343356,0.00138069236218563,0.0110648043998002
" 9168",17,1.01964373094724,0.139898122582773,0.00318385013755378,0.011767387096551
"11395",34,0.949479339521122,0.455019161178548,0.000726428080443996,0.0123248356919194
"10986",44,1.23853606160152,0.720225701156925,0.000931777302725469,0.0125931730504021
"17542",27,0.760616658646352,0.0985385393557569,0.00274034996630794,0.0119956117136308
" 7618",66,1.01879317321345,0.106857288447572,1.89521087501157e-05,0.00882149248808098
" 7005",58,1.03266102927277,0.185043889896781,0.000730801644001715,0.0104333484902321
" 7631",37,1.1775531807687,0.358502237549316,0.00118023736579017,0.0121387352906079
" 9113",84,1.06129492570798,0.162168730745923,0.000350718144342801,0.00972705174024112
" 9170",15,0.962420498513177,0.113670839495028,0.00119793988495237,0.0112146436623822
" 7917",43,1.05784110347927,0.219229705952092,2.08264931319953e-06,0.00897218919913236
" 7636",32,1.0192326466414,0.307958452558642,0.000454434080140137,0.0120152446367491
" 7797",30,1.14973593852489,0.385524414607071,0.00189646046459949,0.0116570234458758
" 7911",40,1.02100302357738,0.215357551716249,2.78033683312137e-05,0.00890184531845276
" 7716",34,0.939408419249109,0.291700978633661,0.00021951123761123,0.011729040718469
" 7607",74,1.12284701223955,0.299973383573184,0.000734966942628114,0.0108802233998728
" 5608",52,1.15864726627904,0.399354357825851,0.000906264848638775,0.0113491578614572
" 8298",38,0.762810487647488,0.114073028924614,0.00075443971370653,0.010566851722121
" 7787",30,1.05911759267786,0.346343751056879,9.19489671777592e-05,0.0107484290667012
" 7125",63,1.03235244270798,0.089658878774386,0.000109651486339955,0.0092059556717564
" 7115",78,1.25265614287805,0.14506024594635,0.000125792018517252,0.00941605212249016
" 7180",57,1.25535518459308,0.383311466280035,0.00121741265603078,0.0110774559964971
" 9002",14,1.02025684034112,0.126300175658551,2.2284347651235e-05,0.0100757491895248
" 9478",36,0.956833608104363,0.108571201545539,0.000244503029369625,0.00985624607755349
" 7960",35,0.990187323557585,0.235181319103299,0.00150294387687044,0.0115526492999703
" 6812",95,1.03071124502769,0.106051215983182,1.7598386696536e-05,0.00787533067329966
" 7554",53,1.11518572104273,0.331297307033513,0.000602198048911644,0.0109195090998637
" 7390",75,1.0341434765019,0.15186251724102,0,0.00854546644815643
" 6869",41,1.01473668772757,0.296697121812057,0.000768393464104966,0.011525211081059
" 6814",83,1.00518431802118,0.0979352109844541,0.000191707869280017,0.00849504201632879
" 2456",79,1.03012478574972,0.105077637586783,6.16464196707061e-05,0.00788398069574984
" 8284",53,1.14586964913046,0.439692358740386,0.000599074074941845,0.0108653562559819
" 4780",61,1.07832572049335,0.389903333904148,5.97720352888265e-05,0.00879988374732107
" 7377",78,1.03783184902586,0.152138007435243,1.06215114973176e-05,0.00848290731817009
" 8463",67,1.08824450380469,0.197810390517599,0.00113285709391488,0.00963794972266705
" 8325",60,1.0349596713338,0.132904685568332,0.000117877951127093,0.0103679131418579
" 1139",25,1.26799937307954,0.539693431236149,0.00139901967614178,0.0114220155112681
"  281",30,1.06679866706174,0.376020580845492,0.000128395330158751,0.0097495483036486
" 7028",56,1.00846108735074,0.170624068309736,5.34199548835679e-05,0.0085800785405654
" 7367",79,1.02863045253489,0.151338605126345,2.49917917583944e-06,0.00819854812971397
" 8735",54,1.02958616237577,0.296298813027081,0.000548049166768456,0.0110844825915928
" 3758",45,0.989636568002455,0.250223653856014,0.00213856844725894,0.0120735748636734
" 8882",20,1.03585423390139,0.191002943502759,0.00479696616309248,0.012139481006316
"  276",26,1.05989962796005,0.369930116799195,4.74844043409493e-05,0.00976371498295322
" 7355",77,1.02968000255776,0.148616989339795,2.08264931319953e-06,0.00814087638577111
" 6504",97,1.04803201893839,0.169246270697,1.21834984822172e-05,0.00911599427913818
" 7311",49,0.994393484850192,0.320456877887631,0.00155855061353287,0.0117533403450154
"  289",31,1.08085153948724,0.376241793181205,0.000349364422289221,0.00977417699827518
" 7039",43,1.08815712246836,0.185463199948391,0,0.00886727102699103
" 8396",55,1.07456336356303,0.359471741070262,0.00142338667310622,0.0116055226140729
" 7835",56,1.19617684243078,0.339772458366314,9.24696295060591e-05,0.0113398745621524
" 9306",63,1.02897625499545,0.103002163696723,0.000903661536997276,0.0100142119926389
" 8732",72,1.11507494274178,0.305214636982942,0.000289592387000395,0.0103948199854112
" 8513",50,0.886431972302778,0.224483063814959,0.000969681520225701,0.0108208139126226
" 7049",53,1.07137892109117,0.181138997325844,4.16529862639906e-07,0.00862122541301431
" 6874",32,0.985541551365692,0.260854217621089,0.000416321597708586,0.0113552146382211
" 8378",11,0.952117385192953,0.141218730335577,0.00339867541421031,0.0126711774393805
" 7836",58,1.1990107059102,0.328680778262999,0.00164237724838915,0.0117152038967175
" 5660",61,1.29823626440524,0.340854800700948,0.000666968442552149,0.0113548023319825
" 7051",45,1.07284555265422,0.186206991683018,1.57240023146564e-05,0.00905538965815301
" 7791",84,1.05304209908124,0.188661551546273,1.46826776580567e-05,0.0092174597838037
" 5810",87,1.14905472518691,0.229334441281684,0.000906681378501415,0.010411306645136
" 7304",6,0.0647473109321237,0.0148634656098238,0,0.00821707947136757
" 7597",45,1.22287330144476,0.37371213557239,0.00013349782097609,0.0108240039967356
" 9291",34,1.03508041133593,0.129734085235748,5.77935184412869e-05,0.0101755446464376
" 5648",54,1.07685577312021,0.268398468140807,0.00108599748436789,0.0107926789867321
" 7040",48,1.09789168356554,0.197350351161605,3.70711577749516e-05,0.00901003824386801
" 5827",51,1.10221552320663,0.227681176022182,0.00166622358302528,0.0116016461844952
" 8961",24,1.09937954677492,0.328369689695683,0.000594388113987146,0.0109718145126032
" 7598",44,1.19169855863477,0.363651376630531,0.000122980441944432,0.0108056999418003
" 9009",59,1.10441243330946,0.285294214125903,0.00178972468729802,0.011768569717473
" 5829",32,0.836584371447053,0.170174795551042,0.0046035921743619,0.0123227575864774
" 7548",51,1.32545952782558,0.406394383830493,0.010200920468517,0.0135941319538183
" 7305",52,0.967287258490982,0.300518102789401,0.000675507304736267,0.0111163279509399
" 7032",46,1.08281694178947,0.195879582065251,0.00066426099844499,0.0100168434804409
"  538",35,0.633597306989009,0.238117803515648,7.62249648631028e-05,0.0107102675634702
"16673",8,0.546404473646453,0.049901487892487,0.000481404388746071,0.0118424960711088
" 6759",71,0.960170667878588,0.133274818934033,0.00106589991849552,0.010281117092956
" 7371",87,1.02314342641876,0.112296730222087,0.000173068157926881,0.00862431457560778
" 7124",56,1.14039716926209,0.126192441514764,0.000328017266828926,0.00960986179483997
"11291",75,1.02979800242638,0.0820518117728808,9.37192190939788e-07,0.00783385119092961
" 9259",20,0.791041397356154,0.12155526033491,0.00123563583752128,0.01132925424452
" 8486",62,1.04279772734417,0.159335144519505,5.67521937846872e-05,0.0090812432638273
" 6887",43,1.1571372497692,0.307048356106023,0.000347802435304321,0.0104837783144608
" 6811",57,0.883877641245591,0.265776174121298,0.000180149165591759,0.0105838536341511
" 8875",61,1.08587907701986,0.191041227045107,1.14545712225974e-05,0.00871749308887558
" 6938",41,0.825399824905169,0.221062931312439,0.000636353497648116,0.0108925537483168
" 7134",57,1.14786575180732,0.320996033990242,0.00022138562199311,0.010316651978469
" 6879",32,1.02354127751091,0.266878441897316,0.000121939117287832,0.0100633329665879
" 8860",54,1.06970216867428,0.187879296958712,0.000409344722509368,0.0091506969652475
" 9059",26,1.0679026071094,0.198011973857704,0.00512113052869198,0.0121375620440864
" 9285",30,1.04403986549155,0.122608186351571,1.43702802610768e-05,0.0101435175979866
" 7352",45,1.14762751922011,0.303334122515874,0.00862987395910489,0.0124038448499541
" 6663",45,0.931723131914843,0.17611978918006,0.000788282765046022,0.0105750274580196
" 8867",52,1.03350040130473,0.180854174066286,0.000249917917583944,0.00927013458964142
" 9282",32,1.05539857304189,0.120520056648928,3.43637136677922e-06,0.00995228208338076
" 1205",54,1.14804326474365,0.487003753000717,8.34101049936412e-05,0.00971327596016676
" 7766",51,1.03583618622763,0.184948565638908,4.45686953024699e-05,0.00857530670996149
" 6891",39,1.09075920036642,0.273524650596063,0.000281990717007216,0.0108059940905328
" 7845",52,1.09502974146469,0.322721796185694,0.000383207473628713,0.0111938311198201
" 7768",46,1.04297014996378,0.310551587975433,0.000305212256849391,0.0110637051565067
"12819",43,1.00169232002984,0.12042204239714,0.00184345703957856,0.0104279379641447
" 9289",31,1.05068015319127,0.119136500122414,3.64463629809918e-05,0.00992115000354837
" 9386",49,1.05219101137033,0.107926208498112,0.000420695161266305,0.00996486179257977
" 7757",60,1.04038844157644,0.193672977375262,0.000681234590347566,0.00911084795512428
" 8245",33,0.868659107784608,0.15690919482174,0.00057397815071779,0.0107496519703259
" 7769",40,0.988501645972806,0.307300168291956,0.000552735127723155,0.0112690009414427
" 9387",39,1.0021135405641,0.100943773912548,0.000200038466532815,0.0098645360090621
" 5842",25,0.703369740735605,0.14203328626259,0.00224644968168267,0.0120694308310749
" 6470",66,1.06435348621459,0.22957317170461,0.00215116847560379,0.011156334226656
" 8390",58,1.16205926422123,0.349007696913406,0.00021930297267991,0.0109638960754164
" 8633",25,0.649753596151516,0.169863339224268,0.000871588737574003,0.0113517303674456
" 7141",36,0.885292814179975,0.224115581199295,0.00307638543299268,0.0127575689909419
" 7262",92,1.05833522642099,0.126686352779759,2.29091424451948e-06,0.00868768744480292
" 9538",48,1.10860812571371,0.108730070154561,0.000567521937846872,0.0104910981637704
" 5798",42,0.712325638145206,0.173331206536481,0.00079578030257354,0.01084166682722
" 8387",65,1.10516421963557,0.341210903382022,0.000660928759543871,0.0109208482014556
" 7263",93,1.05429204819404,0.129183285161129,5.77935184412869e-05,0.00913885127843918
" 9143",74,1.10728539243368,0.171425296822707,0.00202371033763598,0.0110613882255866
" 9539",47,1.00552535467659,0.0983665029139723,0.000856385397587646,0.0104978168026664
" 6727",42,0.974112676003799,0.321656357518726,0.000491609370380749,0.011393898317757
" 9342",19,0.995599558751018,0.086511799648631,0,0.0107237725282186
" 9834",40,1.06477450927683,0.13642455661192,4.70678744783094e-05,0.0098869742731797
" 8299",41,1.02958137627121,0.134527177426959,2.08264931319953e-07,0.00833065076239044
" 9015",44,1.27809123422331,0.390366238855179,0.00255041234894414,0.012322560128982
" 9839",41,1.0269737765053,0.13882937526042,0.000568563262503472,0.0100901650838318
" 9012",42,0.978501691863686,0.238402099562663,0.000401222390187889,0.0111212425198441
" 9603",36,1.22882790959305,0.282527663575024,0.000446207615352999,0.0114390502147291
" 9601",29,1.15745279127582,0.279034361125358,0.00039632816430187,0.0113824875742386
" 7640",18,0.996783545905451,0.20078298208443,2.18678177885951e-06,0.00978882270360578
" 6531",25,1.06092501401187,0.233994257820166,0.00109557767120861,0.0116304275135547
" 8470",33,0.994204022408662,0.0885718210400463,0.000906889643432735,0.0110350104567419
" 9607",32,0.995737329252491,0.253889890584458,0.00126833343173851,0.0116166809160356
" 7369",78,1.02766744879117,0.145390923152054,3.22810643545927e-05,0.00820809884554104
" 9036",47,1.08174529817321,0.188097954466836,0,0.00903436800867956
" 7723",55,1.04575135013684,0.105116549834918,1.02049816346777e-05,0.00922349426960464
" 7230",52,0.882818919057107,0.146738007610977,0.00148138845647883,0.010168110739259
" 8527",73,1.04629031671407,0.164027640591124,6.76861026789847e-06,0.00924046910498349
" 7905",42,1.07406461764894,0.226260987325805,1.65570620399363e-05,0.0092281753283821
" 9035",43,1.06574680117314,0.193729237694793,0.000406949675799188,0.00944137698558377
" 8934",44,1.05156044948329,0.124911609226082,0.000686441213630565,0.0107002266431892
"15733",58,1.2438387539839,0.485488773566028,0.00112640088104397,0.011383174954819
" 8813",72,0.997649188326951,0.103795922580321,0.000945835185589566,0.00965827065627727
" 8528",77,1.04691207124135,0.162521755116581,0,0.00916228700468294
" 7906",42,1.0052998395757,0.215421207451206,0.000162134249032583,0.00926812623584518
" 6900",75,1.0847260640246,0.205322430388186,9.51770736132185e-05,0.00962005618237182
" 9023",48,1.03390411207827,0.18141024277773,3.73835551719315e-05,0.00904371928406084
" 8904",45,1.02004565304889,0.121986542316863,0.000182127682439299,0.0107127669513369
" 9162",30,1.10774367849066,0.20108011729259,0.000108401896752035,0.0104694814411775
"16507",10,0.801381936282928,0.0906163717767027,0.00144702474281103,0.0122099076634213
" 7376",89,1.03658934410317,0.14426275307855,1.04132465659976e-07,0.00712216896215282
" 8485",61,1.04948549244908,0.1671053467835,1.69735919025762e-05,0.00915662487526106
"11097",69,1.07650501017156,0.0913100670450646,0.00035571650269448,0.00949912499343604
"12617",53,1.08975347691932,0.134052363063354,0.000651348572703153,0.00995673137839748
" 8905",46,1.2141229423938,0.16332510145657,0.00423131860962748,0.0112147606708819
" 9048",43,1.33107006876689,0.187916965432729,0.00250011636803037,0.0114684122407505
" 8774",73,1.04625000488972,0.143664776564289,0.000807026608864818,0.0111375375686044
" 8639",63,1.10678767754782,0.176435860841323,0.00367452231574359,0.0117027513557278
" 7349",84,1.03100210565458,0.152988075945828,3.12397396979929e-07,0.00854215685031592
" 7329",73,1.01955098849661,0.142874514953746,0.000681546987744546,0.00876305385994724
" 8524",66,1.05475528838208,0.153560113036174,6.35208040525856e-06,0.00842952680170523
" 9284",23,1.04490296018549,0.153103008874156,0.00303993907001169,0.0112834001442878
" 8641",48,0.999286719267905,0.136771461264254,0.00232673581270651,0.011100360406919
" 1240",43,1.09031567535812,0.43349933328591,9.68431930637781e-06,0.0093100759419766
" 6503",94,1.05859900152253,0.173856747608206,6.38332014495656e-05,0.00917225380729992
" 7345",74,1.02765875026564,0.147326935126266,5.83141807695868e-06,0.00771693748451647
" 2524",47,1.13689538797455,0.379326360231248,0.000965620354064962,0.0115333304228857
" 7665",64,1.03686866707598,0.11047583442097,0.000673424655423068,0.0101952928812843
"16592",22,1.05054396708898,0.173211696938323,0.000155678036161665,0.0108906128241178
" 6500",82,0.987952468432171,0.165769239763196,4.83174640662291e-05,0.00838701724642586
" 7070",51,0.982581629571804,0.247421518545134,0.00107173133657248,0.0112763479912966
" 7375",79,1.03026688845491,0.150102890097273,5.51902067997875e-06,0.00787785706730124
" 7072",53,1.11521291894319,0.39104679743364,0.00186605378462678,0.0120811330678501
" 8779",31,0.925700743013732,0.166476071918861,0.00196976972042412,0.0123734391372376
" 7002",38,1.13651670638359,0.348435578553511,0.00137527747397131,0.011797251002479
" 9463",28,1.01811174413125,0.185849242694078,4.35273706458702e-05,0.0098117776185711
" 8915",55,1.05887855738448,0.331869261681874,0.00113733478993826,0.01151484083267
" 5816",61,0.983538246754225,0.195709787508635,0.00066176181926915,0.0106803720963644
" 8059",50,1.02387664040204,0.380933383003653,0.002111598138653,0.0107625136200384
" 7073",59,1.18978875270687,0.397805999530592,0.00106548338863288,0.0118101753585159
" 7003",36,1.06384339949366,0.348548796767515,0.00104080399427146,0.012029396446976
" 9592",30,1.07352076406379,0.242095839315169,0.000644892359832234,0.0112391467262847
" 9464",24,1.01524277090254,0.178815108796049,0,0.00981282312622206
" 9146",52,1.24326555721247,0.328423742152674,0.00120918619124365,0.0116058150302206
" 9202",40,1.04984403713347,0.327826658928134,0.00346042596634668,0.0122703573231653
" 5843",56,1.0567311357848,0.234868149400866,0.00210920309194282,0.0120498722445827
" 9145",50,1.18557056378817,0.317020290782322,0.000300630428360352,0.011251197584012
" 9169",21,0.960420111174509,0.113044103654528,0.000113504387569374,0.0111664239615311
" 5840",40,0.829256265509368,0.176039394466746,0.00385717066051119,0.0123858136143255
" 8765",52,1.06444796608887,0.35434573970289,0.000189208690104177,0.0111138044627515
" 8840",54,1.1282000466331,0.208215956631604,0.000347177640510362,0.00972927628941466
"16896",36,1.03889488853189,0.102761408600043,0.00336441583300818,0.0112222107002092
" 7036",49,1.05486832194317,0.176368781213021,5.10249081733885e-06,0.00884882667019665
" 7785",28,1.12050435785002,0.341634360319353,0.000650515512977873,0.0113507228289304
" 8839",55,1.12415620058771,0.185910128195721,4.51934900964298e-05,0.00942091545283754
" 8547",56,1.0376833211268,0.101818090248027,9.56977359415184e-05,0.00912715442965632
" 8795",53,1.10455624280464,0.180354532821702,7.21637987023637e-05,0.00941941616200797
" 8797",44,1.03973670285465,0.147519813900413,0.000349885084617521,0.0100345942919182
" 9516",27,1.06017948157652,0.273087366429548,0.0105091525668705,0.0133001785328162
" 9473",30,1.05482079557098,0.110103139490212,2.45752618957544e-05,0.00995751019244375
" 7033",49,1.07677633482745,0.184382060542685,3.12397396979929e-06,0.00891667737819998
" 7201",52,1.06826703583414,0.228085840936124,5.3211689952248e-05,0.00974605600655517
" 9471",33,1.05045434781112,0.110338914124742,3.5613303255712e-05,0.0098825947157726
" 9515",27,0.664710198523786,0.133463200364458,0.00319749149055524,0.012541668624109
" 8874",60,1.07531400583365,0.18305693973775,3.84248798285313e-05,0.00871613987326155
" 9029",51,1.08953936571868,0.214268658640608,0.000491817635312069,0.00958978134580116
" 7200",60,1.09343857480291,0.241603825168547,0,0.00933586709273801
" 9513",32,1.03292453149797,0.113233900434983,2.12430229946352e-05,0.009954040089843
" 9740",29,1.0255296805169,0.122007579400536,0.000670300681453269,0.0103550732305646
" 8866",52,1.05114988307511,0.183985158402177,1.7702519162196e-05,0.00868064827466245
" 8483",48,1.36060634872409,0.343605504515593,0.00668592909016445,0.0123175409363614
" 7202",51,1.08191537200772,0.231373241616122,0.000197226889959995,0.00979031428049303
" 9111",44,1.17119475999022,0.494622992903142,0.000139954033847008,0.0106279918079627
" 9340",20,1.1107621424721,0.238309644237621,0.000847325873075229,0.0116867639266603
" 9370",33,1.19199091797794,0.249352651730463,0.00154803323450121,0.011418267153671
" 9653",39,1.04036815891335,0.125498003257699,0.00101956097127683,0.0106423400138473
" 6676",50,0.971904338128744,0.195344452388085,0.000765269490135167,0.0106015114460781
" 7232",57,1.04382729154955,0.229652349345598,5.64397963877072e-05,0.00909177935927638
" 9110",60,1.18861319012798,0.492204897205723,8.3826634856281e-05,0.0103116986994935
" 9371",18,1.00326344658988,0.210418998978333,0.00200340450683229,0.0117252270154484
"10002",52,0.982754159943342,0.13841984433957,0.00601729452816174,0.0118786997232502
"15419",21,1.1239384977205,0.241302819761076,0.000349052024892241,0.011622832357671
" 7368",75,1.03224696090906,0.162892904374578,0.000225655053085169,0.0099918255156527
" 8865",53,1.00185670228533,0.179793532641993,0.000182127682439299,0.00905241633871077
" 9448",17,1.10323733334347,0.235862866561047,0.000849929184716728,0.0117371990603515
" 9496",33,1.16192242981252,0.329213168497307,0.00088418876591886,0.011277512235122
"15423",14,1.02922866199917,0.209917974329451,0.000714869376755739,0.0116925254835618
" 6952",13,0.241993108054191,0.052527479708407,7.63290973287627e-05,0.0103639249615986
" 6983",16,0.305386882204626,0.0608093081611138,6.07092274797663e-05,0.0103348856846814
" 6932",28,0.405248869704137,0.160516362574678,4.13405888670107e-05,0.0112035951704038
" 7562",56,1.2226879916672,0.403483502146496,0.000217012058435391,0.0107332844523637
" 7838",49,1.15187614483204,0.3337066597813,0.000982489813501878,0.0114563762054529
" 7158",63,1.06810955158982,0.138089171970953,0.00116420096607854,0.0103406181006218
" 8688",52,0.914857073253612,0.237419532783928,0.00117857124633961,0.0115962112098644
" 8627",37,0.701395226921859,0.228871428828555,0.000472032466836673,0.011167993820787
" 9495",37,1.05335503924965,0.301176516432115,9.54894710101984e-05,0.0111656430313978
" 9447",23,0.951264910804465,0.234066007088069,0.00103226513208735,0.0117762934322874
" 6922",20,0.690134729305269,0.201670933390586,0.00153126790752995,0.0126002296872601
" 7560",54,1.19211351837528,0.390230470944819,9.79886501860379e-05,0.0107362316228674
" 7841",49,0.93264877928665,0.27420186286057,0.000458599378766536,0.011278992676679
" 9063",60,1.07370773863446,0.235186554508065,0.000940107899978268,0.0108313304822322
" 9698",26,0.993660501859044,0.243325362154485,0.00333213476865359,0.0120965722972001
" 6815",74,0.997249526557162,0.0955250068479158,0.000325309822721766,0.0088079645925566
" 7306",45,0.885449811677909,0.248911931611503,0.000110068016202595,0.010244657659446
" 7599",41,1.18376685301883,0.36676726096854,0.000819626637209675,0.0112139924228735
" 8614",58,1.04142415069103,0.282014492559803,0.000362797510359358,0.0103660408563866
" 9465",32,1.04132002509347,0.187170810369401,0.00126999955118907,0.0103329483416533
" 9151",57,1.09257376181451,0.216514974867998,0.000560545062647653,0.0106350544407984
"10194",45,1.05533033454353,0.232750897762112,0.000954686445170664,0.0113179940931072
" 7031",53,1.03947610239959,0.179404491910061,0.000139954033847008,0.00914004515411154
" 9457",22,1.02533327440143,0.177213808567028,1.36413530014569e-05,0.00984321793332702
"16548",15,1.02589869302714,0.150519280306131,0.000693001558967143,0.0112250999254114
" 9088",40,1.00313470857406,0.121259992965574,0.000671550271041188,0.0106209334217969
" 8509",65,1.03885182704427,0.148838651843795,1.97851684753955e-05,0.00853054694842363
" 2829",57,1.17313791147449,0.39354866325917,0.00117721752428603,0.0113269424532666
" 9090",45,0.938828242374914,0.110628812606945,0.000318020550125568,0.010407639394896
" 9043",47,1.10265023245092,0.193272464628664,5.93555054261866e-06,0.00911960413253437
" 8537",67,1.04940750493871,0.151786389213968,2.49917917583944e-06,0.00846628143871977
" 7898",41,1.08175655532351,0.238484135847066,0.000680297398156626,0.0099848495152222
" 9040",53,1.12161965292276,0.197730878813091,0.00132737653976772,0.0101609384369091
" 9081",54,1.05705284419959,0.124479000138236,0.00111057274626365,0.0104541412439151
" 8997",67,1.05360211567288,0.127294205738847,0.00155875887846419,0.0104733365890482
" 9441",32,1.11498831174923,0.263614632552525,0.00101331302333723,0.0115271671316747
" 7902",39,1.02292918325512,0.211318979401741,1.26000283448572e-05,0.00909593884135558
" 8525",64,1.04394614575661,0.130171352250166,8.77836685513602e-05,0.00873284023579223
" 6898",76,1.06017676828478,0.208371669897455,7.38299181529233e-05,0.00920658601248446
" 7354",71,1.03347116701484,0.156657997945824,0.000420903426197625,0.00877980445285255
" 9032",43,0.95331414187344,0.162376657132974,6.88315598012444e-05,0.00912119723325376
" 7210",47,1.25569799616495,0.417317208769274,0.00605322022881443,0.0127330447689723
" 8011",32,1.59799545220551,0.795335075460795,0.00386466819803871,0.0130734231714391
" 8323",36,0.809800404791581,0.230921734978415,0.000826915909805873,0.0121334853092171
" 7701",51,1.06074157232768,0.196914445062211,0,0.00865724833815384
"10547",17,1.02932776507174,0.0820665510607011,3.66546279123117e-05,0.00997289737800228
" 8514",61,1.07980481002962,0.222534827432573,0.00138058822971997,0.0116572850925526
" 8539",63,1.04052255707827,0.119643026089632,0.000830768811035292,0.00946178221427715
" 6876",58,0.926006384852465,0.174915125562184,0.000434544779199082,0.0107251316121705
" 9034",43,1.10111741115996,0.191917161658143,0.000314584178758789,0.00945043980920102
" 7702",52,1.05971986719182,0.196683823989733,0,0.0086959726441115
"12532",55,1.22050431111993,0.422749032410475,0.000240337730743226,0.0106023729611823
"10619",18,1.02712604214317,0.082065203792603,4.01951317447509e-05,0.00983888091726793
" 8541",64,1.0446155861083,0.148228280520413,5.20662328299882e-07,0.00842106510216999
" 7900",46,0.992101963336306,0.215573573227744,5.61273989907273e-05,0.00946953122077214
" 7695",52,1.05468714043466,0.195146264760927,0,0.0087135661886927
" 7261",28,1.06707789048367,0.344116169190252,0.00448342330899029,0.0133220402845634
" 7965",68,1.25035550512463,0.429881280241179,0.00120606221727385,0.0121476563889157
" 7941",71,1.00018091985972,0.139970183156885,0.000357070224748059,0.00931771682132009
"12572",52,1.02724096506666,0.324116217940561,0.000317395755331608,0.0104420920122806
"10632",19,1.01768582543502,0.0819936541722936,0,0.00957947144031353
"12688",20,1.01476888868255,0.0822459781321242,0,0.00968615969955426
" 6875",40,0.982895522487464,0.25992985156751,0.000982802210898858,0.0118706996933842
" 9044",44,1.03210457369128,0.183844257422523,0.000421424088525925,0.00954764297234601
" 7694",57,1.05428534571502,0.19940157496515,0,0.00870948971201914
"12689",20,1.01683740076922,0.0834655475874607,0,0.00969709019238171
" 8496",80,1.0541179652257,0.160446889211749,2.6449646277634e-05,0.00888380364644624
" 7608",39,0.913144607202837,0.261665747189209,0.000603343506033904,0.0113315202573628
" 7394",62,1.0719919316266,0.182312599742448,0.00356091379570856,0.0108822119401731
" 7167",16,1.04167309717367,0.222509935197774,0.00840276105150048,0.0130236470094598
" 6947",47,1.07116059106324,0.255686424184726,0.00226633898262373,0.0118662257643055
" 5828",56,1.43812182182912,0.533974684531679,0.00569083924831771,0.0127002116044165
" 9288",33,1.00071780769415,0.112078320379853,0.000116836626470494,0.00984057503839657
" 1061",37,1.11579756237803,0.45107249381472,0,0.0108373385822289
" 7818",54,1.00330025626729,0.221875142381824,0.00362495526208944,0.0119876347732055
" 8709",56,1.10033519128065,0.116790114957264,0.000528263998293061,0.00985974994347808
" 7050",43,1.08696274183393,0.183264012465735,2.17636853229351e-05,0.00902297161762199
" 7365",74,1.04286697308267,0.169082549424474,0.000190562412157757,0.0101071556141221
" 8744",63,0.997362735177886,0.0945492400291582,0.000586786443993967,0.00967953754112507
" 7023",44,1.06037468413079,0.185751478044388,0.00225644639838603,0.0106798439376606
" 7934",30,1.21033314969637,0.224241229762085,0.00483372492347045,0.0127272611753897
" 7231",57,1.12099198972289,0.244006146922096,0.000343533004212262,0.00951845229465983
" 7940",22,1.17378571229066,0.226935919906511,0.0024711675425769,0.0128433549417845
" 7053",34,0.975194341378314,0.160192428726282,0.000687066008424525,0.00978811559761446
" 7203",65,1.07570249685461,0.232014169001965,2.91570903847934e-06,0.00868715745776998
" 8620",36,1.21484299204412,0.419094032293635,0.000819314239812695,0.0116826335686888
" 8351",37,1.17152040570641,0.315116045736996,0.00129634506500105,0.0122194536096166
" 8762",39,1.19937903813908,0.419993086043623,0.000139329239053049,0.0115181368182915
" 9278",26,1.02112169792976,0.088987170021413,0.00145952063869023,0.0105061360548698
"11889",66,1.08178513247184,0.144670896019358,7.32051233589635e-05,0.00949806201314403
"12286",42,0.855381654817654,0.332677861028556,0.00298849763197566,0.0123197622675865
" 8214",38,1.16346966149921,0.301290307939535,0.0018657413872298,0.0119206598942739
"15824",12,1.01664736967776,0.21777341657718,0.00174932129062194,0.0118271271804936
" 7199",55,1.07556958815143,0.234484218497159,0.000239921200880586,0.00991776324973711
" 8619",49,1.18419874903068,0.417899217142179,0.000324580895462147,0.0115419678579368
" 8350",30,1.1716102026431,0.341254734140525,0.00291175200478426,0.0124395982886517
" 8763",42,1.19350705995337,0.414327768957263,0.000788491029977342,0.0115849662778067
"11047",43,1.08098080729096,0.23750850152914,6.08133599454263e-05,0.0100930730456975
"12284",67,1.08737398438434,0.146050890917683,0.000283969233854756,0.00957664481997091
" 7213",65,1.03611532503784,0.225015533825899,4.31108407832303e-05,0.00897810767951281
" 7505",48,1.08276339377976,0.20581046841813,1.23917634135372e-05,0.00918572220793058
" 7121",61,1.39589705768852,0.39938522432393,0.00441563307384564,0.0126695243985939
" 7875",36,0.721200037466969,0.135576062379233,0.00227904314343425,0.0117149872279069
" 8544",40,1.07170813022756,0.332585670744101,0.000190145882295117,0.0118635334353186
" 8748",38,1.08149051786717,0.340487639703552,0.000859092841694806,0.0115137654758233
" 7745",62,1.12234600056983,0.337085861128017,0.00248033119955498,0.0119367595993438
" 7500",57,1.05625894861021,0.195031707641674,0.00116815799977362,0.00976015153361923
" 9376",20,1.01279917545906,0.0838548380422465,7.62249648631028e-05,0.00975910515423022
"11908",61,1.05154976950399,0.151141499496353,0.000290113049328694,0.00978425837656662
" 9970",33,1.20733779810549,0.227661003131239,0.00179024534962632,0.0120308279802868
"16532",19,0.985227010996647,0.142671897024483,0.000947188907643146,0.0112873428327149
" 7198",61,1.10635739446708,0.241312972691623,0.000200767393792435,0.00949488384285021
" 7509",47,1.07761425787985,0.205646401188663,0,0.00920509587742761
" 9983",30,1.07022154828157,0.200835724800092,0.00169277736176858,0.0119501744499314
" 7506",48,1.07005926370023,0.203832294998625,0,0.00903635920542169
"10743",28,1.01667418063368,0.166531839463936,0.00493587887228288,0.0121417877027256
" 7374",72,1.03355440961921,0.154820450448067,5.20662328299882e-07,0.00898014895684411
" 7220",56,1.05138686422171,0.238491835315209,6.88315598012444e-05,0.00905427915544591
" 7502",50,1.05887409807554,0.208805495994736,9.7467987857738e-05,0.00912871994198538
" 6873",37,1.05955562970369,0.299622507539028,0.00105621559918914,0.0111613540441328
" 5523",34,1.08824095131032,0.270094558118803,0.00696708674744639,0.0131598104513258
" 7166",47,1.03184819390134,0.279012878469975,0.0003554041052975,0.0105493817528978
" 5833",50,0.848719413965178,0.204380019668949,0.00119356632139465,0.0110932780372247
" 1147",34,1.31399958884617,0.556748385717523,0.00190656131376851,0.0115145685196633
" 7758",49,1.01421235053884,0.192256843500779,0.00134518319139558,0.00920320435010799
" 8374",67,1.19241719109024,0.232069154748306,0.00201433841572658,0.0116124066727278
" 8571",62,1.01511769205413,0.0991590419392336,0.000643746902709975,0.00879364340000884
" 7684",47,1.06574959895419,0.213265459364355,0.000890644978789779,0.0102683707173609
" 7654",54,1.02123544451758,0.205474975212787,7.79952167793224e-05,0.0100091095044541
"10994",49,1.4342637178654,0.784803762195141,0.00253833298292759,0.0128771593422956
"10844",77,1.20416284899572,0.232269124807751,0.000686024683767925,0.00974837172412921
"13217",45,1.11219964031957,0.330218946375688,0.000256790660317502,0.0109049508234492
"13466",50,1.01007752624385,0.241640432501916,0.00129197150144333,0.0116782723925077
" 6863",29,0.70670477498835,0.149780567558892,0.00212221965015032,0.0117005656818867
" 9106",61,1.09757627118856,0.171098991604523,0.00245783858697242,0.01106383061019
" 9054",62,1.09274552882562,0.143389657907713,0.00342689531240417,0.0110485502050694
"10971",31,0.841315130106074,0.472206847173131,0.00121616306644287,0.0123051425064599
"10636",66,1.16625284411559,0.235816030694006,0.0013172756905987,0.0102648716536355
"13188",40,1.16547747044101,0.355208395115501,0.00128499462624411,0.0113461800606104
"13513",45,0.817886905971494,0.344967570209664,0.00289581973753829,0.0118747721718798
" 7172",31,1.03085754556363,0.22955255860896,0.00125677472805026,0.0115505516670615
" 7756",53,0.984877499379957,0.173268308809978,0.00264694314461094,0.0115484935330536
"11432",56,1.07458015645295,0.184373844709521,0.00113993810157976,0.0109252763795288
"13169",48,1.15507090059927,0.346304578260459,0.00035373798584694,0.0108636182208628
"13520",21,0.477729137493623,0.176152730495759,0.00031052301259805,0.0114128165106525
"14139",46,1.14573620138945,0.330723803215525,0.0022133355576028,0.0122356705764455
"11433",61,1.00728653789641,0.164207710718001,0.00040007693306563,0.0108546348733439
"13212",40,1.08646717477568,0.327899571322906,0.000550235948547316,0.0109643943360106
"14112",33,0.523317038964876,0.142890229064891,7.93489388329021e-05,0.0112961184054992
" 7582",18,0.896826441078872,0.116864206111053,0.00017764998641592,0.0109926093819284
" 7179",34,1.04448425780214,0.208160406518424,0.000591576537414326,0.0114202178793731
"13596",48,0.908979620163935,0.276200964551543,0.00177368828758638,0.0120092135010865
" 7176",42,0.996171128898075,0.209419713115934,0.000123396971807072,0.0110726360393577
" 7584",26,0.93892884928349,0.115769528047337,0.000778494313273984,0.0110111413658999
"14852",50,1.2865774691274,0.468887198606253,0.0032618453543331,0.0126775677068294
" 9022",47,1.07640549487392,0.183804208709806,0.000215241806519171,0.00970875598654131
" 9602",34,1.00001990156408,0.223052109888069,0.000492963092434329,0.0111257587640653
"14847",40,0.754383994298927,0.273934486232121,0.0010682949652057,0.0123740404508384
" 8487",54,1.08454076095246,0.219073538828895,0.00164695907687819,0.0108909487380559
" 7713",60,1.09500498442598,0.222713693793235,0.000186292981065698,0.00934377363758649
" 8749",34,1.09674780493996,0.332072870637862,0.00136871712863473,0.0117545129264767
" 8599",23,1.06232932802373,0.324816158932203,0.000994569179518435,0.0121379719107053
" 7181",58,1.1514117024621,0.32565552919019,0.000195248373112456,0.0108898124530434
" 9608",29,0.847203104569877,0.186685904672435,0.000807755536124437,0.0113766117392474
" 8924",58,1.04875915777269,0.100742068550429,0.000319478404644808,0.00935282168669192
" 7388",75,1.05077275640668,0.170130342307739,6.24794793959859e-07,0.00990199769026579
" 5836",83,1.03431903016594,0.218244368666342,9.10117749868194e-05,0.00983923446790827
" 7350",63,1.04216760787075,0.16497559961219,0.000976970792821899,0.0104523150496171
" 5839",50,0.801036479759806,0.180441723229564,0.000824833260492674,0.010968810636937
" 9030",51,1.06101715538711,0.193009970734314,0.000542946675951117,0.00954913018646531
" 1198",49,1.12988375110865,0.469446544450153,0.000138600311793429,0.00947416009560301
" 8491",59,1.0647487700927,0.198523338004456,4.57141524247297e-05,0.0104199049165386
" 8650",54,1.15932209024711,0.286659821090408,0.00199882267834325,0.0118125279587865
" 7333",73,1.03006394725539,0.150202732174147,0.000180773960385719,0.00888517268089531
" 5873",44,0.757416535525886,0.130011531661421,0.00170746003942663,0.0114159103155157
" 7842",46,1.05575470656885,0.298771860560425,0.0013162343659421,0.0114449473659785
"16711",10,0.494426147852325,0.120844904064542,0.00139204280094257,0.012597236032979
" 8346",52,1.07088767801142,0.11197150613405,0.000145577186992647,0.00891174754738608
"11615",56,1.12069726700621,0.289790950401163,0.000112775460309755,0.00966560890190218
"13610",61,1.23002891796686,0.399649264375415,0.00100477416115311,0.0115989116569548
"14312",45,1.32831381475693,0.6248853014717,0.00227748115644935,0.012738998939242
" 7601",47,1.08861554338929,0.326912776024566,0.000351342939136761,0.0107818191998451
"11923",41,1.08720969645569,0.254382543068016,0.00276919465929575,0.0111805241653322
"11600",44,1.11687969913428,0.279580987122792,0.00130175995321537,0.0104258780793956
"12230",52,0.946949318108126,0.348227321089446,0.0014273437068013,0.012108029543622
"13622",48,1.1647690182165,0.360298877135618,0.00134091376030352,0.0116980636766644
"10264",43,1.0838996587307,0.190198441402302,0.00445030918491041,0.0112129553322129
"10423",45,1.09825234918871,0.140609934411026,0.00401701399529925,0.0111068259511791
"11905",43,1.01750968016971,0.411190758254204,0.00173828324926199,0.0124559280791417
"11602",52,1.09168821770533,0.282386195791771,2.28050099795348e-05,0.00965202876014366
"12796",49,1.06196059109884,0.19717696651213,4.94629211884888e-05,0.00986962684863548
"14845",48,1.25527164302714,0.4710535435693,0.00125375488654612,0.0122395154208206
" 7241",66,1.04973376949919,0.270954026572769,0.00129436654815351,0.0107288105157493
"12585",62,1.0654050970995,0.185019050303055,1.01008491690177e-05,0.00974280898233421
"14842",39,1.11032846200888,0.416135500243757,0.000789011692305642,0.0120782432764906
" 8673",40,1.04373130085225,0.135894418434162,6.6436513091065e-05,0.00933312265715474
" 7703",46,1.08747284854568,0.218831567650838,6.82067650072846e-05,0.0099339311639568
" 7543",26,0.502180600790209,0.15051809847656,0.00108329004026074,0.0113635460234916
" 7936",52,1.50597138525526,0.780557411929148,0.000507229240229745,0.012560238306976
"14846",29,0.777362739077095,0.247831192167306,0.000578143449344189,0.0115930239968278
" 8672",41,1.03169085898868,0.131931927190623,2.08264931319953e-07,0.00839990321771606
" 7710",41,1.05876990583596,0.208013578589409,0.000512123466115764,0.0101610461259284
" 7709",46,1.05366070891838,0.199116660115112,5.3211689952248e-05,0.00974154925244385
" 9546",22,0.410689923329813,0.107716728765345,0.000202225248311674,0.0111066740255349
" 9492",47,1.19744700915033,0.448634224800404,0.0011419166184273,0.0121093431059473
" 8504",56,1.056422547393,0.187271472085734,4.15488537983306e-05,0.00972392886691207
" 9557",55,1.19465319293846,0.380981734363413,0.00638404907221618,0.0128070685158492
" 9491",51,1.21859490566569,0.469856235318476,0.00217584786996521,0.0124612314635849
"14377",24,0.925964202483401,0.161694205630906,0.0014065172136693,0.0112946374959712
" 7211",53,1.1101680458984,0.249803346298815,0.00130342607266593,0.010443882220634
" 8859",57,1.05931281027774,0.179046966714094,0.000525764819117221,0.00965125114677664
" 7486",46,1.0353370580245,0.224688176760999,0.00124646561394992,0.0101544096603659
" 8402",60,1.05469056321746,0.144964680845016,0.000429546420847403,0.0102810356397634
" 9476",31,0.955867545695202,0.108375475015648,0.0010802701987566,0.0106023722584195
" 8384",36,1.05239769592921,0.301597849814735,0.00396307337808738,0.0121386674099081
" 7218",52,1.03816870532707,0.226759267432236,3.43637136677922e-06,0.00893380052565654
" 1236",47,1.11393661524186,0.434432854698259,0.000562731844426513,0.00964769350480989
"11069",51,1.24028687838685,0.402886904875899,0.00146764297101171,0.0116512128419334
"11080",59,1.19304487731091,0.21845231402097,0.00236307804322185,0.0107977047105512
"12410",53,1.10067829443247,0.213126527921552,0.000196081432837736,0.0100888564577667
"13200",64,1.12058654016516,0.232629512402924,0.00017712932408762,0.0102537940073016
"11049",31,0.939463994660482,0.321308831668668,0.000149742485619046,0.0112446788022272
" 7054",54,1.11570645709807,0.210941423653718,0.00229914070930662,0.0107826660911148
" 9158",50,1.04502324117305,0.110315156124871,0.00312314091007401,0.0108443899389934
"11089",70,1.21223733674044,0.211813090279312,0.00294018016790944,0.0106912033109796
"12393",52,1.06857050368171,0.206109679748953,0.000431837335091922,0.0105786070731683
"13201",68,1.07094910886672,0.210738097686429,0.000387164507323793,0.0104088749372104
" 9472",20,0.862283425669669,0.199531281444386,0.000694355281020723,0.0116733407538282
"10635",43,1.30204372865749,0.463760536611621,0.000269598953593679,0.0115110921394474
" 6021",42,0.828911078224036,0.189214073747192,0.00126416813311211,0.0119922467813227
" 7524",32,1.07664527971817,0.221229346952559,0.00328454623184698,0.0117718195806317
"10359",50,1.07585122752317,0.269148943283599,0.000652181632428433,0.0111443578264523
"12549",68,1.22011406720167,0.406533814541565,4.15488537983306e-05,0.0104778924704029
" 9958",47,1.08923242650451,0.274480998469091,0.000334681744631164,0.0102982449186241
"10630",34,1.22235410084422,0.446083010789815,0.000717160291000258,0.0117070135173593
"11394",31,1.01828909488226,0.160888167393913,0.00832664021910304,0.0124700951230756
"12530",58,1.21785415430014,0.401913643817802,0.000146722644114907,0.0105202733656326
"12552",49,1.17102212657505,0.388851396285485,0.00057731038961891,0.0108828967629567
" 7698",62,1.08266678591868,0.220828939292715,0.000215450071450491,0.00976551425881847
" 7225",47,1.07420906698058,0.239018167594676,0.000301255223154312,0.0098832982457866
" 7696",61,1.07388135755492,0.22264568275724,6.45621287091854e-06,0.00974312290686675
" 7666",59,1.07000666854965,0.230570381618612,0.000890124316461479,0.0101635447681316
" 9025",40,1.06241983841665,0.189484883280477,0.000106423379904496,0.00917659810772973
" 7265",77,1.05306828837158,0.127874510992034,0.000274284914548378,0.00953346295647306
" 8543",61,1.05877924798376,0.18946690227617,9.44481463535987e-05,0.0100157466157751
" 7899",38,0.998038752333905,0.213870596322866,0.00219438344885268,0.0107520644986352
" 7760",45,1.03035823563947,0.244549199279793,0.00102560065428511,0.0111155943419004
" 7759",40,1.06831429368411,0.227234038930037,0.00182419253343147,0.0113378604115979
" 8561",62,1.14199175108725,0.254448508035758,0.000965828618996282,0.0115349439995791
" 7706",52,1.0559654938088,0.194009329016015,4.06116616073908e-06,0.00847285400282308
"11295",54,0.859059741255845,0.291456170552081,0.00111650829680627,0.0112216786534185
"10881",58,1.05983209401063,0.325280023935378,0.00134726584070878,0.0117328853747115
" 7697",53,1.05594618591581,0.197193933472653,6.76861026789847e-06,0.00825490947239967
" 7681",54,0.995541297031519,0.18763745365093,3.33223890111925e-06,0.00831975952382995
" 8403",61,1.16734284359456,0.308164112273466,0.00153699519314125,0.0117704362414282
" 7939",63,1.21273752764588,0.347397469703261,0.000472032466836673,0.0109011508964116
" 7937",61,1.14349073292046,0.33595680519303,0.000462452279995955,0.0108802701197148
" 2313",46,1.23505833587563,0.366630681581308,0.000714036317030459,0.011470313690826
" 9920",52,1.25689623973574,0.389760417748023,0.00152137532329226,0.0117433456980737
"10679",52,1.23067647715592,0.306860862204258,0.00172901545981825,0.011603074395549
"11799",42,1.03999194583342,0.34427840152523,0.00166424506617774,0.0124236849200337
"12429",34,0.953787219786167,0.215282620477169,0.00118356960469129,0.0115994954587144
"11046",51,1.13010868252274,0.249431224459077,1.04132465659976e-07,0.010124387892863
"12235",33,1.04465445203621,0.257140896164258,0.00111338432283647,0.01174112935322
"12935",31,0.972587677632816,0.201803316295476,0.00329902064457371,0.0115536314074058
"13320",65,1.06883362414457,0.192346900346348,8.33059725279812e-07,0.00946672714607108
"12211",34,0.975321581457902,0.23467000608667,0.000863362272786865,0.0117310396439331
"11045",47,1.06679866968421,0.230366313056689,0.000163279706154843,0.0100523725447744
"13639",69,1.07759130657888,0.194573329800747,1.30165582074971e-05,0.00947209828391059
"10857",60,1.1898591329766,0.25347209281111,0.00450227128527474,0.0122655437932852
"10855",60,1.09314866851059,0.235020860565484,0.00026480886017332,0.00987811175999583
" 9690",41,0.958322498381141,0.286338140813978,0.0016063474152708,0.0122901846218601
"10277",64,1.1023729943118,0.345927537967089,0.00131217319978136,0.012258873286752
" 9598",34,0.857867917666739,0.261197473935715,0.00132310710867566,0.0119848140269907
" 9384",69,1.09293520830483,0.199272210149204,5.78976509069469e-05,0.00983484101775167
"13637",58,1.05513449678362,0.185750041475362,0.000319790802041788,0.0096905393932735
" 7140",33,1.10445090254214,0.27671049296138,0.0039929593957318,0.0129832583186968
"10851",58,1.02583401196533,0.221171555208561,3.76959525689115e-05,0.00964437772554442
" 9385",72,1.01720465959262,0.174255800952555,0.000305420521780711,0.0103167127291692
" 9723",45,1.16088327516664,0.357931862426532,0.000616360064241401,0.0117246551092541
" 9558",55,1.18817725326894,0.2838722658521,0.000248460063064704,0.0110016750702561
" 8317",50,1.01930034138887,0.120391231508743,0.00247960227229536,0.0107133863230933
" 7497",54,1.10777193467334,0.268636899614468,0.00278835503297719,0.0120855581404973
" 9562",50,1.11195371031695,0.261915561232937,0.000109963883736935,0.0107973856500894
" 7491",52,1.08259460625169,0.26436886087742,0.00106215114973176,0.0116124117643041
"10545",54,0.96804437169712,0.159868897809183,0.000741006625636393,0.0104855294697876
"10591",36,1.15575110303282,0.401271745495351,0.00110109669188859,0.0115151423117764
" 9907",45,1.25560434194396,0.454297817035725,0.000188479762844557,0.0114751951940007
" 7205",54,1.10447679200181,0.242195926899519,3.64463629809918e-05,0.00897953099762664
" 8328",63,0.945872202703515,0.14517288018782,0.000604072433293523,0.0106658391255327
" 9736",35,1.07530391327452,0.235401195972232,0.00161249123074474,0.0105708997746631
" 9902",34,1.14725078581022,0.405310387470177,0.000586161649200008,0.011863660374551
" 7214",70,1.04129242819469,0.230164758672636,4.99835835167887e-06,0.00844936980995106
"10278",29,1.22950711810991,0.421981353804378,0.000433711719473802,0.011646170072206
" 7513",54,1.12018661603989,0.219066961342487,0.000357903284473339,0.00958631490580816
"10273",31,1.13861044817673,0.376207403563655,0.00236974252102408,0.0118220780302962
" 7511",54,1.10838080386596,0.217711002739737,0.000312189132048609,0.00953802415905414
" 7527",57,1.00314940673582,0.276918789090343,0.000943336006413727,0.0113763008057417
" 7353",76,1.03470051327878,0.158545427524884,3.01984150413932e-06,0.0084459875103765
" 7221",54,1.05940041233433,0.215005450140075,0.000326351147378366,0.00962806997224564
" 8128",56,1.12158673545678,0.350265669120736,0.000625419588753819,0.00958373638342042
"10703",41,0.969315878620543,0.171011309915643,0.00123761435436882,0.0104501568043742
"11558",34,1.08200972788404,0.1935624372247,0.00365234210055801,0.0117218712980631
"12134",62,1.08435688750089,0.175915730574528,0.00210462126345378,0.00917274055136898
"12133",57,1.0706872469877,0.170530805534595,0.000248564195530364,0.00914521762707358
" 7278",49,0.865407509450131,0.228115737142557,0.000416425730174246,0.0108411119692635
"12138",60,1.04639555986224,0.171483245540612,0.00427630383479259,0.0099022453744389
" 9621",40,1.06601462425636,0.313117005025229,0.00121283082754175,0.0120290412783319
" 9759",33,1.10941837757838,0.350995112542117,0.000364567762275578,0.0117157050138095
" 9409",47,1.27532129596115,0.398024303371347,0.000497232523526388,0.0117419822921917
" 9408",50,1.19977973030056,0.375189997498257,0.000610216248767462,0.0117522553278647
" 1091",34,1.13926747603087,0.456637211402557,9.19489671777592e-05,0.010904100781472
" 9651",76,1.53548501991187,0.372182242490086,0.00253520900895779,0.0126587794498707
" 9514",73,1.02431509434255,0.110516954753972,0.00031093954246069,0.00899693038601038
"14825",63,1.26175888862141,0.408695918316692,0.00111775788639419,0.011641606322518
" 9313",38,1.03970683141107,0.162118099865106,0.000624378264097219,0.0101454076315467
" 7711",49,1.03446321158017,0.202710494649869,1.60363997116364e-05,0.00840983004892685
"14822",57,1.08466638708862,0.383055178870876,0.000284177498786076,0.011204305059696
" 7714",45,1.00761590397993,0.190910619270709,3.75918201032515e-05,0.00900848384886714
" 8211",63,1.23439392698284,0.393621849284686,0.000712682594976879,0.010571214146822
" 8690",30,0.707533123604426,0.225155801596248,0.00097363855392078,0.0122205344071269
"10647",20,1.01715725337635,0.0841267039907995,1.7494254230876e-05,0.00969848849848344
" 8210",58,1.17266181803817,0.367826850726842,0.000366338014191797,0.0103182331822504
" 8772",26,0.543076950722354,0.16759175582532,0.000334994142028144,0.0110339938428574
" 8665",23,0.584385277999264,0.154531954959687,0.000805152224482938,0.0118962865911276
"12798",49,1.03256216608274,0.165147311409511,0.00210732870756094,0.0108308859184008
" 8231",48,0.831241432954591,0.268874108166117,0.00123417798300204,0.0110552153882898
" 8083",52,1.0922684214127,0.361070774381883,0.000404762894020329,0.00936355523461738
" 7999",52,1.08906915152597,0.349399975864603,0.000426734844274584,0.00941296406820153
" 7130",59,1.18209781505966,0.348992045611463,0.000212846759808992,0.010271472212885
" 9775",66,1.16122322134079,0.189874623304563,0.000128915992487051,0.0104256490864792
" 9888",46,0.907487517808834,0.263187318155644,0.000807651403658777,0.012141116431607
" 7131",57,1.03003644072832,0.301135887331614,0.00031031474766673,0.0103239079625666
" 9892",41,1.02599364373676,0.215249415710662,0.00730916189713941,0.012590956865712
" 9773",65,1.12164874882338,0.178325387282708,4.05075291417308e-05,0.00992791927765878
" 8913",39,1.00798263427579,0.278465329898566,0.00057491534290873,0.0117591666563405
" 2687",32,1.07223923662098,0.32755633415815,0.000183585536958539,0.0102971034760264
" 9283",36,0.969511620035544,0.171943785821256,0.00202433513242994,0.0112088148512909
" 9530",57,1.07302198997282,0.23663948758957,0.000977283190218879,0.0113179590307321
" 9267",42,1.37597910587738,0.404671754356785,0.00764363537683925,0.0131240581112084
"13831",56,1.07980137926123,0.33919781970861,0.00213263289671632,0.0114791456359023
" 9786",47,1.07099344150456,0.192059757749187,0.00137475681164301,0.0112073077776979
"10496",23,0.999086572994245,0.196912834128598,0.00160749287239306,0.012069018386502
"11453",20,0.917269200977438,0.173840941455594,0.00145608426732345,0.011983959205819
"12351",25,0.952193071401524,0.19583976524052,0.000474739910943833,0.0114915067134611
"11935",24,1.10150833148157,0.212904669356346,0.00100800226758857,0.0119018433981305
"12558",11,0.999717823249988,0.183803973346543,0.000912512796578374,0.0117515689387095
"16701",37,1.03686920614827,0.213521218303013,0.000205661619678454,0.0116071447160538
" 2903",34,1.08535252717191,0.331912125822055,0.000278346080709117,0.0103492817504003
" 1144",36,1.14839838330071,0.532213961362283,0.000278450213174777,0.0112096430863885
" 8914",44,1.04040742917576,0.282865600392752,0.000433191057145502,0.0118428185363535
" 9762",59,1.13752525473187,0.301745597406861,0.000770684378349486,0.0107536740488765
" 9425",56,1.03296221590705,0.399198252652863,0.00124823586586614,0.0121491013803784
" 9810",43,1.16364350924975,0.246573106554631,0.000651140307771833,0.0112166614120209
" 9988",44,1.26755781377407,0.369667352611422,0.00135309725878573,0.0116443686724633
" 7569",38,0.898896940235146,0.244658209621539,0.00093125664039717,0.0116131730107595
" 9758",53,1.10491227235754,0.274873819859429,0.000283969233854756,0.0106403358713107
" 9996",42,0.883421757408979,0.2121729651076,0.00137819318300979,0.0118535801564507
" 9809",46,1.05749524466942,0.252441421170922,0.00026335100565408,0.0112867245086962
" 9976",57,1.09291372252137,0.292496396170085,9.95506371709375e-05,0.0098338300764994
"10049",16,0.759280672233926,0.0910794441203145,0.000642913842984695,0.011211480900438
"10262",24,0.951471509096351,0.121998945497336,0.00136882126110039,0.0112880615096572
" 9974",53,1.16155070277114,0.305252077902281,0.000767976934242326,0.0102785793615912
" 9605",62,1.0649505520889,0.105785548746077,0.000763290973287627,0.00989221760503342
"11899",61,1.09454932629624,0.172438474751239,1.20793660165573e-05,0.00977466816939007
"10331",45,1.03559185275981,0.17947425768823,0.000249501387721304,0.010711870363693
" 7510",54,1.09013159807157,0.223298696781028,5.19621003643283e-05,0.00911839011912063
"11931",49,1.07369778815782,0.157604135353664,0.000414759610723686,0.0100449849357981
" 8497",76,1.07136763293806,0.178624855477319,0.00013443501316703,0.00978408143488813
" 7507",53,1.09487167598883,0.229388501503452,0.000242941042384725,0.00896738475103181
" 9196",41,1.16700166931333,0.156861895214836,0.00113816784966354,0.0110592088244096
" 9540",43,1.31421897063855,0.342138176561718,0.00335754309027462,0.0130131301415258
" 9198",35,1.11050197724975,0.143295880373816,0.00328517102664094,0.0115467764677249
"10491",43,1.05072537328448,0.289324225400257,0.00177941557319768,0.0115770925858131
" 7700",42,1.07480444598522,0.213155341339369,0.000302921342604872,0.00993910630273482
"10482",43,1.02957097829191,0.272715824858152,0.00109151650504787,0.0116729695388411
" 7685",42,1.06855053170055,0.213469649357469,0.000277408888518177,0.00986596455337763
" 8981",51,1.11111391098911,0.304726010780693,0.000775266206838525,0.0112251897186569
" 7705",45,1.05935692087661,0.228764793790984,0.00135517990809893,0.0106301377837154
" 9824",55,1.06903777621331,0.301138393565114,0.00241025005016582,0.0121260025886511
" 9623",78,0.973980307485552,0.0676855919060975,0.000104861392919596,0.00906949613359392
"10018",48,1.02513498813809,0.368677225738631,0.00229247623150438,0.0121302141249779
" 8215",63,1.02332038174722,0.330517860464529,6.09174924110862e-05,0.00953886228180915
" 9681",44,0.72935235997608,0.221217658887492,0.000376438863360815,0.0112972962222679
" 9556",66,1.4626525633811,0.507417033751301,0.00244638401574983,0.0123037922039046
" 9506",7,0.19594071511671,0.0411209853893707,0.000336139599150404,0.0108593307087341
" 9577",20,0.425772620466024,0.103660560447666,0.000199413671738855,0.0107891110239059
" 9508",41,1.08805456970187,0.147177488587398,0.000520662328299882,0.00955940213864617
" 8222",54,1.02973114083193,0.342706747340296,0.00138006756739167,0.0112519623147165
" 9504",40,0.793393023591483,0.313496926298488,0.000326038749981386,0.011916679679497
" 9507",46,1.06664396907487,0.140456815163799,0.000164425163277103,0.00935236846954092
" 1202",50,1.12134179006723,0.459650945876682,3.04066799727131e-05,0.00927118273655604
" 8056",53,1.0782165109611,0.341335615754623,6.76861026789847e-06,0.0088523078061818
" 9551",42,1.11532675259329,0.298473842967068,0.00181284209467453,0.0121354802155744
" 9512",43,1.01041668529369,0.130404294460382,2.93653553161134e-05,0.00920646532778153
" 8969",44,1.04654408249467,0.143318126879518,7.28927259619835e-07,0.0089336382851389
" 8971",38,1.03238441836826,0.133700584916992,0.000413197623738787,0.0104231118366058
" 9067",19,1.07977687393746,0.230847933124605,0.00349812191891559,0.0121140379320982
" 8980",63,1.20601819856774,0.30824612457079,0.000423506737839124,0.0106278756573892
" 9537",39,0.993494954001775,0.118473424055376,0.000919281406846272,0.0111277771112565
" 8978",67,1.18934053562904,0.298810819290716,2.09306255976553e-05,0.0102595147902717
" 8790",23,0.587436774403809,0.215686245375925,0.000793072858466381,0.0120260838489055
" 8648",33,0.567788519709997,0.156235958443724,0.000458703511232196,0.0111360629006305
" 8985",58,1.1366683172367,0.281043160819042,0.000209514520907873,0.0103178481705766
"12173",14,0.991987902900947,0.130740536102325,0,0.0112312019783546
"12605",12,0.846083800641776,0.106992433310825,0.000199621936670175,0.011070071892572
"11816",21,1.04421539141471,0.162698098752739,0.00176796100197508,0.0116014983306623
"11358",22,0.952811571551555,0.141843846804072,0.000592201332208286,0.0111916399515961
"16745",14,0.969303496594828,0.116869958310614,0,0.0110619941164019
" 7235",60,1.09656037422061,0.243924387359776,0.000364880159672558,0.00941642111496864
"16697",15,1.01411145830159,0.120962002280727,0.000446832410146959,0.0111888151022674
"10238",58,1.0653201870649,0.138133513320506,0.000779743902861904,0.0107729178656504
"11170",24,1.10973463806409,0.249661523645815,0.000918760744517972,0.0121299614862683
"11463",25,1.11730229339609,0.238540488609049,0.00214825276656531,0.0124609012546727
"12676",21,1.12396611905699,0.202742756325493,0.000342699944486983,0.0110351410045332
"12208",22,1.04658337958862,0.234817168143528,0.000170673111216701,0.011799116772722
"12034",28,1.1124667193752,0.268789478757641,0.000806922476399158,0.0119073823711741
"16682",38,1.22372732286692,0.283561660884174,0.000387893434583412,0.0116181068184199
"10250",53,0.970955316723162,0.11958200813434,0.00234745817337285,0.0111492575088867
"12769",30,1.06100235999838,0.220306889448058,0.000411739769219547,0.0112618329094858
"11135",21,0.908407008211117,0.187243071963256,0.00138985601916371,0.0116617136235587
"12218",25,1.08226937515422,0.240053687394711,0.00165664339618457,0.0123705307856833
"11760",15,0.811210765407996,0.166622047057967,3.5509170790052e-05,0.0110931176710907
"16703",35,1.24730892621284,0.29221892594882,0.000622608012180999,0.011617322603486
" 7512",51,1.04974384449013,0.200645357103588,3.1135607232333e-05,0.00882486315434224
" 9372",32,1.05726689060932,0.239065786371505,0.00456360530754847,0.0126209358676972
"10223",63,1.48953998640639,0.498908706166813,0.00435554864115984,0.0130859263147229
"10010",31,0.836507841093276,0.237646215948483,0.000774329014647585,0.0124982432777129
" 7501",53,1.03692697654872,0.196742636927215,1.61405321772964e-05,0.00902680509687497
"10016",52,1.14441349617733,0.285128244454653,0.000478592812173252,0.0115924134461885
" 7686",54,1.00337962579587,0.18719291345676,0.000342908209418303,0.0089973719441136
"10344",36,1.12589922231009,0.15408992342808,0.0105698617943503,0.0126490743069088
"10348",52,1.02543299579372,0.146745601086414,0.00146701817621775,0.0109269726543565
" 9477",38,0.992891062476424,0.284092006441296,0.0026683944325369,0.0123064954885274
" 9794",41,0.9113744285706,0.260917153343045,0.000951874868597845,0.0118191700404716
" 7655",44,1.11864912529823,0.332001087385318,0.000469220890263854,0.0111206408603205
" 8654",26,1.04753733123564,0.228279111477836,0.00118596465140147,0.0118344860556446
" 7637",41,1.01182058561493,0.304759088744113,0.000837433288837531,0.0112616075877879
" 9600",46,1.22627312874815,0.411759773084261,0.00119564897070785,0.0115363492851851
"10095",38,1.04540615782638,0.346946616953389,0.00198518132534179,0.0120256415592703
" 9712",41,1.11530112405852,0.26262072273074,4.57141524247297e-05,0.0100866452027436
"10841",76,1.0920677869805,0.20792949916613,0.000269807218524999,0.00857493729761661
" 9070",71,1.13992915326018,0.284074695815826,0.000218990575282931,0.0101361048998695
" 9713",41,1.12876570415786,0.268151947382143,0.000462244015064636,0.0104175067659235
"10837",77,1.09424039866735,0.207646478120194,3.28017266828926e-05,0.0082720749347903
" 9071",65,1.07958966864728,0.247293752410661,0.000315937900812369,0.0102322530770992
" 9828",47,1.26623918227544,0.426513961264437,0.000820251432003635,0.0116805774940889
" 8777",45,1.07040418099937,0.151476741369277,0.000123188706875752,0.00986992721371009
" 9715",45,1.15935630571231,0.275191859173349,0.000247835268270744,0.0103860994624904
"10845",73,1.07871699872119,0.202997743135946,1.04132465659976e-06,0.00805627098454891
" 9362",52,1.24316094821904,0.34154285012319,0.00432087253009506,0.0127679654333312
" 9311",38,1.08720907622346,0.144248291677266,0.000138600311793429,0.00987621501908034
" 7707",42,1.08407057277809,0.207295085961373,0.000152241664794886,0.00916315424449901
" 8776",44,1.05963037745891,0.141527800995023,1.04132465659976e-06,0.00942467872257901
"10832",63,1.0437831513426,0.191021615308439,1.55157373833365e-05,0.00875980634448784
" 9361",36,0.74269695155463,0.205683095418696,0.00282428073362988,0.0119925308527685
" 9312",32,1.06303834682218,0.138468282607427,0.000107256439629776,0.00978989285665294
" 7704",48,1.07265998228503,0.200236435186829,0.000129228389884031,0.00902254461554004
"10134",67,1.03239478777426,0.170584487416381,0.0001779623838129,0.00700848361702101
" 9314",28,1.06956771749237,0.142534204347033,5.80017833726069e-05,0.0097508604313901
" 9459",36,1.03097154449522,0.133563823016735,0.000501501954618447,0.00961949123293458
" 9536",55,1.07546298214948,0.120757228063729,0.00105507014206688,0.0103615969678992
"10066",55,1.03127635923637,0.17005785004503,0.00145983303608721,0.00828752288710955
" 9418",40,0.971234473017685,0.126677973516478,0.000340825560105103,0.00955367390043182
" 7699",48,0.989704323400277,0.183350327684745,3.9778601882111e-05,0.00872908415339135
" 8730",43,1.03794805974659,0.139333975392468,4.16529862639906e-07,0.0085688890376075
" 8731",41,1.03421256558644,0.135990598934596,6.24794793959859e-07,0.00846640922266261
" 7239",52,0.845756598722977,0.19591417461355,0.000167236739849922,0.0100311276377898
" 8734",37,1.06863407956234,0.134793411794532,0.000291987433710574,0.0100106791986122
" 7132",66,1.16663112019896,0.33954575332851,0.000232423663353067,0.0102878688290145
" 7157",29,0.754645989533113,0.26515912195125,0.00368066613121753,0.0122671071956624
"10387",54,1.08022829313906,0.182160501850802,0.000122459779616132,0.00959699343011455
" 7128",56,1.15814168997966,0.33968267449661,0.000214721144190871,0.0102502282634953
"10349",41,1.01034391159334,0.18860792459359,7.80993492449824e-05,0.0104598735827936
"10352",46,1.05296773404107,0.197666908021371,0.000939170707787328,0.0115588194756675
" 8225",54,1.12188571496914,0.369353578264965,0.000822229948851174,0.0108235405409127
"14154",17,0.544613478718297,0.192181010305798,0.000919697936708912,0.0119958515429284
" 8220",44,0.780568321603078,0.219753204529323,0.000208577328716933,0.0101757209434321
" 8071",52,1.06780232112176,0.336750712304218,8.27853101996813e-05,0.00903188310967489
"10114",70,1.03949668125827,0.162873989668767,1.65570620399363e-05,0.00703674945845766
"15129",27,1.01247787942818,0.219063991644959,0.00243159720562611,0.0117137973025863
"10146",77,1.03505479726631,0.1641073895041,0,0.00648321276293563
" 9860",75,1.04502843430581,0.170542421201373,0.000475781235600432,0.00740842270466874
" 9862",74,1.04420246236507,0.17027739817195,0.000191499604348697,0.00735781422860848
"10143",75,1.03365738688804,0.163562992767591,0,0.00646720431546093
"10151",77,1.03394530112026,0.163418859382229,0,0.00651020567238174
"10956",41,1.08311700796862,0.29215386007794,0.00121241429767911,0.01235005512071
" 9003",30,1.08712732432792,0.143644287451355,0.000294694877817733,0.0109188438905072
" 8345",32,1.12240030228227,0.341330581046754,0.00391840055031925,0.0123098432414678
" 2663",42,1.04734887737898,0.330660021953204,6.6228248159745e-05,0.00985764317842866
"10149",74,1.03385810762249,0.163832306842853,0,0.00649045247018966
"10828",43,1.0669589073025,0.194012318874998,3.26975942172326e-05,0.0096515591037453
" 9004",30,1.08090608879037,0.142344808820761,0.00145212723362837,0.0111693482407359
"10640",35,1.04438778540409,0.354427222646232,0.00120731180686177,0.0118627729217857
"10135",70,1.02833432227803,0.160330693427389,0,0.0067010894406883
"10824",43,1.05542024342181,0.208504639312696,0.000211701302686732,0.00923867632418745
" 9078",54,1.17641157781611,0.169495701328984,0.00048754820422001,0.0111765236876249
"10453",47,1.04992462744287,0.180494852744295,0.000106527512370156,0.00996770531956786
" 9566",55,1.26259463102252,0.257245756938739,0.000280532862487977,0.0113837856321733
" 7489",47,0.962373147602601,0.181607652649839,0.000185564053806078,0.00895257724399204
" 9575",41,1.11164048217633,0.233489199193772,0.00150992075206966,0.0119691020350017
"10439",47,1.05607716027195,0.180751272075338,8.10150582834617e-05,0.00976718648315941
" 7090",58,1.08291585785142,0.199135315208902,1.04132465659976e-07,0.00917308591147579
" 7559",42,1.01745327200602,0.245117478457722,0.00182585865288203,0.011590179463805
" 7627",49,0.954525041608157,0.20195373446274,0.00137663119602489,0.0109619756503229
"10346",58,1.14633975630928,0.177871171482825,0.00163040201483825,0.0110347938650259
"10457",24,0.646100724381872,0.118095800896596,0.00305410108534145,0.0117934670255067
"10555",62,1.12236911148878,0.153571118373734,0.000465576253965755,0.0101985812838961
" 7086",59,1.08515491357056,0.198949135675772,0,0.00921832799196326
" 7553",52,1.14087720417921,0.260496422660906,0.00133404101756996,0.0113286214282377
"10335",54,1.05948579035179,0.173473851238315,9.85093125143377e-05,0.0094477301974605
" 9159",54,1.32938654001957,0.38451032621605,0.000869922618123443,0.0119397959207022
"10705",61,1.04911374382677,0.140875470744792,0.00061813031615762,0.00990655014110487
" 7484",50,1.04277428334538,0.204666909325489,0.000468179565607254,0.00945527406066982
" 7085",54,1.08012675191715,0.197960193223536,9.89258423769776e-06,0.00920215512478617
" 7164",64,1.1663237487052,0.327641134504245,0.000359465271458239,0.0110051796903247
" 7081",53,1.06592508591445,0.19801640391109,0.000306357713971651,0.0094181246991637
" 9957",53,1.19332778941888,0.311353252138236,0.000366546279123117,0.0115469857819575
"11137",24,0.855180401097368,0.0650991291815531,0.00319988653726542,0.0106228187588715
"10776",41,1.02409978073369,0.0833549230727335,0.00212086592809674,0.0104869192240765
"11788",33,0.884483282318132,0.0678904074801058,0.00111400911763043,0.0103059741960839
" 7683",46,0.92785948159829,0.167255486787381,1.50992075206966e-05,0.00823429278568334
"11169",29,0.930089765033287,0.32076181373577,3.5509170790052e-05,0.011421876080184
"11004",37,1.20251853092653,0.42624539201387,0.000611569970821042,0.0116352590897457
"10984",32,1.15697281862976,0.290101819473894,0.00450695724622944,0.0128915440695164
"10692",43,1.13513663436288,0.295117386806882,0.00165060371317629,0.0118745006608151
"10142",71,1.05587585521917,0.176526893975803,1.69735919025762e-05,0.00650346343648455
"10691",34,1.10636715671362,0.287070797990988,0.00107464704561096,0.011822908557288
"15522",36,1.26943190026864,0.608201337832198,0.0021987570124104,0.0129887255605957
"15406",57,1.17822149557632,0.505556515157523,0.000433711719473802,0.0110481471490929
"10138",65,1.04184064734218,0.172731105350085,7.48712428095231e-05,0.00680527476896833
" 9576",30,1.09010834471532,0.306713301830302,6.6332380625405e-05,0.0111890592931628
" 9822",27,1.11451327515092,0.324160320252884,0.00061969230314252,0.0118784948931124
" 9424",53,1.11197365758932,0.142309189264896,0.000184418596683818,0.0102249565421063
"15519",51,1.25239881152919,0.437019394742672,0.0016903823150584,0.0123612790244691
"10124",70,1.03816504527897,0.169057141141502,4.99835835167887e-06,0.00645519221985612
" 9571",29,1.06955936914211,0.298947102099728,0.00013287302618213,0.0112223477216204
" 9735",26,1.07327458928178,0.297501168503152,0.000172755760529901,0.011365195799358
" 9411",55,1.13870349870512,0.153284554047455,0.000120272997837273,0.0101730217109939
"15414",39,1.0966240871927,0.311623072621194,0.00604436896923333,0.0123515920977875
"10032",34,0.882583371265946,0.182433189141824,0.000518371414055363,0.0103562375782557
"10128",75,1.02344984672963,0.16406346234545,1.04132465659976e-07,0.00717824834885268
" 9701",23,1.03468809789105,0.289482153130528,7.39340506185833e-06,0.0112114919203273
" 9415",43,1.0514776582559,0.127408602243676,0.000173172290392541,0.0102722510208549
"10160",54,1.10164040145492,0.192027449352183,0.0019570655596136,0.0115272568181856
" 9953",46,1.09305655037461,0.159917003235086,0.000148805293428106,0.0105601040646559
" 9502",50,1.1186386424307,0.119910874015911,0.000792968726000721,0.0107363623854111
"10332",47,1.08723015207258,0.233224548949555,0.000923446705472671,0.0110275241837376
"10157",34,1.0495168357499,0.252997447231629,0.00155230266559327,0.0115653929602025
" 9950",40,1.05614685737032,0.156844497470616,0.000382062016506454,0.010570459808234
" 9501",53,1.11797149701975,0.117156383197188,0.000408615795249748,0.0105905763134892
" 6986",44,0.882791766185491,0.157184328670463,0.00264788033680188,0.0115876268688573
" 7287",48,1.11582565929767,0.249926261792563,0.000434648911664742,0.0107584172215035
"10341",37,1.07609650994556,0.232576194705865,0.00162436233182997,0.0116486801097364
" 9949",58,1.04655879885251,0.134528999841635,0.000327184207103646,0.0103567844513893
" 9509",33,1.03301334209655,0.107691784648922,0.00208806420141385,0.0111788746844548
" 7285",42,1.06239165923443,0.228155038870441,0.000668634562002709,0.0108420619552061
" 8343",72,0.957149789850717,0.103596765028195,0.000811920834750837,0.0112733552166834
"11498",61,1.02755447573804,0.117054567132282,0.000514414380360284,0.0105432614468532
" 7504",56,1.09495973826364,0.239195099986745,0.000715806568946678,0.00959442212355409
"11355",66,1.10936776773429,0.120176992629318,0.00136226091576381,0.0111371639635022
"11715",32,0.870235998147252,0.0957936650082652,0.004145409325458,0.0119458721291701
"12037",36,1.01374191982232,0.302588152065423,0.00619452798471502,0.0129433806760325
"15512",49,1.13376224981333,0.494481806636839,0.000830768811035292,0.0120507615429085
"11735",77,1.05344639982942,0.128476330575695,0.000307086641231271,0.00958827144607059
"12380",40,0.913207750557742,0.235885039502675,0.00349822605138125,0.0120102984428687
"11546",57,0.893764441237453,0.0871723838524771,0.000153074724520165,0.00845789485530232
"15408",53,1.17502383118106,0.449265316927505,0.00120699940946479,0.0120247733858982
"12314",53,0.948220364780489,0.144235789623139,0.00216741314024675,0.0111176355762844
"11543",79,0.956196024762808,0.091959318391182,1.98893009410555e-05,0.00859657805787208
"12933",56,1.68418504105807,0.699092858666757,0.00483518277798969,0.0129920747753462
"13278",82,0.981124894581776,0.101140552041486,0.00135976173658797,0.0104642094118503
"12932",34,1.02388692704724,0.436881201574083,0.00177014778375394,0.0125865263356996
"10935",69,1.0718914524676,0.135183649327887,7.28927259619835e-07,0.00823107362140144
" 9841",31,1.04850581599043,0.192313957747034,0.000504938325985226,0.0115457042413005
"13807",12,0.191813632673002,0.0480846870576897,3.43637136677922e-05,0.0102187488081029
"15681",29,0.664162538388845,0.179538061031683,0.00233017218407329,0.0111925916022546
"10931",69,1.07222743840871,0.134672971147894,3.12397396979929e-06,0.00826476162209491
"13784",38,0.548130518441527,0.176801667688006,0.000108818426614675,0.0106644838155874
"14794",25,0.717217952485627,0.256859847417289,0.000737153724406973,0.0121830719956393
"14300",31,0.908449779311488,0.289779664589987,0.00368899672847033,0.0128658291958044
" 9432",70,1.43310668269876,0.326061427110906,0.00379198373700804,0.0125856016116446
"10930",69,1.06095494202938,0.132483522858942,1.59322672459764e-05,0.0082695247446733
"11628",54,0.949585735055985,0.121982365066872,0.000250022050049603,0.00955088081000317
"14504",39,0.687084620584947,0.26276998765475,0.000374043816650635,0.0117096098883257
"10218",21,1.13830669459384,0.385193910755012,0.0104950946840064,0.0132796158788874
"10927",57,0.969695612869213,0.13212287433751,0.000578976509069469,0.00937939560055747
" 1171",38,1.17396551022167,0.554715788170456,0.00132487736059188,0.0111780685755325
" 6872",37,1.00990980277518,0.273204328178947,5.37323522805479e-05,0.010444491108137
" 9257",60,1.23814989846917,0.427543491086616,0.00209806091811721,0.0122373677311304
" 9317",32,1.08999610625598,0.323648108227031,0.000968431930637781,0.0122840671108348
" 9535",58,1.01065136286727,0.0694235619197047,0.00013422674823571,0.00863952110164859
" 9368",32,1.0805341106136,0.122512288726474,0.00381999537027058,0.01121236023429
"10200",43,1.13342903642125,0.384991622160055,0.00306857549806819,0.0127041450139402
"15253",50,0.807325638633385,0.312671202140208,0.000148284631099806,0.0109853253125476
" 9534",35,1.04782973660838,0.0978475289003232,0.00471334779316751,0.0119434587006702
"10610",44,1.05777648833168,0.289392804590861,0.00312001693610421,0.0123226610979019
" 9510",42,1.00294723975369,0.13737087372575,8.71588737574003e-05,0.00924079026314688
"10518",30,1.0982339255819,0.370325112224725,0.00114629018198502,0.0118713438637113
"13579",40,0.792256125073917,0.267825954629005,0.00242420380056425,0.0118148404363623
" 9933",49,1.07424643638047,0.0990841745645863,0.00070726770676256,0.00975375001236975
" 9935",48,1.01967972624604,0.0916846711134819,0.000129957317143651,0.00937389119190882
" 7089",57,1.0211764300576,0.208277646388604,0.000101320889087157,0.00898009408927717
"14843",39,1.19601848247786,0.41900619425327,0.000537323522805479,0.0119425170510921
" 8389",62,1.01866883213358,0.112633421654259,0.000380916559384194,0.0100986052102259
"10073",44,1.02750024418442,0.0849581702672167,0.000566480613190272,0.0101095599090022
"10371",79,1.03348109907797,0.0819327095897535,0.000593555054261866,0.0094700298267881
"10677",54,0.900211894900465,0.085194974855956,0.000949271556956346,0.0110907876675556
" 9667",55,1.01202696878813,0.0912489017972596,0.000160051599719384,0.00961780932374145
"14844",38,1.18632969390339,0.410720755469321,0.000586057516734348,0.0119559855274446
"14330",44,1.42286275191051,0.543113629607936,0.00435867261512963,0.0128730878559582
" 9668",42,0.998666160749102,0.0940229146002529,0.00140505935915006,0.010050021883886
"10110",77,1.06469807525464,0.177337283086436,0.000164737560674083,0.00835434739321054
"14839",25,0.95194653521476,0.357788331501936,0.0010495511213869,0.0120789242864947
"10979",20,0.967435509183106,0.129732628075788,0.00612048980163078,0.0128645324767725
"10790",51,1.09727319581969,0.138522713411971,7.83076141763023e-05,0.00963027379706706
"10295",52,0.888298738700731,0.0844051380775705,0.000951354206269545,0.00984643479732253
"10629",20,0.415290569218237,0.0765235580789348,0.000419862101541025,0.0108918758236836
"11537",72,0.939619491357918,0.0671273273817009,0.00026418406537936,0.00872087140981232
"11306",80,1.02030856668642,0.0739354997346411,1.72859892995561e-05,0.00825505448163101
" 9993",52,1.02970799939079,0.088678588276447,0.000985822052402997,0.0100844067105369
"13487",62,1.30888621102236,0.473570690641509,0.00203047894790388,0.0122715109205398
"15432",43,1.24557103962695,0.484041805044585,0.00501335342673391,0.0131974465827389
"14685",41,0.746212872343451,0.240688862418341,0.00192238944854883,0.0127480629153199
"10977",58,1.1070554717858,0.136591967410208,0.000227633569932709,0.0095788300332117
"11267",79,1.02179476361342,0.0804588226100237,1.54116049176765e-05,0.00800551138611608
"11523",70,1.01899885652248,0.187269903586329,0.00166841036480414,0.0115124992261725
"13485",42,1.05826853682091,0.42753223445621,0.000958435213934423,0.0122243897663092
"15398",49,1.24099878856752,0.5742536721311,0.00628481083244222,0.0132846318178834
" 9609",61,1.07074362915771,0.105463311777661,0.00013235236385383,0.0098813349616515
"13558",12,1.0928886332344,0.151629293582816,0.000328329664225906,0.0113483563296783
"10782",44,0.975056465113311,0.125031925318415,0.000293653553161134,0.0100839159769479
"11525",82,1.01277563272265,0.0792373418572825,7.76828193823424e-05,0.00854746581215784
" 9610",49,1.03923061723159,0.116637670536963,0.000168694594369162,0.0102615896885827
"10446",70,1.08836352611391,0.13557650615696,0.000256269997989202,0.00998264466375566
" 9741",49,1.07800901271826,0.0949113369553021,0.000926362414511151,0.0103354220151514
"14157",11,0.269016881598737,0.0682220936746185,5.53984717311075e-05,0.0102183456184318
"10942",60,1.00292381987077,0.162049456143064,0.000637707219701696,0.0107738201309741
"10463",59,1.00788642359611,0.107549661898074,0.000168902859300482,0.00972526349327383
" 9749",50,1.04916526328504,0.0886659253518296,0.000269494821128019,0.010524863386607
"10831",38,1.22110276166845,0.409542933540587,0.000160259864650704,0.0108441011728591
" 9806",33,1.07422665024973,0.344981728210412,0.00109234956477315,0.0113977473143889
"14205",26,0.510308700272159,0.115659677679021,0.000474010983684213,0.0113760043307823
"13829",58,0.990581397557371,0.30269416224803,0.000562002917166893,0.010764478104238
"15088",54,1.06700301101298,0.411484723196026,0.0026579811859709,0.0122313035956117
" 9572",41,1.21621890065897,0.242471551764215,0.000543571470745077,0.0114196909741885
" 9799",20,1.26103077283313,0.269750942398696,0.0115463119248439,0.0130446415553999
"10464",59,0.968583362111121,0.0886517899405768,0.000463285339721235,0.00967915973939796
"10830",34,1.18317036289235,0.391781724905285,1.45785451923967e-06,0.0107437219178803
"13969",30,0.726535867591273,0.220581886495472,0.000685295756508305,0.0116663026678954
"14621",40,1.41322944246496,0.722209469819395,0.00156282004462493,0.0122049802055363
" 9568",31,1.04322223442727,0.209049576838525,0.000231903001024768,0.0114259204051722
"10120",51,1.24210151530283,0.468311114215495,0.00103403538400357,0.011691651771641
"11440",34,1.17994049290167,0.396833116425875,4.74844043409493e-05,0.0107437361248373
"14627",22,0.577896712256397,0.287072562610157,0.000174421879980461,0.0114224929881562
" 1212",45,1.10444767024468,0.444930952349687,0.000102674611140737,0.00910563323231786
" 7082",46,1.176278239364,0.262985532514508,0.00316802200277346,0.0111174771866283
" 7178",64,1.11085659567462,0.361989643690702,0.00109651486339955,0.0117621590699587
" 8365",28,1.06038770246702,0.288153525291287,0.00140203951764592,0.0118900596102345
" 9657",36,0.92134305352425,0.221125050374472,0.000639998133946215,0.0115451256993264
"10050",42,1.2424432067095,0.307326380944321,0.00453653086647688,0.0122910616411026
" 9885",45,1.19732620759478,0.285280669432044,0.000162342513963903,0.011230925333277
"14624",38,1.23603008760467,0.662503584498225,0.00105402881741028,0.0120723581141885
"11448",35,1.16949518261321,0.394372692499124,0.000143806935076428,0.0107280156983257
"15201",46,1.3798465307178,0.725267939548895,0.000588764960841507,0.011379941478006
"10069",43,1.20321180945994,0.346800808628948,0.00423246406674974,0.0132035090369722
" 9884",43,1.16362894636789,0.281865326511594,3.57174357213719e-05,0.0110760026613864
"14643",25,0.740212279569136,0.385011281415154,0.000268557628937079,0.0113610107678328
"15211",54,1.38000963320554,0.677673113727362,0.000226696377741769,0.0114126266560481
"15205",46,1.38952914701458,0.708492285789204,0.000947084775177486,0.011710757104858
"12559",90,1.05977090015765,0.104305042163565,1.06215114973176e-05,0.00812658499005767
"15563",47,1.27279045518333,0.637273730505893,4.65472121500095e-05,0.0107517184001438
"15218",41,0.930221256199642,0.476629820484837,8.3826634856281e-05,0.0107739981457141
"12550",80,1.03351619390137,0.127040410617572,0.000473594453821573,0.00904725675777241
"15562",51,1.3112540744006,0.638638404930734,3.75918201032515e-05,0.0106815218046705
" 8713",39,1.13380638917852,0.194805061980245,0.00214346267314496,0.0124802231057493
"13455",33,0.8995780721922,0.175707695908975,0.00117503074250717,0.0115116270503738
"12528",79,0.980999788408269,0.0978288434794264,5.84183132352468e-05,0.00814083205710886
"15530",45,1.27035237483865,0.628990438230993,3.85290122941913e-05,0.0106870045551659
"12416",83,1.00473871045752,0.0956156581597546,0.000108610161683355,0.00854547584515467
"13468",69,0.927988538161834,0.10226901834392,0.00233360855544007,0.0108673423631093
"15748",36,1.26550697294575,0.59780702643139,9.47605437505786e-06,0.0107857586281885
"10379",36,1.07457780575963,0.284048604415389,0.00185709839258002,0.0119179991924044
"13298",11,0.828842054092827,0.116106853657427,0.000491713502846409,0.0113093873109192
"15558",46,1.20650024138856,0.509613962291517,0.000571374839076291,0.0120828266445052
"15751",40,1.27477461787385,0.598377670256895,0.000149221823290746,0.0108946728885439
"11938",56,1.10843556080989,0.194154253331285,0.00138131715697959,0.0104500558058686
" 9721",36,1.05691887501254,0.227307607776488,9.35109541626589e-05,0.0101048126491254
"10843",75,1.06294196468462,0.190698617069858,9.05952451241795e-06,0.00787816546147719
" 8235",51,1.13274177226302,0.279194554767585,0.00206515505896865,0.0116268331806454
" 9639",36,0.995703621188239,0.102617677184512,0.000819210107347035,0.0108119752467622
" 9912",40,1.05004474296164,0.0849547027717723,0.00113244056405224,0.010396325314083
"10168",65,1.03869090609771,0.0737522441197575,0.000286364280564935,0.00889296042280017
"10435",40,1.03090486649631,0.171509614629088,0.00224613728428569,0.0115225561011637
"13822",54,1.56912247288681,0.997289352265104,0.00039611989937055,0.0120968365669935
"11651",56,1.08776542547954,0.132824535954507,2.60331164149941e-06,0.00904572232507952
"11878",49,0.956006085033091,0.116378264288157,0.000408824060181068,0.00973560427999883
"14740",32,1.53431457110411,0.798802158780208,0.00206046909801395,0.0129295851068559
"15756",38,1.27941065494994,0.609174700552696,2.18678177885951e-06,0.0107812887513363
"13871",40,1.19124844227582,0.582491607900895,1.68694594369162e-05,0.0112029355530911
" 9739",38,1.04840464366853,0.197607377416262,0.000821709286522874,0.010576226940044
"10838",69,1.0662965502536,0.190507646887269,1.57240023146564e-05,0.00815568808930291
" 9644",31,1.03544052838078,0.124075040937291,0.00304493742836337,0.0114749088774472
"10181",60,1.02919786457135,0.0703141214842005,0.000119439938111993,0.00895407935059624
" 9924",45,1.0290707430932,0.0811468038785665,0.000599698869735804,0.0100152914904506
"13971",49,1.47472559393473,0.943632207894602,0.000791719136412801,0.0121130617849166
"11644",56,1.12657711280245,0.134278481691133,3.5300905858732e-05,0.00986674183064306
"11857",40,0.954969822289543,0.115611820917581,0.0011679497348423,0.010585952724552
"15749",43,1.27755681430163,0.589867017352403,0.000413926550998406,0.0109965283654892
"10839",62,1.04656297366668,0.180823489828378,7.70580245883826e-06,0.00840350768116241
" 9315",35,1.05161101658365,0.136889228295428,0.000287822135084175,0.00962527987546221
"10706",78,1.02407080389884,0.0756440357990928,7.90365414359221e-05,0.00828029403087982
"10025",70,1.05448550117323,0.0731586641511353,5.66480613190272e-05,0.00834739672853891
" 9763",40,1.00272842128857,0.118269561023521,0.00075162813713371,0.010402688615447
"13970",40,1.27775543435559,0.778813014562004,0.00153282989451485,0.0123061937089213
"11670",46,1.06083151318923,0.133828705685992,7.0705944183124e-05,0.00958520405967325
"14602",57,1.41821762455674,0.786619993303725,0.000595637703575065,0.0116332150216962
"14676",54,1.27722416814933,0.528521134445489,0.00223697362730761,0.0124687932359892
"10817",38,1.04722690822088,0.179044249017841,0.000139641636450028,0.00978309883579491
"13428",43,1.06315897047064,0.411333608627318,0.00166351613891812,0.0117370835535456
"10026",60,1.03959824477119,0.0722236629863227,1.21834984822172e-05,0.00870113480650506
"10718",69,1.03476902555351,0.073069313890503,0.000351342939136761,0.00926213580796115
"13968",40,1.06551284995698,0.613141933436399,0.00103164033729339,0.0121365785395768
"11626",49,1.07563383810162,0.143760999704982,0.000148284631099806,0.00949711120119118
"14603",52,1.27732014430596,0.734990639977678,0.000286989075358895,0.0115125479172743
"14315",55,1.02495701891795,0.379587544392933,0.00104705194221106,0.0120510653654845
"11154",54,1.05018567936303,0.149441625040435,0.00341731512556345,0.0121075827638849
"11070",45,1.01185607446429,0.0769311791163015,1.87438438187958e-06,0.00858194747676524
"11714",75,1.0750240923591,0.121061953683482,5.04001133794286e-05,0.00914523859621905
" 9669",64,1.02415506304856,0.107687141657008,0.000200350863929795,0.00938263849220758
" 9919",39,1.00714086257278,0.133522369346505,0.00130144755581839,0.0117466215210253
"14606",47,1.36515836755102,0.746247180138566,0.000807443138727458,0.0117554873102089
"15219",45,1.33461300661351,0.728215089995634,0.0007979670843524,0.0113700063081235
"13362",57,1.02981825728073,0.12617793905473,0.000547216107043176,0.0103565562197366
"11497",56,1.0458125290483,0.136209942936325,0.000541905351294518,0.010235718721757
"11061",43,1.04240258846802,0.0795081258678392,0.000129228389884031,0.00902086115150954
" 9672",43,1.04957429108698,0.110077887809269,0.00092740373916775,0.0107266636454414
"14623",28,0.77639955350226,0.393191934743165,0.000744651261934492,0.0115162859109537
"15215",51,1.34381656935846,0.722034447362143,0.000283969233854756,0.011173905888613
" 7580",69,1.13966399743361,0.318046796771777,6.91439571982244e-05,0.0102959720139064
" 9792",76,1.10278534631981,0.0825951252830326,4.446456283681e-05,0.00855137522599813
"11074",41,1.02939590030022,0.0772777523042,4.06116616073908e-05,0.00829485982674261
"11495",67,1.02898931786163,0.124242516383312,0.000111630003187495,0.00945878631898935
"11284",72,1.05443519678569,0.104956561117347,7.4975375275183e-06,0.00831925524212894
"11550",40,0.629664093735153,0.105828115315625,0.000780889359984164,0.0113144648903953
"15371",33,0.910994014432812,0.459241787150938,0.000616151799310081,0.0110483873238695
"15555",54,1.23226276098983,0.633039658498056,0.000785575320938862,0.0114158129380604
" 7575",64,1.13344302043029,0.30367212753475,0.000540968159103578,0.010792096208873
"15221",19,0.422085102836467,0.139529614511452,0.000584391397283788,0.0112648784802667
"15561",49,1.19266652384516,0.62264260451947,0.000540447496775278,0.0113961404287197
"15556",35,0.98185873318023,0.378812415042378,0.00351051368232913,0.0125181606694952
"15759",51,1.24049960368511,0.613667986177137,0.000142244948091528,0.0107348802221211
"15760",49,1.23258115468285,0.616044542682288,0.00022117735706179,0.01077184745823
"10118",67,1.01829875238959,0.159296959191412,0,0.00680422769777221
"10364",66,1.03010803067816,0.0846535240819509,0.000106215114973176,0.00930717534934383
"15757",54,1.18791604692953,0.565496062478649,0.00030937755547579,0.0108888436380555
"13869",36,1.1482525752089,0.558679164360694,0,0.0110920096575589
" 7079",60,1.222762045617,0.30143300442934,0.00235016561748001,0.0109574961537561
"10814",45,1.01729519025424,0.182038077578697,0.000505875518176166,0.00954033400371971
"10372",65,0.992587977061934,0.0788513294981333,0.000276888226189877,0.0096122419722792
"15745",45,1.10042381941701,0.525923122346336,0.00103726349043903,0.0117997957043361
"13852",37,1.14427342641663,0.558705524572244,0,0.0110673628827842
"10127",58,1.04933819424426,0.172162437735123,6.71654403506848e-05,0.00730527500422319
" 8916",66,1.05727749247663,0.112272920132211,4.56100199590697e-05,0.00931657931768775
" 8750",69,1.1159163479948,0.131205852434805,0.00111567523708099,0.0104101233946069
"10500",49,0.96722237482951,0.0713302413365597,0.000129436654815351,0.00903261161759676
"13870",42,1.19367629646904,0.572733884878016,0.00017858717860686,0.0112205698954957
" 8753",69,1.10819546593973,0.107504671099126,0.00031166846972031,0.00989613894933753
"10150",62,1.06520930337589,0.183459845618414,3.12397396979929e-07,0.00716859229119262
" 8724",58,1.03197383651566,0.149981988333555,0.000424339797564404,0.00986282952698917
"11236",48,1.05510017060386,0.0804445304286157,7.28927259619835e-06,0.00870727028268651
"11079",49,1.05447492938939,0.0786891884651565,4.16529862639906e-06,0.00827967527392634
"11481",75,1.09425857660409,0.128128207886907,6.76861026789847e-06,0.00920928437332775
" 9980",49,1.11143664038257,0.111553832500969,4.48810926994499e-05,0.00961158362037639
"10256",48,1.18097038886148,0.202805215202045,0.00100352457156519,0.0110170974846408
"11693",45,0.966304546893267,0.106477113375142,0.00070997515086972,0.0100136307311728
"12333",80,1.04018536471906,0.0777576678408542,3.12397396979929e-06,0.00748511903985882
"10148",63,1.06348014076356,0.182073248989597,0.000261060091409561,0.00722032673633356
" 8666",42,0.953656206716413,0.110389385212942,0.000941565754497507,0.0101115365188743
"13602",21,1.12179135769693,0.181959982045049,0.00141286929407456,0.0114993622994766
"11078",48,1.05570692155797,0.0789897997634773,0.000100696094293197,0.00833867809668351
"11399",60,0.969274771638421,0.0755051650567146,0.000526077216514201,0.00916367215956717
"11718",71,1.04857415205178,0.125980560410047,2.60331164149941e-05,0.00918296037970781
" 9977",53,1.09418654918098,0.110667060951969,9.58018684071784e-06,0.00955635442284884
"10243",38,1.04700780279256,0.184320962000655,0.000279595670297037,0.0108549964709553
"12348",73,1.02297004606122,0.0706837988368461,0.000188479762844557,0.00861959420734258
"10145",65,1.06459344202407,0.182361033512814,3.43637136677922e-06,0.00709449152377018
" 7083",50,1.07232014552069,0.196329124553219,4.37356355771901e-06,0.009213067194273
" 9964",40,0.953435960457529,0.0973436183989637,0.000860863093611025,0.0103530159597732
"11081",42,1.04404508528359,0.0753437262399776,6.24794793959859e-07,0.00832011541311729
"11560",45,1.15087520273245,0.227462095087389,0.00263986213694606,0.0120509086683771
"12079",52,1.38990719537602,0.522483757899945,0.00487423245261218,0.0130370541321451
"11281",76,1.07334937370539,0.106927371870556,4.37356355771901e-06,0.00837510837894439
"12336",74,1.07525313771567,0.224769048825059,0.00216970405449127,0.0115945207408258
"10179",52,1.16621457489034,0.177362936865386,0.000837225023906211,0.0105571440784423
"10139",61,1.06713093003544,0.184256882143178,0.000457349789178617,0.0073049242351038
" 7084",46,1.03270945795393,0.196944353524401,0.000302504812742232,0.00966759896068309
"11067",47,1.04647258456052,0.0798082147496138,7.70580245883826e-05,0.00835551710224196
"14401",60,1.08196966422791,0.366518458895463,0.00230132749108548,0.0117558344607286
"12327",33,1.12241200262608,0.393088365596181,0.00443781328903122,0.0126605101323774
"11928",19,0.372378432213965,0.0652374241231356,0.00202225248311674,0.0119917391514881
"11567",68,1.00463499072223,0.109918560889656,0.000279075007968737,0.00995436107043679
"10175",46,1.10732780692747,0.151799502826246,0.000504730061053906,0.0103412468877263
"10826",37,1.03786765230382,0.179630063104309,0.000246377413751504,0.0100953010605523
"10102",61,1.02872157675953,0.165636125992799,0.0010589230432963,0.00821373539164998
"10342",52,1.08052361710009,0.176249880673362,9.44481463535987e-05,0.00997897367142961
"10421",35,0.792214594557915,0.143485118026308,0.000235235239925887,0.0103711781974322
"13174",24,1.10962652298153,0.227528709342637,0.000283760968923436,0.0111841798765638
"13309",30,0.958945651015332,0.209852368725768,0.000306045316574671,0.0111747788633618
"12879",32,1.09431096815705,0.255978210360687,0.00184783060313628,0.0120989752404325
"12492",30,1.19576517904137,0.261208433883336,0.00057772691948155,0.0115980496745951
" 9700",56,1.01158188953443,0.0623570071953241,2.36380697048147e-05,0.00765170281521423
" 9757",45,1.04004324112733,0.094204718436484,0.00191884894471639,0.011081974117526
" 9563",37,1.03653481791986,0.157651951457045,0.001753590721714,0.0115357224660052
"10060",61,1.03962968778495,0.0699970186630187,5.65439288533672e-05,0.00853535583669082
"14280",57,1.17709214839534,0.470549364215268,0.000337597453669644,0.0112889315017952
"11275",82,1.03008060054523,0.0969111923379819,4.16529862639906e-05,0.00877229273601315
"14942",32,0.692590150397171,0.284467433848769,0.000890020183995819,0.0117454874675567
"11839",64,1.18216631888067,0.209972651563275,0.00583610403791338,0.0119828640432846
"12455",76,1.04101136223461,0.107274082637812,0.000492546562571689,0.00942132717129334
"12978",83,1.41553476886324,0.221818934179001,1.38496179327769e-05,0.0109134679385749
"10452",67,1.13309056570435,0.194025835639012,0.000330620578470425,0.0105231304792204
" 9724",52,1.00626310958529,0.0621607442608496,5.7376988578647e-05,0.00743922655649654
"10063",60,1.07978819893061,0.0783052814841043,7.23720636336836e-05,0.00885115238515689
"13964",47,0.935849472206647,0.3806203278371,0.000404658761554669,0.0114798057779387
"11471",61,1.0158899217088,0.112487812241381,0.0011382719821292,0.0103386746911946
"14612",50,1.40536414606896,0.692096639005716,0.00100706507539763,0.0120526768522478
"12152",88,1.04562323097772,0.0981402431503058,7.19555337710437e-05,0.00877819920466091
"10462",53,1.05090048866641,0.160747137108999,9.37192190939788e-06,0.0090728412218335
"10720",54,1.00960453044553,0.129658012412245,0.001234802777796,0.0109379462151363
"10863",51,1.04088284585059,0.179607554925907,0.000458911776163516,0.0108932823631111
" 9835",37,1.0315941107478,0.179351290942514,0.000733404955643214,0.0111140508630691
" 9985",57,0.994551718721232,0.0700409630129406,0.000476406030394392,0.00973771669964264
" 9787",77,1.02407954863283,0.0747576837229391,7.0601811717464e-05,0.00816214140382691
"13940",34,0.612281903581922,0.226710645341858,9.76762527890579e-05,0.0108122986135165
"14782",45,0.949422045351419,0.492908298269032,0.000836912626509231,0.0117191497539426
"15281",60,1.79570962348917,0.781813731566551,0.00249293122789984,0.0124324245522918
"12874",33,0.787919564778752,0.26878503159322,0.00144067266240577,0.0123718176823285
" 9833",39,1.02565782293364,0.188464862459756,0.000241587320331145,0.011326524855639
" 9791",53,1.01868967294654,0.076807825358901,0.000196810360097356,0.0102310053721263
"14619",44,1.21742513542381,0.56112948856588,0.00341898124501401,0.0126807072241931
"10531",31,0.955833193115944,0.296199410029753,0.000897205324126357,0.0114863018137733
"15196",55,1.43517100314072,0.814579225225729,0.00039924387334035,0.011702477463696
"12871",48,0.886604979479988,0.351583554738759,0.000702373480876541,0.0117103162023658
" 7576",70,1.15436602400879,0.323687513049388,8.89291256736199e-05,0.0102271546905724
"11285",80,1.03557778664603,0.0804026903492821,9.37192190939788e-07,0.00785687420064344
"10650",78,0.979413738332346,0.098263336666638,0.000272306397700838,0.00940903900039505
"10598",36,1.02472977366951,0.211958411816958,0.00189885551130967,0.0119601071058605
"10347",38,1.01073854426814,0.300948459255928,0.000497440788457708,0.0114707036856377
"15194",60,1.52232854439148,0.83213059075462,0.000445478688093379,0.0116976585713084
"15625",40,0.991810236767923,0.471358744779353,0.000214825276656531,0.0110423766093684
" 7570",61,1.1420010252664,0.296904442601551,0.000613548487668581,0.0107275329862601
"10398",42,1.06671020660991,0.247876813927781,0.0011528505273216,0.0116245880884978
"15527",25,0.85232121379374,0.362329307485769,0.00044235471412358,0.0123185333056497
"15425",27,0.706428178362183,0.267475572568208,0.000565959950861972,0.0121035181029178
"15204",34,0.887089355979123,0.4157496459698,0.00026751630428048,0.011214183031375
"15580",42,1.3912509487464,0.839465595907557,0.000765790152463467,0.0121850871459052
" 7396",83,1.02804752671421,0.112661947567257,6.24794793959859e-06,0.00853816934677694
" 6881",32,0.952932846168327,0.240202264076125,0.000431316672763623,0.010642980750994
"11479",67,1.02844677696081,0.121936132211463,0.000156719360818265,0.00970664863732463
"15391",35,0.575125572645137,0.137869977391558,0.00102206015045267,0.0113824774619436
"15582",49,1.43254144954504,0.849061008450898,0.000985717919937337,0.0121816294623474
"15908",39,1.18007374033596,0.516563092133582,0.000554921909502015,0.011599205386362
"10113",73,1.03525936145978,0.167382881402782,1.18711010852373e-05,0.00654930363253888
"15535",32,0.908415598814861,0.537345582327883,0.000463077074789915,0.0118282584729091
"15764",61,1.37151269934055,0.834672083352793,0.000491192840518109,0.0119991530783763
"15909",32,1.36874994277089,0.72946512916329,0.00117503074250717,0.0130072451020034
"10109",59,0.962019835161907,0.149248470040725,7.70580245883826e-06,0.00655264284369504
"15763",54,1.33322772506197,0.807012545666029,0.000117669686195773,0.0116795603201903
"15755",54,1.27191531293568,0.764363028053304,0.000370190915421216,0.0118214840283514
"13851",42,1.28084841245946,0.62631415275448,0.000556483896486914,0.0113095986888618
"10827",41,1.04928988285216,0.190184911471617,0.000225655053085169,0.00930619672793936
" 9654",61,1.0259898029073,0.0638475569895489,0,0.00701770641041669
" 9931",53,1.0675138846755,0.0989627855440207,5.97720352888265e-05,0.00952054113402159
"10660",44,1.07526039935097,0.20113104255869,0.000685816418836605,0.0109477620752547
"14715",45,1.43586555721903,0.861519767697402,0.000938545912993368,0.0120382865970085
"12964",29,1.11068977890322,0.14044574314063,0.0147200612132286,0.0131661755949251
"10822",45,1.0022785466415,0.185952583870778,0.00035613303255712,0.00956331145826867
"10454",54,1.06485817293415,0.169368530974418,8.04943959551618e-05,0.00946486065763305
" 9706",59,1.02524782158179,0.0635779548662605,0,0.00707657952140628
" 9937",53,1.04458831654451,0.0988726948964647,0.000189416955035497,0.00962494063514517
"14710",44,1.28233443556313,0.802578734007891,0.000465888651362735,0.0119068530824831
"12726",36,1.15181520407348,0.189672789626203,0.000110796943462215,0.011910416867794
" 8322",65,1.18231681425006,0.231070087912522,0.00127218633296793,0.0108703051431963
"10343",46,1.06622915180756,0.179090134387536,0.000115170507019934,0.0101945978349222
" 9699",59,1.02941102345275,0.0650519693935877,0,0.00717063502116309
"10297",56,1.01380449004057,0.132357132760104,0.00057512360784005,0.0103237954028962
"10974",52,1.06454421609565,0.190222723123838,6.03968300827864e-05,0.0103471217724631
"11152",50,1.19943549536197,0.217867436572667,0.00101393781813119,0.0112943375471666
"11587",17,0.704316673191962,0.220970880573106,0.00174359400501065,0.011727337690862
" 9940",41,1.07076536347927,0.0865797392788831,0.000183273139561559,0.00913847050485203
"10084",46,1.00240424706742,0.105221175764249,0.0012566705955846,0.0106393010185254
"12990",61,1.05476876711618,0.0883814705686995,0.00017889957600384,0.0096460499337738
"10441",67,1.04365627381078,0.0758666638357788,7.4975375275183e-06,0.00764915922657038
"14714",29,0.895699919912499,0.541633066268077,0.000356966092282399,0.0115999613565634
"15282",48,1.31984651121608,0.618499492656135,0.000809734052971977,0.0120384399097764
" 9692",55,1.02373339867178,0.0639580423515465,5.51902067997875e-06,0.00747897571495925
"11510",33,1.04234128588496,0.289110015363776,0.00522109769572556,0.0131444893985028
"11127",47,0.946202538011939,0.191073654486783,0.00187782075324636,0.0120590476582653
"10858",47,0.891471281385936,0.163088812614413,0.000667489104880449,0.0109800275075988
"11517",45,1.17481065299638,0.265475453198229,0.00409584227180385,0.0126852129634773
"10739",44,0.93021553132338,0.2356155195573,0.000436523296046621,0.0115150718341966
" 9846",48,1.09264642606338,0.0874286724686047,0.000279387405365717,0.00923471985470711
"10455",54,1.26171993403132,0.161834231589876,0.00137090391041359,0.0108808882725185
"17061",35,1.20089282898053,0.37164572261592,0.00192072332909827,0.0115986182645888
"14711",13,0.307841146627685,0.0810281662788848,9.76762527890579e-05,0.0113423768455758
"15287",51,1.31640760397681,0.615445241845497,0.000276159298930258,0.011903663964839
"10131",61,1.04601089841627,0.173075608153357,0.00044350017124584,0.00730016768387494
" 9419",41,1.09732288783858,0.137421259452933,0.000739236373720173,0.0108882697987891
"11100",38,1.01804637053193,0.102186307567226,0.00579934527753541,0.0115947145706631
"12571",79,1.00808712325096,0.103096444706222,0.000347073508044702,0.00900519649874678
"11134",35,1.07414624238543,0.201811796012024,0.00480331824349773,0.0127430234759026
"11473",84,1.05482317074565,0.0896946378883529,2.81157657281936e-06,0.00776768271214185
"10870",59,1.09833536542433,0.174457646702951,0.0022034429733651,0.0118309470049335
"11131",86,1.0358256822091,0.0811907280401275,0,0.00756363860731675
" 9857",29,0.944381585696878,0.0940508501878519,0.000456620861918997,0.010501562999411
"11346",82,1.07316781927331,0.105912234345875,8.78878010170201e-05,0.00901189862960372
"10754",78,1.07047153395469,0.102805890097429,1.37454854671169e-05,0.00842404992443182
"10318",83,1.06317356260784,0.107659975876469,6.77902351446447e-05,0.00897578146925467
"10479",30,0.84604357537636,0.145916720647921,0.00507583290612989,0.0120842245373812
"17216",27,0.739138168741046,0.280575267056959,0.00201985743640656,0.0120340360955035
"15285",36,1.04807498348678,0.48512213184775,0.000385914917735873,0.0116274822355299
"15585",47,1.23829902466085,0.617799907518131,0.000304379197124111,0.0114850546566008
"10136",60,1.03407670645774,0.170372931727341,4.26943109205904e-06,0.00678074869662418
"11026",45,1.08428486716279,0.131472414563261,0.00839703376588918,0.0129582809420555
"11317",79,1.06516087694956,0.104377502562755,6.79985000759646e-05,0.00886230240426992
"10846",50,0.882521557824382,0.105436660637058,0.000635103908060197,0.0102844417324931
"10796",82,1.06438452044703,0.101036993683111,0.000114025049897674,0.00883755429425251
" 9864",31,0.977409417473165,0.0988847222378578,0.000741735552896012,0.0106569673175097
"10474",23,0.735917744069439,0.0759156239244878,0.000977283190218879,0.0110746666022676
"10330",87,1.03267258983771,0.103802535998702,3.80083499658914e-05,0.00844178670476791
"15307",40,0.97602254376442,0.38559826559778,0.00125698299298158,0.0115809133067479
"15586",57,1.23722945510973,0.604891941920556,0.000552006200463535,0.0115557564564731
"10129",61,1.03921362489397,0.172927731390363,4.07157940730508e-05,0.00726604766905411
" 7840",45,1.0729589981824,0.164056634966052,0.000323643703271207,0.00991243269958156
" 8341",38,1.01890310001345,0.14064347820383,0.000431420805229283,0.0101724041793125
" 7271",27,0.994973572714604,0.21796800068383,1.98893009410555e-05,0.0106141652545311
" 9921",51,1.07490775852122,0.132816465798336,0.00066488579323895,0.0105547714468095
" 9803",56,1.08347182523431,0.133815273621919,0.000158697877665804,0.00980807956673124
"11261",71,1.01407846390052,0.0837427862779125,1.15587036882574e-05,0.00832490442780458
" 9943",23,1.02718707854162,0.131597834065549,0.00449258696596836,0.0115790596189265
"10320",68,1.00875242004662,0.104284131942555,0.000503688736397306,0.00920135470588308
"10641",82,1.05485800862187,0.102144257587372,1.70777243682361e-05,0.00882029013450399
"10813",64,1.07159450446493,0.12346593126484,0.000200559128861115,0.00969710450853542
"10980",39,1.03005339693022,0.136782334920187,0.00175327832431702,0.0112913892803371
"12407",85,1.02686418546699,0.0980445356526042,5.7376988578647e-05,0.0078121927649116
"12023",100,1.02375239994824,0.0751142712414054,2.30132749108548e-05,0.00754433072291539
"11058",62,1.42588300457917,0.166415276045329,0.00174203201802575,0.011258417574446
"15569",34,0.442124526467431,0.137500725119054,2.69703086059339e-05,0.0104195770314691
"15768",56,1.31677194743679,0.572749152724974,0.00102195601798701,0.0119905254675555
"15898",48,1.27323419155761,0.57639520786867,0.0026689150948652,0.01265089996253
"10100",61,1.03196053321413,0.169030202627735,0.000166403680124642,0.00706187736465904
" 7843",43,1.03143577894966,0.144966864726893,3.68628928436317e-05,0.00936884731935405
" 7270",25,0.987590970687688,0.216683333614993,0.000726428080443996,0.0108657932532202
" 9955",42,1.00055100759618,0.138529146972639,0.000731842968658315,0.0106532644114284
" 9270",40,1.154320932281,0.288095318855557,0.0028114724403537,0.0120525987481569
"11313",61,0.940737786616536,0.105210777050151,0.000689773452531684,0.00963714902779524
"10621",70,1.04943814062388,0.0855271865069003,0.000540864026637918,0.0103896304377754
"12413",83,1.41555969413141,0.221824778832715,0.00030896102561315,0.0109136143564736
"12322",38,1.09025501186639,0.114251532773039,0.00622587185687867,0.0120435374513025
"11122",56,1.01004079676847,0.075350346281754,0.000375189273772895,0.00998119883253465
"15775",52,1.01286559630078,0.43833909081077,0.000296360997268293,0.0112403940972822
"11742",54,1.03011834716103,0.14596380936811,0.000116420096607854,0.00972194071329728
"12064",73,1.02971476376872,0.0834824372537732,0.000558983075662754,0.00971044391788207
"13319",68,1.02025190040164,0.075335955956074,0.000319999066973108,0.00937774363466966
"11836",51,1.0690932538418,0.139218951785138,0.000320936259164048,0.0098781298663231
"12987",35,0.835844410064691,0.0663226243122004,0.000916990492601753,0.010390148570126
"14370",37,0.702799887571,0.194502527854472,0.00181013465056737,0.0115839104311109
"10104",67,1.02540795272084,0.161884849636086,4.16529862639906e-07,0.0072983220240462
"14427",27,0.535690626047294,0.166100348298,0.000420382763869325,0.0112549838337173
"10147",73,1.02868007345105,0.160458694791359,0,0.00667903073502495
" 8769",68,1.0380788156071,0.0987237418510155,0.000283969233854756,0.0092942838679652
"12873",93,1.05523112046104,0.109823328622244,5.62315314563873e-06,0.00781422957294028
"12188",52,1.03181598413332,0.0732008215881512,0.000347698302838661,0.0095381337190787
"10408",52,0.944520460677536,0.0968770729467736,0.000288967592206435,0.00939994546583813
"10144",76,1.0320422433798,0.162569552370804,0,0.0066622166411097
" 8998",32,1.34475756776563,0.379375832096607,0.00459651116669702,0.0128643828964917
"12200",52,1.02491205167274,0.0789707467269023,0.00164144005619821,0.0100291044344778
"12556",94,1.05753716387006,0.10553440647485,4.37356355771901e-06,0.00771729118152091
"10409",55,1.01308997859909,0.113367826480565,0.00135413858344233,0.0101209762252548
"10133",68,1.02790041558249,0.15887433756657,0,0.00662543406704426
" 8640",64,1.06790593539745,0.144913079677168,0.00061865097848592,0.0103138852755416
" 9750",40,1.05180624313356,0.129841980413098,0.000272827060029138,0.0104192281806383
" 9674",35,1.06044541822525,0.154739662863228,0.00114410340020616,0.0106973699256719
"12191",70,0.994827835278212,0.104694609309958,0.000786929042992442,0.0104398481974535
"12989",43,1.48567275931834,0.708941595064094,0.00101435434799383,0.012633287954176
"12414",95,1.04921216246274,0.0974778378587879,1.35372205357969e-06,0.00696314468815781
"13436",45,0.806317470892605,0.0635855687814967,0.00164581361975593,0.0105114044280937
"10132",68,1.02733511947999,0.158742577321306,0,0.00715060808071582
" 8645",72,1.05167527884465,0.13863157430153,0.00061990056807384,0.0105290310905877
" 9694",55,1.03343153378528,0.0791859647825329,0.00281376335459822,0.00956942451145741
"14718",55,1.27646221551156,0.574787183655405,0.000272931192494798,0.0114585757051868
"12225",31,0.343451731946027,0.0425301631912419,2.34298047734947e-05,0.00827524614394621
"13065",40,1.55512803801679,0.772027966008602,0.00102424693223153,0.012745501324967
"12400",102,1.04028113487544,0.0899089713421919,4.25901784549304e-05,0.0073991757577073
"10932",71,1.06676881956212,0.133369389948671,2.39504671017946e-06,0.00826558780992895
"10419",44,1.1468947098647,0.215121353376593,0.000610216248767462,0.0112675315090132
"10167",75,1.06159241508351,0.0810852450979929,0.000118606878386713,0.00905364563617767
" 9760",51,1.00903029356143,0.136304528380431,0.00170194101874666,0.0112670373149815
" 9896",62,1.03877913784325,0.0871429481380952,0.000225967450482149,0.00963832609809732
" 9532",63,1.05735609615924,0.0819883625742889,0.000836808494043571,0.00961419658134242
" 9625",47,1.00574932202456,0.090947709731668,0.000684150299386045,0.0102482665303658
" 9545",40,0.749476976410765,0.150953342852494,0.000939483105184308,0.0108545460589089
"11654",58,1.07793175729346,0.137837109070176,4.16529862639906e-07,0.00887678934532694
"10309",47,1.0915484204601,0.105616960375413,1.07256439629776e-05,0.00891622684632134
"14716",57,1.27475975812175,0.577099940766593,0.000225238523222529,0.0112418307756263
"12399",81,1.04687774907082,0.101941377290136,9.16365697807793e-06,0.00737650491239063
"13281",80,1.04224668039492,0.0848707837125093,9.87175774456577e-05,0.00886489732440257
" 7087",49,1.07264182452574,0.196431864425799,0.000278554345640437,0.00978436942871009
"10925",71,1.05335683044415,0.133577778702232,1.55157373833365e-05,0.00825475219597581
"10861",51,1.24447093888496,0.334521917966246,0.00269765565538735,0.011730140215053
"10174",65,0.994578441456567,0.0713141294189234,2.44711294300945e-05,0.00911291989338426
"10428",50,1.0970297517817,0.208281844386012,0.00057512360784005,0.0112338287175641
" 9817",53,1.05452304867859,0.0776638657170462,0.000214512879259552,0.00931475406502532
" 9583",36,0.91618294205208,0.103390338350253,0.00159614243363612,0.0112356043756501
" 9633",36,1.00003089593981,0.107299922715801,0.00214585771985514,0.0113446479595663
" 9533",55,1.02643769916194,0.0820714239407848,0.000677485821583807,0.00933594823173909
"11622",60,1.13110444361534,0.138260309853322,0.000268245231540099,0.0101607657371668
"12162",42,1.04217914090451,0.121865784621073,0.00189718939185911,0.0112410806480117
"10308",44,1.10545942263491,0.108318622122328,2.49917917583944e-06,0.00883952550793748
"14713",61,1.16215678913845,0.490410730284155,0.000905223523982175,0.0119367113892702
"15283",71,1.14984491883974,0.447523762417448,9.81969151173578e-05,0.0108125278715208
" 7091",57,1.03358950709347,0.186955582954658,2.68661761402739e-05,0.00923704672778871
"10334",56,1.03164841973936,0.166523933007126,7.82034817106423e-05,0.00977345364135909
"10936",59,0.9909124757711,0.118579343802462,0.000137038324808529,0.0088154015305713
" 9632",60,0.93365244638945,0.0734091733764035,0.000867319306481944,0.0103888047619568
" 9905",45,0.977937412509514,0.0816347815130472,0.000660616362146891,0.00950132013717633
" 9691",53,0.978434804606673,0.0812776943624233,0.000147451571374527,0.00972402361579989
"10543",78,1.01000882629589,0.0877285866207203,3.66546279123117e-05,0.00822351049857162
"10023",74,1.04524882946316,0.0721731563728108,1.35372205357969e-05,0.00802468705570244
"10753",54,0.974613522998718,0.110199452017728,0.00262653318134159,0.011178351456721
"10840",49,0.986049917401137,0.101585842568958,0.00299037201635754,0.0114027814226052
"11646",51,1.13022340659298,0.142146435718777,6.14381547393861e-06,0.00927379958443434
"10291",42,1.04605238574389,0.0999236182417007,0,0.00858284040260637
"12448",60,1.03847831740789,0.13425471956063,8.25770452683613e-05,0.00919731916545674
"14699",46,0.714501988981736,0.288507035042563,0.000158281347803164,0.0111781920034842
"15286",58,1.15351135523714,0.457624146482376,0.000504417663656926,0.0109446972156512
" 7077",40,0.978092717967953,0.176361850491889,0.00202214835065108,0.0106718885216553
"11290",74,1.028611351302,0.0780920071974736,4.01951317447509e-05,0.00842715389988041
"10321",47,1.09176588826957,0.152050935283542,0.00181617433357565,0.0112358559072203
"10853",60,1.05503481659618,0.116826821358577,0.000544716927867337,0.0101545347273777
"10603",78,1.02620578490487,0.0887840980406211,2.49917917583944e-05,0.00840154659971926
"10028",69,1.02932447054738,0.0691706372337175,4.47769602337899e-06,0.00810948481445508
"11618",47,1.05963983645199,0.140605082406109,9.58018684071784e-06,0.0091395233847643
"12444",58,1.03045607023269,0.135813064748392,6.99770169235042e-05,0.00936204946882638
"15275",57,1.02675251523358,0.340727986674194,0.00119346218892899,0.0111089674598919
"15588",54,1.740154111208,0.911910834556969,0.00412999772054033,0.0129645269515328
"10293",34,1.04020563598706,0.155402737845615,0.00181752805562923,0.0117415446239463
"10596",76,1.03674305306339,0.0814178495586505,2.88446929878135e-05,0.00850835671157523
"12339",66,1.0248349989263,0.074081167367665,0.000674674245010988,0.0091569545262558
"11027",60,1.02869353425281,0.0725616696989722,0.000152033399863566,0.00914754638191207
" 9917",54,1.02143978035793,0.125403026035665,0.00259050334822323,0.0109772184647121
" 9664",71,1.0686483914489,0.106758307608811,3.78000850345715e-05,0.00949864102818919
"13355",53,0.926632649785477,0.143129592155808,0.000836079566783951,0.00997329117152541
"15593",52,1.33957425875132,0.628328298272238,0.003699201710105,0.0128816948379078
"10324",25,1.10435355818354,0.395683655904996,0.000289384122069075,0.0112409604864431
"10565",47,1.09002580350153,0.28611194981945,0.00680818060484926,0.0128362000985196
"12377",59,0.983331808049483,0.0698292151895967,0.000543363205813757,0.00906261467813354
" 9915",50,0.972390165216732,0.113094889957041,0.00062135842259308,0.0102680999814334
" 9665",74,1.06775370183732,0.108644029299638,5.21703652956482e-05,0.00933010844458173
"15772",40,1.00670715816945,0.465713077162645,0.00142973875351148,0.0123287707226108
"15834",51,1.25300240979233,0.587596215750088,0.00214710730944305,0.0122423562940284
"10328",38,1.11246782383425,0.350374944227715,0.00092948638848095,0.0112573077195318
"12367",62,1.01841777537055,0.0739348170313664,0.000572520296198551,0.00950092327262634
" 9661",65,1.04226259520003,0.106880864069316,3.9986866813431e-05,0.00899744445789506
" 9926",69,1.0555272957187,0.0892017242617123,0.000306253581505991,0.00956489041824241
"15827",47,1.13086927943017,0.570190347271155,0.00105069657850916,0.0121554127796208
"15774",33,0.753718918332632,0.317775498030433,0.000616464196707061,0.0117272450723841
"15515",49,1.29507013759368,0.582147475263862,0.000943544271345047,0.0120790297177909
"10683",52,1.39729220146061,0.511667889265186,0.00134403773427332,0.011777655157254
"15404",61,1.25627100411932,0.497146481943537,0.000965203824202322,0.0122267696923962
"13977",43,1.40310090453538,0.774116843564008,0.000910534279730834,0.0118956404062112
"10698",53,1.31119959210434,0.505837979644271,0.000259081574562021,0.0115300256443593
"13975",55,1.41436483687378,0.747969249488127,0.00097520054090568,0.0119259335211192
"13976",45,1.17385903137512,0.632805087418519,0.000611778235752362,0.0117897566721964
"14607",55,1.45347981678543,0.761879245394718,0.000984572462815077,0.0116589578293236
"10059",60,1.03078379195034,0.0659449895356095,3.12397396979929e-07,0.00753557491672162
"15370",53,1.29897601362083,0.561181704053051,0.00241014591770016,0.0127149052410091
"13974",32,0.884426015774949,0.362924879819257,0.00182283881137789,0.0119485279477933
"14609",50,1.40786253645388,0.739687204008229,0.00131737982306436,0.0117076159680891
" 9521",39,1.12293886223612,0.408182733860775,0.00111973640324173,0.0124409333217013
" 9442",48,1.2227569344422,0.446336643355013,0.000282198981938536,0.0125490121327911
"14320",32,1.04334702631117,0.454618647707981,0.00406304054512096,0.0127322220029486
"10058",57,1.03122901569838,0.0658008182108701,2.18678177885951e-06,0.00756249464362517
"14604",52,1.22424916868365,0.689769528092147,0.000406637278402208,0.0115167636027151
"15226",43,1.39106132153835,0.723667772607183,0.000811920834750837,0.0117536393417069
" 9436",43,1.22748048538488,0.460607699934595,0.00144442143116953,0.0127488454366898
"10934",48,0.967442363295895,0.123966857127035,0.00057387401825213,0.0101809773021644
"14317",39,0.68092352707138,0.175154236813044,0.00222177028732126,0.0115565485913551
"10056",61,1.03961304429909,0.0686361530430252,2.42628644987745e-05,0.00775030020895479
"12565",74,0.989294270294884,0.126279884300391,0.000614173282462541,0.00993477754487398
"12239",67,0.87847014471254,0.139610475776863,0.0013375815214024,0.0112136089667182
"11916",70,1.08307206619983,0.132514726962877,0.000285739485770975,0.00968939636833813
"10245",39,0.966620897781505,0.0700136870059052,0.000596887293162985,0.00964300368157274
"10489",83,1.41549300462408,0.221818377987228,1.45785451923967e-06,0.0109135916448683
"14601",32,0.867834956491256,0.420447637082098,0.00066530232310159,0.0113321872956434
"15225",43,1.35549492267665,0.710961852770983,0.000315729635881049,0.0115008759891121
"10064",65,1.03266343035762,0.0713512954824053,0.000161197056841644,0.0082728458625229
"12543",65,0.890504026579345,0.105664777504389,0.000244086499506985,0.00991134108032492
"12127",31,0.602301710746143,0.120050968146616,0.000852532496358227,0.0116025992425962
"11896",66,1.06785818264199,0.152828939725454,0.00135528404056459,0.0107585076832165
"10252",52,1.06281397978398,0.0807766443867071,8.47638270472208e-05,0.00880837211425633
"10495",61,1.03471224614296,0.0802824510824313,0.000269598953593679,0.00943781366459735
" 9734",23,1.01957445860838,0.282241931047481,0.000275013841807998,0.0114436763591716
"15224",33,0.987428146689059,0.501354944699194,0.00172037246516847,0.0118330771071513
"15573",47,1.32592595594027,0.583580953737175,0.00101768658689495,0.0116178995715555
"10246",42,1.05900700506535,0.160324345143432,0.00213513207589216,0.0110691450281118
" 9966",51,1.11155458706933,0.110282954874472,5.20662328299882e-07,0.00933826918636456
"10765",60,0.975460244072922,0.122293861973008,0.00101414608306251,0.0104664730457469
"12039",82,1.02593819255207,0.0734426686412804,7.39340506185833e-06,0.00736620819297305
"11692",50,0.810790024599535,0.0865733083450794,0.00285166757209846,0.011464845793816
"12369",93,1.05036493907245,0.0882252488648963,3.74876876375915e-06,0.00733454214235209
"11410",92,1.04897184251246,0.0929308972601701,5.17538354330083e-05,0.00780900982425046
"10241",61,1.00068269377899,0.113280344164398,0.00236661854705429,0.0109437930175472
"10570",60,1.0276642044711,0.0899453345797602,1.11421738256175e-05,0.00949928606256547
"10880",99,1.03984680752229,0.0932022046510661,5.10249081733885e-06,0.00747268790952019
"15647",50,1.27263384893857,0.572070432936027,0.00135184766919781,0.0117598791764679
"10240",50,1.06783291707064,0.187252648744855,0.000909701220005554,0.0112937102605367
"10450",63,1.28195602443017,0.215525598394356,0.0026439233031068,0.0116432181480937
" 9969",56,1.11400708823122,0.111744155432592,1.16628361539174e-05,0.00949213652627787
"12453",91,1.03639409470297,0.0804914688737693,2.29091424451948e-06,0.00682293186504011
"10885",88,1.05005162427878,0.0900925617499828,4.49852251651098e-05,0.00836965850673154
"10581",32,0.965613705660191,0.0806235530102678,0.00351311699397063,0.0109567258112248
"11704",99,1.06016297159217,0.0996628907611276,6.44579962435254e-05,0.00797946525317138
"10401",53,0.961505010927947,0.0743985095124748,0.00170433606545683,0.0104586367587726
"10460",57,0.967939383793457,0.10558068147054,0.000565022758671032,0.0100350474825517
" 9853",54,0.999903493691397,0.0690603885990918,4.34232381802102e-05,0.00870086936169432
" 9599",62,1.04438301975704,0.0971536782605255,0.000990612145823356,0.010219380012948
" 9373",62,1.04606865603032,0.0954044759146342,0.00141620153297568,0.0101617829739811
"15574",22,0.549832416508393,0.28467546061687,0.000501710219549767,0.0112945797916569
"15758",51,1.19082868185612,0.573020431631789,0.000187854968050598,0.010843585980821
"10185",14,0.608127890996963,0.0988871360113996,0.00244388483657399,0.0122688662567328
"10304",63,1.41513800989688,0.168507564200672,0.000252937759088083,0.0111068965242823
"12353",84,1.03369530704429,0.0817573357204191,0.000757147157813689,0.00853926159020584
"11396",36,1.26476804228823,0.132074418486281,0.00530627805263542,0.0116343095871697
" 9642",43,0.931207677567672,0.0791257979104869,0.000984884860212058,0.0101080590528008
"15761",41,1.16867750340952,0.557299806357055,0.000112567195378435,0.010780107858352
"11837",44,0.920138569502558,0.10674825418774,0.00159374738692594,0.0106057227690216
"10301",83,1.41542825271487,0.221811873883665,0.000690606512256964,0.0109135995338004
"12342",61,1.026021927648,0.0760315129979483,0.000588973225772827,0.00957585246927774
"12293",59,1.0325702298053,0.107655810505627,0.00419747555828799,0.0113487003660682
" 9570",52,1.27755925313328,0.220715485577669,0.00346125902607196,0.0122268766994303
" 9756",59,1.08519879441234,0.147067543680372,0.000113920917432014,0.00991499912639055
" 9301",52,1.02731907876617,0.0875416070049493,0.000285843618236635,0.00983124383798321
" 9263",52,1.02111630612432,0.0784266620928248,0.000540343364309618,0.010145590964148
"15754",29,0.949020606483221,0.456184027627925,0.000274180782082718,0.010788909352789
"11631",46,1.10622724570868,0.181914809168653,0.00114576951965672,0.010961190809471
"12713",62,1.08379387980459,0.163463011199599,0.00134237161482276,0.0100449906935818
" 9453",43,1.06801924696157,0.118029609540761,0.00184116612533404,0.0103723590883967
"10287",48,1.11849001793184,0.325741667044748,0.00489037298478948,0.0128254320342034
"12696",53,1.04114627683539,0.1359509972796,0.000142140815625868,0.00941691728348549
"10186",44,1.21710698958391,0.365561468014769,0.00303910601028641,0.0128157543179831
" 7088",47,1.05449409233497,0.196697591115415,0.000218886442817271,0.00972813377865488
" 9890",32,1.25846842125099,0.350816546994463,0.00161134577362248,0.0128185851694214
" 9986",71,0.992133445855659,0.0725129708396854,8.20563829400615e-05,0.00876758936370216
" 9782",84,1.02730874316368,0.0774238047160326,1.14545712225974e-06,0.00779548147642927
"12706",54,1.04504504155499,0.129509055222159,0.000909597087539894,0.0102082100676061
" 7080",43,1.0083632062399,0.184239358680252,9.05952451241795e-05,0.00959463270090513
" 9893",43,1.38784302976596,0.369198990462935,0.00875535358022516,0.0131488278949359
" 9783",79,1.03420895284649,0.0720932877493826,2.36380697048147e-05,0.00814979714790368
" 9989",58,1.02268331854375,0.0783377072865392,0.00126531359023437,0.0105913740112301
"11096",56,1.07592451976303,0.0851900184246584,0.000158073082871844,0.00974130158144499
"10353",64,0.9912397349486,0.108922597702795,0.00482529019375199,0.0119257812848552
"15126",29,0.963045964283795,0.290965725071479,0.00269963417223489,0.0120442531282562
"14308",52,1.2299395782763,0.488159652484394,0.00301973737167366,0.0125777480387509
"11101",44,1.03357250477615,0.0891399136537197,0.000372794227062716,0.0101656292156808
"12385",30,0.98780457794097,0.321723078163637,0.00265392001981016,0.0121608072662656
"15399",31,1.23254994851619,0.559410400144104,0.000937504588336768,0.0123123450293548
"14329",30,0.740046982390599,0.271788677896869,0.00108599748436789,0.0123559152496611
" 9959",38,0.902692626034491,0.163644862898066,0.00157031758215245,0.0115049623190452
"13561",10,0.894807387167503,0.121272271238853,0.000461827485201996,0.0110967678298499
"15395",42,1.19613925159299,0.549400295691025,0.000890957376186759,0.0124142947671346
"13603",11,0.826768847902644,0.108871971941378,0.000170048316422742,0.0109951721285152
"15524",29,1.16772184952305,0.585760246173936,0.000821084491728914,0.0126930307854612
"15396",40,1.28800507646221,0.581713438458667,0.00209399975195647,0.0125272146309617
" 7024",43,1.05940213385101,0.188218044294949,0.000474739910943833,0.00969090820026968
"10019",39,0.996329088343929,0.107363510289156,0.000615527004516121,0.0101942673183553
"10284",55,0.932496030307193,0.0844048845909599,0.00112046533050135,0.0104340453269091
"15342",44,1.01235170803033,0.46314410508113,0.000555546704295974,0.012086776908661
"14615",40,0.914008162200514,0.488202189989969,0.00125188050216424,0.0118577441981148
" 9951",47,1.03799792453286,0.100931380856478,0.00211191053604998,0.0105257760730219
"10289",58,1.03798644754673,0.0705085829655038,0.000224093066100269,0.0091794166102078
" 9808",63,1.02617020122562,0.0825750843735207,3.22810643545927e-05,0.00915747048865444
"11000",57,1.02175413064677,0.14564410525307,0.000374668611444595,0.0104921340574911
"10517",92,1.08988393919015,0.0766988087401016,1.67653269712562e-05,0.00803825958135257
"12722",55,1.08806995486472,0.133684381566027,4.49852251651098e-05,0.00937241904223211
"10730",45,1.0703468010086,0.112359846640806,0,0.00972002886097634
"14622",28,1.0003447325034,0.415936443715935,0.00335327365918256,0.0127446452584038
" 9820",72,1.09821692616006,0.115147187790947,0.000548361564165436,0.0104138364544551
"10294",74,1.03460974230499,0.0688244453058542,1.07256439629776e-05,0.00889780017096215
"10520",69,1.01109758788109,0.0709464893017824,6.47703936405054e-05,0.00899221497266569
"12730",54,1.08283232498698,0.132250385314545,6.24794793959859e-07,0.00921228397390469
"10721",41,1.03293364928829,0.100899110831902,5.20662328299882e-07,0.00913786359656643
"14709",4,0.0758356752879366,0.0132070791562458,5.20662328299882e-07,0.00873963750742825
"15192",35,0.827216900169941,0.406665313729028,0.000593346789330546,0.0112424290898386
"10001",56,1.37766219845635,0.287903853632783,0.00304150105699659,0.0115981433717472
" 9613",40,1.05018875618576,0.088251450062089,0.000813274556804416,0.0100835512180212
" 9559",46,0.908975142824851,0.0682581637800024,0.00102278907771229,0.00942768841837246
" 9500",56,1.03911098135529,0.0869424404054251,0.000130269714540631,0.00951255371517069
" 9946",47,1.05906480536529,0.1115470870668,0.000196602095166036,0.0102091241376433
"11248",87,1.03724464525982,0.0798818388454203,0.000102362213743757,0.00797328540385967
"10445",71,1.0465412964289,0.0738433115480419,5.72728561129871e-06,0.00826888766121086
"12697",54,1.05316675234715,0.133602740783804,4.38397680428501e-05,0.00920380031927717
"10736",40,1.04720186142347,0.111530307576158,0.000341242089967743,0.0100450954937659
"15202",21,0.366384724469739,0.158586241502793,6.93522221295443e-05,0.00975203530439569
" 9615",37,1.00221655280707,0.0960398273815878,0.00149273889523576,0.0103951509589805
" 9505",64,1.07287546958304,0.096285881880846,0.000103820068262997,0.00974240327798243
"12341",88,1.01462796121386,0.0697523666308746,0.000151825134932246,0.00915391517892585
"10836",53,1.02287893104004,0.0949189994344308,0.00186896949366526,0.0108728940620172
"11247",85,1.03497762401728,0.0733626727918851,4.52976225620898e-05,0.00798319883809021
"10447",76,1.03514935976838,0.0715098343720847,1.15587036882574e-05,0.00851007191025018
"10394",76,1.03519824755909,0.0976861428303137,0.000334785877096824,0.00969030352967459
"10638",65,1.01090539364154,0.0681550386891658,0.00048609034970077,0.00946742805446197
"10210",54,1.0968877673905,0.124362417717743,8.12233232147816e-06,0.00960719672915664
" 9747",48,0.889020040936382,0.213635422939864,0.00449269109843402,0.0121505666253534
" 9871",43,1.08464710577173,0.11393538731508,0.000654160149275972,0.00942385329732922
"10130",79,1.0486551617528,0.10773593074576,0.000109859751271275,0.00891313724162656
"15314",36,1.22111511628713,0.583359825213108,0.00105257096289104,0.0121463369430493
"10391",56,0.997711334942315,0.090507014732047,0.0005328458267821,0.00972359869870165
"10206",53,1.09083752258264,0.120382051999233,2.79075007968737e-05,0.00963246129161008
" 9867",43,1.02422482254436,0.103258217590799,0.000234610445131927,0.00943846343145735
"10803",42,1.20682169193891,0.358417685569501,0.00075475211110351,0.0109933468291695
"10141",72,1.05247074157014,0.112246092629972,8.19522504744015e-05,0.00880303326770282
"15349",28,1.15953462053938,0.503215133351907,0.00147784795264639,0.0122513068436965
"14726",26,0.613552359565775,0.358149066587521,0.000164008633414463,0.0112111813588865
" 9745",47,1.03902689272207,0.127725706249323,0.00165164503783289,0.0111550433709156
" 9863",32,0.981761139228604,0.106648437531598,0.00185876451203058,0.0110910829652085
"10208",60,1.03913224610974,0.11731449954185,0.00199517804204515,0.0107143126013681
"10812",46,1.09163283412354,0.324800850809487,0.000196602095166036,0.0107788360484325
"10164",35,1.01573377522147,0.0945605962352874,0.000685191624042645,0.0107828076754888
"14734",6,0.179684526830254,0.0839445444826831,1.13504387569374e-05,0.0106523903032723
"13559",24,1.2644835452666,0.175396284196131,0.00084284817705185,0.0112959571270036
"11411",30,1.16455775906751,0.380759195896139,0.000526077216514201,0.0112353169330418
" 5793",79,1.0568865131376,0.180781425634958,2.80116332625337e-05,0.00928336111234834
" 7909",49,1.08035685726123,0.223479196677003,1.30165582074971e-05,0.00870211313144206
" 9719",57,1.05260869663893,0.099577574653957,0.000703206540601821,0.0100700452158322
"14720",35,1.30212787654427,0.823223546162661,0.000952603795857465,0.0120640635901183
"14376",22,0.380242683042098,0.131400483859391,9.93423722396175e-05,0.0114334450611937
"11425",37,1.00882721487727,0.307664440153248,0.000590431080292067,0.0111677548333658
" 5823",97,1.01469905576421,0.158716314255002,1.66611945055962e-05,0.00937199087153557
" 7896",59,1.0865446362472,0.225402640449818,2.29091424451948e-06,0.00853692990051296
"14721",36,1.32457846664545,0.77301067283775,0.000845555621159009,0.0119614098975794
"14486",27,0.552143735757815,0.149378641047037,0.000712370197579899,0.0116595160687384
"14032",39,1.23168066765252,0.723624751319045,0.000861592020870645,0.0118542626676174
" 5815",80,1.0349994074438,0.173216222279153,1.21834984822172e-05,0.00943782676885501
" 7888",54,1.05394660471936,0.218106092888521,0.000227945967329688,0.0091523221803016
"14863",46,0.842558337359341,0.313035241349693,0.000593659186727526,0.011266816260864
"15288",56,1.42223405472755,0.55153368656566,0.000513060658306704,0.0113529714271495
" 9793",46,1.07845297641621,0.219295905445633,0.00138235848163619,0.0112085535532512
"14000",19,0.741760457363379,0.197267267839291,0.00198861769670857,0.0121225445400412
"14812",36,0.610572511101388,0.216347351997864,0.000907514438226695,0.0116376770311256
"14725",16,0.291955251735083,0.100546713068275,3.05108124383731e-05,0.0103593250078344
"15289",59,1.27361582804742,0.53323400648423,0.00030802383342221,0.0112976054424697
" 9656",35,0.955397567705763,0.293780892141923,0.00261497447765333,0.0124671749319129
"14344",44,1.49167320582844,0.670494945249094,0.00390819556868458,0.013080867068762
"14874",38,0.487526928074574,0.121388460380435,0.000194519445852836,0.010398179170825
"13986",16,0.389395122716485,0.179780809973615,0.000377376055551755,0.0113885582059495
"14613",36,1.23927941319246,0.649270411063052,0.00154782496956989,0.0118501221863997
"15135",24,0.98185338186388,0.141849308750743,0.0029189371449148,0.0118937693358614
"11484",63,1.06832735942689,0.125607941245257,0.000328642061622886,0.00982646637265655
"11163",34,0.916697783552675,0.078090019622813,0.00225665466331735,0.0110375822202231
"11727",59,1.05920993292282,0.119628464883768,0.00180263711303985,0.010328154022424
"11094",42,1.05280506511002,0.0827613531165542,0.000542634278554137,0.0096406496847139
"15284",55,1.26503296907354,0.496448834208344,0.000516809427070463,0.011279354031257
"15548",50,1.21038244704308,0.548775565240482,0.000829415088981713,0.011585671355262
"14949",37,1.22936030233735,0.548123976042804,0.00100498242608443,0.0119557624628244
"14359",56,1.77023314461222,0.696816419524659,0.00610278728246858,0.0130851771242467
"14617",25,1.0136313974417,0.544405746225789,0.00120252171344141,0.0116815828299393
"11178",35,0.774752896850533,0.0967093371605173,0.00310877062981294,0.0115253171745141
"11494",65,1.06832189867728,0.11647106782838,6.57075858314451e-05,0.00936088808452772
"11083",47,1.03194766116941,0.0799953279588098,7.04976792518041e-05,0.00888103050477563
"11721",40,0.867414152159217,0.182031102894807,0.000375918201032515,0.0110566311372414
"15272",44,0.923798485253222,0.363411868137896,0.000479425871898532,0.0110641040167125
"15581",46,0.652921254168292,0.207070056732784,6.79985000759646e-05,0.0108372644430968
"14379",37,1.15789611381299,0.545557928493226,0.0031119987362484,0.0128086321523295
"14608",17,0.261883579613614,0.115402103327249,4.37356355771901e-06,0.0100704319151007
"15217",57,1.30635717629827,0.627969235058207,0.000933755819573009,0.0112785781003737
"11485",71,0.985146088716949,0.109586235075165,0.00017598386696536,0.00903093596741064
"11059",45,1.03994225007542,0.0743802706131682,0,0.00824178229967588
"11565",71,1.0098536087679,0.124988303214257,0.00061990056807384,0.0108049805156501
"11294",79,1.06718429334878,0.109746187964745,8.64299464977805e-06,0.00878104202216024
"12323",44,1.07756281685481,0.276301697260066,0.00443510584492406,0.0123728117507669
"10661",44,0.875683438269333,0.132688662407237,0.00233548293982195,0.0116334586414163
"10418",56,1.09179138888667,0.107279531523131,2.55124540866942e-05,0.00950575284907849
"15216",60,1.26528329633577,0.607841166821363,0.000390184348827932,0.0111299594920786
"11071",41,1.0395184169783,0.0766368428337873,0.000194311180921516,0.00869561937010152
"11822",44,1.07355438174311,0.20131371562439,0.00224165958826231,0.0118096711595892
"11276",79,1.06805738826797,0.107032632422941,1.23917634135372e-05,0.00876668185944796
"10413",47,1.08591609896982,0.110539809508715,0.000170360713819722,0.00974832191189068
"15222",22,0.46316114454873,0.139594426194222,0.000268453496471419,0.010860331450755
"15559",41,1.24799079909475,0.663648359381091,0.00134789063550274,0.0114423107900665
"10137",72,1.02323532207234,0.160583358668376,0,0.00662132432134387
"11540",88,1.07315407174949,0.109128007691759,5.83141807695868e-06,0.00850090334920726
"12146",89,1.02682133549305,0.0989385582932244,0.000315208973552749,0.00924517644694453
"10244",56,1.04900414244671,0.125055946793342,0.000667593237346109,0.010443122823073
" 9870",72,1.03743348567514,0.108663304903923,7.28927259619835e-07,0.00903022442534132
"10425",54,1.0116960228519,0.100503870751752,0.000172964025461221,0.00975499842900975
"10879",73,0.955578404239551,0.0721644028739164,0.0009748881435087,0.00962190246408492
"10533",52,1.08812636039802,0.124051118516181,0.00039643229676753,0.010211543924996
"15568",36,1.20553941693719,0.635636385233667,9.52812060788785e-05,0.0111370972836834
"10094",69,1.01738554579956,0.161922182987742,8.33059725279812e-07,0.00708643906754691
"10800",33,1.01081973560884,0.323523096454007,0.00013089450933459,0.0107673166565373
"12157",82,0.989321055505143,0.0873896323871917,0.000259810501821641,0.00897961501928063
"10270",52,1.12302753557677,0.126262386454381,0.0029069619113639,0.0116196492245093
"12695",57,1.01928600547802,0.124673272259546,0.000101008491690177,0.00911844056077597
"10544",65,1.05662757615423,0.121099450776766,0.000181294622714019,0.00997513134090943
"15538",3,0.0518254203356721,0.0134199618428052,0,0.00792531991733615
"15752",41,1.23016679015175,0.617118672249943,0.000262622078394461,0.0107806565050233
"10117",66,1.02637587806023,0.160082002488604,0,0.00649145683210322
" 9544",49,1.37138301487903,0.39187417202796,0.00324934945845391,0.0127399132698636
" 9433",61,1.29989643422434,0.343877172703658,0.00061969230314252,0.0122847804042261
"12868",58,0.87997941128833,0.259516408341771,0.00138454526341505,0.0116705364551665
" 9663",46,0.999445225647523,0.0933596132491054,0.000837953951165831,0.0100283244882446
" 9542",47,0.965844758017076,0.0820683171588756,0.000209931050770513,0.00972317796686157
"10313",44,1.05747223576723,0.100959584303778,4.16529862639906e-07,0.00843545854824741
" 9990",54,1.08040972326108,0.13727569038773,0.000188583895310217,0.00994354922409278
"10680",35,0.948375915165369,0.128594730211337,0.0102762082411891,0.0125615342124489
"15750",40,1.17526301494439,0.614983699101236,7.9453071298562e-05,0.0107691327488039
"11438",33,1.10555622746958,0.377853090414335,0.000246065016354524,0.0111134888458245
" 9435",44,1.20936759429135,0.340908974293328,0.00103195273469037,0.0124604524912688
"10314",50,1.06819896541063,0.103278220474066,4.16529862639906e-07,0.00847338165925506
"10675",34,1.10736623801539,0.216959352273983,0.0142006484745167,0.0130942877542516
"15747",41,1.12608134173122,0.57301024533671,9.97589021022575e-05,0.0105698861873778
"10306",57,0.960826859764883,0.0768286803457374,0.000473490321355913,0.0098293200063116
"15769",28,0.648621951251935,0.275004717218672,0.000359985933786539,0.0112622199306328
"13786",25,1.01968014487495,0.487799995419335,0.000995610504175035,0.0118818619961314
"10286",42,1.12814627769574,0.18380018464063,0.00120241758097575,0.0112491221652362
"10228",39,1.01821295128829,0.0828320453013996,0.00127780948611357,0.0110165999667632
" 9708",49,1.0021035872926,0.0642424583944271,3.69670253092916e-05,0.00757478552289846
"10285",25,1.02200282458069,0.141164569565332,0.00119616963303615,0.0116433423420335
"11713",68,1.07156615591462,0.126657993561468,4.02992642104109e-05,0.00921308571971901
"11208",42,1.09499861385565,0.142909475462159,0.00946376674410998,0.0124986984918363
"11076",55,1.01206855704193,0.0739786298348745,3.59257006526919e-05,0.0084046789572809
"12427",76,1.00477964600283,0.0802169175184805,0.000129749052212331,0.00851920227468157
"11064",44,1.03582518147876,0.0742467747480163,0.000147555703840187,0.00860801360278191
"11488",74,1.06756298180321,0.122128357101809,0.000109651486339955,0.00917128986994642
"11569",49,0.748561767956085,0.0894196651298923,0.000445791085490359,0.0102044134512779
"11292",74,1.06061107427195,0.104199036302197,0.000209722785839193,0.0094642185432185
" 9947",47,0.994982269762499,0.0874647773302266,6.2062949533346e-05,0.00908511446702909
" 9705",53,1.02734700707154,0.0628455910487706,0,0.00710111560363693
"11623",47,1.07783275173739,0.130468449571918,0.000941669886963167,0.0107912148661051
"14739",27,1.05772113440448,0.363432082129976,0.00788709708155228,0.0135626986817828
"11643",52,1.09189650228987,0.13245491046461,0.00212607255137974,0.0108019168733758
" 9697",59,1.02538534769476,0.0627332917512943,0,0.0069708801186491
"11595",44,1.05362441218972,0.129911205544011,2.70744410715939e-06,0.00931917136829318
"14728",17,0.465912480775995,0.159828940384957,0.00155094894353969,0.0120582749123875
" 9696",55,1.0195895088539,0.0623846765439288,3.76959525689115e-05,0.00727386445863634
"10991",43,0.838043850609304,0.111931859153125,0.000642913842984695,0.010708852298469
"10681",49,1.04980640940325,0.160736709765431,0.00044110512453566,0.0106014577939996
"11245",46,1.07806312563229,0.227399572105204,0.00101643699730703,0.0117155043174175
"10744",34,1.02635469461264,0.289546173307819,0.00185126697450306,0.0124507291653056
" 9855",36,1.040685386956,0.0853143089110426,0.000880752394552081,0.0102502496259127
"14824",4,0.176369492054186,0.0742458442471532,0,0.011577867601278
"15293",29,0.897818490960261,0.474781243478041,0.000996964226228615,0.0119490763801685
" 9717",58,1.00718372945268,0.0623980416610279,0.000578768244138149,0.00792647154674819
" 9858",43,1.00803132548276,0.0809694610815335,0.000223780668703289,0.00955321210156695
"11238",39,0.94184661652168,0.198979098198504,0.000919385539311932,0.0118315981300869
"10989",35,0.742509217506885,0.152637495845707,0.000566272348258952,0.011551434919317
"10715",54,1.11707402170751,0.185366312996676,0.000163800368483143,0.010553802615545
"17235",59,1.36640004096522,0.555295899543458,0.00319332619192884,0.012164039764167
"15262",29,0.501122996861618,0.207436605928755,0.000193373988730576,0.0110685928777893
"13095",48,0.810611936272116,0.262376527918968,0.000911367339456114,0.0115377564451442
" 5791",67,1.29137422777982,0.252862659599268,0.00155771755380759,0.0111721295534675
" 7338",88,1.0299283438717,0.112936597531414,7.0810076648784e-06,0.00842630211392981
"10887",53,1.00725655998799,0.120515163294613,0.000527535071033441,0.00991303784693189
"11311",86,1.04539423460555,0.0914581969781729,5.41488821431878e-05,0.00831500334038197
" 9998",56,1.01431243848637,0.0769848230228078,0.000216491396107091,0.00934745057006007
"10774",82,1.05189851803813,0.100519012463932,7.60166999317828e-06,0.00889578645516515
"10312",72,1.06294206751105,0.118511009087172,5.23786302269682e-05,0.00898554855832157
" 7450",87,1.03135993371058,0.113087312481958,5.55026041967675e-05,0.00920696251418791
"11301",78,1.03757853979485,0.0776050725041222,0.000182544212301939,0.00918932069361265
"10323",79,1.00603631954553,0.097908722967483,9.20530996434192e-05,0.00886814998964918
"10978",35,0.944702809518696,0.144649554611662,0.00337857784833794,0.0117018927003284
"11529",60,0.931246610106124,0.0667480038820223,0.00168038559835504,0.0102366965294818
"10786",74,1.07910504095031,0.130131023912018,0.000188375630378897,0.0095444667719514
"10627",81,1.0390568779338,0.0959993379220783,0.000163696236017483,0.00854058561735982
" 7382",93,1.02981340492985,0.11552959637555,9.37192190939788e-07,0.00788177819669549
"10609",64,1.07320559006283,0.133241777160352,0.00185886864449624,0.0107881516253466
"11302",80,1.03134687456344,0.081903697753732,8.22646478713814e-06,0.00776594433413972
"12100",86,1.03661665758464,0.0761278800173036,0.000167340872315582,0.00853672007595829
"10564",57,1.05805877589964,0.100601424970654,9.49688086818985e-05,0.00995353890606912
"10236",45,1.02793103465728,0.10658257854586,5.57108691280874e-05,0.010330669095791
"12097",80,1.01079539197137,0.0701367332089681,3.69670253092916e-05,0.00814565268515472
"10232",47,1.2802318704339,0.147973531467327,0.00640924912890589,0.0118548429203853
"10573",53,1.02437728753302,0.0838728949570472,8.33059725279812e-07,0.00995022841921961
"12979",69,0.989057957549183,0.0697816946184013,0.00026439233031068,0.00927195118702975
" 9795",52,1.08360482425414,0.187908170302418,5.7481121044307e-05,0.00970305862921707
" 9655",57,1.00756566857419,0.142048748702234,0.00190364560473003,0.0111249794357981
" 9800",49,1.14613205843067,0.211309686933275,0.000636978292442076,0.0112953544923251
" 9695",59,1.02053399328744,0.0637661381074583,0,0.00696965492439579
"14750",49,1.34350712740352,0.852713733918565,0.00208306584306217,0.0125171381559604
" 9714",56,1.01494175919541,0.0653315045758568,5.49819418684676e-05,0.00773034823443935
"14748",45,1.28918252195749,0.793005246355054,0.00136455183000833,0.0124488646650762
"11090",50,1.0820968749262,0.166973422461366,7.28927259619835e-07,0.0102884235544927
"14746",20,0.354290667106634,0.135575922465637,0.000158489612734484,0.0111553553661513
"15290",61,1.53024294729354,0.796985628040324,0.00196248044782792,0.0124554387076088
"12194",36,0.890795908835606,0.138321143730958,0.00474927349382021,0.011691351878682
"12553",88,1.06679109368572,0.113636015265621,5.91472404948666e-05,0.00887480395472688
"10873",55,1.07404470166304,0.187478194553512,0.000224821993359889,0.010513225566209
"11119",65,1.05443011012004,0.122954726591062,0.000167549137246902,0.00925307650558784
"15292",60,1.45108334236305,0.741050055855364,0.0014361949663824,0.0124150912218353
" 7078",45,0.845157985947195,0.167532315557266,8.90332581392799e-05,0.00934976711504425
"12560",78,1.06489251895545,0.120997471775933,6.86232948699245e-05,0.0089699004225512
"12193",37,1.09479204264313,0.221800479917342,0.00695844375279661,0.0123433259805008
"11287",76,1.05799544631884,0.0907355300436155,0.00330818430155179,0.0106896313584854
"10625",45,1.05423968884037,0.0961549156244751,0.00289821478424846,0.0113381732930068
"11526",64,0.994469070367579,0.169776287772288,0.00571124921158707,0.011954118151301
"11114",63,1.07656686979845,0.126259736665022,0.000280949392350617,0.00971866366442797
"15298",21,0.415622927486356,0.225335830848385,4.38397680428501e-05,0.0110637001114752
"15592",56,1.34193945700604,0.626155698603738,0.000182648344767599,0.0113898725949934
"10097",62,1.01221319332096,0.163639198245988,3.47802435304321e-05,0.00673808847319067
"11062",39,1.0251165407486,0.0743284416766671,1.62446646429563e-05,0.00827513050590159
"12366",80,1.1019517540558,0.149168617011942,0.00198226561630331,0.0104770878013301
"12924",32,1.15447416241942,0.514414119719339,0.00244794600273473,0.0130157982344977
"12420",81,1.04891337428641,0.100933531704362,9.37192190939788e-07,0.00767432689016967
"11278",68,1.22280336530453,0.146084004890735,0.00242232941618237,0.0107623512492083
"11123",60,1.03427504400565,0.109045881014175,0.00121647546383985,0.010450614114699
"12840",21,0.358909414874043,0.143825124264158,0.000110901075927875,0.00949533501522556
"15596",55,1.3413709921754,0.617724052388083,0.000460786160545396,0.01144778821753
"12419",82,1.04835784416495,0.103645556485992,3.43637136677922e-06,0.00776463434434677
"12864",24,0.446661639061902,0.112505793082213,0.000434857176596062,0.0106555827742368
"15566",40,0.769280103550964,0.311253030881228,0.000813899351598376,0.0116360468918525
"15771",50,1.39082997318065,0.570036914937497,0.00316916745989572,0.0122978614956827
"15829",55,1.37313457360679,0.645731068811483,0.00177316762525808,0.0123773393048622
" 9908",44,0.976942746393948,0.0662007947079891,0.000376126465963835,0.00944047674912098
"10436",57,1.04725553799084,0.175753023149557,0.000101008491690177,0.010637634054388
"11861",46,0.998157202160063,0.115294831454636,0.00079442658051996,0.0108703076583598
"11664",58,1.09791077283548,0.129615648193562,8.96580529332397e-05,0.00988623372367236
"12404",73,1.01624746250064,0.0976251249661803,0.000727885934963235,0.00885880568122673
"13297",73,0.955971551984617,0.0828607026866348,0.000290425446725674,0.00887403902265218
"15773",32,1.11327397555662,0.457928354444246,0.00262674144627291,0.0127588316655016
"15900",42,1.21993907969996,0.603101853916715,0.00174203201802575,0.0124377256008691
" 9484",40,1.00990794278383,0.28943584503874,0.000970722844882301,0.0122388650169858
" 9925",44,0.979423934642953,0.0684609328045122,0.000519829268574603,0.00993486526885974
"12210",26,1.05769309588914,0.172619811028317,0.0145545947252949,0.0131112641514198
"11653",51,1.07057489357544,0.132206141868564,0.000986030317334317,0.0108222324967403
" 9481",29,0.833564000881079,0.238871239906839,0.000625315456288159,0.0120109620748409
"10748",82,1.06482478402508,0.0847673556287004,8.59092841694806e-05,0.00916320879021333
"10029",53,1.01929085198177,0.0706347706245844,3.36347864081724e-05,0.00870149560582668
"11662",47,1.07796842299738,0.136315808767311,0,0.00911739922878547
"12445",71,1.15323410696264,0.194258396391193,0.000519725136108943,0.00963079461702178
"10729",45,1.07538424934969,0.107065002153188,4.16529862639906e-07,0.00897611054869342
"10031",57,1.04750674982189,0.08243340349588,0.000111525870721835,0.00938886896221014
"10719",79,1.02006025514289,0.0747299566662956,1.7910784093516e-05,0.00756282496316442
"11605",41,1.01626022281068,0.130450153477171,0.00144639994801707,0.0102801486506841
"10723",44,1.04253967955171,0.104190273214497,0,0.00907908768794211
"10566",53,1.04313727536505,0.0968935107811102,0.00233402508530271,0.01108976431335
" 9910",47,1.04287614699066,0.108309521233761,0.00044079272713868,0.0109646208227686
" 9659",76,1.04376836509131,0.105177118612468,2.56165865523542e-05,0.0089011853055031
"10716",41,1.01612747827836,0.108978204236865,0.000187438438187958,0.0100327632818978
"15514",36,1.17120226646543,0.551201995679355,0.00148763640441842,0.0123122941881839
" 9666",56,0.986684503139645,0.0937994966129287,0.000278137815777797,0.00943542957675359
"10811",36,1.07727106377113,0.159970115194819,0.00103528497359149,0.011788194526029
"15393",23,1.08063945272985,0.469011338320354,0.00245127824163585,0.0126126939111231
"10810",30,1.01457009486216,0.156167827509222,0.00265943904049014,0.0117169960512031
"12189",36,1.08795458222236,0.227689610704969,0.00358298987842847,0.0121088353807841
"12548",82,1.07929420648615,0.121571354939498,0.000567834335243852,0.00925757169954379
" 7410",78,1.03845443418417,0.124099221315518,1.3328955604477e-05,0.00751601401507213
"12545",67,1.05014535048667,0.119090135529303,0.00120793660165573,0.0101185056921694
" 7364",81,1.03715941584472,0.125104701526886,4.89422588601889e-06,0.0074927678808924
" 5806",64,1.05035707019157,0.219230054222991,0.00197049864768373,0.0110292482189109
" 9704",59,1.01761810474195,0.0643095180405675,0.000123917634135372,0.00712583841050246
"12415",86,1.04410977611809,0.0961395921303385,1.89521087501157e-05,0.00743254208246361
" 7351",81,1.03696849804804,0.123414222262808,1.15587036882574e-05,0.00755732486092826
" 9709",63,1.02920115940425,0.0666808970226385,6.66447780223849e-05,0.00798905871797864
"10057",59,1.04884995678738,0.0703982425090772,7.20596662367037e-05,0.00789365824414121
"12395",88,1.02568054730975,0.0998292185314043,1.14545712225974e-05,0.00772002842627823
" 9733",65,1.00237803512213,0.0706368848059262,0.0002666832445552,0.00883689837962036
"10055",68,1.0452326379859,0.0688932252466011,3.20727994232728e-05,0.00765108923007775
"11637",49,1.03925945846168,0.131539533346125,1.04132465659976e-05,0.00919780734316251
"11853",13,0.548384470631931,0.150832843537231,0.00210253861414058,0.0123511267666889
" 9693",57,1.01115664608714,0.0617851603250191,0,0.0070873239686953
"10061",59,1.03442632004435,0.0710972946728988,0.000717785085794218,0.00852678308476598
"10271",39,1.01059443337089,0.0784944192014702,0.000611674103286702,0.01003305698326
"11566",65,1.02497487778155,0.124104827628097,0.000103924200728657,0.00945198049647903
"10528",60,1.01282004716807,0.0955850841587712,0.00198872182917423,0.0106654859140246
"10617",72,0.991439694974527,0.0952603205431155,0.000112463062912775,0.00947533086728309
"11645",55,1.05022167573759,0.134065044118947,2.95736202474333e-05,0.00902438566256343
" 9702",59,0.996138701981128,0.0618636904959917,4.10281914700307e-05,0.00702931951642533
"11696",60,1.0265970490813,0.129963581727084,0.000459536570957476,0.00995960139100982
"10569",52,1.04435370459517,0.079734259372224,0.00133102117606582,0.0103244958159064
" 9720",52,0.996252576220751,0.0616413069527744,1.15587036882574e-05,0.00718756464228248
"10875",41,0.931044318914398,0.144322341351995,9.48646762162386e-05,0.0098708614913756
"10255",42,1.03998702657579,0.175912624970925,0.000496087066404128,0.0107472046393337
" 9968",57,1.08337376646235,0.111037258330611,1.55157373833365e-05,0.00912859103169412
"12346",84,1.04551701790103,0.0874457857193219,0.000107360572095436,0.00768176513599968
"11700",94,1.01353502040984,0.0929566515818786,0.000160363997116364,0.00872877072756297
"11244",64,1.28769196027351,0.227033734608063,0.00534480706492961,0.011764653267043
" 9971",53,1.06631371808272,0.106789143070587,0.000152449929726206,0.00935662586453293
"12340",79,1.02198066222619,0.072595103128517,1.04132465659976e-06,0.00743603897851723
"11402",54,0.955817398366851,0.0743118823594241,0.000616255931775741,0.00985802502136783
" 9987",33,0.882704180353846,0.090424368111061,0.00112140252269229,0.0108186847002667
"10178",51,1.0676405355457,0.144133578282429,8.75754036200402e-05,0.0101507539373576
"12350",68,1.01653371281912,0.0730788873882512,0.000107672969492416,0.0091686771952484
"11422",53,0.96205145070121,0.0891058774577892,0.000497961450786007,0.0100644336651073
" 5804",65,1.22566688010166,0.251677623628077,0.0014132858239372,0.0116628007307305
" 9392",75,1.16094535959901,0.231963762635746,0.000554505379639375,0.00959474545887149
"10173",38,0.986091075170692,0.133168473061847,0.000601052591789384,0.0104735625218442
" 9391",69,1.14062871673147,0.222172557733535,3.14480046293129e-05,0.00944208127279709
"10192",33,1.18956372134911,0.24689319711882,0.00797009065668328,0.0129186142100117
"10254",53,1.09462877975237,0.160488108733419,4.77968017379292e-05,0.00916347913087292
"13099",54,1.02927747177173,0.0862899784246629,0.000479425871898532,0.00965556849476964
" 9390",49,1.07023528916847,0.19693765778922,0.000164633428208423,0.0102866234206635
" 9186",58,1.25102025445684,0.443725999907652,0.00083889114335677,0.0117588449141722
"10253",52,1.08671558460857,0.159352763711145,3.64463629809918e-06,0.00904199156751715
"13096",63,1.02903677647858,0.0814006149192207,0.000321873451354987,0.0102231140979014
" 9185",50,1.21129940533284,0.438781428226018,0.000244711294300945,0.011647698497571
" 9790",50,1.02715281546097,0.0772030379397722,0.00125552513846234,0.0108774068253714
"10249",53,1.05865021622386,0.154408106393936,2.49917917583944e-05,0.00893441365154844
"10624",48,0.986082744077005,0.128573814942965,0.000801819985581819,0.0104815841934452
"13026",59,1.03434991994438,0.0823693179422723,0.00022096909213047,0.00987627543132456
"14411",42,1.0320398224571,0.425600765446873,0.00108610161683355,0.0124596915066794
"10062",73,0.928642844800047,0.0835504331958694,0.00070591398470898,0.00955084602874521
"10259",56,1.08208557174524,0.171923361031835,0.000552526862791835,0.0107120702212137
"15378",27,0.75553963980129,0.329739540771146,0.00184866366286156,0.0126268751088139
"14425",40,0.942067706516278,0.390378032745166,0.00165935084029173,0.0122668332009834
"14862",27,0.722423659089829,0.288857401086495,0.00120908205877799,0.0124052940042258
"11706",65,1.01442125334975,0.130887507941901,0.000156302830955625,0.00947749917668164
"12345",80,1.0354510345763,0.0797670284444479,7.40381830842433e-05,0.00779634044509987
"11415",63,1.01913911721491,0.0781672856229732,4.79009342035892e-05,0.00903483137923245
"15855",26,0.686485004547676,0.22843811945118,0.00227550263960181,0.0123613400272237
"12357",67,1.02280618668955,0.0766687518119888,0.000201183923655075,0.00802925489026897
"13920",13,0.216145728169807,0.039505312479607,7.62249648631028e-05,0.0100807987119368
"10298",51,0.986665952374866,0.0666028856842935,0.000648224598733354,0.00970844424246816
"12729",58,1.12709598930514,0.156930037502755,0.000136934192342869,0.00953580804462568
"12739",59,1.08578275224799,0.147324699936227,0,0.00936818653902339
"10449",61,1.04027478646383,0.0793181507374145,8.08067933521417e-05,0.00883702968302899
"11499",65,1.03515795458428,0.0742327693440113,5.34199548835679e-05,0.00881249652449125
"12691",52,1.04970444844055,0.151032930888824,2.62413813463141e-05,0.00929574215721403
"10534",59,1.01353538559035,0.065488859621348,0.000188063232981918,0.00936004910593408
" 7342",73,1.03587274081652,0.120733186172729,1.06215114973176e-05,0.00792250313686945
" 9295",54,0.985289990002826,0.196596211629255,0.00155511424216609,0.0107432441043242
"11254",63,1.01967655507615,0.0803216409228688,0.00308971438859716,0.0108250626483058
" 7437",94,1.03128027187134,0.116680482121597,3.64463629809918e-06,0.00778163589458834
" 9293",43,0.930154200687918,0.185069073849806,0.00111765375392853,0.0107967456752482
"10205",53,1.05300158023415,0.106028707555354,0.000150992075206966,0.0097933486268417
" 9874",34,0.994586119419637,0.0998190311582114,0.000429546420847403,0.00992143755248
"10156",49,1.05236060632181,0.102474139517341,0.000642705578053375,0.0106929325789865
" 9396",41,1.13675832112189,0.147216417668305,0.00203568557118688,0.0113075983847808
" 7411",79,1.0345375999416,0.121313118378749,8.87208607423e-05,0.0083557898218167
" 9388",51,1.056419874778,0.202075552268418,0.000359152874061259,0.0105957974867815
" 9296",38,1.14964865912323,0.360440541205396,0.000915636770548173,0.011882963500099
"10204",40,1.01365914729426,0.0930639989878233,0.000283344439060796,0.00993674884112902
" 9875",33,0.963329015961249,0.0999935329469716,0.000249917917583944,0.0105702877772051
"10163",36,1.16439115463432,0.145603832908202,0.00714567392605325,0.0123978075500483
" 9399",37,1.170645839708,0.167422826780606,0.0029215404565563,0.0113709907399687
"15136",27,0.861353839224293,0.135734228937291,0.0013459121186552,0.0116842514212001
" 9297",37,1.08327327596368,0.322896455485364,0.000299589103703752,0.0113657611835243
" 9945",50,1.0580851945732,0.124590047688017,0.000279699802762697,0.00993751971553104
" 9467",54,1.05198061950828,0.0880162117873208,0.000370503312818196,0.0100097083658457
"12833",42,1.34898033179816,0.707855688569312,0.00155688449408231,0.0122508808682727
" 9898",45,1.00409595165323,0.107557054265377,0.000859196974160466,0.0102859516622124
" 9470",39,1.06411559391849,0.107283631363844,0.000643538637778655,0.0108493130472291
"12823",30,1.04684718059497,0.550677551227739,0.000692689161570164,0.0120237511444837
"14020",19,0.715053055053384,0.120571574256185,0.00158489612734484,0.0113389612723169
"14611",36,0.773714491351626,0.385032369812068,0.000105382055247896,0.0109445478818435
"12821",43,1.20173009455586,0.585626057075862,0.000658429580368031,0.0120251140905961
"13765",38,1.35162796280739,0.566205056174604,0.00146139502307211,0.0122662898482857
"12792",77,1.04626769096479,0.0793807646962512,0.000115274639485594,0.00886488830781374
"14023",16,0.385716078610308,0.0845665634447743,0.000433399322076822,0.0109060223715945
"14648",28,0.420973456763579,0.100864283479317,4.16529862639906e-05,0.00991769503813145
"12865",33,1.03852616425747,0.516424967881021,0.0021095154893398,0.0125135805681212
"13744",16,0.449158285970511,0.18744729584259,0.000431108407832303,0.0118917065531818
"14620",49,1.33901864537622,0.675512758455568,0.000429442288381743,0.011358579047778
"15206",26,0.621333769372379,0.340028918040419,0.000158593745200144,0.0106919660483301
"13756",17,0.378721484961707,0.122376372563622,0.000224509595962909,0.0113968994968933
" 7332",90,1.03179097406105,0.110556493858097,0.00013256062878515,0.00840065841782457
"14614",43,1.3069458869626,0.632431063025366,0.000738299181529233,0.0114181994386698
"12731",56,1.08802579479564,0.144010046033995,0.000473802718752893,0.00967267479335091
" 7478",80,1.04774822311261,0.11167172532507,0.00128791033528259,0.0095571277307922
"14618",52,1.24124667328063,0.577202188947015,0.000344574328868862,0.0112241003529054
"15212",40,1.33340426157804,0.650198195093987,0.000328017266828926,0.0109520494249419
"10072",64,1.01985427150511,0.0799195491665817,0.000538885509790378,0.00831855994166072
"12694",56,1.09553160659645,0.142341849276609,1.87438438187958e-06,0.00944421530290704
"11235",93,1.06227194436436,0.107258484413836,4.58182848903896e-06,0.00757771618874059
"16962",28,1.06470221273615,0.485584650632784,0.00261060091409561,0.0129048264358981
"15545",35,0.795056090721021,0.280943927291528,0.00105017591618086,0.0122094805717681
"15617",41,0.876823990129783,0.235587809344984,0.00124271684518616,0.0116180183963218
"15740",26,0.973768190601951,0.404070231160894,0.0007953637727109,0.0125499507551327
"15697",45,1.39868330905201,0.613489492739818,0.00364244951632032,0.0130786545271207
"14605",40,0.958962499882978,0.413918225397481,0.000535969800751899,0.011262049337686
"15208",37,1.28320707139536,0.647484228985248,0.000332078432989665,0.0109302123679257
"11354",92,1.04544172448873,0.107854714651024,1.90562412157757e-05,0.00776156897229408
"15490",31,1.15616355034755,0.31292420358984,0.00297266949719535,0.0124834666550844
"15564",28,0.722230805145284,0.225204261977754,0.000919385539311932,0.0121877800283091
"15603",38,0.926456136917097,0.304589252000123,0.000302296547810912,0.0121031180083029
"15664",30,0.699201939229079,0.290443119845611,0.000181607020110999,0.0119777096857364
"15709",28,0.576586941365779,0.264739768918433,0.000140474696175308,0.0118967694594586
"15783",55,1.21720815379048,0.286268582798155,0.00393828985126031,0.0120676741213871
"15207",33,1.05412950986548,0.532296304894847,0.000148284631099806,0.0106728862566496
"15550",43,1.27338287686397,0.607097323774358,0.000560440930181993,0.0110963733608691
"10415",47,1.06372892720064,0.108226395816203,2.34298047734947e-05,0.00929853119947204
"11350",69,0.985966629465484,0.100132986695091,0.00170995921860247,0.0104972340852109
"15479",33,0.750821264658898,0.239945201203223,0.000980927826516978,0.0122298734554137
"15537",35,0.743885755140195,0.258172785396787,0.000387476904720772,0.0116667236211399
"11213",82,1.01309609850722,0.0818170696224589,0.000319270139713488,0.00971636401393782
"15610",30,0.723169695194865,0.231589814420678,0.000430483613038343,0.0118771638817483
"15689",43,0.937454858583022,0.380773595193298,0.000414030683464066,0.0116611674695535
"15727",32,0.833178490646394,0.226006231172448,0.00125135983983594,0.0119896806532409
"15782",31,0.731704182693825,0.334248683856587,0.000273347722357438,0.0116168810262803
"15889",29,1.07017998259126,0.386254102124631,0.00305753745670823,0.0130206626965282
"15198",33,0.904834428127565,0.425472280267185,0.00110536612298065,0.0114263684839497
"15547",32,1.17089838767283,0.585721742600152,0.00057387401825213,0.0113629339560737
"10416",51,1.04809430096079,0.114906240205179,0.000155782168627325,0.00938068778791608
"15541",17,0.79100430982088,0.174660516956586,0.00772267191827518,0.0129522513367289
"15618",39,1.0694629763857,0.364304152417573,0.00436731560977941,0.0125698609902204
"11209",64,1.01870016821147,0.0833450308911878,0.000188271497913237,0.0091351201156816
"15699",23,0.892360628839208,0.287481025107738,0.00203047894790388,0.0129994842057124
"15770",40,0.916969069027722,0.307455599042939,0.000687482538287165,0.0118298864586351
"15799",36,0.930874131822689,0.282037256227437,0.00185137110696872,0.0127257985190158
"15857",32,1.5144846228501,0.561226011706994,0.00650807083881721,0.013256457316787
" 7895",48,1.06110767489492,0.228821437660539,9.34068216969989e-05,0.00891850754806492
"15551",15,0.360885678111126,0.151244318270818,1.24958958791972e-05,0.0101337659771886
"15762",29,1.19381642400474,0.530515861794464,0.00102601718414775,0.0113549539890151
"11231",5,0.835884290626839,0.0879206865918488,0.00035196773393072,0.0108661901138917
"10682",50,1.03856804038916,0.131601192686706,0.000568146732640832,0.0101965172665963
"12827",60,1.48328059497033,0.706148578318762,0.000513789585566324,0.0115894940032838
"15717",23,0.989327251800658,0.23348416690859,0.00602770777472774,0.0130458675606813
"15790",29,0.976980003210143,0.414555072003913,0.00348218965166961,0.0131289653534474
"15863",32,0.984141880062203,0.388993418562932,0.000761833118768388,0.0122751860689274
"15904",34,1.18117148450367,0.442295773468189,0.0030076580056571,0.0126505825551225
"15753",37,1.1681791135229,0.515686350335168,0.000500564762427507,0.0111776276952587
"11216",9,0.892629814504936,0.0826666688811958,0,0.0107398693349959
"12828",60,1.48616033752543,0.730588664040177,0.000514206115428964,0.0116677175515885
" 8503",61,1.03943035515972,0.104490002738726,2.09306255976553e-05,0.00859685792543642
"15746",30,0.851814079210466,0.365448376737932,0.00084191098486091,0.0115699493403868
"13825",23,1.04640103669725,0.499059108789848,7.91406739015821e-05,0.0112129787984173
"10317",44,1.07565318410315,0.104744965697282,1.56198698489965e-06,0.00840845204598848
"12831",67,1.3666390191578,0.661026320622266,0.00026470472770766,0.0114425484127707
"13730",35,0.850995407381373,0.348143440596723,0.0013089450933459,0.0120601118465677
" 8563",59,1.04171122768844,0.101436647739225,0.000253562553882043,0.00903149405653987
"13811",16,1.04360546625754,0.463419574610786,0.000686545346096225,0.0114630873380464
"10311",45,1.03473877142224,0.099459427046884,1.04132465659976e-05,0.00852356852481544
"12847",30,0.778304893836396,0.373369035397644,0.00039705709156149,0.0117345287951888
"13755",46,1.40017533668388,0.649007865989226,0.0014294263561145,0.0122996730084887
" 8538",56,1.03747969796271,0.105221387451839,1.06215114973176e-05,0.00863560987778647
"10307",42,1.02809845043806,0.100936730341068,4.77968017379292e-05,0.00866702343479075
"10227",33,0.633478897031247,0.0637146306950086,0.00124396643477408,0.0110066644762762
"13760",55,1.29735049799241,0.519384347781595,0.00125188050216424,0.0123014951107442
"15303",39,0.876563470787444,0.390697591622523,0.000821292756660234,0.0118088211130354
"10292",22,1.03965989165857,0.135393326245819,0.00268359777252325,0.0120294965372088
"11103",45,1.01933888601738,0.0829574893473641,0.000251792301965823,0.00989276250036231
" 9503",54,1.08612306286719,0.101195496329124,0.000116628361539174,0.00969826917400533
"15505",30,0.61622593283102,0.181358078439143,0.000189625219966817,0.0114914180099294
"16284",41,1.41123910824959,0.654795047306214,0.00363245279961696,0.0131224078865502
"15696",23,0.49422599554524,0.140633966260307,0.000162446646429563,0.0113143195480079
"15501",17,0.229674978782081,0.059211122979425,9.78845177203779e-06,0.00953448373765824
"15600",15,0.390873047721064,0.0843911750571148,0.000384248798285313,0.0109523061429836
"15679",19,0.444399386010169,0.122919147585606,0.000192957458867936,0.0115619191085763
"15730",18,0.402052050787446,0.201605065276191,2.71785735372539e-05,0.0110985670526418
"16323",23,0.566143073274351,0.239262461846056,0.00176077586184454,0.0124695425769258
"15722",29,0.728421639042362,0.181952803915754,0.00108860079600939,0.0120172985007558
"15856",37,0.716959487256057,0.206173311298214,0.000624794793959859,0.0112471156321631
"17381",49,1.45483807561183,0.726475131138858,0.00268828373347795,0.0127099654977318
"15700",31,0.704294129064387,0.136775573695126,0.000870755677848723,0.0117255710144603
"16287",37,1.15431382442056,0.531406078337056,0.00158458372994786,0.01284220106892
"15719",25,0.69120732273444,0.169247859701656,0.000699770169235042,0.0113538687815743
"15841",32,0.916134709667988,0.331103484670216,0.00274326567534642,0.0131373041521329
"15936",30,0.412739623623788,0.11492370465321,4.8838126394529e-05,0.0103574748413953
" 9830",40,0.98095156908136,0.0938944857445633,0.00119148367208145,0.0105490356888713
"16281",45,1.08879893278553,0.486667535148492,0.000858468046900846,0.0119228792003055
"16285",45,1.11659328583824,0.508988228088073,0.000684983359111325,0.0118750848936239
" 7830",53,1.03784590618585,0.193136761259168,0.00145243963102535,0.011347502057442
" 9978",48,0.993666484368371,0.0818668728763231,0.000162238381498243,0.00951475951316686
"13029",62,1.00085027061112,0.0801654723688213,0.000129332522349691,0.0092458970059219
"10315",33,0.951151507083486,0.0900006863282741,1.7702519162196e-06,0.0085247799317188
"10618",72,0.965640286894919,0.115211403240048,3.17604020262928e-05,0.0087851373207368
"10365",53,1.0504467847522,0.0809694612371983,6.76861026789847e-06,0.00910962288481924
"11206",85,1.04633133183595,0.0810190939316384,1.14545712225974e-06,0.00712325060364671
"10557",85,0.99987443298391,0.0882057549391547,0.000546591312249217,0.00942540689766141
"13369",54,1.05705033294705,0.339944579051278,0.000914283048494593,0.0116132720886913
"10366",45,1.03045562572501,0.0800767238862287,0.000961038525575923,0.0102451990609073
"10579",80,1.00920775993511,0.0867265280170589,2.59289839493341e-05,0.00838642093852482
"11205",85,1.02340334013556,0.0737140895359587,1.14545712225974e-06,0.00674328370695002
"13358",31,0.588785648238021,0.205550514934154,0.000376334730895155,0.0109185098973807
"10575",37,0.985324294842693,0.0842125705190282,0.00192270184594581,0.0106391484009149
"10714",53,0.977909122049861,0.116844300138949,0.0023985872140119,0.0116332295039473
"10501",82,1.05200549540969,0.0891299076578278,1.7702519162196e-05,0.00807235138834837
"11224",66,1.0497356066374,0.0776347690964164,0.000248564195530364,0.00894649097459235
"12836",51,1.32054180859504,0.574825637484794,0.00048504902504417,0.0116002042309588
"10504",76,1.04150613113718,0.0907547116269787,0.000151825134932246,0.00844170083645177
"14770",21,0.527813548209624,0.173278168521604,0.000429442288381743,0.0110334102292452
"12820",51,1.24324211254377,0.526300412302356,0.00120408370042631,0.0118413772279418
"14080",19,0.380212706820244,0.109706741504792,0.000212013700083712,0.0110430931317183
"12855",42,1.05218758784045,0.432765721734433,0.000727990067428895,0.0116797436662274
"14657",43,1.52550239494395,0.552747218085803,0.00323320892627661,0.0129929103209544
"14090",46,1.16978362541189,0.427790159492828,0.00339128200914845,0.0124912217906883
"13752",33,0.618545085175826,0.214344822024431,0.000870339147986083,0.0118805301304049
"14751",50,1.63251734764552,0.902721214176712,0.00149742485619046,0.0123028283294288
"15270",19,0.600089112271214,0.229375406395371,0.000561898784701233,0.0113666985868014
" 9524",38,1.19447131209804,0.275785637896626,0.00246346174011806,0.0120404271048202
"14068",15,0.492144957212523,0.0826779164625859,0.000246481546217164,0.0113060508411819
"13990",27,0.782439169392507,0.3079903713896,0.000961559187904223,0.0118635373207455
"13775",24,0.929701486780485,0.193620770164899,0.00138464939588071,0.011612922774118
"14841",32,0.965565631067971,0.361741223113917,0.00200340450683229,0.0128883025316523
"13079",72,1.05176101490492,0.0904749085892506,0.000305732919177691,0.00898615967005
"12633",65,1.05160347334822,0.0825328610430497,0.000249397255255644,0.00916215135035356
"14752",43,1.28052778443498,0.777361373077105,0.000643538637778655,0.0120856512256115
"14050",11,0.26059873552123,0.0428465793377807,8.68464763604204e-05,0.0105141380761322
"13678",25,0.560693928150518,0.198058114145292,0.00035519584036618,0.0112219447446395
"14651",53,0.944140461764961,0.358523357525108,0.00124802760093482,0.0117406542157941
"15273",25,0.623840630549273,0.18659981978725,0.00197247716453127,0.0127526064066991
"13121",68,0.979948375894243,0.0829169974097397,0.000622712144646659,0.00963009523297923
"12649",68,1.07183232395968,0.0921382244999356,0.000605009625484463,0.0099186959854787
"14755",26,0.562146960025866,0.177889175424466,0.000169735919025762,0.0109263960111196
"15280",44,1.39379190673622,0.64755697703617,0.000409761252372007,0.0116419353887355
" 9831",35,1.08230886773871,0.250695286794223,0.0013313335734628,0.0117748225025826
"14854",45,1.1144276645839,0.316794293492502,0.00756095419910523,0.0129245929131975
"12679",83,1.06178099851607,0.0858305090270156,4.436043037115e-05,0.00810936231194445
"14772",29,0.658111511181582,0.178601215601874,0.00131758808799568,0.0116415927766243
"15279",38,1.3990082638842,0.623722771087351,0.000980511296654338,0.0117502345241516
" 9840",35,1.49027189143337,0.437194940179781,0.0118523572414185,0.0135591547926293
"15570",26,0.618813613497107,0.180318414189108,0.00164216898345783,0.0120419637906606
"15686",20,0.4980314977699,0.164216789382011,0.000716223098809318,0.0118521201318534
"15850",24,0.44227098704389,0.168724011388829,8.16398530774216e-05,0.0110958643858607
"15778",20,0.274955770334719,0.0757924042683745,2.69703086059339e-05,0.00961718316815647
" 8511",71,1.0266140223346,0.104968136737638,4.89422588601889e-06,0.00767983778955336
"15278",33,1.04375161547362,0.551896500774316,3.12397396979929e-07,0.0114807579100636
"15584",29,0.698825324217947,0.308490995517371,0.000250959242240543,0.0108016394517973
"11159",39,1.0712630300813,0.116337442800378,0.00184949672258684,0.0107351464584966
"15529",26,0.329899008085429,0.114194354017934,2.28050099795348e-05,0.0112230497579528
"15612",17,0.280246601859876,0.0697713733958451,6.56034533657852e-05,0.0098742851280035
"15718",24,0.320999595487509,0.102108639401031,3.43637136677922e-06,0.0100047181429051
"15807",18,0.355609117028099,0.0707741621967032,2.55124540866942e-05,0.0102125076565175
"15849",14,0.532118716566757,0.111732011844107,0.000553255790051455,0.0107703615401398
"15897",17,0.477004214287539,0.0921805178207424,0.00104319904098164,0.0112571648826645
" 8566",73,1.02467944164178,0.104677475775931,3.43637136677922e-06,0.0076401609306587
"15263",34,0.809214229983266,0.376903820956279,0.000738923976323193,0.0116909881043532
"15595",38,0.880364480958406,0.368752157997443,0.000288238664946815,0.010992350972569
"11124",53,1.03951953388917,0.112280782730065,0.000602406313842964,0.0105002884688969
"15694",33,0.571555624587747,0.15310332343386,0.000499939967633547,0.0114695451126047
"15724",34,0.509305912106492,0.160152822291104,7.44547129468832e-05,0.0110403966148737
"15814",14,0.208680071429579,0.0386190019257112,5.93555054261866e-05,0.00991973043679358
"15888",35,0.557437055107472,0.160596277439775,0.000305316389315051,0.0109827008236996
"15893",30,0.549091498031117,0.152945938806764,0.000430275348107023,0.0105960298406795
" 8506",74,1.02385197197069,0.105709378909723,3.04066799727131e-05,0.0078855985918045
" 8275",75,1.0461474054797,0.105095123075691,4.01951317447509e-05,0.00924838204215822
"15708",44,0.548062794787473,0.237059596460263,0.000564085566480093,0.0119415185626877
"15811",12,0.3207626925969,0.0602092750531356,0.000111838268118815,0.0109611691524315
"15854",22,0.413166425846808,0.107970918894015,0.00157469114571016,0.0107680201589141
"15905",36,0.720175003315411,0.162535748249759,0.00121626719890853,0.0120440716309634
"15917",31,0.479196710941426,0.0897099991004455,0.000301775885482612,0.00998400030809144
" 8269",65,1.02186533030442,0.100080952604158,0.000572312031267231,0.00989782845919421
"15860",31,0.75777374256461,0.191650458861365,0.00217324455832371,0.0123931837993307
" 9449",56,1.00675870555181,0.073228230300083,0.00192280597841147,0.0086495339869791
" 9812",61,1.0597088816964,0.0814359709499096,0.000171922700804621,0.0089536183972499
"10008",64,1.02206120027094,0.0809608658328241,2.40545995674546e-05,0.00873297575083225
"11451",73,1.24649540448277,0.165421714855457,0.000173797085186501,0.00930284848746769
"13908",50,1.31989267375929,0.727432385894137,0.000298756043978473,0.0113054518466576
"16318",47,0.801749044986069,0.363394810576513,0.000283448571526456,0.0115745228607175
"14858",39,1.35503993835219,0.556571448134449,0.00292112392669366,0.012690802438403
" 9451",52,0.973394833114439,0.0639070807557222,0.000183481404492879,0.00805464928781225
"11450",48,0.909636575013448,0.120622009936233,0.000727157007703616,0.0105608371296028
"13909",52,1.27942418815489,0.717943303468334,0.000418195982090465,0.0113288714831724
"17504",38,0.996007549647825,0.448319333347189,0.0010417411864624,0.0123313204473014
"10727",53,1.05734826914688,0.10774650837758,2.17636853229351e-05,0.00878090657392741
"10265",52,1.09086246006367,0.217819809292547,8.26811777340213e-05,0.0105752894995763
" 9939",65,1.04249459316278,0.0775953757502582,1.66611945055962e-06,0.00780924004519428
"10582",41,1.02693381785938,0.0817363597538117,6.12298898080662e-05,0.0107417302133363
"13911",46,1.24609043650933,0.665135411582692,0.00039913974087469,0.0110850605844793
"16320",45,1.2813251831013,0.592289247764889,0.00140568415394402,0.0125593796165937
"14876",18,0.291940679536992,0.0747288399884866,8.95539204675798e-06,0.0098467301266103
"15183",11,0.516452355949811,0.146130927631373,0.00182388013603449,0.0121240690642113
"10722",57,1.0840147560135,0.11874851029165,0.000149117690825086,0.00925828266212543
" 9944",58,1.03696328572999,0.0864334135809838,6.13340222737261e-05,0.00889020470603427
"13912",48,0.934070056647129,0.455924823131594,0.000600219532064104,0.0109974755114107
"14865",28,0.495864716232911,0.140991274343666,0.00057460294551175,0.0124408719516943
" 7227",51,1.04573550244366,0.2148996873822,0.000342804076952643,0.0104993463314814
"10717",39,0.980795152683445,0.114153346567014,0.000713723919633479,0.0106303803480659
"10526",80,1.02191643250448,0.0704920039354136,4.68596095469894e-06,0.00747743465538376
"10015",75,1.00826387815077,0.0966366534626419,0.000542738411019797,0.0100756914970051
" 9755",31,1.09190260950067,0.113253218431468,0.00204609881775288,0.0115531186386804
"10536",69,1.03000784085696,0.0706164431062784,2.25967450482149e-05,0.00839632389294516
" 9753",42,1.21417645353103,0.152619982975913,0.00341283742954007,0.011946941399114
"12546",75,1.024615076014,0.0962860717759703,0.000548569829096756,0.0101569711014464
"11176",74,1.01155915421187,0.0814193219710696,0.000114858109622954,0.00897847537611451
"16279",42,1.32522749615526,0.152333314436027,0.0128429693872419,0.0125297512011419
"12567",66,0.952450554116963,0.0931936101568475,9.38233515596388e-05,0.00967784425501025
"12412",89,1.03320896983018,0.086504299933466,2.08264931319953e-05,0.00764947513066186
"12465",72,1.05485565767147,0.116023099829755,0.000269286556196699,0.00923464307000837
"12431",86,1.00654306227953,0.0828702471375041,8.35142374593011e-05,0.00830219844911297
"12080",66,1.07276161842973,0.118476208321027,0.000606259215072383,0.00985512247637022
"12803",58,1.04096747577327,0.0775098548414307,0.000110796943462215,0.00917897244772457
"12271",59,1.04901775836787,0.0835823909174788,0.000504938325985226,0.00957882223396488
"12893",68,1.05793487783069,0.0774958355602469,2.81157657281936e-06,0.00874733601332297
"11818",56,0.985323604313308,0.0764501449198264,0.000570958309213651,0.0098862252574692
"10962",51,1.05400513773072,0.0756753171776674,0,0.0080795185335886
" 9869",44,1.04281433606507,0.124659761368772,0.00105329989015066,0.0106911257565357
"11361",95,1.07012861619311,0.108936163302857,1.36413530014569e-05,0.00774777921244595
"10961",50,1.05476902408465,0.0751340839559035,2.08264931319953e-07,0.00835007813787469
"11369",89,1.06519988622132,0.108306136373539,1.24958958791972e-05,0.00781726567281727
"11772",39,1.27182806532618,0.553712069889181,0.0035618509878995,0.0128340561583885
"10954",94,1.05626226437819,0.0915622796643242,4.37356355771901e-06,0.00681651593433901
"13961",55,1.24019860550032,0.532191894799364,0.000159739202322404,0.0110657433110193
"14491",40,0.951419803705373,0.309267003360707,0.00153053898027033,0.012257287186754
"14849",67,1.50616371398807,0.593686085274806,0.00359819321841483,0.0130292558769112
"11194",92,1.03018394813848,0.0903668296044739,0.000216803793504071,0.00822898652216982
"10247",56,1.07737756667224,0.154888350192272,4.06116616073908e-06,0.00858519472974204
"10667",45,1.06735524103427,0.138704677514111,7.68497596570626e-05,0.00958556375847569
" 9981",63,1.04895691080753,0.0895323319583651,1.14545712225974e-06,0.00881722022179695
"14860",46,1.71374692572801,0.74929561221491,0.00349187397097599,0.0131149817883089
"13966",63,1.23571905021038,0.518978224627045,0.00017671279422498,0.0110349880434687
"14556",52,1.24143552706585,0.438323001344553,0.00226977535399051,0.0126640394840935
"11184",91,1.02260157256762,0.0916118023802635,7.18514013053838e-06,0.00726676247487779
"12117",61,1.04708763962573,0.0855185015581414,0.000829727486378692,0.0105871922939939
