"node","degree","strength","eigencent","betweenness","closeness"
" 9874",88,1.05901964435763,0.102591763848631,6.12665766548912e-06,0.00833129386319395
"14939",25,1.04232858621738,0.167675905544271,0.000487011485749163,0.00947468403453014
"10319",80,1.04043990448882,0.0926531145161584,1.38716777331829e-05,0.00804320812613095
"13552",42,0.658013235246723,0.23325432887175,0.000206110011652209,0.011368202858545
"13132",12,0.317193585127745,0.0878958217372569,0.000210387112286607,0.01122221744135
"13543",29,0.663344429937578,0.258804612232445,0.000939921763737585,0.0132532166384192
"14468",23,0.371936738647678,0.0835943645933538,4.86664693805833e-05,0.0108539992614724
"13731",39,0.919636178614294,0.29061315868679,0.00175915993119648,0.0128483882540446
"14314",23,0.504677628070721,0.150609639928356,0.000250268185769508,0.0117535962569712
" 9888",70,1.06601791336169,0.0941053037576686,4.1152643941776e-05,0.00952384621358119
"13232",16,0.332562227041685,0.0758616294795066,0.000218132132354301,0.0104155598352634
"13736",34,0.81343191026307,0.250122997543442,0.00145282704792202,0.0123976541062109
"14284",11,0.325686369110279,0.0616793989804956,0.000522615458597666,0.0117293251385519
"14490",21,0.480953706547522,0.118853315635453,0.000342168050751845,0.0117426427576837
"14575",28,0.535245196958967,0.155441827798966,0.00208641592838515,0.0117727137535153
"14061",29,1.14344153135311,0.340693645516942,0.00908618010986369,0.0137840223369418
"14127",14,0.412337754828258,0.108219245577498,0.000324481661642037,0.0120385021671452
"14341",30,0.405634791156091,0.126331382185298,6.93583886659145e-06,0.0103980011779425
"14769",10,0.14662520888689,0.0679077277647772,9.24778515545527e-07,0.0103216980312581
"14847",9,0.125158540814209,0.0475651261694303,0,0.00857873521812034
"14513",35,0.925963644589868,0.27205501581224,0.00200734736530601,0.0128795938535048
"15213",42,0.790879224164191,0.26163175796417,0.000567351619287181,0.0118553040252847
"15019",32,0.801661272662553,0.178670457699002,0.00492664194425435,0.0133444228924597
"15095",22,0.578526865160085,0.165296572186128,0.000648269739397414,0.0124184278988144
"12397",52,1.35013708808604,0.535963133981509,0.00220790870586495,0.0127885523529813
"12367",44,1.19338395955887,0.452898377780477,0.00170482919340818,0.0123617126803113
"12352",35,1.06658987561932,0.386267416043789,0.00171893206577025,0.0122611057956604
"13040",47,1.30033404281834,0.493196366803956,0.0010127480718368,0.0122355620111339
" 9317",26,1.04272289067951,0.0833477778409386,0.000289340078051307,0.00939201577415389
" 3051",38,1.13094544072294,0.501642965348679,0.000127735032459726,0.0116885787029246
"12996",61,1.20113954951412,0.45252642461672,0.00141953502136238,0.0124046918042331
" 9315",27,1.02677660306304,0.080841357681366,6.47344960881869e-06,0.00926212031127691
" 9320",24,0.976257382944148,0.0793873894960333,0.00103644552129765,0.00990737182771756
"10916",76,1.09329101515589,0.155677148455216,0.00137872916936394,0.0109483943317505
"10885",60,1.09491896268166,0.168864166285394,0.00110823145356687,0.0111864584071424
"10250",66,1.04957733148576,0.103292057427705,3.95342815395713e-05,0.00900382449773979
"10375",55,1.07378395032031,0.112184696613591,0.000710576691882294,0.0104860071866021
"14988",13,0.447457404650681,0.112170313106294,0.000795309523369153,0.0126363722515367
"14832",17,0.315665719553815,0.0893911278159023,0.000245181903934008,0.0112964246761567
"14445",65,1.29889467585793,0.395463803052227,0.00125249690199197,0.0128565191417681
"14658",48,0.894687733082365,0.269615709945865,0.000918305065936708,0.0129126325314847
"10522",95,0.994433734941753,0.0862977917026682,0.000209462333771062,0.00867351167689425
"10873",48,1.17173605224252,0.346672782957924,0.000506778626518949,0.0119270289045502
" 9895",64,0.988713124111757,0.108293207685305,0.000349335084247323,0.00936785718312562
"10256",67,1.00930499665154,0.0934934801231124,0.000620873175874378,0.00996485110413352
"15015",26,1.0867699787926,0.17918934799719,0,0.00919205406102754
"14645",28,0.412890172653459,0.111467538299731,0.000171662011948138,0.0114903400131445
"14482",51,0.881390522428076,0.269104675578302,0.00122787467401557,0.0126630030465721
"14479",30,0.824745003445546,0.24688209432248,0.0023309042484325,0.0132653880147503
"10878",38,1.06546773656561,0.247393625324637,0.000709767510681192,0.0118440383750156
"10272",83,1.06428271863419,0.0980228807807939,1.84955703109105e-05,0.00895534013070814
"14732",29,0.814187460745081,0.170560668939478,0.00363773188821277,0.0116223820577474
"14843",54,0.802560722547725,0.213219790434749,0.00212849335084247,0.0124092732794952
"15014",26,0.983043376485205,0.23470543634189,0.00236269350990438,0.0132315790181361
"14894",45,1.27663650444097,0.420579884257363,0.00289420996171417,0.013638835327232
"10212",76,1.00689275149311,0.0903203517161449,0.000157327944957183,0.0090063854297971
"14958",28,1.04778880870935,0.189904259894528,0.00100280670279468,0.00977761402068094
" 2389",38,1.29031148853539,0.719711772510178,0.0017503745352988,0.0132667151195502
"12377",44,1.08242310303413,0.453529967775916,0.000337312963545231,0.0117304007128705
"12368",38,1.2763182939093,0.545629948416,0.000206572400909982,0.0118718636942241
"12369",40,1.27302895686651,0.537921561403668,0.000275352803003681,0.0117411144240314
"14045",27,0.696309365805312,0.177354500247105,0.00165234801265097,0.0117961978695381
"12391",38,0.974403106385707,0.432168572280053,9.25934488689959e-05,0.0113064500100286
"13013",45,1.1051228140394,0.449913186835198,0.000443893687461853,0.0121005909603613
"15608",30,0.961013417770945,0.329753467197007,0.00114869051362199,0.0127732014103914
"11137",87,1.03935554318107,0.0775867856408033,2.98241071263432e-05,0.00765873244272135
" 9810",37,1.01067119410705,0.0678640860982229,8.68135831468363e-05,0.00925366442970279
"12361",44,1.15576491226438,0.462729047792161,0.000598562894186842,0.0119691633917166
"13020",45,1.31537782251144,0.578560791824882,0.000957376958218507,0.0125944190510762
"11150",79,1.03703912345996,0.082510494298815,0.000400544694545656,0.00815233049572662
" 9815",46,0.97058575925449,0.0707514867693567,0.00439639706290343,0.010595395006995
"13024",44,1.1301540053956,0.470712909813257,0.000514639243901086,0.012317515352642
"11168",89,1.0402112717953,0.0762491163139398,4.75104962361514e-05,0.0079660748295986
"15602",38,1.15366543008355,0.388501081022097,0.00191972460095807,0.0127407367335878
"14547",34,0.623884559623408,0.204236737385448,0.000372685741764847,0.0112557187354541
"14738",11,0.202021901011894,0.0258206468076402,6.88959994081417e-05,0.00944367405627358
"14648",26,0.633582574790217,0.166462243658258,0.001711302643017,0.0130191222603186
" 9361",45,1.05804585514539,0.0992510131591334,0.00158564836221725,0.0102828878506599
" 8831",45,1.06906394188956,0.352590864874951,0.00326076904581353,0.012380260575603
"14536",34,0.759255873618448,0.238058479551505,0.00170032089814489,0.0129326563674871
"14683",21,0.551260283213324,0.0753986120744924,0.00206167810309431,0.0117188861104985
"13772",41,1.2001658788487,0.370283526856481,0.0038120526383931,0.0135566253842291
"13214",51,1.10433479683688,0.441121172053613,0.000395458412710156,0.0110229977291351
"13665",43,1.13879079209963,0.426769682251768,0.0012622070764052,0.0131751593486065
"13213",45,1.05165115077409,0.391254169192226,0.000928824421551039,0.0114713438902199
"13712",32,1.11807265937967,0.428298877908611,0.00204087058649453,0.0135022037794885
"12381",38,1.2223930696768,0.465851373685836,0.000304252131614478,0.0112934154059076
"13219",34,0.825214838255609,0.252718483326634,0.000943967669743097,0.0119037182224513
"13737",45,1.18934497961191,0.353042737850637,0.00114811252704977,0.0121138807533066
"14174",28,0.648143507168589,0.204897050530983,0.00136115837756857,0.0122881930363456
"12829",45,1.18605228970007,0.443505689632034,0.000235356132206337,0.0111009408684998
"13849",45,1.08857323684867,0.342635557059437,0.00174471026689108,0.0129848514939065
"12384",47,1.13489078443036,0.402932437459791,0.00237737436883866,0.0129212535722496
"13032",61,1.32389939111879,0.529748890517849,0.000838196127027577,0.0124424774435337
"15641",27,1.15404891347835,0.1757057094195,0.0132007509201546,0.0138955951723288
"12734",49,1.07472949756444,0.305903383939045,0.00095171268981079,0.0117974024930142
"13029",52,1.34306716508064,0.570420151461726,0.000846403536353043,0.0124766167925585
" 2039",54,1.13758839440819,0.390324438294841,0.000694624262489134,0.0118109204688216
"13030",43,1.21508589100421,0.478849050249517,0.00140023026985037,0.01253328679839
" 9504",67,1.02463100563112,0.0709291841725009,5.20187914994359e-06,0.00811673857071104
" 9506",66,1.01841445134195,0.0745632964220979,2.42754360330701e-06,0.00832752324032512
"14918",8,0.394881119128719,0.0491238429677363,0.000777276342316015,0.0113559600628561
"14978",23,0.661922428353061,0.173586259553659,0.00213623837091017,0.0117506491910098
"15138",18,0.369505637316159,0.09477788421135,0.000399619916030111,0.0115787671735618
"14771",11,0.302172244720865,0.028796553856395,0.000430253204357556,0.0110164360411207
"15164",23,0.519183630497384,0.153997689738731,0.000222640427617586,0.0111223853210086
"15239",29,0.60666008464243,0.160767146498637,0.000809643590360109,0.0118544433249286
" 9649",50,1.04347348554754,0.0964918522633069,0.000694161873231361,0.0105029418951233
"14957",22,0.3886138068285,0.0999104295237013,0.000262405903786043,0.0112655345222934
"14839",20,0.288431420759741,0.0714649288014795,4.92444559527993e-05,0.0108925084544486
"15156",17,0.4614122166851,0.0851395714364952,0.000303096158470046,0.0113345589340856
"15215",27,0.529286213885896,0.134211171361774,0.00036482512438271,0.011668852150168
"14917",24,0.500996705133393,0.136371228375868,0.00015143248192058,0.0109944798052518
"15132",17,0.416812193557001,0.114878739712378,0.000959573307192927,0.0120192580525039
"15174",13,0.193173896649253,0.0284480338481795,0.000250499380398395,0.00872836693823076
"15228",18,0.304042278004758,0.0854311638029578,7.12079456970056e-05,0.0102239965578884
"15324",39,0.696471208962365,0.276513088655058,0.00019744021306897,0.0121519981637671
"14880",35,0.844705125499678,0.268588851370892,0.00284854902250911,0.0129135532205866
"15122",16,0.384326878738679,0.101790781500913,0.000247262655593985,0.0117047317269
"15247",45,0.924614132940535,0.33528772491166,0.00114718774853423,0.0124210637556012
"15325",44,1.11610600783545,0.449914293066242,0.00114441341298759,0.0132251096860449
"14989",28,0.466690470518476,0.0868139567177219,0.000408983298500009,0.0110055869106191
"15081",37,0.624137336982594,0.131678087724404,0.000777045147687129,0.0115567819964438
"15137",25,0.359196155358681,0.0985711080580389,6.61216638615052e-05,0.010578752798298
"15237",11,0.228217968183924,0.0468090599469752,6.62372611759484e-05,0.0099578718395486
"15282",55,1.22560142873707,0.424182522856236,0.00236673941590989,0.0134004954160353
"13662",50,1.2642593224105,0.482143610246944,0.00156125732886974,0.0128216988414265
"15260",41,1.21386804502444,0.450825183703048,0.00224802097397673,0.0133821856703119
"14175",58,1.30416204574564,0.612657483968619,0.000949285146207483,0.0124909058005049
" 3559",49,0.920798081327895,0.34016752953612,0.00305292507444467,0.01272189782499
"14177",54,1.04798096290982,0.484901317950553,0.00101124530674903,0.0124904282943258
"12733",43,0.950569106922323,0.269644427264177,0.00050539145874563,0.0116042827922568
"12718",37,0.875059937368,0.213246046556398,0.00118117335898052,0.011662599570874
"12395",42,1.3115997276421,0.560234996419849,0.00110846264819576,0.0126082241009201
"13156",62,1.18468225653584,0.609404596101994,1.31780938465238e-05,0.0105662391872448
"12393",33,1.19490768762472,0.486535526007053,0.000577639780272625,0.0121556135025767
"13149",57,1.15725511861421,0.582724806034109,5.09784156694472e-05,0.0106093369692617
"12350",44,0.992020545717497,0.420389424164262,0.000481925203913663,0.0119802471081709
"13012",51,1.42053502103945,0.594208500123006,0.00358051121756339,0.0132559164912452
"13211",8,0.0840377156175436,0.0145983130274316,2.31194628886382e-07,0.00944810582919811
"13890",22,0.441689675990558,0.1068437558208,8.68135831468363e-05,0.0109224511647819
"13010",58,1.28319340085797,0.521302896178771,0.0024837238981264,0.0131370501875568
"13250",28,0.450052394580749,0.151756061243418,0.000121030388222021,0.011350568693261
"13011",39,0.963816708533995,0.384313041758273,0.0036356511365528,0.0131488128956005
"13986",25,0.447107411656697,0.106442151633368,0.000287028131762443,0.0111197477054053
"15011",17,0.270085231488225,0.0646790025569325,9.58301736734052e-05,0.0108162814890623
"14739",27,0.582653507316151,0.179077900601296,0.000756353228401798,0.0116988552003673
"14461",25,0.647750356613216,0.157963645095759,0.00111482050049013,0.0119950157961149
"14886",18,0.289889947048437,0.0710168130280157,8.04557308524608e-05,0.010042957877239
"14743",25,0.388232813013162,0.103523416875873,0.000100685260880019,0.0111231063915118
"14550",42,0.943773815120306,0.258685114054995,0.00189417759446613,0.0124783694834661
"14716",7,0.028061832791775,0.00580292639410933,0,0.00621472670968795
"14510",17,0.22981556231033,0.0533717156544148,1.84955703109105e-06,0.00942220311115717
"14850",22,0.52882833482274,0.160318741049392,0.000517644774076609,0.012751101289078
"15618",8,0.244987928758671,0.0514629076177047,0.000426785284924261,0.0119949101660276
"15109",17,0.299721234871813,0.0827346744372013,9.73329387611667e-05,0.0111569550219737
"15219",10,0.224331073164396,0.0720108421472952,1.31780938465238e-05,0.011660306703785
"14845",26,0.56977518234115,0.165490352862627,0.000655321175578449,0.0122654693743619
"14915",19,0.397913489723547,0.0826815254940723,0.000325637634786469,0.0121493170978208
"15485",13,0.382076058042779,0.0413998665562688,0.000683526920302588,0.0110024622493891
"15107",17,0.306329841598546,0.126703334988311,7.28263080992102e-06,0.0120628026421076
"15162",21,0.314607519336416,0.097634662462811,0.000103459596426656,0.0106468940449596
"15222",14,0.122786878887492,0.0406542186397136,0,0.00846331947087864
"15516",29,0.531230167575188,0.181531056281535,0.000374766493424825,0.0110840604026635
"14644",43,1.12468832458715,0.373221247784111,0.00237263487894649,0.0129507125020357
"13192",58,1.28425227156962,0.601975714500102,0.000325753232100912,0.0112635846620798
"13893",48,1.0010282895828,0.33259554544882,0.000507819002348937,0.0124446970859304
"13877",56,1.34689803208638,0.484318531156253,0.00200226108347051,0.0133211803003948
"14636",39,0.801640335276182,0.264425545907661,0.000775311187970481,0.0123261350171379
"13917",53,1.25372947360789,0.475416216823022,0.000810452771561211,0.0129651246512582
"13084",60,1.33066201232232,0.614637025970836,0.000231194628886382,0.0114212967623326
"15031",47,1.43081403514868,0.695065332189794,0.0013376921227366,0.0126925103597423
"13126",13,0.492340663919822,0.129113699308613,0.00185256256126658,0.013160686586833
"13236",44,1.19509345699674,0.399458728560153,0.00416046294412488,0.0135876687958537
"13806",40,0.770020728391965,0.265094588882955,0.000352109419793959,0.0123015724269011
"14305",28,0.475477482118242,0.0896697905474767,0.000186111676253537,0.0113942832575473
"15038",58,1.40621792364237,0.659501593631662,0.00154738565113655,0.0126371226307257
"10666",24,0.956634168843455,0.106035694599539,2.20790870586495e-05,0.0104300830499418
"11038",89,1.00593556635442,0.0938177667270925,1.52588455065012e-05,0.00796535251090487
"13225",10,0.194879383046305,0.0466974848609658,0.000196399837238981,0.0111945487326809
"13757",43,1.07308028432945,0.358898160173839,0.000901427858028002,0.0127414343362156
"14292",26,0.593492240253229,0.158240564838148,0.000564692881054987,0.0121017643005058
"15028",34,0.805358631678194,0.408696727980184,0.000475798546248174,0.0124172532148151
"10668",21,0.893451242601791,0.102348269779626,2.33506575175246e-05,0.0104147732795206
"11066",86,1.01390354759067,0.107333268618122,4.61233284628332e-05,0.00880238280513154
"14660",18,0.470180713469602,0.111568010334297,0.00226270183291102,0.0132646406961191
"15129",18,0.367364170099331,0.1105783395285,0.000112822978896554,0.0113055093232132
"15230",19,0.303468589335623,0.0657901473412672,0.00021882571624096,0.011183472707388
"14833",14,0.219208335815133,0.0480819305279279,3.00553017552296e-06,0.00991252693305058
"14951",4,0.0306678292881483,0.00683010088385137,0,0.00700892364131357
"10886",79,1.01575129564067,0.109238292341966,0.000455569016220615,0.00949823369244856
"15082",5,0.115376566753335,0.00927937591632654,8.78539589768251e-06,0.00954745181506365
" 7227",48,1.03348965205523,0.318689991930404,8.78539589768251e-06,0.00832108786832648
"10904",86,1.04309498482457,0.094816784576863,2.5431409177502e-06,0.00818181696272468
"15073",32,0.624601286775686,0.129366768512327,0.00106268611167625,0.0120218403327846
"15183",17,0.451635086507954,0.0850925359912462,0.000755890839144025,0.0115160800162291
"15258",32,0.673917948244713,0.190344256434469,0.000728841067564318,0.0114517861490675
"15200",41,0.67885665846319,0.159849872986083,0.000952175079068563,0.0119899245296572
"15332",16,0.477431837408394,0.120940134767482,0.00153420755729003,0.0124368223400201
"10310",57,1.00028243635333,0.0959617833897378,0.000642258679046368,0.0093597244416309
"15321",40,0.894562871317123,0.247643044613787,0.00120463961381249,0.0124592254392021
"15232",53,1.05037377132972,0.310304859547202,0.000759127563948434,0.0122470382815818
"15123",34,0.901872653029941,0.268831719562026,0.00342803835981282,0.0128065745527243
" 9807",44,1.02637319580275,0.0680214449619573,0.000164263783823774,0.0093570819737823
" 9814",45,1.00408085392773,0.065486484380315,5.59491001905044e-05,0.00901769850182191
"13296",12,0.218516006368946,0.0416079273579504,1.31780938465238e-05,0.00949614185011654
"13244",31,0.651088579078916,0.263007627117284,0.000154669206724989,0.0124646645774315
"14244",30,0.762901668757775,0.252515100269121,0.00129376514324819,0.0134518042675575
"13951",44,0.907600840450118,0.355581846569769,0.000426785284924261,0.01220215289045
"13978",39,1.18262211516888,0.401637164994868,0.00528684317605933,0.0138524796848502
"13241",59,1.33965122840783,0.59754100838053,0.00389146799341558,0.0131908771836507
"13771",55,1.25366195426135,0.449812028792538,0.00179464830673054,0.0130945417432949
"14959",22,1.04663024717826,0.166908629179756,0,0.00942981582229721
"13958",46,1.01556715322101,0.378622143026732,0.00222559509497475,0.0129817929971049
"13080",61,1.30429800252945,0.571311390295331,0.00467614256385596,0.0133012523421137
"10401",76,1.02112121848324,0.0947556503557413,4.04590600551168e-05,0.00846819137730041
"13135",13,0.248180469357975,0.0727487012275866,9.13218784101208e-06,0.0104010424883639
"13608",20,0.238544854323207,0.0812429892811504,0,0.00942503614338579
"14583",33,0.413428611316302,0.152360935809545,7.96465496513585e-05,0.0102566402820606
"14493",30,0.571477339826188,0.173484587077958,0.000249690199197292,0.0121614601720295
"14308",14,0.282169621523504,0.0740588359568788,5.93014223093569e-05,0.0109733227815672
"13715",51,1.30663042219583,0.488658832216765,0.00378477167218451,0.0130836522080644
"10468",86,1.03452246961706,0.103381744322218,5.77986572215954e-05,0.00925010775394184
"13237",30,0.566902324463482,0.207325522675362,0.000213970629034346,0.011352106022493
"14299",36,0.48067972270202,0.167589869039693,4.36957848595261e-05,0.0100662080267309
"13725",53,1.53055212468547,0.590092720399865,0.00371333253185862,0.0134082901111826
"10298",67,1.03382128984925,0.0886326959868747,0.00017570791795365,0.00995800596945276
"13970",57,1.29786626017156,0.382446974805825,0.00239182403314406,0.013201443290603
"14444",23,0.360862291817566,0.101680246814029,9.82577172767122e-06,0.0103058357117539
"14535",22,0.307106441794096,0.0992859538562009,0.00014634620008508,0.0107406817942242
"14746",26,0.535274176218999,0.142832726018437,0.000938996985222039,0.0123970298458912
"14801",19,0.391834920917915,0.123967298774175,0.000131434146521908,0.0110942298704188
"10200",67,1.00657430520292,0.0913575177381718,0.000179407032015832,0.00939646540792405
"14548",29,0.715157686024616,0.121183644077042,0.000870332180442784,0.0115714856038464
"15645",6,0.509853934159036,0.0670408543789129,0.00384927497364381,0.0123242912766708
"14692",51,1.04372071852257,0.403255299079235,0.00233367858397914,0.0127840626478417
"11741",32,1.12014903772782,0.30400971241446,0.000865245898607284,0.0126801768990995
"11706",29,1.14376659084758,0.307460267160698,0.00154646087262101,0.0127730836536303
"11178",76,1.01848685125163,0.0868473153927924,1.46808589342852e-05,0.00729981859118904
" 5553",57,1.12526221591348,0.390432454239366,0.00278577968076646,0.0130260541511786
" 6558",52,0.987634310871671,0.42853999909516,0.00215565871973662,0.013006349486568
"11164",82,1.03560104033002,0.0854589307457312,1.95359461408993e-05,0.00750497876030182
"11172",61,1.03330742690324,0.0865141612321752,0.00238003310707086,0.0101583732120023
"15226",31,0.893333455915842,0.21043717846345,0.00170956868330035,0.0126463558067663
"12400",40,0.950095366100137,0.403989354281087,0.00171396138124919,0.0130804854113165
"12389",41,1.18213649295017,0.43128208264516,0.00246800266336212,0.0131977718227867
"12994",35,0.701607143356617,0.239857431059586,0.000833456637135406,0.0124077041766068
" 3601",49,1.12182006731695,0.429634357482366,0.000163801394566001,0.011567079846918
" 5036",18,0.293525006428021,0.0600565707278659,0.00106141454121738,0.0111810596588977
" 6643",28,0.625473909908194,0.249932018683203,0.00120683596278691,0.0124983948719981
"12990",42,0.966243395245923,0.359999008690026,0.00184978822571994,0.0128388864631712
" 9114",56,1.02226088807772,0.0934895219766442,0.000362166386150517,0.00928800245919412
"14740",13,0.330382160024929,0.0510349706716278,0.000234662548319677,0.0108744099967295
"14498",10,0.377322415359617,0.0586883648651039,0.00044666802300849,0.0110131175845205
"14858",27,0.524364834509503,0.14363294195071,0.000515332827787745,0.0115554480406361
" 9500",39,1.10463003052031,0.118623943947634,0.0032010052342464,0.0112658241883889
"14558",13,0.347761270318659,0.0492388596697571,0.000294426359886807,0.0107781415003097
"14725",13,0.343570155666615,0.0672993785927908,0.000535215565871974,0.0111641617151027
"14572",16,0.426462647550472,0.087763936068798,0.00239009007342741,0.0121903606664773
"14794",25,0.637509156360004,0.151337568344012,0.00188007472210406,0.012775612420487
"11754",42,1.24547641384595,0.321737007451885,0.00167616105942627,0.0128052740703681
"11751",46,1.19215018530879,0.304226682510472,0.00106164573584626,0.0126069389201318
" 3660",50,1.13671683132084,0.433538213815523,0.000205532025079993,0.0113605202390644
" 3053",44,1.12150146198452,0.516520392084418,0,0.0116334105722961
" 2197",59,1.31333707027159,0.702079232320231,0.00102974087705994,0.0132611545100474
"13991",16,0.758945643187776,0.114080035382082,0.00537018883977287,0.0128770527677786
"13288",65,1.32319427503535,0.47972250296581,0.00153420755729003,0.0124729617187391
"13295",47,1.14735708619378,0.429055108674429,0.00269283943995413,0.0127778734711514
"13289",17,0.393464354081616,0.119670655392657,0.000190388776887935,0.011730014139057
"13938",48,0.846007330022945,0.331507058997872,0.000834843804908724,0.0125906009891845
"13949",33,0.872464247805007,0.271938190227485,0.00468180683226367,0.0136819440271098
" 5146",46,1.03823523708119,0.390226944591179,9.10906837812344e-05,0.00981077856364465
"  471",41,1.24731369169175,0.54947879042447,0.000991940555237021,0.0113983154682471
"14760",22,1.01626701241627,0.156767254350488,2.97085098119e-05,0.00928969295360304
"14929",21,1.06609407306833,0.166100671537683,0.00264394177594466,0.0100774560174563
" 9809",53,0.965569786593139,0.0629972166795606,0.000619601605415503,0.00953483454270882
" 7811",59,1.02293195049523,0.296272582535515,0.000125769878114192,0.00968830737451694
" 3428",47,1.25842302729861,0.61287244653621,0.00232824551020031,0.0128486907301703
" 5263",41,1.07234220887106,0.414280526583194,2.31194628886382e-07,0.00977022058037729
" 4593",35,1.10271816236136,0.475039200106578,0,0.0109324074545375
" 6666",50,1.09010744227412,0.430321706550314,0.000176285904525866,0.0109885515776293
" 5240",40,1.00735163473575,0.398344248267887,8.6004401945734e-05,0.0100740083047668
" 7476",71,1.10051358508146,0.247237116725769,0.000640987108587493,0.00928664444026622
" 5234",44,1.0745216134971,0.411854140390413,1.04037582998872e-06,0.00976816393238978
" 5193",45,1.08260162799189,0.418008526350099,6.3578522943755e-06,0.00964144619859762
" 4796",31,1.28168746640215,0.695904878481144,0.00170089888471711,0.0131834665421984
" 2164",62,1.15583472813596,0.419335463393988,0.00293177908890821,0.012483503742096
"11566",44,1.07383781606301,0.199982486248018,1.19065233876487e-05,0.0102694029622479
"11571",38,1.04549582422137,0.196044390721516,0.000170390441489263,0.0101606049871485
"11714",39,1.15739552847723,0.301699078384152,0.0001782510588714,0.0121888088537003
"11715",31,1.15203382912823,0.291639195199414,0.000817157415798916,0.0126229879785808
" 4403",46,1.18197945034685,0.516791869466684,0.000350259862762868,0.0116616066617883
" 8496",53,1.12676393600496,0.330225336402696,0.000304598923557808,0.0112842385621381
"10208",46,1.16256506539301,0.258850359799326,0.000920154622967799,0.0120082379996912
"11573",42,1.0309524417598,0.226004647391702,0.000694161873231361,0.0109917870186195
"12876",55,1.12772489265814,0.388771787289366,0.000198249394270072,0.0107126049386376
"10216",23,1.02052139806392,0.236782735420829,0.00272971498326151,0.0125005285111058
"11594",50,1.07154954403751,0.241245957834404,0.000301362198753399,0.0105618726817541
"12856",59,1.13163446265954,0.392507180856199,0.000331186305879742,0.0106487937286613
"12610",44,1.05702631033792,0.370042520065497,0.000232697393974143,0.0105416327339258
" 8178",49,1.04850402537383,0.273542441546826,0.000226455138994211,0.00973438665636736
"14711",34,0.589870647477789,0.181541897615049,0.00145352063180868,0.0122145062675312
"14869",20,0.419164720483514,0.0386440453483668,0.000136982817615181,0.0105297046156339
"14922",13,0.288474702425172,0.0742748840864833,0.00012426711302643,0.0105702680550066
"15127",33,0.547268441200529,0.151825135634279,0.000377887620914791,0.0115449484539161
"15256",31,0.766223670005777,0.220289541452463,0.0010499704070875,0.0123952450902773
"14942",21,0.336767211767941,0.0886895854154318,0.000212236669317698,0.0110452783923729
"15101",20,0.326040605229778,0.135627842315498,5.66426840771635e-06,0.0105926138566041
"14751",32,0.517163394176835,0.145494142054708,0.000337081768916345,0.0119902782273569
"15196",13,0.495825066780109,0.102308358412345,0.00230339208759502,0.0121132129885803
"15269",28,0.435353967128283,0.149626395855918,2.7280966208593e-05,0.0106304368429869
"14826",26,0.557366955175325,0.125678942471511,0.00428970074167237,0.0120503666656111
"14950",21,0.514968230101832,0.14364549641261,8.58888046312908e-05,0.0115589736544941
"15067",22,0.699048154348952,0.187952973595034,0.00214791369966893,0.0128338062956249
"15124",37,0.925788596036624,0.246724584550289,0.00161489448277138,0.0122398768031911
"15352",39,1.19091993531003,0.402095803573251,0.00205404868034106,0.0131806066534836
"15236",18,0.385567131501266,0.146584202902374,2.75121608374794e-05,0.011813137571772
"15262",36,0.708213133158949,0.256283291500436,0.000448286385410694,0.0119182910111348
"14977",39,0.856725249422594,0.247334613814737,0.0011484593189931,0.0132479759634014
"15306",39,1.05951669395373,0.362020870926092,0.00367599459929347,0.0132695706646225
"15104",50,0.897373209633824,0.314681151967968,0.000805250892411267,0.0124964275006312
"15188",34,0.823635419882059,0.309543422327921,0.00163523961011338,0.0127661286839997
"15241",34,0.911448303798384,0.259590042269948,0.00268671278228864,0.0131055061468378
"15309",27,0.965781081934879,0.318392545126274,0.0022214335916548,0.0131412932276297
"11160",31,1.21092975926887,0.323725963061123,0.000199174172785618,0.0123074773388582
"13335",27,0.432570225519068,0.149354643618893,0.000268648158765976,0.0111158166322468
"11307",41,1.09442289774528,0.38407825689405,0.000147386575915068,0.0111005627542322
"15357",41,1.27509327844775,0.560196930465419,0.00142635526291453,0.0131675077525358
" 3638",54,1.10546802437757,0.426932391934418,7.16703349547783e-06,0.0101556962764358
"11303",41,1.0776065429161,0.382761667166929,4.26554090295374e-05,0.0109829373788417
"15353",38,1.10441301221588,0.43926349378318,0.00167743262988514,0.0131979469744389
"11279",44,1.08879095668281,0.392195726222887,0.000432102761388647,0.0112760205270589
"15362",54,1.56563184745991,0.627904750430836,0.00192238333919026,0.0132854597429325
"15349",39,1.01424962820998,0.371577724552353,0.00183568535335787,0.0128773681588466
"14830",21,1.25969763755043,0.402762780559858,0.00118279172138273,0.0126065905016052
" 8167",36,1.10941255000303,0.394119039457541,0.00151605877892245,0.0124938883519501
" 4934",24,0.664015642595889,0.272135138046842,0.00208109845192077,0.0133457204019777
" 2150",44,1.25753799205905,0.668874412440358,8.64667912035068e-05,0.0121671009010762
"12623",38,0.935678426499226,0.319125110846439,0.00273595723824144,0.0125683468389514
"12616",32,0.609411171814266,0.202149578173873,7.52538517025172e-05,0.0114918555412685
"11191",33,1.18229750377452,0.314572478057618,0,0.0122650138730971
"11189",33,1.18086081633635,0.311459456149905,0.00124428949266651,0.0125986879203355
" 2365",55,1.1358065353731,0.457145159875247,0.00117215676845396,0.0127606138276055
" 4687",52,1.15093212194088,0.469987729206645,0.00174182033403,0.0128332007393012
" 1363",35,1.07248623347608,0.32956559198666,0.0001782510588714,0.00969802023955282
"11560",52,1.07425416045936,0.201372282642006,0.000148311354430614,0.010427016421274
"11563",50,1.0731326931203,0.199658789316678,0.000465279190633843,0.0106185441222248
" 5465",46,1.37250131088372,0.612006931899802,0.010649402593079,0.0142086607869322
" 6680",51,1.22493135457125,0.571978222998324,0.00137491445798731,0.0129939049426432
" 3546",50,1.17119230585361,0.455370688883666,0.000317199030832116,0.0118089928711977
" 4656",45,0.99787739630962,0.416678939202783,0.000672198383487155,0.0117106259645424
" 6728",45,1.02343650755142,0.382873679184765,0.00231830414115819,0.0128797991658384
" 3581",46,0.934315338832526,0.34179614589394,0.000433836721105295,0.0116964383610707
" 7004",31,1.20930928737823,0.537625973695005,0.000182759354134685,0.0119524172738878
" 1389",40,1.07396369303994,0.330361918986988,0.000222178038359813,0.00966516294338062
"  497",47,1.25947404352155,0.620590040037587,0.000267492185621544,0.011571872278789
" 4991",28,0.81642748978042,0.282063407065238,0.00492594836036769,0.0136686141809671
" 2195",61,1.31849226517299,0.717623306574745,0.00061081620951782,0.0131848869664562
" 2114",46,1.26903521296533,0.514998990722042,0.0018122190985259,0.0130340903728394
" 4889",41,0.68275985855361,0.224874412398312,0.000342746037324061,0.011635928499292
" 2753",45,1.15862178437336,0.567152710584225,0.00114383542641537,0.0119124488501253
" 2751",43,1.4579000535893,0.818860477261038,0.00276578134536778,0.0133121140735061
" 4200",43,1.13062913660261,0.349805707868126,0.00102708213882775,0.0123454752825301
"  454",42,1.08655860617571,0.530280216395547,0.000202179702961141,0.0115002930677254
"12620",31,0.457031445151217,0.133976593076058,0.000213277045147687,0.0113074127323803
" 7758",51,0.996294257599619,0.266614301592547,0.00127815950579836,0.0119135648898134
" 6485",45,1.1877074270646,0.483581415600509,0.000776467161114913,0.0120656801921304
" 3779",38,1.16057329108843,0.523496339376226,0.00150461464479257,0.0123544392377
" 4590",34,1.10422602478114,0.470049992289249,5.76830599071522e-05,0.0110104007657337
" 8580",39,0.596526187996689,0.222401564775095,4.82040801228106e-05,0.0102671409010927
" 7923",57,1.06380328928064,0.303008911218645,0.00034887269498955,0.0103010449066737
" 7217",44,1.01823474106059,0.314201255721548,5.86078384226978e-05,0.00854333268757204
" 4870",57,1.33744480042314,0.60473893824459,0.00745094049975031,0.0134998755713895
" 4586",34,1.09989860001422,0.470706632911609,1.50276508776148e-05,0.0109951002961812
" 7941",54,1.06812087752793,0.320160722459142,5.65270867627203e-05,0.0101321742235231
" 7219",39,1.05284719085177,0.322148396346328,0,0.00822367397980427
" 1931",32,1.15822765112276,0.319925793682788,0.00393770691919285,0.0130088158273622
" 1899",22,0.980175895235073,0.349874051051636,0.00106384208482069,0.0129430488664355
" 4569",36,1.09537161691381,0.46971876691605,1.65304159653763e-05,0.0109764423412774
" 4207",50,1.12096703601706,0.490013041958282,0.000905126972090184,0.0121749412620181
" 3496",39,1.32835006995348,0.622526525438532,0.00133572696839107,0.0126475810458542
" 3550",57,1.22416211295609,0.595942951258704,0.00101552240738343,0.0130967853661966
" 7936",61,1.1057821982441,0.328128761554298,0.000158946307359387,0.0101797557251276
" 7099",38,0.872585515025958,0.229686475589278,0.00155940777183864,0.0117873708088907
" 7224",40,1.07045479320215,0.335833847467092,3.35232211885253e-06,0.00869553153439851
" 8578",52,1.07265885548482,0.312572528424057,0.000309107218821092,0.00995434012347698
"11299",44,1.09977322707747,0.394450351756251,0.000566311243457192,0.0110585315071732
"11289",51,1.06973410445454,0.384707864113522,0.000130393770691919,0.0106768115828037
" 4255",51,1.19173899594202,0.580777861858817,0.00108603676919378,0.0125694410830518
" 7245",49,1.07071084413264,0.331130306453305,0.000560762572363919,0.00924158885141978
" 7620",47,1.0303475594669,0.27726447764168,0.00043291194258975,0.010042735808163
" 6796",27,0.782529137896361,0.238203366638639,0.00264521334640354,0.0125592602987929
" 6942",37,1.06645574518536,0.321742022603634,0.00386834853052694,0.01266649137155
" 6712",46,1.10270325894954,0.304903398280076,0.00118232933212496,0.010541446161849
" 8527",72,1.04779495905942,0.274709213090753,0.000273387648658146,0.0109059880025958
" 4983",34,1.06920096118,0.216970244213964,0.00291883218969057,0.0117564696983228
" 4010",28,1.06734386393144,0.237890661837203,0.00163015332827788,0.0120009769556243
" 6713",51,1.04560652887066,0.261730807215726,5.0284831782788e-05,0.0097682567162631
" 8530",64,1.08412216557419,0.286445414476533,0.000688497604823645,0.0114534935856341
" 6739",49,1.05229227878907,0.33986484426764,0.00161616605323025,0.0125948984914792
" 7205",30,1.06318186439667,0.30239980574071,0.000344248802411822,0.0121805278414649
" 4992",43,0.963508768441521,0.253503708955409,0.00046262045240165,0.0117097753448597
" 8201",4,0.61059405750485,0.0160055572948429,0,0.00901760200179456
" 4910",55,1.28714982709358,0.481880737405474,0.00383748404757061,0.0132015912742588
" 6742",15,0.959761344456563,0.0633803174933371,0,0.0100298718689983
" 8211",29,0.978418598418825,0.43196093454638,0.00302495052434942,0.0131468640083502
" 3663",51,1.09327550417545,0.423721454128286,1.04037582998872e-06,0.0106110916256669
" 9739",34,1.01367757784404,0.150111765594156,2.87837312963545e-05,0.00940856847523536
" 9742",32,1.01979983694011,0.154921043634454,0.000137329609558511,0.00962731230735814
" 9740",39,1.06648211623337,0.169535122738491,0.000314193500656593,0.00947713801403884
" 3044",46,1.13826768417229,0.521045639875377,0.000163916991880445,0.0116673300713368
" 8558",52,1.09280665412912,0.447718871948965,0.000240442414041837,0.0108599406203375
" 2746",57,1.27587033490345,0.596776333622723,0.000770802892707197,0.0122552084399043
" 3709",55,1.10815334415361,0.427488934778256,3.73379325651506e-05,0.0106661125232774
" 5795",45,1.13426815978479,0.401512457586051,0.000242407568387371,0.010347210095492
" 2198",43,0.845185036094779,0.372853771859015,0.00039742356705569,0.01140975707066
" 6106",48,1.39836044932136,0.619659152874174,0.00195012669465663,0.0127775703667454
" 3591",59,1.59199462738028,0.774295494730899,0.00776016331588585,0.0140633333967575
" 6619",31,1.05078137061596,0.350762604977658,0.002848780217138,0.0125569213695621
" 2149",43,1.25566269985022,0.67573548626172,0.000258706789723861,0.0122311446777127
" 2136",40,1.25068753454307,0.679078266819126,0.000113054173525441,0.0122541344256489
" 5811",45,1.11803906391723,0.401733785933144,0.000446436828379603,0.0103703946375722
" 3452",37,1.1985711160686,0.583950919907983,0.00147039783971739,0.0129315627344744
" 4903",31,1.10510697190997,0.517932217893132,0.00194862392956887,0.0129914730047357
" 2399",56,1.31888078762608,0.690477788822651,0.000699132557752418,0.0131078742067161
" 5958",45,1.23805614360092,0.558982800726285,0.0094705411803873,0.0138220151711724
" 7883",52,1.06916041230187,0.329628330177631,0.000566311243457192,0.0107219690078667
" 7232",43,1.06429369735953,0.325000756973682,3.79159191373666e-05,0.00889592292227112
" 6743",12,0.950328007251556,0.0616788038231261,0,0.0100336513590203
" 7876",56,1.09952003898197,0.312974295195514,3.72223352507075e-05,0.00958686991206062
" 7233",47,1.11341394932576,0.351033963445164,0.000188654817171287,0.00904338379103912
" 3393",53,1.20847396745432,0.578089299978963,0.00330562080381749,0.0135623109741767
" 8620",26,1.09538583329356,0.316737297288613,0,0.0104256401325375
" 6342",57,1.21441433448527,0.541583171922766,0.000445049660606285,0.0118241691875649
" 1903",29,0.917888465167282,0.248831131594866,0.000578448961473727,0.0122031751187696
"   11",37,1.40486482289538,0.466698020360708,0.00363253000906283,0.0132583290730212
" 6757",47,0.768701373207913,0.212754674514313,0.0035031766142009,0.0123863763829768
" 6990",32,1.07913618277439,0.255339272266952,0.000108661475576599,0.0113821603446245
" 7421",44,1.10805734914339,0.338442809293262,0.00205358629108329,0.0115505960526857
" 8619",55,1.13226397834438,0.252668128807444,0.0027596546877023,0.00960858054276429
" 6851",49,1.31885462995893,0.490215422273829,0.00181175670926813,0.0119825673720625
" 6801",29,0.701552675830609,0.188502995712931,0.000273734440601476,0.0110612034001351
" 6831",44,1.04452381881673,0.387899177352514,0.000113285368154327,0.0109738101971218
" 1741",46,1.31495692790401,0.65763171878615,0.00287791074037768,0.0135070789590002
" 5732",48,1.12566527706255,0.400166971510076,0.00045464423770507,0.0099454919626635
" 6836",48,1.14110953081683,0.423544986863375,0.000490132613239129,0.0114947730063839
" 5848",43,1.20051091581414,0.437348575659049,0.00172182199863133,0.0111140105290309
" 8545",64,1.04976222303977,0.14555649966753,0.000751613738509627,0.0103939812100228
" 7429",42,0.979086548191642,0.292309698409128,8.3576858342427e-05,0.0113635490147248
" 8350",38,1.08368551742384,0.369030007672579,0.00089518560304807,0.012225388630879
" 6748",15,0.993919915565701,0.0747558775164937,0.000293385984056818,0.0103829731797477
" 4955",48,1.13263637225139,0.389504079882285,0.000682255349843712,0.0115058909944997
" 4154",21,1.07173047896056,0.230567243589574,0.00328573806573326,0.0120084324724589
" 6733",14,1.02171715187902,0.0722967206098527,0.0024973643812307,0.0110339199948105
" 6136",29,0.844835242359243,0.23442118592036,0.0020193694860081,0.0128252763263419
" 6714",43,1.24043147387794,0.534276077549191,0.000759243161262878,0.0118673765976783
" 5777",44,1.0603136060779,0.378433830932573,0.000555676290528418,0.0100543364034805
" 4132",26,0.981124735692494,0.443025954515525,0.000411295244788873,0.0125586106607965
" 6862",74,1.1798685386209,0.301754568187391,0.000872528529417205,0.0116249724943714
" 4050",46,1.23250968016067,0.575571901284362,0.000230616642314166,0.0114162885557621
" 6692",56,1.08087608511514,0.373472409311654,0.00179372352821499,0.0127163786072049
" 7673",51,1.05060036373473,0.265835472720122,8.66979858323931e-06,0.00922546928884915
" 6944",40,0.828949108011094,0.261792143933921,0.00181152551463924,0.0122173784122727
"  550",51,1.24900537654034,0.588462969651162,0.00034089648029297,0.0114826994014689
" 3016",35,1.12651550121663,0.504207943881272,0.00012715704588751,0.0116782158327533
" 8337",50,1.01335901184264,0.290890073969787,0.000747452235189672,0.0108287547735815
" 6696",56,1.42283819545684,0.589176114809875,0.00623034845654466,0.0137268945983039
" 6078",51,1.39039962998372,0.560829643356829,0.00178066103168291,0.0126771579119024
" 5715",46,1.09381964790773,0.3885132395207,1.12129395009895e-05,0.00976020552633054
" 6785",47,1.09044888383537,0.390417479147198,0.000818660180886678,0.0101410147029546
" 4295",57,1.36409696344147,0.587569219086133,0.00708206946936209,0.0139196679478952
" 7924",51,1.08851166762044,0.32635519691055,1.10973421865463e-05,0.00953150900492149
" 6702",53,1.07435326799376,0.41628491961864,0.00120810753324579,0.0115846285850381
" 7220",44,1.07252071157169,0.338556189980162,3.96498788540145e-05,0.00901507269051482
" 7458",63,1.20642874764231,0.323612616431398,0.000497877633306823,0.0102387225817197
" 3432",39,1.06347490161978,0.294327993586036,0.00303847541013927,0.0126554387769451
" 4424",66,1.26089994355955,0.372971935444441,0.00259920561525515,0.012633831831747
" 8734",30,1.12324810809044,0.333672807266391,9.60613683022916e-05,0.0105726234567994
" 8674",30,1.01412314634062,0.13211176037026,3.24828453585366e-05,0.00960233659395527
" 7917",51,0.937099754402213,0.264797571440658,5.49087243605157e-05,0.0094434514495899
" 7221",35,1.01945013902958,0.31271267280267,0,0.00835487247754296
" 7844",66,1.12787248261308,0.31598555773153,9.20154622967799e-05,0.00915109296612998
" 4857",58,1.50410034780574,0.710800698395928,0.00403134074389184,0.0139534471224455
" 5751",40,1.09316615703657,0.39280587818341,0.000439038600255239,0.0100747775601542
" 5767",46,1.10287535341896,0.383800449189735,0.000205300830451107,0.00956514410869145
" 6004",22,0.515535912146153,0.24840113438764,0.000107043113174395,0.0125764635280832
" 6857",46,1.1666141657969,0.41666873252193,9.66393548745076e-05,0.0106225963669472
" 6859",45,1.12997096356701,0.42606522202658,9.60613683022916e-05,0.0108522168578891
" 7122",57,1.14826282347494,0.389435864405568,0.0020525459152533,0.0119299069105446
" 3505",39,1.10428807915685,0.342051714597398,0.00224154752436791,0.0127944758999739
" 6697",49,1.01099682128256,0.227813370743247,0.00220062607505502,0.011577829535142
" 7267",24,1.07687609244258,0.312309505817988,4.50829526328444e-06,0.010420385878641
" 8271",53,1.05784973721211,0.18467091008048,7.37510866147558e-05,0.00987462429110567
" 5992",42,0.649872971089619,0.230028653236581,0.000438113821739693,0.0109896226908138
" 6262",48,1.0823783968805,0.490228155693844,9.84889119055986e-05,0.0110690233231401
" 7119",49,0.984495821451427,0.289365023359858,0.000551514787208464,0.0114026063239188
" 4035",52,1.07977769484899,0.433770675733455,1.96515434553424e-06,0.00969002438597447
" 3348",50,1.21839295238022,0.400061716903865,0.00015432241478166,0.01144757889631
" 6630",51,1.14148475428788,0.385326945236128,0.00159732369097601,0.0125049701852236
" 7420",47,1.07105796811779,0.315239343593878,4.3002200972867e-05,0.0107882886544525
" 8362",55,1.06388023239665,0.116701095389161,1.73395971664786e-05,0.00958983050356126
" 6810",32,0.893929346545596,0.30815749018744,0.00034921948693288,0.0114860357549611
" 4979",39,1.31643192566544,0.531066001433114,0.00190157582259049,0.0128342493425015
" 2410",67,1.49188225828068,0.771760367178899,0.0027230103390238,0.0133410342651144
" 2967",57,1.34845219962214,0.59990820183581,0.00109505335972035,0.012366805386197
" 6128",28,0.709372245041789,0.21081316588958,0.00274855734551575,0.0126114305162419
" 6823",47,1.1357086408584,0.405753470278383,0.00067890302772486,0.0116855712006819
" 8685",36,1.12597268804702,0.336404369120945,0.00102222705162114,0.0119788097274693
" 6838",47,1.21773468088693,0.455461704427052,0.000488283056208038,0.0117449770971566
" 6589",34,1.0054331026944,0.437430592587038,0.00162090554312242,0.0118597651769779
" 6809",41,0.915194003326159,0.311550123911226,0.000328065178389776,0.0112516506454356
" 8688",39,1.11027803240987,0.325275815768829,0.00211970795494479,0.0123448730659363
" 5274",58,1.1559972520993,0.493077060371002,0.000106118334658849,0.0108272043680205
" 4876",59,0.959996784936453,0.357313855274711,0.000873337710618307,0.0124470313347517
" 4801",44,1.29491199635692,0.533883172762273,0.00158761351656278,0.0131019850549674
" 6804",29,0.64811073756136,0.180847401140473,7.0861153753676e-05,0.0111806961157306
" 1963",61,1.09588420907637,0.380429961226617,0.000300899809495626,0.0116193192968572
" 5540",53,1.11538556693112,0.488848141408348,1.94203488264561e-05,0.0101241861368063
" 7005",45,1.21907785986918,0.537316913296504,0.000243216749588474,0.0119073795570246
" 5683",56,1.12258372784694,0.396816222172487,6.93583886659145e-07,0.00906358740655624
" 6273",37,0.945429881010133,0.377887197744098,0.000496259270904618,0.0125634190770695
" 3924",50,1.25375933012199,0.672042158402513,0.00187799397044408,0.0134503662934602
" 5529",46,1.10406048435218,0.418366928446044,0.000263793071559362,0.010568560790813
" 3557",56,1.08932955614237,0.425114502082596,3.00553017552296e-06,0.00981826042796748
" 6681",69,1.41159241562866,0.634468870063839,0.00160703386538924,0.0130086793927388
" 3569",63,1.4206685112382,0.614890876352106,0.00296403073963786,0.0129325046148613
" 4349",37,1.11504931982169,0.504842504987597,0.000309569608078865,0.0125718293691662
" 5070",37,0.750430953667573,0.309594957404357,0.00072710710784767,0.0123788870113511
" 5532",55,1.11805959314531,0.488966888747813,8.43860395435293e-06,0.0100563487209611
" 7175",45,1.10090184716353,0.357413014592958,0.000826289603639928,0.0119616147627865
" 7006",52,1.49559333883687,0.636534243364642,0.0022086022897516,0.0123594912078493
" 4060",14,0.516973301621283,0.208269193798673,2.34662548319677e-05,0.0122908009107369
" 1758",22,1.25717664216682,0.4446677833276,0.000688728799452531,0.0127106147945891
" 4927",42,1.17114433735714,0.473487204021651,0.000689075591395861,0.0128262602419703
" 6645",28,0.843717453238851,0.291316440662054,0.00146947306120184,0.0126941796976942
" 5692",51,1.10769643850267,0.39142631369958,0.000452679083359535,0.00970783274558375
" 3593",56,1.09235583693962,0.426973357480381,1.31780938465238e-05,0.0100305437176744
" 4585",49,1.38093118429608,0.631709036753013,0.00292923594799046,0.0135711340904696
" 2121",54,1.32776711924591,0.55174479292963,0.00307014907429671,0.0132726049721286
" 5685",53,1.12050904614169,0.396429854945202,1.15597314443191e-07,0.00901243550162772
" 3488",58,1.26073861670901,0.512964092110177,0.00344607154086596,0.0128035296181311
" 5137",39,0.619119899434841,0.243249000554261,0.00033292026559639,0.0113965892262362
" 9104",57,1.07452096226593,0.210630501108711,0.00103783268907097,0.0118739171104117
" 7411",61,1.28642377089664,0.594183235208037,0.00146334640353635,0.0127438163549976
" 8671",55,1.11163757945976,0.425034003597699,0.000585847189598091,0.0110780881650496
" 3552",47,1.08286531680933,0.311004644697555,0.000928246434978823,0.0121361567789883
" 6781",57,1.42471997822243,0.539622083374191,0.00613417149092792,0.0136084790546597
" 5693",53,1.10629435674304,0.389133247434009,1.00569663565576e-05,0.00909004421720137
"  339",65,1.20194742605836,0.529197253538442,0.00085715408659626,0.0119963026567727
" 5686",48,1.10418929799317,0.392850316387936,2.04607246564448e-05,0.00893457840564708
" 6561",12,0.347636507788431,0.0817850791270302,0.000807909630643461,0.0118134969298642
" 5729",45,1.06034423004145,0.36459780595491,8.41548449146429e-05,0.00936324551080996
" 5833",55,1.19943995638827,0.432388211743181,0.000235818521464109,0.0104096154483846
" 6230",48,1.06895884293972,0.381228396982489,0.000701097712097953,0.0104798226583939
" 6736",18,0.997178314767813,0.0762336614614806,0.000106696321231065,0.0101387869769402
" 6706",48,1.15825683827307,0.466412900656688,0.00047891967373814,0.0114552886559724
"  684",39,1.16271045666224,0.518445002135293,0.00109239462148815,0.0121914795239252
" 6977",55,1.04624124437069,0.246117245713018,0.000187036454769083,0.00846637152700248
" 8139",59,1.20567641972863,0.493355881245901,0.000956683374331847,0.0120252930800096
" 7423",34,1.07066047534301,0.355479920909362,0.000290727245824625,0.0110435450744384
" 7825",61,1.04345840058288,0.295285115250452,0.000210387112286607,0.00983989202600564
" 6662",63,1.08301570266978,0.233239024588595,0.000185764884310208,0.00917652621439658
" 8589",50,1.08141471567144,0.316551302261528,0,0.00950332188006102
" 8200",42,1.12042017774434,0.399010437546199,0.000474873767732628,0.0111210950282298
" 5818",52,1.12112158632074,0.419730670168535,0.000425398117150942,0.0104654069979189
" 1918",29,0.731366522253189,0.245310179551938,0.00110314517173137,0.0126017257749712
" 8587",48,1.08188935432367,0.310987396546181,8.13805093680064e-05,0.00947891864066626
" 6850",44,1.14724809044095,0.439602873460608,0.000631161336859822,0.0110505890878443
" 6391",44,0.984911487877133,0.396268798095446,0.00345659089648029,0.0126582507548505
" 3586",42,1.00870347071934,0.363988656124594,0.00374951449127934,0.0132303012718357
" 8106",61,1.18396008854047,0.363439803019376,0.00150877614811253,0.0118330882687915
" 8374",62,1.17191742357757,0.427036523549913,0.00276578134536778,0.0125509340383237
" 3020",42,1.1755950284438,0.293713346011095,0.00162957534170566,0.0116628148126762
" 4920",43,1.13756715225915,0.497671713906925,0.00153050844322785,0.0127612991867334
" 8113",68,1.04261201856463,0.328330930952637,0.000328527567647548,0.0112723584142448
" 5187",57,1.43636742376848,0.766863352835036,0.00392533800654743,0.013487816243356
" 3306",52,1.23469382222672,0.409102333793143,0.000142531488708454,0.0114481442899358
" 8697",76,1.60080381619014,0.610226288390513,0.00841005141768546,0.0139860156136333
" 6846",39,1.11882860951148,0.410283273040799,0.000291536427025727,0.0107613067710061
" 4993",52,1.26107259700508,0.309938868103716,0.00288334381415651,0.0121907821941281
" 4810",46,1.23687247356634,0.580296016291662,0.00318632437531211,0.013384330741938
" 4817",41,1.31232040336319,0.695461689204577,0.000796812288456915,0.0131683986803299
" 5521",77,1.29243140301422,0.470502168467147,0.000187383246712412,0.0118018701097456
" 4856",33,1.26863167860841,0.53398419562442,0.000988472635803725,0.0130106309573874
" 8202",4,0.624793436526963,0.0172482117923842,0.000480769230769231,0.00916003437692715
" 6860",52,1.18419297455131,0.450823239415665,7.90685630791425e-05,0.0110885468895339
" 5479",81,1.27526176125617,0.462609898016474,0.000368524238444892,0.0119473719085715
" 6747",14,0.989098039322702,0.0671422294983124,5.31747646438678e-05,0.0100338657138523
" 6858",46,1.02402097322558,0.353993910021898,0.00116834205707733,0.0118725506745832
" 1970",51,0.951832149581569,0.321328025047414,0.000416497123938817,0.011639699950603
" 5025",65,1.15992231487561,0.444338344498701,0.000579373739989273,0.012422203233325
" 8168",34,1.17326086335031,0.380032993118008,0.00234951541605785,0.012495929823559
" 3948",65,1.16206731056575,0.498348656948463,0.000323210091183162,0.0113131616097539
" 7464",18,0.777716358392729,0.117651926459383,0.00306032330256903,0.0122245650645028
" 6727",60,1.25118604698309,0.492421637778724,0.00302691567869495,0.0131621114152331
" 4919",58,1.34054818727658,0.640492347946855,0.00162795697930346,0.0132723566144987
" 3611",20,0.314784728404859,0.0753666764055574,8.62355965746204e-05,0.0109875661811801
" 5132",31,1.08998306179876,0.39280035859231,0.00241112878465607,0.0132227836395355
" 6474",35,0.990958161187452,0.344347550906634,0.000643299054876357,0.0128675849938546
" 8150",58,1.1714449071368,0.480705542976586,0.0048935811123236,0.0133485753736832
" 6766",46,0.994695845078961,0.268924154739549,0.000365981097527142,0.0112846411851867
" 3363",47,1.02234330566717,0.333129789556866,0.00114649416464757,0.0114901604906293
" 5075",34,1.11819738849374,0.373975210196883,0.00107840734644053,0.0127848470868708
" 6402",14,0.188158063832006,0.0562246541329891,1.15597314443191e-06,0.009295035805093
" 7866",52,0.968960944054869,0.271062186559072,0.000140450737048477,0.00976062632847033
" 7242",42,1.03016659579932,0.308899759418352,0.000447014814951819,0.00926388229739114
" 7139",48,1.11947922493342,0.528709097323102,0.000622260343647696,0.0124751521848081
" 7886",70,1.14146411686727,0.352965457400128,0.0026178167828805,0.0118402212133426
" 8149",30,1.0534611807752,0.236342766052473,0.00486109826696506,0.0126685319428272
" 5717",52,1.10103739891,0.388251037541939,4.62389257772763e-07,0.00913628862559623
" 6285",38,0.965696409220254,0.377941903127264,0.00293351304862485,0.0123751005052314
" 8336",52,1.26420526746017,0.554257516911134,0.00357403776795457,0.0132440253715119
" 1765",73,1.2634613793119,0.418006126358942,0.00343578337988052,0.0127341501785246
" 6802",31,1.26991725156224,0.363301357077538,0.0010729742726617,0.0116299765702933
" 7422",46,1.11552858758362,0.328761534715779,0.000431987164074204,0.0109824682554469
" 3392",29,1.15438216478238,0.21718339916997,0.00164471858989772,0.0117822603134828
" 6375",28,1.08252615319242,0.204463903183603,0.00031084117853774,0.0109960943559383
" 8737",66,1.11343954201662,0.205228070401778,0.000107389905117724,0.0102288552404994
" 5790",26,0.881126981142081,0.218393909657342,0.000883510274289308,0.0124279852006038
" 5812",13,0.595825156647146,0.0562812093132731,0.000205878817023323,0.0109925648946406
" 6278",21,0.55394131881536,0.144291298634282,0.000690115967225849,0.0118898224897165
" 6320",49,1.2428642372213,0.622842343527844,0.000753694490169604,0.0120590222949374
" 4693",61,1.11671749838061,0.479944030227286,0.000243679138846246,0.0109295375355401
" 4163",31,1.08016219286364,0.199624041844463,0.00148646586642499,0.0117796108125204
" 5710",50,1.09018528709053,0.380539961268325,2.08075165997744e-06,0.00904966782383079
" 6854",37,1.02196483248731,0.382418106321025,0.000980843213050474,0.0115164654707033
" 6288",32,0.500575374979432,0.161774137198438,0.000797852664286903,0.0120661879256742
" 6225",54,1.12511768438704,0.50077592081578,6.02262008249024e-05,0.0105742310278409
" 1432",45,1.31636079966583,0.569089455326565,0.00139479719607154,0.0111853814965838
" 4062",54,1.07957774135368,0.429959811210051,2.53158118630588e-05,0.010048073102153
" 3838",51,1.22738423941491,0.414380741142089,0.000145074629626205,0.0114083766644023
" 5791",26,0.883047135201277,0.203996812343208,0.00242187933489929,0.0122995070210771
" 5740",20,0.836258847394174,0.198056521892958,0.00062711543085431,0.0122763023821009
" 5809",8,0.625726949964469,0.0525218406378919,0.000575905820555977,0.0112284463913414
" 6886",33,0.870748003754142,0.329783051151589,0.000215357796807665,0.0115851371515581
" 5757",27,0.965775514106927,0.262107386782955,0.00183580095067231,0.0124721252458057
" 5716",31,0.9204109371111,0.203410297639029,0.0017996189912516,0.0121427421898832
" 6439",39,0.758031557749725,0.239641375582113,0.000647922947454085,0.0116562713924236
" 6195",22,0.564638417135503,0.178297816693414,0.000599603270016831,0.0124776334771969
" 5738",48,1.08220445289901,0.37760361856276,8.09181201102336e-07,0.00901648514596159
" 6830",43,1.10547442570228,0.445101610745169,7.96465496513585e-05,0.0110609033516526
" 5416",69,1.68949193931585,0.821776205749053,0.00699664305398857,0.0138756584595025
" 8598",51,1.08187824623278,0.311912332867168,0.000596482142526865,0.0105402581441165
" 7435",35,1.14112483590481,0.345148501408345,0.000468515915438253,0.011625702734276
" 8344",43,1.1616377336813,0.407894624650081,0.000606539108883422,0.0120534250854553
" 4836",46,0.976665823041947,0.447860834763859,0.000955642998501859,0.0129001234931806
" 5314",45,1.0956576996339,0.560788787454092,0.00158495477833059,0.0129565792619826
" 8384",47,1.23165733736009,0.424844083339705,0.00197035622468419,0.0123855591643778
" 5737",54,1.08898400412035,0.383798876407391,1.43340669909557e-05,0.00908162198485169
" 4818",47,1.26147563955761,0.648007160135421,0.00256706956183994,0.0134371160785004
" 4587",48,1.09195435849536,0.439898630271492,0.000873568905247193,0.0116988702448327
" 4575",40,1.19527003757772,0.475368636489305,0.000581338894334807,0.0118680334721915
" 7100",75,1.32254507087961,0.424014475039543,0.00355080270775149,0.0125515619166545
" 1868",50,1.21341384626338,0.526162898378725,0.00131977453899791,0.0130432443737122
" 7130",62,1.0580949037258,0.17758527499118,6.56592746037324e-05,0.009381879194354
" 7286",54,1.05561737599389,0.18626508472566,0.000145190226940648,0.0093987183497122
" 7035",41,1.04667171308253,0.206172901055105,0.00239956905321176,0.0117520064861761
" 6416",30,0.57315490655204,0.219544040454873,0.000382164721549189,0.0118651603918
" 1929",39,0.971255750248728,0.346864217792124,0.0031263293691161,0.0126898347823517
" 4879",41,0.835689260258651,0.200563674138898,0.00213508239776574,0.0125076321233832
" 4197",55,1.14687886919755,0.507763148296801,0.000414878761536612,0.0120626890300404
" 3856",51,1.22889057601917,0.599140778463723,0.000738782436606433,0.0125837591007136
" 5032",65,1.43456684190474,0.565126555726167,0.00334792942090369,0.0130017596558325
" 8556",54,1.13354167544881,0.456985079674682,0.000490248210553572,0.0109360128521089
" 5478",44,1.25218590088473,0.564483146449271,0.00610099506168273,0.0136462460364232
" 5720",49,1.08666208544377,0.382351540842512,3.58351674773892e-06,0.0090941413435477
" 6550",44,1.06844190956667,0.38170521745656,0.000132012133094124,0.0100509557640123
" 4253",26,0.97850913465229,0.181327661458091,0.00630583350287606,0.0129189611813082
" 6691",55,1.18357477455789,0.437566525336128,0.0030888758392365,0.0130253125053384
" 5011",33,0.85830529786288,0.208685258907395,0.00791830044204413,0.0120139416984575
" 6100",49,1.22547580469901,0.481003206745877,0.000750920154622968,0.0112045539876618
" 6596",48,0.993767740234677,0.358054155979888,0.0011399051177243,0.0109591122886463
" 6793",35,1.06852383037074,0.316861043945272,0.00139653115578819,0.0119143665855481
" 3858",59,1.4204152130084,0.685314049602604,0.00742134758725285,0.0141030759124356
" 6915",36,1.12425709546466,0.432334294448907,5.45619324171861e-05,0.0109711812975865
" 8482",56,1.22597579698167,0.542128509928091,0.000358004882830562,0.0128816912670303
" 8378",54,1.17577542186587,0.341096006136713,0.000306795272532229,0.0111332006855572
" 7184",55,1.1341498690028,0.311722689506858,0.000546428505372963,0.0115881684244966
" 6097",58,1.15354709830292,0.479658466921792,0.000809990382303438,0.0113643744579769
" 4837",54,1.36952391651023,0.678846112623086,0.00253817023322914,0.0133799014563465
" 7935",57,1.10664297760827,0.322075585811842,5.29435700149814e-05,0.0097268929633343
" 7228",37,1.05050729805868,0.32105099460998,0,0.0083748167740034
" 6704",47,1.18396926866385,0.473914640830759,0.00133838570662326,0.0117186739506668
" 8497",73,1.16668322850876,0.337309411491129,4.16150331995487e-05,0.0110692928828399
" 4917",65,1.29007162329007,0.47219700187525,0.00313361199992602,0.0129930536668487
" 7186",62,1.06289478390121,0.296190535426828,0.000199058575471175,0.0115622706928419
" 6107",38,1.11659595756735,0.493855101038376,0.000420311835315442,0.0110722393027279
" 6299",47,0.997632825954417,0.422978630961469,0.00158160245621174,0.0127049884977302
"  759",26,0.70991850173237,0.219410895038563,0.00157998409380953,0.0124931156835299
" 7922",60,1.08488059420634,0.304330053289915,7.5138254388074e-05,0.00951180526296001
" 7222",35,1.03620150729998,0.31781796256349,0,0.008690532816451
" 8499",59,1.17255804792683,0.335869051622573,0.000126694656629737,0.011109096979634
" 7810",56,1.0674496728964,0.307479487237631,1.67616105942627e-05,0.00919018346927759
" 6985",27,1.09415664742091,0.279065743599518,0.00168621802578283,0.0118893216810337
" 4460",50,1.05712462189997,0.408604594815361,6.20757578559935e-05,0.0100889676125073
" 6984",68,0.97738219477231,0.25582704505637,0.000606423511568979,0.011308407547062
" 7216",82,1.46645705697969,0.582978901106033,0.00294414800155363,0.0112985042801996
" 3369",59,1.20777277166183,0.348508916681834,0.00102870050122996,0.0121918205399377
" 8169",29,1.12978405119783,0.368818980714359,0.00148103279264616,0.0123821419782941
" 8894",13,0.550708218726309,0.0413879588111297,0.000522615458597666,0.0110887893183694
" 8214",19,0.951876543317209,0.247320341469454,0.00112580224536224,0.0120980199710309
" 8630",46,1.3504615399841,0.422178650552077,0.00433466809699077,0.0134687492754414
" 6196",23,0.656505225078227,0.168683928178503,0.000745140288900808,0.0112478698767017
" 5024",50,1.05089670972128,0.367305684660395,0.00163547080474226,0.0128561184392727
" 3553",55,1.04909269051249,0.306278604240496,0.000865361495921727,0.0120779076713725
" 6749",17,1.01979907239844,0.0738682359942314,1.24845099598646e-05,0.0100002082497852
"   32",18,0.906214266717685,0.306639988901022,0.00248268352229641,0.0130524168972654
" 6199",26,0.692820324714265,0.165397885530996,0.00106418887676402,0.0115887881441319
" 7443",61,1.17871679827687,0.35311378026913,0.00112661142656334,0.0117316438246483
" 4963",57,1.10126867665563,0.314410038974372,0.000707571161706771,0.012110161990656
" 4194",31,0.60617579346819,0.154149868656368,0.000577177391014852,0.0112911091638019
" 6266",33,1.13088484970913,0.449455406501934,0.00204954038507777,0.013091987712264
" 6216",24,0.646072196308888,0.172109962114521,0.000353149795623948,0.0108699254675109
" 6283",15,0.269078174218976,0.0609436876929424,1.15597314443191e-05,0.010347504061791
" 6227",52,1.06856628493587,0.451758700943038,0.00062237594096214,0.0114198506579832
" 1435",39,1.06764785194934,0.309750244807126,0,0.00910526349172447
" 1953",51,1.15005465304947,0.524042488730832,0.000746180664730797,0.0121760464855908
" 8474",67,1.13063328992805,0.27298716270772,0.00245632733460336,0.0114795918878536
" 8612",61,1.23500391167823,0.462560097778628,0.00434958015055394,0.0131662411629906
" 6844",46,1.12160291130743,0.431180995296558,9.01659052656889e-06,0.0104314219861851
" 6301",53,1.32447447003113,0.697174720210612,3.19048587863207e-05,0.0123578532380364
" 4961",17,0.24286039544049,0.0611888950674877,3.45635970185141e-05,0.0103097708063579
" 2565",50,1.23465512948518,0.502359848538478,0.00330839513936412,0.0133629713062607
" 6573",15,0.609176430858905,0.16321771458743,0.00117273475502617,0.0115443920119971
" 5275",50,1.14542579774302,0.481650693565601,0.000330261527364196,0.0108510987865647
" 6729",57,1.38977133820678,0.576153538321062,0.00398325226108347,0.0133768114786458
" 5287",67,1.16874897635363,0.500242593182554,0.00012750383783084,0.0106647795569863
" 5105",50,1.09946919896938,0.556983908542577,0.000302286977268944,0.012408851285303
" 3722",48,1.13615397206481,0.451114809341992,0.00259065141398635,0.0126172123437396
" 5968",53,1.07600083331477,0.260133666138246,4.3580187545083e-05,0.00965014375971617
" 6578",60,1.58578929439965,0.665438975249404,0.00785980820093588,0.0137304704887985
" 6848",49,1.33265730006396,0.443351696336374,1.87267649397969e-05,0.0109315056776759
" 4816",22,1.24109408017963,0.708133260753197,0.0018258595816302,0.0133960176691194
" 4549",43,1.26327954481817,0.514254696603585,0.00687364751142102,0.013744125379509
" 7095",25,1.05812213849132,0.225966001895825,0.00679180461279524,0.012895249015413
" 7185",43,1.15955233361899,0.327998307071983,0.00297501248450996,0.0124550309273967
" 5097",69,1.27499579303058,0.4288582596344,0.000889058945382581,0.0122408654862629
" 3540",60,1.33957157420507,0.512135202801646,0.00439154197569682,0.0130526270198369
" 3453",35,0.817767433813625,0.280951668892589,0.00141317716906801,0.0127881587067021
" 6740",16,0.972731627029161,0.0659686275553122,0,0.00998652809791468
" 8340",54,1.16052064496648,0.335752015209903,0.000941771320768676,0.0111638307423297
" 5889",38,0.947057769192564,0.454024905471582,0.00194284406384671,0.013386634090643
" 5962",31,0.649729520617433,0.224183454865493,0.00112927016479553,0.0120838234625492
" 6935",13,0.753170092743443,0.156584043507342,0.0050828139160671,0.0133338406595964
" 8070",73,1.11661561103499,0.313491126360093,0.000666765309708325,0.0106336925054763
" 6150",34,0.741657411777607,0.225585477934464,0.000724448369615477,0.0111891552999903
" 6569",47,1.1537132749777,0.405607095494062,0.000211774280059926,0.0105283037596164
" 3958",51,1.28393669825659,0.515849003330014,0.00253516470305362,0.0125650657354078
" 7817",61,1.10877210149945,0.316036085333232,1.61836240220467e-06,0.00901944515759638
" 6910",31,0.597338170714142,0.192283317839199,4.75104962361514e-05,0.0102556962474328
" 6879",67,1.14199329134858,0.375857893710114,8.61199992601772e-05,0.0109877801333794
" 7434",60,1.26324480954309,0.508199467380599,0.000728263080992102,0.0122621117673115
" 8396",28,0.524425835372492,0.153108115889051,0.00113932713115209,0.0122960630843419
" 8481",54,1.39150266248933,0.592143594083852,0.00285028298222576,0.0136068293685444
" 8195",39,0.823919215770919,0.27452793914022,0.000258359997780532,0.0104291166088743
" 8586",50,1.08308935400389,0.317131490743934,2.77433554663658e-06,0.00939305966096505
" 7639",51,1.12679908555047,0.363132516394345,0.00168379048217952,0.012342940968128
" 5012",34,1.05944672853238,0.25879725152232,6.0572992768232e-05,0.0114834872457773
" 7823",59,1.0940136144662,0.311090551864436,1.73395971664786e-06,0.00897337820700727
" 7432",52,1.28368919901909,0.475961569120052,0.00132636358592117,0.012194693071297
" 8590",44,1.07960452413595,0.31569800829129,2.49690199197292e-05,0.00964185421333448
" 6567",45,1.16762876644675,0.403495738120945,0.000313962306027706,0.0105329439100449
" 6401",54,1.36293434945132,0.690203478002682,0.00355288345941147,0.0130091253090311
"   28",16,0.95176675706788,0.0774327703106973,6.27693417426526e-05,0.00895262101929383
" 5954",69,1.16662812505813,0.521556015132464,0.000762133094123957,0.0119200401805675
" 8002",62,1.26455261040229,0.432902804925004,0.00133642055227773,0.01179287376532
" 7236",44,1.06620680664053,0.326780799949033,0,0.00843503123236829
" 5015",38,1.03459287510942,0.257134686587753,0.000497184049420164,0.0115382509447407
" 7418",46,1.17703208729963,0.387323798318113,0.000768722141047219,0.0113577279057855
" 2785",47,1.26149101822094,0.536555134057088,0.00235494848983668,0.0128398245621958
" 7819",55,1.05909778043509,0.297791399848111,0.000123457931825328,0.00938034929886606
" 8254",50,1.1468831501751,0.387754380950195,0.000854379751049624,0.0116610716747572
" 8616",54,1.22613415394031,0.439676272444347,0.00238326983187527,0.0132306557889162
" 7023",36,1.07080149903876,0.275848755193988,0.00203116041208131,0.0125811652976241
" 6218",39,0.804442619779913,0.206863407833489,0.00256475761555108,0.0124016745295164
" 6205",70,1.4021927032376,0.635268873058056,0.000836230972682043,0.0122639914029276
" 7984",54,1.17520997700775,0.410413934628601,0.00197833243938077,0.0122371264717258
" 7231",40,1.03573870044092,0.312205774470259,2.31194628886382e-07,0.00845233860101526
" 6562",50,1.14977516446133,0.415030432224343,2.80901474096954e-05,0.00993355490108811
" 6852",46,1.17295302505963,0.454076591095109,0.000113978952040986,0.0109394730975091
"  799",56,1.26340314494825,0.454182161404602,0.000135248857898533,0.0110355559622265
" 5006",30,1.259135928627,0.492641707515457,0.00304911036306805,0.0131911579905442
" 3690",59,1.07965823299661,0.432256941011049,3.58351674773892e-06,0.00942123975893432
" 6650",21,0.948401651269899,0.191324026308972,0.000782593818780402,0.0119131161920037
" 8661",61,1.21683026828252,0.364951447783659,0.00200052712375386,0.0119242267023842
" 8270",56,1.06471745360452,0.186422143763108,4.57765365195036e-05,0.00970163250941556
" 3946",53,1.11952570383352,0.475357104405462,0.000317083433517673,0.0112118813226222
"  795",58,1.30126207773919,0.466075808270506,0.000678671833095974,0.0112743618050199
" 4888",52,1.25281253731542,0.566965297249103,0.000777160745001572,0.0122165915758102
" 6613",33,0.512200324982706,0.18480518284462,0.000401353875746759,0.0105360635062412
"   30",20,0.948478736755631,0.378133417984285,0.00159015665748053,0.0130383751465566
"  796",58,1.20268055800456,0.432060114677836,0.000346213956757357,0.0111444595375878
"  749",31,0.436437320203982,0.125498328317611,0.000778085523517118,0.0116208927343095
" 5120",41,1.1936549854454,0.494483080483228,0.00440206133131115,0.013171543303026
" 3669",57,1.06403396133103,0.424221179280259,1.61836240220467e-06,0.00921698670944922
" 6767",56,1.42886820055124,0.707596681623842,0.0071259964488505,0.0141847777258314
" 8317",55,1.03829151251222,0.178607381893734,0.000113285368154327,0.00961323048771326
" 4214",51,1.22292754145037,0.411342591863115,0.000267029796363771,0.0123266915031433
" 7363",33,0.932830668856153,0.169207167347122,0.00120799193593134,0.0106040487024278
" 5569",58,1.12400363971479,0.49047812181403,2.15011004864335e-05,0.0100056060692309
" 6380",44,0.723730616836053,0.241274451138589,0.000349335084247323,0.010781588767872
" 5265",47,1.09777277609518,0.427201450587017,0.000249805796511735,0.0103914727108197
" 2017",55,1.03184862465966,0.305712286037626,0.00198272513732961,0.0116036528398012
" 8197",39,1.03504700287138,0.131906505807592,0,0.00851303694815902
" 6574",41,1.29456020689824,0.530812750300582,0.00100199752159358,0.0118082803380439
" 6339",24,0.404028589304176,0.123826554213636,0.000282404239184715,0.0113930200051193
" 5485",61,1.26019851380643,0.530955049210983,0.000992980931067009,0.012487080256621
" 4864",54,1.46905637061492,0.712434169704534,0.00195636894963656,0.0137333397163121
" 6598",42,0.865608384870988,0.329724991549648,0.000280092292895851,0.0106252831957616
" 6483",41,1.06690385753024,0.38366839421244,0.00301454676604953,0.0121903003705965
" 4579",37,1.13222087078699,0.466927448329355,0.000117215676845396,0.0107693079102209
" 1930",36,0.938772089112779,0.331211491424296,0.00340526568886752,0.0128059579218507
" 7125",46,1.12180776553968,0.332315656420035,0.00145120868551982,0.0118001400563008
" 7008",41,1.04076518704804,0.302032941516649,0.00138161910222502,0.0121991734132142
" 8608",32,1.06484453143747,0.133867925853863,2.99397044407864e-05,0.00917176146317812
" 6580",44,1.07349808926433,0.405262912692612,0.000971595427895019,0.0114161162387476
" 5441",31,0.655927232884145,0.282232591639737,0.00101829674293007,0.0126788597992608
" 4544",32,1.08342950321654,0.474061864663063,0.000292461205541273,0.0111996496018527
" 4542",53,1.23757064203431,0.55546898284686,0.000961769656167348,0.0122315974253182
" 6992",28,0.962991325270937,0.249950494670132,0.000228998279911961,0.0114707227133346
" 6599",37,0.983250276836379,0.3674919635271,0.000674972719033791,0.0106000601277072
" 4161",62,1.18981640012416,0.564300731415318,0.000362859970037176,0.0122396459842194
" 6639",21,0.99282978479069,0.257675918524825,0.000428288050012022,0.0114308163752128
" 8351",39,1.03624785203488,0.155339125343076,3.5719570162946e-05,0.00904859685399924
" 8665",44,1.07713222864261,0.152357953933297,0.000156171971812751,0.00959900637966792
" 3837",41,1.06445058763349,0.419067239992524,0.000227842306767529,0.0107968526086214
" 8650",33,1.00829421548743,0.129133907827221,0.000441003754600773,0.0101281629883419
" 6887",42,1.17646161801497,0.469829495123302,0.00288900808256423,0.0121447524344331
" 3583",52,0.957325318378504,0.371119600271825,8.04557308524608e-05,0.0102301559137394
" 8131",47,1.17796413602952,0.328354557585557,0.00173002940795679,0.0120153714883321
" 8330",62,1.06489176457447,0.348286716468391,0.00166020863003311,0.0120761240494365
" 4246",24,0.935888364022476,0.252241563484722,0.00265006843361015,0.0128534061229563
" 8675",29,1.0059245050662,0.122898160698612,0.000141606710192909,0.00967419359360426
" 8729",26,1.1157786635405,0.290926378376255,0.000241251595242939,0.0119908302461209
" 6068",44,1.05862560869622,0.394134276092846,8.86631401779274e-05,0.0095946531135876
" 6797",39,1.09881745315829,0.324988173902071,0.000696473819520225,0.0115669328383485
" 4247",32,0.903688268483606,0.264999889175487,0.00286068674052564,0.0131424343032415
" 7002",32,1.0771899817427,0.491200748722982,0.000963156823940666,0.0122519087039125
" 6741",11,0.988899949427676,0.0666687892710892,0,0.0103570659782033
" 6803",38,1.19949764296625,0.395481180073766,0.000566889230029408,0.0117941440792869
" 7834",57,1.1685154175884,0.370428740369205,0.00148658146373943,0.0105756450748334
" 8806",55,1.05732750664998,0.174721953633802,0.000464123217489411,0.0100126612634486
" 6063",51,1.0823188306163,0.397948146197723,1.20221207020918e-05,0.00973891598941183
" 6855",37,1.11095236625162,0.416109591070028,5.07472210405608e-05,0.0103317086544467
" 5156",68,1.24682413728713,0.506496677926659,0.000138947971960715,0.0105535544478832
" 3982",57,1.12220892460318,0.430656006625319,0.000122879945253112,0.0106772553607595
" 4025",53,1.07143249561303,0.430807824723716,1.29468992176374e-05,0.0101040171316861
" 6979",22,0.493005335045014,0.157208733691657,0.000553711136182884,0.0122916222106842
" 6891",48,1.40682075898699,0.580194748053387,0.00798708084413783,0.0141800963465804
" 5447",68,1.29916602412508,0.535839396147341,0.000360548023748312,0.0120539888329817
" 3966",54,1.17462417613046,0.451533384029358,0.000912640797528992,0.0119392160379209
" 3619",36,0.747261122822324,0.300229939411697,0.000461464479257218,0.0123824333293247
" 1656",34,1.35062193648644,0.546582193002077,0.0022875552555163,0.0129984288500184
" 4102",33,0.46156419277272,0.151990376784724,7.60630329036196e-05,0.0105612100919472
" 6060",54,1.07860332521992,0.394200614987726,4.04590600551168e-06,0.00976590071515793
" 5907",62,1.14304569878605,0.462678231246861,0.000562496532080567,0.0109087134377491
" 6840",47,1.17836074884499,0.449463069805464,6.51968853459596e-05,0.0107008009163056
" 6188",53,1.34849788737548,0.683776327566634,0.00163107810679342,0.0126600272069814
" 6364",39,0.892951504183065,0.355448017902178,0.00116510533227292,0.012280886834629
" 4138",51,1.25352384026535,0.543259237887121,0.00153732868478,0.0131897452628682
" 6220",35,0.558023018344608,0.188224223480645,0.00109551574897812,0.0123604968739577
" 6554",15,1.04340311332171,0.0947620209680983,0.000205878817023323,0.00920351293000183
"  835",40,1.09185021522671,0.32718765165464,0.000661101041300609,0.0111440386844003
" 3466",37,1.09681871625962,0.357310579576334,0.00244869791185011,0.0125796918229377
" 8223",59,1.07114208513617,0.206529600300424,0.000572553498437124,0.0105290613618785
" 6064",51,1.07807779554929,0.391707521032073,3.24828453585366e-05,0.00980269281100066
" 5073",36,0.85292394033135,0.366576249459032,0.0016671444688997,0.0128591393159131
" 6493",41,1.11413191445235,0.46974259315316,0.000264371058131577,0.0117525113747175
" 6451",17,0.499163012844436,0.0554832995416681,0.000758665174690662,0.00990273149327129
"  830",45,1.10769785909198,0.345335534046315,0.00186828379603085,0.0113356165760838
" 4041",41,1.10926600545486,0.38458313457827,0.00489254073649361,0.0136925104434682
"  908",30,0.608856886853714,0.173120979071062,0.000462967244344979,0.0106842637374031
" 5092",50,1.11706362826884,0.498518349988378,0.00410000554867109,0.0133256463409001
"  570",38,0.932930853749566,0.332620569874521,0.000326215621358685,0.0102907446852967
" 5381",44,1.23945765445419,0.714672307401674,0.000131665341150794,0.0115301990977424
" 6062",50,1.07824785850376,0.394786517680469,1.82643756820242e-05,0.00962644002490129
" 6512",46,1.27131083783514,0.514625222081811,4.72793016072651e-05,0.0116363137280527
" 6482",40,1.05346822840635,0.43513356937561,0.000722598812584386,0.0119807231503981
" 6510",32,0.756906290353122,0.2160468264776,0.000872990918674977,0.0112762956045532
" 5990",37,1.21655709049963,0.546301370137978,0.000657633121867313,0.0126488515302841
"  563",33,0.941142168232966,0.333316483356184,0.000302055782640058,0.0104854295975526
" 5014",31,1.04284707343686,0.262572834633048,0.00118082656703719,0.0118574848178088
" 5388",56,1.24005634854175,0.712459585559042,8.7853958976825e-05,0.0115094744534417
" 6473",50,1.32334023436058,0.508528718421103,0.000509552962065585,0.0116959675986536
"  581",36,1.00654760898804,0.347398520149207,0.000165419756968206,0.0101294329025553
" 6705",58,1.14417450934758,0.463251510133806,0.000312921930197718,0.0114343829793462
" 5380",44,1.25319013504797,0.711199927881832,0.000209231139142175,0.0115283735434817
" 6709",53,1.10365572347308,0.31331143914684,0.00024853422605286,0.0105603336152452
" 6839",47,1.32664654755325,0.43603794245956,1.94203488264561e-05,0.0107957928821054
" 6509",46,1.27493145312193,0.530268374419109,0.000652200048088483,0.0119687845684026
" 6379",11,0.149268765301794,0.0342264914688195,2.5431409177502e-06,0.00811439309880212
" 6794",34,1.1183120533668,0.371170205577081,0.000706761980505669,0.0118249097067869
" 6336",32,0.999488709759328,0.282909344944582,0.00274543621802578,0.0123582146295956
" 6861",43,1.15454346816561,0.467014528720333,0.000796581093828028,0.0115021642863896
" 6744",14,0.989623148069497,0.0665735356794114,0,0.0103654215664317
" 8930",47,1.03941210119332,0.129282288221556,1.0288160985444e-05,0.00958792442659655
" 6095",44,1.17039611350237,0.513543607582271,0.00013259011966634,0.0110983006725385
" 6544",48,1.14636925503792,0.410184454323719,0.000170968428061479,0.0104235948759791
" 6431",44,1.28013662264241,0.490237002159499,0.00030864482956332,0.0115778878181376
" 6202",51,1.32723371808015,0.617227398173363,0.00242211052952818,0.0128749650268255
" 8700",16,0.9893090693387,0.203175407750611,0.000636247618695322,0.0111021522129933
" 8486",39,1.14884742063738,0.28214317147081,0.000427016479553147,0.0113057695143922
" 7552",37,1.04373448515737,0.125416359600891,0.000185186897737992,0.00907816176061098
" 8152",32,1.02670150570955,0.120276034543467,9.20154622967799e-05,0.00902060821080064
" 8462",45,1.1006984428386,0.138704196511838,2.50846172341724e-05,0.00919058322435609
" 6096",42,1.13916213455847,0.507915550073512,3.35232211885254e-05,0.0110980327767191
" 6547",45,1.10754607048261,0.391520108710421,0.000126347864686408,0.0103229665108286
" 6556",15,0.995226381933692,0.0860881840731709,0.00118360090258383,0.00956225887208483
" 6776",65,1.05720995339192,0.338629893323527,0.00066838367211053,0.011560882506913
" 8463",53,1.28982550078682,0.168194213430201,7.86061738213698e-06,0.00927614522033098
" 7554",33,1.05723657925625,0.123473162172301,2.88993286107977e-06,0.00882514509873639
" 6583",20,0.71510422020525,0.0606233457475516,0.000359854439861653,0.00919883879912084
" 4907",36,1.06672587067408,0.425132885233695,4.62389257772763e-07,0.00978326205985251
"   21",16,0.906274769207907,0.0833496251659949,0,0.00903649627169888
" 6098",35,1.16288584075658,0.503425298359423,0.000279745500952522,0.0111854541828322
" 6539",52,1.11997990980201,0.397816479679923,1.2137718016535e-05,0.0104827896149989
" 6054",15,0.974767826428731,0.0836329970665593,0.000109933046035474,0.00940629983306408
" 5229",34,1.05706135416914,0.420075475219056,1.04037582998872e-06,0.00992986185157105
" 3691",47,1.08693438571212,0.421183799566107,0.000514754841215529,0.0107840133030789
" 6827",26,0.55090547320214,0.167197658996406,4.61233284628332e-05,0.010841831513152
" 6427",35,0.95878046018733,0.416652845116884,0.00059775371298574,0.0117818823607655
" 7453",45,1.16334086983848,0.352912106447966,0.000586309578855864,0.0118402074423307
" 7667",45,1.07208699847911,0.319427818309707,0.00106904396397063,0.0119943527436916
" 8390",45,1.16340919636099,0.423433251212904,0.00368373961936116,0.0130000781218814
" 8239",41,1.0811805733667,0.381680855759716,0.00161396970425583,0.0125641484515638
" 8592",56,1.0456883827825,0.174478055747092,2.70497715797067e-05,0.00920469917278803
" 8562",62,1.07707249212413,0.194340869526554,0.000425629311779829,0.0104066846547163
" 5890",19,0.744133110076749,0.164829366500642,0.00111354893003126,0.0116819553407202
" 6267",42,1.13953548687046,0.474436293598962,0.000758202785432889,0.0120017663709107
" 7447",49,1.14766103900237,0.345132392391045,0.000734967725229807,0.0121044045804252
" 5365",40,0.878970547791667,0.284357484793523,0.00165327279116652,0.0130503982047783
" 6229",52,1.17992320994238,0.528465690228716,5.0862818355004e-05,0.0108735048174174
" 4095",34,1.57697258562957,0.556496947743562,0.00398487062348568,0.0134284221559405
" 4804",44,1.26683724359798,0.664514427831638,0.00127954667357168,0.0131997365600717
" 1247",39,1.29167100918694,0.506834011903975,0.00228824883940296,0.0130773049822653
" 7197",33,0.992904109469007,0.284652067398813,0.000590239887546933,0.0121237905947628
" 7628",52,1.09148746828117,0.286406619571048,5.66426840771635e-06,0.00944794049575863
" 8192",46,1.08036618850675,0.281411585013623,0,0.00923227273239348
" 5827",17,0.55564331883353,0.123190356124635,0.000341358869550743,0.0114188937835807
" 6276",54,1.20955592747256,0.556502614469113,0.000344595594355152,0.0113311107384233
" 4943",47,1.45935465679874,0.870262014565759,0.00172910462944125,0.0127707884366272
" 4971",57,1.17096491933915,0.524931280572876,0.000953793441470768,0.0117650599222188
" 8189",43,1.0394911709164,0.270316631799323,0.000202179702961141,0.00935927410293533
" 7625",43,1.07366185454926,0.280686536704059,4.13838385706623e-05,0.00949416709013159
" 6246",16,0.27691656310849,0.0552778796139185,8.93567240645865e-05,0.0106087416697636
" 6247",56,1.16950940553459,0.539784024159819,6.10353820260048e-05,0.0104576717189159
" 5442",44,1.38374964682753,0.577732611103916,0.00407156860931807,0.013646159314096
" 6471",65,1.75368873795755,0.794025081082017,0.00654812547394899,0.013956383165769
" 6770",27,0.844122006519567,0.41830508871365,0.00182609077625909,0.013521382906665
" 1948",70,1.3028302220046,0.503050098503839,0.00150172471193149,0.0125507901723695
" 6014",16,0.259979464641338,0.0558181443033147,0.000369449016960438,0.0106117995241716
" 5583",49,1.29374411813001,0.566970575105659,0.000881198328000444,0.0118278047151266
" 6223",41,1.02820176276477,0.356297724047356,0.002827394713966,0.012910102916367
" 6235",32,0.988520142344428,0.247211051125313,0.00260799101115283,0.0124256977403664
" 5127",79,1.72671839243246,0.859474838815945,0.00851697893354542,0.0140416420451253
" 8550",32,1.05348502970985,0.222038891847559,0.000608735457857843,0.0115878229876441
" 6104",48,1.16647801590678,0.480544239263309,0.00132728836443672,0.0116161774639458
" 6153",34,1.02117015978105,0.442921030531784,0.000198711783527845,0.0115384091859267
" 6084",15,0.969112770655275,0.087239033460265,0.000434992694249727,0.00933661444888687
" 3735",58,1.55061315494407,0.729185204952788,0.00322389350250615,0.0134450316492034
" 1992",51,1.15092204876641,0.406762724459811,0.00231391144320935,0.0122983151142111
" 3549",27,0.750462668275668,0.246480148259638,0.00188065270867627,0.0127396671357128
" 3989",44,0.946054828332288,0.196251100395439,0.00140219542419591,0.0119216207500645
" 7457",17,1.06595092043129,0.546284491788343,0.000155825179869421,0.0124287539377655
"10053",13,0.807186423037491,0.206769287913451,0.00397724120073242,0.0131203933286961
" 8846",43,1.0004172500785,0.21294935270892,0.000485739915290288,0.0110743054134137
" 8803",50,1.03647945368156,0.175344198064696,1.58368320787171e-05,0.0100337038777499
" 6845",34,1.11617692288824,0.422175977287989,1.68772079087059e-05,0.0103684772458301
" 4238",41,1.08355175161838,0.479140243865024,0.00543596371169105,0.0137669889367195
" 8801",52,1.04629264471869,0.176064080470631,2.97085098119e-05,0.0101271662062981
" 6811",32,0.814904756523888,0.250383960184852,0.00133399300867442,0.0124545120975858
" 1353",30,1.11035913117304,0.394699135334042,0.000105309153457747,0.0101707169834264
" 8622",26,1.09629170503426,0.318286413626557,1.39872750476261e-05,0.0103348829257254
" 8573",28,1.06509551708715,0.261138742049308,0.00329845377032201,0.0124070290956842
" 8919",39,1.13267218336893,0.271614786432325,0.00074409991307082,0.0122173890908512
" 6989",33,1.08327435629085,0.259026419147478,0.000379043594059223,0.011408723756868
" 4224",44,0.977598559446628,0.246820776018045,0.00146727671222742,0.0124773856591961
" 7259",52,1.31965230035763,0.446644894386619,0.00238407901307637,0.0128007725941703
" 8966",49,1.08955741442441,0.216227544810426,0.000142993877966227,0.0103525359135879
" 6853",29,0.839708255667291,0.229291679805891,0.00208433517672517,0.0115587472732537
" 6354",29,0.693489847835038,0.240946978717576,0.00055394233081177,0.0116918715531064
" 3941",27,0.568228878144974,0.182994108155306,0.000422854976233192,0.0116157735927223
" 4748",46,1.16388475795148,0.502782751508041,0.000234315756376348,0.011223087808331
" 9135",32,1.0572510756637,0.188747299268174,0,0.0101993238380343
" 8965",46,1.0837085651907,0.236410220250991,0.00101378844766678,0.010597675377659
" 8850",42,1.2219879490771,0.445332594640166,0.0013326058409011,0.0124984800124653
" 7105",28,1.0410552695879,0.127622228896821,0.000128891005604158,0.00905138519287089
" 7288",53,1.27483820968302,0.565236068286816,0.00685064364584682,0.0138410645359969
" 6356",74,1.34049511060707,0.516308134334758,0.00227796067841752,0.0121274482901854
" 6524",22,1.18896879619749,0.115847116522032,0.00136982817615181,0.00965364654282932
" 8629",43,0.89580466755665,0.28080887824752,0.00375910906837812,0.0131036900350616
" 7661",29,0.85862026497134,0.251856954608992,0.00196249560730205,0.012721446696832
" 5462",51,1.15809060774227,0.485904126688987,0.000452563486045092,0.0108798532013094
" 2008",49,0.984293658130394,0.316168594541871,0.00310378789279967,0.0122642802030672
" 4107",27,0.694333086196415,0.225594899858373,0.00196122403684318,0.0128951065947721
"  777",24,0.409275272238882,0.183845260218604,6.1150979340448e-05,0.0110836527240345
" 4675",59,1.09054549842713,0.458535969021874,0.000693583886659145,0.011618720172773
" 3906",35,1.1861267020392,0.428990907420583,0.000876921227366046,0.0106732362425313
" 4766",53,1.29831331105575,0.579536155756339,0.00156067934229752,0.0129279692975752
" 5078",65,1.2523082428281,0.406725110504563,0.00257342741413432,0.0126197265196024
" 8525",46,1.31359668917557,0.604917428255151,0.00556716666358407,0.013744526152374
" 6397",59,1.29053050633911,0.540286483104059,0.00143363789372445,0.0121692002927125
" 3872",54,1.04647588714666,0.409896009241258,8.53108180590748e-05,0.0102248843782921
" 4673",38,1.14377793674448,0.410559980022529,0.000123457931825328,0.0106008858641242
" 6143",32,1.05015031892452,0.223095070410568,0.0042892383524146,0.0121268066961003
" 6387",5,0.0966267345519272,0.0187625367485661,1.04037582998872e-06,0.00914976533957882
" 4076",54,1.09540977593202,0.451361700412614,0.000534868773928644,0.0111347871955583
" 1199",11,0.22067611249992,0.0679308975628809,0.000248303031423974,0.0105146761990737
"  527",38,1.15244951893684,0.4231812230671,0,0.0100177900276934
" 4083",44,1.20946068775541,0.439322415547087,0.00189348401057947,0.0126204435997863
" 7244",57,1.00279175900885,0.305326626689276,2.26570736308654e-05,0.00855398761245191
" 5026",59,1.22206047197333,0.409085769462392,0.00150634860450922,0.012641597716625
" 5488",33,0.997756627131156,0.271971489999449,2.52002145486156e-05,0.0103416798951992
"  494",45,1.15725656590154,0.427661027725351,0.000528048532376496,0.0103629271307146
" 4508",50,1.21781198508192,0.484683344907927,0.00158449238907282,0.0116182224288143
" 1950",38,1.22480238089235,0.423512343053123,0.00347682042650785,0.0128324328653886
" 6481",17,0.979563122251832,0.207535939577307,0.00111401131928903,0.0116790934657649
"  491",43,1.12325185460059,0.411961026138642,0.000403781419350066,0.0102993308100666
"  532",37,0.923841913810933,0.346344838508664,3.52571809051732e-05,0.0101528656354971
" 2273",35,0.75289689291869,0.239874897332106,0.00257123106515989,0.0125264609806943
" 6687",45,1.11961487258001,0.339056455017219,0.000697860987293543,0.011822028204142
" 6711",53,1.23582011412481,0.561226502794221,0.00154761684576544,0.0124726306698117
"13790",39,0.988154636146354,0.402362286849138,0.00136393271311521,0.0122544572153713
"13167",55,1.06161727590579,0.383556282443254,0.000892411267501433,0.0118569186035748
"10303",46,1.16343679566173,0.320658166045124,0.000365749902898256,0.0113628436911857
" 5486",37,1.01762374717257,0.279091213385895,0.000156403166441637,0.0104228748074899
" 5143",52,1.2793120040473,0.642194480710955,0.000393608855679065,0.0122482707531593
" 4244",49,1.20169331534611,0.551054389538779,0.000766063402815026,0.0117487351850849
" 6429",57,1.20763404128723,0.531244960660032,0.000971595427895019,0.0118698136274088
" 6480",18,0.990814749520846,0.206881562898779,0.000229460669169734,0.0116947975427815
" 6484",42,0.964869616102583,0.283295346467787,0.00143999574601883,0.0116281679351639
" 6807",32,1.14043093700301,0.340897301235356,0.000610585014888934,0.0116245577885288
" 7763",21,0.363778584181276,0.105467815542404,2.53158118630588e-05,0.0106963151645444
" 4678",52,1.21195741567006,0.482284536356675,0.0016221771135813,0.0125159806097887
" 8735",28,1.09473403707665,0.323090308757785,1.34092884754101e-05,0.010551197669508
" 8679",75,1.19162338788955,0.381141807891596,0.000486317901862504,0.0109757536179487
" 7553",46,1.00945737234761,0.308153976081375,0.00171003107255812,0.012098350848481
" 8604",51,1.07442701934743,0.192427310140742,0.00125966393548745,0.0107473377617386
" 8430",50,1.02762308071715,0.173899612397471,6.47344960881869e-05,0.0101567027496861
" 6422",30,0.833450323521779,0.233757093210853,0.000682370947158156,0.010572018996785
" 5647",42,1.33930746790079,0.59651843456853,0.00162287069746796,0.0131294001686507
" 8874",12,1.02870451253733,0.0809747977007064,0.00261642961510718,0.0120028304128988
" 8456",38,1.02795592108779,0.169969065413195,0.000849755858471896,0.010809373052343
" 8602",50,1.03121296717479,0.169132800140316,0.000268185769508203,0.00995524969549026
" 1478",38,1.16639487790276,0.486479208021049,0.00154738565113655,0.01114177391974
" 7140",45,1.22187435761448,0.556894558345805,0.00140080825642259,0.0125123492319094
" 7266",28,0.859148864853925,0.222426782547286,0.000858888046312908,0.011686856153417
" 6672",52,1.14140380984342,0.444432761756753,0.000145883810827307,0.0105188020750627
" 8916",62,1.07084970278723,0.176482319760793,3.35232211885253e-06,0.00892672681420755
" 6805",32,0.774231739824278,0.20857519382099,0.000922466569256663,0.0124036439866567
" 4709",49,1.15260508211156,0.487387385884308,0.000480653633454788,0.0120253397021735
" 7262",26,0.923833675456888,0.240453727783433,0.000957608152847393,0.0116474434512908
" 1373",29,1.08770083087825,0.44779119239137,0.0013462463240054,0.0111482034604063
" 8469",45,1.03431029997116,0.287621865603454,0.000620410786616605,0.0112729127552057
" 8609",52,1.11119738967331,0.368716847066511,0.000607463887398968,0.0113917590391069
" 7582",51,1.14813621990518,0.357082865933462,0.00143063236354893,0.0119473706219232
" 8678",44,1.21010759267895,0.306217460856064,0.00259620008507962,0.0121108777788775
" 8721",66,1.06798540039619,0.194650856418227,6.12665766548911e-05,0.0097709455206684
" 6118",34,1.16208440401566,0.482678355206467,0.000855535724194056,0.0110043879283745
" 6384",54,1.20986906450338,0.55826467477471,5.61802948193908e-05,0.0106601736154833
" 4664",52,1.17074238440603,0.524580211704444,0.000642952262933028,0.0117308282671792
" 2306",33,0.994243665468853,0.297385685094353,0.000309222816135536,0.011364876527524
" 4936",66,1.25844097368014,0.386163851529773,0.00137919155862171,0.0121634860515762
" 8439",57,1.08788698020617,0.271765665274794,7.66410194758355e-05,0.00962520768425497
" 7655",57,1.05009473921211,0.182731384855852,0.000152704052379455,0.00993852311686041
" 8250",56,1.00971142380803,0.167139820580279,9.07438918379048e-05,0.00930168793014475
" 6211",59,1.1789815886639,0.478197727577486,0.00147895204098618,0.0122966032290081
" 6958",60,1.08064505246386,0.242371408079563,1.56056374498308e-05,0.0100491131573281
" 6821",61,1.10522449628474,0.265226839059424,5.89546303660273e-06,0.00925020794590006
" 7654",42,1.04315946951642,0.186510907786318,0.000433027539904193,0.010111846009818
" 9169",21,1.23635152381543,0.39043386497218,0.00357877725784675,0.0128502367443107
" 6108",29,1.12041247669536,0.468491046092145,0.000212930253204358,0.0109392135099012
" 6820",60,1.09753686359687,0.260328024147866,1.15597314443191e-07,0.00935067704459283
" 6954",59,1.07338457087735,0.238990433111032,1.29468992176374e-05,0.0100447503743606
" 9183",18,1.09789134036313,0.26915345448592,0.00115088686259641,0.012091270902956
" 6233",60,1.18242025967684,0.537450926307948,4.04590600551168e-06,0.0103367778851413
" 3930",56,1.14352446536454,0.440407657893775,0.00116764847319067,0.0113050779655413
" 6812",63,1.08553748441386,0.261402363494562,3.00553017552296e-05,0.00939364177716778
" 6956",48,1.00697606513778,0.219444618063192,0.00150311187970481,0.0115576908195779
" 4913",45,0.881492574900571,0.239671189203243,0.00135329776018644,0.0123592587637748
" 6109",32,1.1125982206197,0.463181334934398,0.000165650951597093,0.0109143414156116
" 4901",44,1.36042264366096,0.548698041414852,0.00106615403110955,0.0127139387612816
" 4683",45,1.05489115806797,0.387174983337121,0.00360443986165313,0.0126858068973384
" 5472",51,1.15570570467859,0.537092327178054,0.000522846653226552,0.0119041179858307
" 6214",39,1.16935372619511,0.400955596680242,0.00245424658294339,0.0131939354714544
" 1905",34,1.30712858785949,0.580990638744291,0.00181117872269591,0.0128935308407978
" 6631",53,1.10825694781563,0.373673780556675,0.00285190134462796,0.0123379900142088
" 3985",34,1.10685828540515,0.478891843197564,0.00014056633436292,0.0111475724501296
" 7176",55,1.00181315809492,0.269868931785807,0.000843860395435293,0.0115319265270681
" 8717",34,1.0405650858569,0.228802928715819,0.00166356095215196,0.0113951137394222
" 6116",26,1.06443608104135,0.444884070136162,0.000174898736752548,0.0108800300442698
" 6089",33,1.28501160434665,0.5712834711785,0.000590702276804705,0.0126915079227845
" 3938",60,1.16461204669029,0.478863188068258,0.000772999241681617,0.0115173203001789
"  232",38,1.08099795841126,0.422526166227288,0.0021976205448795,0.012733800300989
" 1917",48,1.24685447118912,0.553899076312311,0.000743521926498604,0.0115364048508144
" 8308",56,1.04948185077881,0.197841573118036,0.00135422253870198,0.011273593711904
"  269",29,1.19507667915803,0.533889249369059,0.000526083378030962,0.0125990763752931
" 4902",24,1.16935801375463,0.48483071730606,0.000477416908650378,0.0126484121677417
" 3599",59,1.0708570026842,0.422414969071672,3.97654761684577e-05,0.00966190004332664
" 8653",58,1.03977851473699,0.295988123008566,0.000205532025079993,0.010267883053834
" 9270",27,1.17133956731221,0.334289565905613,0.000142069099450682,0.0122135522337282
" 9058",37,1.04438307125388,0.265660918081388,0.000718321711949988,0.0116600876216067
" 9020",57,1.04500927966676,0.174287688162648,6.93583886659145e-07,0.00883021136958036
" 6847",38,1.1283258329512,0.408478950638034,5.77986572215954e-05,0.0107397787059456
"  405",35,0.952714470123248,0.421378129484204,0.000491172989069118,0.0112930579458109
" 8502",41,1.02443650803803,0.333993844736929,0.000869869791185011,0.0116061391319391
" 8455",57,1.05463659550893,0.183259154842686,4.62389257772763e-07,0.0091293297279438
" 9221",27,1.10851165837921,0.324971757848916,0.000802707751493517,0.0122499199957314
" 9015",59,1.06778079452063,0.17790701385445,0,0.00892782298365954
" 9055",34,1.05139728057715,0.260072678328624,0.00222964100098027,0.0118447555996361
" 8188",30,1.26915017538624,0.633055395781546,0.00748238296927886,0.0136096206622401
" 8510",50,1.18455789881944,0.400920814766448,0.00413399115911739,0.0126569267392947
" 8783",29,1.13270400371447,0.319497218898297,0.000566311243457192,0.0114974038613909
" 6725",32,1.00354941694728,0.184528950493925,0.00146623633639743,0.011499577258455
" 6762",76,1.13268283377561,0.332841609946278,0.000164610575767104,0.0107860200750291
" 8454",58,1.05270767148357,0.18214081936104,1.04037582998872e-05,0.00909298457615027
" 9421",21,0.996225483925657,0.279978762290126,0.00115146484916862,0.0123832706798626
" 9082",42,1.08411812556272,0.227096864539344,0.000985929494885975,0.0111178643295197
" 9618",19,1.09821755760009,0.299796768495405,0.00656546507111547,0.0136968192177803
" 4234",26,1.03901930450854,0.182764231859128,8.39236502857566e-05,0.0104260231811752
" 8447",62,1.05474860606265,0.179086598252666,5.20187914994359e-06,0.00886623345392702
" 9424",48,1.36691012983548,0.388428520764685,0.000656014759465108,0.0123108174337515
" 9069",47,1.02695941611989,0.202232419714121,0.000352456211737289,0.0108266282331271
"  794",43,1.09800926795378,0.354219075088834,0.000227842306767529,0.0102095931030908
" 9046",37,1.02843794591928,0.210731772827004,0.000872066140159432,0.0102684065617879
" 9276",38,1.02366368322849,0.215799822661086,0.00106164573584626,0.0110326540188304
"10064",39,1.09346215266142,0.369598474885753,0.00375228882682598,0.0135072387769647
" 9158",56,1.22707678460634,0.231103891943979,0.0018114099173248,0.0113852537019716
" 6087",38,0.879089963834885,0.307213547473206,0.000922813361199993,0.0118464299461278
" 6365",84,1.40914398337362,0.633844210145778,0.0010847651987349,0.0123017464404123
"   24",24,0.805643260481072,0.238212116411374,0.000635091645550891,0.0123352191332344
" 8567",23,1.01238811923839,0.191846287930143,0.0048587863206762,0.0119889925035435
" 4976",66,1.13870614502226,0.528256664398807,0.000167962897885956,0.011318421381739
" 9249",43,1.06991300605504,0.223163744549925,0.000520419109623245,0.0108755718979305
" 1393",39,1.06774206659932,0.309844633171584,2.31194628886382e-07,0.00900752272777986
" 3195",42,0.903339096185788,0.25456431134216,0.00208456637135406,0.0122204296379692
" 8662",48,1.06374706532863,0.394215768647852,0.00122521593578338,0.0122936849423474
" 8551",48,1.08696031702536,0.184831246920599,0.000153744428209444,0.00981047973738446
" 9127",56,1.03103293456392,0.237197002666947,0.000414185177649953,0.00976087458092409
" 5980",37,0.69876570433787,0.21380134818996,0.00041661272125326,0.0115679301215023
" 9128",49,1.1114580655748,0.284939265356362,0.000815307858767825,0.00994519866288946
" 1443",43,1.04833471374927,0.304816930512035,0,0.00902037109366584
" 4749",47,1.15955550523004,0.50519272378821,7.64098248469492e-05,0.0110631449282549
" 5213",45,1.11584979886022,0.45464845637641,0.000412798009876635,0.0110502744698805
" 6941",59,1.09461239575383,0.293570346120219,0.000676475484121553,0.0115716667943432
" 6721",57,1.06739498308297,0.253090852461699,1.15597314443191e-07,0.00886422262996564
" 6079",63,1.19711627088135,0.311317773175956,0.000658904692326188,0.0113598046186822
" 2036",43,1.18989512705449,0.64927003540315,0.000446899217637376,0.0128047899482795
" 6627",60,1.17021106030263,0.414671859134891,0.000366327889470472,0.0116123154805259
" 8382",40,1.13062985551123,0.250681234004919,0.000754041282112934,0.0119596963729878
" 6717",57,1.0697950298164,0.254212515121036,0,0.00885339228235625
" 2348",67,1.19520141278028,0.574936234950906,0.00120614237890025,0.012692912541744
" 5327",39,0.801848949306365,0.2704215384118,0.00127677233802504,0.012697167697941
" 7177",18,0.990597745682893,0.361307410684776,0.00127515397562284,0.0127422078155987
" 8636",15,0.97749647687397,0.345166136328387,0.000579142545360386,0.0125530564706259
" 6715",54,1.05749946947028,0.257662111003375,3.62975567351619e-05,0.00936771547108871
" 3729",51,1.2222679360483,0.530674942026406,0.000556138679786191,0.0122260848638049
" 7096",54,1.14781698944222,0.322565529907781,7.6294227532506e-06,0.0109223765144561
" 7627",45,1.08103419507026,0.286001516215185,0.000203798065363345,0.00982754605762487
" 8193",46,1.08104319725812,0.283285570397282,1.15597314443191e-07,0.00946566408644118
" 8702",30,1.26404639786302,0.378631725826348,0.000819006972830007,0.0124331166274917
" 6293",54,1.18897566912443,0.56074937237476,1.53744428209444e-05,0.010652001682634
" 5605",57,1.14697087388856,0.475370038242577,0.000351531433221743,0.0109772204678612
" 5162",51,1.09171505146216,0.431906675013597,7.58318382747332e-05,0.0107222514913864
" 2690",46,1.21752100129315,0.520597839762111,0.000794037952910278,0.0131502600663607
" 7094",51,1.10925557794961,0.315602651236915,8.87787374923706e-05,0.0110789090987499
" 7621",43,1.02174253886399,0.267096975770397,2.95929124974569e-05,0.00911275868656886
" 8179",37,1.02219343661218,0.263516425984972,7.29419054136534e-05,0.00950374450029053
" 2304",44,1.01551070415063,0.302435212681725,0.000127735032459726,0.0112529665214247
" 8704",23,1.14168063515537,0.342818825210802,2.19634897442063e-05,0.0124183522763439
" 4013",56,1.31562783637834,0.570205666229219,0.00149421088649268,0.0129931590761974
" 7565",30,1.14444782148471,0.277065461476351,0.00142334973273901,0.0126279999540197
" 8281",21,0.777505549811561,0.221318084050472,0.000966393548745076,0.0121376628468768
" 8666",39,1.06018255648492,0.146639159805889,8.97035160079161e-05,0.00969524535830868
" 7562",38,1.14723688541077,0.372446459191026,0.00047602974087706,0.0120972365510681
" 6326",25,0.763116854991354,0.150506373560625,0.0010703155344295,0.0111442963681503
" 6315",8,0.267489392116173,0.0543592818311055,0.000543191780568554,0.0120993171780753
" 6297",19,0.357373306189147,0.0694526934091782,0.000185533689681321,0.00979655129824774
" 6300",51,1.18668365728165,0.556205863009696,9.13218784101208e-06,0.010522109739643
" 4765",51,1.28795849584877,0.580143430891068,0.00429050992287347,0.0133171636843472
" 2340",45,1.16860816338839,0.450270555557951,0.000762364288752844,0.0121787240274873
" 6252",14,0.394890551162413,0.0914242347707999,0.000346791943329573,0.0108843085449249
" 6259",18,0.521761409962574,0.109983101166108,9.09750864667912e-05,0.0107697255061016
" 6324",15,0.349395114662366,0.0650672203725029,0.000255585662233895,0.0112307061654528
" 8676",22,0.965513241048523,0.117642136137533,2.77433554663658e-06,0.00951309267551193
" 6279",51,1.15234786859686,0.523145143524099,2.77433554663658e-05,0.0105879560131514
" 4074",29,1.25031373817183,0.536154946975855,0.00211762720328481,0.013001593547846
" 7666",62,1.16598204535687,0.275550388717973,0.00197024062736974,0.0114751513492703
" 7046",63,1.08444378864619,0.336038577504918,0.000804094919266836,0.0118765179437228
" 8844",30,1.06423230049322,0.286998982451231,0.00212479423678029,0.0128030313215489
" 8776",45,1.0240809373369,0.198796350185661,0.000223911998076461,0.0106912150197229
" 6234",56,1.18550063836311,0.554281540190593,1.24845099598646e-05,0.010431996721351
" 6530",13,1.02273556698301,0.0902187930828707,0,0.009126336969708
" 5131",46,1.29047096735658,0.630048980677722,0.000817850999685575,0.0122912690308279
" 6632",56,1.23217228957133,0.440719767796742,0.00213427321656463,0.0126206219528866
" 4911",49,1.17122094681904,0.414322593371571,0.00384788780587049,0.0133929898509936
" 4462",60,1.19343187735174,0.579584178449834,8.34612610279838e-05,0.0122298291654245
" 3471",62,1.25061096687595,0.625565126131927,7.07455564392328e-05,0.0123047963687676
" 8750",51,1.15060991395177,0.39251842773219,0.000221831246416483,0.0106254006586733
" 5052",42,1.09789156733581,0.427289364737569,0.00159454935542937,0.0126581955955842
" 7567",61,1.0334186349897,0.187204527527768,7.21327242125511e-05,0.00990724043101393
" 8564",45,1.0756918577358,0.170139558554671,0.000499149203765698,0.00995455239452104
" 1897",16,1.09605958017629,0.431426059481635,0.000728147483677659,0.012620873692737
" 6217",27,0.873684153097838,0.334884046351741,0.000924778515545527,0.0122761325039932
" 7445",37,1.27935333169236,0.637265634901846,0.000802245362235745,0.012454489806475
" 8165",34,1.15695726268306,0.331118570712185,0.000684104906874803,0.0118516481488283
" 8968",18,0.938713115075835,0.25604781547844,0.0071064605027096,0.0136936535148033
" 8784",29,1.18272774827973,0.288782530995586,0.00120937910370466,0.0122784395764168
" 8832",36,1.07860529606316,0.232080093492018,0.00027858952780809,0.0113972717795219
" 8698",44,1.02403008152978,0.215208754810159,0.000465741579891616,0.0107513040527013
" 8875",48,1.04563829853817,0.225407193884565,0.000760630329036196,0.0113082663183016
" 8712",46,1.08907320939237,0.221324668072375,0.00307847208093662,0.0121375764877636
" 8732",56,1.04644503828652,0.179536831211168,5.47931270460725e-05,0.00961784233875302
" 4079",60,1.11737662796928,0.435151712065926,0.000573247082323783,0.0115607350065762
" 4235",54,1.05810848707332,0.4338123430449,0.0020991316329739,0.0131678607344241
" 7450",18,1.06963155011357,0.540939972744082,0,0.0124069257067574
" 8164",42,1.17362854704946,0.343536338589103,0,0.0116271108093508
" 7111",33,1.06942966734267,0.248027141043582,0.000423086170862079,0.0117480629942625
" 7349",36,1.07513767166991,0.219696856001998,0.000243679138846246,0.0111450008712152
" 4055",58,1.07036153733414,0.411538742739452,0.000212930253204358,0.0108051439921203
" 4960",33,1.12818745642099,0.499100562808016,0.00132636358592117,0.0130938666578652
" 4103",58,1.10103035996042,0.429389252688626,0.000133861690125215,0.0105260187957759
" 4036",25,0.467290601339889,0.15398006934588,0.000116522092958736,0.0112635990728397
" 8312",43,1.10444937768249,0.310763845631795,0.000822128100319973,0.0113815703586017
" 8537",69,1.21568456213948,0.370294552094079,0.000393840050307951,0.011427559303367
" 4950",29,1.1387628250038,0.204374828687018,0.00223900438345016,0.0113918900159514
" 6644",61,1.31137431630864,0.457714227418875,0.00408012281058686,0.013441058096888
" 6769",42,1.03114775427615,0.286571346947104,0.000716703349547783,0.0118165052983739
" 4658",47,1.01514817959583,0.43042441658151,0.00229738102724398,0.013088537280889
" 7350",30,1.00660363484789,0.209676597176587,0.0003217073260954,0.0116416436231954
" 7613",50,1.17171908076232,0.44888563667153,0.000854379751049624,0.0115655891273967
" 9132",64,1.08481569806595,0.20959270658459,7.56006436458468e-05,0.0106500800289778
" 8936",52,0.99050378136629,0.193581005898014,0.00136820981374961,0.0112785845897352
" 8917",36,1.11822763936583,0.24339376108594,0.000541342223537463,0.0114400250946882
" 8896",41,1.13999032348894,0.256091824792935,0.0013157286329924,0.011786106860824
" 6843",46,1.18568178382103,0.452665043846672,3.53727782196164e-05,0.0105389871909923
" 5475",50,1.1366577912823,0.513451586950112,0.000213623837091017,0.0112830878101705
" 6949",44,0.946467036068949,0.32408172094892,0.000690925148426952,0.0115724373434801
" 4994",43,1.04934111291943,0.245726832553945,0.00270254961436736,0.0116185190471951
" 9130",62,1.08696142988409,0.208757857170193,1.35248857898533e-05,0.0105172758167445
"  824",64,1.34566026589214,0.579462832255315,0.00297200695433444,0.0119959202791079
" 5003",48,0.850913683678726,0.248083207930474,0.00163986350269111,0.0123599416486403
" 4869",37,0.828895790241504,0.198065169180346,0.00903913200288531,0.013375818385449
" 8826",44,0.945301863644199,0.176644148091958,0.000439269794884125,0.0107393719289879
" 9307",17,0.947864636003172,0.2161622182896,0.00274266188247915,0.0121080422188846
" 8902",61,1.07846788617609,0.206408169889004,5.77986572215954e-07,0.009855578976731
"10872",45,1.27753665479082,0.554899349912683,0.000374766493424825,0.012093883932762
" 1941",41,0.972600414736837,0.297478564948798,0.0033631882664102,0.0127237940646882
" 8408",7,0.410520421579471,0.111425396786709,0.00099263413912368,0.0125891367100269
" 8817",57,1.10794883241054,0.257444622070156,0.00086039081140067,0.0112844697555504
" 9319",19,1.05891652159489,0.232022783948483,0.00107147150757394,0.0118595067374186
" 8904",46,1.0424945743162,0.207821040946173,0.00138947971960715,0.010969094130419
" 5431",57,1.37177318657044,0.655492173831392,0.00103667671592654,0.0124899683299524
" 5481",36,1.10382414158141,0.280726994838317,0.00123874082157323,0.0114935381827238
" 8334",59,1.03846817162798,0.304800016331775,0.000483774760944754,0.0116385948901575
" 4333",42,1.03038097541547,0.552582812805536,0.00106707880962509,0.0125933680236874
" 7688",48,0.988569349219745,0.286433621417285,0.000777623134259345,0.0105784318317847
" 6819",39,1.04853754880531,0.307933867746834,0.00146288401427858,0.0123279467699382
" 5175",44,1.08540933527497,0.433197840645316,5.95326169382433e-05,0.0100130604349743
"15619",49,1.55972907573317,0.720899941802879,0.00149143655094605,0.0130127874535631
" 2336",45,1.29913117491732,0.578882159497008,0.0016331588584534,0.0129745897033093
" 6621",28,0.964685052919996,0.230250174275737,0.00262533060831931,0.0125026007028465
" 6774",56,1.36366759606798,0.628067317858852,0.00177985185048181,0.0128468726738658
" 5008",46,0.897007611476091,0.337869527492991,0.00105031719903083,0.0130374541005884
" 2319",53,1.22712758617685,0.576328031058616,0.00063798157841197,0.0123509437546532
" 5300",46,1.27772500667951,0.567004393731664,0.00369310300183106,0.0123231368332045
" 4659",50,1.12803076419606,0.482270948666434,0.00106996874248617,0.0117322820042412
" 7007",49,1.30389848444061,0.572816809888225,0.000783056208038175,0.0120563658724043
" 4968",29,1.1289324153278,0.34475661464952,0.00718529787115986,0.0133076683412488
" 2258",52,1.33975082554994,0.63874528025094,0.00497068452105721,0.0134451607685775
" 6753",45,1.03286874243955,0.228797631024877,3.80315164518098e-05,0.00985358788745903
" 6678",59,1.09405274888152,0.253180145238495,5.2712375386095e-05,0.0101894047693267
" 2418",58,1.5719221537304,1,0.00299200528973311,0.0136758867418448
" 5245",47,0.848581472176926,0.184695606126262,0.00230986553720384,0.0114233388308479
" 6800",56,1.14457398429372,0.419561429270707,0.000270035326539294,0.0109330650638804
" 8385",63,1.49928907956544,0.509204288897326,0.00329660421329092,0.0135563347980843
" 7563",45,1.01214964397942,0.308323549363723,0.00106210812510404,0.0113652752895376
" 6825",44,1.296170816289,0.450256427991445,0.00012207076405201,0.0108191951317243
" 7000",29,0.653229613815766,0.289207418227128,9.36338246989846e-05,0.011128212786417
" 4940",56,1.14756010056696,0.465293741374247,0.00214363659903453,0.0131494417551438
" 6682",45,1.07234853409952,0.256906395360921,0.00143687461852886,0.0111331337470759
" 6752",45,1.03286649871838,0.22790345365091,1.05193556143304e-05,0.00988587898775409
" 5356",61,1.14758110209547,0.274063609251569,0.00058977749828916,0.0114260266045177
" 6993",32,1.10466779341387,0.279369045402912,0.00141537351804243,0.0127409529120066
" 2663",64,1.50289375745728,0.895911333338935,0.000419271459485453,0.0131357232425958
" 4998",50,1.26491443408616,0.627547230882795,0.00300853570569849,0.0132849273600769
" 4954",51,1.11131394875644,0.381472713562239,0.000189926387630163,0.0113244196712306
" 2642",69,1.54195061909012,0.917046845795668,0.00301396877947732,0.01335986128917
" 7477",45,1.19747743391818,0.472408609406962,0.00416728318567703,0.0130207553808411
" 8318",41,1.02156275010771,0.237019773604538,0.00271803965450275,0.0117064498367408
" 7556",29,1.04667558618519,0.122397782762426,0.000318123809347661,0.00963253497372512
" 7269",33,1.01923165690786,0.28387625595262,0.000700866517469066,0.0119234853151269
" 4556",40,1.10982757892831,0.478950380338075,8.39236502857566e-05,0.0109966269366385
" 8649",38,1.04301468022161,0.218970970033707,0.00209577931085505,0.0120841043102802
" 6157",49,1.08228894740863,0.463660615232146,0.000514523646586643,0.0109991902714619
" 4622",34,1.23097539952547,0.580383925325797,0.00193926054709897,0.0130614445209004
" 4064",60,1.3146554713798,0.623372802995772,0.00201012170085265,0.013136892879852
" 5016",77,1.22951081654266,0.541382668230701,0.000471405848299332,0.0121542695924013
" 6995",51,1.05655371117393,0.274523323056491,0.000284484990844693,0.00994738922870684
" 8323",56,1.05429457149795,0.181025798505797,1.83799729964673e-05,0.00907154143632373
" 8766",33,1.11609067681085,0.299541005997753,0.00293050751844933,0.0132662120564524
" 6160",46,1.13724613117943,0.47235157432341,0.000223218414189802,0.0109378117801816
" 6303",75,1.29593665361811,0.472903203413514,0.000979571642591599,0.0120684487924899
" 6433",52,1.1068898769803,0.415715192559384,0.00242708121404924,0.0127683844402721
" 6936",30,0.714775890062842,0.316549662508437,0.000607695082027854,0.0131644550408613
" 7890",68,1.0993601000667,0.306959885223821,4.04590600551168e-06,0.00845674942713424
" 7218",37,1.0509232774014,0.325775056623001,0.000109470656777702,0.00896840233310474
" 8554",60,1.02137228775097,0.347723477874973,0.000569663565576045,0.0115554553896598
" 6996",58,1.07146815588925,0.290587277912466,9.52521871011893e-05,0.0100459983230282
" 2815",51,1.31920476277231,0.625248915372476,0.0015686555569941,0.0124898700102124
" 6772",62,1.41653944589976,0.547873274303975,0.00524245380731315,0.0138565762108229
" 7033",46,1.18210593538759,0.437468864343636,0.000467128747664934,0.0119844651213528
" 6653",51,1.28238452995003,0.543543090243686,0.000238246065067416,0.0120268355262172
" 8322",54,1.05848389340119,0.184529314273676,0.000384476667838053,0.00975946453941906
" 8706",23,1.17951286161656,0.326000421387783,0.00119966892929143,0.0125208401836131
" 9231",56,1.01086713271513,0.271645812593592,0.00918975530360479,0.0128858079244418
" 9955",27,0.904996535184777,0.189606966082621,0.00400995524071985,0.0120905980918773
"   22",25,0.839796126268803,0.258978217107087,0.000621451162446594,0.0122246639529472
" 6703",57,1.18655936229458,0.46490362133376,0.00272832781548819,0.0114508030320391
" 3284",56,1.28619069182756,0.575140345661304,0.000523193445169882,0.0115959861451897
" 5018",50,1.0112102438793,0.357313402973984,0.00163373684502562,0.0116986115024683
" 7248",41,1.00379410098981,0.308643020186168,7.40978785580853e-05,0.00888771235960633
" 7911",57,1.06862721884636,0.301891169755108,9.01659052656889e-06,0.00924978122108626
" 7129",65,1.10788089137438,0.355485807667075,0.000270150923853737,0.0107845781020013
" 6652",53,1.32488435396452,0.542267358518819,0.000396729983169031,0.0120990134366967
" 7215",86,1.5439138723621,0.598342295507965,0.00198584626481958,0.0111924445386902
" 3394",35,0.974601339477846,0.3052791571159,0.00331232544805519,0.0128752321371811
" 6786",48,1.14937103567728,0.295450095617504,0.00365368431760593,0.0125081284924399
" 6690",45,1.13080604303481,0.451132175674813,0.00186296631956646,0.0130036655421037
" 7596",38,1.10105846985384,0.168291330548462,4.23086170862079e-05,0.00962238143570773
" 7044",42,1.04196415939414,0.171093032398122,2.01139327131152e-05,0.00885447644971332
" 6656",42,1.16332448480182,0.47106090410993,0.00110626629922134,0.0121345144108873
" 6953",58,1.11998459030144,0.317884815766434,0.000853339375219635,0.0114724299103647
" 6888",49,1.01244048484203,0.311762636076999,0.00127607875413838,0.0115974486596843
" 9053",52,1.12336743398388,0.367012961549916,0.00274659219117021,0.012198977387365
" 8772",39,1.08503804515087,0.230717062849641,0.000525505391458746,0.0110431651502217
" 8713",51,1.06864726664699,0.196040070975049,4.28866036584238e-05,0.00975291241965016
" 9785",26,1.07474213997435,0.259891841107675,0.00233182902694805,0.012610542057318
" 9988",42,1.1889490594821,0.360005520765307,0.000436148667394159,0.0116824445576402
" 9989",32,1.23118564215644,0.308512173068245,0.000783056208038175,0.0116671461869148
" 9787",29,1.13818620144357,0.326951005495009,0.00785056041578042,0.0134483677883438
" 6360",22,0.739783354709831,0.197973628696944,0.00205219912330997,0.0124356940083789
" 3887",43,0.934020974269972,0.439090027347641,0.00117493110400059,0.0127063028704246
" 6698",61,1.17913132065967,0.282539753106873,0.000317892614718775,0.0111520397588404
" 6790",25,1.1140182168797,0.319189959045592,0.000146692992028409,0.0108065942705061
" 8695",28,1.12110383350742,0.282515553225971,0.00298541624280985,0.0130847040286531
" 8633",37,1.11572616007788,0.296530562122552,0.00093830340133538,0.0124933947413211
"12760",55,1.16173919172774,0.394285244929693,0.00362386021047959,0.0126241478885404
"11996",29,1.16993957460919,0.492392602152503,0.00332076405200954,0.012768268516991
" 6340",58,1.28238716017494,0.498283283287901,0.0033945151386243,0.0131377012056832
" 6695",57,1.01364532978704,0.244455229494117,0.000211311890802153,0.0109930901592825
" 8986",13,0.687722122315581,0.0874758782668276,0.00305743336970795,0.0125711961025027
" 8631",38,1.16684942071098,0.338219319951129,0.00159871085874933,0.0129219543631069
" 8161",35,1.17569654232328,0.342203964098293,0.000190735568831265,0.0117529396969076
" 2020",35,1.07951059070985,0.54984977186574,0.000613359350435571,0.012239452307685
" 6890",35,0.95163353591806,0.28872695220006,0.00139491279338598,0.0118565928085355
" 7634",55,1.16287852113379,0.391845738754794,0.00365981097527142,0.0128467392892787
" 8610",53,1.14156300116592,0.36584578723565,5.37527512160837e-05,0.0111123395965369
" 7158",53,1.11902215652792,0.337793365899911,0.00167072798564744,0.0117756575236879
" 7055",53,1.16220736704793,0.51040670302769,0.00035176262785063,0.0115981922920329
" 7410",39,1.05262338237572,0.37351885116741,0.000189232803743503,0.0108412804597209
" 6132",41,1.22303509813787,0.523356217280881,0.00130405330423364,0.0113578580909631
" 6624",63,1.36234023198905,0.463637319134093,0.00399192205966671,0.0126038530124035
" 2322",61,1.28994578649363,0.554805573211566,0.000324019272384264,0.012258933124448
" 2274",50,1.2146224354801,0.537510466314174,0.000631045739545379,0.0124000203336365
" 7056",53,1.15953544416891,0.49128527953597,0.000170159246860377,0.011238312580161
" 8689",37,1.17018317374979,0.348487599360822,0.00193706419812455,0.0127786841433725
" 6833",36,1.0359501139793,0.361950726911567,0.000636363216009766,0.011753513617453
" 5181",59,1.20663957548684,0.500313000106086,0.000851374220874101,0.011118891494377
" 2414",43,1.09732331829763,0.4939392344562,0.00180620803817486,0.0130936679557673
" 2396",60,1.62514306487757,0.932907572645902,0.00468816468455805,0.0137339222999286
" 5013",51,1.11181732959976,0.323108863346501,0.00120695156010136,0.0118345301691282
" 7555",41,1.22526654572603,0.492288301916521,0.00219022231675514,0.0124624490636849
" 8802",47,1.0287267573306,0.170406275973889,0.000728494275620989,0.0106430752612861
" 9129",43,1.10369861425545,0.208289308358164,0.000685145282704792,0.0110615537435987
" 6125",43,1.2583148963157,0.543173614403718,0.000596250947897978,0.0112595389632727
" 5129",58,1.29216551620387,0.672384270401018,0.000174667542123661,0.0122417713489643
" 4591",39,1.14544270841505,0.499288553341522,7.94153550224721e-05,0.0115613235370489
" 5545",51,1.06791400814799,0.44461051587615,6.58904692326188e-05,0.0106738333169121
" 6507",16,1.12481228181938,0.101782901556127,0.000196746629182311,0.00938789279071714
" 1343",41,1.08249261283045,0.352351182126445,6.70464423770507e-06,0.00947071754925517
"  141",40,1.39852474150595,0.487961169805066,0.00295466735716796,0.0129316437885332
" 5268",41,1.05674494825663,0.435705192193262,0.000108199086318827,0.0107540496421004
" 4567",40,1.13392403174019,0.495016235133412,4.73948989217082e-06,0.011406297358407
" 5054",34,1.18307987384335,0.772342098510111,0.000125076294227533,0.0118632845362352
" 7631",48,1.0682139656463,0.277493844471493,0,0.00902563048796894
" 8166",47,1.06457756323304,0.274531985178867,3.7569127194037e-05,0.00934351641425198
" 8651",48,1.01273907913722,0.292194220813317,0.000136058039099636,0.0102048398052065
" 6633",64,1.18307040868558,0.422427985796376,0.00105494109160856,0.0124866707928956
" 5051",33,1.159949613953,0.764944720265959,0.000134902065955204,0.0118723168697319
" 7623",44,1.05714360602744,0.275920838601324,1.74551944809218e-05,0.0092662621133481
" 8180",35,0.982873144348998,0.258968657280249,0.000205994414337766,0.00954869526856272
" 5538",49,1.079265586334,0.452902954313095,0.000328874359590878,0.0108318324759503
" 5919",55,1.22312492830587,0.497484405415993,0.000222524830303142,0.0106421259679894
" 8673",34,1.02884845869461,0.132683014707423,8.08025227957904e-05,0.0100216675692284
" 5053",28,1.13915882818516,0.742825327586147,0.000235009340263007,0.0120353732853226
" 7137",61,1.23469400620207,0.511592765208239,0.000759358758577321,0.0120704458811305
" 9079",52,1.06894216177806,0.117632010066747,0,0.00941464671613174
" 6806",25,0.558030466396686,0.170718472347204,7.80281872491538e-05,0.0118683053488712
" 3939",55,1.1385071482108,0.495296358369775,9.6292562931178e-05,0.0109919122683894
" 4313",38,0.773044677128312,0.349831073182035,0.000369795808903768,0.0124423904752476
" 7135",49,1.1159479093004,0.355074189143688,0.00129896702239814,0.0122341965176089
" 8224",35,1.0406559870248,0.159238099112584,0.000926281280633288,0.0104900940797352
" 8464",32,1.02346031925723,0.126974069445032,0.000426322895666488,0.00926839898852987
" 9080",55,1.06390145323167,0.116703631953167,0.000144034253796216,0.00959035234430287
" 6348",51,1.19778252937368,0.500454757757339,0.0011934266743115,0.0123427832343046
" 5555",46,1.05686669127231,0.447352064734544,0.000729303456822091,0.011113076390124
" 4420",61,1.00918733187216,0.274718316116182,0.000155593985240535,0.0108431168048492
" 7635",46,1.22936366378097,0.396975550661338,0.00128463295540718,0.0119143340810795
" 8565",65,1.15533221953686,0.456420972439863,7.58318382747332e-05,0.0107129217821034
" 8081",67,1.04648961351788,0.285159675261893,2.71653688941499e-05,0.00921234045498475
" 5005",47,1.13043903540875,0.296335626245845,0.000586771968113637,0.0107349977837542
" 8568",66,1.13414388234165,0.45335498314206,6.75088316348235e-05,0.0107395713738406
" 8332",31,1.1646958831307,0.303427119893127,0.00241390312020271,0.0130021967843047
" 7809",55,1.08530119236632,0.311029986914925,3.93030869106849e-06,0.00940955276777181
" 5001",46,1.11516642027062,0.292013418396434,0.000401469473061202,0.0106726898972697
" 8585",48,1.07835601608272,0.316888616179523,1.04037582998872e-06,0.00948625409889442
" 4995",60,1.09219036577385,0.346475227371778,0.000964659589028428,0.0114954329373616
" 6768",49,1.11843579172493,0.448173427077943,0.000245528695877337,0.0110374746905453
" 9780",58,1.16295213975685,0.252669679436309,0.000361126010320528,0.0102617997789604
" 4506",65,1.45539568833966,0.796882031781809,0.00325082767677141,0.0131956449116433
" 7802",57,1.07803080226741,0.309703476723202,1.08661475576599e-05,0.00931774752393492
" 8582",46,1.06824176992317,0.310502357097065,6.34629256293118e-05,0.00987063354732725
" 9747",51,1.06466657599384,0.222170258628761,0.000123226737196441,0.0100960858546493
" 4082",65,1.26358609912281,0.558423580984293,0.000440310170714114,0.0116081930306772
"  751",46,1.05628693806592,0.361597179919798,0.00113955832578098,0.0114934587868771
" 7979",37,1.159274719772,0.365120352968093,0.000942464904655335,0.0113361986520245
" 7237",42,1.05219272908129,0.319923136442265,0,0.00859891481729189
" 7824",56,1.05223055764969,0.298849537019009,1.17909260732055e-05,0.00897905200971271
" 6635",41,0.873741357720012,0.296031440737601,0.00244569238167459,0.0130783856671152
" 8522",55,1.12953479156929,0.342266804535375,0.000283329017700261,0.0104203739268318
" 8581",40,1.06085492195059,0.31440020993109,0.000167962897885956,0.0102232314170543
" 7290",61,1.07862104541345,0.314072724115222,0.00139421920949932,0.0121334348985404
" 8601",54,1.25853753024458,0.497641689223073,0.00389516710747776,0.0136235588095802
" 4980",42,1.10733184924295,0.32824389802172,0.00350456378197422,0.0132707549087627
" 6432",48,1.21769076585543,0.633840472140782,0.0039105415502987,0.0136531549331927
" 4625",34,1.12334765574283,0.485494674394849,1.82643756820242e-05,0.0109373444083213
" 5587",55,1.24451855600125,0.571771230566104,0.000603417981393456,0.013145919870377
" 7223",41,1.03944018615725,0.316481817558923,1.15597314443191e-07,0.00819984134879722
" 4970",81,1.16925691474812,0.537886882226006,3.13268722141047e-05,0.0109252394445472
" 3004",32,1.09207391551094,0.517912066313679,1.52588455065012e-05,0.0113365373167652
" 5597",54,1.08831916963158,0.47254210992924,9.59457709878484e-06,0.00988907086140683
" 7012",65,1.08134389593487,0.335175438553237,0.000412104425989975,0.0110484405089494
" 7180",37,1.09973542915769,0.25923353227251,0.00133861690125215,0.0116030670181985
" 6641",41,0.741318445142928,0.159057924727492,0.00120533319769915,0.0114383856135415
" 2992",33,1.07904091939684,0.509130024313963,6.09197847115616e-05,0.0114616200844339
" 3145",44,1.07108915152997,0.306204163231504,0.000301362198753399,0.0113058628464421
" 8225",46,1.37378506834132,0.602430754843304,0.00318412802633769,0.0132283647215921
" 5421",53,1.37514471765752,0.703566054493101,0.00129399633787708,0.0125569565742795
" 6437",50,1.44568642695582,0.61038274894396,0.00161431649619916,0.0132867189753571
" 4965",41,1.04817032208837,0.497878092106784,0.00341208593041966,0.0132775677640776
" 5721",34,1.20997784117929,0.549557215388538,0.00248464867664194,0.0134527017516259
" 4977",63,1.21658594226622,0.301445090264422,0.00128185861986054,0.0113287109974813
" 7599",70,1.25829865349629,0.39504086133664,0.00235263654354782,0.0129693525378749
" 7038",41,1.14024916745352,0.370542470898104,0.00261238370910167,0.0128972582104731
" 6628",62,1.20288003843277,0.406591118028066,0.000559837793848373,0.0115888971151792
" 6745",53,1.04684230468755,0.25899975310468,0.00359207094900771,0.0119235030304599
" 8726",54,1.05766564859889,0.209292332327383,0.00119088353339375,0.0107455496126892
" 2419",41,1.44845821955078,0.975405718463774,0.00246962102576433,0.013679673130298
" 3916",41,1.03170364785759,0.421335436247432,0.00933841344997873,0.0135165036241005
" 5953",34,1.17687665753813,0.547500812389727,0.0019337118760057,0.0133997406051561
" 3504",60,1.10615701220651,0.444527052314155,2.06919192853312e-05,0.0102433470257304
" 6868",47,1.12162048087878,0.27206851973869,0.00381621414171306,0.01254126572667
" 4884",52,1.18902357657399,0.530801087691864,0.00068942238333919,0.0123316003946892
" 6841",38,1.04574663789946,0.272981872903242,0.00100107274307803,0.0109752384176191
" 7681",39,1.08416261101378,0.342596358071639,0.000760630329036196,0.0121831764885699
" 5204",38,1.05400373302023,0.423285373111406,6.82024155214826e-06,0.0102416620362923
" 3541",57,1.09213893601462,0.447391258708482,0.000163801394566001,0.0105648267954519
" 8755",21,0.607414313077458,0.136168790315254,0.0036771505724379,0.0127823450447766
" 4376",26,0.51695624644846,0.205286168208537,0.000203682468048902,0.0120462955411071
" 1440",33,1.12370549644385,0.424083810063443,0.00109898366841142,0.0108593399473331
" 8606",31,1.0519732934506,0.151820791702657,0.00258232840734644,0.0106822878703356
" 8153",35,1.04485514075118,0.32053510458638,0.00194191928533116,0.0124088492042622
" 8251",41,1.01321718800396,0.139939224920432,0.000274196829859249,0.00955039571607503
" 7427",53,1.07425866974222,0.334577030864311,0.000629774169086504,0.0115807099386836
" 9574",55,1.06380359093934,0.116691375823476,0,0.00958973266118558
" 4327",80,1.32590028534252,0.5549482777345,0.0015499287920543,0.0120185462426972
" 8934",41,1.16352436180782,0.394347575247795,0.000228073501396416,0.0110616655401311
" 8611",27,1.01713820096486,0.241560482804419,0.00258568072946529,0.0125412083138435
" 4852",35,1.05425381782035,0.45845724957947,0.00433975437882627,0.0137906840593706
" 7448",36,1.29805851667464,0.634869316046445,0.000226455138994211,0.0124728788319794
" 6940",46,0.948579952479178,0.404570052664683,0.000722714409898829,0.0125516256846898
" 8642",39,1.05283156759204,0.166709425367358,9.24778515545527e-07,0.0100580868299672
" 7651",52,1.47738766439561,0.716542404151649,0.00137202452512623,0.0124835196834032
" 8388",66,1.19249858047068,0.447716760495002,0.00142762683337341,0.0123710040181715
" 8440",52,1.16698831201911,0.448331513672495,0.000324481661642037,0.0112188681068399
" 8943",42,1.01686094108248,0.347489753076601,0.00015721234764274,0.0111800950856498
" 8637",18,0.911350943337992,0.297174520384804,0.00137029056540958,0.0116973761096243
" 8500",50,1.11931973453853,0.324239478173399,0.000483890358259197,0.0111922887469053
" 7132",55,1.12522760829194,0.420385540992943,0.00012137718016535,0.0112475079878535
" 6773",39,1.07367732006706,0.273258241806378,0.00211427488116596,0.0125051269381651
" 8236",49,1.14208184940522,0.518231820395115,0.000428403647326465,0.0118525794913144
" 8640",38,1.04706645833886,0.165503689522664,2.4853422605286e-05,0.0100696465528154
" 7650",56,1.3863428520905,0.669663256439079,0.000640293524700834,0.0124355062420713
" 8442",58,1.16926517882856,0.445161554295707,6.43877041448573e-05,0.011104232423588
" 8358",24,1.13528444573623,0.312751067240195,0.00165454436162539,0.0122511133707797
" 5557",57,1.13699120673421,0.489287809718628,0.000163570199937115,0.0105104201548916
" 6814",54,1.08793359767455,0.265865949398046,9.86045092200418e-05,0.00991421099300674
" 6955",56,1.05529629800035,0.229518974874316,9.54833817300756e-05,0.010470517312247
" 8480",57,1.2176375377993,0.51889486096939,0.000390140936245769,0.0127629423957539
" 6030",69,1.10902644160331,0.345059834729699,0.000134555274011874,0.0106888120560465
" 8519",49,1.12652033772592,0.335523271799414,8.66979858323931e-05,0.0103842354906818
" 7133",53,1.19633139376994,0.437779913356451,0.000527701740433166,0.0113995856795554
"11464",60,1.36589189402368,0.538789437653597,0.00333371095122718,0.0130586881853506
" 8643",31,1.06102629319058,0.168690806815164,0.000263908668873805,0.0102615980094728
" 8727",25,1.16718638103705,0.327355390242624,0.000759589953206207,0.0120890327705802
"12111",35,1.1246838708512,0.204383180606684,6.23069524848799e-05,0.0104541257561115
" 9391",29,1.0564679255303,0.209889719034699,0.00214987885401446,0.0117894979054954
" 7010",37,1.07619101662956,0.421371760984054,4.75104962361514e-05,0.0108000420187504
" 7040",68,1.17051647470459,0.424566740461377,0.000737164074204228,0.0111295567378341
" 8625",31,1.09603086773714,0.183973656905753,0.000660638652042836,0.0101900907300366
" 6849",45,1.03583758198436,0.244707372674704,0.000626421846967651,0.0102878574769118
" 4394",51,1.22216369445581,0.591510250663091,0.000622838330219912,0.0126648446090693
" 7136",48,1.11620949998317,0.392421648558518,0.000377194037028132,0.0111975519814875
" 8489",53,1.22868485391169,0.48723233351779,0.000853454972534078,0.0127839418253333
" 8513",44,1.06295184010923,0.321608492692282,0.000899809495625798,0.0108503894518477
" 7843",65,1.11500222538675,0.339605285949699,0.00111401131928903,0.0105163216516226
" 4024",37,1.00461715774878,0.259930871585038,0.00275803632530009,0.0128693293836897
" 6896",28,0.822701171299242,0.340897892595258,0.00258984223278525,0.0132971119022495
" 6760",56,0.990003128146097,0.298913574742199,0.00065173765883071,0.0110195776374335
" 8181",52,1.04459364659466,0.27939857930873,0.000237205689237428,0.00963778274611758
" 5463",50,0.927340095664185,0.331823583203833,0.00050284831782788,0.0109542053733153
" 4152",38,0.976562637042188,0.28876722688126,0.00280947713022731,0.0121088349363206
" 7472",47,1.20300873362576,0.476152891716085,0.002315645402926,0.0122732419445615
"12144",35,1.12471235674837,0.204395846085926,0.00013259011966634,0.0104540986532878
" 3304",35,0.909924155598482,0.224504105889761,0.00193648621155233,0.0119770613634516
" 6777",59,0.963791106611821,0.324790878039123,0.000810683966190098,0.0122025931689583
" 7332",53,1.24699398088654,0.474450761843705,0.00055717905561618,0.0117735927080202
" 7645",48,1.18665396152925,0.540990750514723,0.000553711136182884,0.0119294396421951
" 8485",25,1.06102196867606,0.326608802675233,0.00163951671074778,0.0115595599633801
"12162",40,1.27197575078604,0.273181318370962,0.00977213457376958,0.0129775523072314
" 4909",26,1.09531354275908,0.460973301651974,0.000491057391754675,0.0124828820313503
" 7614",39,1.13470863746455,0.354848402734843,0.00262822054118039,0.0128121274663219
" 8157",42,1.08649836264071,0.200823062437665,0.000404359405922282,0.0106793136588935
" 6856",34,0.976100408673177,0.361790425581832,0.000320435755636525,0.011514866133816
" 6366",29,0.749310188209125,0.279176135190319,0.000978646864076054,0.0127009955342374
"  511",31,1.01627324240635,0.364476545575298,0.000281826252612499,0.0101812221053544
" 6637",62,1.25485217326376,0.417095713110694,0.00155478387926092,0.0120124272915136
" 8215",44,1.25839635658336,0.599536880341918,0.0021221354985481,0.0133140212600356
" 7303",55,1.18550972248588,0.364655824490343,0.00188412062810957,0.0117735381197541
" 6837",46,1.20845047737209,0.439618623527078,0.00159986683189376,0.0121764328214041
" 5201",36,1.34073198789326,0.613702042843609,0.00464157896683744,0.0136179574399255
" 6636",51,1.12268841320912,0.369555223288816,0.000447130412266262,0.0117136297655463
" 8452",60,1.05155738886451,0.181853064099396,3.46791943329573e-07,0.00873764974301981
" 8588",38,1.08656499606766,0.321339094159986,2.38130467752973e-05,0.00987877735636814
" 7597",73,1.19929435931038,0.383120586025679,0.00214664212921005,0.0130182702901588
" 7041",41,0.993998740185808,0.159008513694703,0.000180678602474707,0.0091401416052059
" 7128",60,1.167710522949,0.365356446025921,0.00283132502265707,0.0125437847323643
" 8448",59,1.03664446335749,0.172289767261475,2.19634897442063e-06,0.00881656600274141
" 7436",36,1.1587645184578,0.35161286235544,0.000404359405922282,0.0117161019114171
" 8583",49,1.0810810863166,0.314373498982203,0.00024853422605286,0.00970825114762772
" 7437",33,1.10318235563321,0.346328432438524,0.000709536316052306,0.011893068371279
"  793",41,1.01775805592426,0.328324269740592,6.41565095159709e-05,0.0103029412842452
" 5490",65,1.21463014657069,0.494110359581588,0.000102419220596667,0.0104025226138699
" 8266",31,1.04251348222796,0.160126843041106,0.00263353801764477,0.0101870931551418
" 8194",36,0.997494545831093,0.213270812160833,0.00254418129358019,0.0120252867859851
" 4958",59,1.15546273789267,0.412406835157718,0.000115134925185418,0.01134727081534
" 8457",37,1.04292746720041,0.129120650876143,3.00553017552296e-06,0.00843088880870033
" 8265",36,1.12437559487822,0.170665332593098,0.00148762183956942,0.00990262585542464
" 1439",38,1.1219165520004,0.412189695613473,0.000660407457413949,0.010457872856086
" 3487",61,1.09516953474789,0.4448704897039,1.54900401353876e-05,0.0102456432789858
" 5860",77,1.12709208435197,0.273300498071329,0.00161501008008582,0.0115094137490715
" 8145",52,1.02010854179726,0.35336771821297,0.00237598720106534,0.0130460866356405
" 8683",49,1.14727246841523,0.414004428599698,0.000380315164518098,0.0119729184812812
" 4945",57,1.09473986041769,0.38012937202054,0.00103135923946215,0.0117546652576858
" 7344",66,1.38229051447827,0.538354145145125,0.000996217655871419,0.0125461224011038
" 8458",34,1.04027042033042,0.129069215625403,2.21946843730926e-05,0.00849500869739727
" 8490",22,1.05957135404333,0.252946214878649,0.00214953206207113,0.0122712544690499
" 8785",58,1.41871270078205,0.530539130941584,0.00329059315293987,0.0127207887723692
" 8971",55,1.06374331709155,0.116684103453038,9.24778515545527e-07,0.00958928364934485
" 9118",36,1.00973448771347,0.176010000095551,0.00171604213290917,0.0113502034925467
" 8465",30,0.97126213578988,0.115047832372046,3.71067379362643e-05,0.009022893867388
" 8599",24,1.10606150361552,0.262693240613573,0.00385100893336046,0.0124319879733797
" 1412",29,1.06649619895259,0.395036738652245,0.000359045258660551,0.0101859416887552
" 4985",36,0.822552078447013,0.162224728048802,0,0.00855286780352565
" 4985",36,0.822484219619212,0.162211318270144,0,0.00855231854844522
" 6718",58,1.07066644807811,0.257232441568187,4.62389257772763e-07,0.00888463944559385
" 3174",45,1.25577624124793,0.579499277074269,0.00144935912848873,0.0121729256637432
" 7986",39,1.02438069523493,0.172328884235082,2.18478924297631e-05,0.00895881890819991
" 8507",39,1.03838688513145,0.147121962666951,0.000380083969889212,0.00965324094809828
" 7360",23,1.19997119155148,0.378725695494165,0.000890214918527013,0.0116597089817425
" 6723",53,1.05583064523951,0.254041700873198,0.000222409232988699,0.00968884138466889
" 7131",44,1.06551255276828,0.391033273795476,0.000327833983760889,0.0113343076004721
" 7600",35,1.04136972759584,0.16071905229978,0.000200445743244493,0.00955403563316702
" 7375",35,1.16512261820727,0.422404750745981,0.0020228374054414,0.011943662454881
" 5017",21,0.909668050321788,0.230580645219434,0.000521343888138791,0.0116713830790244
" 5223",42,1.15075449322814,0.466423651607257,0.00106684761499621,0.0111088080962313
" 6642",48,1.15933650397903,0.498626763634882,0.00161165775796697,0.012894212528027
" 7441",50,1.14686554031638,0.337748556167418,0.000550243216749589,0.0112668606433479
" 7183",33,1.3031348545764,0.618028057994219,0.00661020123180498,0.0134545079022074
" 7368",65,1.10680761049117,0.297928638058097,0.000225530360478665,0.010384404530546
" 3132",50,1.13538620042266,0.312330654040928,0.000201370521760038,0.0116304638588475
" 6689",47,1.02094018447428,0.313419037613351,0.00130382210960475,0.012518621116966
" 7292",46,1.01422798896723,0.161210303993872,0.00020252649490447,0.00936872756605639
" 8660",45,1.12397731880513,0.293766070570707,0.00110522592339135,0.0119382524353857
" 7126",35,1.05902665606117,0.275059007982011,0.00186273512493758,0.0116674115828139
" 7439",52,1.14332689780343,0.330201015131861,0.000777507536944902,0.0113212535180158
" 7127",30,0.946023476447072,0.266995650424577,0.00056261212939501,0.0115025742277841
" 8639",51,1.19197199763735,0.360253388003908,0.00156264449664305,0.0121681046892392
" 4101",54,1.19232075970442,0.538456875601799,0.000657286329923983,0.0126765732350641
" 5459",45,0.966968507410014,0.451443723059481,0.000219519300127619,0.0115879951223434
" 6761",70,1.34508654650542,0.560359798962332,0.00450991362568665,0.0139105870527174
" 6660",60,1.24159966189393,0.518956864748586,0.000304598923557808,0.012206745568329
" 8518",59,1.06516180535947,0.31508145341523,5.14408049272199e-05,0.0102873704861613
" 7049",36,1.06673247163147,0.17878241731085,0,0.00885305034453136
" 7017",34,1.07472757206115,0.189042089075254,5.43307377882997e-06,0.00936816715928148
" 8177",44,0.812114384488424,0.216050382305213,0.000608157471285627,0.0111201206342418
" 8509",58,1.03559698077951,0.405454344953267,0.000466550761092718,0.0114804886392193
" 7451",47,1.04812519638933,0.164981501711822,7.5138254388074e-06,0.00861857099855996
" 7659",10,0.951273496578467,0.199975294621813,0.00132197088797233,0.0125520484997592
" 6795",28,0.646942387152607,0.185404410579847,0.000117562468788725,0.0113093701085926
" 6659",58,1.21395166288737,0.505914199744139,0.000437420237853034,0.0121077933918058
" 8170",51,0.89879330958418,0.32496051470606,0.00070317846375793,0.0120390869515438
" 7018",36,1.0697617989889,0.185892772254708,8.55420126879612e-06,0.00932440102833961
" 7050",36,1.06330387911126,0.179064416196781,4.62389257772763e-07,0.00888663054873156
" 8828",76,1.39747928889593,0.536642084566143,0.00338226182329332,0.0130523202878393
" 7117",26,1.05273061202529,0.309834477010188,0.000210502709601051,0.0108078461122224
" 7047",34,1.01177193920121,0.15976591160825,0.00115805389609189,0.0100982525360371
" 7016",28,0.881454643417373,0.144955611055279,2.49690199197292e-05,0.00923965680362755
" 6950",43,1.03689338909399,0.158659928662791,0.000485855512604731,0.0102285015543738
" 6864",42,1.08041064734294,0.175507934275373,4.61233284628332e-05,0.00911929271303956
" 8212",37,1.09303726357007,0.316629078804564,0.00140520095437143,0.0119846984293095
" 8890",20,0.947742230178459,0.0921906422159171,0,0.00872305300872839
" 8898",66,1.368203898481,0.448923927317959,0.00406555754896702,0.0132667068406037
" 9024",27,0.7697886919994,0.238863954954048,0.00288762091479091,0.0130051691292133
" 8719",63,1.1875077989279,0.463229278184053,0.000748608208334104,0.0116350299876482
" 8888",20,0.947742028193271,0.092194876775253,0,0.00872305348384994
" 5190",37,1.05462805221654,0.423843273440831,2.06919192853312e-05,0.0103043996719917
" 6446",38,0.844232540241902,0.268542584647497,0.00128208981448943,0.0109852651809633
" 5091",61,1.34103327731591,0.532068087845756,0.0044452947269129,0.0133553260359086
" 7444",50,1.07256977215282,0.28892584738032,0.000611740988033366,0.0105921780227888
" 3083",44,1.16527905891557,0.557657362677646,0.000462042465829434,0.0115263154375684
" 4981",34,0.841510357136431,0.21968330298631,0.000661563430558381,0.0117208972453071
" 8451",66,1.06186759550715,0.177367779667461,3.3292026559639e-05,0.00915471403120588
"10316",51,1.20035500561894,0.354233587874032,0.00117689625834613,0.0117861475237295
" 7174",55,1.01090007312398,0.248429545564297,0.00374419701481495,0.012322431375129
" 7382",53,1.07978139350348,0.366194497882237,0.000527586143118723,0.0115337219280125
" 6824",28,0.698132330980681,0.248540124855634,0.00105921819224296,0.0117652458421575
" 4387",51,1.60982719595221,0.722479618163516,0.00384777220855605,0.0134108871925462
" 7446",45,1.02694794060767,0.269344974917246,0.000449789150498456,0.0106780020180105
"10305",41,1.08699501721655,0.30399074947369,0.000390256533560212,0.0114959945909538
" 8740",45,1.43157387569499,0.352292192933739,0.0059291018551057,0.0130725681595045
" 2898",44,1.03510677012025,0.326545022322936,0.000505275861431187,0.0107037214415072
" 3074",45,1.14884286222665,0.546228708527047,0.000139063569275159,0.0114640324605682
" 8258",42,1.09524707221353,0.242606554204117,0.00285825919692234,0.0112797307983293
"11114",34,1.02721821149526,0.307325609391963,0.00229819020844508,0.0125011089650255
" 8680",56,1.14185045651936,0.321012032510286,0.00055972219653393,0.0105225873333894
" 8692",41,1.31538464621544,0.533638453776101,0.00426334455397932,0.0135205693114519
" 7633",35,1.04819128328593,0.321044990713449,0.00241598387186269,0.0122759633595576
" 8413",68,1.25098777543958,0.480006930880488,0.00110591950727801,0.0118016854402841
" 8746",53,1.12067011331692,0.452782760370822,2.49690199197292e-05,0.0107519347413281
" 6674",54,1.12917943905746,0.447529430336588,7.09767510681192e-05,0.0105229584061698
"11110",40,1.20625576747832,0.350883679179756,0.00109516895703479,0.0122404299748527
" 8656",57,1.10539629406757,0.308336575271715,3.84939057095826e-05,0.0102387619350131
" 1413",36,1.06280077834648,0.30754252481598,0,0.00900997570518554
" 7124",61,1.23481565165602,0.38372325402452,0.00125030055301755,0.0121787289661279
" 9433",43,1.03236565813295,0.208837339850977,0.000230154253056393,0.0111644857854179
"14806",38,1.02067506851044,0.197450237705489,0.0036661688275658,0.012162464004807
" 7379",27,0.728246734161184,0.154664238894067,0.00294934988070357,0.0131623398959483
" 8718",36,0.929295738562949,0.134929705131154,0.000802129764921301,0.0115426271429974
" 6832",57,0.987381713193901,0.244167985511382,0.000325984426729798,0.0101953341691526
" 5374",62,1.4025197027775,0.701828727376552,0.00115227403036973,0.0121761889085606
" 8677",26,1.0125935693355,0.124991477582698,4.62389257772763e-07,0.00962415112142946
" 8594",38,1.01250647645586,0.282105853425362,0.000322632104610946,0.0100822212417802
" 7260",56,1.39293761587048,0.588529684861706,0.0039132002885309,0.0133516852568896
" 8475",33,1.09399275887072,0.386439405442702,0.000559028612647271,0.0122279557643777
" 7179",68,1.11437756683135,0.324378784303417,0.000214548615606562,0.0108896548269268
" 7066",56,1.20946551980816,0.328632649366857,0.00160761185196146,0.0113760698990845
" 7564",46,1.08151324395319,0.176586939057571,0.00104361255479313,0.0101110301194236
" 8659",48,1.20740077330669,0.465002963097794,0.00167928218691623,0.0120367549550841
" 9540",25,1.10419340084943,0.285332687121105,0.00349485360756099,0.0131048844913663
" 6952",27,1.00988504418716,0.257249841945581,0.00634224665692567,0.0129305207764161
" 7261",67,1.30850610179158,0.530707452706709,0.000440425768028557,0.0128941377398913
" 9842",25,1.10871091672052,0.265189976094658,5.96482142526865e-05,0.0109321875742887
" 5279",40,1.10382104463514,0.466420209864141,0.00113759317143544,0.011734939088612
" 6815",59,1.06545945979675,0.2582173273495,2.31194628886382e-07,0.00952200683655873
" 6957",50,1.03447844621897,0.227385674965531,9.90668984778146e-05,0.0114725916574698
" 6928",41,1.25891266098859,0.463984922129508,8.43860395435293e-06,0.0110121215868331
" 6799",49,1.18796207320893,0.402258101085027,0.000446552425694046,0.0116451773734709
" 6983",53,1.08039993100052,0.448953346842605,0.00160275676475484,0.0124421051464941
" 7052",44,0.850972841406141,0.311727646009797,0.00128902565335602,0.0116937149720247
" 6771",39,1.12639392443926,0.395613145377972,0.00234523831542346,0.0127305837158284
" 7246",58,1.0476642007381,0.301920664265928,0.000645495403850778,0.0111006930897883
" 8256",61,1.12605043715635,0.284258422516307,3.22516507296503e-05,0.00898435883312523
" 7212",36,1.07633012878685,0.19929536818975,0.000361357204949415,0.0101342418244067
" 8121",51,1.13576417948476,0.347074258017621,8.8431945549041e-05,0.0105702818007123
" 6961",51,0.979870995769008,0.285694220667782,0.000516719995561063,0.0109462945314961
" 7113",46,1.03921126301643,0.32427960775389,0.000788026892559232,0.012045694867581
" 9849",18,1.03166209541983,0.227257912933256,0.000841779643775316,0.0111969209352207
" 4137",56,1.1638649501946,0.502263989864223,0.00186943976917528,0.01169076959733
" 7014",21,0.762697277303518,0.0916865885666331,7.97621469658017e-05,0.00993546561441735
" 6926",39,1.27228751337695,0.464719912759088,2.5431409177502e-06,0.0109497617891632
" 6877",61,1.15586014555203,0.388823907002305,5.77986572215954e-06,0.0108259939829317
" 7247",61,1.02113180575064,0.295108887248037,0.000568969981689385,0.0110000227110938
" 7210",26,0.680026445620842,0.213674844446334,0.000812649120535632,0.0118303356234349
" 8185",60,1.13002854875384,0.345903648254684,7.74502006769379e-06,0.0105323861801957
" 8338",44,1.17424968742586,0.290751927878224,0.00293177908890821,0.0124586615648762
" 6178",60,1.20798911220699,0.565936127106378,0.000507587807720051,0.012118230265739
"  507",27,1.12285354579373,0.405824204770997,0.000204260454621118,0.0100594276926884
" 6730",53,1.17236724417633,0.469921612644373,0.00371321693454418,0.0135979184011828
" 6669",70,1.0549702414654,0.218246483879012,1.2715704588751e-06,0.0090886413680923
" 7021",34,1.11443470282933,0.21582122913514,0.000116984482216509,0.010362447955629
" 7036",37,1.05138005804608,0.2675156485129,0.0019658479294209,0.0115033823322371
" 7106",29,0.997585756638041,0.181071031904093,0.000749995376107422,0.0106487834287287
" 8272",66,1.11347563626147,0.361400321565987,0.000127619435145283,0.0111098154426443
" 7188",35,1.10106822255158,0.293637443357466,0.00153767547672332,0.0118055229068658
" 7469",59,1.05242973867314,0.307516947116877,0.00032205411803873,0.0107798137504571
" 1828",70,1.28646652096194,0.587239687193634,0.00270416797676956,0.0122493857859354
"  547",27,1.0864802995792,0.395560364524215,4.21930197717647e-05,0.00989121405157224
" 3000",37,1.10561794470444,0.499222989676525,0.00019455028020789,0.0112697027973313
" 6903",20,0.399840559715665,0.146046579082868,2.52002145486156e-05,0.0104553749936127
" 6665",79,1.04493023661144,0.216066293318347,6.53124826604028e-05,0.00912385210575515
" 7020",35,1.10553999313292,0.221063402732227,0.000693930678602475,0.0104895191936341
" 7092",31,1.05162639454569,0.209300050979144,0.000302749366526717,0.0107492563953476
" 8253",58,1.1774097443921,0.387400819066156,0.000423548560119851,0.0113129280137133
"  543",26,1.07339215249981,0.391235090822342,3.47947916474005e-05,0.00990262249825123
" 6988",71,1.31976203503742,0.481591966185114,0.00249667079734404,0.0125599397857811
" 3006",36,1.10658097326334,0.499231097684239,7.28263080992102e-06,0.0111878069713441
" 8126",40,0.71541885715303,0.201843225075983,8.71603750901659e-05,0.0104614292210155
" 7029",36,0.866891280885177,0.404977993140999,0.000256510440749441,0.0116716110799526
" 7064",61,1.443957315047,0.671593346751022,0.000761901899495071,0.0122603185786039
" 7595",21,0.844487872825895,0.214768335370927,0.00108129727930161,0.0126298959269887
" 7558",35,1.20119572074143,0.338529328063313,0.00188065270867627,0.0127677408797285
" 6670",62,1.00676380529807,0.206078474928066,3.95342815395713e-05,0.00920821526038334
" 1915",32,0.893170440918168,0.289268532716711,0.00432542031183532,0.013340580703354
"  519",26,1.05438420441472,0.387719910700783,0.00032714039987423,0.00999548651859059
" 7559",34,0.751938497022745,0.255469681025789,0.00104106941387538,0.0126909367376189
" 8320",58,1.05115191068828,0.179400872300255,1.59524293931603e-05,0.00916356704082968
" 5305",48,1.06230068806678,0.430556557422748,5.31747646438678e-06,0.0105366240733278
" 8067",57,1.16510171546149,0.53743980482772,0.000242754360330701,0.0111877744449435
" 7226",37,1.02671926307262,0.310954759775529,0,0.00844562948578265
" 6654",37,1.11559655531205,0.476913907261175,0.00034309282926739,0.0119385594114251
" 8226",43,1.08080037433671,0.440999617381512,0.000587003162742523,0.0113252854864856
" 7254",45,0.976802451475488,0.302174484614632,1.01725636710008e-05,0.00826820827894351
" 8449",61,1.06459485561738,0.18268021112366,4.85508720661402e-06,0.00898158782768625
" 7372",59,1.12230675776603,0.292570394849299,0.000106233931973292,0.0104796410311898
" 7374",48,1.06098013375726,0.279072905862689,0.000290380453881295,0.010672992065791
" 8203",43,1.03771806237822,0.141645690350969,1.17909260732055e-05,0.00869375483750628
" 7415",43,1.05194537658259,0.136369289862604,6.3000536371539e-05,0.00961695770460735
" 8728",28,1.18475160853111,0.324840308815706,0.000776698355743799,0.0111764273766866
" 6146",61,1.28324997288816,0.458137452550792,0.00125758318382747,0.011904284543119
" 8443",62,1.03737643790854,0.171517529875366,8.32300663990974e-06,0.0089641257355967
" 8199",42,1.03124734369396,0.134431095988929,0,0.00862550382542325
" 8579",46,0.991649639719579,0.297914607349443,6.82024155214826e-06,0.00972809008473645
" 7455",49,1.21468024396256,0.309350513499027,0.000252348937429486,0.011237528246202
" 8205",42,1.02911491463247,0.131559078673547,1.15597314443191e-07,0.00861293833503575
" 7551",61,1.15649148723394,0.351547199969915,0.000588159135886955,0.0114132184115272
" 6751",58,1.10109480691579,0.353501820314504,0.00165419756968206,0.01268071598486
" 6866",49,0.89193155147724,0.269855079123574,0.000430368801672,0.0115201584075548
"13367",44,1.18925864367699,0.379054788249219,0.00133734533079327,0.0116491517324871
" 7549",30,1.04574251967644,0.123350645347014,0.000172933582407014,0.00935350765630212
" 7454",39,1.12900027869444,0.283823745722235,0.000849755858471896,0.0113560534105102
" 7548",55,1.07977286634325,0.318137059036943,0.000754503671370707,0.0112150893452218
"12407",16,1.03161943654857,0.19552537282929,0.000843860395435293,0.0112187736947517
"13342",38,1.07129054646418,0.35200958204285,0.000122764347938669,0.011088026908048
" 8816",34,0.54788430229169,0.13338843039356,0.000463314036288309,0.0108173532711176
" 7283",68,1.22209866868553,0.426782259650811,0.0017996189912516,0.0119868320329239
" 8359",38,1.03271557822977,0.146104017751652,2.39286440897405e-05,0.00881889652433202
"12302",31,1.0833362964196,0.222298630127272,0.000656592746037324,0.0113920728750599
" 6719",54,1.05746034074589,0.252354321919358,4.85508720661402e-06,0.00917370323075316
" 8664",25,1.0325937397779,0.132033170207053,0.00240107181829952,0.0106626202139328
" 7698",58,0.990446530617195,0.311443026978643,0.000891486488985888,0.0115591996948342
" 8146",39,1.03896969351716,0.142003403414885,0.00165685630791425,0.0116701519023827
" 6720",50,1.03511094714348,0.245281187024318,4.73948989217082e-06,0.00917721384463283
" 6765",43,1.06254284598979,0.279837082689766,0.00142970758503338,0.011616475895355
" 7192",58,1.11881566577344,0.328798894571963,0.0019149851110659,0.0122969062673678
" 8615",26,1.07150184117271,0.315115354140131,0.000100454066251133,0.010431255423195
" 8371",27,1.15082364820419,0.251004861714091,0.00058180128359258,0.012218138540062
"15737",23,1.09247805261135,0.329096742163861,3.46791943329573e-07,0.0123897398217699
" 8372",10,0.934709986995191,0.198392934787585,0.00062237594096214,0.0123247619255286
" 1637",45,1.068852626411,0.33991429099324,0,0.0103424234909159
" 5230",44,1.13423578817147,0.463134493196459,0.000777507536944902,0.0112817503201618
" 5031",47,1.38469933998009,0.783597812711306,0.00183845968890451,0.0129328478886122
" 5034",27,1.21212320995798,0.760337237966217,0.000687688423622542,0.0125679663246582
" 6758",49,0.832434560222435,0.217484504611468,9.66393548745076e-05,0.0101882702532333
" 7190",45,1.28497105086251,0.618037363221638,0.00378430928292674,0.0137789516495117
" 8434",63,1.11584437549304,0.340610754744831,0.00018657406551131,0.0109072205033315
" 7624",43,1.06982789976467,0.279103488455911,0.000539839458449701,0.0098474534164586
" 8483",43,1.16679027469198,0.426780219173611,0.00264301699742912,0.0130913655362898
" 8654",66,1.09799301477993,0.316292925033561,3.73379325651506e-05,0.0101194089620399
" 7362",53,1.16874416536723,0.257114081765542,0.00109528455434923,0.0112154770817133
" 6817",57,1.05841108355675,0.268707236712466,8.8431945549041e-05,0.00965635073930164
" 5023",33,1.14872334255352,0.703824410251229,0.000357773688201676,0.0125590636749684
" 7361",37,0.966349528350407,0.2640552755612,0.00280589361347957,0.0121861986009465
" 8228",52,1.09114019150714,0.198512305749685,0.00157547579854625,0.010915843809449
"  347",26,1.13678009332669,0.480927276998626,0.00118949636562043,0.0123338913112207
" 5246",38,1.03689947458769,0.408506460269365,3.8147113766253e-06,0.010021888544605
" 6973",61,1.04864392628117,0.219423088833567,9.59457709878484e-06,0.00812837244095899
" 6878",65,1.08022337445264,0.206491095977614,2.19634897442063e-05,0.00787108610785449
" 6778",50,1.06865458030183,0.242308899991844,8.31144690846542e-05,0.00836254913378726
" 2513",42,1.33550018272619,0.611493867858768,0.00558519984463721,0.0135570271575374
" 6991",27,0.824230345088988,0.213291013939802,0.00317661420089888,0.0124223642168936
" 7298",41,1.25950853408764,0.401847471906291,0.0063918379048218,0.0132552644329886
" 6239",70,1.40503418718756,0.626820894364656,0.00290588529047293,0.0128179851330697
" 6403",58,1.22891925774126,0.57660873585487,0.000846403536353043,0.0124705889748338
" 1822",52,1.13041428142298,0.380519719408072,0.000847906301440805,0.0104067228045266
" 3949",26,1.12066078008587,0.48404883766988,0.00032205411803873,0.0123176577018553
" 3105",50,1.24833366192121,0.625156951523581,0.000706877577820112,0.0121598119350028
" 6880",61,1.06106652885864,0.201805094431725,4.87820666950265e-05,0.0080834588425791
" 6974",57,1.03325779617934,0.207481538157239,7.58318382747332e-05,0.00814258780358478
"  349",28,1.07631524486972,0.464066978930056,0.000202064105646698,0.0119852325145446
" 6813",68,1.04119932249545,0.261635490280311,9.21310596112231e-05,0.0100549295425674
" 3098",42,1.13262290063132,0.584757522935179,0.000947551186490835,0.0122249376356385
" 6873",58,1.09325002656503,0.247860734743216,8.48484288013021e-05,0.00850939076967869
" 6967",50,1.04111635349985,0.240389506967835,8.32300663990974e-06,0.00824531118870083
" 7403",54,1.03428466033221,0.314389640228628,0.000578680156102613,0.0111894511967717
" 8441",65,1.35097672720353,0.544753932267487,0.00310043557068082,0.0128978582287535
" 8409",32,1.12764343410994,0.337436846280869,0.00046551038526273,0.011553172461169
" 9171",21,1.01416611645107,0.258734919873369,0.00241586827454825,0.0128980347859495
" 9326",19,1.0984205318885,0.221188140442807,0.000277664749292544,0.0108888573024504
" 8748",13,0.973759250516827,0.135628272558509,0,0.00997202284864613
" 7788",59,1.22914997029846,0.512800886392202,0.0012035992379825,0.0119204318814859
" 9328",20,1.09157828666412,0.208820161514356,0.000578448961473727,0.0109587302912752
" 9357",24,1.26301155026959,0.33815667431658,0.00820070468122885,0.0134263583217792
" 4990",49,1.17101450238586,0.437444095668187,0.00141525792072799,0.0125510347355355
" 7795",55,1.17149818235022,0.489995728640037,0.0018063236354893,0.0120407268558277
" 9578",16,1.07528895194179,0.229399734601537,0.000190966763460151,0.010986984070089
" 8767",41,0.918628980501605,0.236363142532876,0.00139271644441156,0.010919330190732
" 1050",33,0.778384997633463,0.200303590812814,0.00206364325743984,0.0118471415367914
" 8078",53,1.16430554774776,0.483929736920613,0.000831491482789872,0.0116284489814034
" 7238",49,1.07635951065944,0.333432928273705,0,0.00886433785635654
" 8277",29,1.04389425900331,0.179074110613908,0.00185926720550428,0.0112850898392874
" 8196",29,1.22676519455899,0.341448436834668,0.000184493313851333,0.011312909205342
" 9577",15,1.07208923840312,0.210329653632908,8.73915697190523e-05,0.0109659326253949
" 5935",53,1.15308763994548,0.415302029084831,0.000858888046312908,0.0111645327645113
" 8577",37,1.02760645768347,0.307785547165733,0.000260903138698282,0.00993167176780842
"  889",47,1.16506809926006,0.342969551561211,0.00123781604305769,0.0107166939876823
" 7358",40,0.992049776937439,0.143830923834874,0.000983733145911554,0.00981368827277685
" 8472",58,1.19200732920268,0.325765282250556,0.0029743189006233,0.0115476474779671
" 8343",58,1.10073268109186,0.321077190651617,0.000314655889914366,0.0103516585272726
" 8707",61,1.2641021908093,0.471856228341695,0.000806753657499029,0.0119278087880798
"11951",38,1.22854984396442,0.512933860257422,0.000257435219264986,0.0122338528496095
" 5936",57,1.22124911821094,0.447434065377602,0.00094154012613979,0.011169871578172
" 8341",56,1.05142824750367,0.317134598298025,0.000414763164222169,0.0105761069577506
" 7235",41,1.00040931085077,0.305310884183966,4.39269794884125e-05,0.00842420709479829
" 7609",40,1.08041125032635,0.180580846714137,0.000201486119074482,0.00917204688640585
" 7396",27,0.781365122373815,0.139921735858996,0.00183163944735236,0.0104860355838835
" 8280",38,1.06621939315124,0.176281437196824,0.000117909260732055,0.00983577227335106
" 7610",57,1.09886260034295,0.311169876424058,0.000617983243013298,0.0111707979118861
" 7433",29,0.846216914442723,0.179877136747829,0.00176193426674311,0.0126653576246103
" 8805",33,1.05594332576133,0.239724101889424,0.00155304991954427,0.0114289926233071
" 5930",49,1.14924316247463,0.424423677713859,4.92444559527993e-05,0.0107673382601082
" 5368",63,1.41374419536855,0.691081081619637,0.000859466032885124,0.0121479914435227
" 6755",34,0.967767724613419,0.210667653854082,0.000625381471137663,0.0108203392503422
" 7607",44,1.06579616815424,0.178269213324084,1.15597314443191e-06,0.00866621532177006
" 8804",25,1.03566332102269,0.242219255560484,0.000984542327112657,0.0114058087130092
" 8575",26,1.14874581301615,0.315645722591862,0.00421167255442322,0.0130267135210326
" 5932",52,1.07480452937755,0.453043525242243,0.00124001239203211,0.0118451367318078
" 6658",55,1.23153535388484,0.52805053454868,0.000879811160227126,0.0123048012413005
" 8436",66,1.16125624672397,0.364331773971511,0.000215242199493221,0.0108398817958458
" 7601",39,1.04037670329644,0.181206565270566,1.14441341298759e-05,0.00906120198547765
" 7297",44,1.06517338487733,0.164565875487873,4.73948989217082e-06,0.00867467816861644
" 7630",36,0.786670519897941,0.198682265215853,0.00186562505779866,0.0118764452930513
" 7852",31,0.635787528130189,0.215549285109684,0.000582726062108125,0.0114519634228862
" 8158",35,0.791722485849292,0.301156533406149,0.00116834205707733,0.0128765035264798
" 7618",43,0.971757273370679,0.310619675977724,0.00106291730630514,0.0116514502876
"14600",31,1.05035290377733,0.266893784605557,0.000626537444282094,0.0105511778099285
" 5928",51,1.17913294157542,0.442404781372839,0.000268301366822646,0.0108004431120459
" 7295",45,1.05527363376741,0.160314844710521,3.93030869106849e-05,0.00911231665108098
" 7649",41,0.846756768377009,0.229753261669682,0.00132821314295226,0.0116389592170416
"14593",33,1.05480359645866,0.271728384229371,4.97068452105721e-06,0.0104641514038911
" 5942",55,1.33753653427532,0.505965139916504,0.0014862346717961,0.0119065027746156
" 1505",45,1.08225063756697,0.356808610042024,1.26001072743078e-05,0.00944349527860102
" 7561",41,1.01183535689737,0.152768596373842,0.00276231342593449,0.0112065525108598
" 6732",69,1.16347177338926,0.330992036064472,0.00152565335602123,0.011424392948286
" 8218",20,1.09508955477849,0.292104231337641,4.62389257772763e-06,0.0119076107723697
" 7619",56,1.12518486674916,0.377555288115968,0.000788489281817005,0.0115353903934736
" 8852",22,0.666550746042328,0.167351102528429,0.00141248358518135,0.0122739766691428
" 3751",61,1.09656602941061,0.44953212611926,4.16150331995487e-05,0.010877518584077
" 5247",41,1.06473402114114,0.418476570129323,0,0.0101174317481247
" 6738",68,1.18166173095549,0.361382500984416,0.000930442783953243,0.0113832586028364
" 8217",21,1.08704845743973,0.28849939144484,9.52521871011893e-05,0.0118426045560767
" 5941",52,1.09794447550736,0.428356939822931,0.00144739397414319,0.0120334735850069
" 6361",43,1.14213096450282,0.499974565070507,0.00234049882553129,0.0131420119904292
"  129",30,1.2261800234762,0.528974872622632,0.0017137301866203,0.0129084258993835
" 8208",64,1.09061171428283,0.309040310633241,0.000198249394270072,0.0107697908417132
" 8641",36,1.05047476982307,0.165521835288939,2.49690199197292e-05,0.0100663524312532
" 7456",45,1.04792337754455,0.384671525018967,0.00193648621155233,0.013062632160669
" 8247",62,1.1389753865236,0.333391800934117,6.79712208925962e-05,0.0100198426562873
" 7042",55,1.08142321645303,0.358859811122875,0.000896803965450275,0.0123568741690688
" 7051",21,0.69027533100925,0.132833206649372,0.00501981337969556,0.0125709143865282
" 8209",48,1.03531412239085,0.300613682091887,0.000345057983612925,0.0109261786355007
" 8889",20,0.94774106948564,0.0921901830634065,0,0.00872305303992366
" 5934",45,0.924992162074888,0.363814398151449,0.0005296668947787,0.0114401951767642
" 6378",47,1.23693052104896,0.527914146322198,0.00127815950579836,0.0124968376159045
"  202",20,1.18268069587733,0.460084001569346,0.000124151515711987,0.0125742776295743
" 7037",40,1.11896971017506,0.398027821745173,0.00269029629903638,0.013022311568167
" 8406",15,1.0333563437618,0.198840999547415,0.000749879778792979,0.0107361524454497
" 7155",68,1.16576323446711,0.336390414443464,0.00082779236872769,0.0105566752439085
" 8745",51,1.1169009845942,0.4470865748303,0.000160333475132706,0.0110440335799968
" 8887",20,0.947739335184426,0.0921937206959185,0,0.00872305345835467
"   52",40,1.232909436356,0.532932954622057,0.00310078236262415,0.0128222977117491
" 6657",40,1.16852803930074,0.482567283680196,0.00112406828564559,0.0122474823124604
" 8882",16,0.960949268795667,0.0951222829119731,0.00115204283574084,0.0090878738981688
" 7925",62,1.12876648084409,0.319438206829186,5.90702276804705e-05,0.00992425114354721
" 7230",48,1.0900720487754,0.333429432762242,1.68772079087059e-05,0.0088690020436009
" 6655",34,0.944397901622047,0.391896743063371,7.22483215269943e-05,0.0117902424977156
" 3621",55,1.20575828708239,0.426498951695609,0.00202942645236466,0.0122274008128855
" 8402",32,1.06550450417169,0.193138957350542,0.00119227070116707,0.0110657267003677
" 7914",55,1.12219169763653,0.315360025383831,0.000731615403110955,0.010453182630716
" 7739",43,0.83976000863278,0.294623729381758,0.000300206225608967,0.0114489019001394
" 1833",34,0.781264116555946,0.22567339426492,0.00481104462981116,0.0124981748271629
"15760",17,0.742574931032357,0.225032219130029,0.000931714354412118,0.0124656800366894
" 7353",66,0.977588295539853,0.27585319318551,0.00100800858194462,0.0115525966951497
" 8395",41,0.948000258426605,0.19815569472674,0.000964081602456212,0.0107655361242364
"10315",48,1.140361730068,0.327902634435613,0.000393724452993508,0.0115149841393026
" 8242",42,1.11939448460958,0.265202729704564,0.00029234560822683,0.0103018629780269
" 8711",66,1.34943922848429,0.49205173195078,0.00158946307359387,0.011898157890732
" 8672",38,1.0470501533283,0.140410707713088,1.04037582998872e-06,0.00969125043189989
" 6822",38,0.900896754740222,0.314636082567082,0.000781206651007084,0.0117831956865068
"  721",36,0.939516816134173,0.327952488625943,0.00138161910222502,0.0118403870213532
"10278",38,1.07485112288713,0.318071027168134,0.000407249338783361,0.011303488307183
" 7700",42,1.10041683503867,0.184655913041756,0.000762133094123957,0.0102979019336458
" 8404",46,1.1252537311391,0.285479475086357,0.000705606007361237,0.0108959872026678
"11112",36,0.937665654248811,0.294568312463224,0.000554404720069543,0.0118842447511597
" 7386",64,1.08478060664808,0.310016969875819,7.71034087336083e-05,0.00990576287413015
" 8375",51,0.966244832470801,0.262573857698203,0.00092778404572105,0.0112570441063227
" 7604",37,1.18270837745576,0.321914318944033,0.0102589148648899,0.0139220453070372
" 8626",28,1.13152025932774,0.253596389552492,4.79728854939242e-05,0.0121663514365822
"12024",15,0.904820880074957,0.143428529853249,0.00064595779310855,0.0109698125933252
" 7054",53,1.0730322405416,0.467460233015505,0.000404937392494498,0.011530691117168
" 8444",66,1.04745387524599,0.173483892158132,1.96515434553424e-05,0.00946016287178103
" 8025",55,1.09295782219366,0.17778177991166,3.13268722141047e-05,0.00962539915023077
" 8397",44,1.09615557684988,0.285517847920118,0.000703062866443487,0.0108849117023563
" 7384",61,1.08967254495089,0.324033089089694,0.000458574546396138,0.0102919137552894
" 8624",11,1.02529803002791,0.21945419804672,0.000822474892263303,0.0123263432696699
" 7777",39,1.01124102705213,0.508047685205538,0.000560993766992805,0.0117641206833552
" 7438",23,0.86797791022198,0.266414286545344,5.20187914994359e-05,0.011479619509473
" 7079",59,1.09211037680718,0.308206504023389,0.000518800747221041,0.0112287540240389
" 7467",52,1.12630496680508,0.273625527224412,0.0015295836647123,0.0113948490860164
" 7615",38,0.708751055687727,0.144245820656627,0.000268648158765976,0.00986655091031458
" 8237",45,1.09012202328067,0.254337044266612,0.000119874415077589,0.0099418828335181
" 8461",71,1.23307710711605,0.470278047253272,0.00040320343277785,0.012216803183515
" 7142",65,1.1564797475191,0.348261617339532,0.000159177501988274,0.0110880063488029
"10719",56,1.87584044606202,0.45423104778449,0.0137846329554072,0.0137575488781198
" 8433",28,0.999779187782115,0.217071921186202,0.000967665119203951,0.0112318761550917
" 6816",57,1.09227093522149,0.265792426452877,3.94186842251281e-05,0.00963139093204004
" 7586",44,1.1287223945599,0.284632471792263,0.00324377624059038,0.012044520999169
" 8531",38,1.14695218413597,0.286241387608115,0.00412462777664749,0.0126400508346428
" 6826",53,1.02768357422537,0.251407712097468,0.000141375515564022,0.00998540929163855
" 8329",57,1.30985428966324,0.501004011045838,0.00236627702665212,0.0129435749421795
" 8544",54,1.41991079029701,0.61482104798335,0.00634571457635896,0.0135529373352076
" 6882",53,1.19356731430091,0.401389033229823,0.000126001072743078,0.0112496926225434
" 6965",72,1.19282588720626,0.352799857523378,7.3288697356983e-05,0.0104384562005642
" 7013",43,0.876098466853758,0.240356219434018,0.000664106571476131,0.0113572789775911
" 7116",63,1.2525206026155,0.377890288934837,0.00183822849427562,0.0122719366287891
" 6898",69,1.12765822575499,0.323234722110645,0.000147386575915068,0.00974787112588506
" 7163",66,1.10590918118483,0.310994947632025,6.93583886659145e-07,0.00936830212827379
"14172",26,1.09324791503872,0.208725025147901,0.00366570643830803,0.0116258072690148
" 5038",36,1.28492616407979,0.803115473796625,0.000135942441785192,0.0122750469255795
" 8324",56,1.25244829174865,0.469846205785285,0.00276890247285775,0.0129308380194933
" 6885",45,0.817418750634735,0.301140735357903,0.000468515915438253,0.0118828876710729
" 8466",31,1.01778412993531,0.12081743067253,9.24778515545527e-07,0.00877265073654828
" 7159",70,1.10471436056608,0.309323281478704,1.08661475576599e-05,0.00936739228554497
" 6964",71,1.19003035233282,0.350685321058637,3.9996670797344e-05,0.0104142720950709
" 6897",68,1.10904841956546,0.31684740243726,0.000347485527216232,0.00982134326471115
" 7114",28,0.744081220043739,0.168606797308062,0.00189556476223944,0.0124921069518159
" 1397",29,1.15730383520422,0.456435935520618,0.000968821092348383,0.0109393524727966
" 5041",31,1.16516930377446,0.72960444439551,0.000209462333771062,0.0119424320359221
" 6661",41,1.13684849338726,0.488559672880481,0.000465857177206059,0.0121900719560162
" 7413",50,1.26612599632902,0.534302455056319,0.00286080233784009,0.0132864609780396
" 8086",45,1.00394703106597,0.152942335286772,0.000235009340263007,0.00926435917107103
" 6966",66,1.16128207536114,0.341358910902007,2.43910333475133e-05,0.010187643406489
" 7115",69,1.08906840933064,0.305244667889794,4.1152643941776e-05,0.00938495850535219
" 6933",59,0.952296979991149,0.285691565308928,0.000371645365934859,0.0106719478356907
" 6997",40,1.03436255888192,0.266440633195215,6.88959994081417e-05,0.0107194278355665
" 7026",21,1.15351394716783,0.353697355927131,0.0021780845987386,0.0129391850000046
" 7053",55,1.15415035223302,0.374169861156083,0.00230339208759502,0.0129099985859772
" 7417",51,0.827224488853626,0.273555326670696,0.000164610575767104,0.0108760118541859
" 6982",27,0.934832460164763,0.253967859591778,0.000490479405182459,0.0108720899211812
" 8842",12,0.987250769863666,0.107216851996603,0.00053579355244419,0.00990227731976115
" 6994",28,1.02634667644544,0.257451983588634,0.000569085579003829,0.010875614933181
" 7598",43,1.05411921372567,0.185475693618737,1.9998335398672e-05,0.00889889187701115
" 8331",35,1.01009865987476,0.12923178969,0.000145768213512864,0.00983762817630826
" 7638",38,1.07056045009151,0.331618263508313,0.00135803725007861,0.0117533368899329
" 6818",59,1.03890806348596,0.257802923994421,0.000251539756228383,0.0102735022983569
" 3736",60,1.09970235709603,0.460907129788563,0.000203451273420016,0.0109014208512843
" 8570",68,1.17712942218603,0.459228657778428,1.73395971664786e-05,0.0106523847529348
" 7580",37,0.985836524803729,0.156749545803094,0.000278127138550317,0.0100501919114278
" 7166",42,1.02767996610179,0.154344184362846,0.000411064050159987,0.00963520463495738
" 7812",59,1.04766425205973,0.290364201795655,0.000563652505224999,0.0105371529243487
" 8445",58,1.04401275712972,0.175402820767885,1.15597314443191e-07,0.00884542329128716
" 7299",58,1.05232270527559,0.464653113116875,0.00056515527031276,0.0120806726270245
" 7120",33,0.979273612366868,0.117654663343111,0.000210271514972164,0.00934427762772207
" 8345",41,1.05816925631572,0.141540110124782,0.000837849335084247,0.0107589257052734
" 7181",62,1.24262506575917,0.487274670032534,0.0013767640150184,0.0124886546607728
" 8227",51,1.12812487146672,0.476050378461165,3.84939057095826e-05,0.0107629288043173
" 8883",16,0.978007373654438,0.101006382791679,0.000924778515545527,0.0089784368959249
" 5719",54,1.13002629449727,0.414229803795168,0.000914837146503412,0.0106817582147697
" 6298",47,1.06836328739003,0.449434339439372,0.00217230473301644,0.0123672358423026
" 8591",46,1.08517596201121,0.329219877779464,8.77383616623819e-05,0.00977006671817124
" 7347",21,1.1705732740703,0.469581987616579,0.00258880185695526,0.0130417337020944
" 6908",55,0.866901121996812,0.268814774794561,0.000581570088963693,0.0115168917533517
"11102",27,1.0791567335518,0.284160680195622,0.000394302439565724,0.0112491217871609
" 7831",59,1.11272680625119,0.313732231141511,1.04037582998872e-06,0.0092977982529678
" 8584",42,1.05092289360976,0.307200879694211,2.11543085431039e-05,0.00936465300842005
" 7348",36,1.30904418312573,0.532218333856496,0.00170991547524368,0.0129057372058901
" 7414",43,1.05965572867171,0.141646780384746,0.00014056633436292,0.0095548014972791
" 9023",54,1.05026243197568,0.175625811463298,8.7853958976825e-05,0.00970243312175893
" 8144",54,1.26792779895703,0.499304574618411,0.000926628072576618,0.0120499894990781
" 7672",55,1.18371146987149,0.429212317974811,0.000605498733053434,0.0119611699283369
" 5665",50,1.11416665771178,0.403203249190754,0.000276508776148113,0.0105552378355486
" 7225",54,1.14315974387953,0.364265808753523,0.000911600421699003,0.00991857306891169
" 8013",56,1.12397809553648,0.475538205245494,0.000528048532376496,0.0113224640033024
" 7818",51,1.07977665151993,0.303346197002527,1.64148186509331e-05,0.00946608856805242
" 3191",55,1.28167120226112,0.630925289550368,0.00270208722510959,0.0127527274864102
" 8595",42,1.00054019374467,0.301416071881162,0.000713119832800044,0.0108471408377348
" 7346",27,1.08579514362394,0.450255700247249,1.61836240220467e-06,0.012859453116661
" 7416",42,1.03506649604375,0.132983492084568,7.91841603935857e-05,0.00939207298384845
" 8143",50,1.04816059734262,0.385464368970388,0.000158715112730501,0.0116556218672913
"  790",37,0.961841245478254,0.285622605125312,0.00182343203802689,0.0112963995717181
" 8000",66,1.28131436796116,0.413834905206246,0.00152692492648011,0.0121514371084472
" 7241",56,1.09505188285174,0.340298191681402,0.000148195757116171,0.00927634062499997
" 7797",64,1.05151743262507,0.299401465666888,0.000162183032163797,0.0101887923392134
" 4975",62,1.16545978707791,0.539644319527936,0.000176979488412525,0.0112985402091963
" 8222",26,0.983617522706326,0.121700105679424,0.000395805204653486,0.00956194579961603
" 8543",18,0.967444859483849,0.210914447871912,0.000960960474966246,0.0124493006313485
" 5654",46,1.10952817014653,0.405416046681859,0.000232003810087484,0.0105048521689098
" 8112",44,0.977062230811999,0.195254805301129,0.00106696321231065,0.0107384645850929
" 8348",42,1.06459330842984,0.172872379423851,0.000179407032015832,0.00924876969889014
" 8160",29,1.23399981065168,0.318550934282029,0.00488872602511698,0.0132187188637901
"15175",38,1.10936593981952,0.274761167302409,0.0005245806129432,0.0105051859794051
" 5667",53,1.0286737393649,0.38366337383238,0.000300899809495626,0.0104465146214035
" 6716",56,1.05688418365873,0.253729944587342,1.15597314443191e-06,0.00901698648988785
" 8346",42,1.05592133303451,0.168104115177715,1.73395971664786e-05,0.0092245888089865
" 9333",29,1.05790160516177,0.242139817247642,0.00167616105942627,0.0123723280048947
"15171",37,1.08425738533542,0.271096713878871,0.000152010468492796,0.0103522549901947
" 7336",71,1.03736597061228,0.184089446946021,2.35818521464109e-05,0.00947928967552191
" 8240",19,0.996026390702094,0.136819137104743,0.000241251595242939,0.0111717890423887
" 8657",43,1.01910070192053,0.298047970970591,0.000486780291120277,0.01050964228976
" 8360",29,1.0009139731312,0.143938513749384,6.3578522943755e-05,0.00910122192246476
" 5652",63,1.12952182136126,0.448902975159941,0.00192712282908243,0.0123787029522977
" 5219",40,1.06002833950842,0.415933404018295,0,0.0100922592546931
" 8241",16,0.999601047526882,0.139143456455109,0.000522499861283223,0.0112682826793635
" 2701",60,1.20562528902526,0.451557978841389,0.000745602678158581,0.0116555742599625
"15703",19,1.16670910787078,0.35014061558329,0.000127735032459726,0.0126150379748636
" 7296",53,1.10433834083817,0.312088528681591,0.00046262045240165,0.0112657912008149
" 8148",54,1.26696986441489,0.500873427375215,0.00463025043002201,0.0132761325885456
" 3462",41,1.24395472107786,0.532187538551634,0.0031712967244345,0.0128519396757042
" 7024",54,0.702916396945402,0.18557174242112,0.000189695193001276,0.0108224297303787
" 6724",61,0.927167646740258,0.252561794778141,0.000254082897146134,0.0108784884072812
" 8571",73,1.37227000914373,0.499709122406226,0.00104869883662863,0.0123050808776422
" 7293",51,1.05822132797714,0.292194123650465,0.000417306305139919,0.0111042903708479
" 6913",41,1.28399407004056,0.477542904399241,0.000636363216009766,0.0113754861859513
" 6959",50,0.884390734888267,0.256976703460482,0.00055174598183735,0.0112206477998789
" 7160",62,1.09717620813063,0.307784381268623,0.000401931862318975,0.0099470059984003
" 1500",37,1.08753841775602,0.369149494698185,0.000279861098266965,0.00986541744985866
" 7294",51,1.0258204260972,0.265500103464854,9.67549521889507e-05,0.0107743942436833
" 9036",22,0.797247223530343,0.177255783777901,0.00243644459651913,0.0118990497757296
" 8644",38,1.07711798692081,0.184577205094259,0.00223299332309912,0.0110018344054016
" 8412",35,1.0990354833064,0.342694372033367,0.00111239295688683,0.0117627956546635
" 6829",48,1.05365387598219,0.284262001875495,0.00170586956923817,0.010679979460002
" 9281",41,1.15176559703893,0.267485064948546,1.34092884754101e-05,0.0111598975007262
" 8747",18,0.998907593029402,0.147209731742846,1.96515434553424e-05,0.00998313947986722
" 6923",39,1.25073866056423,0.461935980663747,5.8145449164925e-05,0.0111157956373991
" 6870",51,0.890005403373312,0.299622391251548,3.71067379362643e-05,0.010530718457119
" 8190",47,1.08393984043258,0.339215196825596,0.000372685741764847,0.0107514681634683
" 8529",35,0.685119708162847,0.197399579190345,0.00139294763904045,0.0123714893070548
" 8561",59,1.13466515733602,0.467809934996606,3.20204561007639e-05,0.0101341559483732
" 8760",58,1.32454506717461,0.472995080710682,0.00141756986701685,0.0119682163960651
" 8405",30,0.794257607043472,0.26485283910375,0.00212595020992472,0.0129848125282243
" 9280",35,1.13748738608364,0.27006677854125,0.000795771912626926,0.0115378361461543
" 8749",21,1.00968017078114,0.147291861646577,3.68755433073779e-05,0.00997659473475556
" 5028",47,1.06356527275091,0.509408040270589,0.000447477204209592,0.0119449966021775
" 4216",53,1.2187807361749,0.445305313375623,0.00172055042817245,0.0121246537608364
" 6916",33,1.10619413487063,0.416347693686825,0.000268879353394862,0.0109953557246137
" 8559",62,1.11567410070713,0.457755525260164,7.40978785580853e-05,0.0102516701325968
" 9272",39,0.971508178872628,0.215670848061142,0.000120914790907578,0.0109927472523632
"  719",35,1.03360096205295,0.363562990384635,0.00286276749218562,0.0120453542300845
" 7806",61,1.04503680385211,0.290347951025769,0.000552670760352895,0.0101829013106143
"12125",35,1.12468644655951,0.204384476589329,0.000146577394713966,0.0104542391232172
" 3160",42,1.12148727135712,0.519556037276638,0.000203566870734459,0.0113897470551898
" 8262",32,0.993893512717805,0.143498723889149,0.000709073926794533,0.00997877869475218
" 8845",47,1.14240920879018,0.322876498771595,0.00181245029315479,0.0118075354539977
" 8743",27,1.03395829007039,0.246018547182755,4.10370466273328e-05,0.011891602389944
" 8807",19,1.03639715469298,0.131565100982963,0.000224836776592006,0.0097245860058407
"12166",18,1.00228801750111,0.175897612740211,0.000137329609558511,0.010939537308034
" 7801",51,1.13096214441537,0.454069910174009,0.000322747701925389,0.0113864968157672
" 8206",41,1.04000263129776,0.131718749206409,7.14391403258919e-05,0.00918727587654512
" 8741",17,0.98650953899193,0.225100091209404,0.000629542974457617,0.0121821647440573
" 8808",17,1.01869149908311,0.126387793529381,9.77953280189395e-05,0.0096528132152206
"12183",11,1.03330947170101,0.171693167285683,0.000517875968705495,0.0110970862615682
" 8632",29,0.860026003279156,0.284729124289525,0.00167974457617401,0.0130369864432248
" 7118",41,0.963848032507185,0.287425820594419,0.00304645162483585,0.0129014972529918
" 8848",13,1.00541092353588,0.120091884780228,6.88959994081417e-05,0.00968294957517329
" 7249",64,1.14131266424987,0.357735994793219,0.000221831246416483,0.00919067239005942
" 8288",52,0.92575434458555,0.278473587328083,0.000643530249505244,0.0118901174323608
" 8847",10,0.978921746313023,0.109695867407724,6.0572992768232e-05,0.00975832411600379
"11524",10,0.92707513688589,0.146021367217521,0,0.0107561291993974
" 3003",43,1.13318101362474,0.528930369773655,0.000387944587271349,0.0115980705478128
" 7102",31,1.05948724892556,0.135871199699695,0.000212699058575471,0.00898338515467085
" 8597",71,1.17511319004528,0.486193011443252,0.000651044074944051,0.0118500019482613
" 8759",38,1.22210033801711,0.365084486079783,0.00390129376514325,0.0124510498083121
" 8921",11,0.622168764137738,0.0779376582196537,0.00164876449590323,0.0102764556733314
"14835",20,0.795938946596124,0.155807400883952,0.00245632733460336,0.0116018111310492
" 7440",43,1.1379322510838,0.334579817585305,0.00152981485934119,0.012104364548501
" 8354",34,1.01907350383806,0.14627109300145,2.31194628886382e-07,0.00885615162999312
" 7101",30,1.11518861152258,0.141023264410126,0.000301708990696728,0.00919415740850497
" 8198",39,1.02186959769535,0.13343822204729,1.2715704588751e-06,0.00853081932936935
" 8353",51,1.05923733972618,0.2596111035281,0.0031407790334215,0.0121375547516885
" 9040",33,1.02597436864825,0.249934506471556,0.000371182976677086,0.0119877388040947
" 6044",55,1.17398636675906,0.44082412558345,6.73932343203803e-05,0.0102223922148257
"  849",44,0.918542358930087,0.30751919895366,0.00030540810475891,0.0107685962108807
" 5030",39,1.13669448489367,0.580136991969349,0.00130301292840365,0.0126501926287562
" 7579",44,1.47807347905107,0.62880017909954,0.00621532080566704,0.0135750672194465
" 8467",25,1.05121399120578,0.125840951714175,7.47914624447445e-05,0.00917553403025131
" 7425",40,1.13236681188251,0.374026514953619,7.39822812436421e-05,0.0110997944609431
" 7338",22,0.414370221992951,0.141831497312331,6.66996504337211e-05,0.0110481851457208
" 7011",17,1.00078641630895,0.296011645619242,0.00328331052212995,0.0127881325996031
" 8468",24,1.04790968489045,0.124321789725514,0.00133283703552999,0.00964232836137401
" 4912",8,0.882314604385072,0.0726782885024431,0.00127815950579836,0.0118038538530394
" 7426",44,1.12501607897684,0.372982412405507,0,0.0110571027317277
" 1395",39,1.04427289175468,0.30324778291249,0,0.00901533832108477
" 7428",45,1.13712286536336,0.374156143591346,0.000499380398394584,0.011310956006304
" 6722",44,0.978186710694175,0.233682504995351,0.000327718386446446,0.00936074649439918
" 7191",29,0.968118019045299,0.119671162669771,9.21310596112231e-05,0.00924909357892734
" 8163",81,1.53748902802274,0.686673384277857,0.00153235800025894,0.0122675172564576
" 5237",38,1.05215055868185,0.418269091943468,0,0.0103205880783215
" 8046",56,1.23403120970294,0.542605210747463,0.00047891967373814,0.0116366395244601
" 7229",44,1.05530888824314,0.327418079805247,0.00102789132002885,0.00958777819463828
" 1545",35,1.10850888133179,0.329980127915357,0.00322955777091387,0.011152808788622
" 8401",41,1.12114882899724,0.224075903863374,0.000316736641574343,0.0101374980571347
" 8291",39,1.14585089675317,0.325544402365318,0.0082822007879113,0.0138649895542631
" 8091",55,1.14247115348377,0.480697128298382,2.94773151830137e-05,0.0104209545583314
" 8572",57,1.1801014984382,0.371954774856,0.00181418425287144,0.0121380049064607
" 9776",43,1.03174228933106,0.493743680952822,0.000822243697634417,0.01222971649499
" 7048",33,1.04728934689471,0.175674266701503,3.82627110806962e-05,0.00890963179130798
" 7019",33,1.05398124751435,0.181981780673061,6.79712208925962e-05,0.00957307518798961
" 8399",34,1.04698282170158,0.219885169699178,0.000180447407845821,0.0101913342707354
" 8171",52,1.12472777943789,0.472706150593409,0.000109470656777702,0.0106035681221435
"  731",39,1.0246111008223,0.357482179713807,0.00279664582832412,0.0125535476199264
" 7043",41,1.03767260657158,0.170364050869246,1.61836240220467e-06,0.00878149165658937
" 6871",65,1.05594198734426,0.201723196864005,8.55420126879612e-06,0.00796597504677925
" 6978",60,1.04108147494037,0.212809247704822,1.2715704588751e-06,0.00796510510097784
" 8248",54,1.21489863412099,0.338037643166831,0.00184851665526106,0.0115580199612933
" 8435",19,1.02569269561617,0.242486585675181,0.00352560249320288,0.012851032620849
"15658",18,0.847590254353172,0.187285297016309,0.00495715963526735,0.0134143305997298
" 6968",54,1.0716719780607,0.253787749364065,0.000167038119370411,0.00860424165305962
" 6874",51,1.03672293539868,0.235394178256282,6.93583886659145e-07,0.00787612304613034
" 3158",47,1.12576702685331,0.468658397087012,0.00246511273050104,0.0123694922598863
"  482",34,1.07200907834216,0.400468164534004,3.15580668429911e-05,0.0102498678638133
" 2637",54,1.65213270125593,0.905194407231819,0.00294726912904359,0.0135902719142158
" 7278",71,1.07747848593234,0.303727998597787,3.0286496384116e-05,0.00924598495730529
" 7385",65,1.07983105991245,0.309688350355609,3.29452346163094e-05,0.00979475391207545
" 7584",41,0.818315463160029,0.228140259059294,0.000743290731869717,0.0118413692449545
" 7738",57,1.20110552910165,0.367686212946456,0.00118891837904822,0.0119210184735343
" 8319",65,1.16519478780489,0.336426152176306,0.000355924131170585,0.0111319200136646
" 8574",34,1.18291843832649,0.323291496730657,0.00216155418277323,0.0122240382147479
"11129",57,0.874303356604369,0.181345273389034,0.00219611777979174,0.0119669879440448
"  535",41,1.11874774010115,0.417828625100874,0.00147236299406292,0.0108073355262946
" 7593",38,1.03424760291334,0.16994219792988,0.00176100948822757,0.0110010175821561
" 2779",53,1.26694301658041,0.695867654060415,0.00113713078217767,0.0129953704891645
" 7611",53,1.11609866157667,0.328499074371438,0.00113539682246102,0.0117352459087775
" 7275",53,1.03792928912986,0.28333971058002,0.000137098414929624,0.00982683982672299
" 8973",43,1.06366662049298,0.1266049663456,0,0.00892709727384574
" 9039",35,1.02479707690564,0.116421935102938,1.73395971664786e-06,0.00932980999607835
"  568",44,1.17151309249337,0.430237339150503,0.000504813472173414,0.0103595024015422
"15674",19,1.12908659293655,0.207177270182341,0.0140975548856049,0.0140878970710706
" 7689",59,1.04275083733424,0.243231170878418,0.00134439676697431,0.00958792790289809
" 8393",45,1.06162400094632,0.156686577135251,2.88993286107977e-06,0.00904257785468982
" 6677",54,1.42178367924002,0.65311201348636,0.00216016701499991,0.0128844449279674
" 2795",60,1.24910537986083,0.670911583553232,0.000554404720069543,0.0129035543355442
" 7209",52,1.18010524094026,0.359370134144889,0.000527008156546507,0.0120605819746119
" 7494",43,1.03983447290468,0.306086194492101,0.00180747960863373,0.0123012708706755
" 8972",41,1.05100064637893,0.124624542510794,2.31194628886382e-07,0.00898297195721027
" 9038",36,1.04541635515016,0.215442659145177,0.00104627129302532,0.0112142049031827
" 6671",53,1.09891274932967,0.267053614001495,0.000640293524700834,0.00935680579657667
" 8398",40,1.03496357813133,0.148984789345465,0.00101679397784231,0.00972073428966058
" 7208",52,1.1419070608456,0.349977256907323,0.00067346995394603,0.0120561145048795
" 8974",43,1.04615738425577,0.126171582442915,2.31194628886382e-07,0.00903496907203678
" 9160",37,1.03252039315959,0.117814294347098,0.000402047459633418,0.00944123421941394
" 9100",43,1.07247061834495,0.130024000149439,8.09181201102336e-07,0.00926188626637335
" 7685",67,1.0460586328577,0.243125287520104,0,0.00859493400213793
" 8363",27,1.05116439288673,0.188846895496257,0,0.00963391868570187
" 7690",69,1.31998884651317,0.463696541770766,0.00449870068618566,0.0133880197089992
" 8652",62,1.10532219865696,0.308297043667649,4.95912478961289e-05,0.0101947186689257
" 8147",33,1.01842232664994,0.138370714963737,0.00102742893077108,0.0104758196374703
" 8286",34,1.06595347302749,0.157183528954168,0.00377922300109124,0.0114548946011835
" 4209",49,1.29530109892986,0.615780357363977,0.00228131300053637,0.012926654153932
" 9159",35,1.12364246778675,0.235848008619164,0.000755890839144025,0.0114843881647968
" 9101",44,1.07022253275169,0.13156376325195,0,0.00956641422310888
" 7680",60,1.05705535046333,0.252633508094901,0.000208999944513289,0.00882235973558664
" 8364",25,1.06175138471479,0.19237516508925,0,0.00959417740546563
" 9095",43,1.0478128037263,0.1293042510552,0.000138254388074056,0.00968087535389889
" 9305",66,1.3636527764924,0.39729121020039,0.0070376801006159,0.0128720729378283
"12051",27,1.08014536028217,0.427109050273259,0.000106811918545508,0.012347327673068
"  861",50,1.33492876320083,0.530872117237751,0.00388406976529121,0.0119819992068724
" 7678",68,1.04381533886973,0.242959721061103,0.000103112804483326,0.00876860174923056
" 8365",22,1.05901427119656,0.191732091536982,0.000504351082915642,0.00991559463206093
" 7606",37,1.02943661124119,0.173603811317397,3.79159191373666e-05,0.00906550144336438
" 8829",55,1.21696239181431,0.379443141149808,0.0031025163223408,0.0123125150450114
"12101",32,1.15911622977406,0.465659396018502,0.000422276989660976,0.0122951282070194
" 8368",23,1.01680832079858,0.184111003726719,0,0.00926990932416907
" 7687",58,1.03690402938944,0.239877773118775,4.27710063439806e-06,0.00852052953276476
" 4989",62,1.32207987144013,0.603209869473209,0.00119215510385263,0.0126249461698626
" 9795",37,1.01846394014546,0.254086033993623,0.00349254166127213,0.0124229892445578
" 8893",14,0.986433807281768,0.140652062765993,1.96515434553424e-06,0.0100415921429646
"16782",17,0.817029259883721,0.160786192584466,0.00333567610557272,0.0119463324080835
" 8891",15,1.01800978360319,0.14706582432358,0.000755197255257366,0.0101129841054254
" 6029",56,1.22011685906873,0.470159320661083,0.000247840642166201,0.0103916442479834
" 7792",45,1.19800088132011,0.484116201949206,0.000715084987145579,0.011682213251256
" 8183",47,1.07107406534039,0.354282896724199,0.000152935247008342,0.0106111977716289
" 7282",39,1.11031150609306,0.209287476405066,0.000139410361218488,0.0100729625688204
" 6962",67,1.05856111322259,0.340322898988343,0.000938996985222039,0.0113394876651468
" 1416",45,1.07128297558454,0.343030761088376,0.000128659810975271,0.0100734756686419
" 8039",57,1.05069045666505,0.356949447474737,0.00106210812510404,0.0121785148422869
" 7276",42,1.06834267892657,0.216123526154095,3.95342815395713e-05,0.00943813103817763
" 7187",20,1.05435725310214,0.512617009884338,0.000271884883570385,0.0122459041993001
" 2808",53,1.18712870744226,0.594765577274868,0.000422739378918749,0.0123969532113135
" 8369",51,1.09003124951651,0.311316144355273,0.00062457228993656,0.010748491292172
" 8923",48,1.05699512804903,0.127958760917055,0,0.00930319014661396
" 6025",55,1.22643257664251,0.478537800078095,0.000142531488708454,0.0104291768905312
" 7239",52,1.09352064378433,0.331835251604905,0.00145120868551982,0.00974660490361474
" 6667",71,1.05093003005927,0.217019898110065,0.000631161336859822,0.00940763838880956
" 2893",56,1.18125712356925,0.585613109833196,0.000208884347198846,0.0123863437705149
" 8933",43,1.01037264818479,0.124397288710535,1.0288160985444e-05,0.00945378201919038
" 6663",58,1.12157006713195,0.255083145053891,0.00190897405071485,0.00980730752809619
" 8523",55,1.20118522232054,0.346079823184203,0.000963734810512882,0.0107675438906489
" 8557",35,0.658776869726087,0.214603981081919,0.00144207649767881,0.0112549475464333
" 2638",64,1.51620613150534,0.940876358196958,0.00079554071799804,0.0130035072944026
" 9087",32,1.10045726102143,0.193244954904178,0.000867095455638375,0.00997681766753999
" 6038",59,1.2513124259374,0.491904926552965,0.000860506408715113,0.0108624362520033
" 8520",61,1.14349116704883,0.337779776990241,0.000133283703552999,0.0103469235839584
" 2617",65,1.21503019121732,0.521041240293991,0.000421352211145431,0.0115318279587107
" 2656",67,1.51533018385629,0.941510504813514,0.000458112157138365,0.0130049221733601
" 9088",29,1.05998732819191,0.176449480952687,2.16166978008767e-05,0.00984226723592269
" 7730",33,0.452386421430049,0.117886201359473,0.000234893742948564,0.0100578638727135
" 8524",52,1.09673902118612,0.322382529403932,5.89546303660273e-05,0.0101774573162384
" 2624",55,1.21413239075673,0.535088559394131,0.000376500453141473,0.0115463254274782
" 7572",64,1.29892570709431,0.54309892779332,0.00127654114339616,0.0123343619206732
" 9086",22,0.973991017711503,0.145003589135773,3.09800802707751e-05,0.00962289809454004
" 9246",33,1.05817335528663,0.260311021413533,0.00137294930364178,0.0121804141339382
" 2313",46,1.16169131482477,0.52781764701165,0.000464470009432741,0.012158761432429
" 9016",21,1.05225853155455,0.198160446766107,0.000299165849778978,0.0108389114549265
" 9018",17,1.03291355646025,0.18887023221791,0.000338931325947436,0.0108917714372099
" 8983",14,0.21029051653666,0.0843559555019154,8.32300663990974e-06,0.00991169665018019
" 7677",56,1.03813665014326,0.23832403246683,0.000105887140029963,0.00884215914820251
" 9081",40,1.08714205383436,0.276460529043018,0.000783749791924834,0.0117731331234944
" 9014",20,0.97188593542338,0.17827837196745,0,0.0105152271813302
" 9077",37,1.14525123421945,0.265663147736024,0.00114441341298759,0.0118364779318235
"13363",40,1.07144873937689,0.346091026091766,0.00113343166811549,0.0115236531294997
" 8645",30,1.0712156954306,0.166564791428032,0.000641565095159709,0.010244304586126
"13344",40,0.850392692850628,0.276082004598142,0.000237205689237428,0.0110862499917762
" 7268",38,1.06801353558384,0.142390927986184,0.000873915697190523,0.00965565782534645
"15666",21,0.964903607674853,0.148184719237565,0.0100514176854643,0.0138502604935398
" 2738",53,1.42646078412332,0.755067193018753,0.0021221354985481,0.0130427440994587
" 6960",51,0.861995310192259,0.238613406783547,0.000567929605859397,0.0111347536305075
" 8560",63,1.14299798910284,0.470079853334775,4.12682412562191e-05,0.0101158304971104
"15701",22,0.803209346953312,0.197657945746671,0.0036380786801561,0.0127974803775084
" 8244",44,1.32926742991891,0.583914322669078,0.0060709397599275,0.013727816841608
" 1488",38,1.0878191915876,0.362177434223001,0.000402278654262304,0.010103481339834
"  534",39,1.07320669490466,0.407739785656832,0,0.0101241230601067
" 6867",61,1.02854017818438,0.196310931477553,0.000101610039395565,0.00804548602020353
" 7062",60,1.11711498370629,0.33582850311763,0.000250383783083951,0.0107948998498369
" 8252",64,1.12254024778778,0.340136436637362,0.000168887676401502,0.0106942343132132
" 8798",18,0.87725668256772,0.206873829066775,0.00206676438492981,0.0120176983125319
"  510",41,1.1089782361791,0.416295541329725,0.00029777868200566,0.0102541804333701
" 6872",53,1.057091786108,0.2028021842411,8.87787374923706e-05,0.00823158737920157
" 6975",63,1.04637049042981,0.214597655691594,1.50276508776148e-06,0.00808119199547697
" 7059",62,1.02426241016675,0.306065780270287,0.00022714872288087,0.0107043103255957
" 8246",51,1.11519392756816,0.345729627859511,9.91824957922578e-05,0.0104315097947192
" 8506",37,1.11362808711704,0.340027658388666,0.00232963267797363,0.0121526259243021
" 8998",40,0.960098790112042,0.12925328776313,0.000359623245232767,0.0101458138951994
"  545",44,1.1215454976866,0.422059968552016,0.000290958440453511,0.0103920706891247
" 6976",57,1.04115805581934,0.21431062644976,0.000165535354282649,0.00831335955659505
" 6883",65,1.04355481662469,0.1996704656747,7.23639188414375e-05,0.00813885468771408
" 8299",74,1.04264428210055,0.301427573464098,9.53677844156325e-05,0.00999895413051882
" 8823",66,1.29843293880086,0.542339621929348,0.0011077690643091,0.0122431126812444
"  522",44,1.12528204841982,0.429124485049383,0.000341358869550743,0.0102644011663124
" 6969",61,1.12710592618077,0.280095052480641,4.62389257772763e-07,0.00885889431576574
" 9106",32,0.883129909416268,0.125359221334331,6.47344960881869e-06,0.010368305277958
" 7716",66,1.18935247942934,0.338668766200894,0.00010288160985444,0.0103575595851218
" 9137",33,1.06373403740262,0.190457627101601,0.000110626629922134,0.010274914047706
"11076",55,1.39520074703663,0.596841687641327,0.000962463240054007,0.0130472565837199
"16761",41,1.11259478984775,0.474426128202053,0.0014888934100283,0.0128880809357505
" 7652",20,1.02748626603576,0.165273589258945,0.00153709749015111,0.0125653895605529
" 7721",64,1.17651846691794,0.335295600798185,0.000705490410046794,0.0109269181266688
" 9148",34,1.07536436396413,0.19100544281867,0.0004006602918601,0.0102770694602725
"11073",53,1.47260054776915,0.618211455091852,0.00185001942034883,0.0131622550855709
" 8628",37,1.32188672803613,0.329097062514033,0.00202272180812695,0.012755397038973
" 7189",56,1.07569074771601,0.319069863170028,0.000132474522351897,0.0102367654483965
" 8797",30,1.09937916942605,0.214169976905394,0.00111851961455231,0.011913140650651
"11060",32,0.834198098101234,0.297908963849467,0.000729072262193205,0.0124323795908592
"16802",31,0.975931852957655,0.311323845307555,0.00252163981726377,0.0132483933047097
" 8547",44,0.981739837157248,0.165884231881576,0.00124209314369209,0.0110962704734383
" 8799",25,1.05810079181849,0.20488549920412,0.00250117909260732,0.0121606095897902
" 7684",52,1.0191830541896,0.235964789222123,0.00034887269498955,0.00900128829170438
" 7603",43,1.06161757459148,0.168399232766759,1.96515434553424e-06,0.00888446994415625
" 7449",61,1.15442750158202,0.346356761674393,0.000686185658534781,0.0107860120992009
" 7605",43,1.05861354568253,0.179234142999263,4.62389257772763e-07,0.00870548807337288
" 8204",40,1.02240994463968,0.127331017256365,4.97068452105721e-06,0.00923976878565255
" 7592",36,1.04565045135831,0.160965319418069,0.00023836166238186,0.0104834960568202
" 8173",53,1.02388098468671,0.417803813575178,0.000289918064623523,0.0106367002828624
" 7169",33,1.19028268812542,0.472428571101973,0.00079808385891579,0.0116096994815269
" 9146",38,1.02508230599397,0.14651117165968,8.09181201102336e-06,0.0100240795090448
" 7622",49,1.14167900846966,0.342019583212806,0.00194735235910999,0.0117365538660886
" 7170",30,0.946402160912408,0.393577790794408,0.00064121830321638,0.011764352690828
" 7301",42,1.02552244085794,0.267588481792437,0.000613590545064457,0.0110383601333797
" 6911",38,0.986540530994484,0.329065982302198,0.000336272587715242,0.0115288167646187
" 3297",71,1.33674223493943,0.549462922848897,0.00143490946418333,0.0123913781495846
" 8407",62,1.2437045935044,0.48243179715663,0.00174482586420552,0.0124262379350862
" 8638",27,0.941952333677999,0.195515146615806,0.00264012706456804,0.0118710491764673
" 8273",61,1.09214695725964,0.457574611613734,2.65873823219339e-05,0.0100737505660156
" 8176",56,1.12267177390725,0.467585493799817,0.0002079595686833,0.0105008618569707
" 5228",40,1.09850420665115,0.435934632758729,0.00118579725155825,0.0110046194731008
" 8174",59,1.07001515854031,0.45397829165326,4.42737714317421e-05,0.010019199881073
" 1447",31,1.29853780393024,0.520111277083568,0.00140890006843361,0.0110620208763139
"  387",42,1.12955253043109,0.457342740254198,0.000897613146651377,0.0117618627386252
" 8048",43,0.694956881276669,0.165485307446879,0.00051406125732887,0.0108220807272715
" 8479",52,1.0419474636273,0.271735301093693,0.000460424103427229,0.0107487189447851
" 4122",40,0.840677350052601,0.250924220213798,0.000596713337155751,0.0123275886949585
" 8600",37,0.998829792089542,0.0872445720529681,0.00151524959772135,0.0110559071465071
" 8478",52,1.00253535503837,0.273076293207765,0.000280207890210295,0.0107490627254945
" 7285",35,1.02485117472023,0.428689152221492,0.00351057484232526,0.0134569928526283
" 9277",41,1.07825345736664,0.12836601719104,0.000393608855679065,0.0102065000861433
" 8307",59,1.06123241584049,0.304245614932149,0.000685723269277008,0.0108631989234552
" 7644",63,1.39417780910589,0.639711454643665,0.000490479405182459,0.0120825857066918
" 8361",54,1.42412671946997,0.540613981129715,0.00514396489540755,0.0140987353719211
" 8484",64,1.20879660397501,0.359863363716234,0.000126694656629737,0.010687944686922
" 6930",44,0.741873536902572,0.28558432046109,0.000193741099006788,0.0108030497273427
" 8298",7,0.877479210204282,0.103596828569902,0,0.0119805184940303
" 7643",56,1.35192029811922,0.618986040224273,0.000367483862614904,0.0119721613519174
" 8488",51,1.05172886334733,0.315156992032382,0.000436264264708602,0.0113616316459765
" 8295",7,0.866202560654388,0.100479877101852,0,0.0118862118471255
" 7025",44,0.948914996108504,0.264634165615891,0.00150646420182366,0.0121360479385826
" 7640",46,1.05597852352878,0.514293074230952,0.000367021473357131,0.0119041668141401
" 7408",33,1.16838387089779,0.408339211376982,4.46205633750717e-05,0.010831792556491
" 7274",30,1.16911680553215,0.49236370831668,0.000641449497845266,0.0114922134285791
" 8929",44,1.02275673237337,0.124244531278395,0.000195475058723436,0.00920760373358416
" 8296",7,0.873566843836236,0.101216750369689,1.36404831042965e-05,0.0118989478895995
" 7270",31,1.14774053424436,0.40517106359187,2.82057447241386e-05,0.0108401878112115
" 8686",35,1.11686752097714,0.165320342184187,0.00174251391791666,0.0117608305452599
" 7406",28,1.05914208118008,0.383930328838181,0.000671273604971609,0.0110367026919346
" 7271",42,1.0837594405145,0.436432975152501,0.00104234098433425,0.0116833208278937
" 8682",35,1.04837404044332,0.129333360149124,0.00283317457968816,0.0114578465226438
" 3285",38,1.19924457734902,0.409131112739957,0.00129145319695933,0.0117734888355711
" 7173",60,1.40102039754951,0.612851305912451,0.0037493988939649,0.0134977189725887
" 8083",52,0.967939975961756,0.259103848811136,0.00165546914014094,0.0123643854068595
" 8897",31,1.02829950293506,0.220437938561674,0.000513483270756654,0.011456768204393
" 6927",37,1.27860957560105,0.473207239748818,0.000211311890802153,0.0111334897878846
" 6876",49,0.885792536545668,0.280533412683376,0.00032494405089981,0.011214122936055
" 6963",63,0.866167576068624,0.263668656923879,0.000184493313851333,0.0102710340595886
" 7162",59,1.08659968351448,0.307514678927475,0.000285640963989125,0.00950076750774214
" 7112",28,0.66667282987479,0.224851915618307,0.000719246490465534,0.0118979347829966
"10687",41,0.870254095230784,0.282139482518379,0.00252880685075924,0.0120955134682573
" 8895",19,0.876941837903966,0.157883735741853,0.00139653115578819,0.0116951939895465
" 6922",36,1.25147336728732,0.467665616769879,8.86631401779274e-05,0.011155003603666
" 8926",46,1.05963925368511,0.128185660205672,0,0.00916059752868166
" 8708",51,1.0426479006509,0.0946742242412347,0.000829641925758781,0.0105936902833251
" 8925",48,1.05909765856056,0.127735696244851,8.09181201102336e-07,0.00946247210760715
" 1450",39,1.05484859369926,0.335600684778135,6.48500934026301e-05,0.00919925691566862
" 6924",27,0.763310378886885,0.283366666995632,0.000246684669021769,0.0110867330751994
" 7657",50,1.03866927547546,0.263281025059147,0.00123353894242329,0.0115472818415241
" 7704",21,0.327781619831886,0.0850025217769122,0.000138832374646272,0.0111075562593655
" 7581",49,1.27537443053188,0.601662234144168,0.00109574694360701,0.0124165415375153
" 7337",3,0.491910464161749,0.0366720833864953,2.31194628886382e-05,0.0115198816523011
"12279",49,1.07148188676072,0.203131500093095,0.000112591784267668,0.0104272623817667
" 8924",47,1.05770848304772,0.127715445968593,0,0.00919140805429355
" 9052",46,1.09495274491082,0.146117712559731,0.000433027539904193,0.0105286338441313
" 7664",59,1.04418761399268,0.298166569938425,0.000361935191521631,0.0111056639832451
" 7708",51,1.25537880175995,0.614751160357298,0.00099009099820593,0.0123598241525174
"12282",46,1.03880827284761,0.188155477030058,4.99380398394584e-05,0.0103598803658853
" 8931",48,1.0173023178982,0.12396115348493,2.63561876930475e-05,0.00904629551601742
" 9051",46,1.06374658307434,0.141789341005529,4.57765365195036e-05,0.0105101694113325
" 1398",42,1.06263922505904,0.339693049149396,2.58937984352748e-05,0.00919085012267797
" 8304",65,1.1558911984423,0.329557110141625,0.000162876616050456,0.01037222731383
" 7699",52,0.969415758530506,0.26666114844164,0.000669192853311632,0.0119181888272469
" 8381",73,1.14665088803113,0.321150726869233,3.12112748996615e-05,0.00991266688069821
" 7196",54,1.09257944690104,0.318620466257987,0.00119365786894039,0.0118508542681658
" 9220",38,1.05537537716417,0.157650225824582,0.00369980764606877,0.0119690105418262
" 8233",47,0.977046598469774,0.258057025558512,0.00191683466809699,0.011305682308729
" 7243",58,1.10108606266948,0.351966231597081,0.00216097619620101,0.0103203267380802
" 8377",58,1.14267912137325,0.324564558050482,0.000145190226940648,0.0103852998456513
" 7656",49,1.05971004747723,0.305555047859749,0.000804441711210165,0.0119779732258638
" 9218",34,0.953000451169998,0.146410609241612,0.000974716555384985,0.0119653072536681
" 8300",59,1.04942691673212,0.289594506766324,0.000272925259400374,0.0103986770990598
" 6746",55,1.0219782479477,0.335041657283807,0.000570819538720476,0.0107371208403158
" 9021",17,1.0288660045648,0.186922191759475,0,0.0108157736622606
" 9480",47,1.06027504823893,0.173886382945128,0.000583072854051455,0.0107503166041972
" 7045",38,1.00345925842306,0.163132840665912,2.60093957497179e-05,0.00871874623644006
" 8207",42,1.04033902994735,0.132345845440399,1.15597314443191e-06,0.00886605015868939
" 8710",48,1.14564156388605,0.396238078867791,0.000474989365047071,0.0115113299720923
" 9022",19,1.04086506003163,0.201643954623549,0.000324712856270923,0.010827738067344
" 9477",42,0.9698192002836,0.159944025764202,0.000426900882238704,0.0105637371293285
" 6970",65,1.13487758146444,0.288604358671323,0.000155825179869421,0.00919649654139489
" 8690",33,1.02693261991836,0.352894442305677,0.0011128553461446,0.0116817955958039
" 9290",37,1.20957973806479,0.307662072694776,0.000312575138254388,0.0115980764478258
" 9138",29,1.05012604977152,0.180679094038738,0,0.00972733470409212
" 8796",37,1.04410454911322,0.147775596159017,0.000436957848595261,0.0104762239679883
" 9289",34,1.17531668100146,0.301612578092757,0.000251308561599497,0.0115487541374771
" 8347",36,1.04845456656602,0.156281389545572,6.39253148870845e-05,0.00918544394172759
" 8975",42,1.02856790085491,0.124070468147655,4.16150331995487e-06,0.0093878686843134
"15330",31,0.985705108966666,0.21057325725216,0.00206040653263543,0.011645279169262
" 9286",30,1.02527164955573,0.247985056306936,0.000361935191521631,0.0115374595818014
" 9375",41,1.16818078333596,0.545575051849356,0.00183348900438345,0.0126980035820516
" 9096",46,1.04269150460846,0.127855498953054,7.86061738213698e-06,0.00941300016803356
" 8892",23,1.04364655734906,0.160146528054522,0.00097124863595169,0.0102759303802413
" 8366",25,1.05838544176902,0.191404056049807,1.24845099598646e-05,0.00957595628402436
" 7676",65,1.04696701668081,0.244302893498929,0,0.00841924930819542
" 8618",26,0.98347191299608,0.0830849378251419,0.00116267778866961,0.0115031087149347
" 9208",40,1.35295194309649,0.557318937611401,0.00481023544861006,0.0135880967733177
"14986",41,1.2790795520268,0.544449268614368,0.00426635008415484,0.0133741740812197
" 9571",52,1.22060387127319,0.494951200837081,0.00188839772874397,0.0127918093646766
" 7692",64,1.01620474783766,0.232409540967408,0.000490132613239129,0.0089892929643
" 8370",27,1.00208684895115,0.17999482574068,0.000108661475576599,0.00960768163090423
" 8621",31,0.947690021045772,0.0750782646015946,0.00056839199511717,0.011399559958277
" 8793",28,1.03522808608343,0.179456646190331,0,0.00962730901466859
"14971",43,1.24426133457098,0.520186910057194,0.0025693815081288,0.0132410779614221
"12074",33,1.0827186861236,0.185337285514712,5.77986572215954e-07,0.0105212255030731
"10667",50,1.10961890723325,0.2056911566949,5.50243216749588e-05,0.0103213481099891
"12081",27,1.11913603700531,0.197999823412674,0.00054596611611519,0.011022226855871
"10674",52,1.11254854608113,0.202502415929866,0.00035684890968613,0.0107653496901013
" 8928",44,1.02826092174392,0.123407546177625,2.4853422605286e-05,0.00871587958354926
" 1451",36,1.05624682548747,0.307022042231464,0.000179753823959162,0.00928636441028565
" 2767",31,1.02427477589306,0.375847421571715,0.00190203821184826,0.0125037468824621
" 7709",43,1.01636121785571,0.278170284503235,0.00113689958754878,0.0113015780691745
" 9144",40,1.01140961858674,0.159702833712234,0.00124197754637764,0.010929324413464
" 8533",18,1.01657622351004,0.185742393977962,0.000744331107699706,0.0106919508355502
" 7030",51,1.08521359686756,0.42874740186573,0.0013427784045721,0.0123952798660398
" 7039",10,0.260047517067945,0.0909421444744751,5.44463351027429e-05,0.0113496838829042
" 7470",71,1.05934989532525,0.297282229308554,0.000163685797251558,0.0106578279066476
" 9136",35,1.0812169424719,0.192584750348565,1.84955703109105e-06,0.00967732017127338
" 8627",59,1.29297122853425,0.513457305777485,0.00225865592690551,0.0127375905132553
" 7839",65,1.19376389487723,0.523793477241018,0.000638790759613073,0.0117279684334983
" 7031",42,0.954952040103038,0.371053891554786,0.000460308506112786,0.0116585030524187
" 7063",52,1.3993774723393,0.671897236765842,0.000446899217637376,0.0121306560160674
" 8535",17,0.97570896840733,0.178407173756522,0.000330723916621969,0.0106654959123685
" 9279",32,1.05933301614986,0.238769248873228,0.000293154789427932,0.0110535780287512
" 9139",31,1.06754325792998,0.192621307745947,1.96515434553424e-05,0.00979234660620572
" 8827",46,0.934390322702667,0.309874691900844,0.00391736179185085,0.0127835096907359
" 8778",41,1.12288408844819,0.398293592779427,0.00051695119018995,0.0110897697646046
" 1673",39,1.08429456802653,0.338002037883321,0.000235934118778553,0.0106437916112499
" 7057",42,0.862188834230115,0.389390651547579,0.00044123494922966,0.0119782861747767
" 8777",51,1.06880380382539,0.38414597614928,5.35215565871974e-05,0.0107431274911076
" 6676",58,1.12262022791546,0.248012467603941,0.00014310947528067,0.00929948364005284
" 8521",53,1.08409500033343,0.31452384456461,0.000142878280651784,0.0103287510448538
" 8593",49,1.0825555091048,0.188428377996763,0.000298009876634546,0.00984841484360274
"16005",41,1.01334732148539,0.195870802031777,0.00159189061719718,0.0107142830708436
" 9089",18,0.990954673328097,0.141682841975434,0.000542035807424122,0.00977357702572897
" 7602",41,1.05610330776065,0.166849213117617,6.03417981393456e-05,0.00936567014256938
" 8512",32,0.90615563976642,0.265919047618537,0.000374304104167052,0.0103739127077184
" 8596",49,1.06271093550819,0.167804179119513,1.73395971664786e-06,0.00956531229262396
" 8301",53,1.05795809035757,0.310552469716549,0.000612087779976696,0.0108282256376018
" 8552",49,1.08293736919626,0.176120367629796,0.00039199049327686,0.00944724631156379
" 8555",39,1.03013146502543,0.144329984924623,0.000226455138994211,0.0097980514206873
"13768",37,0.726670055360823,0.201273085343277,0.000885937817892615,0.0118032421579188
" 9143",39,1.08929007953858,0.158533262012948,0.00122949303641778,0.0112250509653932
" 9190",46,0.975439823332997,0.22689525035215,0.00591765772097583,0.0122959007215058
" 8815",62,1.06952942334699,0.113527100565889,0.000112129395009895,0.0102470434804498
" 9141",40,1.07397179380091,0.151081033112584,2.65873823219339e-05,0.010266135829124
" 9189",27,0.908280274878091,0.285993802389966,0.00673955462666691,0.0135228748770058
" 8470",35,1.12381745803478,0.280049794174211,0.00278034660698763,0.0130437289839873
"10439",42,1.08267110619863,0.181404389063827,5.31747646438678e-06,0.010108556760896
" 9142",39,1.06331044174191,0.151161931386927,5.17875968705495e-05,0.0102726191618894
" 9324",41,1.10361227768169,0.178907115668134,0.000195937447981209,0.0103207506905342
" 7431",35,1.08664453918537,0.358373975503243,0.000185764884310208,0.0111041181266663
"10446",32,1.05172319260337,0.175040943534142,0.000225992749736438,0.010581644223849
" 9006",37,1.09680944600603,0.150590216829678,9.97604823644737e-05,0.0100698771424022
" 9044",30,1.09195914963934,0.23062855378169,0.000134324079382988,0.0106327862785996
" 9322",44,1.08166181177077,0.169296513198919,0.000252002145486156,0.0102728848645457
" 7419",41,1.09692860647917,0.353382240102621,0.00220790870586495,0.0116736304948286
" 7367",66,1.01647703960365,0.212556037193556,0.000478341687165924,0.0102835929530317
" 7660",62,1.15659797610771,0.365627711098607,0.000276508776148113,0.0111779082949377
" 9714",32,1.02438249778608,0.165829871495269,0.00302021103445725,0.0112799386358701
"12277",29,1.01126026212252,0.175411928538583,0.000336734976973015,0.0109835193105829
" 9007",36,1.10524097652301,0.150760521676412,0.00014056633436292,0.0100523331646295
" 9045",28,1.03321270505387,0.218176083221832,0.000180447407845821,0.0106490342974545
" 9709",46,1.11635105878894,0.327342398574388,0.00907438918379048,0.0133920056174172
" 9631",36,1.05767896498496,0.230038018154995,0.00139341002829822,0.01157101808345
"14401",25,0.928170110214077,0.167039288114384,0.00125087853958977,0.0116123260153632
" 9010",37,1.05173395922743,0.140115014581729,0.000146924186657296,0.0104782317041353
" 9165",25,1.07368559152895,0.236622883277281,0.000253158118630588,0.0108364418712297
" 9110",42,1.11283581954619,0.157758392878032,0.000312921930197718,0.0103705426679491
" 6938",44,1.06262702020582,0.337129368305553,0.0045633195849594,0.0135774984333374
" 6998",24,0.632604607152013,0.184204611999688,0.00094084654225313,0.0124288342177541
" 8268",57,1.14847049592732,0.35931912789491,0.00119250189579596,0.0116211055547292
" 7380",67,1.40569010617921,0.674190669857406,0.000778201120831561,0.0120430428198801
" 7641",51,1.30871241287357,0.590868911628757,0.00185811123235985,0.0122365513661705
" 8376",37,0.609844936284712,0.187940594242111,0.000581916880907023,0.0112180813432997
" 8431",43,0.804939478707087,0.216166819297158,0.00061913921615773,0.0110321439507286
" 9166",26,1.03476233585577,0.229120767278678,7.31731000425398e-05,0.0107313824727127
" 9107",41,1.1127184799567,0.158443882588538,9.01659052656889e-06,0.00998578160347351
" 6893",22,0.459454599952732,0.169132352857658,0.00101910592413117,0.0123447146827655
" 7378",62,1.33612956461937,0.632227436990754,0.000374997688053711,0.0117237009128079
" 7642",40,0.996765245440507,0.415788095277556,0.000577755377587068,0.0118823204979431
" 8476",44,0.915226016868301,0.273022911161121,0.000501461150054562,0.0115998635737793
" 9115",39,1.07973608866376,0.145036184181359,0.000591395860691364,0.0110038567960155
" 9378",49,1.16890782647865,0.418216125556061,0.00543920043649546,0.0129601829055206
" 9311",33,0.982420503164429,0.154650433533893,0.00229946177890395,0.0119629871683895
" 7273",37,1.09585400144802,0.463861154508871,0.000392568479849076,0.011069954345102
" 7409",37,1.04346737742492,0.358518147553359,0.00092489411285997,0.0108847998033444
" 8311",59,1.29294557821088,0.477359230761048,0.000740978785580853,0.0118391254424988
" 9353",41,1.1570263093036,0.219996067528102,0.00571825235356132,0.0125328554512589
" 9134",36,1.08413503926515,0.191545783047867,5.54867109327316e-06,0.0101514126225679
" 7412",41,0.952859302040248,0.320677809040965,0.000805135295096824,0.0106369981045216
" 9806",30,1.15714375413817,0.312865109721122,0.00141329276638245,0.0123980436447789
" 1552",38,1.0769214335142,0.348532974304397,6.33473283148686e-05,0.00954495962243486
" 9149",28,1.06968210278893,0.194098523446562,3.62975567351619e-05,0.00978792672574472
" 9794",43,1.08633576521648,0.297387851771554,0.00183845968890451,0.0125518076287937
" 6971",47,1.0611065393601,0.244069295857791,7.71034087336083e-05,0.00839132845817808
" 6875",60,1.07455144798441,0.257470184061954,6.20757578559935e-05,0.00865121647980681
" 7345",48,1.04407426473734,0.429489556925518,0.000362166386150517,0.0111448126846963
" 8730",35,0.779262958314625,0.172077476926935,0.00215138161910223,0.0117685778651215
" 3084",40,1.24824125380324,0.581668380585653,0.00197347735217415,0.0118152203649747
" 8976",43,1.02897386247157,0.124259838477419,1.41028723620693e-05,0.00993750708671277
"14973",57,1.23596613032218,0.394230968549368,0.00334029999815044,0.0127277438869243
" 8977",47,1.06479286518059,0.118635462395158,4.50829526328444e-06,0.00919608599254353
"14948",63,1.09835935926861,0.346924242020601,0.000785136959698152,0.0123786705076319
" 7675",62,1.06070857720791,0.250884855812549,0.000143340669909557,0.00859151312073319
" 8367",28,1.10075396391016,0.199095319291232,0.000173280374350343,0.00945062748188135
" 6929",29,0.677913523881264,0.223033554619698,0.000419965043372112,0.0115825007295677
" 9113",43,1.06920575014791,0.131274945086163,4.62389257772763e-07,0.0093066699326292
" 9150",37,1.01168778010924,0.136363069183053,0.000550012022120702,0.0105131160633564
" 7679",57,1.02165453366094,0.239098325750149,1.94203488264561e-05,0.00870213936377025
" 8184",48,1.17533287443628,0.468750566169777,0.00442217526402427,0.013151995398111
" 7531",71,1.05002503609485,0.168811083428578,6.93583886659145e-07,0.00823493447734902
" 8335",46,1.33355816611608,0.520518000506118,0.00327753065640779,0.0130338522887789
" 9097",43,1.05278621321254,0.129718052819622,4.85508720661402e-06,0.00978060674000464
"10578",32,1.07185541371872,0.162766817694757,0.000362859970037176,0.0105363091807326
"10236",50,1.11471449810759,0.222620513294616,0.00149582924889489,0.0119685544949651
" 8709",42,1.11280804507839,0.137873849781957,0.00034921948693288,0.0107439477633214
"11418",40,1.00740478568506,0.216444132461342,0.00102985647437439,0.0115502133946028
" 7591",36,0.993414588823949,0.151803728651673,0.000842473227661975,0.0102640266106371
" 7527",70,1.04971521905928,0.169631088619529,0,0.00807530236383949
"12170",43,1.03434873167216,0.279104635472631,0.000356270923113914,0.0109334742699067
"10588",31,1.05220194997266,0.158652272346335,0.000815076664138939,0.0105323743368571
" 7182",52,1.08782948498569,0.18691701727352,0.000621335565132151,0.0102253701363234
" 7520",70,1.04724064474277,0.168657208727076,0,0.00822432634335814
" 7204",49,1.18311730343535,0.570579288116477,0.00188862892337285,0.0131931316222771
" 7705",72,1.45831112352972,0.627840910758591,0.00182655316551686,0.012829595382072
" 7669",51,1.19866351792021,0.353819739172917,0.000655783564836222,0.0118049737255416
"10589",40,1.07488247194886,0.159075424937778,0.00175176170307211,0.0105932854693443
" 6920",38,0.876477488256782,0.27607002721127,0.00116834205707733,0.0118643141057419
" 7524",70,1.04066730902195,0.170001375188958,3.46791943329573e-07,0.00821238933424053
" 7668",51,1.16562104488567,0.34425689100226,0.000583535243309227,0.0117836555877571
" 7015",45,0.706350808205071,0.188067300923005,0.000564577283740544,0.0114127416181363
" 7034",34,0.582673710587466,0.175983538978522,0.000213161447833244,0.0114083355096725
" 7289",54,1.47204300896108,0.590424151124375,0.00276069506353228,0.0130154767773338
" 7442",29,0.653950148616586,0.276127269425962,0.00122891504984556,0.0131843952897525
" 7287",40,0.668434768424618,0.286960778400433,0.000317777017404332,0.0124074811286091
" 6972",43,0.930290152947491,0.417606588160516,0.000711848262341169,0.0120518307273081
"13063",38,1.38657535614414,0.497317754740537,0.00189359960789391,0.012682360544905
" 8927",44,1.01066449677994,0.120948261123033,4.62389257772763e-07,0.00910667055732279
"13078",36,1.13714564919831,0.400508495931632,0.000899809495625798,0.0123799492063781
" 1506",36,1.10375354071006,0.383651025258701,0.000265527031276009,0.0101877727950855
" 7612",55,1.06346400217881,0.471007350512956,0.000704796826160135,0.0120940249319026
" 8516",46,0.959426176888646,0.290609528864927,0.000585153605711432,0.0106930926368809
" 6902",23,0.693258252856562,0.137233751213188,0.00301917065862726,0.0117166157054874
" 8517",39,1.01661766122548,0.297370787132992,0.000561456156250578,0.010630976978348
"11588",59,1.30450802955975,0.661971860589952,0.00110118001738584,0.0127618261390754
"11580",52,1.27597890892699,0.62866395595607,0.00137225571975512,0.0128034038732955
"11488",17,0.982748884957475,0.176795819272905,0.0009303271866388,0.0115428776699002
" 7335",71,1.12388225242534,0.228136626565239,0.00118429448647049,0.0102703172609866
" 8356",41,0.883613268121664,0.337102140880698,0.000642489873675255,0.0117575444107402
" 8231",24,0.85491925006269,0.310074681458084,0.000442275325059648,0.0116225332168237
" 8505",38,1.13929308273972,0.470151867952372,0.000789182865703664,0.0121410021169366
"11615",48,1.04010556399912,0.190043993977826,9.24778515545527e-06,0.00916985435101107
"11938",43,0.690423492898135,0.160530774146908,0.000792188395879187,0.0111002846698777
" 8114",32,1.12505339237805,0.245375614960216,0.00136242994802745,0.0114403473840042
"15096",23,0.939811143253249,0.166851125661742,0.00106592283648066,0.0116068722600926
" 8357",41,1.03193438923751,0.377408109233683,0.000981652394251577,0.0120847667835103
" 8234",44,1.13358164752107,0.446558905867488,0.000972866998353894,0.0118618512517146
" 8504",29,1.15806432537472,0.491089397617098,0.000709189524108976,0.0122245420693731
"11881",50,1.03930012232827,0.190191381207841,1.15597314443191e-07,0.00911744031340202
" 7327",77,1.051745847287,0.166105750064948,0,0.00767354662831912
" 7104",73,1.13598729804987,0.360474668916079,0.00106199252778959,0.0112101125951853
" 7578",42,0.5462427802165,0.116288426851188,0.00115065566796752,0.0108610395917148
" 8352",40,1.16437686692121,0.462619141572427,0.000268994950709305,0.0114842535909716
" 8503",42,1.25104854697645,0.512217860931174,0.00123064900956221,0.0125369531758042
" 8229",34,1.06433508931681,0.41088131642541,0.000766410194758355,0.0117109216366471
" 7560",55,1.15523918988983,0.361992605082492,0.00248349270349751,0.0123080966124894
" 7314",68,1.00821425007774,0.189138509099874,0.00196330478850315,0.0102760476589304
"11568",53,1.03374107853675,0.193238037220188,8.32300663990974e-06,0.00922102068604715
" 9672",27,1.07465793231703,0.237964229668101,0.000691503134999168,0.0122426761191393
"12915",52,1.08789589490425,0.467039952556212,0.00118810919784712,0.012714550992001
" 7323",75,1.05274618128045,0.16676939285897,0,0.00769358980999656
" 7103",61,1.05942261884951,0.336797569685454,0.000780513067120425,0.0112406362257066
" 8994",49,1.42264626338165,0.625750629715535,0.0073475965006381,0.0140663194062883
" 9665",25,1.123919098496,0.250129352704655,0.000864436717406181,0.0123234483038599
" 7322",77,1.0480528963819,0.166182912888761,0,0.0076637032136083
" 7587",47,1.20127917490738,0.421327979769487,0.00212398505557919,0.012456224263734
" 7468",55,1.06917891960873,0.344486818028677,0.000647460558196312,0.0110423308512708
"11014",23,1.06301342024539,0.226438085748599,0.00374731814230492,0.0128041490976225
"16941",35,1.1776328777215,0.269487306110123,0.000432218358703091,0.0122563361326993
" 7326",75,1.04297190216573,0.172672136707372,9.71017441322803e-06,0.00775312851729086
"13339",58,1.4132913498798,0.482526887174788,0.0028683161632789,0.0129002278100682
" 6919",30,1.09759929852335,0.398710467724741,0.00261076534669947,0.0125309094646003
" 7156",72,1.01531727617194,0.301798122788569,2.32350602030814e-05,0.00920252967054681
"13281",35,0.699111714683685,0.237483790928794,5.28279727005382e-05,0.0120705774462659
"14895",44,1.08673486770322,0.329417808458057,0.00366304770007583,0.0134933553776764
"14707",55,0.785357528661511,0.227252222083316,9.66393548745076e-05,0.0103050008221419
"13280",37,0.760052369135725,0.262514984628791,0.000586425176170307,0.0123580261871746
"13068",37,1.25903777275399,0.45599792086516,0.00108464960142046,0.0124710112670594
"10192",53,1.04963355203189,0.332299455455346,0.00127434479442174,0.012008527242298
"13077",38,1.11898881396621,0.395351729791907,0.000175014334066991,0.0122306394499436
" 1504",31,1.13433208995781,0.481450756421365,0.000479150868367026,0.0108751809500734
" 8274",63,1.28644733303952,0.512696212483938,0.000566889230029408,0.0122344511629486
" 8275",70,1.24263808455228,0.506376168548243,0.000347485527216232,0.0121518969906199
" 7486",73,1.02490553243611,0.182958733519348,0.000176748293783639,0.00922500713165861
"10995",47,1.30256745924211,0.576103088916482,0.0015788281206651,0.012976084319467
"10879",25,1.08755968602044,0.207277413044616,0.00180747960863373,0.011977072299042
"10238",49,1.12524696125766,0.243881562689861,0.000459846116855013,0.010757224307165
"12630",51,1.13244933754532,0.38404393052654,4.16150331995487e-06,0.0107523408669901
"12819",50,1.24684555323426,0.410225157465041,0.00270659552037287,0.012394486280104
"12510",37,0.878169698308894,0.236665898612529,0.00254371890432241,0.0122021259663783
"12159",40,1.27929571018069,0.479083565152834,0.0014888934100283,0.0126532572490662
" 6892",42,0.984928655089636,0.44393591191609,0.00181036954149481,0.0129798159435919
"11111",36,0.910163318159393,0.353763923958326,0.000706299591247896,0.0124032305899324
"10891",28,1.22699492819016,0.251288277957076,0.00582656703719459,0.0124246732310429
"10226",53,1.14397239976902,0.245989766208017,0.000331186305879742,0.010728819028815
"12631",45,1.15202764672946,0.378547173650959,0.00120614237890025,0.0115174717333708
"12877",35,0.891339380077614,0.218669001460892,0.00314968002663362,0.0128485297290928
"10122",28,0.941506384000451,0.343016907342122,0.00100800858194462,0.0124709897859845
"12772",51,1.23138255364681,0.359218614148294,0.0031729150868367,0.0127329586401594
"12505",35,0.782727968858807,0.198122927196683,0.00165442876431095,0.0121643252718758
"12140",37,0.975264315795394,0.356732963872963,0.000868713818040579,0.0124255099731956
" 7147",68,1.05547503689697,0.188571125031533,8.09181201102336e-07,0.00917992379171751
" 7577",72,1.08081715241565,0.195648299711861,2.70497715797067e-05,0.00978035322109399
"11088",42,1.08475819642843,0.182876145693671,3.58351674773892e-06,0.00972088254288315
"10784",35,1.00177166363267,0.254176365228796,0.00354791277489041,0.0125834314148513
"12629",51,1.12230140585621,0.382876882426764,1.01725636710008e-05,0.0102729292546593
"12870",16,0.823842717331037,0.156651372609077,0.00212733737769804,0.013240149264136
"13304",45,1.18165857183771,0.407519369783256,0.000664568960733904,0.0121392195325478
" 7148",69,1.08648178483891,0.19520066592434,4.85508720661402e-05,0.00944441407850188
" 7575",73,1.07674780881926,0.194473390503247,0.000222409232988699,0.00987936409311768
"10801",40,1.05954587931711,0.174087977242234,6.94739859803577e-05,0.010056261225183
"12625",52,1.11467706661707,0.375920188106052,1.31780938465238e-05,0.0102083199933299
"13310",45,1.08226422713074,0.37063602660214,0.000556138679786191,0.0121079717768259
" 7394",47,1.08460699223038,0.18311951330179,1.53744428209444e-05,0.00976341107399432
" 7154",63,1.0672050867646,0.193596040659034,2.31194628886382e-07,0.00912388809443242
" 7573",66,1.08218373277459,0.192600059313837,8.9009932121257e-06,0.00887438628371542
" 8259",63,1.19289184754278,0.316427361256123,0.000134092884754101,0.0100098243801424
"11072",37,1.05605469931499,0.176973105701075,7.24795161558807e-05,0.0102748344147182
"12902",59,1.37843423734479,0.550496357072098,0.000937494220134278,0.0126922181503129
"13286",32,0.807751152781359,0.246116774663537,0.00157142989254074,0.0122695007653694
" 7390",47,1.07277212990575,0.179623608347206,0.000294195165257921,0.00978772025308536
" 7152",66,1.07397101711155,0.197461779572849,0,0.00901079603214961
"12906",51,1.37604590433756,0.553121395018973,0.000951365897867461,0.0126655967677355
" 7146",72,1.07074352965479,0.189057918056241,2.61249930641611e-05,0.00939726109078201
" 7387",32,1.03322850617681,0.162793746869235,0.000514408049272199,0.00985263131389667
" 7058",15,0.95910543834067,0.210918458017635,0.00571420644755581,0.013128287368637
"12899",41,1.14894206620708,0.466579382410226,0.00156299128858638,0.0128376400685879
"13895",39,1.2901743550202,0.564658972682756,0.000850911831616328,0.012461104399301
" 9288",40,1.13135960600401,0.278951028255195,4.77416908650378e-05,0.0112251911560049
"13894",34,1.09371519704491,0.507477941207861,0.0011714631845673,0.012679234732237
" 7526",64,1.04665187284784,0.188353104920012,0.000132705716980783,0.0088284895791304
" 8501",43,1.21924887218849,0.496286031901475,0.00105748423252631,0.0122873547039492
" 8355",42,1.15012531438414,0.46636151659194,9.25934488689959e-05,0.0114145290151025
" 8230",39,1.25117064787458,0.469099317245107,0.000323325688497605,0.0117091122746078
" 7172",60,1.15175196301156,0.339636461827635,0.00140543214900031,0.0121762574962933
" 8607",56,1.14785202183168,0.371860496096608,0.000214664212921005,0.0111098135201631
" 9283",33,0.989227021046567,0.254019742063954,0.000865592690550613,0.0117248417186133
"13899",32,1.00781837684588,0.454818394202919,0.000357426896258346,0.0121806192418632
" 7167",40,0.956963695993022,0.279216707969818,0.00214433018292119,0.0127015634974566
"14414",35,1.10682005869638,0.400642841585937,0.00214999445132891,0.0133418164111475
" 7504",71,1.06229910725807,0.198472500766246,0.000132474522351897,0.00898787470831571
"13057",37,1.003483622486,0.363093265396198,0.000521343888138791,0.0120010594095967
"14891",50,1.19197184294876,0.35974179530189,0.00262602419220597,0.013371075412249
" 9098",33,1.06614829411547,0.124951516978221,0.000985120313684872,0.0100914030786785
" 1419",37,1.04646484881889,0.319224839711877,8.82007509201546e-05,0.00895035963212387
" 8400",58,1.2782817099969,0.516421617513299,0.00196631031867868,0.0125566346000785
" 6945",44,0.771945539692546,0.345449131837709,0.000209577931085505,0.0121260963965763
" 7646",39,1.13354569540224,0.524645855635979,0.000341012077607413,0.0119371454095196
"10345",55,1.27835540455509,0.453725570592574,0.0036704459282002,0.013145048630902
" 7027",48,0.917651196335353,0.32564870601484,0.000840161281373111,0.0121206613427123
"11308",51,1.2227082175155,0.414224278410763,0.000954833817300756,0.0115994609842824
"11648",33,0.69695627504602,0.251899669080146,0.000752654114339616,0.011371354457613
" 7291",57,1.13356088468571,0.320419153667757,0.00158876948970722,0.0120422283121371
"12910",36,1.31373452061344,0.522148266574271,0.00162183032163797,0.0126656258306812
"13478",45,1.05014041746574,0.314381593620583,0.00120371483529695,0.012115074538868
" 7404",42,1.11804952943055,0.403018957786894,0.00124255553294986,0.0113003732974113
"11309",48,1.16386763018102,0.409434555286172,4.53141472617308e-05,0.0113171941501707
"11646",48,1.2685485333058,0.448776877040144,0.00112869217822332,0.0120955517006834
"12909",39,1.13807634434597,0.474723487186292,0.000756700020345127,0.0124830127000232
"10007",64,1.04909805973633,0.181594163148851,8.72759724046091e-05,0.00972522662249245
"11619",10,0.157953813466158,0.0488902021219345,2.10387112286607e-05,0.0106478924383583
"11312",52,1.19027904792968,0.411383603111855,0.0013446279616032,0.0118670417638915
"12635",54,1.08378765981477,0.367644179106258,0.000129931381434147,0.0111109492628221
"12227",72,1.8511887742397,0.616835652097808,0.00633265207982688,0.0140395924960184
"12903",36,0.9885511309815,0.397294680278255,0.00057058834409159,0.012331825236568
"13883",31,1.15889800370782,0.447640520251018,0.000475798546248174,0.0121081232713912
" 8978",48,1.06920980520671,0.118966207257245,2.7280966208593e-05,0.00931936856550713
"10010",54,1.06130212651106,0.178841091326095,8.114931473912e-05,0.00962036115090532
"11264",47,1.16378803455757,0.39950916917381,0.000803632530009063,0.0117243476692359
"12540",49,1.10667716448607,0.350200242215938,0.000851027428930771,0.0114293398411215
" 9733",40,1.22402101135745,0.345063518983144,0.0036388878613572,0.013038733030332
"13884",27,1.12544431411024,0.446460321172024,0.000141953502136238,0.0121419221856645
" 7198",27,1.02689443449133,0.16766557183787,0.000274890413745908,0.00984383981616046
" 8432",37,1.04059465343306,0.132405765283,0.000704450034216805,0.0106205617520539
" 9140",30,1.05267071150202,0.186909542555512,0,0.00962304530603172
" 7535",67,1.0508196307581,0.175884778613531,2.31194628886382e-06,0.00840425597676069
" 7359",48,0.846837558899414,0.23193311366396,0.0039054552684632,0.0125768224536163
" 9843",30,1.17823050122347,0.223243558441159,0.000945932824088631,0.0115506517413526
"13889",26,1.08310814594057,0.397756416035377,0.00086039081140067,0.0122707705648082
" 8394",44,1.05123236442123,0.140776868710843,0.000128775408289715,0.00899021412518757
" 7482",60,0.958764779597883,0.175053924805397,0.00128729169363937,0.0106499612619141
" 7355",58,0.94840597338999,0.242539228994457,0.00128104943865944,0.0119433001584927
" 9099",39,1.02450033524664,0.117745212370014,1.84955703109105e-05,0.00918045399733663
" 7203",38,1.05810159999905,0.179577664466949,0.000121145985536464,0.010145904881276
" 7351",66,0.992727400357654,0.205055920513759,0.00239124604657185,0.0115261046222131
" 9244",48,0.792692232949004,0.32852940059943,0.000706183993933453,0.0121159763243058
" 9162",46,1.42757790567946,0.668545139880773,0.00201289603639928,0.0132620495533218
" 7199",36,1.06244035540986,0.179768220174512,0.00108973588325596,0.0102145401635792
" 9230",62,1.47789814093708,0.57541674799737,0.00342965672221503,0.0136508337489995
" 9161",48,1.34380019208305,0.638368091990572,0.00117134758725285,0.0130517801594448
" 7194",27,0.961385545891953,0.151179752216189,2.47378252908428e-05,0.00960052794349747
" 7123",61,1.12586354781682,0.288655726010185,0.000197671407697856,0.00957406355318221
"11553",59,1.04128006218276,0.210929247225037,2.49690199197292e-05,0.00940540418818665
" 7306",81,0.989757570399614,0.173475148897094,0.000877730408567148,0.00918693780430983
" 9011",35,1.01014929763797,0.139369227528709,0.000105309153457747,0.0101821703058326
" 9711",54,1.26770862613714,0.546418348151767,0.00198156916418518,0.0128534773004231
" 8316",52,1.09265696017531,0.384383082007347,0.000885591025949285,0.0120293368516416
" 9133",36,1.0298264383226,0.153214361344127,0.000100454066251133,0.0102401974741194
" 8294",43,1.09524444832391,0.246656959037499,0.000320320158322082,0.0113454058676555
"14320",48,1.17746166653233,0.451177032057161,0.0007919572012503,0.0128278125368516
" 8297",39,1.05938329544942,0.239037259563906,0.000989050622375941,0.0114452757398466
" 9108",30,0.994819966115257,0.131462155148278,0.0015033430743337,0.0113111792119903
"14411",29,0.664235251318668,0.287575064672877,0.000247493850222872,0.0123186890171407
" 8155",37,1.07515005298834,0.331521391831577,0.0014439260547099,0.0114460179459493
" 8999",39,1.08325904537043,0.155591352275452,0.000182528159505798,0.0105710950294607
"10763",71,1.17883550061456,0.544052446438322,0.000100916455508906,0.0113088479500246
" 9012",44,1.02894964470568,0.138561396363794,0.000115250522499861,0.0102719178185215
"12628",50,1.16665798466361,0.398697430145264,0.00018911720642906,0.0109111266615292
"12026",41,1.13843809572041,0.397233853007102,6.36941202581982e-05,0.0107075105664171
"10752",53,1.21113894993233,0.554317954725526,0.000446090036436273,0.0118099433160114
"11184",59,1.15526316247689,0.405798950587575,0.0029004522166941,0.0126069521377062
"12015",41,1.11298497376333,0.379072985607545,0.000117678066103168,0.0106793502836139
"12627",49,1.11419165677549,0.390368726518671,7.03987644959032e-05,0.0106818657958495
" 9105",40,1.05006185940569,0.145704859668467,0.000141606710192909,0.0104342493611999
"12884",29,0.811945489986349,0.311345364582737,0.000352109419793959,0.0117423887648666
"10242",33,1.15882154506118,0.36853508570699,6.73932343203803e-05,0.0101265194545086
" 1636",44,1.07577433546731,0.3470898142511,0.000464585606747184,0.0104796818973815
" 7340",78,1.08055890144767,0.195190228084617,2.69341742652635e-05,0.00946385416080354
" 9109",40,1.01727170159928,0.147279280513953,0.00125642721068304,0.0113700866678254
"12670",48,1.06858369372778,0.367343079512929,3.31764292451958e-05,0.0104976162269168
" 9594",59,1.21425453717892,0.466426960371761,0.000836577764625372,0.0113748839261164
"11866",47,1.11244985866748,0.313417774883884,0.000226455138994211,0.0109251697763401
"10241",35,1.1283784783654,0.35822645372702,1.87267649397969e-05,0.0101132624852462
"11064",40,1.31446065398725,0.522265054864195,0.00181788336693362,0.0128405028180598
"11890",49,1.29425610186621,0.581108497639463,0.000162992213364899,0.0128525579520054
" 7339",58,0.977892915299303,0.179700274815974,0.000347254332587345,0.00964345363751517
"12167",44,1.10706562476175,0.295577751590847,0.000403319030092293,0.0108314519399415
"13896",46,1.49517546756558,0.587520170983833,0.00250395342815396,0.0128942342726291
"10248",29,0.8429260578892,0.274605899904852,7.20171268981079e-05,0.010307171595682
"13925",30,0.820318049281323,0.308926168750159,0.000699594947010191,0.0123522240580953
" 7538",76,1.0612875858943,0.183441655794377,5.89546303660273e-06,0.00854032723718103
" 7537",82,1.05743445389409,0.178737936504187,2.65873823219339e-06,0.00818178893436123
" 7515",78,1.06633724575635,0.188134530884496,2.13855031719903e-05,0.00874495064845802
" 7576",65,1.42987794202102,0.608640087138946,0.00276508776148113,0.0131331678841168
" 7571",64,1.29356403831631,0.545619884938275,0.00170714113969704,0.0129101028379038
" 7528",70,1.05284402811733,0.173812193875551,1.15597314443191e-07,0.00845683217735119
"14992",39,1.1188951748932,0.432797207326316,0.00219322784693066,0.0130196758312456
"10753",25,0.700108872082222,0.159313080849042,0.000953215454898552,0.0121777810115238
"10959",52,1.13808930646767,0.297204072972622,0.00124359590877985,0.0124701173985689
"10494",70,1.15565798757987,0.32124342595664,0.000796003107255812,0.0119546829288187
"10201",42,0.918507609314223,0.268027819142492,0.00125191891541976,0.0122459888190153
" 7319",53,1.00415176646684,0.174403727914782,0.00211173174024821,0.00953977500679843
" 7533",72,1.04381793981634,0.167793612064244,0,0.00797099220073961
"11162",57,1.33859960326918,0.517442569619283,0.00215022564595779,0.0123815036403712
"10491",37,0.674607233602853,0.193720213306007,0.000357773688201676,0.0117299942568937
"10953",47,0.791985047989154,0.257776834775939,0.00118545045961492,0.0122822449725063
" 7509",66,1.0514884368687,0.176580889265008,3.46791943329573e-07,0.00857013547958611
" 8684",37,1.05241368575198,0.182320845620895,0.00390233414097324,0.0115451609660692
" 8327",41,1.11920775495059,0.358067347241366,0.00151756154401021,0.0118226531588709
" 7250",48,1.05789491495984,0.256136040495675,0.00036551870826937,0.0105123381201132
" 8325",41,1.10063165027747,0.354026776880304,0.000506663029204506,0.0116946395465829
" 7263",52,1.08681628720827,0.264355485823074,0.000598678491501285,0.0100486843412391
" 7696",67,1.15686115388497,0.320227456575696,6.25381471137663e-05,0.0104288508198842
" 2534",39,1.31334981029928,0.515326036832207,0.00376084302809477,0.0130836081976053
" 7028",35,0.933512051404751,0.400706817709579,0.000761439510237298,0.0118428778375343
" 7697",71,1.12502016024977,0.309987998553683,0.000149929716832819,0.0105566160513419
" 2517",38,1.00387930323907,0.347575657550478,0.000656130356779551,0.0121211927858341
" 9846",44,1.31631936146715,0.472350075490043,0.00394660791240498,0.0131895067311389
" 9570",43,1.33309154885425,0.492700762581718,0.00178620970277619,0.0128857721381988
" 7695",55,1.09241100187453,0.306333994540382,0.000401931862318975,0.0111420220182171
"11798",31,0.941543707057083,0.315354953867436,0.000961538461538462,0.0127904899888293
"12052",37,1.16025377054532,0.357236148501378,0.00218629200806407,0.0130154095150002
"10745",36,1.0920100517902,0.321518050970916,0.000682948933730372,0.0110083480978224
"12950",32,1.06175176717828,0.167444655803797,0.000316852238888786,0.0101562273502979
"12942",30,1.05567944643542,0.165491809671599,0.000171315220004809,0.00994053123141969
" 9454",33,1.15129461527826,0.424221729477771,0.000684682893447019,0.0128479179579496
"10485",39,1.37060800319013,0.601745733255127,0.00165754989180091,0.0132085557089057
" 1429",43,1.07129813555436,0.344650398685818,2.31194628886382e-05,0.00941271072965547
" 7143",52,1.1044816648434,0.202658851615187,0.000500073982281244,0.0102434899120462
" 9876",50,1.17485329525362,0.401307305237929,0.000902699428486877,0.0125717316521681
" 9362",42,0.953775277077406,0.369934367968558,0.000709420718737862,0.0120690284942224
"10475",43,1.11782589939413,0.398349019748672,0.000266336212477112,0.0108014946895678
" 9049",47,1.13276224513711,0.38906611754569,0.00027350324597259,0.0113102208301659
"10231",74,1.43446108165889,0.529445879113375,0.00649102040061405,0.0135615349977231
"12958",31,1.07429748407701,0.180400618674594,0.000487705069635822,0.0102572822830672
" 9604",44,1.03468781389557,0.149660366160768,0.000200792535187823,0.00843649034681659
" 9186",52,0.994451563290337,0.165410958266106,0.00201301163371373,0.0112127630347994
"11833",44,1.2188277047805,0.533540454113404,0.000669770839883848,0.0126212380927259
" 9862",42,1.23030040847037,0.405063742585925,0.00133121867312779,0.0125566868910432
"10462",42,1.06171053052927,0.380860455601991,5.53711136182884e-05,0.0105194496544846
" 9597",43,1.0337220148682,0.148356302355989,0.000263908668873805,0.00915232651380394
" 9250",52,1.2612053359877,0.30326500666349,0.00146496476593856,0.0118732490099885
" 9395",40,0.94885628786524,0.283512367787885,0.00177407198475965,0.0122352117014803
" 8210",48,0.943997182143627,0.186694833060589,0.000268763756080419,0.0110820096154777
" 7324",85,1.07197384502391,0.188086694845779,4.91288586383561e-05,0.00812862003774629
" 9830",71,1.27015551097642,0.561516552051527,0.000282519836499158,0.0113542183278924
" 7313",84,1.05687798947491,0.187058605515664,3.59507647918324e-05,0.00842625084604018
"10198",67,1.28398939321451,0.565201980241675,0.000231888212773041,0.0116130391040479
" 9559",38,1.17131711050061,0.356845021546526,0.000780050677862652,0.0109666795744948
"10195",50,1.18475108198747,0.52232184606483,0.000736586087632012,0.011912466809596
" 9556",46,1.09234540104369,0.341936457325699,0.000246453474392883,0.0108525364204314
" 9891",48,1.14057223629251,0.334697966978066,0.000774964396027151,0.0109878786306409
" 7328",76,1.05600859412838,0.164165720793659,0,0.00778116880135449
" 9975",28,0.766367793629056,0.289400066276476,0.0058340808626334,0.0134718147522594
"11142",67,1.33130279997776,0.471375417307721,0.00296229677992121,0.0130459477272413
" 9889",35,1.08156545293107,0.336811627038433,0.000118949636562043,0.0104481377137815
" 7320",66,1.0346242118194,0.162527832429061,0,0.00790462155852012
" 7342",44,1.18114139448092,0.495834727447448,0.00690289363197514,0.0134652530615886
" 7926",60,1.13477383962036,0.333651888259005,0.000125654280799748,0.0099608815470089
" 7311",62,0.991793237565031,0.156697982423192,9.42118112712006e-05,0.008509632645579
" 9774",63,1.34545388080275,0.425366296551053,0.00364200898884717,0.0131654983233867
"10492",65,1.16204900715915,0.436689613398412,0.00213300164610576,0.0124676867652037
"14618",12,1.02847186037982,0.0537745577358954,0.00111724804409344,0.0113845105666745
" 9743",42,1.21873917413638,0.366386564364356,0.000597291323727967,0.0127739143057048
"12700",45,1.06044429102599,0.364780870389721,0.00102927848780217,0.0117267752303572
"11821",45,1.00665281476254,0.142080598744218,0.000429444023156454,0.00879976239649679
"13231",49,1.22458522011294,0.339336882644445,0.00242580964359036,0.0127099059860653
" 9715",39,1.16675373149292,0.340699476074299,0.00202329979469917,0.0128287195329566
"14661",10,0.866094635171836,0.0531436273583941,7.97621469658017e-06,0.0114822950104873
"11807",43,0.992030258101413,0.140997438888111,0.0017206660254869,0.00931982931679677
"14654",9,0.849358467267185,0.0474167777831448,0,0.0113819251376247
" 7193",55,0.911302485491975,0.261214379657245,0.000224374387334233,0.0107739820049186
" 9298",53,1.30499665289305,0.540746985497341,0.00481786487136331,0.0135842768910218
" 9402",56,1.26504153741522,0.488144948055497,0.00224247230288346,0.0131030488415289
" 9063",33,1.20807232603294,0.50682542369171,0.00157501340928848,0.0127722491582228
"14642",10,0.999393214188425,0.0568485960973913,1.84955703109105e-06,0.0114291552663646
" 9064",33,1.19516213650492,0.505482442647602,0.000555098303956203,0.0126749771541169
"10006",65,1.26411956505933,0.449028653512823,0.0012215168217212,0.0122918328304011
" 1527",28,1.11460777928219,0.40334767510908,0.000665378141935007,0.0106329645837272
" 7568",51,1.0410933367382,0.180829301085411,0.000153628830895001,0.0102034396258767
" 7258",46,1.06641245372555,0.275331514102163,0.000774733201398265,0.0108577918016764
"10503",61,1.24550821619604,0.47233007190615,0.000976219320472747,0.0123850535059948
" 7251",58,1.13809868425673,0.297864710094307,0.000905126972090184,0.0114129646814279
" 7252",52,1.06228141619939,0.267851091687021,8.55420126879612e-05,0.00973052251288557
"12853",55,1.16022145091806,0.418635656457144,0.000806869254813472,0.0122372784640962
" 9187",61,0.963538248953404,0.143405863181116,0.00106707880962509,0.0105594136454887
" 9364",39,1.20651704293819,0.43851671151505,0.00255874655520003,0.0127728468561219
" 9670",37,0.996540729543313,0.429699221337442,0.00160899901973477,0.0132163252251083
" 7574",58,1.03056903201545,0.176484114209483,5.77986572215954e-06,0.00894014984438239
"13882",37,1.14323078072486,0.40572624363662,0.00033003033273531,0.0121691285661304
" 8951",51,1.05289735619087,0.127475912649425,9.94136904211441e-06,0.00902496413286406
" 7525",62,1.05364679960865,0.168745681969595,8.91255294357002e-05,0.00912575598366906
" 7569",49,1.04785680370224,0.184038385077026,0.00094916954889304,0.00951901384049018
"13881",38,1.15568479151601,0.394743788710631,0.000972289011781678,0.0122755907169942
" 8957",48,1.02199606631202,0.137913339855687,0.000495334492389073,0.00945561340970946
"10071",38,1.35497909048932,0.59633367813766,0.00168494645532395,0.0132566580528151
" 9303",28,0.983502245429808,0.360416614973772,0.00137803558547728,0.0127523355036892
" 7516",77,1.03403328993618,0.177919600720156,2.36974494608541e-05,0.00820445020265297
" 8032",59,1.13435587674001,0.311050931337516,3.8147113766253e-06,0.00934210590870716
" 8487",31,0.637107534586067,0.156741354839511,0.000817157415798916,0.0118145035800095
"10528",45,1.1486668742363,0.159861492573937,0.000928708824236595,0.0101910938667819
"13853",52,1.12988004835574,0.373377735713076,0.00216560008877874,0.0124292601759971
" 8030",62,1.13318306619422,0.310302274861272,1.78019864242514e-05,0.00945968726257509
" 8494",20,0.326108424218545,0.105323057144982,5.19031941849927e-05,0.0111027924816003
" 8269",31,0.79883402218174,0.192455546092331,0.00459799877929236,0.0129627478114252
" 7836",60,1.14827979015504,0.365386764694022,6.58904692326188e-05,0.0100949467728099
"10542",49,0.826632694790636,0.305885649525012,0.00151802393326798,0.0127700374264032
" 7813",59,1.1713438436881,0.367871744362199,0.000214201823663233,0.0101040024052073
" 9901",30,1.03148696659593,0.30920566813726,0.000745255886215251,0.0124970443790863
" 7865",56,1.13417307346385,0.346687231287054,0.000925125307488856,0.0107935061280916
" 7109",71,1.12802197609596,0.31825845939078,0.000116059703700964,0.0103940386749044
" 8219",52,1.14871972364409,0.337835172109244,0.00135630329036196,0.0115898063178542
" 9418",62,1.09520268145618,0.138186431058111,0.00010288160985444,0.0102917076023934
" 9514",28,1.05544584443208,0.165015137682121,0.00287895111620767,0.0123467380122701
"12911",35,0.891641694877295,0.183387777460906,0.00220039488042614,0.0123475304201392
"14890",38,0.876905337244979,0.253521670326407,0.00336341946103908,0.0132280309970946
" 7107",64,1.11972417415746,0.303927533924342,0.000238246065067416,0.0103155078093031
" 9516",42,0.959964413815934,0.13773694095464,0.00307662252390552,0.0122754246024315
" 9419",61,1.07131752626766,0.142302821363013,0.000137445206872954,0.0103358093275836
" 2981",28,1.08136606274254,0.505765285160849,0.00024310115227403,0.0116934259795901
" 8905",39,1.10467937936387,0.245624939929444,0.000773692825568276,0.0116613055092336
"13059",42,1.32825989596447,0.438110744869037,0.00106892836665619,0.0123466107229235
" 3026",27,1.08039184522219,0.509192099786715,3.89562949673553e-05,0.0116127289109001
"13062",41,1.08740838905409,0.372838138951719,0.000568738787060499,0.0120502144894788
" 1380",32,1.08762281425014,0.438159868182037,0.000187036454769083,0.0105634693229584
" 7907",53,1.04417844244647,0.287867120248337,0.000668961658682746,0.0106618387948134
" 4948",48,1.21716598691982,0.425770288013347,0.00634444300590009,0.0131583062287967
" 9078",56,1.22140858713297,0.465958437048473,0.000696705014149111,0.0112224330583232
" 9413",50,1.10760693640456,0.393264676121129,0.000634976048236447,0.0108025472290738
" 9452",52,1.31648828595018,0.340172860178187,0.00142230935690902,0.0120982187097087
" 9627",49,1.22609325236357,0.348030455919896,0.00264613812491908,0.0123575465416267
" 7356",57,1.10643690321286,0.205144236169644,7.44446705014149e-05,0.0100302681713304
" 7376",46,1.0228633308341,0.260572090579626,0.00265469232618788,0.0122595659442041
" 9410",49,0.941725081136253,0.356133229945179,0.000218247729668744,0.0105893913760526
" 9455",51,1.04113328866709,0.28615316018185,0.000507587807720051,0.0117141704204739
" 9633",37,0.750053470676142,0.199542074047967,0.0013395416797677,0.0121108231040741
" 7674",56,1.28717112790847,0.540937456344257,0.000961191669595132,0.0125383669002121
" 9615",66,1.130520944331,0.394324683554921,0.00019489707215122,0.0107182523428726
" 7671",67,1.2490898999083,0.52153216665531,0.000856460502709601,0.0123259280186442
" 9608",57,1.07625877561771,0.37660659618451,0.000285872158618011,0.0108838677703343
" 8546",36,1.04289725646602,0.140094839174917,0.000362744372722733,0.00960880650412035
" 7352",58,1.04178601978715,0.181632045031234,9.59457709878484e-06,0.00919259454664328
"11587",43,1.06326454644304,0.210046381067937,0.000330377124678639,0.0101570404446371
" 9962",79,1.01966499289447,0.0880566486520601,6.85492074648122e-05,0.00847295664246318
"13069",38,1.12609720390179,0.375218353373785,0.000996795642443635,0.0123553702842425
" 7329",68,1.0635174540481,0.166267504799005,1.38716777331829e-06,0.00835127108001853
"11575",50,1.05607159739646,0.207147483747948,0.000439616586827455,0.0100527708604752
" 7331",76,1.06262508475114,0.172602609543039,0.000104615569571088,0.00847942274167054
" 8818",45,1.04147387423103,0.118034375168902,0.000383551889322507,0.00958065307893741
" 9212",53,1.03520978502902,0.230816840130893,0.00140843767917584,0.0117568896573632
" 8821",49,1.05395939183556,0.128526004345712,0.00034378641315405,0.00949412523738881
"13042",40,1.27800545409568,0.450673670727547,0.00182343203802689,0.0124389304703625
"10121",36,1.12327799179473,0.343809457861904,0.000539145874563042,0.0125626416782394
" 7529",72,1.04862092318918,0.171388999793476,5.77986572215954e-07,0.0081422620316323
" 7878",54,1.16681379864455,0.363453717573055,0.00125920154622968,0.010810565033997
" 8909",64,0.999761189718973,0.102739729242391,0.000267838977564873,0.00968233418245599
"10123",32,1.10178655737123,0.31690083429498,0.00120683596278691,0.0123930192833136
" 7534",74,1.03734983445203,0.168738641448939,8.25364825124383e-05,0.00896421469353058
" 8668",63,1.13109790183335,0.412107881441884,4.82040801228106e-05,0.0106364320012775
" 7471",54,1.08674771356951,0.325894184007036,0.000902699428486877,0.0116055412070301
" 9636",67,1.15662822693254,0.500188614567466,0.000364362735124938,0.0117909041163451
" 9466",65,1.25045128989692,0.525620337936069,0.000626075055024322,0.0118394496255673
"14418",35,0.952070543425281,0.389425865925104,0.000574865444725988,0.0128220932089188
" 9471",61,1.22552380153448,0.490529035452166,0.00225830913496218,0.0126464833784639
" 8071",70,1.08624956353117,0.298466697614555,0.000537643109475281,0.0103130348186744
" 9251",44,1.3411472904282,0.547012613478035,0.00141999741062016,0.012662851221426
" 9331",24,0.750684545130298,0.338275644406734,0.000828601549928792,0.01236607374064
" 9182",31,0.467302425306474,0.167952335677556,0.000246684669021769,0.0114790216982799
" 9366",43,1.04348539449973,0.394794733278916,0.00105806221909853,0.0118005567330689
" 9263",18,0.401834153248363,0.117516761678204,0.00226663214160209,0.013346633040464
" 9177",44,1.06585679354068,0.144279777809283,0.000169350065659275,0.00984172310851925
" 8058",61,1.08514390508195,0.296322326194226,0.000750110973421865,0.0105035891690442
" 9264",39,1.14483771993423,0.464122230637104,0.000603649176022343,0.0125049390649651
" 9176",48,1.08187171726772,0.149201996437256,0.000381239943033643,0.0101006247001839
" 1507",40,1.05020601083763,0.309356979108157,0.000153166441637228,0.00882844130193708
" 7827",50,1.08663433624595,0.328398623296764,2.94773151830137e-05,0.0097038198869197
" 8116",48,0.763181065598664,0.198926546048536,0.00036262877540829,0.0110049052062633
" 9184",50,1.06275950908564,0.160829348230457,0.000673238759317143,0.0102474500301131
" 7912",55,1.15766803489285,0.35226647615971,0.000400544694545656,0.0103374615462212
"10758",50,1.04670376640767,0.338085523129115,0.00228408733608301,0.0117906181606429
" 8663",46,1.04765604727105,0.141972069811582,9.24778515545527e-07,0.00871428507673847
" 8428",45,1.04630070457037,0.139011780239309,2.31194628886382e-07,0.00887912782767348
" 8667",37,1.0451466616135,0.131376363340135,0.000324828453585366,0.0101146271218925
"11702",52,1.03998032693648,0.326433302773154,0.00136104278025413,0.0114209369784551
" 8714",31,1.0608923943343,0.19372468603227,0.000152819649693898,0.0104358704736615
" 8429",40,1.0073206144097,0.131181347442614,1.53744428209444e-05,0.00895740027783793
" 9634",61,1.43055449221206,0.672434475698211,0.00411514879686315,0.0141109135113535
" 9213",33,1.07258146300362,0.20274067184697,0.0028868117335898,0.0123067824300532
" 7570",55,0.930880487633577,0.187837555907442,0.00148785303419831,0.0107814501252082
" 8715",23,1.03105770663751,0.176380805349784,0.000288068507592432,0.0104686570582163
" 7149",61,1.0682556158806,0.192082670966115,4.25398117150942e-05,0.00940357770206908
" 7391",43,1.03015277491157,0.167979615357779,0.000222409232988699,0.00967226781258154
" 9861",59,1.04032202246544,0.126386347082237,0.000401238278432315,0.00978113499006935
"11109",56,1.01646378141676,0.280270616531689,0.00168032256274622,0.0107923562428841
" 7321",73,1.04198755942701,0.163116359430533,8.09181201102336e-07,0.00825481039267873
" 8960",37,0.973971993310086,0.118441121983364,5.21343888138791e-05,0.00894645582495797
" 9641",68,1.33753394974531,0.359158617302869,0.00369206262600107,0.0128654743352455
" 9838",48,1.16357250419762,0.34389388692173,0.0034606368024858,0.0130578425817414
" 7317",68,1.00185855295835,0.161738065448474,1.58368320787171e-05,0.00841254662819962
" 9651",62,1.13643483358926,0.313783325632106,0.00350005548671093,0.0129406820101434
" 7523",61,1.03734588865178,0.197486057077988,0.00277028964063107,0.0101903345817977
" 8235",67,1.10518155019422,0.296111061891613,0.000570125954833817,0.0103472874474558
" 9486",58,1.10307388362455,0.337537325664161,0.00162506704644238,0.0126887035214675
" 9999",28,1.048086227594,0.110236230549327,0.00183314221244012,0.0114685553689537
"14375",17,0.600074809182738,0.153101929524044,0.00161894038877689,0.0126821142838511
" 7928",58,1.10871234057824,0.31470344905452,0.000544694545656315,0.0110162230201877
" 9430",31,0.700049235289435,0.207253105463994,0.00168425287143729,0.0122369693614653
" 7483",62,1.31427040934131,0.52912181788826,0.000747914624447445,0.011353307396253
" 8414",20,1.12071645663863,0.233124426724243,0.00102153346773448,0.0113339245594729
" 8289",46,1.02229653036658,0.15996968881076,0.000351300238592857,0.00955077755133156
" 7495",54,1.24333848231247,0.496811722063329,0.00109285701074593,0.0116467587003346
" 9811",36,0.960255101542114,0.320165841641109,0.00105494109160856,0.0120453562901137
" 9282",48,1.23691459810522,0.45185502275707,0.00211392808922263,0.0123149246565711
" 9388",33,1.07299482884907,0.315450235463145,0.00047348659995931,0.0111784588725128
"10480",43,1.03354246456703,0.152317650332776,3.14424695285479e-05,0.00898883450035821
" 9700",41,1.0338269560446,0.34062776651533,0.000583766437938114,0.0117483069782964
"10484",44,1.03540062859747,0.153202083356122,0.000121839569423123,0.00904708051917431
" 8290",52,1.04402209081241,0.159943121986705,0.000558913015332828,0.00992041876887145
" 9467",53,1.38238621782071,0.481250443120724,0.000883625871603751,0.0122546799021888
"10156",37,0.898761118349293,0.284557699878146,0.0044123494922966,0.0129319079882922
" 8541",49,1.05697872013464,0.161334891069605,8.49640261157453e-05,0.00933333349898425
"10479",34,1.02028959770214,0.148400360627621,2.31194628886382e-07,0.00929766015938946
" 9030",32,1.0776934617289,0.200884792344899,0.006803479941554,0.0121036637588056
" 8954",39,1.08484941588345,0.130517685175142,0.00181279708509812,0.0103357388622696
" 9468",45,1.13576187823909,0.374088049464098,0.00127261083470509,0.0120092915056366
" 7536",64,1.03925104600187,0.17171188828271,0.00033257347365306,0.00933274189059266
" 8540",44,1.04909543664166,0.156899515929097,7.88373684502562e-05,0.00950824570946455
"10464",30,1.07186360817042,0.184867409232043,3.05176910130024e-05,0.0100915883444573
" 9031",17,0.37497398865165,0.0630987609531893,0.000775542382599367,0.0116683044689056
" 8955",47,1.06386680035606,0.126831613101808,1.50276508776148e-06,0.00911521101585277
"10716",43,1.0471473776288,0.361440852890498,0.00110256718515915,0.011835367717825
" 7530",62,1.05456117048877,0.177807814352955,1.71084025375922e-05,0.0091076994433581
" 7315",65,1.03231885463184,0.17641823368259,0.000473371002644867,0.00911319083823951
" 8542",41,1.00594482273542,0.15027521645621,0.00204665045221669,0.010601480313641
" 8553",46,1.05211898007745,0.148203159448638,5.20187914994359e-06,0.00991010084245572
" 9746",36,1.00884198350931,0.134629824954581,0.00124301792220763,0.00830690273861021
" 7542",37,1.11579256170581,0.340648798420102,0.000643530249505244,0.0115502891541119
" 8953",43,1.05275929710741,0.12614418508174,5.0862818355004e-06,0.00910193618710098
" 9071",52,1.06610487990408,0.146013525261654,0.000187267649397969,0.0098327598236623
" 8949",46,1.00724514340634,0.12704791095272,0.000223334011504245,0.00940803445025779
" 9072",52,1.02753237983282,0.14360213304998,0.000917033495477833,0.0104377532011065
"10210",36,1.04809096084474,0.334045100287199,0.000139872750476261,0.0112028674122003
" 7513",71,1.02416128421919,0.16758591575798,0.000155709582554978,0.00897332762950345
" 8491",41,1.05096438535948,0.155181878249581,0.00119724138568813,0.00987768034717081
" 9278",41,0.871243652049176,0.108684591737847,0.000809990382303438,0.0106926703291735
"11241",20,1.03130353342348,0.234941533813796,0.00864714150960845,0.013605706725666
"11765",42,1.19424897773853,0.445603866546892,0.00198989217082509,0.0130143771296046
" 8492",37,1.02067402398815,0.142269779377251,1.74551944809218e-05,0.00912793357102837
" 7144",51,1.073713086655,0.187105252354161,0.000861893576488431,0.0103573518332924
" 6685",44,0.568641297231878,0.186249993361786,0.000190966763460151,0.0112419781954823
" 8495",39,1.00215467719028,0.125451216157288,0.000103112804483326,0.00930853001932139
" 7108",67,1.11649031748114,0.316700906836673,9.86045092200418e-05,0.0102149502225231
" 7138",24,0.742214778158044,0.171053986934521,0.00585962786912534,0.013018439452004
" 9961",80,1.04286310571898,0.0995588821068332,0.000121839569423123,0.00870013700113235
" 7110",60,1.09535953032229,0.307545621829074,0.000102997207168883,0.0101097902625233
" 9978",67,1.01685880842157,0.0976200203999622,0.00067346995394603,0.0100414836471466
" 7318",59,1.01087466209603,0.171760887733288,0.000288184104906875,0.00869606282817342
" 8105",64,1.12691920389111,0.307017078079227,0.000708495940222317,0.0106992225503025
" 8427",34,1.00325883049803,0.121910620625959,2.65873823219339e-06,0.00857697442967023
"13444",49,1.17203432415386,0.462168894185436,0.000819238167458894,0.0125054567656076
" 8084",39,0.639048830337808,0.204266399840077,0.00193394307063458,0.0116802202393374
"13419",37,0.776315749230679,0.261938084681034,0.00116787966781956,0.0122330507029529
" 7820",46,1.06094865618328,0.294709747116124,4.43893687461853e-05,0.0094371524361647
" 8421",39,1.0550555036774,0.137288413921795,0.000173973958237002,0.00882492855407825
" 7772",51,0.981714504121606,0.276549675819079,8.658238851795e-05,0.00949957123348932
" 9501",52,1.01467174946904,0.172393933213952,0.00139560637727264,0.00979753865724085
" 9744",50,1.03776389877528,0.159819597064768,1.15597314443191e-07,0.0073611870700057
" 8422",38,1.04759312648187,0.134441240389948,3.46791943329573e-07,0.00857423846763406
" 9761",54,1.04751937269671,0.164615241957604,0,0.00742920007856145
" 8423",42,1.05824841696575,0.139485268575615,9.24778515545527e-07,0.00847417206309085
"10821",45,1.00043555666305,0.44705323075208,0.000195128266780106,0.0113864190195008
" 9767",51,1.03488009991545,0.158476509206199,0,0.0073606936648849
" 8420",43,1.05699853225969,0.13862769771321,1.15597314443191e-07,0.00862177971380921
" 8681",27,1.04280117659084,0.0992465667350513,0.00355496421107145,0.0118460669054518
" 8232",33,1.07288847950253,0.427987351528573,0.00048365916363031,0.0115590325852858
" 8349",35,1.1311568880687,0.462742692822661,0.000490595002496902,0.0116534609751668
" 2977",36,1.15969240190871,0.5572358599724,0.00044343129820408,0.0119290409762718
" 9756",41,1.01288315080886,0.144879942900018,0,0.00737959261487053
" 8418",43,1.0407259445264,0.135109952666759,0,0.00852484736803223
"10239",40,0.975778760352594,0.294488412998095,0.000479035271052583,0.0105023168262751
" 9619",51,1.14606779898742,0.445414076026042,0.00256753195109771,0.0133978230740025
" 1460",43,1.0929773413581,0.355453696423911,5.64114894482771e-05,0.00976723128253449
" 9730",37,1.00108604696543,0.131843508955349,3.39856104462981e-05,0.00837511529742918
" 9257",79,1.05765648733755,0.0897436425344257,1.56056374498308e-05,0.00861849329938795
"10027",73,1.07634034011856,0.122941594058348,0.000979571642591599,0.0109781341700602
"10055",48,1.08275495687712,0.226045475467124,0.00256787874304104,0.0117476925140855
"13065",31,0.972604048181636,0.333626588321109,0.00079773706697246,0.0123378524664792
" 8961",50,1.02776246034832,0.120452629843539,0.000245413098562894,0.00916920483567426
" 9260",52,1.05032087546047,0.0891268915125589,0.00105517228623745,0.0102357501145386
" 9953",75,1.05870454303404,0.0943613172012322,0.000651275269572937,0.0105289484257367
"10062",46,0.927630133091244,0.118339715842312,0.00277294837886326,0.0117719200855556
"11561",52,1.04486590210187,0.209754327935479,0.000311534762424399,0.00980693496548554
" 7089",78,1.05478346069078,0.168973207130005,0,0.00801605344931938
" 7373",50,0.953267082483612,0.256721453029543,0.000275930789575897,0.01045619286081
" 7462",56,1.09715649044786,0.296205713413638,0.00019998335398672,0.0104927440437212
"10083",45,0.980036637546437,0.0857697074718526,0.000929402408123254,0.0103706615984584
"10533",46,0.998536128618252,0.0825385073768096,0.000853570569848521,0.0105267647900734
" 7086",81,1.05518060220538,0.170691959001465,5.77986572215954e-07,0.00798673095726683
" 7377",46,1.08581652621489,0.283926193869346,0.00114244825864206,0.0111473044277598
"10317",28,0.965595190018875,0.094491120456541,0.00643368413265023,0.0123591695700181
" 7330",54,1.03977380554166,0.167119395312581,0.00120602678158581,0.00913452262140186
" 7357",56,1.0472806627292,0.183788918665853,3.61819594207187e-05,0.00953571752752672
" 7090",81,1.05125293183943,0.168642711176059,6.93583886659145e-07,0.00799064136853146
" 7150",54,1.30334472206881,0.513314900200112,0.000658211108439529,0.0117411025077203
" 7082",78,1.04438959167918,0.163137218761185,2.31194628886382e-06,0.00802169001323841
" 7145",47,1.16899082103332,0.469891888732282,0.000721558436754397,0.0118196504870113
" 9706",50,1.12372813680948,0.396549280805252,0.00026194351452827,0.0112820951821266
" 9610",52,1.08615094706606,0.198761813882351,0.00125388406976529,0.0113726768836579
" 7517",55,1.02918610405854,0.17988274232508,0.00106661642036732,0.0100736351838976
" 9822",49,1.20507457308226,0.398733150866622,0.00267873656759206,0.0124251418148468
" 8287",33,0.607230971243271,0.201458410252016,0.000235009340263007,0.0109040025007378
"13152",16,0.241491517631634,0.071319736166498,0.00049741524404905,0.00998785407793402
"10715",53,1.29185874957931,0.628674105535812,0.00627762775815192,0.0142081600392555
"10670",32,1.18116182934349,0.449418889279352,0.000333960641426378,0.0112128756032744
"10182",43,1.13799144689798,0.380027810463036,0.000828832744557678,0.0115374463192425
" 9542",53,1.1809760383035,0.37483212986144,0.000418462278284351,0.011420649975164
"10664",34,1.19340385849103,0.45044200780094,0.000109701851406588,0.0111527075104698
"10683",34,1.00840400405601,0.373016422160088,0.000331301903194185,0.0110069283746158
" 9869",33,1.12099628505692,0.347833986047068,0.00137445206872954,0.0120269395832184
" 9770",44,1.01986338943081,0.148896699763047,0,0.00738970938295024
"14400",66,1.71200175327512,0.686940938802234,0.00281768453955278,0.0132019277310989
" 9771",48,1.01677508526881,0.145119766152275,0,0.00748282086274739
" 9254",50,1.08053847063202,0.414145380780866,0.00114291064789983,0.0119839925433567
" 9414",61,1.20561411134116,0.399356086844984,6.46188987737437e-05,0.011346602762188
" 9094",72,1.04842611984034,0.0924913985078673,0.000169812454917047,0.00953650629710551
"14381",40,1.18023645523118,0.479677852802899,0.000718668503893318,0.0127875536347215
" 9745",35,1.00095484338143,0.133990604796129,3.46791943329573e-07,0.00792231093946081
" 9336",50,1.15340050594637,0.418022132651084,0.00031373111139882,0.0117500070842167
" 9074",78,1.05426362675256,0.0887163286202736,8.78539589768251e-06,0.0092148640645244
"14366",55,1.42473602670444,0.528606127912828,0.00254499047478129,0.0130940504458531
" 1550",26,1.02473909754361,0.408806934706981,0.000289224480736864,0.0107412656873363
" 9760",43,1.13702473335754,0.435291076063492,0.000253158118630588,0.0109669133875937
" 9582",42,1.15318695282753,0.412290697349785,0.000131665341150794,0.0110250991766753
" 9173",59,1.09181100665554,0.114270030138615,0.000518685149906597,0.0108675382287749
"12458",16,1.07908849184611,0.172841822794845,0.0111562968169123,0.0133125181362212
" 9970",64,1.05321822567931,0.091966452600899,0.000288762091479091,0.00961877966170854
" 9772",41,1.10727320390363,0.432707570436937,8.27676771413246e-05,0.0109066918484821
" 9579",37,1.10749752786271,0.405743925784133,0.000135248857898533,0.0108467119012158
" 9174",51,1.021197585689,0.109998547117939,0.000694046275916918,0.0112232091549634
"12486",35,0.957191160315595,0.242190195016105,0.00282473597573381,0.0131705634838919
" 7001",73,1.04895281258858,0.195363413760953,0.000261481125270498,0.00905772624340714
" 7256",35,1.0011382649384,0.257648702054901,0.000233159783231916,0.0106429769644202
" 9946",63,0.911484120978189,0.0866790238680055,6.10353820260048e-05,0.00899607231287
" 9588",37,1.11784740390776,0.393103376417457,5.31747646438678e-06,0.0108468254422977
" 9786",25,1.0167296957421,0.368007274268946,0.000289224480736864,0.0109148729609174
" 9922",29,0.982873996649962,0.355431023200243,0.000315118279172138,0.0113341379107336
" 7003",60,1.07418973393655,0.229078071600111,0.000601915216305695,0.0106273634281816
" 7253",36,1.03450442122425,0.270472949298592,0.00114857491630754,0.0107432548108396
" 8417",41,1.02923437578387,0.131355710705196,0,0.00861481573565236
" 8424",29,0.983727726971742,0.120789590534425,2.5431409177502e-06,0.00912597157010109
"10273",51,1.1315576468636,0.368670185452098,0.00176193426674311,0.0123978801450339
"13598",52,1.05130927693754,0.342063202471126,0.00205069635822221,0.0125887721229892
"11165",87,1.07546085249251,0.111703528063538,0.000242523165701814,0.00987578575997686
"11443",53,0.851242371973133,0.147651336701586,0.00137583923650286,0.0111918056698154
" 7316",62,0.972488249226166,0.16060542353225,1.35248857898533e-05,0.00847255641049146
" 9868",36,0.959094741581596,0.316510061952491,0.000238477259696303,0.0107923719115485
"11173",71,1.05041435369684,0.104747935988658,0.000445627647178501,0.0104475222278237
"11438",60,0.928459565387321,0.120830982138274,0.00421398450071208,0.0122008326837943
"12010",27,0.889968462061531,0.253067921245559,0.0002919988162835,0.0118546148311999
"14630",36,0.702154261364231,0.222746395161836,0.000715547376403351,0.0121212829033284
"14399",42,1.37907301433772,0.588791463482867,0.00355380823792702,0.0139336815666181
"13261",49,0.792478880119797,0.303284576917157,0.000434299110363068,0.0122223648580465
"11448",82,1.03357605689003,0.0968207637628774,3.8147113766253e-05,0.00815105117395484
"12077",50,1.25054510815844,0.401338980903702,0.000402972238148963,0.0109184369308292
"10976",20,1.05554629301874,0.1782283020914,0.00355450182181368,0.0125516447635116
"13474",29,0.555460252985232,0.256605952982556,0.000275121608374794,0.0117278650446977
"14397",43,1.24910386036355,0.550918545886017,0.00308344276545767,0.0137139657281348
"11999",34,0.907390530868967,0.305234873011987,0.00200226108347051,0.0125948414928456
"10994",86,1.01977503221265,0.0943382555869816,1.60680267076035e-05,0.00807168228693726
"14371",25,0.687622939428244,0.167857019538102,0.000953215454898552,0.0124969661116281
"12459",55,1.2430675254177,0.355627836208601,0.000403781419350066,0.0114145321943981
"12460",67,1.1795780006614,0.349443057056096,0.000338468936689663,0.0112532456060186
" 9485",64,1.0512431404195,0.084915253416509,3.46791943329573e-05,0.00916254614097103
"10597",102,1.05145873043123,0.0930708743168621,1.15597314443191e-06,0.00742595540230577
"13050",60,1.0598296025998,0.296383882531942,0.00207843971368857,0.0124177198049349
"14834",38,1.04841470410158,0.330620116262701,0.000700982114783509,0.0117336955254753
" 7072",61,1.02636805025517,0.2085647536575,0.00123723805648547,0.0101378793344109
"10596",97,1.05637814073607,0.0935200086042756,0,0.00756404282465949
"13055",48,0.809525219364094,0.23434958234959,0.00136092718293969,0.0122640028077116
"14846",34,0.989952485691219,0.212636973649161,0.000925356502117743,0.011680004312408
"13507",51,1.30334647684402,0.592545194854057,0.000639831135443061,0.0130227102099038
"13874",24,0.398602900108522,0.143337838140209,0.000132705716980783,0.0114668753351363
" 8742",49,1.13748530932658,0.146058892206316,0.00213265485416243,0.0113022343390084
" 9084",34,1.11226757805166,0.161631598182738,0.00347057817152792,0.0123015143774541
"10593",97,1.02372049610617,0.0917800988033757,9.13218784101208e-06,0.00751033270972254
"12831",61,1.21879687195083,0.362990895555695,0.000598678491501285,0.0117327294580073
"13585",54,0.921917374990038,0.261471078752345,0.0005245806129432,0.011474285614351
"13499",43,1.28893126379611,0.538331962620915,0.00154068100689885,0.0130794720661834
"15249",45,1.12811315838117,0.368406335006093,0.00140381378659811,0.0118562105825728
"14416",22,0.824261087108593,0.322550493597877,0.00187961233284628,0.0134242204852681
" 9119",41,0.996714177351097,0.147789053863617,0.000811955536648973,0.0115308093146797
" 9828",37,1.18269371398123,0.446866579573106,0.00108638356113711,0.0115378733373445
"13589",48,1.03840700771919,0.281626967841607,0.00191140159431816,0.0128571767932084
"13512",40,1.09875717417448,0.443492642416196,0.00129607708953706,0.0129476741060583
"15265",36,0.917799133429174,0.178092962276173,0.000611856585347809,0.0111820314059213
" 1458",41,1.10869153229626,0.393857876759053,0.000553479941553998,0.0102324759929727
" 6914",46,1.4285769359567,0.505351257106603,0.0013962999611593,0.0115956358649806
" 8886",58,1.26222440435207,0.381134268349841,0.00306968668503893,0.0124940441074804
" 8948",67,1.23020979232064,0.395291194612575,0.000950556716666358,0.0112253277689293
" 9048",27,1.06061315572734,0.110194704985998,0.00225461002089999,0.0118196359034499
" 9825",32,1.08717611891038,0.402623493696426,0.000146692992028409,0.0110606229894097
"14207",49,0.880320470936185,0.269495521986802,0.000941771320768676,0.0116350544070717
"13527",47,0.852363915791795,0.239220354513361,0.00202561174098803,0.0126629934786285
" 6909",32,0.748035103864896,0.238650548817597,0.000659251484269517,0.0113902832355607
"10170",38,1.13414220025262,0.436960462717733,4.3580187545083e-05,0.010968274470128
"14137",55,0.859441577458402,0.261470097736494,0.000380083969889212,0.0109077641000394
" 9179",45,1.0107438938717,0.155380767807764,4.57765365195036e-05,0.00986830485809773
"10167",33,1.14890311792364,0.434015060607434,8.78539589768251e-06,0.0109624292386418
"10181",36,1.0454413891945,0.400619323800489,0.000323325688497605,0.0111176481225695
"12888",52,1.22481398589745,0.479828373610707,0.00081114635544787,0.0122953707843464
"13866",30,0.817177519753441,0.321339663665119,0.000216513769952096,0.0119433374351395
" 9581",56,1.0003372817754,0.0901733614825838,0.00112198753398561,0.00992469792113916
" 9816",24,1.07927921213164,0.189012369826494,0.00277352636543548,0.012137462032912
"13793",19,0.309539792413225,0.0809735371951611,0.000320435755636525,0.0113958854171099
"12863",31,1.02820084992265,0.416785017448125,0.000219866092070949,0.0120822783589836
" 8958",53,1.04725952780466,0.151344460226279,0.000196168642610095,0.00926123430653704
" 9833",24,1.07927854916493,0.19857179478542,0.000511864908354449,0.0121337296375203
" 7077",69,1.01907451818862,0.187963459799059,0.00160437512715705,0.0100853351380391
" 8213",64,1.083314179061,0.247220678867431,0.00128775408289715,0.00975291981988263
"13891",41,1.27022349288456,0.508355171016348,0.00023547172952078,0.0121196822572764
"10709",58,0.886532058157327,0.0822200040245405,0.00036806184918712,0.00989482253716246
" 8419",33,0.996604252818367,0.12248128324493,3.79159191373666e-05,0.00860965846932109
"13885",36,1.13335840536675,0.448903392845061,0.000528048532376496,0.012276852474171
"13440",49,1.24477357158686,0.494266091012304,0.00163570199937115,0.0127500799456444
" 7997",56,0.995936682983307,0.262988025185282,0.000617405256441082,0.0106167705239333
" 8425",36,0.991050482477667,0.12444988188277,0.000547122089259622,0.00948405505019792
" 8962",44,1.00191496340509,0.123383205779766,0.000110395435293247,0.00870689826002244
"13888",38,1.15073175681796,0.457712259026536,0.00110753786968021,0.0124545650842119
"11230",26,1.08721944895949,0.251607627824038,0.0025771265281965,0.0118435202901009
"10643",30,0.679498965302232,0.0956762191492332,0.00139606876653042,0.0109806734331334
"10276",79,1.05358186909289,0.0780025895318056,0.000141606710192909,0.0083282993991139
"12832",68,1.34257349814246,0.356461384951697,0.000555907485157305,0.011492729571114
"14567",50,1.30386999210071,0.631416303723124,0.00128081824403055,0.0133980871713398
"13729",21,0.433228470685167,0.113374028225883,0.000120567998964248,0.0115114275033224
"12834",53,1.21007565435589,0.333634018829997,0.0003709517820482,0.0113125713833654
"10644",83,1.04685270890354,0.0774968442128475,2.18478924297631e-05,0.00834691098430453
"14394",45,1.39885609797649,0.637921437809362,0.0025040690254684,0.013605653539605
"13445",22,0.395820267281931,0.0718660478463737,0.000742019161410842,0.0110409709789394
" 9300",65,1.04212336565371,0.0916923984860393,0.000389562949673553,0.0101362762299505
"12781",23,1.12976615601429,0.221602547772329,0.00016484177039599,0.0111931257663509
"12736",47,0.893349504947499,0.24386044217825,0.00029234560822683,0.0106330021646086
"10384",66,1.01999274743026,0.0758600413243143,0.000821550113747757,0.00918123944738785
"14395",28,0.67612068569885,0.286348748507707,0.00103263080992102,0.0132174823231192
" 9302",41,1.09391349090755,0.104773579603911,0.000799586624003551,0.0113076801689746
"12927",20,1.04322777723075,0.204770407430799,0.000466550761092718,0.0114219920442924
"12471",31,1.12119385066548,0.253230962872853,0.00693040579281262,0.0128798185345742
" 7550",49,1.22715832582693,0.563215105324233,0.00416046294412488,0.0132491532207465
" 8220",66,1.36674002346423,0.615484599385873,0.00433015980172749,0.0131782710677176
"10086",40,1.15167058005417,0.405135540052688,0.000189348401057947,0.0112018942207221
" 9405",48,1.02217534723279,0.116455543676664,0.000647691752825198,0.0111505447113903
"12894",17,1.08448958141639,0.219571549115826,2.57782011208316e-05,0.0114389768398935
"13189",57,1.4820219023469,0.525276579866569,0.00894815691641852,0.0140997646356229
"13992",22,0.386674319878021,0.117456679811655,5.44463351027429e-05,0.0110361639043695
"10103",39,1.16825642283373,0.383493803856623,0.00107251188340392,0.0116489997758429
"10016",27,1.11281843344181,0.357039870598699,0.00133873249856659,0.0117055103281385
"10454",37,1.18491271740875,0.373690043978499,0.000352109419793959,0.0105942436828589
" 9447",50,1.25402620136858,0.488637957125607,0.00151744594669577,0.0122237385012345
"13350",33,0.696387941659082,0.268939669114318,0.000497299646734607,0.0124066014884125
"13073",45,0.940237200456336,0.323470359730965,0.000683642517617031,0.0117643503817962
"14095",66,1.05121268428558,0.354329609172873,0.00119458264745593,0.0120903579828634
" 9261",85,1.05246280017158,0.0875116387910324,6.70464423770507e-06,0.00856171067199228
"10455",43,1.16597973882752,0.364769189895194,7.8721771135813e-05,0.010387196675161
" 9448",55,1.20981296277306,0.454255743522748,0.000529088908206485,0.0118094499750184
"13187",52,1.09411007199929,0.430915584825964,0.00301778349085394,0.0137228897996037
"13699",46,1.47205015022375,0.630258023771982,0.00214305861246232,0.012822236352018
"13017",46,0.912658998344502,0.29059386638039,0.00155536186583313,0.0125056026929301
" 9259",61,1.05969800442737,0.0873155654641377,0.0001731647770359,0.00974631106941972
"13181",44,1.08472625219408,0.36537077684898,0.00572680655483012,0.0134161654281818
"10457",40,1.06608466840577,0.306700689138741,0.000597291323727967,0.0104019951891859
"11118",45,1.16376148376377,0.361043698857272,0.000453025875302865,0.0108137363565102
" 9717",53,1.17424158418326,0.445081721493203,0.000572553498437124,0.0117771664131914
"13666",43,0.869422274876737,0.250999856639562,0.00202538054635915,0.0122434169682043
" 7073",76,1.01065749506304,0.178997888841352,0.000414994358851055,0.00908205326850295
" 7168",55,1.12668750470721,0.282101830073299,0.00163720476445891,0.0112290766072602
" 7370",52,1.086633246558,0.280910091845117,0.000587465552000296,0.0107992282713292
" 7686",17,1.02185266019617,0.173517123989444,0.000447361606895149,0.0104951636139437
" 8263",28,1.11670897259492,0.218801473121798,0.000541457820851906,0.0108177514705818
" 9513",71,1.04915952937115,0.124191598998078,0.000247956239480644,0.00940637752168694
" 9701",50,1.02844550872081,0.118286176576982,0.000377887620914791,0.0100585233685688
" 9716",41,1.076422306791,0.410339153007097,0.000652200048088483,0.0118514977847817
"11119",40,1.15421349726745,0.366672476591852,5.95326169382433e-05,0.0105064822108203
"13700",41,1.18711242362176,0.535196513932343,0.000500536371539016,0.0126258159884684
"13575",18,0.443363692200601,0.118029324937509,9.05126972090184e-05,0.011592907607711
"14187",48,1.36793140264239,0.579605064835853,0.000701097712097953,0.0116937218714365
" 8264",20,1.04376673995434,0.189515954866194,0.000666418517764995,0.0108756241841455
" 9517",63,1.06881656141254,0.123516630133483,0.000358236077459448,0.0101729664883042
" 9697",29,1.03334946260719,0.0985922809041201,0.00209612610279838,0.0114666107549164
"13692",34,1.13029085056711,0.497881329259499,0.00130648084783694,0.012701845542641
"11116",37,1.00564034370099,0.323043602695149,3.46791943329573e-06,0.0103675507430359
"14192",41,1.25288064331268,0.557339564836347,0.000557872639502839,0.0116426425482539
" 8416",36,0.991209056164096,0.130077360045384,0.000290842843139068,0.00916685418282578
"14201",42,1.14323427203737,0.495656125285437,0.000406208962953373,0.0114296150029599
"12194",75,1.06765301485231,0.105178866298214,6.93583886659145e-07,0.00869245871646031
"14608",40,1.39521537551928,0.616179920565562,0.00021084950154438,0.0113562075324442
"14185",36,0.917098256848116,0.362681513794997,0.000475798546248174,0.0112992185882586
"12187",77,1.06094193984303,0.105150673922784,5.12096102983335e-05,0.0087849403751766
"14619",40,1.0969512374191,0.473414336426067,0.000313268722141047,0.0115767445628756
" 8460",27,1.15922314575133,0.244254720935836,0.000156634361070524,0.0105992583155942
" 8956",48,1.06679865805786,0.149012627626559,3.69911406218211e-05,0.0092887863387111
"12878",20,0.994930620242488,0.195709357741107,0.000167269313999297,0.0109658792457822
"14156",23,0.457443216450082,0.165760727415358,0.000696011430262452,0.0122314402434054
"12203",66,1.04476332316293,0.118011848061151,0.00107551741357945,0.0107121872873168
"14623",40,1.35287798774385,0.592019699989737,0.000384129875894723,0.0114763469709377
"12082",79,0.966830019700998,0.0890059854116522,6.12665766548911e-05,0.00894829692093745
"14057",40,0.678600656465372,0.207444242870602,0.00123527290213994,0.0121972709482339
"15035",41,1.27190672927915,0.543987804957518,4.45049660606285e-05,0.0109663732884804
" 8471",27,1.14553490008514,0.241464420653902,0.00122810586864446,0.0105372981122621
" 8963",43,0.943487968088607,0.112914321242846,0.000285178574731352,0.00947448220033981
"12882",23,0.87905329420643,0.181731034647772,0.00159073464405275,0.0117625917192004
"14625",36,1.10581846431312,0.450392811855628,0.000425976103723158,0.0117452588769952
"15033",42,1.28247620295944,0.541104325752464,2.67029796363771e-05,0.0107738761281162
"10482",35,1.02727880501838,0.146459164795721,2.86681339819113e-05,0.00897587364695925
" 8132",39,1.13248448370533,0.37546826506223,0.00263492518541809,0.0125271881173832
" 8321",49,1.11439768963885,0.442814136383839,0.000850449442358555,0.0123482252757451
" 9985",46,1.04179025398118,0.0974561041875458,0.000691040745741395,0.0109099703480156
" 9323",37,1.03499775178928,0.0708699832580539,0.000209462333771062,0.00942159135118696
"11591",59,1.01253634249977,0.091594077781934,0.00107655778940944,0.00996426893389391
"11346",84,1.03426858136228,0.0780594234088094,2.31194628886382e-07,0.00721363606980809
"12907",59,1.32154362477002,0.704419529144111,0.000514986035844415,0.0121012281193337
"13997",19,0.423060074476184,0.113105439545064,0.000157674736900512,0.0114666718137093
"15039",37,1.25918007754519,0.54023268607211,5.98794088815729e-05,0.0109723320906124
"10477",33,1.07453532608818,0.162108577060795,9.75641333900531e-05,0.00987239748494278
" 9294",39,0.990255181725249,0.0716060419130813,0.000663528584903915,0.00947382783884577
"11592",34,1.03048835934139,0.0914213941432294,5.24811807572086e-05,0.0104268956348224
"11330",88,1.04125417777093,0.0770854163431397,1.04037582998872e-06,0.00718830985277346
"13180",58,1.3042140762242,0.70476717410727,5.28279727005382e-05,0.0120386434564676
"15034",44,1.31328961826613,0.543102543772408,8.40392476001998e-05,0.0109212607815212
"10465",30,1.06344537253984,0.168646304025593,0.000826636395583258,0.010485552005
" 8426",38,0.985289782635227,0.122575036052975,5.77986572215954e-06,0.00876330616730753
" 8952",40,1.03027141734414,0.123089808221154,6.93583886659145e-07,0.00910128521281516
"11338",85,1.01126728753468,0.0762125419169502,1.44496643053989e-05,0.00717312967829278
"13176",66,1.26245101410398,0.670395721681779,5.6295892133834e-05,0.0118601010807061
"13684",42,1.15555001727854,0.5109988871369,8.50796234301885e-05,0.0108965181285372
"12078",18,0.911930150721473,0.09213673039457,0.00166783805278636,0.0112936117698448
"14998",36,1.01539200134353,0.392822564453205,0.000337890950117447,0.0111142870724895
"13491",40,1.41307546990931,0.627853494287574,0.00111470490317569,0.0132650087369545
"10466",34,1.1839608388517,0.211858166166196,0.00244765753602012,0.0108629249886699
" 8959",46,1.01507898041842,0.124590769857636,3.50259862762868e-05,0.0089252540146123
"12839",50,1.09278570891855,0.302760423261446,0.00051695119018995,0.0112577748747398
"12404",52,0.987648045958261,0.343629483834908,0.000676244289492666,0.0115718323189054
"11380",95,1.02588844673715,0.0777578988643848,1.60680267076035e-05,0.00715569037447513
"13169",50,1.09670802158031,0.561591426555222,0.000628271403998742,0.0122722582110411
"12108",20,1.06286474642899,0.116768438931365,0.00119331107699706,0.0118336656211568
"13680",43,1.20405895167517,0.517852846972057,0.000367137070671574,0.011001806632452
"13496",35,1.31175534097303,0.58062496324149,0.00142508369245566,0.0132210919054082
"11460",102,1.03951314673315,0.0952059429292269,5.77986572215954e-06,0.00807927432856145
"10794",35,1.0747373508776,0.175555727361108,0.0015533967114876,0.0117457550706177
"12860",39,0.972135171415217,0.24890251664228,0.000799817818632438,0.0113527918069428
" 9566",43,0.946942476176387,0.117281820380023,0.00157304825494294,0.0113232602987487
" 9348",86,0.977606428117718,0.0913101510709511,2.3003865574195e-05,0.00866234717825217
"13148",31,0.514972901002421,0.173140725612906,0.000366559084099358,0.0112868040959977
"13683",36,1.12639706875547,0.488849441589657,0.000209115541827732,0.0109740746734388
"14193",44,1.19344000770271,0.555562052688364,0.00010288160985444,0.0112949079569525
"12797",62,1.01156542249092,0.074191700710443,0.000410254868958884,0.00878560290556832
"13484",39,1.28103132324132,0.509921879417062,0.00279271551963305,0.0132190135930872
"10793",24,0.998160401246194,0.15410052440285,0.00108014130615718,0.0115479555391067
"11204",85,1.02484003959752,0.0964827759101977,2.13855031719903e-05,0.00863539715595929
" 9349",52,1.01706648951342,0.093768773421525,7.13235430114488e-05,0.00975076530710754
"13697",32,0.871400208647319,0.362987387499366,0.00077600477185714,0.0113374813509998
"14200",43,1.21676733094175,0.553946917105123,0.000571859914550465,0.0114340185522744
" 8138",54,1.16675600069715,0.507074556651984,0.00253412432722363,0.012547118830864
" 7401",58,1.22932742218082,0.433281691504983,0.000238246065067416,0.0117124246282966
"10804",33,1.19098126007386,0.217977784329654,0.00424912608430281,0.0124599385420825
"10985",90,1.06495163402382,0.100318588834658,0.000152588455065012,0.0100921184422083
"14203",50,1.00174652359169,0.417713169016697,0.000187845635970185,0.0109074295934083
"14616",51,1.17307069742596,0.55448785624434,0.000303905339671149,0.0110693067356225
" 8125",46,0.764352270501109,0.194159314072735,0.00127804390848392,0.0123435770009544
" 7399",55,1.20299086503814,0.409163384395426,0.000556369874415078,0.0116729626942676
"11030",84,1.0200671382282,0.0904962091819372,6.58904692326188e-06,0.00872853816104845
"14198",35,0.643513315817326,0.263245032582364,0.000407827325355577,0.0113117685943332
"14609",52,1.18417820499893,0.552814509579883,0.000163223407993785,0.0109071334895212
" 7393",53,1.10810132035655,0.412075381234646,0.00103147483677659,0.0122069719481679
"14611",58,1.13486045790747,0.515438679137651,0.000129006602918601,0.010808959952293
"15049",55,1.15994883951188,0.511611700066463,3.07488856418888e-05,0.01033784442219
"14649",20,0.368436542628119,0.132636799599767,3.8147113766253e-05,0.0104472987764615
"15050",56,1.16160834556057,0.507894786518091,0.000417075110511033,0.0105169380747178
"10221",20,1.06835499695917,0.20264019307577,0.00346341113803244,0.012499433361341
"15040",52,1.15752997130111,0.497567321048973,2.90149259252409e-05,0.0100608216968589
" 7081",80,1.05592771029581,0.171260718914361,4.33489929161966e-05,0.00814961437295316
"15055",45,0.988291898114034,0.43132194159157,0.000305523702073353,0.0103628263040278
" 9748",43,1.01376987694948,0.138777242746222,2.08075165997744e-06,0.00813035383330242
" 7067",76,0.993132986265532,0.164662026943198,8.5426415373518e-05,0.00818202001526857
" 9759",59,1.07587749330689,0.175877717362183,1.94203488264561e-05,0.00745023086984353
"10919",105,1.0722586728504,0.105671566765781,1.04037582998872e-06,0.00821587710608907
"11676",33,0.672491093039969,0.238765479576421,0.00194423123162003,0.0129575667463621
"10776",49,1.04809413378919,0.0937870651856297,7.37510866147558e-05,0.00995297113885074
" 9616",60,1.05993374571306,0.0713160681644198,5.44463351027429e-05,0.00829505740868358
" 9863",47,1.06991246528032,0.096034815656923,0.000472215029500435,0.0100559443156486
"13421",41,0.982624894720849,0.292028829332816,0.0010788697356983,0.0124405407798969
" 9766",57,1.09280894598307,0.179122907397217,0.00195128266780106,0.00806702433709773
"12847",24,1.0788445128659,0.226418602830864,0.000505044666802301,0.0112964930623067
"10930",80,0.992752334303397,0.107868555799687,3.12112748996615e-05,0.00886770231299887
"10769",48,1.07809485421728,0.099135460494889,7.30575027280966e-05,0.010103150958688
" 9617",55,1.0378940083187,0.0703594976335815,0.000173973958237002,0.00888142880136452
" 9873",54,1.06444304462922,0.0915967123861069,5.8145449164925e-05,0.00952211893323198
"13395",38,0.834920080248187,0.249173515219074,0.00158449238907282,0.012659810970458
" 9765",52,1.06524276452222,0.170021279363964,1.47964562487284e-05,0.00739525531244687
" 7083",79,1.05410704900679,0.169841931056542,2.31194628886382e-07,0.00806059264864634
"12890",21,1.09515409573764,0.227503446184442,0.000443200103575194,0.0111132454817349
" 9628",61,0.948544000322483,0.0741313585195049,0.000345289178241811,0.00919627147491405
"10781",58,1.07716974558357,0.0984292057655574,0.000144381045739545,0.00980893115773414
"11251",53,0.931846509119524,0.173087320220124,0.00385332087964932,0.0116744874369507
"10998",95,1.04715144214416,0.09383738614221,2.45066306619565e-05,0.00863285378359751
"12102",53,1.33080753161753,0.425367506673455,0.00971109919174358,0.0130236080059209
" 9805",63,1.0625885693884,0.0892508921583057,2.16166978008767e-05,0.00934982693156566
" 9755",41,1.01980086481616,0.143088539608602,9.66393548745076e-05,0.007647874586494
" 7087",82,1.039424579504,0.16720404944837,5.77986572215954e-07,0.00799959672010677
"13184",51,1.27448285717284,0.631249084682591,0.00125504004290972,0.0119557584925012
"10792",48,1.10207591726684,0.118593231579439,0.000285062977416909,0.0103636582274643
"11960",27,0.517186726910466,0.146295222918176,0.0017664425620064,0.0121226985634251
"11171",26,0.423726641182833,0.0564357914486149,0.000334307433369708,0.00994557688582566
"10996",89,0.941729870681787,0.0887803463514307,0.000101610039395565,0.00931213555781753
" 9808",51,1.03596892657277,0.0868740803406155,0.000631508128803152,0.0103777129427386
" 7074",78,1.01759077435314,0.163442159294106,0.000573709471581556,0.00935916084446546
" 9949",83,1.07919493745415,0.102382144272221,0.00069520224906135,0.0105999563913194
"10074",33,1.04595353545183,0.114944218584244,0.000445165257920728,0.0115375776586127
" 9233",35,1.11694947959006,0.201128814691448,0.00241448110677493,0.0118909415864658
"13376",49,1.09755528915887,0.542390341519638,0.000230501044999723,0.0112830441079106
"11272",65,0.962014582246382,0.101942769299706,0.000427247674182033,0.00926628776028262
"13797",64,1.49216922734032,0.69984345878608,0.00144612240368432,0.0124126914569765
"11961",40,1.04322695528449,0.106230983972539,0.0001680784952004,0.00964230058109888
"10094",87,1.04206186340147,0.0976465780220513,6.47344960881869e-06,0.00788218323701649
" 9226",33,1.07252425969945,0.190006259166451,0.000695086651746907,0.011718023095353
"13173",39,0.939253485620305,0.372259418917714,0.00103436476963767,0.0118969049387735
" 9826",46,1.14124305989763,0.417245437239854,0.000703640853015703,0.0117644577326216
"11008",20,1.05545773584831,0.178203649677459,0.000101147650137792,0.0125512844823924
"13694",41,1.41936569344955,0.630976484670396,0.00208098285460632,0.0124572721386699
"11836",97,0.999612475616972,0.0946265309775232,0.000204376051935561,0.00948474301099024
" 7207",51,0.999903392710398,0.298074846833737,0.000493253740729095,0.0112741457078504
"14529",49,0.598286579739035,0.140176597255611,0.000435570680821943,0.0106659022655138
" 9969",80,1.05285155647228,0.0980913949549524,0.000466897553036048,0.00895957774394016
"10497",72,1.04029805542927,0.101731075985799,9.36338246989846e-06,0.00890508436229409
" 9487",73,1.04297074741758,0.08070505755794,2.91305232396841e-05,0.00856899078573922
"13170",28,0.715584602187771,0.22878512877616,0.00158114006695396,0.0126309828178883
" 9817",49,1.17931263014715,0.400003932210106,0.0015533967114876,0.0118579064906522
"13840",23,0.575957814503396,0.257200371550779,0.0003811243457192,0.0116090488398062
"14255",53,1.45541120769657,0.667138484881635,0.00224640261157453,0.0126533747132971
"12411",56,1.24499009578437,0.542623957209754,0.00292472765272717,0.012900292917076
"14877",33,0.814732375252413,0.272178431181316,0.00155570865777646,0.0123296760194729
" 9490",44,1.02760265718496,0.0890710997912345,0.000600065659274604,0.0104307957562687
"13824",19,0.316981127829906,0.0969056338193966,2.64717850074907e-05,0.0107784505366969
"13695",37,1.11857960480476,0.476609028688957,0.000982923964710452,0.0123675060307496
"10160",42,1.14906127537983,0.419914657630626,0.000552208371095123,0.0117324431608809
"14191",56,1.28744029201967,0.560961262510992,0.00028910888342242,0.0109820823193731
"12409",55,1.56205742148398,0.66358766307405,0.00268382284942756,0.013057569106615
" 8284",38,1.08497000001661,0.262510983968657,0.000355230547283925,0.0112120845355465
" 7402",53,1.21427393528345,0.490762830815614,0.000802360959550188,0.0120248054893011
"10405",91,1.02197770694182,0.0761885756303607,1.28313019031942e-05,0.00862688294959786
"10018",43,1.00363489077831,0.115039354477206,0.00093830340133538,0.0101659872662844
"13738",13,0.295453784884347,0.0872974456768521,0.000344595594355152,0.0107857142815448
"10168",35,1.01261369643678,0.375202195381647,0.000703294061072373,0.0117857824422021
"14183",51,1.25319097498257,0.55476772119172,7.46758651303013e-05,0.0109142444986595
"14643",39,0.937283502433011,0.405548606320037,6.5428079974846e-05,0.0108836811883842
"13048",38,0.877022473004777,0.383005997856864,0.0008955323949914,0.0116223964740232
" 8285",22,1.05952642839809,0.236611231904017,0.00150184030924594,0.0113003183128005
" 7405",53,1.17558645781421,0.480590067021789,0.000665609336563893,0.0118142082735179
"10031",46,1.04338068369453,0.113535901183154,0.000450482734385115,0.010031471943734
"14408",26,0.59726374104961,0.194624673112568,0.000492097767584664,0.0117954164028591
"14274",45,0.723774892256689,0.296961605912482,0.000130393770691919,0.0108786603810748
"14604",48,1.22259855471,0.556641066486972,0.000129815784119703,0.0111485898153311
" 6917",48,1.22919184241818,0.407085684627665,0.00166679767695637,0.0119375160453741
"14386",63,1.0355079907203,0.405924201866719,0.00181938613202138,0.0131508190482724
"14194",21,0.525512572033491,0.21616978214858,0.000373032533708177,0.0116330378589116
"14605",44,1.2194979036428,0.563418511750903,0.000995292877355873,0.011470703151223
"15157",37,1.47929004363823,0.529535036119593,0.00160368154327039,0.0126000937581204
"15069",38,1.00973898165365,0.415501660230265,0.000307026467161115,0.0108811866535512
" 9731",40,1.00666766678267,0.134243260574716,0,0.00797535924462309
"14607",28,0.899382457986069,0.40538314161786,0.000350375460077311,0.0110840497211891
"15041",50,1.24440675047025,0.579409088661981,0.000355346144598369,0.0109588773983152
"14577",31,0.752146081988782,0.267250364160529,0.00129757985462482,0.0116794203685901
"15160",62,1.65722461874285,0.664036168952554,0.0016722307507352,0.0136158022184211
"15043",44,1.20512739949292,0.56063938295603,0.00058180128359258,0.0111566558078431
"15042",55,1.20698972601302,0.541178773257988,0.000174436347494775,0.0108567608543334
" 9573",50,0.984794339990689,0.0859794507365925,0.000617289659126639,0.00960997854098212
" 9384",26,1.06817635623179,0.076691861440136,0.000109123864834372,0.00925831022440484
" 9834",27,1.04413629637324,0.209212884020589,0.00285375090165905,0.0122816330656993
"13784",47,1.25464563844048,0.581035658127211,0.000182874951449128,0.0113526132895674
"12310",32,1.03834466123062,0.0991351787182886,0.000202410897590027,0.0106982311355192
"10065",76,1.02892187894864,0.092289126719244,2.52002145486156e-05,0.00830763137030062
" 9381",29,1.07979730841462,0.0783727472382126,4.73948989217082e-06,0.00916400795651049
"13781",47,1.19663173738637,0.571285994565108,0.000124498307655317,0.0113226729247723
"12293",32,1.03437881901511,0.0983923557690826,0.000172586790463684,0.0107514845062111
" 8216",52,1.05309947578229,0.33077417466647,0.000410254868958884,0.0117479005923686
" 9973",61,1.01544711919939,0.102984056746411,0.00182320084339801,0.0102776271851093
" 9380",26,1.05117436512898,0.0758864759744058,3.88406976529121e-05,0.00921798079040063
" 9484",84,0.999742590642969,0.0816697759995712,4.12682412562191e-05,0.00980826884751106
"10416",73,1.02083823819564,0.105365310624679,0.000204029259992232,0.0090456514330579
"10829",72,1.06338010620326,0.106863144699865,1.68772079087059e-05,0.00927181997110302
"11260",32,0.924622229266639,0.222553147723839,0.00403596463646957,0.0133074357174852
" 9508",53,1.01646794137374,0.0985614750316158,0.00276138864741894,0.0111380460364662
"13777",45,1.12768754923511,0.519854336531307,0.000152126065807239,0.0112413186210548
"12328",20,1.05816042826399,0.116919167965375,0.0013376921227366,0.0118269032555767
"14258",39,1.25755863542224,0.529230082537178,0.000371529768620415,0.011774267218524
" 9385",24,1.03695588534664,0.0752763101639629,0.000378003218229234,0.00975975199928286
"11273",36,0.793471057963242,0.119905349851583,0.0011230279098156,0.0117079167448117
"10825",76,1.05456628429005,0.103421257541741,4.25398117150942e-05,0.00906946284411977
"10498",98,1.06627386593012,0.0972522942923239,0.000262752695729373,0.00954866260221193
"10665",85,1.01756982749882,0.0979711791337496,0.000290958440453511,0.0094533958241159
"10835",77,1.11409569941501,0.129763857503611,0.00159986683189376,0.0116276833667246
"10340",36,0.884680610643828,0.0874929719336687,0.00133711413616439,0.0108588201529077
"13414",47,1.3053563507836,0.544259009186841,0.00199925555329499,0.0133214249652624
"16185",78,1.29738481481762,0.389345053599638,0.000617405256441082,0.0114073693957484
"13782",49,1.00989799379026,0.469632735047241,0.000729072262193205,0.0120470862570417
"14262",40,1.2910256545081,0.534522927466248,0.000214433018292119,0.0117257958663659
" 9758",37,1.01536418840478,0.133886128564335,1.15597314443191e-07,0.00825270545819807
"12169",75,1.01735441262297,0.108758585058554,1.83799729964673e-05,0.00883667420148742
"10824",31,1.09455169539899,0.209356974113253,0.0120883579632678,0.0133579393154986
"10619",19,0.432415400000467,0.0507801011137105,0.000253736105202804,0.0108917592147945
"10403",82,1.02410224865072,0.0880035261390034,0.000251308561599497,0.00905783500446737
"10915",37,0.898491141610335,0.224616947244374,7.23639188414375e-05,0.0114124774757573
"10251",109,1.06657710410338,0.0973674184768932,3.46791943329573e-07,0.00717828318812853
"10111",16,0.269604528683249,0.113004648315873,6.24225497993231e-06,0.0101826504047896
" 9479",26,1.05154938722496,0.134663075166158,0.00342457044037953,0.011665700071209
" 9930",93,1.05075400581762,0.100871812861617,1.2715704588751e-05,0.00845862928199023
"16192",75,1.30791642605125,0.393368879438941,0.000858425657055135,0.0115710323962269
"13810",35,0.616520644193385,0.206692688303421,0.000906167347920173,0.0119699640682821
"14251",31,1.01307172576079,0.426604750436597,0.00027893631975142,0.0116454492097353
"14690",48,1.26929392051894,0.553762097199781,0.00132983150535447,0.0120022743316636
" 9769",38,1.01816279312685,0.134396288642562,3.46791943329573e-07,0.00834090819935951
"12204",54,1.02955735782747,0.130680251614896,0.000328758762276435,0.00985664081248459
"11011",34,1.00651384897216,0.202887755411467,0.00100003236724804,0.011334304889619
"10379",101,1.01160371915112,0.0803653538623495,1.69928052231491e-05,0.007872995149984
"10633",36,0.809511024457955,0.0737857853781776,0.00150345867164814,0.0110029387876118
" 9942",100,1.03261887629525,0.0987368409373488,3.50259862762868e-05,0.008563173455324
" 9478",45,1.0724611898978,0.113030038988155,0.00068976917528252,0.0105822119199949
"10398",102,1.05256933530849,0.0967204206942531,2.31194628886382e-06,0.00818751718232467
"16149",57,1.24754417438493,0.380023682063727,0.000765832208186139,0.0113782706791277
"14253",47,1.07990721044615,0.425119367157087,0.000370142600847097,0.0117891292537794
"14685",48,1.24485709151285,0.552762568483894,0.000434414707677511,0.0118438153232488
" 9754",38,1.00808140635732,0.132797519280356,4.62389257772763e-07,0.00852492425950822
" 8243",44,1.04728812705778,0.144404704473184,0.000172124401205911,0.00969915204998707
" 7663",47,1.05355065908616,0.156445602315523,5.14408049272199e-05,0.0091108167195391
" 7201",45,1.34968323199902,0.600459725083058,0.00115840068803522,0.012788505099745
" 9782",38,1.1059237261918,0.406428844124598,0.000298356668577876,0.0109648480408187
" 9584",36,1.12458095194966,0.412450965304835,1.15597314443191e-05,0.0108728494016329
"10980",22,0.965644391475927,0.116553937080733,0.00252799766955814,0.0119332514773012
"10602",75,0.999435283899591,0.077657081282392,0.00206560841178538,0.0104915455514468
"10254",32,0.966020395286903,0.105267395902272,0.000563768102539442,0.0107741822885425
"12053",77,0.980786637150266,0.0880937000223827,1.5143248192058e-05,0.00834877417478591
"10868",48,1.00837915351775,0.124604287598019,0.00303234875247378,0.0116137144135626
"10785",43,1.00584622894135,0.13458576568196,0.00493195942071874,0.0122413897389645
"16129",58,1.19735710202278,0.356847845262752,0.00222455471914476,0.0120367156273623
"14672",25,0.372922424175125,0.134895457236474,3.05176910130024e-05,0.0103932065563056
"15066",40,1.18728717366011,0.519504925680339,0.000666880907022768,0.0116323609170274
"15153",50,1.2867418186151,0.530807738540593,0.000563999297168328,0.0122523373366132
" 9749",42,1.02081446812243,0.136674382743826,3.66443486784915e-05,0.00859454772521053
" 7665",44,1.0433355867751,0.137871691689133,1.2715704588751e-06,0.00867190401732591
" 7200",35,1.30982364045985,0.596630203359481,0.00102789132002885,0.0127713878653814
" 9592",33,1.13512051397315,0.4279746391616,0.000170968428061479,0.0109825535722635
"12012",62,0.977250489520647,0.0840922113947977,2.93617178685705e-05,0.00869257922370031
"16403",34,0.796084193081807,0.253490073250149,0.00227923224887639,0.0123922454905718
"10436",41,1.15686321182945,0.412978068683757,0.00578714835296946,0.0136350412614135
"15065",49,1.23088753968273,0.52487614565131,0.000207265984796641,0.0114736171666424
"15150",49,1.30339964271427,0.505583607158491,0.000763404664582832,0.0123335866954068
"11318",89,1.0310707403299,0.0735506171031673,3.23672480440934e-06,0.00751989220442352
"15077",43,1.03831045967884,0.455136992591111,0.000280901474096954,0.0113813285621958
"11403",60,0.987568656256061,0.0806469420231231,0.00344017607782936,0.0103845387979052
"11371",89,1.03516623741469,0.0803350677089279,0.000231657018144154,0.00820897940409001
"13557",42,1.28263140712119,0.533431540931197,0.00209728207594281,0.013101012856623
"13862",9,0.136731655610856,0.0265672768687967,7.39822812436421e-06,0.00776994365771302
"15708",18,1.13643155796609,0.343308926455234,0.00153362957071781,0.012621211158835
"13550",33,0.924007289491433,0.316398638583444,0.00143479386686888,0.0128270024505972
"14355",12,0.348011843047681,0.0990524975858804,0.000202988884162243,0.0114985965846255
" 9768",37,1.01377432859783,0.141422043632436,0,0.0075319652010334
"11848",25,1.1574587903094,0.148501594856895,0.00770756653781419,0.0129688017556594
"12202",42,1.0019924015929,0.0997446768849323,0.000318470601290991,0.00968704926312708
"10260",11,0.697414756345119,0.0999946291912776,0.0153658886196756,0.0136871413182115
" 9757",38,1.02330119708198,0.144270252802967,6.93583886659145e-07,0.00776363713091372
"11875",27,0.979603059632021,0.114202768528928,0.0100922235374628,0.0127826341435344
"12200",55,0.958022756341882,0.112577469707404,0.00103690791055542,0.00992283819140351
"10274",25,0.837627680283475,0.107868080996016,0.0132134666247434,0.0129127418752143
" 9753",37,1.00942718265749,0.133978813379926,0.000307720051047774,0.00802268109445429
" 8389",38,1.0900310523055,0.365485986221001,0.00198237834538628,0.0121122308094936
"12437",51,1.072250558039,0.342262694698061,0.000488629848151368,0.0117746674028064
" 9422",73,0.989483133161939,0.0724534482501543,0.000117562468788725,0.00852618254298606
"11871",47,0.746960365201747,0.138585793937718,0.00134104444485546,0.0115053523656922
"12029",87,1.04506959391342,0.118134585885772,0.00144461963859656,0.0103943278092583
"14497",30,0.602229602867446,0.158472863429032,0.00230096454399171,0.0119852958693032
" 9729",49,1.07096931702582,0.154045584853326,0.00345936523202693,0.0101040453920142
"13795",62,1.39848210292958,0.643688968519779,0.000472677418758207,0.011563555701903
"12018",91,1.02349883528285,0.101420486837879,0.000230732239628609,0.00966687069145564
"10591",101,1.04098288731194,0.0922452936232425,1.84955703109105e-06,0.00731517963857664
"10049",10,0.683652823404937,0.115976930509421,0.00083542179148094,0.0116957250902389
" 9295",42,0.996821602753002,0.0773325887476933,0.000373610520280393,0.0100986322069984
" 9547",23,1.16662666881167,0.170585655313793,0.000591280263376921,0.0118214577089099
" 9914",36,1.02303739783721,0.066555036555497,2.31194628886382e-07,0.00891652803062489
"11257",88,1.03893067618306,0.0768080911939097,1.35248857898533e-05,0.00804138291044977
"13792",58,1.36716904189613,0.625860614238116,0.000727453899791,0.0117296757953263
"12069",28,1.04178070965497,0.105736669744522,0.000166922522055968,0.0108496923928813
"12680",63,1.02811440201536,0.12999976810166,0.00175418924667542,0.0106251910233077
" 7088",67,1.05665744201072,0.16829446276329,9.24778515545527e-07,0.00822234616079184
"10594",99,1.02594568915651,0.090467103589708,5.20187914994359e-06,0.00755789529283648
"10518",57,0.986992521741158,0.0886388577178434,0.000212583461261028,0.0101561537604243
"10515",53,0.976435968532401,0.0865606946072285,0.000898769119795809,0.0104281591152581
" 9209",39,0.965762709133203,0.0766932804480702,0.00161212014722474,0.0104601665024332
" 9913",38,1.02318661283355,0.0668475378776157,6.57748719181756e-05,0.00914201353625446
"11300",86,1.03293511336138,0.0763077527063533,8.32300663990974e-06,0.00772522789226299
"13787",39,0.980040046867395,0.445152598362528,0.00111493609780458,0.0118282470457762
"14260",47,1.28787656191848,0.577820091020766,0.00038366748663695,0.011631373127596
"15061",56,1.3109294050427,0.638101411714477,0.00146091885993305,0.012871972357967
" 7084",75,1.04504333402474,0.166301284246164,1.73395971664786e-06,0.00813818153578239
" 9963",84,1.00527821059057,0.0891833984260145,7.97621469658017e-06,0.00794115460368699
"10608",59,0.996263073432788,0.0918070750894267,0.000368755433073779,0.0101547440371736
"11326",89,1.04009336056478,0.0774283001015849,1.19065233876487e-05,0.00799150570557856
" 9919",40,1.02435055614382,0.0681468194813296,5.0862818355004e-06,0.009149005365017
"12095",81,1.0235356475336,0.0687343535035123,1.34092884754101e-05,0.00768232836941842
"13799",25,0.420618150612517,0.141300684072237,0.000172933582407014,0.0117135293959779
"14261",47,1.25383937206629,0.561402623920145,0.000677747054580428,0.0116174962690227
" 7080",67,0.996170473395867,0.162013779455531,0.000530938465237576,0.00941460579294931
"10413",84,0.956794273249063,0.113117847782588,0.00114730334584867,0.0102721721220453
"15796",23,0.795483809766187,0.211348323599399,0.00120995709027688,0.0129232450972114
"11369",85,1.02849839205817,0.0797984912098411,0.000104962361514417,0.00828305804935584
"12114",81,1.02585948309084,0.0705379452503002,2.21946843730926e-05,0.00756516034213673
"14248",41,1.10241575655208,0.482238380124052,0.00103020326631772,0.0116828103018201
"14656",58,1.23909928031995,0.64875802907084,0.000568854384374942,0.0118352293229043
" 9565",62,0.9955259846126,0.113575291478598,0.000756237631087355,0.0102047831607049
" 9342",83,1.05637624904331,0.101016664387886,4.04590600551168e-06,0.00881499903032322
"14270",34,0.694976360276872,0.296273938157197,0.000213855031719903,0.0107555000379058
"14668",50,1.21441124420937,0.627307930978862,0.000572322303808238,0.0118260452277589
"15161",40,1.22156707897813,0.467771088536313,0.000424126546692067,0.0119560061912418
" 9927",46,1.2189768188953,0.421782282270224,0.000387828989956905,0.01185699019906
" 9568",73,0.997236432492217,0.0960529018840996,0.000215126602178778,0.00956363352210791
" 9341",70,1.04960309654956,0.109161255844092,8.92411267501433e-05,0.00942510562927959
"14652",19,0.268060542233916,0.077810985762499,2.5431409177502e-05,0.00979878270303706
"15074",50,1.31365333593928,0.54566760662498,0.000720980450182181,0.0117033505862541
"15155",52,1.33483756240258,0.558420397147884,0.00127989346551501,0.0125793424023453
" 9925",43,1.17089611426383,0.386146614325181,0.000404128211293395,0.0116249917817369
" 9346",60,1.03025934589287,0.0907481137349475,0.000323210091183162,0.00972162989181944
"15152",50,1.22778965270478,0.525339525386939,0.00130994876727024,0.0125830937263959
"15072",33,1.09484796662045,0.465069581196128,0.00132601679397784,0.0120616937601124
"14398",37,1.06354671541007,0.506017027752949,0.000877383616623819,0.0133565240484644
"14675",33,0.613652275436814,0.190779386948076,0.0002325817966597,0.012020303023543
"10287",39,1.26979259626501,0.449491501354427,0.0014388397728744,0.0124317340044227
"14404",47,1.26571376978064,0.580307648324094,0.00243852534817911,0.0135398920428677
"13178",64,1.4076047410178,0.75905937545067,0.000539955055764144,0.012458054771603
"13681",31,0.875988828626103,0.374775485643189,0.000656245954093995,0.0113953520818456
"10286",47,1.26256323616203,0.439350781938398,0.00090316181774465,0.012435685174046
"10672",42,1.14476838851466,0.428436984694584,0.000640177927386391,0.0113224769339524
"13179",64,1.42290535023731,0.733858341713535,0.00124313351952207,0.0126913926243464
"12453",36,0.999061939677982,0.289139419727742,0.000960844877651802,0.0119798856016754
"10297",37,1.07067222916126,0.360265751106324,0.000580298518504818,0.0119484238496805
"11054",59,1.19303310746049,0.335645821641254,0.00588367211052953,0.012661152280737
"13175",60,1.30567657817161,0.690470714101488,0.00102419220596667,0.0124319476458188
"13689",32,1.24809236085829,0.529527242952078,0.000457996559823922,0.0112862632965189
"14236",35,0.844766369531085,0.35516970706425,0.00171927885771358,0.0126807889942253
" 9694",22,0.949977860934799,0.0911714745846409,0.00203532191540126,0.010494439777117
"14343",47,1.32153248371917,0.56792390931585,0.00183961566204894,0.0132460914593678
"13172",52,1.32248578796668,0.594153109213467,0.00247343573714095,0.012763064642708
"13686",36,1.22732531313866,0.51912727712131,0.000134555274011874,0.0111223933412856
" 9102",53,1.08067422399181,0.230366304207068,0.00380950949747535,0.0124873587152586
"13441",34,1.22872858082626,0.570016314178046,0.00132636358592117,0.0132873986066836
" 9693",30,0.824723080971229,0.0715323396577384,0.000994021306896998,0.0102364761207951
"11926",25,0.974501410034164,0.313799436510491,0.000361588399578301,0.0113616110828589
"14351",40,1.16143352063823,0.514621443361914,0.0023860441674219,0.0133172357581958
"12811",38,0.935017970391612,0.269943126154424,0.000601568424362365,0.0115956214465213
"13687",32,1.07133633040184,0.472261879492098,4.77416908650378e-05,0.0109560088017418
"14206",52,1.53895347252501,0.67888428858776,0.00144438844396767,0.0122549754487332
"13466",39,1.14814831314026,0.517405996239596,0.00081912257014445,0.0131266995315835
" 9703",35,1.05302016890964,0.0952132335108218,0.000310494386594411,0.00978792280930217
"11781",72,1.03073307268176,0.105429984658056,1.22533153309782e-05,0.00818062482633059
"14724",44,1.03875628866887,0.452832232741085,0.000767566167902787,0.0127005156061563
"13690",21,0.861927943544119,0.370510821115261,0.000141722307507352,0.010931700384201
"14334",55,1.4326115449883,0.652505693800098,0.00101899032681673,0.0120695704895779
"12192",79,1.03032300897425,0.120776934803928,0.00109447537314813,0.00992171885629937
"11982",48,0.895293030721582,0.119739176316304,0.001731647770359,0.0111326803800778
"11600",83,1.04158722049944,0.10150529500403,7.69878114191651e-05,0.00873425181026499
"14673",20,0.397079468535548,0.187416598899632,3.28296373018662e-05,0.0112557196308278
" 9407",42,0.999075335158817,0.197654444961334,0.00482214197199771,0.0126456482051979
"14283",55,1.23130433856792,0.548395421652623,0.000182528159505798,0.0116895093508093
"14634",53,1.40178171216673,0.631696262827583,0.00112510866147558,0.0120195099291096
"10386",80,0.992339618158758,0.0903177251038668,0.000438113821739693,0.00850345091666348
" 9871",46,1.0638708931566,0.0964550568602029,0.000119527623134259,0.00980557674145316
" 9612",63,1.06630400631098,0.072756607246745,1.50276508776148e-06,0.00841545354630114
" 9853",33,1.02082704511106,0.105166545769518,9.97604823644737e-05,0.0102991015190116
"11365",93,1.07111702332278,0.096552163688055,3.514158359073e-05,0.00876271237099092
"11984",45,1.32241808795813,0.425309401181936,0.00148322914162058,0.0123552620344082
"10552",67,1.0302297945102,0.090415100929603,9.71017441322803e-05,0.0091079077826074
"15143",64,1.23030287333942,0.466994094521153,0.00262949211163926,0.0130204062746578
"14216",32,0.834623598159832,0.362281940473431,0.000558335028760612,0.01217083644055
"14633",51,1.33459543332044,0.615985162228445,0.000332111084395287,0.0119351554816292
" 9883",43,1.07541435070335,0.0949127541241366,0.000324828453585366,0.00975171706793483
" 9614",61,1.05198321260562,0.0698430748929465,5.77986572215954e-06,0.00848193799983296
"12000",40,1.059337080498,0.233180169292248,0.00116753287587623,0.0116003495140813
"11329",91,1.05580639939709,0.102389551295346,7.05143618103464e-06,0.00832139974676344
"14509",40,0.80236327808811,0.281820040855193,0.000705952799304567,0.0120335594709495
"15151",33,0.705388758748934,0.202041530932634,0.000995986461242532,0.0120220527913925
"14632",39,0.903982819735519,0.424762224138247,0.000934719884587641,0.0119031270409482
"15048",35,1.09520228360799,0.48398537682983,0.000410023674329998,0.0104696702225434
"15044",36,1.06018491419412,0.46883273361613,7.74502006769379e-05,0.0103469226440103
"11643",53,1.04237946056632,0.101406902101704,5.04004290972312e-05,0.00937631376703875
" 9265",32,1.05769811314984,0.098978955756659,0.00300206225608967,0.0117760106091444
" 9225",28,1.07569554008343,0.203382803281267,0.00260163315885845,0.012011435267739
"15053",36,1.03280990758294,0.462516914474038,7.8143784563597e-05,0.0101507365996958
" 7085",82,1.05223928094999,0.16923749444424,1.35248857898533e-05,0.00830286621312811
" 9546",40,1.04037086513412,0.113113729467456,0.000774039617511606,0.0111332276518068
"12331",28,1.21009277141143,0.192490144392073,0.00335474966245584,0.0120815908570843
" 7078",75,1.05201271578324,0.180710220036523,0.00158275842935617,0.00950625103479004
" 7075",65,0.978872848814748,0.162412314016185,0.000977028501673849,0.00957124623967556
"14147",43,1.21990837382571,0.349240091388822,0.0090350860968798,0.0136511131954956
"13858",11,0.112908357727424,0.0201956423977721,1.04037582998872e-06,0.00876499389028965
"13460",42,1.27345393253947,0.54660943165046,0.00264636931954797,0.0134005298335436
"14391",53,1.42973671293345,0.648981381586614,0.00175257088427322,0.013091381603688
"14730",49,1.43892106633433,0.534891082171244,0.00762456766604398,0.0137864016309297
"12814",42,0.973484542578612,0.269721254304384,0.000379505983316996,0.0114651801327795
"13471",32,1.11108429306697,0.484655566126029,0.00432149000314425,0.0134245948674862
"12019",37,1.25190585348033,0.333707685008612,0.00316228013390793,0.0124091920571388
"12862",16,1.00315570473275,0.199329194026201,0.000115597314443191,0.0110027988422028
"14392",53,1.40512644233544,0.609805247139312,0.00205104315016554,0.013183676237432
"13629",29,0.624256501252854,0.170020538867533,0.0034309282926739,0.0122278275569973
"12898",21,1.07898752645033,0.206465939195524,0.000307142064475558,0.010886116028943
"14390",31,0.822451548865503,0.359999777784807,0.000625959457709879,0.0128143834982339
"14344",55,1.23823753405454,0.519566785579255,0.00219207187378623,0.0132940446993024
"13677",61,1.17445369691899,0.578195018906512,0.000541111028908576,0.0119769018351396
"12290",79,1.03704090055611,0.0712504118602506,0,0.0072827626001294
"10344",29,1.02265693818963,0.0706246243658776,3.96498788540145e-05,0.00932085414404327
"14350",36,1.10837684134549,0.476212872831445,0.0030251817189783,0.0135515968467688
"13673",36,1.20564930241682,0.573880177886867,0.0022605054839366,0.0131555480847408
"12291",80,1.03264192494782,0.0714713025534612,3.46791943329573e-06,0.00730243821926806
"10342",29,1.01918958051877,0.0705040568884125,2.65873823219339e-06,0.00921924829314335
"14721",42,0.890631012168969,0.343146610886746,0.00200387944587271,0.0127075028908609
"13698",18,0.486789898128212,0.12769264028416,0.000328065178389776,0.0120062838304345
"13479",30,0.684660782817152,0.221896059989288,0.000757740396175116,0.0123023325160488
"14354",57,1.00971765709794,0.470284203708011,0.000850911831616328,0.0118479768282901
" 9586",92,1.02690417856921,0.083603045545115,6.41565095159709e-05,0.00860152823314678
"10956",33,0.999427237676282,0.15152602647879,0.000708033550964544,0.0110091132393493
"12330",80,1.0222269734566,0.0713814392814566,6.47344960881869e-06,0.00780456785041159
"13537",22,0.494384835402148,0.171555568593342,0.000418346680969908,0.0121370733446347
"14188",41,0.895404856906024,0.375296254580842,0.00131919655242569,0.0119397318534504
" 9644",52,1.02204231563009,0.08544579726774,0.00055463591469843,0.0107965838521695
"15142",36,0.966350576962332,0.345565472020136,0.00244661716019013,0.0130817021950089
" 7076",71,1.01158390382523,0.177847060896128,0.000911369227070117,0.00978187691554793
"14606",42,0.743844001905089,0.299639123276265,0.000531516451809792,0.0113682890328186
"10032",83,1.03744910212271,0.0970299900952818,9.94136904211441e-06,0.00826646614819272
" 9835",36,0.916890542445114,0.116567306157326,0.000666649712393882,0.010889203210472
" 9462",33,1.0472812323437,0.1001335035939,0.000304020936985592,0.0105828476604677
" 9762",59,1.10996647287305,0.138344272772223,0.00138150350491057,0.0106254294731113
"12982",30,1.27389711774878,0.358167559882696,0.00288704292821869,0.0130652015316232
"10175",36,1.08588925669268,0.422559517832568,0.000520419109623245,0.0114557621848269
" 9482",35,0.968842386526278,0.0732216704067581,0.00148993378585829,0.0103165086691554
"10433",50,1.21321362928306,0.377351006721825,0.000390025338931326,0.0110379226002506
" 9750",60,1.0303935139508,0.0980804408187033,0.000258591192409418,0.00948038845445586
"12971",35,1.17880196540116,0.324771081935067,0.00244927589842233,0.0130003870629091
"13796",44,1.06933484313825,0.4566376238054,0.000349335084247323,0.0114242526942183
" 9398",51,1.04082909811021,0.152481330898284,0.00157316385225738,0.0106585857576304
"15027",39,0.990839004951048,0.352636188363805,0.00278774483511199,0.0125022240237482
"10431",54,1.1731262914539,0.358270372343777,0.000159986683189376,0.0109608975007808
"13789",28,0.688264997029401,0.262307224686954,0.000919692233710026,0.0121453932640585
"12895",23,1.15893900438732,0.239208693974013,0.000232119407401927,0.0111611430884352
"11082",40,1.15927087913466,0.381016295881925,0.000270960105054839,0.0111109420912101
"13794",62,1.22968195261351,0.584283629458058,0.000106580723916622,0.0112852561337937
"14240",36,0.966932353684039,0.310352729189137,0.000995986461242532,0.0123590349859884
"11079",38,1.10613781822557,0.368129698701811,0.00039742356705569,0.0111524300753457
"13788",60,1.20039100836576,0.568316539636413,0.000225645957793109,0.0115419849193255
"13561",38,0.587540965894512,0.107380275785723,0.000935297871159857,0.0110779845217525
"13193",38,1.04872492580567,0.396156884002083,0.00131341668670353,0.013261610104
" 7091",78,1.04107525672917,0.17463371933851,0.000118718441933157,0.00874977337398721
"13856",43,1.26420978327937,0.517992361738028,0.002695151386243,0.0130087253861278
" 8267",56,1.00559661623835,0.303481834819628,0.00125157212347643,0.0118938640666368
"13791",53,1.20724191872114,0.546531138914117,0.000872412932102761,0.0119197159782184
"14266",59,1.33255612027215,0.467179305022232,0.000487820666950265,0.0121345020754069
" 9435",49,1.16800904099434,0.246995088676143,0.00408590267630902,0.0124348463174439
"13802",28,0.956672458556582,0.311532973171148,0.00723211478350935,0.0134460593948644
"14259",51,1.24440522543631,0.442057897586553,0.000292114413597943,0.0120421285029038
"13500",49,1.31810683199367,0.63577031915669,0.000745255886215251,0.0128123027020093
"13947",36,1.29928391300205,0.523484127618846,0.0016933850592783,0.0135089286795349
"13908",38,1.14690843534594,0.329104954948396,0.00266255294357001,0.0131934085613528
"13685",55,1.32769293969181,0.614127609129019,0.000327024802559787,0.0123337724916876
"14143",27,1.0978069687355,0.168133609378066,0.0116500129468992,0.0133027638002443
"11169",91,1.01705928182858,0.0917602652084452,2.93617178685705e-05,0.0085030181811013
"10775",37,1.00606896600292,0.109904566169336,0.000150045314147262,0.0105204285507164
"11445",66,0.999072758227851,0.095206607156331,0.000999916769933601,0.0100749000709523
"13744",36,0.715997050929983,0.25560682082856,0.00204884680119111,0.0126728002514324
"14257",53,1.2414185539973,0.444823029105955,0.000390718922817985,0.0120260684458284
"14687",55,1.48179008319961,0.554293453895747,0.00333914402500601,0.0124606029369345
"13489",47,1.31528599415981,0.626147122281983,0.000663066195646143,0.012820615945249
"13913",25,0.912762858088106,0.264282492430543,0.00265457672887343,0.0133918362662934
"13693",49,1.3504087519869,0.630316912896405,0.000777854328888231,0.0124280824112803
"10924",97,1.05400827697625,0.10129492992832,9.3865019327871e-05,0.00951391585827489
"10788",37,1.03483789469327,0.112622406555932,0.000775426785284924,0.010654858772076
"14241",35,0.990355824802746,0.357792663982146,0.00101748756172897,0.0121594344153941
"14684",44,1.10067907889257,0.452241834401904,0.000699248155066861,0.0120375758279958
"13520",33,1.10835817670997,0.526789594865696,0.00116001905043742,0.0128140137367806
"13688",42,1.09514485252022,0.51729634981427,0.000852876985961862,0.0123348926950064
"14182",54,1.29754695998163,0.565634178380021,0.00195336341946104,0.0120844611561857
"10889",46,0.897996188259645,0.13066619704522,0.00127781271385503,0.0105050931434827
"11237",80,1.02333994580828,0.122411583944059,9.52521871011893e-05,0.00953865247954656
"11269",64,1.03003911718277,0.160586191967075,0.00162541383838571,0.0117441616244519
"11994",66,0.946076424889274,0.173879237977097,0.00457222057817153,0.0121625028187954
"10978",96,1.06188803703847,0.0944548516653102,5.77986572215954e-07,0.00817926762103623
"14701",33,0.816723210433093,0.272687395239091,0.00178459134037398,0.0120366009403825
"13451",32,0.525576796284107,0.157590555110953,0.000220097286699835,0.0111286586566301
"15068",38,1.07596209814073,0.449241796712428,0.000436264264708602,0.0110491574604949
"10279",46,0.987812037274795,0.0758755276697039,0.000264949044703793,0.00959019032194961
"10035",55,1.06940050901668,0.0737846168558912,0.000398348345571236,0.00892286792064375
"14184",51,1.21779832344331,0.525353801224216,0.00105332272920636,0.0117212939977861
"10972",86,1.04893204306788,0.0945899866150652,5.39839458449701e-05,0.00894684845125925
"10041",47,1.04893344755223,0.0733457449778467,0.000129931381434147,0.00884472322047864
"14210",24,0.445904268600287,0.160659023343671,0.000190041984944606,0.0112627923862546
"14614",55,1.23103631614397,0.56470060377142,0.000767334973273901,0.0114257485601222
" 9752",42,1.01818513611647,0.13991789259302,0.00074340632918416,0.00815310394608629
"11007",100,1.0466801957933,0.0902390005612246,9.59457709878484e-06,0.00819611735307055
" 9881",74,1.0338355328454,0.089818994501814,9.84889119055986e-05,0.00892628356966546
"10177",76,1.02745885123624,0.0831277722260515,2.70497715797067e-05,0.009058505450243
"10560",62,1.07933183895339,0.110133097003549,0.000921888582684447,0.010162651860908
"14624",48,1.18937644637597,0.540184799689952,0.000140681931677363,0.0112080410758707
"12315",77,1.0273636801136,0.0745223628065685,1.22533153309782e-05,0.00743780241047947
"14629",36,0.645475305209739,0.23481741417403,0.000433258734533079,0.0116956958016877
"15051",51,1.18260169961181,0.534858147280599,0.000182065770248026,0.0103692391165995
"10449",42,0.911608269323999,0.281248473762002,3.68755433073779e-05,0.0101197585259531
" 9227",44,1.13007665329526,0.252579398066241,0.0051422309356909,0.0129968297688144
" 9090",46,1.14470552187227,0.259606196092847,0.00248476427395639,0.0124368827070591
"12413",59,1.18013471258585,0.481864801548281,0.00127735032459726,0.0124986132401283
" 9916",38,1.04338120357473,0.0699150576101842,0,0.00917915175926967
"12336",58,0.915900381096448,0.0841043656261176,0.000391412506704644,0.00903314312351846
"15185",50,1.77787108438783,0.69775547947312,0.00389713226182329,0.0137194344258139
"11606",31,1.1479206358765,0.330841560622277,0.00496213031978841,0.0132014012975463
"10330",66,1.21470144594609,0.298776074556192,0.00536660532302514,0.0126807371642318
"15045",44,1.19468739658755,0.54566290532995,0.000231541420829711,0.0104903068360064
"11117",24,0.799481744373124,0.26074576735536,0.000868251428782806,0.0118878770550847
" 9092",42,1.07612331023455,0.20675131584108,0.00144450404128211,0.0120496727623807
" 9915",31,1.03016933872506,0.0692996069101727,1.73395971664786e-05,0.00895798958207267
"15047",49,1.12445182346454,0.509423878025543,2.40442414041837e-05,0.0100187719713421
"11127",31,1.10450964989375,0.340753258221572,0.000994483696154771,0.0113244291168109
" 9933",31,1.00130732327803,0.0682155422206112,7.5138254388074e-06,0.00899976960066539
"15052",41,0.840437931001278,0.388317372214768,0.00144854994728762,0.0125187926531089
" 9907",30,1.15778241946326,0.230711755561897,0.0099009099820593,0.0129409650941172
"11472",86,1.04370881238694,0.0985822503111256,6.93583886659145e-07,0.00790141137719245
"10795",35,1.07690565647468,0.154833034454769,0.00042967521778534,0.0119629679671919
"15734",18,1.09407493517489,0.333773365167392,0.002530309615847,0.0126204515025791
"11227",87,0.9957211090197,0.0934252244114896,7.28263080992102e-06,0.00854973793082146
"10800",33,1.02055299685274,0.140503015321702,0.00122590951967004,0.0119169848821926
"14287",31,1.02340784431382,0.127662618094539,0.00207416261305417,0.0103720842663702
"11294",81,1.07228278276041,0.0959912930877288,2.8436939353025e-05,0.00883273151605478
"14296",28,1.01906638003414,0.123151213914414,0.00276277581519226,0.0103847983196191
" 9379",29,1.05025006853405,0.075802786488454,0,0.00909388112588768
"11349",57,1.02624949931887,0.0883472760614668,6.09197847115616e-05,0.00911768303856876
"13803",61,1.26263645525769,0.592112364862693,0.000614977712837775,0.0118783319259737
"10975",80,1.03620139427013,0.095398994408483,4.1152643941776e-05,0.00862123168650749
" 9383",24,1.03728768591698,0.0775932894619074,7.22483215269943e-05,0.00917440475842742
"11386",95,1.03361402068194,0.0783381272529454,2.31194628886382e-07,0.00712786697040388
"13800",44,1.1127573386479,0.464352956067826,0.00287166848539775,0.0131069030668152
" 9390",33,1.01607537316455,0.0751844049562425,2.19634897442063e-05,0.00919912690751096
"10659",57,0.742703843762114,0.0800482140849992,0.000174551944809218,0.0102780386644015
"10356",86,1.07206236589704,0.10203737677268,8.09181201102336e-07,0.00805502337966103
"10968",79,1.04338743966168,0.0949410284061185,0.000445280855235171,0.00981355090023371
"14247",41,1.12602727744762,0.539410174905572,0.000691849926942497,0.0119330035310187
"10688",26,0.557546978319894,0.0751279783863153,0.000271075702369283,0.0118385376164184
"10420",89,1.06220814261663,0.101227700921453,4.62389257772763e-07,0.00783681125420873
"10877",31,0.946580772017242,0.105745335686248,0.0012512253315331,0.010747752171488
"14254",47,0.950739122326982,0.423282861344075,0.000254429689089463,0.011537183830866
"12406",39,1.08034056890949,0.456953048842557,0.00198561507019069,0.0128957344594612
"10741",50,0.887237931464784,0.090445074629952,0.00277445114395102,0.0108039235767512
"10992",38,1.07271524136301,0.1708231729077,0.000444587271348512,0.0109542653552935
"10641",84,1.03774929008406,0.0797042707871337,7.30575027280966e-05,0.00882013324662556
" 9940",98,1.01149844281446,0.0874238068100559,6.33473283148686e-05,0.00878672512172953
"10725",29,0.883018016299007,0.130862440234682,0.00276566574805334,0.0119685591528735
"10981",29,1.06406597774757,0.245215995295523,0.000267954574879316,0.0115901834364513
"10517",79,1.03353442426064,0.0758972240462365,0.000288068507592432,0.00921312376571844
"10409",92,1.02998593815844,0.0772144083086558,0.000108199086318827,0.00839672180601255
" 9848",29,1.03370472715436,0.10186034471506,0.000691156343055838,0.010421025250148
" 9438",80,1.03735378248069,0.0953072427421501,5.53711136182884e-05,0.00844985552375465
" 9443",49,1.04279819121833,0.116435381058561,0.0038401427858028,0.0121051295177378
"13807",69,1.42941198591951,0.676209565266993,0.000732424584312057,0.0122160798489655
"13804",55,1.32939569920812,0.648791552401852,0.000587812343943625,0.0122704301698885
"10689",71,1.04237185334256,0.104670362336983,0.000649425712541846,0.00970628634972846
"10864",73,1.02495304687465,0.142053409248746,0.0023648898588788,0.0108731307619966
"13798",15,0.346122976606011,0.106087981768141,7.77969926202674e-05,0.0107737025523591
"14264",53,1.33350862767553,0.599048506578608,0.00064087151127305,0.0119818707517513
"11888",69,1.0882813832545,0.116632745285037,0.000104962361514417,0.00967776399835945
"10525",65,0.988923424573141,0.0983377914216114,2.38130467752973e-05,0.00900934741541034
"10834",92,1.06761905393054,0.0988622391648497,2.76277581519226e-05,0.00912664770201559
"14249",48,1.2842158401076,0.585860806519892,0.00104696487691198,0.0119987888499948
" 7068",77,1.0069528502713,0.163936017778278,3.23672480440934e-06,0.00789193062990142
"12186",69,1.04918138096096,0.112578567282487,0.000921310596112231,0.00992812120625759
"10412",79,0.990399113336515,0.0702590601612043,1.06349529287736e-05,0.00766891567485133
"10910",65,1.02788799577048,0.0918600335485391,0.000981536796937134,0.0106040160568562
"14273",25,0.564052406639506,0.153545485488012,0.00360467105628202,0.0115118079569284
"14696",48,1.28589361625734,0.600911856764366,0.00102199585699225,0.0118441168331835
"12023",82,1.04988552544513,0.104776935631745,5.3290361958311e-05,0.00917149567329023
"12372",45,0.932017443658541,0.319586543919616,0.000173049179721457,0.0110342437959404
"14697",54,1.19512964311876,0.572103292962031,0.00023836166238186,0.0117395246809753
"12057",87,1.02793445213208,0.101494748028199,2.13855031719903e-05,0.00865658935386046
"12349",45,1.02892227878658,0.330663263058753,0.000830104315016554,0.0115247753709431
"14670",15,0.32453507745129,0.150076900077226,0.000754041282112934,0.0112349125111612
"15071",43,1.20123695884526,0.534905078587264,0.00132728836443672,0.012026274150524
"15154",45,1.41266459602956,0.552765041541874,0.000771496476593856,0.0123096129786319
"11572",84,1.03514499135384,0.0752581844039845,7.86061738213698e-06,0.007658602529868
"12030",73,0.980964703601553,0.0887133846143358,0.000113863354726543,0.00935317216269382
"15070",39,1.19310238680042,0.527856424507826,0.000539492666506372,0.0117124047010469
"15149",49,1.24855018002419,0.516842512197837,0.000201832911017811,0.0121258037923181
" 9042",45,1.11885001050421,0.353507876597336,0.000988819427747055,0.0121950478592046
" 9155",55,1.16022776849536,0.383951206447734,0.000689884772596963,0.0114819399101873
"11597",90,1.03443183743258,0.0743929857778147,5.74518652782659e-05,0.00777299689124369
"15097",27,0.727844114940366,0.293531310667982,0.000540301847707474,0.0119695952518324
"15864",28,1.31686138859596,0.460282460623139,0.00106476686333623,0.0126293962023761
" 9156",56,1.13171645387564,0.407562468827805,0.000687688423622542,0.0117778962593243
"11637",91,1.03019325347987,0.0748467605328455,8.09181201102336e-07,0.00672686414590033
"12115",82,1.0060703433992,0.0673083935448315,3.06332883274456e-05,0.00770385262353985
"10341",26,1.01518765081693,0.0734024229055724,0.000143340669909557,0.00971887401254846
"11377",75,0.998998370856378,0.070847676735632,3.8147113766253e-06,0.00675256369115538
"12133",69,1.01058564624833,0.0726919384256661,0.000209577931085505,0.00882625666523024
"10349",25,0.951608254769976,0.066755650313281,5.7567462592709e-05,0.009434603278304
" 9345",77,1.00234158384206,0.0901404441661217,8.8431945549041e-05,0.00908426531843637
"14388",48,1.28625768334551,0.512729090344788,0.0028019633047885,0.0131249490754465
" 9981",40,0.958193263012662,0.304123736511644,7.46758651303013e-05,0.0115663244737059
"14387",61,1.31941779835055,0.530598386989459,0.00192099617141695,0.0131390872508961
"12189",68,1.03645424024483,0.115210312134697,1.98827380842288e-05,0.00893059776598109
"12220",64,1.01206346041144,0.107775839545173,3.21360534152071e-05,0.00931467862734973
"12075",86,1.03340645161331,0.100913170621311,0.000129931381434147,0.00886733233348396
" 9708",24,0.985393391997768,0.0797935714577574,0.000164032589194888,0.00988651030308181
"12096",91,1.02550912845047,0.0955517659174104,0.000215473394122108,0.00885506525585619
" 9698",29,1.05967682279165,0.105843211773512,0.00127908428431391,0.010403955890792
"11322",82,1.02853561046802,0.0744230636840245,3.46791943329573e-07,0.00660341312779402
"11350",70,1.01667806256501,0.0980416283024158,4.65857177206059e-05,0.00895060387217236
"11364",85,1.02676530486627,0.0738047059511433,4.62389257772763e-07,0.00660026205311252
"11430",92,1.04284679852932,0.0964598936309225,2.23102816875358e-05,0.00867809378310988
"12117",87,0.991229978602222,0.0759448229020252,0.000732771376255387,0.00932417024752161
" 9879",41,1.02121155086846,0.0872959086694618,0.00113655279560545,0.010283886930704
" 9622",51,1.03723891861526,0.0764487366846085,0.000983155159339338,0.00971461904708349
"11360",63,1.01813932592755,0.101968495624953,0.000580182921190375,0.0102963815345737
"12002",41,1.30290332613652,0.448008103539669,0.00409295411249006,0.0127290042305945
" 9623",49,1.03945352246265,0.0795957936239642,0.000170159246860377,0.00987588766295264
" 7165",52,0.95983738444156,0.330316615113124,0.000500767566167903,0.0115488825056603
" 9621",36,1.06167898529,0.107671250270087,0.00209774446520058,0.0113783177715108
" 9866",86,1.02742177810844,0.0935303003258173,6.01106035104592e-06,0.00763244009861587
" 8810",52,1.20352084253113,0.51134749431177,0.000200214548615607,0.0120309300671088
" 9865",96,1.05093995777391,0.0959241428394654,1.94203488264561e-05,0.00775331845259634
" 8809",34,1.12438146390147,0.502405803566884,0.000175129931381434,0.0122166277322617
" 9870",96,1.04892032805458,0.100137363480552,2.7858952780809e-05,0.00787770843027685
"13607",45,1.19580885219953,0.539330310298767,0.00141953502136238,0.0128185496186032
" 9892",47,1.07472257886299,0.11033665647856,0.000233968964433018,0.010549836491969
" 8647",17,1.14584579027243,0.20410364331621,0.00839999445132891,0.0134795548462918
"14361",47,1.11284513040403,0.454628382926277,0.00225992749736438,0.0132191040882828
"13599",27,1.08584494234101,0.477747742967778,0.00111493609780458,0.01285821015893
"13597",13,0.265492513160113,0.0753572304149413,4.41581741172989e-05,0.0111283911231923
"14712",34,0.663111031260365,0.274328081843666,0.000299628239036751,0.0119832389831179
"15144",39,1.13979809904503,0.414116611913827,0.00215045684058668,0.0128302623886604
"13153",42,0.837709782618635,0.364284595708645,0.000351993822479516,0.0111702748295508
"15133",26,0.777732512975158,0.239287525059983,0.00129480551907818,0.0126063878075679
"13146",23,0.584214330379204,0.253568017526095,0.000296507111546785,0.0110533168700381
"12288",80,1.02737663921696,0.0710056907968226,1.38716777331829e-06,0.00696446597821237
"12301",82,1.02880540870778,0.0719122887553947,0.000496259270904618,0.00814394684058643
"15713",15,0.919786979385944,0.282260851399432,0.00241228475780051,0.0124646363185497
"12323",74,1.01786057368844,0.0703556756529318,2.76277581519226e-05,0.00821189247856558
" 9495",37,1.01372824770436,0.0836134582251626,0.000788836073760334,0.0102446582615665
" 9057",42,1.01104018834213,0.114055659536799,0.00515020715038748,0.0117276276653366
" 8939",38,1.18704425935442,0.483325128887021,0.000415109956165498,0.0121557223166886
"10389",49,1.04108317067484,0.322983432680066,0.000671042410342723,0.0113864614894283
" 8937",45,1.20384098218606,0.455730094555538,0.0011077690643091,0.0124540451270816
" 9580",29,1.0588422033206,0.357273892322726,5.73362679638227e-05,0.0109993835636821
"12378",44,1.21818772157204,0.492839731165092,0.000452447888730649,0.0115433011102344
" 9553",30,1.04911583894548,0.322251413264291,0.00169407864316496,0.0119194716716358
"12386",47,1.15573384840621,0.481247428278789,0.000155709582554978,0.0111896699703969
"13704",42,1.39291689332676,0.577305237155908,0.00219322784693066,0.0128415892175305
"12387",54,1.22350771003651,0.483984655884103,0.000239286440897405,0.0112870911613908
"13035",54,1.38168531612954,0.572677939844941,0.000489207834723584,0.0121403239018627
"13160",42,0.98260467541188,0.348224827591231,0.00120001572123476,0.0127577067123813
"13670",28,0.663295203723216,0.270493828772465,0.000673701148574916,0.0124910677868243
"12376",46,1.07820101437429,0.441364318403979,0.00018911720642906,0.0111103994000966
"13036",57,1.28593004988551,0.564516532437005,0.000517644774076609,0.0121409174749503
"13710",55,1.3708147747465,0.661822568950209,0.000106696321231065,0.0121540766545471
"14196",36,0.825488351036231,0.334955227694402,0.000227033125566427,0.0112104072652963
"13037",43,1.22933025502024,0.521721791803122,0.000664684558048347,0.0121526931983508
"13709",50,1.32132116264129,0.644431527761858,0.000228304696025302,0.0122234723654885
"14222",34,0.515468720092622,0.194115567074106,0.00011918083119093,0.0113958504815766
"13022",45,1.12626337305285,0.456289265073855,0.000690115967225849,0.0122612779506408
"12305",83,1.02669562272494,0.0712818724614833,2.08075165997744e-05,0.00725510051100758
"13705",45,1.2574224462031,0.606058639153376,0.000248303031423974,0.0121579697290624
"14195",47,1.20838451703946,0.524703103596525,0.000144381045739545,0.011128408748669
"12326",81,1.0300224596818,0.0774593055340944,0.000355577339227255,0.00810515966847749
"11050",93,1.04085666461499,0.0958658874477215,1.04037582998872e-05,0.00779728533915005
"14454",31,0.897814783618368,0.252242194183196,0.00162495144912793,0.0130434428041827
"14659",35,0.667588903811593,0.203820349382636,0.000565039672998317,0.0118981390227023
"14838",34,1.03716459143122,0.350252670769514,0.000789645254961437,0.0125547853828198
"14885",30,0.877253522383595,0.285726966278345,0.000938881387907596,0.0123485863787465
"15673",41,0.758364210340642,0.224428837444202,0.000666996504337211,0.0117211468101496
"14987",24,0.7901924727786,0.244371295901403,0.000474758170418185,0.0121212384283425
"15108",44,0.78439797264986,0.252402865318362,0.00021339264246213,0.0116733127835291
"15224",28,0.609601267106437,0.178606931204678,0.00049741524404905,0.0114589178302421
"13682",47,1.17306052095659,0.480747081049692,0.00137745759890506,0.0127380982395478
"14186",51,1.21334326614186,0.520560074198194,0.000190966763460151,0.0111843141942352
"11051",87,0.998991257158019,0.0932571788340845,5.77986572215954e-06,0.00791243867343608
"15454",17,0.380527665879801,0.0859695943148259,0.000682833336415928,0.0115551154662356
"14518",52,0.964721994272911,0.36398804481541,0.000935297871159857,0.0121880335672688
"14851",31,0.844457484131222,0.202428764722141,0.00197544250651969,0.0122664377981937
"15223",34,0.88471937369817,0.272664958431532,0.000195243864094549,0.0121025864339729
"15117",24,0.733271479210011,0.208612267854542,0.00162691660347347,0.0122564716416376
"14984",36,1.09962852894229,0.313780202285282,0.00102361421939446,0.0121280917562722
"14189",39,1.05986946814241,0.448821738119064,0.00059740692104241,0.0114646850588257
"14610",44,1.15689600394389,0.513183055717823,0.000132358925037454,0.0108050959930276
"10045",39,0.967617272218244,0.0694951159887088,0.000327602789132003,0.00923452032835635
"12031",18,0.985449774755002,0.196314153340531,0.00194134129875895,0.0120034416476482
"14452",38,0.958253946155878,0.314926256511219,0.0022926415373518,0.0131440748982048
"14551",30,0.778554064611634,0.17999971725455,0.00327637468326336,0.0134111111214772
"14669",31,0.85993932800449,0.249580468681864,0.000760167939778423,0.0121199138117673
"10917",52,0.994353698125792,0.0965138988321098,0.000160333475132706,0.00949555736160699
"14720",42,0.695616688285023,0.142233472591935,0.000427941258068693,0.0117870984822033
"14803",12,0.385403497941506,0.106976273865462,0.00137318049827066,0.0117520481367127
"14878",41,0.897924033976212,0.288909487624386,0.000480422438825901,0.0122526375916232
"15058",25,0.576271925520563,0.19033878982902,0.000222756024932029,0.0119391811680335
"15120",38,1.01477996446276,0.276520597431508,0.00387424399356354,0.0128403319340932
"15521",24,0.371099127338565,0.0931493347870369,2.16166978008767e-05,0.0107602931501191
"15246",29,0.996477219634665,0.305960893886516,0.00321684206632512,0.0128269055283331
"14197",51,1.10061783577897,0.436390496707512,0.000957376958218507,0.0115151325561157
"14612",47,1.16047218774393,0.504151441595846,0.000187845635970185,0.0107327315270218
"10040",50,0.999187799020119,0.0864309295702888,0.000467475539608264,0.0103113746529362
"14501",39,1.1022024961568,0.430555036681715,0.00151640557086578,0.0124527972733874
"14779",19,0.825193187733558,0.201370537478636,0.00157744095289178,0.0132043925403786
"14903",35,0.91673644370173,0.256583592742314,0.00113932713115209,0.012824245584915
"15064",30,0.864451819109921,0.288181720585728,0.00055683226367285,0.0120513433354045
"15360",25,0.657340689904163,0.19028380107833,0.00123550409676882,0.0129067364310995
"15113",44,0.859449009470368,0.260299034767523,0.0013055560693214,0.0124889433384379
"15193",28,1.03664770963037,0.285509881468712,0.00183314221244012,0.0127080522578241
"14617",42,1.05659023859511,0.453840505193281,0.000828254757985462,0.0109818955991415
"15036",44,1.17942425682662,0.525118889353496,0.000341012077607413,0.0109486679217568
"10311",74,1.04403950888827,0.106556275417191,0.000153166441637228,0.00967255011514669
"12373",54,1.23815883778485,0.418963491790892,0.000279514306323635,0.0111874852908684
"14881",43,1.23733684225057,0.415860976474483,0.00157744095289178,0.0130539904199347
"15006",35,1.20917641629637,0.375499135297122,0.00182886511180572,0.0128159959898754
"15057",47,1.23276824848337,0.423963651784676,0.00128694490169604,0.0126452963277352
"15172",37,0.848865275898159,0.245493770160858,0.000999685575304715,0.0124807811533689
"15238",37,1.15818330475921,0.312746981339256,0.000983039562024895,0.0127295265987881
"15314",27,0.7584785812651,0.229600803584301,0.0021272217803836,0.0125414098462616
"15361",26,0.62740402036762,0.167330000016524,0.00097633491778719,0.0125523388401147
"15647",37,1.16240507453387,0.321416034879444,0.00429802374831228,0.0132286098037656
" 8901",51,1.14318320080374,0.391592949380833,0.000241020400614053,0.011574778897508
"15037",49,1.27597157226552,0.543865828656702,0.000348063513788448,0.0110253445910518
"12374",56,1.22777117875873,0.416796318658001,0.000118140455360941,0.0110682636753644
"15088",32,1.51582484541525,0.411848831822873,0.00698785765809089,0.0134612933464088
"15250",29,1.47951848748965,0.341827134285207,0.00868840975086467,0.0137812147216082
"15046",37,1.10663754574041,0.49119346194634,0.00036806184918712,0.0108983953074953
" 9921",39,1.04125972656734,0.069352829628326,9.9298093106701e-05,0.00905058314734001
"12390",56,1.04537661397386,0.359384282473231,0.000128659810975271,0.0108948143362917
"13016",38,0.923484047130423,0.315974999339175,0.000986623078772634,0.0123553619395916
" 9917",31,1.01845967550972,0.0670992340928652,1.15597314443191e-05,0.00910500087802672
"12375",51,1.13919062274524,0.371506909772667,0.000569663565576045,0.011336467434881
"13027",56,1.35830367392748,0.549856759476329,0.000610585014888934,0.0121926781654715
" 9947",32,0.974126546411016,0.0666369640965293,0.000106927515859952,0.00947998467279822
"12762",48,1.11185837324949,0.315817856792174,0.00136948138420848,0.0122500237339666
"12416",46,1.00185585017184,0.332215366788466,0.000365403110954926,0.0113343103358743
"13028",49,1.24815168324144,0.486624624653184,0.000929286810808811,0.0122012890225656
"13971",12,0.18223488372197,0.042037915827812,7.39822812436421e-06,0.010345367352637
"14252",22,0.494001335599848,0.137535069465236,0.000482618787800322,0.012103849433119
"12995",44,0.845034422387873,0.286781099787195,0.000612781363863355,0.012243474160916
" 7491",53,1.16671492242907,0.445781128125358,0.00164575896572771,0.0120590183581215
"14447",45,0.543161369133576,0.140451686984282,6.13821739693343e-05,0.0105631614447818
"14613",27,0.509467184028671,0.105082707305324,0.000500420774224573,0.0116876305116326
"14800",22,0.275767133261181,0.074146130042925,1.44496643053989e-05,0.00956321427307449
"14914",8,0.17905891251617,0.0584137623468916,6.82024155214826e-06,0.01021485614067
"15581",45,1.36406732835136,0.448818206092565,0.00306598757097675,0.0130774514606252
"14440",44,0.619291114488877,0.208681081637258,0.00069196552425694,0.011866465309675
"14559",28,0.488236133423673,0.129884102831412,0.000397885956313463,0.0119681596596087
"14640",25,0.426027853605501,0.123780331562005,0.000290958440453511,0.0108581225480421
"15607",18,0.538903039334537,0.146409749602512,0.000685492074648122,0.0119133585684063
"14788",40,0.820104965025009,0.228910281166999,0.000575096639354874,0.0118413793630608
"14912",20,0.459527438808266,0.094370550145613,0.000466550761092718,0.011321066583117
"14954",21,0.438763605579593,0.0806622552915674,0.000105193556143304,0.0108535705432751
"14940",32,0.695366205694039,0.232513535174359,0.00153651950357889,0.012655461946929
"15176",21,0.291716293151345,0.0951024414956739,0.000102188025967781,0.0105907801871599
"15579",47,1.17564537061007,0.39348112619212,0.00124163075443431,0.0126259426063618
"15253",18,0.454047992533213,0.0600264012965843,0.000539030277248599,0.0110202585457114
"14910",44,0.973379421911086,0.246912487399464,0.000942349307340892,0.0121949059341236
"15075",34,0.593363087354163,0.150181525719635,0.000977722085560508,0.0117996964111798
"15560",43,1.04631503945228,0.348715212218983,0.000301131004124512,0.0125219757816167
"15126",25,0.623577506196191,0.167729929314099,0.00182736234671796,0.0122496771920922
"15220",24,0.428978751665559,0.111675495476535,0.000129122200233044,0.0112258309028153
"14947",28,0.477147652043653,0.126439370444657,0.000978531266761611,0.0123705300090147
"15076",22,0.622269827988019,0.171538664618079,0.0021933434442451,0.0125697456680112
"15166",37,0.538434625192667,0.127063983188432,0.000487820666950265,0.0112714690735638
"15225",42,0.855325028217585,0.27693742072696,0.00289420996171417,0.0125964389573198
"15591",33,1.2760162335291,0.463408707966357,0.00354086133870938,0.0134546150806058
"15592",54,1.28111163836047,0.460877562392888,0.00156056374498308,0.0131670369891936
" 7637",39,0.983631237825037,0.309717987294678,0.00149582924889489,0.0118149459331316
"15609",42,0.997479684296686,0.354778220839554,0.00130671204246583,0.0128710176616684
" 9995",44,1.06510184466965,0.102360945107201,0.00248141195183753,0.011523073373084
"10888",38,1.05000954221077,0.300727810479023,0.000891486488985888,0.0118010626941643
"10306",72,1.0321720000496,0.0835670455131754,0.000485393123346958,0.00947283996834769
"12747",59,1.17863349196105,0.331025346101524,0.000523309042484325,0.0113079499908891
"12746",57,1.07303558648884,0.295200432168276,0.000649656907170733,0.0114507686504632
"10150",90,1.04369919393363,0.102145541157562,5.24811807572086e-05,0.00922302086313174
"12382",41,1.27171379799675,0.439322968418754,0.00188030591673294,0.0122825467571107
"12379",47,1.0785330604648,0.384582538968607,0.00117839902343389,0.0120313501111924
"13870",52,1.10176179319267,0.405116321556631,0.00166402334140973,0.0130237840454117
"13317",46,1.35546282816158,0.647833066284796,0.0010296252797455,0.012639350738765
"12396",45,0.913602858379118,0.314561278810864,0.00103343999112213,0.0121433351355101
"13038",41,1.18229089740357,0.503046849788712,0.00101286366915124,0.0121237427275588
"13570",44,1.27719638827754,0.593244617886704,0.00135376014944421,0.0126298319925412
"13914",41,1.14170961203935,0.410797671362851,0.00135838404202194,0.0132311403721087
"13821",55,1.37945574301142,0.60390168254084,0.00126243827103409,0.0123302170390335
"14256",51,1.04751054739898,0.416670852853519,0.000443084506260751,0.011942271330843
" 9199",82,1.05583042851002,0.0834934824137032,1.24845099598646e-05,0.00831071316463898
"13318",45,1.10503567896795,0.464050716439485,0.00119701019105924,0.0124054039761381
"13722",51,1.28967854362538,0.415037476721104,0.00391759298647974,0.0138013128252593
"13046",40,1.13940545698039,0.510711250053845,0.000673354356631587,0.0120767511592764
"13786",47,1.07608902828736,0.31120083733119,0.00281225146577395,0.0131428168655022
"14157",16,0.21573314721466,0.058915478432158,3.04020936985592e-05,0.0108860902723617
"14275",33,0.542328724857911,0.144107540805511,0.00066769008822387,0.0114904269035828
"13819",55,1.22517354219344,0.5793990569278,0.000279514306323635,0.0121991730053724
"13664",46,0.940462561910649,0.300642020655358,0.00138705217600385,0.0125032051740942
"13089",27,0.549232019335078,0.128987001735673,0.00079230399319363,0.011452536140283
"13767",29,0.861397464117119,0.158328474625212,0.000701444504041282,0.0121309461347505
"14227",16,0.507015877332346,0.0945570045758404,0.00021662936726654,0.0117538666683248
"13822",25,0.451483601244052,0.154632710777807,0.000518222760648825,0.0122363294666683
"14250",63,1.26404206978852,0.582582800914308,0.000322632104610946,0.0119329114316827
" 9481",45,1.03279683005857,0.156308951944196,0.00252244899846487,0.0110605930012336
"13307",28,0.374323934486433,0.12771016342107,1.01725636710008e-05,0.010540099157272
"14218",23,0.584676907679526,0.20670412063666,0.000454528640390626,0.0124222495931391
"13887",39,1.25734982822995,0.361965417588169,0.0027002376680785,0.0133409878899134
"14220",15,0.398991897494767,0.114394997919757,0.000199752159357834,0.0123039675648242
"15093",23,0.802865748771145,0.196981441614318,0.000892873656759206,0.0126558372774383
"12508",65,1.0429845845062,0.102501357857898,0.000175823515268093,0.00929361360770018
"14263",58,1.37962668650426,0.63422035696919,0.00145941609484528,0.0123500288792825
"13880",32,0.686978249093528,0.185300044419076,0.00105540348086633,0.0125476049927432
"14508",47,0.926025365674363,0.227714017568534,0.000736470490317569,0.0119839991537864
"14857",12,0.276058471166963,0.0986189732818763,0.000199636562043391,0.0115173405840978
"14245",37,0.905689283015955,0.334357222763568,0.00258371557511976,0.0125583833849626
"14671",36,0.771554244280147,0.322580695071345,0.00071115467845451,0.0115377480196347
"14710",22,0.533421659360967,0.140371956438058,0.000419040264856567,0.0119850891350618
"14553",36,0.712657080665363,0.176054582265138,0.000457765365195036,0.0119334890544015
"14856",23,0.576692002122649,0.147472869497846,0.00132798194832338,0.0125645843391521
"15086",17,0.330157898601014,0.0830112751300933,0.000245528695877337,0.0115790776412186
"14676",54,1.16868346881909,0.428690323078259,0.000890561710470342,0.0118151649421495
"14860",20,0.435214669214096,0.0753666368299647,0.00045464423770507,0.0115290980786925
"14976",12,0.430920464829053,0.0634696606569361,0.000916802300848947,0.0121096136987048
"15140",30,0.433867461371795,0.0753103163045868,0.000146577394713966,0.0107713608536711
"15218",22,0.582448424427258,0.161157920597224,0.00130544047200695,0.012622484487938
"14639",38,0.696175939342576,0.275456384373629,0.000138947971960715,0.010845246383112
"15084",37,0.973891359820498,0.396014184300513,0.00100176632696469,0.0115342334575521
"12650",49,0.903802770943156,0.233201844471894,0.000790801228105869,0.0114869248705798
"14811",25,0.690525860668547,0.169727920619823,0.000583535243309227,0.0123567526923908
"14863",38,0.909837422133828,0.270538756594265,0.00162159912700908,0.0129960038042479
"14975",21,0.559924786972298,0.137318748222661,0.000902121441914661,0.0121709321478314
"15106",30,0.657783157860441,0.197354760950048,0.00205000277433555,0.0125579668339687
"15305",34,0.789856884501035,0.211600970894878,0.00370119481384208,0.0126295523021898
"15195",15,0.22933809357844,0.0631597617911777,6.3578522943755e-06,0.0112233090884706
"14960",34,0.88412435113742,0.218860354632744,0.00273907836573141,0.0129992697758845
"15131",24,0.580917869779356,0.149968595548099,0.00025940037361052,0.0119506819371903
"15227",26,0.782732016235939,0.237094717425459,0.0021076858342427,0.0129938827105197
"15295",51,1.14895161381034,0.422594188069353,0.00266394011134333,0.0128565145561271
"11196",96,1.03179955039428,0.0880902283385641,3.05176910130024e-05,0.0080458231840544
"13125",67,1.24940493618205,0.554390826359409,4.57765365195036e-05,0.0105439245234809
"13873",36,1.01489460034673,0.318292715778673,0.00213357963267797,0.0132151585138223
"14084",30,0.689046451785009,0.21478946020192,0.000658904692326188,0.0125453171890693
"17010",23,1.09246117287396,0.329092401779411,0.000119412025819816,0.0123898764757639
"11182",86,1.03093511219117,0.0801843440820853,5.77986572215954e-06,0.00785324523952806
"13124",55,1.25306740127816,0.561459305909137,0.000149351730260603,0.010778653128687
"16630",44,0.963519176407606,0.294783702455928,0.0029802143636599,0.0128334458524083
"13878",29,0.81143048604904,0.242665328252083,0.00194746795642444,0.0130368143240127
"10353",30,1.03986302357943,0.0805337778667202,0.00188238666839292,0.0106302525107318
" 9898",58,0.929433206463246,0.0993774452480475,0.000809759187674552,0.0100126014146784
"13131",57,1.2586073537729,0.548926175422755,0.000571050733349363,0.0110907236008594
"13727",49,1.17512309884762,0.38806233406135,0.00519355614330368,0.0134370511498805
"15620",17,0.622143471428096,0.206708243231653,0.00123955000277434,0.0124131445444474
"13907",33,0.785060779795487,0.194272032896907,0.00129087521038711,0.0121256372309027
"14405",21,0.390684261903651,0.110596286327884,0.000239170843582962,0.0112153846775667
"14212",31,0.586614273613006,0.176505024644157,0.000920385817596686,0.0125747121031923
"13134",49,1.15538381020989,0.410193543079803,0.00201324282834261,0.0130297956638367
"13927",33,0.782680760303354,0.215042843656692,0.00244106848909686,0.0131733456157454
"14438",6,0.0473172329061317,0.0115299258709495,0,0.00795216348797205
"14280",11,0.151120868241405,0.0413390600347312,4.97068452105721e-06,0.0100763300368166
" 9411",37,0.899697028295282,0.0978036380758444,0.00348861135258106,0.0109369921211205
"13145",20,0.335412608247669,0.104397243417944,0.000131549743836351,0.0114521874650377
"13961",43,0.923004117126212,0.287564952289849,0.000652662437346256,0.0122426089552982
"14383",23,0.583381270149495,0.166899101001213,0.0026178167828805,0.0132779485384114
"14702",18,0.25428947226484,0.0656139479236453,9.24778515545527e-06,0.0106122451366306
"15586",41,0.999896479592856,0.338401254045672,0.00172182199863133,0.0124690633072002
"14831",18,0.42665718308339,0.111176618621139,0.00105736863521187,0.0121601018406083
"14494",22,0.712756099244458,0.160626209392156,0.00617093143692086,0.0138526753131783
"14700",10,0.216333770966038,0.0387144881366468,0.000161027059019365,0.0106732225455793
"15078",32,0.64015010589971,0.212807386859469,0.000201254924445595,0.0119542118143567
"15190",40,0.642474795527168,0.202605133573364,0.000104384374942201,0.0110741306867138
"15575",40,0.998661688760338,0.332345904380944,0.00144300127619435,0.0126650201808258
"15266",32,0.748148757407073,0.241490140182138,0.0018700177557475,0.0129135317806658
"14944",30,1.06078933748528,0.183616330189502,9.82577172767122e-06,0.00936354453565107
"15617",34,1.16007343345601,0.46311643117119,0.0018325642258679,0.0132220329108288
"15672",17,0.92901361736996,0.219398146517487,0.00383101059796179,0.0128669336505893
"14945",21,1.06459049058992,0.168550481124495,2.31194628886382e-07,0.00924122585783693
"11789",87,1.04662921765565,0.0972048716277157,5.89546303660273e-06,0.00818782579976889
"15605",53,1.45821342036197,0.575685488449807,0.00441523942515767,0.0134100017210459
"11905",63,0.985804862306332,0.0956758889606704,0.000245875487820667,0.00912153401001181
"11622",79,1.03670417365808,0.0914421880658572,0.000127272643201953,0.0078302186169784
"11405",76,1.03192197603606,0.0815117366784256,0.000264717850074907,0.00849731740450202
" 9229",63,1.23827816923552,0.272663315786733,0.0065607255812233,0.0120692674361436
" 9507",67,1.02970308446563,0.0806249457856925,0.000161373850962694,0.00965095362737411
" 9773",52,0.96832894950781,0.0749037872972492,0.000325637634786469,0.00918704255061113
"10637",53,1.0703584248543,0.0950813096983335,0.000188539219856844,0.0100893091382501
"11048",91,1.05959567569165,0.106623424480951,0.000417653097083249,0.0092588069808163
"10651",47,1.06288720224404,0.0981886929722907,5.5139918989402e-05,0.0099585985348185
"11043",93,1.04818509481255,0.105037538988131,8.78539589768251e-06,0.00858400861890914
"14965",26,1.08681215457846,0.17919873795544,0.000125307488856419,0.00919249801891703
"11710",41,0.759774201340681,0.271465151793436,0.00169535021362384,0.0122958028617988
"10661",91,1.10661485060014,0.11573405279414,0.000281826252612499,0.0098898964763742
"14767",23,0.928124140529537,0.143237677864194,0,0.00913479598646006
"14969",26,1.08680660119298,0.179198243442927,0,0.00919244226248262
"14234",15,0.28093210085338,0.0471612096729012,5.93014223093569e-05,0.0111432385864081
"13243",64,1.22788031811796,0.560877915896117,7.99933415946881e-05,0.0108746191322392
"13892",43,0.830720868691167,0.317015326754951,0.000327255997188673,0.0119477367027859
"10880",66,1.05079305458748,0.109727349040577,0.000221946843730926,0.00984133361699405
" 9867",104,1.0419519601324,0.0919495648538082,4.73948989217082e-06,0.00755412047284333
"14990",26,1.08679432809145,0.179195821602117,3.46791943329573e-07,0.0091922868703862
"10314",86,1.03152162059282,0.0840176037158291,5.9995006196016e-05,0.00790660394626759
"13238",57,1.22462067077862,0.560049777402144,0.000306448480588899,0.0109960643537331
"13967",47,1.44425664776551,0.541879616424895,0.00281363863354727,0.0134193198078093
"13903",42,0.734974439789653,0.249046213565448,0.000801089389091313,0.0124907340862717
"14164",25,0.397280588867495,0.125679924066762,4.69325096639355e-05,0.0111975957405904
"10898",57,0.951799989921269,0.105119755113489,0.00126347864686408,0.0106023679740001
