"node","degree","strength","eigencent","betweenness","closeness"
" 8516",61,1.0225960061809,0.182480110174734,0.000157627034602266,0.0085231387464564
"10248",47,1.04542767734398,0.262032789012484,0.000900701057545176,0.0096896521226463
"10666",47,1.04159162099396,0.239795172889186,0.000304119267643224,0.00989104089272523
" 9982",50,1.04367861650957,0.149879732221959,1.68761836163574e-05,0.00901880066717556
"13987",52,0.945126228969463,0.428906893661075,0.000739246434906211,0.0116759358360394
"11195",70,0.970519047322657,0.134111521337518,0.000500196163886881,0.00918243469951631
"14733",28,0.799718190621545,0.240839560711606,0.00211491637155093,0.0114380585011395
"10258",46,1.05987732824001,0.258452086015116,0.000460006489501535,0.0100967810993762
" 9798",39,1.01635777941481,0.137318562669009,0.000877909510599374,0.010776299294899
"13914",30,0.613756694537528,0.250283074234941,0.000424514309524866,0.0113116559833462
"14964",34,0.624782811897971,0.228611333275236,0.000131181880894159,0.0110367635424309
"11198",52,0.953848202072406,0.118687178148004,0.00176643187893687,0.010017511051593
"12358",56,1.04700638660223,0.131167225958312,0.000120916985704829,0.00943006548250011
" 7228",51,1.03619754388758,0.312946346243663,0.000304293248917619,0.0100450252041714
"11573",60,1.04722122277826,0.153990481200047,0.000173633311846646,0.00962963162908092
" 8520",61,1.02992316492105,0.180317071280927,0.000179026731352904,0.0085300719126653
"11747",40,1.00066043637781,0.131225416534848,0.00149154146539208,0.0107233240093773
" 9827",45,1.02302760868991,0.173929000206259,0.00111069645574047,0.010584255388259
" 9631",55,1.03169673564284,0.126870832715903,4.52351313428136e-06,0.00796247272104404
"10351",53,1.06531211257559,0.16360030123043,0.000152929540193589,0.0098357523291607
" 2845",39,1.08262507496441,0.508010790402232,3.82758803669961e-06,0.0101274867278318
"10266",48,1.05521287436396,0.247494949539302,0.00136088152832111,0.0112411318618713
" 9628",55,1.03080265150821,0.126258419871917,1.73981274395437e-07,0.00793856816021596
" 9627",53,1.0276071095094,0.126908325547388,4.52351313428136e-05,0.00800231302080366
" 9767",45,1.06987770843302,0.153927932240711,0.000234526757885049,0.00948500592671176
"11143",49,1.02737304578997,0.240302434994193,0.00222730827481038,0.0115770756076158
"10815",49,0.866781830375005,0.226336284490566,0.000355443743589877,0.0102916971703753
" 9973",63,1.05448070903392,0.143728565008693,2.97507979216197e-05,0.0091781885161864
"10648",40,0.755117418186941,0.181245762497667,0.00334861758828897,0.0116205744462749
"11164",55,1.01943023563752,0.23785480570649,0.000665826337111337,0.0113921507173729
" 9634",52,0.995858968498293,0.123049711556156,0.000120221060607247,0.00834656989488644
" 9769",52,1.0548156594312,0.149732237319724,0.000381192972200402,0.00957944999483949
" 9979",53,1.01975884458218,0.145750651727961,0.000521073916814333,0.0104480013103024
"11112",41,0.962094489035221,0.335465122684653,0.00524988495488231,0.0125640876927057
"10802",53,0.947116075463937,0.221227696526399,0.00150459006097174,0.0115275539385118
"15560",25,0.451948269920933,0.171645215241991,0.000424166346976075,0.0108444748813564
"10860",42,0.864471030737545,0.146865586747218,0.00431960708068991,0.0120490514285404
"11191",88,1.04380132774086,0.157826988980474,2.95768166472243e-06,0.00697357826181993
"10734",24,0.87131576235672,0.125717853153846,0.00441755853817454,0.0115922852903145
" 9894",60,1.0485564144669,0.141316336030843,0.00042016477766498,0.00977593935864641
"10030",43,0.909277363370431,0.118413402132979,0.00129181096238612,0.00978928439614609
"10327",92,1.03396328303839,0.163818554313384,3.9841711836555e-05,0.00791099040633997
"10567",93,1.06858747932062,0.173136057367505,1.09608202869125e-05,0.00795713232438526
" 9266",30,1.05818246132689,0.541240200629788,0.000506459489765117,0.0125759895244
"11189",93,1.03902116718311,0.152627942185275,6.95925097581747e-07,0.00693946646370411
"10274",80,1.03655289767148,0.153526590779639,0.000164064341754897,0.00871660259181053
" 9891",53,1.02127131308046,0.136996482647105,9.70815511126538e-05,0.00910327771645057
"10562",92,1.05369141418738,0.167914689207303,2.57492286105246e-05,0.00782301616025895
"11182",79,1.02659954075452,0.136350599842107,9.39498881735359e-06,0.00662694692371246
"10628",77,1.04067966574048,0.141145034439569,5.0976513397863e-05,0.00874574404524225
"11168",61,0.99774111931732,0.139502123544149,0.00621408917758182,0.0110711520864755
"12720",54,0.990822177378767,0.188109893169407,0.000970467548577747,0.0105740783213101
"12733",45,1.03420362967126,0.20563321254773,0.00409203957378067,0.0113270817621271
" 9643",54,1.0568809572066,0.190292386700446,0.00408368847260969,0.0107607786335228
" 9805",64,1.03788461512557,0.136798210581133,2.71410788056881e-05,0.0087035376665623
" 9520",51,1.08204989177892,0.195930202343022,0.00470741134131733,0.0115520757120856
"10011",54,1.01390027289074,0.141644891799666,7.0114453581361e-05,0.00946704368645215
"11466",61,1.09941439090143,0.24760918173303,0.000567874879626706,0.00958256470167537
"10191",41,1.00915795109545,0.161526302274401,0.00042816791628717,0.0101067374733164
" 9813",57,1.06572924031401,0.16166324363849,5.84577081968668e-05,0.00893475329165569
"11468",61,1.09775160159757,0.252720938185054,4.88887381051177e-05,0.00936364363825721
"10189",42,0.952273353953642,0.153368795822613,0.000195554952420471,0.00955404527271512
"13774",33,0.833969095910544,0.30187948580587,0.00188682692081851,0.0124700704816322
" 9595",61,1.2393376855903,0.232864053381461,0.00125249119437275,0.010848958494993
" 9942",50,1.03267406194561,0.14262646188015,4.34953185988592e-06,0.00863705217925877
"10521",94,1.03089316621071,0.132565309227093,0.000107694408850775,0.0077032311693724
"11457",60,0.989843043675428,0.205251337763125,0.00101465879227419,0.0100213567449673
"10272",20,0.918028968127323,0.155559519150488,0.00320177739269922,0.0114554618675626
"10530",69,1.02057815931661,0.128145876674744,0.000118655229137688,0.00865038050464256
" 9941",49,1.08596904728738,0.174744573981843,0.00108007575144687,0.0102381105590479
"16305",51,1.43298302912408,0.802616253285523,0.00178626574421795,0.0128065487540518
"15471",26,0.487140053479052,0.17910281624304,7.98574049475055e-05,0.0110603557388827
" 9676",67,1.02649494722791,0.182181485438772,0.000147884083236121,0.00888018636230151
" 9280",25,1.14222352928996,0.564860893657377,0.00242999645948107,0.0126477701411923
" 9206",36,1.23847422337063,0.62474555427561,0.0015593941624063,0.0126977517992149
" 9670",35,1.03623803926031,0.181085495581915,0.0013535743147965,0.0114385251827292
" 9208",29,1.22521821408664,0.593405979511775,0.00378113503643603,0.0127424329013476
"16295",28,1.21742220826589,0.640193762264764,0.00115401779306493,0.0123794144065264
"14008",35,0.817444521092082,0.359610877469768,0.00260154199603497,0.0123271794525117
"12839",29,0.631748358961117,0.213460257457684,0.000431125597951892,0.0112835131385162
"10374",42,1.00891624415583,0.16081105344715,0.00134052571921684,0.0107890200675541
" 1840",49,1.08925753328651,0.467407748961713,0.00042625412226882,0.0101810778759856
"15387",35,0.92232747524826,0.483901288113092,0.00108477324585555,0.0118950833382428
" 7508",73,1.12882978533458,0.382798435688354,0.000646166453104652,0.0111078549956565
"10510",69,0.976799906305631,0.138991145019002,0.000278544020307094,0.00873925044183313
" 9859",51,1.08699702020922,0.201133773549577,0.000316297956850904,0.0101376753232279
" 7503",76,1.09193779737364,0.369014390351832,0.000817885970932948,0.0110801555433925
" 9861",53,1.09667619638304,0.210136867923243,0.00021504085515276,0.0102367915630847
"15576",17,0.397994627651874,0.125826064638981,0.000347962548790874,0.0113744957746403
"10003",61,1.05802363366686,0.196044548642911,0.000266539312373809,0.00960617617771099
"15523",6,0.131615931848122,0.0242947228854394,4.83667942819314e-05,0.00920087622404734
"15608",21,0.538817823891677,0.15128970072503,0.000314036200283763,0.0110465108625303
"15688",12,0.263390036532206,0.0774331516340878,1.94859027322889e-05,0.0112526975591011
"15739",16,0.301391185564072,0.0838669333212482,6.66348280934523e-05,0.0106168383548224
"10005",51,0.994806229209759,0.174013227658574,0.000192249308206958,0.00965683213925724
"15712",25,0.583783876868637,0.200539045488884,0.00118777016029765,0.0119085478672703
"15804",27,0.52315355506619,0.197359136456186,0.000567004973254729,0.0118200064352435
"13064",47,1.03502887377901,0.148101408672337,0.000984212069254986,0.0107096108374268
"10161",45,0.982530601590444,0.215003223542849,0.00561663748130789,0.0125030091458426
"15706",16,0.238668755300728,0.0964138647539876,2.43573784153612e-06,0.0104019887680472
"12671",51,1.02550998071755,0.15776169128847,0.00225758101655519,0.0108605226922386
"15820",14,0.350948165376837,0.104745987562356,0.000520899935539938,0.0111658607696298
"15944",41,0.728047093972026,0.207624968971079,0.00366143591965197,0.0119544490605989
"12992",71,1.05677922267663,0.153593312267865,0.00047009740341647,0.00928047217641434
" 9771",35,0.993183894444312,0.118961849788559,0.00151711671272821,0.0109622158586462
"14645",42,0.683097382775815,0.238877096236423,0.000501935976630835,0.0108933201363332
"12988",59,1.0496614118383,0.147372505640921,0.00103849422686636,0.0104535271476289
"15186",25,1.11061641967071,0.424052991410232,0.00205454486933571,0.012323687344154
"13003",73,1.00338016203623,0.146169736361732,0.000116567453844943,0.00886396554986484
" 3503",30,0.738412403703064,0.405920474660915,0.000641642939970371,0.0112361572652962
"15185",30,1.21497169770825,0.414948255799074,0.00426306316651139,0.0125336300071544
"15351",11,0.190268215597874,0.0577505609474504,1.09608202869125e-05,0.010507502423988
"13917",11,0.213473906415817,0.0648622267178359,0.000105432652283635,0.0105066419395756
"13122",59,1.08597523826557,0.159226914883465,0.000778392221645184,0.0104510811602149
"13778",22,0.776769987984677,0.315991813907329,0.00297873339892427,0.0127544395236246
"13000",53,1.02280635077607,0.137919035681574,0.000465747871556584,0.0101615258224337
"15605",25,0.575795206892638,0.265108321589341,0.00060127928431063,0.0111717880459977
" 9778",38,1.07863500679521,0.187554012034444,0.00478361513950254,0.0109442959311339
"10035",56,1.02440797166256,0.13746034733668,6.48950153494979e-05,0.0096291171910106
"12944",62,0.980961348156125,0.137665412496654,0.00170084093848979,0.0101240425114062
"14593",57,1.1801907655066,0.636004469722404,0.000223739918872532,0.011142761657842
"15604",36,0.86976327508103,0.319170469861847,0.00156826720740047,0.0119183496782038
"14564",57,1.16748350719238,0.585185438353123,0.000448349744117041,0.0110925228488996
"12488",65,1.065885006277,0.180055068176224,0.000276108282465558,0.00982629211866859
"15187",48,1.0483777479792,0.545678112329126,0.000976382911907191,0.0115386119608001
"12220",57,1.01808349342497,0.172767058479774,0.000755600674699382,0.0104574821452682
"15720",25,0.481418340996956,0.162368004830374,0.000378409271810075,0.0111836501919344
"15213",37,0.891923698941683,0.504008159203886,0.000262189780513923,0.0112622990200024
"11925",32,1.06801599811875,0.156128545421261,0.00703980430586256,0.0119350846468696
"12802",49,1.04471250496757,0.13058687705467,0.000333348121741657,0.00951309682420843
"12791",58,1.01824784794055,0.138960334988564,0.00196651034449162,0.0101452109706313
"12912",49,1.02106341708375,0.129288100598192,0.000299073810685756,0.00928306741953738
"15743",46,1.14160900765338,0.540048441798695,0.00253838679342942,0.0125897323285702
"14015",10,0.188738345971578,0.0705755533966031,7.30721352460835e-06,0.00997957884557372
"15312",19,0.566824047266307,0.189832012722679,0.000713323225021291,0.0120638793759212
"10957",51,1.04461696018,0.139459962089329,9.74295136614446e-06,0.00855919683525567
"11356",96,1.05601346321367,0.187775514929598,2.54012660617338e-05,0.00760930547847119
"14923",52,1.15390711441125,0.400056345273952,0.00252968772970965,0.0123299101234663
"10958",39,1.00640710304884,0.135450472581573,0.000141098813534699,0.0089818017721283
"11351",93,1.03659708589969,0.185302113609442,2.05297903786615e-05,0.00789813268362599
"15634",31,0.625472957636869,0.235904171563561,0.000225131769067695,0.0109713805772151
"15684",18,0.609091338708078,0.170582379981775,0.000392849717584896,0.0110921464809163
"11192",87,1.04292962305647,0.167425889123404,1.73981274395437e-05,0.00739045790046538
"11185",92,1.0354173567063,0.16925739392476,1.792007126273e-05,0.00730256091196562
"15932",38,0.883017774215128,0.366940086657098,0.00405602544998082,0.012398628449776
"15875",41,0.8733248252178,0.336723007514721,0.00246183503269543,0.0118700858268066
"11187",81,0.997429536998592,0.146987530328735,0.000182680338115209,0.00811450530939925
"14818",36,0.770494375305627,0.251847197477068,0.000683398445825276,0.0110063233224584
"12680",50,1.01721087478207,0.156345479570079,0.00329972885018385,0.0118714170571405
"10188",44,1.03705916076976,0.163047075809993,0.000114305697277802,0.0100283137169044
"14851",27,0.509530709728372,0.209659174702338,0.000314732125381345,0.0109496990319562
"10190",46,1.04776473747838,0.164238557390635,0.000184942094682349,0.00993649683915723
"12910",59,1.04621989412985,0.143221190892283,0.000224783806518904,0.00933567760045527
"15264",34,0.804996159855256,0.346010347954565,0.00339402670090618,0.0126080866538688
"13009",56,1.03010918317626,0.1451703521197,0.000215562798975946,0.00949851727503418
"13024",64,1.04014569191653,0.135403693664246,0.000212953079860015,0.0098443014587854
" 9635",59,1.00608051161668,0.139011195290861,0.0013495727454854,0.0102488081646758
"10970",39,0.941549909894039,0.134913185478851,0.00037249390848063,0.0096681294206268
"11347",81,0.967886629014554,0.157181659456084,0.000230351207299558,0.00950316942382162
"14004",15,0.297739842410447,0.0893494319830403,0.000182506356840813,0.0103163453973223
"11174",86,0.999857238510761,0.154494903580878,9.46458132711176e-05,0.00840887035762048
" 9629",48,1.01455885552094,0.122249234319483,4.52351313428136e-06,0.00763262387864957
"14906",46,0.928647023209629,0.328518668670938,0.00364977917426747,0.0123341496760544
"11183",71,0.978176725029066,0.152990463965993,0.00105432652283635,0.00940545746010235
" 9630",46,1.01056444484152,0.122125173074882,6.66348280934523e-05,0.00765522510933513
" 9638",51,1.02728830912902,0.129037678981393,0.00147101167501342,0.00917171055387722
"10816",63,1.03528753938089,0.234179152083749,0.000295420203923452,0.00945093599489762
"15327",42,1.00127088823652,0.38101790434122,0.0018796936885683,0.0124353451461246
"15424",31,0.680014938295349,0.262907459536945,0.000525249467399824,0.0118502003852185
"10891",59,1.04478407901883,0.236516469537148,8.28150866122279e-05,0.00909201119784295
"15357",22,0.595556156250617,0.192666289610879,0.000831630491610188,0.0119571781043735
"11181",92,1.03580434731632,0.146068701216428,2.60971911593155e-06,0.00693753181133425
"10699",73,1.05122707400946,0.146189878963057,9.70815511126538e-05,0.00885629050854601
"14727",64,1.13311427597474,0.549893235948155,0.000537950100430691,0.0112858089619547
"10639",61,1.04167593461084,0.141077145474443,0.000809534869761968,0.0103185076127534
"11175",80,1.03073754940852,0.143377716704254,4.69749440867679e-06,0.00723155765035824
"14731",44,0.872746211149683,0.410847916905619,0.00038432463513952,0.010907098277077
"10594",71,1.00198105907838,0.160682609383914,0.00064703635947663,0.00913342410629205
"11197",64,1.00247314464577,0.131720833485605,0.000133965581284486,0.00847478517578846
"15258",61,1.15239858769996,0.576811544855202,0.000412509601591581,0.0111530808724375
"12911",65,1.03678141130695,0.134137492136444,4.74968879099543e-05,0.00876305301776773
" 9636",55,1.01483045952294,0.148612312628242,0.00187325638141567,0.0104176324670233
"12090",37,1.09483963648831,0.307348309815367,6.21113149591709e-05,0.00967249202888644
"12095",37,1.11312669007782,0.320902518055409,7.2898153971688e-05,0.00976018489203773
"11378",67,0.879111998868178,0.137873551186562,0.000885216724123983,0.00991605355627791
"12104",37,1.08494496145013,0.292522678230143,4.22774496780911e-05,0.00966173099447265
"11201",76,0.99264916724712,0.127288554219435,0.00017728691860895,0.00865247909459373
"11223",70,1.02169055704921,0.1393440792494,0.000225305750342091,0.00906035523874174
"11461",66,1.05677643896331,0.232744190264194,1.39185019516349e-06,0.00891431688116142
" 6558",35,0.765049801827801,0.260453345293387,0.00442016825729047,0.0127199608859247
"11462",55,1.03229005323076,0.208827121472495,6.59389029958706e-05,0.00900657316273786
"10513",47,1.02163450312345,0.139279191659729,0.000374581683773375,0.0107793021771231
"10529",39,1.02385941261817,0.122724099425566,0.000918273166259116,0.0108600954701579
"12849",43,1.14425462304616,0.550011625651089,0.00192005734422804,0.0124031128124447
"12858",39,0.954248931135448,0.421900186423576,0.00191970938167925,0.012129564972761
"12787",23,0.327143494398659,0.105213346260633,1.77460899883346e-05,0.00929534738298718
" 9637",60,1.02149960186614,0.153981196809294,0.000778392221645184,0.0102307541235289
"13770",30,0.911188126687993,0.347006429411334,0.00219112016973613,0.0126252868774254
"13821",8,0.232289508102943,0.0885841438370093,2.26175656714068e-06,0.0108377778505445
"11204",58,1.00182696097099,0.122988135704468,0.000552564527479907,0.00942344871028596
" 9876",44,1.01436077348437,0.192776192409408,0.00138332511271812,0.0106412524285018
"12135",45,1.00972492888798,0.207763762105335,0.0050936497704752,0.0112345579282634
"12151",38,0.975513261543719,0.186261852234865,0.00202966554709717,0.0109220720839635
"12894",43,1.08281910638416,0.250960501520194,0.000257318304830851,0.00937978308283997
"12907",45,1.04185139221149,0.231966400508632,0.000111869959436266,0.0093108465839818
" 2828",38,1.07785175571751,0.495272452384877,0,0.0102393300878843
"14077",15,0.414893752838504,0.143608096267205,0.00034048135399187,0.0108619908626314
" 4836",52,1.09102798699855,0.59993557607247,0.000487843493404805,0.00981168704871236
" 5721",30,0.741335981299937,0.452217254675987,0.00070879971188701,0.0115592868842954
"10193",39,0.952208070154765,0.143843508094216,1.63542397931711e-05,0.00938412717991096
" 4766",47,1.08596457491671,0.604659401025081,0,0.00889246932931923
" 2784",24,0.568941111597407,0.287545724196759,0.00333017557320306,0.0118904809088893
" 6661",57,0.813911696265295,0.368497964824932,0.00016545619195006,0.00962686000385279
" 7105",35,0.878059477690836,0.136620264960124,0.00077247685831574,0.00885722432743442
" 4837",51,1.09304713932607,0.582015924134865,0.000641642939970371,0.0100268206794209
" 4759",47,1.08247268251234,0.603285780837612,0,0.0088909655777134
" 7111",45,1.04496367802538,0.161168217610429,0.000143012607553049,0.00887142083649607
"12112",36,1.06939828890724,0.268775111378771,0,0.00958788107336083
"12109",40,1.07542381742407,0.285962044282395,0.000181636450468836,0.00972969131408795
"12143",30,1.03476334643001,0.249518454334664,0.00239746196116912,0.0101548600692345
" 4724",51,1.0937965002482,0.605025694820003,7.68997232827831e-05,0.00930621278292304
"12122",32,1.05223195023605,0.246121277166393,9.81254387590264e-05,0.00958342928136552
" 4858",51,1.16662760712362,0.594451596566104,0.000377017421614912,0.0113923958130564
" 1958",52,1.08476415163715,0.45610260336088,0.00102735942530505,0.0105930409454055
"11900",65,1.03905231557044,0.178151185465886,0.000188073757621467,0.00855401089984405
"11939",75,1.02097936407871,0.164821046104785,0.000198686615359589,0.00853534033233976
"11943",67,1.03027688625727,0.163630622625404,0.000353877912120319,0.00856464290207083
"16483",7,0.718703679050256,0.175178799837693,0.00161402428256647,0.0110124389223714
" 2807",42,1.08788966043368,0.503643974825865,1.27006330308669e-05,0.00987921668095668
"12123",36,1.05370772031695,0.243761366727399,0.000673133550635945,0.00978113591433328
"12902",48,1.02991492018846,0.219947144427793,0.000103866820814076,0.0091771813067555
"12169",30,1.02315592374859,0.233872384005274,0.000948371926729526,0.0098446072376631
"12950",51,1.06416289973872,0.220397438053629,0.000209995398195292,0.00935762000822889
"10654",61,1.00363892857644,0.181447504064302,0.00174433625708865,0.00930391769765749
"11917",51,1.08345788724184,0.290509447510315,0.00050402375192358,0.0100710392368453
"13549",60,1.08915493231015,0.453153627462938,6.43730715263116e-06,0.0105491768327221
"10655",59,1.07360925814125,0.179721368152155,0.0014831903642211,0.00936855173985668
"11920",55,1.07413587234313,0.285045972462705,8.6816655923323e-05,0.0098371680075992
"13547",42,1.08239758889364,0.440195723960192,0.000584403100694272,0.0107283661876048
"13213",40,0.989396505097482,0.404168045958437,0.000570136636193846,0.010742356324785
" 7819",36,0.955254852130395,0.27890753760768,5.20204010442356e-05,0.00889524736289546
" 8308",36,1.03631825009678,0.326158535104731,0.000851638338165663,0.00925390397931133
"12919",44,0.993061322305203,0.208647439625888,0.000609108441658424,0.00954766807273358
"16213",62,0.942724120103553,0.381024733299475,0.000779262128017162,0.0111468339125065
"16214",47,0.80541095011842,0.281480215962244,0.00107207261282468,0.0106145936478649
"11599",74,1.11216393217685,0.419954175172368,3.18385732143649e-05,0.00963342354735084
"11898",47,1.15263480919513,0.548456595445319,0.00231203715544096,0.0126336706821201
" 3243",54,1.13811987174668,0.567814262814544,0.000110304127966707,0.0104790906631411
"11632",69,1.11569409073852,0.41705719322936,0.000110478109241102,0.00961937118130389
"11639",75,1.08398349847375,0.417522658698517,1.00909139149353e-05,0.00959707871731193
" 1936",41,1.22544469726753,0.768230988166096,3.9841711836555e-05,0.0115723659287606
" 2159",51,1.32171885065271,0.644549455328497,0.00434135473998933,0.0126161996140483
" 5088",32,0.9208661529261,0.659132553902331,0.000628594344390713,0.0115796611327677
" 5191",53,1.12811378256049,0.517741314168887,0.000277500132660722,0.0106594427093483
" 5227",49,1.17149981678671,0.5451341541075,0.00312853127617874,0.012096231929564
" 2956",44,1.177587449455,0.706499781862047,0.000318385732143649,0.010146880742895
" 5013",46,1.18807924885452,0.436858239345322,0.00436901776261821,0.0130909260195785
" 6285",25,0.416273041170076,0.136828854388203,0.00199626114241324,0.0113465272137152
" 6599",40,0.555522917276218,0.141008363153925,0.000922622698119001,0.0111899229970859
" 1972",26,0.944481139165644,0.670757965931784,0.00024896720365987,0.0112725267932994
" 6974",40,1.09671337421647,0.332487427338591,0.000195380971146076,0.011228714237154
" 5219",51,1.11990834442141,0.500135287963095,0.000326214889491444,0.0106748967766634
" 1172",43,1.19294750358274,0.712760277407627,0.000924014548314165,0.0103413197166555
" 4512",46,0.8862203760126,0.324919943726661,0.00146509631168397,0.0112294553334767
" 1858",34,1.11012092840725,0.458840858736098,0.0051815103140449,0.0127069322873657
" 4461",21,0.936442487320207,0.334919434774414,0.000595711883529976,0.0118153100165294
"11945",50,1.06127554450782,0.266485872948916,0.00118429053480974,0.010319410477151
" 3302",38,1.05280903829492,0.200785646442045,0.00212953079860015,0.0112379992850606
" 8200",28,0.680537008265821,0.373828398012849,0.00192388493226474,0.0118193417368151
" 3465",13,0.223364479517722,0.138446528661354,3.47962548790874e-07,0.0103656017046903
" 4375",38,1.13021520488701,0.371783955831196,0.00396329343072805,0.0117621214477754
"13203",24,0.419978567521597,0.122215231654757,0.000369188264267117,0.0102477805108842
"12065",47,1.03223527234291,0.294681910887486,0.00207368280951921,0.00992000638188234
" 4493",68,1.16500409638026,0.622285836036954,0.000184594132133558,0.010454691949554
" 1650",63,0.897458294584957,0.171609701838749,0.000940890731930522,0.0100338255381546
"  450",34,0.929477601151297,0.420268155191057,0.000291766597161148,0.0104980340324934
" 3231",46,1.27810514107515,0.652007982021386,0.00328581034823222,0.0123751431081407
"11625",70,1.10152518682545,0.430763692257444,0.000162672491559733,0.00955144444721362
"11652",71,1.09764537584569,0.428189465807233,5.18464197698402e-05,0.00953896605388826
" 7820",55,1.07211107566513,0.299804947310782,0.00095585312152853,0.00994810766825855
" 6642",48,1.08642954433575,0.396476124990558,0.000540385838272227,0.00998806757465999
" 4502",44,1.0088898751295,0.181806482922596,0.00167178606566575,0.0100461945194946
" 6651",25,0.94870913613107,0.332535798357959,0.000391805829938524,0.0104825101102614
" 7266",47,1.00204071363019,0.256482354999858,0.00253107957990482,0.0111657446065552
" 6697",61,1.10543572051014,0.409652783290814,0.0031300971076483,0.0117881889431384
" 5204",43,1.14780179912941,0.537543079565819,0.00142055710543874,0.0110666475281866
" 5261",43,1.10350302904057,0.50973023403637,0.000408682013554881,0.0107339468287087
" 8796",15,0.926348647217522,0.279489815890117,0.00427437194934709,0.0120157835074724
" 4392",63,1.27649594680469,0.538242319610201,0.00113279207758869,0.011310052386918
" 6705",41,1.0336835292774,0.162618122063128,1.20047079332851e-05,0.008638268345703
" 3251",55,1.18895696724508,0.608430986966001,0.000195033008597285,0.0108106707105517
"10122",56,1.0427055985896,0.291890937361643,2.88808915496425e-05,0.00958890056871301
"10116",59,1.04752717378185,0.292421638223036,1.73981274395437e-07,0.00941581842280851
"10111",59,1.04607133377016,0.292957054379369,2.3487472043384e-05,0.00953744750426865
"10108",57,1.05240388751468,0.294291998273986,9.37759068991404e-05,0.00968137148721736
"10125",54,1.05069767976833,0.292145057309209,0.000420860702762562,0.00995481321919158
" 2838",38,1.07080683894192,0.496340012098526,2.22696031226159e-05,0.0102576465991189
" 3254",64,1.17882657484953,0.596963302286114,0.00112235320112496,0.0109449848349136
" 7523",49,1.00091161512334,0.183767636236541,0.000743595966766097,0.0102085811569577
" 4359",54,1.00824669500677,0.266132509118304,0.000732287183930394,0.0104992866315542
" 5193",52,1.13991849186316,0.501697274211759,0.000503327826825999,0.0116964902620991
" 3663",25,0.719225504838367,0.446812893940012,0.000217476592994296,0.0109788603053245
" 5872",56,1.35535392728808,0.635928997651872,0.00416406782138039,0.0128547909379928
" 4460",14,0.53347808686158,0.132313849386573,0.000124744573741528,0.0101412893150062
" 1934",40,1.23981901992543,0.770585450754509,9.04702626856271e-05,0.0115951273073494
" 1928",41,1.23357359082962,0.765310237172842,0.000556740078065398,0.0116312454086573
" 5213",52,1.11204574584266,0.48470317702959,0.000840155574055564,0.0117152807004404
" 4633",53,1.31341005479468,0.773265666645841,0.00510756827242684,0.0128511372989526
" 6712",47,1.00210568245915,0.157771775919257,3.56661612510646e-05,0.00840254891585368
" 7154",69,1.1403972783492,0.417407975334329,0.00144804614679322,0.0111821039970327
" 6984",55,1.02436645826872,0.148320858263405,0.000570310617468242,0.0100640079841682
" 4169",53,1.18076706727638,0.619926018670552,0.000616589636457428,0.0112751787203359
"  444",41,1.01925716085755,0.426954920056044,0.000462442227343071,0.010609928388474
" 6959",32,0.898059443428056,0.393624335958061,0.00069923074179526,0.0109076085135119
" 6740",84,1.04029638412751,0.218102754966039,0.000259232098849201,0.00912544915751588
" 5702",68,0.959671021901152,0.194783077209027,0.00178313408127883,0.0107288113104075
" 5155",40,1.07203386478949,0.506174579779817,3.47962548790874e-07,0.00961296191759283
" 8787",59,1.09128010333856,0.3452863381493,0.000103170895716494,0.010547905717365
" 8425",39,1.25021491649567,0.468622923024288,0.00138941445732196,0.0114680510446674
" 6703",60,1.00658097972333,0.172503018970617,0.000404680444243786,0.00825675586043959
" 4472",49,1.12240616791641,0.453644769002899,0.000977426799553564,0.0114599500916637
" 5151",38,1.0610626227984,0.503556705361934,0.00141568562975567,0.0103851490381391
" 3006",73,1.03215051333244,0.224492945199963,0.00138871853222438,0.0112711664169863
" 6728",56,0.981687534409482,0.168528027346002,0.000486973587032828,0.00852002293587916
" 6702",48,1.04034740008893,0.162274761762596,6.08934460384029e-06,0.00840492181709791
" 6646",59,1.07579877365108,0.307158152874073,0.000520725954265542,0.0106634841345153
" 6730",53,1.04835923563857,0.16098833749532,0.000498456351142926,0.00957854587644621
" 6800",71,1.04247849311699,0.179757158112918,0.000361707069468113,0.00992369591791231
" 3722",33,0.66701129516059,0.321477825048106,0.000918621128807906,0.0112179474992058
" 7649",51,1.24193295106899,0.554019944196408,0.00121317142635938,0.011712232874195
" 7849",41,1.19152882788732,0.49614755367269,0.00249523943737935,0.0119381568250105
" 6616",32,0.703906020781354,0.296886601443707,0.00106354753037931,0.011839984641801
" 2825",33,1.06897199352541,0.501684518083807,2.0703771653057e-05,0.0103287451288992
" 4380",36,0.642166217597829,0.316474337710784,0.000579705606285596,0.0109469628894501
" 6670",66,1.05791222065527,0.186133168754308,5.2194382318631e-06,0.00862782344308904
" 5183",38,0.857877215725047,0.390331193272483,0.000806229225548454,0.0102483768180702
" 6682",50,1.02793209320806,0.175951806088984,0.00065730125466596,0.00968249565208995
" 3716",68,1.07516151360186,0.598876016123324,0.00122813381595739,0.0113302571676626
" 6635",58,0.983620108668639,0.424510951741307,0.000591536332944485,0.0109073339361445
" 7539",28,0.914010082335387,0.467243662127231,0.00222870012500555,0.0119922033014552
" 4419",71,1.00092574792795,0.253260498780539,0.0021921640573825,0.0118312208031515
" 4029",76,1.16310818278537,0.484300334846246,0.00139306806408426,0.0108762046754437
" 6671",59,1.03386058850185,0.178508806941249,0.000877387566776188,0.00909454750840881
" 8113",46,1.1047036060199,0.575133745708044,0.000138837056967559,0.0096131436707987
" 6482",34,1.01680415819967,0.504419506594557,0.00305197951544475,0.0126490672112151
" 6844",33,1.30108383750268,0.524721210311964,0.00909121751225916,0.0129022170576272
" 7299",56,0.900393427980503,0.153030598573045,0.0015021543231302,0.0101807620781297
" 3584",54,1.20388523649367,0.60342617465028,0.00233117509562446,0.0119344015258456
" 3614",42,1.13342273828954,0.485518581134892,0.000159714809895011,0.010566046968431
" 3446",34,1.0307467240116,0.30527473553319,0.000838589742586005,0.0118907022897625
"14261",34,0.980277051733976,0.285999541811582,0.00512357454967122,0.0124699166851673
" 2756",66,1.10407764456162,0.383960626459549,0.000117089397668129,0.0104672929566198
" 7525",69,1.07407091827965,0.26784218950043,0.000842939274445891,0.00939465803080826
" 9005",49,1.1574886431257,0.478244145038441,0.00622191833492961,0.011724692362227
" 6840",74,1.05054846759537,0.209181370433156,0.000918969091356697,0.0103138495396608
"14245",35,0.932954574726551,0.287759479489329,0.00295768166472243,0.0120705600081403
" 4776",59,1.12460327717077,0.63116475863536,4.52351313428136e-06,0.00912814842053143
" 4370",49,1.11745996027271,0.540962569161957,0.00114932029865626,0.0120648223867523
" 1699",58,1.17199031877435,0.504172753432316,0.00200409029976104,0.0116900092870727
" 5067",58,1.69467741082342,0.880792250248554,0.0117496513850214,0.0136089977869294
" 6973",43,1.10625889572253,0.332050388658018,0.000149623895980076,0.0110023251569234
" 5150",49,1.09822564982477,0.510935963661237,0,0.00950448499644896
" 5029",55,1.11930128090194,0.587426844664229,0.000180070618999277,0.00961318338021319
" 6603",35,0.994829636101788,0.455822127648724,0.00991049533338727,0.0129882563667783
" 3192",42,1.14060284779621,0.554125859831308,0.000510461059076212,0.010481915060282
" 3276",64,1.09799936605227,0.31447855235591,0.00186403537387271,0.01143181685229
" 3200",52,1.0169080347087,0.51429812252517,0.00189569996581268,0.0119507415356279
" 2055",85,1.02988115746426,0.186132644116443,0.000106302558655612,0.00840548947502935
" 6971",41,1.0940377618322,0.335724577265607,0.000354225874669109,0.0110576705847223
" 3647",35,1.17432868243986,0.391799535385635,0.00474899286589784,0.0121981143981601
" 4397",18,0.977492288021011,0.339043335729006,0.00242982247820667,0.0120053263954691
" 1606",20,0.909541403224526,0.313595725645933,0.00272680851359968,0.0119334873570679
" 5132",47,1.08052956744687,0.507203928533551,0,0.00952772072460375
" 6422",41,0.973008449269028,0.429540755230353,0.001746250051107,0.011488902226255
" 3220",44,1.14978147461079,0.551062528944119,0.000222348068677368,0.0103560654568989
" 8888",46,1.15556418154615,0.467603702696834,0.00162655093432294,0.0115812540743536
" 3677",47,1.07697437194239,0.203895249835564,0.00427471991189588,0.0117768225514767
" 1861",28,1.05769054447837,0.57330560217116,0.00551416251068897,0.0128344664678291
" 2173",84,1.03492357703621,0.186905582993372,0.000528903074162128,0.00866124094899604
" 5146",49,1.09586618951809,0.509986031451894,4.00156931109505e-06,0.00954795402266053
" 8984",42,1.10439583127689,0.45117743850062,0.000449567613037809,0.0111580458433997
" 3170",88,1.66959619072457,0.877593090303762,0.00217911546180285,0.0117712463376391
" 9212",45,0.800805523158503,0.234478477838059,0.000705494067673496,0.0111310246366288
" 9444",58,1.17510042468322,0.500793696266406,0.00111139238083805,0.0123128366096722
" 7108",55,1.03203256755314,0.156591698005267,0,0.00852662670258407
" 7589",44,1.00331533906966,0.451232521215241,0.000972903286419283,0.0112911414533034
" 8319",53,1.03202181678344,0.161396039949219,0.000999174458852994,0.00985555204465955
" 3282",37,1.0328802091633,0.18697207211386,0.00172902590494185,0.0111742855288619
" 6782",47,0.929779814922643,0.316724755043867,0.00129198494366051,0.0109849377848848
" 5129",45,1.09258774770537,0.511009367003953,3.07946855679923e-05,0.0098188609694856
"  100",50,1.34527522740467,0.769379189535152,0.00795772950957288,0.0130787225295979
" 5148",46,1.10117564687564,0.507455097785978,0,0.00946252953109419
" 6388",36,1.00473953094118,0.451600969379707,0.000698012872874493,0.0102750778909458
" 6721",41,1.00020403345455,0.156362581622834,0.000345526810949338,0.00878169907421938
" 5141",44,1.09956933992113,0.501543500905299,0.000291244653337961,0.00957741010666737
" 6945",28,0.888137846339626,0.366958576423145,0.00343247656254757,0.0125903489952223
" 6379",44,1.13094899301674,0.516692600916281,0.000112913847082638,0.0103671170158265
" 6713",49,1.0389066529052,0.158832035732057,0.000274194488447208,0.00904649003694752
" 3719",57,1.25058479231407,0.541970003275965,0.000767605382632667,0.0107457364261897
" 6626",56,1.14895110647175,0.454570703966838,0.000126136423936692,0.011012708740537
" 2824",37,1.07307736966036,0.510682869963712,5.67178954529124e-05,0.0102201995512325
" 8857",45,1.12061594885078,0.429106374375035,1.14827641100988e-05,0.0103384333084644
" 8849",36,1.02228603044013,0.404650091948508,0.000222696031226159,0.0100600345041049
" 6723",36,0.997922652094267,0.155034848286123,0.000765691588614317,0.0093530745447561
" 3591",40,1.22057389513354,0.558029405836813,0.00669027592560213,0.013099988491232
" 8883",42,0.785623021317115,0.278873495518387,0.000453917144897695,0.0108189239875366
" 8331",55,1.28096318350679,0.486248786704945,0.00216624084749758,0.0115991963048474
" 2792",44,1.0530149977518,0.403189211897488,0.00133269656186905,0.0110898322585596
" 4407",61,0.990548276424221,0.256972409320774,0.00197973292134568,0.0113076151593548
" 5901",42,0.800959786671015,0.345900893242809,0.000662346711623428,0.0111703935920026
" 3107",50,1.13469007241258,0.341841325723314,0.00134626710127189,0.0117790589267461
" 4511",40,1.01390708223054,0.206929154751535,0.00738968064867178,0.0122733042532003
" 3526",28,1.06717485441772,0.538396629422646,0.00190596486100201,0.0118950110987072
" 6532",29,1.10780711159912,0.403794395513967,0.00613979917341497,0.0125735467347102
" 5027",40,1.21259333395645,0.51268614549392,0.00243051840330425,0.0120521742756543
" 8726",63,1.00335263442469,0.295949882004156,0.00275934301191163,0.0116209603504357
" 6701",43,1.03621830669856,0.16081817177489,6.03715022152166e-05,0.00855784807972781
" 6866",25,1.10116366340463,0.392164126368758,0.00600339785428894,0.0127179128628178
" 6718",39,1.0073191684013,0.154121094702828,0.00225183963450014,0.00965204577112835
" 1729",59,1.08580381382588,0.438765374783065,0.00087616969785542,0.0107749341107155
" 1664",33,0.937475804483916,0.571483467212988,0.000647906265848607,0.012126195904308
" 6512",64,1.20406875236209,0.609334138590468,0.00141672951740204,0.0118083555946337
" 7600",31,0.959893115000993,0.259530197527515,0.00304658609593849,0.0112111005969184
" 8380",31,0.824620448083595,0.309064952367243,0.00277743706444875,0.0114989799402714
" 6257",52,1.1604491210735,0.422440427117255,0.00355495937972196,0.0130159094061112
" 3154",34,1.09584958468734,0.529520491795177,0.00036031521927295,0.0104232507404785
" 6337",46,1.29156132774814,0.58962749237318,0.00500126571377123,0.0128039358635717
" 3448",20,0.839400893509433,0.179428739109689,0.00217059037935747,0.0115405715834494
" 7168",52,1.06011280679228,0.388521750705133,0.000673133550635945,0.011419553619769
" 4274",79,1.10986051514596,0.287719804032778,0.00292375531621532,0.0113757453644062
" 8246",51,1.10233376704975,0.195109924673601,0.000774912596157276,0.00994268904233214
"16607",57,1.32913010316126,0.683460692664949,0.00190700874864838,0.0119423070954173
" 6416",40,1.08405583830845,0.460204293051324,4.99326257514904e-05,0.0101003014226684
" 6742",85,0.99317181250919,0.218691261555606,0.000219738349561437,0.00930619836555745
" 7638",33,1.05508132370015,0.260469920903167,0.0105824110151024,0.0129757137353265
" 7644",16,0.982086635303,0.305802053998764,1.73981274395437e-07,0.00964182192435125
" 3168",50,1.27752967919585,0.444948857280526,0.0084337422763188,0.0127453876830447
" 3586",50,1.31038252438925,0.885036133592136,0.000458092695483185,0.0117036837192135
" 6360",36,1.08987539003134,0.462873967821395,0.000638685258305649,0.0104854468712784
" 3597",35,0.840411836082236,0.35757671314636,0.000234526757885049,0.00990329443043487
" 3431",41,1.16439246350546,0.390812965601011,0.00256865953517423,0.0120350353889491
" 6529",103,1.0171364798406,0.210443313517272,0.000120047079332851,0.0084469494647925
" 8420",51,1.02501946261858,0.170803342414676,4.87147568307223e-06,0.00786692111742849
" 5194",42,1.09522143503808,0.466855253293408,1.27006330308669e-05,0.0102101244011614
" 8871",22,0.94655093544769,0.370964992282027,0.000896177544410895,0.0113809879538499
" 8628",17,0.904848460313951,0.278132772922391,0.00241451212605987,0.0116300937465649
" 7603",47,1.02149673899219,0.40433455187703,0.000369536226815908,0.0107538589226486
" 4291",44,1.11362608878973,0.610632780000923,0.000714367112667664,0.0116468154012424
" 6258",50,1.02950749687076,0.55066901521962,0.00161611205785921,0.0117726267098442
" 5225",38,1.08049363896228,0.457374015903498,9.01223001368363e-05,0.0102189932472509
" 4322",40,1.00956838295039,0.48428085925916,0.000498108388594136,0.011248269241389
" 4501",22,1.05033175639932,0.319233936999644,0.0026232896553344,0.0116664633868325
" 5158",49,1.14281706501503,0.516139006749265,1.07868390125171e-05,0.00961805910975722
" 6427",31,0.709408505746969,0.275320622608405,0.00145622326668981,0.010986288211629
"16526",35,0.866961961176879,0.451426106729961,0.00081632013946339,0.0116799806016979
" 1766",58,0.858633469949004,0.403060749065968,0.000147362139412935,0.0109401311494825
" 1665",69,1.11737229606274,0.502885721796461,0.00230820956740426,0.0117484189566254
" 3501",53,1.19990916844143,0.480974372070144,0.00208499159235491,0.011607060498346
" 5179",47,1.12302997220822,0.505291120266328,0.000131355862168555,0.00976140088306398
" 6614",48,1.38836105609431,0.566855269087307,0.00410056465622605,0.012475136605193
" 4528",21,0.614958953452058,0.215818658266957,0.00222991799392631,0.0120617959608155
" 3421",65,1.29147466113545,0.65064920995496,0.00184715919025635,0.0119787439288223
" 7642",17,0.982785455435755,0.303275455753044,0,0.00933680043597612
" 6830",28,1.04072630584405,0.321330895180835,0.000348136530065269,0.0105458984935604
" 6880",42,1.1555177426603,0.453742794988952,0.000119873098058456,0.0104049280393564
" 6350",32,1.10286281498724,0.489362575899553,5.88056707456576e-05,0.0110551613971424
"  443",51,1.0933753762052,0.452714558516343,0.00016545619195006,0.0105198339158396
" 7547",59,1.4339599188759,0.97933139406346,0.000852682225812036,0.0121935242890338
" 8622",38,0.995527547328818,0.443567406260732,0.000899831151173199,0.0124251350674381
" 8838",52,0.859254417069063,0.356631467320126,0.000615719730085451,0.0101980616045753
" 6630",49,1.10334974273367,0.421830277215229,0.00149641294107515,0.0111920976111265
" 4411",60,1.35660084254838,0.551840745390692,0.00505989740324249,0.01223478422735
" 8174",38,0.885190081387564,0.401880874927505,0.00188891469611126,0.0112968690560246
" 8192",58,1.55907815861749,0.817131362014184,0.0015326010461494,0.0124966744321948
" 4374",56,1.29140701244659,0.435427799069521,0.00535914519520264,0.0128420058852675
" 3499",51,1.18378432278727,0.532967905104197,0.00114688456081472,0.0113883596661541
" 8324",37,1.00814013227018,0.234891867374192,0.000894437731666941,0.0103891628684784
" 8921",60,1.00321050002772,0.18857427781932,0.000743943929314888,0.00968693292708362
" 5108",43,1.15879783952733,0.51896911467923,0.000518986141521588,0.0101968168495989
" 6113",55,1.23022968786198,0.793890811821583,6.26332587823573e-05,0.0111433091904192
" 3825",31,0.627155902055964,0.236891752868045,0.000894263750392545,0.0115239489968268
" 8922",43,1.00937791605734,0.170307493702003,0.00172137072886845,0.0097013094357069
" 6704",51,1.03471984016715,0.170443082497859,0.000683050483276485,0.00862381970882049
" 6101",57,1.21939786565802,0.778933683470234,0.000121960873351201,0.0112074161407731
" 4257",46,1.29678608770525,0.85876451030648,0.000266539312373809,0.0116634070391219
" 5069",43,1.04751519485078,0.513293465154945,0.00113035633974715,0.0113631075241708
" 3637",25,0.745875365851709,0.348436527464555,0.00242338517105404,0.0121606816159184
" 6108",52,1.20089608442123,0.777598294804279,8.4032955532996e-05,0.0110949579056728
" 6050",43,0.650492097963393,0.285698936991043,0.00017728691860895,0.0103473758295317
" 6715",59,1.02904899448762,0.164161521893598,1.73981274395437e-07,0.00832129434967459
" 1238",45,1.10399846959794,0.678121904215359,4.97586444770949e-05,0.00993374169858106
" 1710",48,1.05828885302034,0.553787029411954,0.00126832349034273,0.0119479234162438
" 2288",52,1.27426297053765,0.742850363542319,0.00184646326515877,0.012454321309192
" 2496",62,1.33972675206276,0.639968840704902,0.0021276170045818,0.0121474933586278
" 8432",45,1.02801883405805,0.179494718557577,0.000455482976367254,0.00900166500291981
" 4779",67,1.14640528172538,0.639917145603255,1.32225768540532e-05,0.00922920930894472
" 2714",38,1.12171172833959,0.509961100182662,0.00103379673245769,0.011025119308158
" 8433",45,1.08366532072883,0.190794485536038,0.00197468746438821,0.00966544203982414
" 6678",20,0.882687441180325,0.217147983985501,0.00108790490879467,0.0121741785888718
" 5754",57,1.13487692455671,0.632723856020929,0.000213301042408806,0.00935278628734858
" 4647",44,1.02648400623035,0.437902838712416,0.00257318304830851,0.0121472478453028
" 5031",42,1.12278849631476,0.398324063784741,0.00424427318887668,0.0116040556324574
" 4981",52,1.16232054474265,0.601325513565995,0.000120047079332851,0.0112002053595096
" 7195",25,1.125321016126,0.37024910708927,0.00142682043131698,0.0113292706698748
" 7264",59,1.18813609297834,0.461643467113087,0.00110443312986223,0.0110263224960353
" 4620",64,1.24177028995619,0.516389395164128,0.00266191349825018,0.0119439648988138
" 3953",46,1.15836447889436,0.432068259708301,0.00346257532301798,0.0121833939894996
" 6396",5,0.137282975929679,0.0467665671503413,1.77460899883346e-05,0.0094645322378316
" 6699",54,1.05446720250907,0.171703061156899,0.000169979705084342,0.0085000024045911
" 7521",11,0.811563336532508,0.224076337059624,0.000723414138936226,0.0114676057266292
" 6636",47,1.01393332034326,0.416753055701569,0.00303249361271246,0.0117289628567829
" 5710",24,0.776778671387399,0.33826617784171,0.00415049728197754,0.0120449446861386
" 6384",52,1.17320615097567,0.5325595500698,5.04545695746767e-05,0.0103971780073571
" 8241",17,0.414959932086401,0.17475684486063,0.000261493855416342,0.0113424926264098
" 8663",29,0.461862005008458,0.251958144489553,0.000316993881948486,0.0110253587188947
" 6817",37,0.988379922663537,0.423936318024706,0.00074463985441247,0.0108684938135518
" 8297",40,0.979839619429442,0.379913331984766,0.000463312133715048,0.0104174386999657
" 8855",44,1.10360759991276,0.418934917727787,0.000199208559182775,0.0105884302755811
" 9172",48,1.04449692482006,0.20592800126868,0.0020778583601047,0.0114011678982545
" 6724",33,1.00727322295932,0.156122210627857,0.00190509495463003,0.00936277797816664
" 8315",33,1.02503331944643,0.417615308877215,0.00375660367674627,0.0124215533949639
" 4539",49,1.13797422525986,0.45714127662517,0.00115279992414416,0.0113758697030453
" 8848",41,1.07869314012335,0.410324189469926,0.000119525135509665,0.0102305687713783
" 6383",52,1.17181732300886,0.534276899598746,4.15815245805094e-05,0.0104441936568435
" 5441",79,1.18592851482663,0.559254156802561,0.00225096972812816,0.0113619920334054
" 7546",60,1.32563825020146,0.885599869008688,0.00194493666646659,0.012196571891769
" 8626",32,0.708877676123106,0.348776127399245,0.000420512740213771,0.0124542559478203
" 4533",34,1.07539982394666,0.407866168117783,0.00341107686579693,0.0113972336022416
" 2689",57,1.13442646656706,0.545037420079574,0.00061537176753666,0.0102172127310318
" 7284",61,1.00548521837661,0.180007989327951,4.90627193795132e-05,0.0094253796517723
" 8347",45,1.10022245765804,0.426762702316295,0.00111504598760035,0.011051292014006
" 6999",78,1.04331855426371,0.205987421733403,0.000157974997151057,0.00919973132592512
" 7001",64,1.05202451888775,0.191888839034172,0.000180940525371254,0.00916381651092862
" 6382",48,1.17158937389534,0.537026067001796,0.000108564315222753,0.0103372133640131
" 6842",21,0.715656138530775,0.249160629198262,0.0045979771197226,0.0125448774686781
" 3218",42,1.12379121669771,0.476467075063332,0.00032447507674749,0.010946450000255
" 7156",27,0.836079827508953,0.20397308531003,0.00167613559752564,0.0110522226063228
" 4250",36,1.2500020105698,0.880778281875248,0.000374581683773375,0.0115155917932959
" 2682",59,1.09336260222086,0.394431431466693,0.000699578704344051,0.0107871612686579
" 6710",51,1.01357745978773,0.167171609969447,0.00061537176753666,0.00872475471971678
" 3233",60,1.05004463583073,0.41557899657501,0.00113435790905825,0.0110883170769242
" 1727",47,0.965339652895293,0.477277792297477,0.00162324529010943,0.0125558175192623
" 6761",58,1.47887659525604,0.788059182090209,0.00687782773940041,0.0129390472555833
" 6668",69,1.04401200621667,0.182275507761274,3.20125544887604e-05,0.00855676518870651
" 4373",41,1.4603561895067,0.656548522845665,0.00888261396425903,0.013540649758783
" 6711",48,0.997084560562442,0.159257419985946,0.000221826124854182,0.00843170286392554
" 4777",47,1.10610750551676,0.613950055564087,0.000127180311583064,0.00937559429150367
" 8289",41,1.03223881815477,0.242009332032039,1.73981274395437e-07,0.00815968402223773
" 3071",31,0.942156221869676,0.396638875602936,0.00264312352061548,0.0119716863023131
" 4844",45,1.11422516462278,0.620378066835772,0.000135183450205254,0.00916849952860077
" 5832",39,0.837753525433616,0.353983641907411,0.000125962442662296,0.0104229532645706
" 1656",54,0.96307111709418,0.47545806594133,0.000789005079383306,0.0112990695807175
" 8895",33,1.01803363262027,0.147530492503952,0.000410769788847626,0.00936670752123727
" 6716",46,1.02425227831703,0.156653354715852,0.000151189727449635,0.00924153191275944
" 4949",21,0.532803860793228,0.264680030791311,0.000431299579226288,0.0112632240940618
" 3474",39,0.67953896324312,0.307814417288208,0.000612066123323147,0.0110958535953709
" 4888",45,1.17163505092605,0.568140956213962,0.0021464069822165,0.0120389054767016
" 7641",24,1.04396400128422,0.330713746452693,9.01223001368363e-05,0.00991774396958488
" 7060",42,0.944362431868917,0.395305197452178,0.000665130412013755,0.0109515209512078
" 8977",74,1.04171486954323,0.151723401340915,1.37445206772395e-05,0.00715306664920961
" 6827",24,1.013339359654,0.337258469403523,0.000935323331149868,0.0120104605258937
" 3201",55,1.09016614605304,0.477646563975054,0.000123874667369551,0.0100303584234201
" 8229",46,0.976909900025332,0.319354022858581,0.00244513283035347,0.011678929261619
" 9091",41,1.06636038216969,0.270121362285491,2.48793222385475e-05,0.0106435087618902
" 6708",49,1.00310661057566,0.171815531130848,0.000523683635930265,0.00866128923423185
" 6970",34,1.07943313362472,0.33876845496243,0.00106215568018414,0.0112048077212148
" 6698",55,1.03123213620594,0.163164209123995,0,0.00831441075615426
" 7057",92,1.04813340789034,0.194610649409871,4.40172624220455e-05,0.00802777353167641
" 7066",81,1.03165993871121,0.177431022579273,9.55157196430948e-05,0.00859365301377959
" 3545",42,1.1026605754424,0.479099525188861,0.0027109762176297,0.0118173125842149
" 3589",52,1.12419003617068,0.479420638327754,2.7489041354479e-05,0.0102144539072996
" 6949",34,0.750617182623515,0.41368612163714,0.00429229202060982,0.0126711345889462
" 6852",20,0.586664510887593,0.375708699618303,0.00157922802768738,0.0122966500888792
" 5646",45,1.16276877154125,0.523796518089336,0.00079457248016396,0.0113737979276331
" 3694",44,1.18338792125491,0.388299684975248,0.0037096287326595,0.011975061116593
" 6555",69,1.17872642992576,0.219597070691866,0.000560915628650888,0.00960197740853075
" 3542",32,0.709228306525085,0.264980098128683,0.000966118016717861,0.0114091006101225
" 4237",51,1.25346912251737,0.862487234937408,0.000344830885851756,0.0115288286718041
" 8436",48,1.02023440075304,0.167810525968071,2.26175656714068e-06,0.00805977964249973
" 3845",68,1.03052367270283,0.318218279977969,0.000387978241901824,0.0110570861436804
" 3318",60,1.13125954758714,0.232626708900372,0.00164603683705523,0.0113539558562166
" 8423",53,1.02390336084076,0.162192932863241,0.000465399909007793,0.00847310599110196
" 8337",65,1.05442434555949,0.182848555760298,0.000821539577695253,0.00990278571031138
" 6828",16,0.764673176062721,0.246413849305534,0.00295594185197847,0.0120222520253092
" 4603",36,0.611117969670457,0.287008317353418,0.000634161745171367,0.0113772878911732
" 7106",50,1.04444460570309,0.15736569404516,0.000196076896243657,0.00865363683392404
" 2149",30,0.852662377581429,0.415097417395726,0.00214553707584453,0.0118689406203989
" 4855",65,1.25519550310212,0.645901716953443,0.000199730503005961,0.0104663756016633
" 7118",53,1.10489871133915,0.17469339139948,0.00167543967242806,0.0098196110903837
" 7630",63,1.21268802896693,0.473289991840341,0.00105345661646437,0.0113879910920308
" 4536",54,1.06699977168535,0.415167439388416,0.00131025297747203,0.0113221809462573
" 4877",58,1.23053985500155,0.640188721417452,0.000613110010969519,0.0106072263349407
" 6686",52,1.03695633164859,0.178880724981296,0.00065695329211717,0.00946039398046197
" 6631",53,1.0983990333368,0.434933280126964,0.000242355915232843,0.0109058192493838
" 6628",50,1.14725630631249,0.482932325243577,0.00252620810422174,0.0118624208081392
" 6348",29,1.11919110285154,0.491147413121079,0.000711409431002941,0.0111500891922568
" 6707",55,1.05162801435505,0.17081086434951,0.000138489094418768,0.00839660720789176
" 9075",37,1.00361327108368,0.162594940313463,0.000421382646585748,0.0097316324742529
" 5639",41,1.1288197402191,0.467806811860069,0.000148232045784912,0.0110525722097321
" 5756",31,1.00357365191205,0.443833960986574,0.000632595913701808,0.0110510994138321
" 5858",61,1.27900837819191,0.590513442284581,0.0036450816798588,0.0118653397055267
" 6921",42,1.22587181135147,0.448976399061864,0.00334322416878271,0.0111287128516678
" 7740",60,1.0609184426863,0.156096950254339,4.43652249708364e-05,0.00875858602204657
" 8311",57,1.04671080699649,0.167731111643758,6.82006595630112e-05,0.00877445016938076
" 8755",48,1.03978469325426,0.150854481989874,6.43730715263116e-06,0.00878039592365684
" 5632",52,1.14214710863932,0.479279967054932,0.000290026784417193,0.0110334142009213
" 5908",32,1.13790843247247,0.499450256471994,0.000209995398195292,0.0111312914285233
" 7742",64,1.04401865899551,0.152907596340527,6.95925097581747e-06,0.00856149979709069
" 4761",41,1.07212610517595,0.602000613759419,1.21786892076806e-06,0.00921622238962807
" 8313",47,1.0083576708067,0.195681760942226,0.00284215809852386,0.0107279719059068
" 5644",43,1.13377484562534,0.481176696450151,7.55078730876196e-05,0.0110194692333647
" 6345",33,1.11801861277475,0.489380484722221,0.000520204010442356,0.0111481290010509
" 4744",41,1.07272220023621,0.602669148935853,4.52351313428136e-06,0.00928677314042758
" 6568",62,0.881912049686428,0.246354682427762,0.00103136099461615,0.0115959051327606
" 7613",86,1.05292279340451,0.202048249819139,5.2194382318631e-07,0.00831372231785497
" 7101",55,1.03957775417067,0.189422461849696,0.000213649004957596,0.00909444133670884
" 8326",86,1.02838453540597,0.194574796060933,0.000116219491296152,0.00903235526887749
" 8635",53,1.22212877260777,0.393159997902344,0.00478030949528902,0.0121317682655413
" 8761",32,0.933794615417173,0.443537304440885,0.00148980165264813,0.0124231278613838
" 5629",29,0.448045540836301,0.130095846644401,0.000144578439022608,0.0107956476190045
" 6365",21,0.477091776621774,0.158657949252028,0.000334913953211216,0.0104892257113912
" 7611",90,1.04251115812402,0.201901976535175,1.18307266588897e-05,0.00845315016639837
" 4307",39,1.12029574692566,0.545177698466844,0.000398765080914341,0.0112605262723033
" 7808",39,1.04955092641086,0.312846394782957,0,0.00871373960615445
" 8292",36,1.04837587443724,0.320874279503019,0,0.00870947686822277
" 4238",48,1.27312144794743,0.833011470624442,0.000731243296284021,0.0117340924453332
" 4439",37,1.17965250423248,0.673730671974541,0.00105693624195228,0.0117246640444396
" 4486",42,1.4275180639974,0.746820283792415,0.0124285263177124,0.0135777325706109
" 7806",43,1.05994471338764,0.320911659362183,0,0.00881163506790314
" 8302",42,1.05980734550963,0.323020416202747,0.000645644509281466,0.00908708123338746
" 3562",53,1.1854741680466,0.652152406522248,0.000227567506909231,0.0116219422228837
" 5501",45,1.19811954908939,0.526858492797478,0.00342586527412055,0.0125655221447973
" 6329",54,1.33148801113373,0.59412484245895,0.00270001539734278,0.0125162997309705
" 6763",35,0.629195801045989,0.299516251453378,0.000571702467663405,0.0118460868687696
" 4653",38,1.03269805459643,0.374927675118111,0.00323448587228557,0.0122493615257745
" 8801",50,1.00010710817085,0.163611176788051,0.000195902914969262,0.00955856029710706
" 5633",34,1.03946231432038,0.417267328030531,0.00179426888284014,0.0114792290431953
" 6714",45,1.0107237278902,0.154904608418739,1.07868390125171e-05,0.00913321682203343
" 3234",58,1.04311524139495,0.41191103377918,0.00161350233874328,0.0119789034676488
" 9229",76,1.0465228848165,0.162323227581621,0.000102648951893308,0.00832410961068964
" 9174",54,1.04128516759476,0.14568747071448,3.8623842915787e-05,0.00823273289779456
" 9178",54,1.03379029933187,0.141866320032483,4.00156931109505e-06,0.00778848383894426
" 9226",48,1.04287596615739,0.19251916169671,6.99404723069656e-05,0.00941138667762253
" 8819",20,0.336893369070944,0.111140155496012,4.43652249708364e-05,0.0102199725717027
" 6720",40,1.02646828577826,0.166113434432535,0.000829716697591838,0.00891293688079883
" 6957",29,0.769980732032218,0.310899053161764,0.000398939062188737,0.0108032828537136
" 3182",64,0.971307257218521,0.353680911389964,0.0004499155755866,0.0108024481951008
" 6933",54,1.04644244779068,0.180282123901106,0.000112043940710661,0.0091596311620427
" 8364",46,1.02205240678521,0.183631390020567,0.000395459436700828,0.00986974354452647
" 9322",48,0.992371172692869,0.148323774344101,0.00100248010306651,0.00916315436982442
" 3518",37,1.11945788772604,0.679073522165858,0.00362437790820574,0.0127975083763072
" 9230",64,1.33998326585386,0.527356237130437,0.00328563636695782,0.0124125629377589
" 7136",56,1.06495727487065,0.192748192344386,1.96598840066844e-05,0.00927547224675685
" 8931",11,0.526811982494489,0.215682367635072,0.00183028300664,0.0126234502479589
" 3624",41,0.872209763191812,0.39149213230662,0.000568396823449892,0.0111784642801478
" 3846",45,1.26939154015812,0.746787017698818,0.00451498805183598,0.0127391827246021
" 4082",40,1.33107651026855,0.765071025139413,0.00946005781397748,0.0130281938400544
" 4591",67,1.36284315166249,0.60953762638006,0.00389126518312834,0.0124442497761716
" 7099",79,1.05160407142582,0.197870203362395,7.65517607339922e-06,0.00865431823383235
" 8756",42,1.28778170897284,0.59418488206865,0.00369414439923831,0.0127502394665892
" 8426",60,1.00673008440642,0.15326238877681,0.000343439035656592,0.00888065683657474
" 3261",58,1.14223739790396,0.485769020135212,0.00010369283953968,0.0104898505518684
" 4455",44,1.01349164528651,0.527700821631267,0.00482850230829656,0.012386768259518
" 8877",45,1.04174546251105,0.164427878676918,0.0016815290170319,0.00977922215776676
" 8413",51,1.02898828461941,0.16775262947141,0,0.00786337189604744
" 3670",44,1.15867520526239,0.519670976683216,9.46458132711176e-05,0.010237588829386
" 4348",9,0.510583377235075,0.0988698985150055,0.00254604196950282,0.0112020795555512
" 3676",31,0.716130259395734,0.108744717043738,0.00360158636125994,0.0112515902364506
" 3686",51,1.07989148646415,0.356492495930367,0.00697282151522032,0.0123004076039893
" 8419",56,1.02857185833985,0.167110950996698,2.01818278298707e-05,0.00812383393835662
" 5545",36,1.13139289928642,0.347470175587442,0.00487773900895047,0.0131696690229865
" 5018",34,0.866856832438211,0.311390103897954,4.2625412226882e-05,0.0101134250596818
"  274",28,1.10904527397152,0.600389943147084,1.87899776347072e-05,0.0110505661453921
" 4548",25,1.08342277547273,0.316858702987771,0.00718177302576924,0.0131785024359686
" 6637",63,1.22493365463551,0.667309258197188,0.00127824042298327,0.0114838797092112
"14691",23,0.425940399634002,0.174399870702477,9.22100754295815e-05,0.0105949052109037
"10726",41,1.07015331689547,0.33070397523578,0.00256413602203995,0.0122569187233913
" 5019",33,0.871819905887103,0.315727759633308,0,0.0100409642772911
" 4344",32,1.15019428600954,0.48813495487028,0.00345718190351173,0.0118750598320315
" 3574",35,0.917538040493972,0.33117470205235,0.00334792166319139,0.012978908877981
" 6237",30,0.570274608051333,0.24083325746148,0.000288286971673239,0.0107887009903856
" 6679",60,1.04014187003405,0.1927220797524,0.000921230847923838,0.00934929684062892
" 8996",62,1.18982334071086,0.528931668773514,0.00239085067274209,0.0123470905297412
" 8720",39,1.02863386603685,0.152618117339375,0.00168413873614783,0.00981308411699419
" 8994",39,0.917889281326428,0.124852587703314,2.88808915496425e-05,0.00780465778812621
" 8802",30,0.808463348386887,0.135451094850856,0.00323031032170008,0.010251474879178
" 8889",49,1.03110030684468,0.140354578070025,1.73981274395437e-07,0.0078727297231678
" 8721",36,0.996678473386239,0.139193044147947,0.000843635199543473,0.00954603198476535
" 8890",53,1.02159975371548,0.142891421125819,9.22100754295815e-06,0.00784399092462842
" 3654",50,1.1314737650933,0.567105966212247,0.00065121191006212,0.0114237963521683
" 7294",45,1.14137807341498,0.404876561005947,0.000365012713681626,0.0113656200128715
" 6586",59,1.09379688897266,0.435161240711112,5.27163261418174e-05,0.00950430082376531
" 9302",47,0.976996651571826,0.135089624542561,0.000562307478846052,0.00839889091325571
" 6583",59,1.05840876497717,0.416168924769422,0.000192597270755749,0.00962544054621921
" 6819",78,1.02908185166846,0.198256906074899,0.000159192866071825,0.00920797215423051
" 8712",49,1.18079411514863,0.435359875810983,0.00150911357410602,0.0115970427472713
" 7762",42,0.998529737894711,0.318097897984082,0.00096994560475456,0.0113829774632352
" 4194",42,1.26900849754821,0.902683283845464,0.000398765080914341,0.0115030087249695
" 4203",40,1.22116694023408,0.871521507545219,0.000400852856207086,0.0114069369308663
" 4431",53,1.0892607278771,0.318560232782618,0.00271515176821519,0.0117250924236864
" 7277",73,1.02866773077035,0.211832338253283,0.000559001834632538,0.00988239492470282
" 6807",46,1.1837809417129,0.501270275779896,0.000785351472621002,0.0109203107050212
" 6942",43,1.06001478432042,0.416683303046898,0.00192719057647825,0.011833401326788
" 6806",59,1.19499507139784,0.523549947097198,0.000564221272864402,0.0109489353029319
" 6943",38,1.01060788211847,0.382514214960515,0.00154095214732038,0.011557237914671
" 8366",34,1.17162615008832,0.490119951861489,0.00885982241731322,0.0131716688171712
" 9192",50,1.1338160423288,0.212462169017943,0.000964726166522697,0.00988970911792777
" 4266",32,0.661740212806635,0.244916199638977,0.000623896849982036,0.0111487414504434
" 6514",63,1.18140179134667,0.524436891921645,0.00110304127966707,0.0119670129290258
" 4147",57,1.43526946774996,0.940517920884123,0.000775260558706066,0.0120182814228004
" 4140",50,1.39938543746603,0.89452646417202,0.00190057144149575,0.0122437964335417
" 7187",31,1.13553529094225,0.413657857107596,0.00224435843970113,0.0120563774027135
" 9073",44,0.999565502471753,0.172317630529051,0.000829542716317443,0.00979991141645645
" 9216",51,1.03937062046081,0.17320098298087,0.000542125651016181,0.00904989303037664
" 3530",46,1.132498298597,0.497395332675427,0.00139498185810261,0.0114084448771826
" 1643",11,0.385513123189603,0.0650026323153343,0.00285833835704263,0.0120067435304679
"  330",39,1.21461342300782,0.643800408536558,0.000509069208881048,0.0112639796637397
" 3513",56,0.911167836120434,0.441137531582917,0.00230977539887382,0.0123797940542337
"  270",57,1.55173733084624,0.831795223005165,0.0137238169055865,0.0129527578293948
" 6735",30,0.784637373896516,0.491033708847741,0.00118498645990732,0.0120311064829122
" 6773",25,0.780951220141676,0.387349854315188,0.00173198358660657,0.0120890068088972
" 6547",27,1.09622875340669,0.620783565984788,0.00217876749925406,0.0122814797326477
" 4479",46,1.39411492431694,0.796389137028876,0.00260432569642529,0.0124910650414253
" 8394",19,0.911444317677445,0.131408038137893,0.000968727735833792,0.00978957149991412
" 6675",66,1.02581076680454,0.184303651586568,6.82006595630112e-05,0.00892190147440861
" 4458",47,1.19987454040539,0.563499035579024,0.00189535200326389,0.0120844443093372
"  320",33,1.17788882080523,0.625800008998525,0.000558479890809352,0.0117190046087866
" 3235",49,1.05383905508769,0.489550854427414,8.35110117098097e-05,0.00975711666512952
" 4485",43,1.10560703537004,0.642920415508099,0.000225131769067695,0.011781782631377
" 8964",22,1.15626558808197,0.456323815977331,0.000524031598479056,0.0110426046559436
" 8829",49,1.08505990022236,0.416093757712865,7.27241726972926e-05,0.0099468910226318
" 9580",46,1.05678545139805,0.187044687341627,0.00351268193004387,0.0112049318126251
" 9401",61,1.03250513327765,0.174002983403369,0.000644078677811907,0.0101402867721633
" 9350",60,1.04200363392807,0.151876032806016,0.00020129633447552,0.00873763941906288
" 4437",43,1.15999711023782,0.699958084475796,0.000451133444507368,0.0118666190816876
" 8685",68,1.02350820902239,0.14420368258426,2.95768166472243e-06,0.00746604565758552
" 9543",41,0.946877700600856,0.15878169328793,0.00219251201993129,0.010755177499094
" 9353",59,1.03840952262176,0.149154680638381,2.85329290008516e-05,0.0085842474560943
" 9402",76,1.03341186176197,0.174117815942872,0.00056735293580352,0.010134933936059
" 6366",40,1.44201660596703,0.912401208844309,0.00398190942708836,0.0124341828608337
" 8276",27,0.897550702627716,0.376947673719565,0.00511226576683552,0.012563927190268
" 6743",67,1.19956995762758,0.452326366758764,0.00105363059773877,0.0113748502062199
" 8686",69,1.02224783829098,0.143921837223043,0,0.00742232234190426
" 9357",49,0.984199298201198,0.154242559842395,0.00212204960380114,0.00966547929753751
" 9485",56,1.07192269544017,0.173362816087992,0.00173528923082009,0.010182909915828
" 3466",39,0.970174220666124,0.33184797581443,0.00628507353753515,0.0122928382482889
" 8687",61,1.02809738514671,0.145585579842687,0,0.00755652145395741
" 8896",63,1.03393057969723,0.162240667365444,0.000258536173751619,0.00862180463724872
" 9777",32,1.01864836559122,0.216636831633036,0.00530468905631687,0.0113554470973751
" 9490",55,1.02946316382583,0.15360027759208,0.00206115615776274,0.0102943147446301
" 3754",32,0.781780432078544,0.364004233145255,0.00164673276215281,0.0116305311981511
" 9574",63,1.0327501651416,0.168970397905271,0.000182332375566418,0.00945687623490399
" 1215",42,1.11439507321371,0.680034236504507,5.39341950625854e-06,0.00979135992557832
" 2987",37,1.23956625036144,0.44257414136649,0.000878953398245747,0.0113780253307742
" 4031",21,0.940536099509439,0.357453263324411,0.000607194647640075,0.0113037519439209
" 8976",51,1.00716916038115,0.260536913919571,0.00164969044381753,0.0106369844079608
" 8316",41,1.01495388965096,0.140507563725262,0.000722544232564249,0.00906299785098372
" 8974",74,1.01893284281201,0.148582416830779,6.6112884270266e-06,0.00808627929889187
" 4003",18,1.0215750988263,0.350056644536789,0.00278213455885743,0.0116179511354308
" 1225",52,1.13473801336123,0.681694458795482,6.95925097581747e-06,0.00971861342599502
" 4271",43,1.39692208527265,0.7835810521558,0.00452125137771422,0.0124457000327001
" 4735",49,1.16633855617419,0.639719594531988,0.000388848148273801,0.00980774325006046
" 6909",40,1.13435645163797,0.383808840807011,0.00166291302067159,0.0113471114507382
" 5635",76,1.05675260874978,0.219725999513135,8.17711989658553e-06,0.0087368999031246
" 6649",35,1.0871986726846,0.374361409085696,0,0.00994929777651171
" 7620",68,1.0304495978846,0.19498211027211,1.9137940183498e-05,0.00875882694557161
" 8647",72,1.03520070405949,0.15968583866381,2.60971911593155e-05,0.00839259416446812
" 7383",44,1.0249869953272,0.185160137119161,0.00092418852958856,0.0100556172134684
" 4768",55,1.16633197533386,0.641047163773662,0.000748293461174774,0.0101444277833977
" 6650",33,1.09130051272887,0.375199447388862,0,0.00987701409626002
" 4500",70,0.990977484182993,0.208708013501065,0.00033665376595517,0.00932164818184804
" 6786",49,1.0834937436604,0.220494418237175,0.00482119509477195,0.011805074716632
" 6653",36,1.01060851705375,0.353566345413853,0.000297681960490592,0.00998899395862386
" 6641",55,1.13691428025687,0.485487297781886,0.00152616373899677,0.0113211968409389
" 4386",47,1.11744450886158,0.438305114146635,0.000826063090829534,0.0114635301720803
" 7094",37,1.1409719959649,0.372404604557247,0.00127441283494657,0.0112711990038971
" 7802",48,1.07087166636823,0.300901467116549,9.22100754295815e-06,0.00884928982707129
" 8287",41,1.08064877416035,0.310624521055746,0.00104649736548855,0.00964342943106077
" 2439",63,1.11409678853593,0.330718041329727,0.00127789246043448,0.0114261289532966
" 7095",38,1.06321034373666,0.344239585905633,0.000373711777401398,0.0111145259763062
" 7817",43,1.04300928868644,0.317422867566207,0.000290200765691589,0.00896311080323507
" 8306",40,1.02608318081379,0.314270069212032,0.00019520698987168,0.00904763812425518
" 8381",78,0.95250549998126,0.19152996158102,0.000205993828884197,0.00909314827504633
" 8983",65,1.03413230334605,0.149793008515221,6.6112884270266e-06,0.0077600968277862
" 7747",71,1.08952928855637,0.273464605482855,0.000814928289268226,0.0104899691128574
" 4595",29,0.606507807586883,0.293885007716921,0.000337523672327147,0.0113712413639271
" 3798",52,1.20233627049523,0.70664710131877,0.00109521212231927,0.0119743943279611
" 6116",21,0.282417262705097,0.0734516789491869,3.16645919399695e-05,0.00951827688104376
" 7109",55,1.03119878794466,0.155727912811448,2.20956218482205e-05,0.00861340919425736
" 6618",31,0.968504302124986,0.518043600421812,0.00336462386553335,0.012395008437826
" 1612",42,0.983118156065124,0.467853063438156,0.00101257101698144,0.0109072097846243
" 7977",83,1.04707767635776,0.195948445809719,1.89639589091026e-05,0.00892286674849019
" 9144",37,1.02130282534556,0.163047394417025,0.000708451749338219,0.00971528970383999
" 9193",41,0.928472687198715,0.165089404765776,0.00208655742382447,0.0105835195130181
" 6349",20,0.240246466743397,0.0752270787598971,6.6112884270266e-05,0.00985920897561718
" 3861",57,1.17928724686199,0.506787504385547,0.00241903563919415,0.0119153546390422
" 7876",58,1.01416506134766,0.180555710845094,0.00242060147066371,0.0104288185599174
" 3968",37,1.3104456414087,0.733919293013209,0.00110164942947191,0.0127259754373004
" 9163",29,0.936387733043224,0.487355187592011,0.00345926967880447,0.0126478842059956
" 4531",40,1.05871590682892,0.433025144078022,0.00153677659673489,0.0115455082197151
" 6963",52,1.06519401120114,0.183824746174278,0.00041407543306114,0.00925922180430823
" 7754",59,0.971835852238087,0.14862879351712,0.000110652090515498,0.00937755426560249
" 6677",68,1.04176638680686,0.18817746136692,4.94106819283041e-05,0.00885653391540596
" 4951",24,0.542267612105434,0.212639694901903,0.000305859080387178,0.010802749134323
" 4497",51,1.02792572956461,0.497843732840208,0.00133861192519849,0.0120074123288787
" 6524",44,1.30271567372541,0.820613900072206,9.27320192527678e-05,0.0118853235540256
" 3572",44,1.17874577880538,0.555880195964674,0.00293436817395344,0.0122426143461794
" 7865",78,1.03451478186876,0.192590237321953,5.81097456480759e-05,0.00874602411320577
" 7866",67,1.05005355484753,0.191557219785079,0.000307250930582341,0.00944063409761234
" 3931",35,1.12447603632231,0.613022782044206,0.0020968223190138,0.012631385042116
" 8259",74,1.03992533291498,0.206377711984171,2.08777529274524e-06,0.00768396033719461
" 9383",56,1.04309817211689,0.151543414233337,0.00162115751481668,0.0101828968671962
" 9052",41,1.05770139612379,0.185855040108732,0.00404697842371226,0.0103277301284004
" 9074",60,0.958636530321888,0.187103225496639,0.00314123190920961,0.0103278232547449
" 9097",78,1.04145595369532,0.158374341196644,5.63699329041215e-05,0.00781268851031993
" 9155",73,1.04406333170849,0.152166283292643,3.87978241901824e-05,0.00845046057647753
" 9217",60,1.03518425280872,0.160575329657758,0.000473229066355588,0.00927738315228367
" 6523",40,1.3166422065126,0.792621081512499,0.0010407559834335,0.0120812844825095
" 8256",77,1.03650603403675,0.203038992256178,0,0.00767696853926673
" 7139",53,1.04768161426706,0.171455268008135,0.000808317000841199,0.00991189438043843
" 7538",47,1.01373846063623,0.165530939750983,0.00150963551792921,0.0098130478074187
" 9051",47,1.0085430951237,0.164253232346596,0.00239746196116912,0.0103427136244752
" 9098",66,1.04949911238072,0.169314713230936,1.47884083236121e-05,0.00853556140907348
" 9157",64,1.06112237578752,0.175461828446086,0.000502631901728417,0.00943861849988772
" 6521",45,1.32822412337028,0.812409145786884,0.000694881209935375,0.0121197287401586
" 3713",47,1.05735108601432,0.437755628640771,0.000403984519146204,0.010375000264047
" 8258",80,1.03791393382417,0.204698788024595,4.52351313428136e-06,0.00767520431993117
" 8261",71,1.04312203077384,0.206497483680151,7.30721352460835e-06,0.00786611475891889
" 6536",72,1.03061541597732,0.436207605462267,0.000747249573528401,0.0109228629215284
" 4085",39,1.19351706937766,0.516405636843114,0.00305632904730464,0.0121707140819077
" 7774",44,1.04327602103479,0.416352003353879,0.000489061362325573,0.00984298054605182
" 9528",51,1.03182843772097,0.186780892989205,0.00152424994497842,0.0102815756133411
" 9231",46,1.05188257673773,0.197414853828965,0.000178678768804114,0.00991372916721866
" 9277",62,1.04539020123179,0.171812639594105,0.00157522645837628,0.0100575720868403
" 8267",74,1.02493549027244,0.192385342251543,1.44404457748213e-05,0.00790567267554517
" 9486",49,1.01091695813669,0.145035295451018,0.000187377832523885,0.00931106775209054
" 4920",36,0.665555277122882,0.240552113917272,0.000449741594312204,0.0106514372309955
" 9274",58,1.01921368776581,0.151964977394546,0.000193989120950912,0.00911397173970823
" 9207",55,0.944699345718364,0.189919672647572,0.00148423425186747,0.0110868124936784
" 7628",35,0.924333494273461,0.300386946090766,0.00387404103696319,0.0116516822482315
" 7931",72,1.0736506968953,0.21965990376745,0.000520030029167961,0.0100537813203077
" 4679",66,1.15308317542524,0.647016350897816,0.000349006436437246,0.00961337276884123
" 2154",54,1.51092203725925,0.984313260028796,0.004277851574835,0.0128975813719232
" 6770",46,1.04879164602582,0.592936788248101,0.00427263213660314,0.0133137751633662
" 2120",44,1.21503366612428,0.750622721190541,0.00196807617596118,0.0125286787403728
" 4721",51,1.19694248849648,0.684883693246802,0.00380584037740018,0.0114700525612805
" 6975",46,1.09647870619128,0.325127828318031,0.000494976725655018,0.010978147523439
" 7748",51,1.03661564750075,0.375938002233494,0.0028555546566523,0.01171989572128
" 8781",69,1.0394622595127,0.187855813492359,0.000146666214315353,0.00888721923987726
" 4445",34,1.02646358032765,0.372017447030723,0.00295281018903935,0.0118178110491586
" 6600",51,1.03753895826742,0.419303776639531,0.000737332640887861,0.0108498523471825
" 6741",42,1.0417604924124,0.411432328338664,0.00404819629263302,0.0124679753920551
" 2229",34,1.21036599717799,0.755271729434583,0.012063165641482,0.0133274094764031
" 4516",50,1.0308694127804,0.257675780310873,0.0016738738409585,0.0108030931785552
" 6791",48,1.06164636935667,0.215071001409583,0.00035266004319955,0.0109002857140634
" 8638",56,1.26094131982467,0.545206088822113,0.00637902342570869,0.0122207734073962
" 7752",41,1.01337961249613,0.30944802529703,0.00199295549819973,0.0115200327816957
" 6972",29,0.838502061288268,0.258047923839289,0.0005376021378819,0.0111753255605023
" 8441",48,1.06496647394582,0.183402806950794,6.35031651543344e-05,0.00920360170824426
" 6794",45,1.07423594528759,0.221427470177738,0.00245835540720752,0.0114966649974775
" 4709",54,1.07288502028336,0.202109831805615,0.0031913385162355,0.0113211553736785
" 7100",67,1.04802446436387,0.19657161538809,6.48950153494979e-05,0.00914910665179497
" 3945",52,1.23602295985862,0.536153177717516,0.00615180388134825,0.012642105318161
" 7659",61,1.27466814322821,0.515916182387446,0.00246444475181136,0.0122444224991428
" 8398",59,0.970767291320406,0.293002605652307,0.00121125763234103,0.0114199088890257
" 6680",54,1.05133603133915,0.452679299390157,0.0069811726163913,0.013085858320876
" 7743",58,1.037713228435,0.154046276115844,0.000105780614832426,0.00889652526479244
" 7267",64,1.06950257332344,0.241532037770634,0.000998826496304203,0.0106717019996263
" 1776",28,0.677194160967825,0.187754479518676,0.000958810803193252,0.0111852324919145
" 8970",49,1.0286790719137,0.135167548296055,0.00022687158181165,0.00803971752180834
" 3509",40,1.2059162626323,0.631936209910708,0.00238632715960781,0.012235127250407
" 4546",66,1.29754578499932,0.635327261328329,0.00120290653117005,0.0116778187574881
" 6966",44,1.1802531410725,0.510128971830937,0.000211735210939247,0.0108165068715461
" 4547",83,1.08981325123806,0.288714528654331,0.00018111450664565,0.00995970558074408
" 7274",50,1.08786206432354,0.388527965028219,0.00296411897187506,0.0120027729884294
" 8406",71,1.03326186088395,0.153084822126845,0.000128224199229437,0.00796590033606958
" 6047",29,0.903780258499792,0.336677009270795,0.0033207805843857,0.0119281504856034
" 6914",29,0.455586370434303,0.190590279721142,0.000802749600060545,0.0118155684305789
" 6935",24,0.692819686613097,0.313725597324072,0.000569440711096265,0.0119893053315696
" 6958",22,0.602101910241351,0.199992265598616,0.000217302611719901,0.0116843309304953
" 6979",21,0.714843031650362,0.276015381997502,0.000605802797444911,0.0119358061357246
" 7522",47,1.1468407842689,0.76803237299091,0.000958636821918857,0.0119965428059585
" 6772",43,1.24641079824765,0.49237810367588,0.00783402882347773,0.0129253391800829
" 6961",40,1.15330615551356,0.499946979663109,0.000146144270492167,0.0108082410352383
" 8634",68,1.24751745955664,0.313002214221714,0.00813832207239535,0.0125343276632088
" 6633",50,1.10490049996281,0.444700900757462,0.000205471885061011,0.0109794316833402
" 3094",46,1.06000611885291,0.460439062230432,0.00171249768387428,0.0114475604349689
" 8193",60,1.3970545234994,0.778591804977918,0.0006672181873065,0.0122259478893151
" 6784",42,0.670673270148407,0.136822994794444,0.00139759157721854,0.0103857456120346
" 6608",24,1.07389294740376,0.279917398557307,0.0152040495881428,0.0129352637556464
" 2423",44,1.39730862253703,0.771388710164345,0.00228228635751934,0.0118410810354117
" 7772",27,0.992543481024019,0.424364893636064,8.4032955532996e-05,0.0104562480223189
" 6561",42,1.11642067507364,0.435207754555895,0.00348014743173192,0.0122077171315754
" 6808",40,0.927657452892834,0.345196246812671,0.000392153792487315,0.0111049288561781
" 6934",50,1.21733337937174,0.443975853581257,0.00216989445425989,0.0114544794516644
" 9389",58,1.01887542585673,0.41200826166204,0.00186107769220799,0.011712147121942
" 8886",51,1.03270675395167,0.144858147143894,0.00086625276521488,0.00919285761455095
"10411",12,0.904002440745522,0.239789038648488,0.000411465713945208,0.0114414138424176
" 7862",67,1.0350472666823,0.18795099132989,0.000809360888487572,0.0101306114138378
" 6621",72,1.09275554754587,0.262117476631241,0.000306207042935969,0.0096753486376713
" 9065",46,1.06585821716386,0.196042722007101,0.000189291626542235,0.00950024058379029
" 8930",58,1.06018765843041,0.193861323741056,0.00152685966409435,0.0102046173592765
" 5015",37,0.996912250904762,0.465736468449215,0.00114444882297318,0.0118188451829796
" 6624",58,0.959114048717064,0.24824180259351,0.000553782396400675,0.0102889943766651
" 8923",55,1.05964432516817,0.208864669937474,0.00219112016973613,0.0105210865767379
" 8257",72,1.04181108412362,0.209933652290936,0.000205993828884197,0.0081396738331246
" 1853",39,1.1082029611597,0.726141004294142,0.00118898802921842,0.0120646707871
" 6818",76,1.04945561242675,0.196025225061822,8.15972176914599e-05,0.00892752949821257
" 5517",99,1.05453569547454,0.205365386199442,3.16645919399695e-05,0.008324504450764
" 8892",54,1.21179858678504,0.497580855492136,0.00172032684122208,0.0115908124569891
" 7169",47,1.1853958587688,0.473157499440382,0.00256517990968632,0.0116697554431223
" 7065",75,1.15524771481188,0.401450576432416,6.85486221118021e-05,0.00999420427440438
" 6478",46,1.12866796857436,0.440154020181286,0.00225044778430498,0.0122901079772897
" 8825",25,1.1909177083687,0.332220965822145,0.0047317687197327,0.011842961781114
" 2133",50,1.46653023716115,0.857336683222691,0.0045944974942347,0.0130523868846311
" 2080",64,1.56710773666828,0.938943157240442,0.00388047834411582,0.0126420407559087
" 8265",73,1.02464044020262,0.19477659079846,0.000117959304040106,0.00835839796408248
" 6821",61,1.00972824015121,0.189522151125706,0.000150667783626448,0.00883452998049969
" 7064",70,1.17017830233562,0.420853602193714,0.000525423448674219,0.010201564658607
" 9021",55,1.00883579431527,0.211300420814204,0.00188369525787939,0.0105830333595111
" 2224",45,1.54706215849068,0.84351660432772,0.00750207255193124,0.0131890203399985
" 6492",43,0.943800879983132,0.388662822711446,0.00123996454261628,0.0121334550988068
" 2211",57,1.86653439850157,1,0.0144160883964059,0.0133727231190641
" 4545",72,1.05878640076732,0.245347263333153,0.000637815351933671,0.00999888683066828
" 7738",46,1.09051732563491,0.423214636135402,0.00417729039823444,0.0121265795739707
" 9179",53,1.01060516585049,0.140590683772519,0.000130485955796578,0.00842245671570153
" 3778",40,1.2205561277079,0.741434036692875,0.00372598297245267,0.0124939048332821
"  762",29,1.17369018076878,0.576712826837608,0.000157974997151057,0.0109663102775978
" 4576",57,1.19700453957571,0.70616025208396,8.02053674962964e-05,0.0107902721673826
" 6752",59,1.02956783125488,0.425966356169959,0.000891132087453427,0.0108340244534138
" 7807",43,1.05782572020754,0.304236794341691,7.13323225021291e-06,0.00887810813221847
" 8285",40,1.03169267671299,0.304632700576471,0,0.0087641060459725
" 8966",29,1.18891981119112,0.470524562810422,0.000499152276240508,0.011059386404792
" 4578",59,1.19646264766153,0.705519290267949,6.36771464287299e-05,0.0108086122014683
" 8416",56,1.03283915608246,0.166522988198409,5.2194382318631e-07,0.00765652370686793
" 8878",55,1.04331251955567,0.161268982522394,0.00419277473165563,0.0107385527679301
" 7810",36,1.04541780395483,0.308576885204053,0.000533948531119596,0.00910483506452634
" 8305",33,1.00223520667851,0.304039859918983,2.3487472043384e-05,0.00884819851623067
" 8990",56,1.04347720898503,0.17061353714917,0.000430777635403102,0.00963158196821737
" 4577",54,1.18485716223562,0.698406664261657,3.72319927206235e-05,0.0108458462328633
" 8442",57,1.05272312273895,0.174137624326021,0.000357705500157018,0.00902824450806654
" 7258",49,1.02517162163209,0.427257756527838,0.000992389189151572,0.0106119749225735
" 3546",59,1.16740350934214,0.520627997286648,0.000207733641628152,0.0108827059046092
" 3948",38,0.987880632819025,0.542946529103343,0.000849028619049732,0.0117372760729159
" 3462",49,1.11839092213831,0.516575121844384,0.000820321708774485,0.0116777908469721
" 7161",43,1.0585884892034,0.421622528334401,0.000484015905368105,0.0109306965501349
" 8334",48,0.94610873928145,0.159944514548096,0.000257144323556456,0.00900842978435724
" 6006",53,0.826256055465209,0.237960069886239,0.00454821847524551,0.0119013453571518
" 4022",50,1.21674951852579,0.490250611193174,0.000977426799553564,0.0111462882453398
" 6549",60,1.16623669118219,0.433003270663145,0.000847114825031382,0.0110868579922369
" 8830",55,1.0943753736597,0.427288739640859,0,0.00910142231445041
" 9011",59,1.07777066098212,0.422386612074183,0.00049375885673425,0.0106684615809427
" 8894",15,0.603439214847618,0.191752043407591,0.00324683854276764,0.0122880914940636
" 4525",46,1.16376872228714,0.547571826276088,6.78526970142204e-06,0.0111181085174718
" 8826",52,1.08390730510994,0.424675218617735,3.37523672327147e-05,0.00913248709530654
" 8451",60,0.934182079996032,0.204408257938283,0.000750381236467519,0.00997422052029837
" 8656",27,0.58897584585126,0.224464562669981,0.00045026353813539,0.0115522558606315
" 4523",48,1.1445718499793,0.53083430656139,0.000463312133715048,0.0111743778682283
" 8856",35,1.14356125988651,0.426101364671212,0.000328302664784189,0.0106862267419063
" 6923",60,0.937551611607365,0.323805999706329,0.000938454994088986,0.0101493205267355
" 4518",49,1.02429652841044,0.38590068895678,0.000920186960277465,0.0113475697434615
" 7293",26,0.882196176834506,0.304454397044237,0.00302292464262071,0.0123620371878437
" 6758",64,1.13779668739342,0.459537289254356,0.000558305909534957,0.0103345007571891
" 8822",51,1.09752262136612,0.425058219972977,6.08934460384029e-06,0.0095035769402147
"10225",56,1.06122682866349,0.174036785871317,0.00276073486210679,0.0110628576976364
" 8851",32,1.10316101365912,0.417402067122473,9.16881316063952e-05,0.0105776836235935
"10235",63,1.20056917625079,0.221894764606907,0.000625462681451595,0.0105444974961139
"  467",37,1.3555529046415,0.744211290951783,0.0100562916413306,0.0128699319449722
" 7526",48,1.31747701242183,0.882082333841113,0.000962638391229952,0.0121729659677847
" 8757",44,1.05214505900401,0.496730485489134,0.000812666532701085,0.0112618658825193
" 2721",53,1.07459730607397,0.495419103238906,0,0.00962316832823154
" 8846",34,1.02654775171546,0.390388861965929,4.27993935012775e-05,0.0103505377603586
" 7312",60,1.21470248107075,0.476691879077522,0.00119925292440775,0.0118593542739982
" 4496",67,1.16735139338033,0.601128576392124,0.000119177172960874,0.0104225910686959
" 2733",54,1.07989172107904,0.49834590636131,1.89639589091026e-05,0.0096331316158205
" 7308",53,1.09865975851486,0.428842957831857,0.000339089503796706,0.0118866203413059
" 2725",55,1.08852540843884,0.500487368954103,0.000203906053591452,0.00989650781952144
" 4901",82,1.19456328321924,0.416347057003645,0.00165630173224456,0.0114708719617345
" 4478",58,1.16630292022124,0.447641082160113,0.00325901723197532,0.0120462346367347
" 4508",77,1.05609148080859,0.225123117211353,9.55157196430948e-05,0.0091148430555329
" 7010",36,0.973589487209286,0.442817704232308,0.000298029923039383,0.0108515272372744
" 6726",51,1.11386474423632,0.357614080906132,0.000778218240370789,0.0109106863462575
" 9084",51,1.03534919577067,0.1737249836631,0.000368840301718326,0.00960625038937005
" 4245",47,1.04668322329461,0.514881737395342,0.00162220140246305,0.0120774038748451
" 6787",52,1.08787018361949,0.244197554422827,0.0029855186686257,0.0114333894798943
" 3222",47,1.12667057617967,0.510518313344346,6.75047344654295e-05,0.0098441916715701
" 3331",56,1.12441202948543,0.43730519630975,0.000278196057758303,0.0111454481745925
" 6801",37,1.03668675399548,0.349543135631949,0.00142769033768895,0.011408652349626
" 7922",75,1.04084399629069,0.238178315923288,0.000453047238525718,0.0102121149323299
" 4711",39,1.08617132214386,0.608441701722924,0.000329694514979353,0.00965867699759367
" 3244",48,1.109669087052,0.503204435364162,0.000244617671799984,0.00997443637159014
" 9164",25,0.95271224465515,0.127546392566831,0.00199887086152917,0.00937378768261279
" 8893",48,1.02846941688451,0.155343644640519,0.000628768325665109,0.00923277848228936
" 7275",60,1.03782041087722,0.210955903404538,0.00124883758761045,0.0109835639649334
" 8362",62,1.02290814448771,0.151163326975054,0.000272106713154463,0.00925995933092635
" 7727",26,0.931122010270474,0.362394733747078,0.0025317755050024,0.0120077385597919
" 4992",43,1.09886923092189,0.433573194009016,0.00104962902842767,0.010999580059268
" 7110",52,1.03329012056173,0.155490260457962,5.2194382318631e-05,0.00868160378593354
" 9276",59,1.432731564862,0.610175486534866,0.00834292405108438,0.0126518183735267
" 8898",52,1.02482037852835,0.136288927901194,7.42900041668515e-05,0.00802211680453875
" 7119",52,1.12647040243356,0.186228295346981,0.00101257101698144,0.00990381100222745
" 8942",58,1.02759935646734,0.161293604891069,1.44404457748213e-05,0.00813833977548235
" 7834",75,1.35289540278164,0.653598443725874,0.00142177497435951,0.0116368781684335
" 8682",58,1.10192488786935,0.438334251791208,3.25344983119467e-05,0.00898326717613132
" 8935",50,1.13259603424646,0.377856132162155,0.00401827151343701,0.0121904795454359
" 9046",59,1.04091473662467,0.40277830615843,0.000365360676230417,0.0100923383862096
" 7159",39,1.14963424993038,0.442723269008884,0.000905746514502644,0.0110699125315831
" 8945",60,1.02508624696542,0.160139257072388,7.82915734779466e-06,0.00818805195768003
" 7829",64,1.38226854794268,0.632669893488629,0.00273707340878901,0.0116611563941929
" 8680",61,1.09580087250113,0.436649662769184,8.69906371977184e-06,0.00884095064049084
" 8474",95,1.02778319793388,0.198700036911582,5.04545695746767e-05,0.0084322753359248
" 6802",53,1.10126914017338,0.437307293886771,0.000592232258042067,0.0105463448805626
" 8206",29,0.637928065824726,0.253142133280294,0.000160584716266988,0.0103362001616224
" 8736",72,1.32358394068329,0.633130818052421,0.00331295142703791,0.0123475858156764
" 8766",55,1.22141071907347,0.505933395065733,0.00321708774484602,0.0118361664630901
" 7155",38,0.978360166082382,0.389000286901349,0.000744117910589283,0.0110496637526042
" 8953",58,1.01590728074776,0.153607003372034,2.24435843970113e-05,0.00808317075368346
" 9089",42,1.06169387816121,0.26207469725277,0.00152164022586249,0.0107096084109909
" 7309",61,1.09763933369323,0.420614854061413,0.000133617618735695,0.00919823358439119
" 7007",66,1.10552731545398,0.435953036404122,7.79436109291557e-05,0.00931201040375287
" 6985",55,1.08312546951301,0.418436373299792,0.000196772821341239,0.0102372476631746
" 3976",33,1.27849135971331,0.746101660092652,0.00297890738019867,0.0128804182706564
" 7153",39,0.958957586761886,0.367717708316139,0.00231203715544096,0.0109338709671426
" 9092",47,1.06081408046614,0.25870581728474,0.000311078518619041,0.0105015377648704
" 7006",47,1.16984609547431,0.457771868371276,0.00660850472663627,0.0126618847224419
" 3613",36,0.859701244326107,0.34861284599952,0.000531338812003664,0.0105388735440755
" 3705",22,0.530047611516621,0.187688522259377,0.00037023215191349,0.0116308903568094
" 6861",24,0.903149706573509,0.317604868519087,0.0102177462639696,0.0131863499362838
" 5010",47,1.15824534369862,0.49677523015929,0.000715063037765245,0.0112445474993729
" 3715",68,1.20311013399574,0.502183793662629,0.00215997752161935,0.0118279730563861
" 7656",65,1.04593773193573,0.407472333633596,0.000698360835423283,0.0108822273684583
" 3695",61,1.05097998967375,0.481482457859948,0.00122535011556706,0.0113899991845075
" 3087",73,1.04670343309428,0.231240382558623,0.00071071350590536,0.0109629076452145
" 7183",56,1.06324314564556,0.205188872925289,0.002531601523728,0.0106863443845232
" 6774",44,0.753821064323137,0.247862152714646,0.00118028896549864,0.011268083411118
" 5011",47,1.12594805349795,0.487050650532483,0.000948023964180735,0.0112388735237603
" 7799",50,1.0437422181453,0.314324016990547,0.000971337454949724,0.0108399781466316
" 7788",49,0.954360235497219,0.153168948634233,0.00239954973646186,0.010527681859383
" 8254",76,1.06486487700921,0.177717771738511,0.000106650521204403,0.00830590306971281
" 3855",47,1.23234006778184,0.703393706056811,0.00138941445732196,0.0126999156890898
" 6528",94,1.04498216122123,0.214393300067531,4.00156931109505e-06,0.00809552912718147
" 1807",38,1.251707796953,0.734900008372559,0.000656779310842774,0.0118993462192143
" 7464",56,1.0958686997695,0.420220953643629,0.000434431242165406,0.0104783083861398
" 9358",38,0.991701330348286,0.136226658669852,0.000695751116307352,0.00889003044706663
" 6527",98,1.02812574061045,0.212704798324943,2.31395094945931e-05,0.00801126911884066
" 8694",67,1.02243163744068,0.143577776445311,3.47962548790874e-07,0.00731892154446332
" 8853",44,1.11135025229963,0.421641243093621,0.000153973427839962,0.0103680834365627
" 3865",45,1.12356091634902,0.233825560943192,0.00265478026599997,0.0110071652628722
" 7150",73,1.14017463113801,0.304531613650369,0.00199887086152917,0.010760950807491
" 8691",49,1.01173518206672,0.144176708967208,0.000699752685618447,0.00818433676996668
" 7604",43,1.09510419276331,0.425737721067085,0.00045217733215374,0.0107606654571077
" 8852",37,0.916304218368837,0.340594340139086,0.000303249361271246,0.0100219953031124
" 7602",50,1.11595989903822,0.44289238006616,0.000722022288741063,0.0107949528254624
"  510",49,1.22109406287206,0.605871266159742,0.000695403153758561,0.0112844353814004
" 7104",39,1.00918615291751,0.276871301065355,0.0045979771197226,0.0123727233667702
" 7616",66,1.03125634294148,0.218803032098675,0.00034048135399187,0.00966690737492812
" 8368",59,1.03639544636126,0.154634752351749,5.84577081968668e-05,0.00842571142559158
" 4475",38,1.19906998349386,0.476571879162864,0.00146718408697672,0.0115394711046857
" 8715",71,1.05349084937759,0.170609431608422,1.16567453844943e-05,0.00810565031674932
" 8369",58,1.0353884534757,0.155831978356486,0.000193119214578935,0.00861794197631405
" 3230",46,1.11850548750198,0.501293034618259,3.49702361534828e-05,0.00989676129934163
" 5415",86,1.03931533248894,0.194099760111411,1.5136370872403e-05,0.00795844784104333
" 9007",26,1.01202359101597,0.389017062790691,0.00236892903216827,0.0115162626807338
" 7536",55,1.12086922728139,0.416447962184565,0.00252255449745944,0.0122644489160145
" 8714",68,1.0549527738892,0.173225197875977,8.5250824453764e-06,0.00835828664558526
" 8876",49,1.20838024178103,0.507433225903703,0.00307929457552484,0.0121995801490778
" 8739",46,1.15151668304742,0.322116470601711,0.00194006519078352,0.0109814605332271
" 9148",43,1.06428292791393,0.380454022687928,0.00193223603343572,0.0114476703716641
" 9466",61,1.09235785676351,0.196428324174295,0.000372841871029421,0.00943865787535033
" 2960",48,1.15392676842509,0.518633516503018,0.000658171161037937,0.0106819138242963
" 8716",46,1.06931610612592,0.195662770083091,0.00130277178267303,0.00970493999004308
" 8880",33,1.14621979237806,0.299036228721006,0.00100508982218244,0.0110247043773475
" 6652",39,0.995755056888651,0.366024420456622,4.66269815379771e-05,0.0099879944934911
" 5400",89,1.03214821964838,0.192659712415219,8.82085061184865e-05,0.00840468284553444
" 6647",37,1.07853005780381,0.371005075548992,9.04702626856272e-06,0.010013234247969
" 7122",46,1.01787102954329,0.153660189503964,0.000150493802352053,0.00884588561864761
" 6831",22,1.00695372067332,0.304517721865583,0.000154147409114357,0.0103172869150973
" 2958",55,1.16800489623213,0.518632474187547,5.18464197698402e-05,0.0104475889435077
" 8195",61,1.07480168814582,0.244049334194155,0.00112565884533848,0.0102658116522646
" 8751",58,1.01860695142173,0.175711969351268,0.00105502244793393,0.00925940378617059
" 8885",40,1.13887478168875,0.286363159267059,0.00228141645114736,0.0110393746897888
" 7563",47,1.04515036257858,0.410379666568916,6.66348280934523e-05,0.00999187729876425
" 6657",35,1.00250485593458,0.351628404115679,0.00146092076109848,0.0106480807298413
" 7152",41,1.04231806715911,0.384041175709135,0.000749859292644333,0.0109270748484069
" 7268",53,1.15096020182184,0.37748055179592,0.00147275148775737,0.0115354075211477
" 7815",53,1.05372223161307,0.235822823133466,0.00183237078193274,0.0102968666028806
" 8752",49,1.00045190207933,0.157795294844545,0.000395981380524014,0.00898723751269329
" 7561",53,1.0629147170524,0.413819274836058,2.0703771653057e-05,0.00976935144844402
" 4537",50,0.992376451582306,0.379259121906342,0.000604410947249747,0.0111422286588066
" 4726",54,1.11100387930032,0.607462066282269,5.7761783099285e-05,0.00908081256992875
" 7776",41,1.03491512344434,0.374535896655234,0.00161767788932877,0.0115290688105118
" 7552",56,0.959264932179603,0.338482073620732,0.000647732284574211,0.0109401738257536
" 6606",62,1.39370079208561,0.524001973879727,0.0153340136001162,0.0134856709738825
" 8375",25,1.02220923295319,0.288905314636416,0.0026420796329691,0.0112609611640083
" 8979",40,1.16222639865785,0.481767651709417,0.00143412764484159,0.0119685180378766
" 7145",19,1.15659102469913,0.403515005973492,0.00140368092182238,0.0121699199929499
" 4725",56,1.10730060817001,0.606872416260998,4.69749440867679e-05,0.00907623864197948
" 6580",52,1.06468209400347,0.419216906216713,0.000564917197961983,0.0105749664220886
" 7000",57,1.02591321789579,0.176530451688038,0.000482972017721733,0.00908273844177568
" 8424",55,1.04359053209255,0.166873677537778,2.05297903786615e-05,0.00820153780323406
" 7143",18,1.07060951593105,0.381634897677864,0.00100752556002397,0.0121220911075807
" 3656",38,1.0461384922918,0.439412333728526,0.00127441283494657,0.0113160312183197
" 6783",58,1.48086832103289,0.61781999644452,0.01008238883249,0.0135715260212384
" 6749",64,1.59068413965641,0.759522135583581,0.0092267489250132,0.013466710102856
" 6577",55,1.39737342105055,0.793962924108154,0.0038813482504878,0.0129630477616307
" 8764",54,1.10956333500651,0.534801601737561,0.000554652302772653,0.011388494360509
" 7993",67,1.10209061131851,0.279829400962289,0.00076673547626069,0.00983937117229512
" 7014",27,1.18042501712584,0.465871815087327,1.80940525371254e-05,0.0099834678629746
" 6991",31,1.11490365923293,0.440492228419629,6.7330753191034e-05,0.0102202122329802
" 7610",26,0.773135510759321,0.315119105446156,0.00034048135399187,0.0103125483285749
" 7832",19,0.949442572527684,0.314611267248111,0.00208881918039161,0.0111642912157028
" 6781",34,1.17580603825976,0.468173574500235,0.00663216617995405,0.0127548777735169
" 8444",49,1.03914847861675,0.176511135395172,0.000453047238525718,0.0091394019426103
" 6990",31,1.08160812444196,0.419523598889343,0.000159888791169406,0.0102993023167247
" 7013",28,1.1743655203821,0.462725433250607,4.90627193795132e-05,0.0100986254943804
" 7821",53,1.04424408981888,0.190964892337578,0.00109242842192895,0.0101810777594562
" 7017",33,1.0632564199129,0.418503682574676,0.000583881156871086,0.0101447859681454
" 6803",23,1.0540915277095,0.408120891558235,0.000995172889541899,0.0106448781588878
" 9262",46,1.04711256639898,0.192205971758024,0.0015785321025898,0.0106460199817439
" 8327",55,1.07753164599355,0.264618868223327,0.00614501861164683,0.012227724556832
" 6896",59,1.25494124121188,0.506993226695528,0.00282667376510266,0.0121907511539799
" 9072",50,1.34613663436314,0.634055813374965,0.00225810296037837,0.0113179248274021
" 9109",31,0.881090019294687,0.429593680558475,0.00150180636058141,0.0118263623399119
" 4690",50,1.12741794904398,0.62508941160027,0.000347962548790874,0.0092513720097697
" 9083",52,1.02186484168569,0.147254476030354,5.68918767273078e-05,0.00802154179471096
" 6227",58,1.4587961746785,0.660682025494396,0.00463381726224806,0.0123924374884446
" 4642",45,1.00330435230802,0.467050770738909,0.00140402888437118,0.0118430294022754
" 7609",37,1.16046414773218,0.445414342977888,0.00123787676732353,0.0113890478498813
" 2659",62,1.09291332889857,0.459746529395629,0.00164307915539051,0.0102266834772957
" 4428",73,1.04116793087549,0.278998391188437,0.00177078141079676,0.0109522942527718
"10728",49,1.20673315583852,0.357318473910823,0.00309547483404361,0.012493487226437
" 7107",34,1.20575675857346,0.420813216399239,0.00247975510395816,0.012283224313122
" 7184",50,1.0356154573991,0.232781034632349,0.00123352723546365,0.0106609851780636
" 7566",38,1.021536159275,0.370409476139366,0.005063203047456,0.0128027798902942
" 7605",29,1.11673526186844,0.429113008106614,0.000513070778192143,0.0113334155166051
"10740",45,0.916107422270404,0.304495480122672,0.00422426534232121,0.0125291379339453
" 7186",37,0.967339701989224,0.201085404987543,0.000666870224757709,0.0105806583009886
" 9101",26,0.935455164107014,0.121373476741912,0.000371624002108653,0.00928663572359518
"  545",37,1.09470722923046,0.570282477612324,0.00210639128910555,0.0116367343470893
" 8349",59,1.0660082366374,0.362347370086943,0.0014640524240376,0.0112584261426159
" 8965",34,1.23711709049587,0.460029098676333,0.000613979917341497,0.010724306743765
" 9016",38,0.841696261269511,0.318030061489846,0.000623896849982036,0.0107606180498651
" 9107",44,1.13801652644624,0.576727805487445,0,0.0104253763535847
" 7634",49,1.00579329899344,0.201138592129227,0.00182941310026802,0.0108769987753585
" 9103",22,0.922129214209038,0.117623881884733,0.000658171161037937,0.00923859181037564
" 6587",58,1.10260661893167,0.434549910746936,0.000109782184143521,0.00950008977026591
" 8418",58,1.02835095641169,0.165385924892723,1.21786892076806e-06,0.00782440945308242
" 7272",56,1.041769382979,0.166108748339666,6.87226033861975e-05,0.00873271997413043
" 8967",47,1.08198018241126,0.405972344734061,0.00858406209739646,0.012826054477317
" 1226",41,1.10893876873517,0.66940068228868,0,0.0098392793859675
" 7148",47,1.16023329941599,0.486414049493976,0.00287417065301262,0.0116864689474933
" 8957",30,0.949747746148737,0.382247023398191,9.77774762102355e-05,0.0105163480818906
" 8251",37,0.948468483858513,0.347350732254591,0.00399530598521681,0.0122458511256906
" 9807",53,1.18237684784058,0.214421182556687,0.000140576869711513,0.00974010229791079
" 7550",15,0.824236486182992,0.309849300875795,0.00352138099376364,0.012124291163519
" 1227",41,1.10156108830571,0.660776790503156,3.81018990926007e-05,0.00991765764051758
" 4879",63,1.28456439690371,0.691329362534654,0.000273498563349627,0.010320434523916
" 6951",34,1.04716135343377,0.356877301614292,0.0224000890784125,0.0136527647619749
" 7751",27,1.0811537936314,0.450940103054839,0.000390066017194569,0.0102211144411828
" 7190",56,0.970657644560936,0.34634087129688,0.000504545695746767,0.0104463278358058
" 8975",50,1.14614078027233,0.502093259704337,0.00236179579991805,0.0118214285540645
" 4521",28,0.934163738655449,0.295483531435542,0.00295437602050891,0.0117634700462896
" 7803",41,1.05445449124421,0.209862733943798,0.00153973427839962,0.0105953886757731
" 4733",62,1.16472618560563,0.618897680053851,0.0017690415980528,0.0105983446375056
" 6825",56,1.207881621724,0.502144247783363,0.000427471991189588,0.0109995969208825
" 6795",24,0.341841699861898,0.125193549976889,0.000100561176600562,0.010574008878153
" 6987",44,1.00755783429621,0.402779370815224,0.00188317331405621,0.0112208890944295
" 7279",55,1.05499531980472,0.468937781305348,0.000372319927206235,0.0106353030213337
" 7068",38,0.844011406277087,0.339065400559673,0.00174642403238139,0.0116983368983815
" 8248",44,1.15424605658508,0.441435983779132,0.000121786892076806,0.0104151169923458
" 7269",24,1.08576234894531,0.440173538781751,0.00020129633447552,0.010055007589676
" 7133",45,1.14008933807807,0.410654145975581,0.00131373260295994,0.0112635411998207
" 3765",53,1.16125915927966,0.491730898511453,0.000697838891600097,0.0111749442562885
" 6989",30,0.88492343724523,0.200876681286609,0.00101361490462781,0.0102419980578339
" 6799",55,1.04379602514508,0.443797776154728,0.000493236912911063,0.0109455966852855
" 7281",50,1.03688553070799,0.443809984350848,0.000635031651543344,0.0108194065241934
" 8288",47,1.1468502174233,0.44122212442717,5.74138205504941e-05,0.0103501584977429
" 8625",29,0.920875792652552,0.214335971965773,0.00892819705815063,0.0122649362715764
" 1626",28,1.09943118998681,0.588442207289179,0.00102283591217077,0.0110572171746862
" 7926",59,1.05616930959085,0.3547706065931,7.62037981852013e-05,0.00898839738888173
" 2719",47,1.07601450592202,0.47726925027823,2.24435843970113e-05,0.00938213152647952
" 6581",36,1.19436552156261,0.501433429983017,0.000839807611506774,0.0116510876371061
" 6912",84,1.04753416693324,0.188147467732103,0.000171893499102692,0.0087308750875767
" 6995",25,1.12978560027175,0.442612566762945,0.000614501861164683,0.0108187393685101
" 7011",30,1.03867210794518,0.400998158736033,0.0003126443500886,0.0109386815829817
" 6839",39,0.900544970361017,0.186240564024259,0.00433857103959901,0.0113490196222705
" 6796",50,1.06071190161926,0.215733253484153,0.000570658580017033,0.00951970961743388
" 8373",56,1.15539882356183,0.451433460128355,0.000329694514979353,0.0106947669590867
" 7257",41,1.05229509823447,0.350968031945223,0.00663895144965547,0.0123954843017137
" 7864",59,1.0252863511919,0.348865942730611,0.000213996967506387,0.00910324463762803
" 1594",26,1.07187450919026,0.569460662084247,0.000170153686358737,0.0108447135789184
" 7286",63,1.15453439006056,0.486806849968843,0.00050176199535644,0.0109723656725415
" 7528",55,1.17107688616949,0.446957991388594,0.00357427130117985,0.0121986439828099
" 2724",48,1.07265121484052,0.477733027448906,3.11426481167832e-05,0.00936473537126819
" 6582",35,1.18285805735301,0.48211098258203,0.000964900147797093,0.0116414832059588
" 6797",45,1.11803483976781,0.211380927421114,0.00308173031336637,0.0103424680341711
" 6913",59,1.04082919530914,0.181687757774467,0.000327432758412212,0.00911184676647727
" 7092",29,1.09512387802755,0.419011761718904,0.00120168866224928,0.0112139287709542
" 6997",26,0.940686057085692,0.365744375645857,1.56583146955893e-05,0.0106743474487247
" 8359",58,1.18381185089115,0.470400416815315,0.000606498722542493,0.0108306108742526
" 1603",25,1.08702017225507,0.580052049987428,0.000219042424463855,0.0109154099753006
" 8891",47,1.00542926345452,0.160244365338073,0.000142316682455467,0.00962361682962768
" 7532",63,1.22059609032582,0.513337617187389,0.000495150706929413,0.0110654883443825
" 6954",78,1.10036574520211,0.243529329195047,0.000447131875196273,0.00981829046607113
" 2748",47,1.06973350293542,0.475344925365723,2.26175656714068e-06,0.0093925426908941
" 8124",39,0.665032236126024,0.266361603133582,0.000207211697804965,0.0104382318603609
" 7071",47,1.07045522567668,0.528141496398073,0.000877213585501792,0.0117924152327927
" 7753",33,1.07023679850134,0.330454419660445,0.00494785346253183,0.0127763456174943
" 6993",24,0.909826463668257,0.239367325442871,0.00638424286394055,0.0114220017897486
" 8692",64,1.04200271355107,0.188451040972336,0.000137967150595581,0.00850313058361542
" 7102",66,1.00215276520242,0.178640246940133,0.000276108282465558,0.00858314401150235
" 4222",56,1.42688557259186,0.795890145600201,0.00496281585212984,0.0128198475892258
" 6569",53,1.13940712529589,0.396805657438561,0.00104371366509823,0.0117969071581118
" 7288",69,1.21693334756111,0.516945684474943,0.000612588067146333,0.0111354747842512
" 6953",72,1.03329580831394,0.218994206907665,0.000774912596157276,0.00997246078792906
" 7755",23,0.851709307093027,0.248624601494989,0.010072297918575,0.0129425987415397
" 9359",57,1.00991134025057,0.144278963481025,9.11661877832089e-05,0.00833288960319587
" 8333",38,1.17552331365775,0.557999203453255,0.000592058276767672,0.0109985376461803
" 8689",61,1.0332228460269,0.152766425984202,8.87304499416728e-06,0.00788280865383367
" 7558",50,1.17488011900731,0.402200817058366,0.00081249255142669,0.0111192012541534
" 4157",48,1.26356762469619,0.528154809531263,0.00216136937181451,0.0123665385457926
" 7557",58,1.14194495784302,0.389550535928086,0.00132451944197246,0.0112029697315113
" 8278",42,1.02374563944697,0.238320384205122,0,0.00813406919562776
" 7581",43,1.06167853702024,0.254693590423127,0.000247227390915916,0.00947059393857448
" 8887",45,1.17610044786789,0.479414247625253,0.00188265137023302,0.0113645079181332
" 9076",38,0.906161732030788,0.35035681657303,0.00195502758038152,0.0118590790245438
" 8286",40,1.02256623149221,0.236885404724844,0,0.00813738144335264
" 7587",37,1.00692051704337,0.223457538289584,0.000403636556597413,0.00988218622640878
" 7614",44,1.13024754279881,0.46835714177759,0.00122691594703662,0.0115280305198682
" 8290",40,1.01719993283251,0.229401904265401,5.2194382318631e-07,0.00851407872446107
" 8252",32,0.819749581416961,0.297239128701482,0.000420512740213771,0.0106209143950679
" 7735",37,1.19596459640376,0.456667642201158,0.000862251195903785,0.0114004757655912
" 6736",54,1.08682658921541,0.455345280047163,0.000651733853885306,0.0109933852065811
" 6846",52,1.05333469332966,0.41178375063121,0.00213788189977113,0.012005923694029
"14250",36,1.17363500479769,0.483272504462992,0.001517464675277,0.0119305764436871
" 3426",17,0.66925110716939,0.207146819337271,0.000984212069254986,0.0110148230246864
" 7615",38,1.0575305049684,0.420129196837678,0.00142490663729863,0.0115002636671175
" 7722",34,0.979032864046432,0.364815568652856,0.00124587990594572,0.0111180508707134
"14231",39,1.11315011582207,0.479529654243762,0.000874603866385861,0.0118450798601458
" 8415",55,1.02966454076834,0.162947952740832,2.87069102752471e-05,0.00790756846769692
" 7648",23,1.00547403549821,0.313280030752011,0,0.00984212330324781
" 7303",82,1.13930663922794,0.430225125795972,0.00050593754594193,0.00996997879330957
" 7551",63,1.04869430677826,0.38859824323341,0.0013382639626497,0.0102922420696339
" 6638",30,1.02097708531975,0.356932073378603,0.000201122353201125,0.0103573637277692
" 8992",68,1.04276713485063,0.153019169888689,2.60971911593155e-06,0.00842728090829885
" 8421",52,1.03864317682327,0.165950174189564,0.000163542397931711,0.0085649468660949
" 7935",61,1.03856655731795,0.195302337741794,9.2384056703977e-05,0.00970829252202994
" 6644",30,1.03459941411867,0.353363121928313,5.89796520200531e-05,0.00993710400198749
" 6750",45,0.874872177596753,0.302333817809161,0.00139846148359052,0.0110672654323707
" 7943",59,0.997899293673305,0.194718917304575,0.000303423342545642,0.00986632361004604
" 6968",61,0.959165805894242,0.25219915463157,0.00147118565628781,0.0111641767611308
" 8616",38,1.20903435817533,0.408257642010835,0.00055552220914463,0.0105868945307705
" 7790",81,1.05395003276518,0.230223035535494,0.000909748083813739,0.00988869508845134
" 8609",40,1.20104916689258,0.407017421746991,6.95925097581747e-05,0.0105226737322393
" 4729",52,1.10271200138081,0.596924461153376,9.39498881735359e-06,0.00893154375252643
" 4561",48,1.18077537156121,0.701577742418258,0.000725153951680181,0.0114071222843702
" 4563",39,1.24335107924144,0.690623726667299,0.000696621022679329,0.0115338339599229
" 7260",42,1.22314770997534,0.58138566805281,0.000656605329568379,0.011988446363278
" 6755",65,0.936538349149479,0.211290036562095,0.00010943422159473,0.0100476001793942
" 7816",44,1.04942810198651,0.315967556189175,1.87899776347072e-05,0.00896175410440172
" 8727",86,1.0639168618166,0.254103471301433,0.000417207096000257,0.0100914152237662
" 8962",25,1.08953710283009,0.420996640027814,0.000327258777137817,0.0108631268779469
" 7542",66,1.18864534017856,0.430770323567247,0.00237849800226002,0.01122673025891
" 8775",32,1.078659279701,0.315434465661282,0.0145307420562325,0.0128436925054779
" 4555",36,1.09199295818213,0.601746520638066,0.000690183715526698,0.0116239774855891
" 8354",66,1.11670567996422,0.396148969972083,0.000565961085608356,0.0107903953022045
" 8733",97,1.05245016561276,0.237026998797574,0.000676265213575063,0.0102750866082979
" 8400",50,0.985046365234617,0.170702190979609,0.00516446014915415,0.0118804263108473
"  417",26,1.02469971145998,0.533445873291513,0.000224435843970113,0.0106078382917884
" 4782",47,1.11085149632504,0.60217368911596,3.67100488974372e-05,0.00874682559273172
" 7120",59,1.17686747662001,0.200281478866376,0.000603889003426561,0.00963611694409124
" 8925",51,0.98194158229594,0.156699876438481,0.00050176199535644,0.0100273492329116
" 8358",76,1.13613119380979,0.36503916429586,0.000655213479373215,0.010802892676006
" 6944",43,1.12484350599245,0.402100687014107,0.00312592155706281,0.0121417952294306
" 7341",55,1.0704837633122,0.406355382584042,0.000704798142575915,0.0113386323792502
" 6964",59,0.985143798823753,0.232224560976403,0.00120029681205412,0.0104954590418171
" 6128",48,1.35969551667854,0.593886380164332,0.00882050264929986,0.0130446422711091
"  421",30,1.10823560163669,0.569703353528521,0.00013535743147965,0.0105539513118338
" 8927",43,1.0303383690025,0.165078271422155,0.00106024188616579,0.0102472545776151
" 6790",57,0.944955180799451,0.307267718871157,0.00153155715850303,0.011939008464499
" 8355",72,1.10015475462139,0.374671331643299,1.37445206772395e-05,0.0101102114966421
" 8392",35,0.810806434654038,0.328892579086041,0.00246131308887224,0.0124164816802833
" 2621",70,1.13503934767411,0.496777931358815,0.000227393525634836,0.010253485352117
"  303",27,1.10098945436728,0.575291442584029,9.04702626856272e-06,0.0103493013022583
" 8926",42,1.09052680623964,0.171908302593662,0.00192858242667342,0.010268107438715
" 2755",64,1.04628618618,0.477566914047693,0.000426602084817611,0.0102091350866364
" 7568",49,1.11495734000938,0.356381692670505,0.00184211373329888,0.0109481603866434
" 8681",65,1.29906768258471,0.503184760264476,0.00293088854846553,0.0117371974610356
" 8651",42,1.01012233975818,0.4517280213761,0.0032597131570729,0.0119630922124941
" 3814",29,0.529329844212843,0.222028264009344,0.00110095350437432,0.0114374983847306
" 4457",41,1.06217553237222,0.575450810849304,0.00316785104419211,0.0125542361569154
" 6834",48,1.0825082698025,0.31569603948366,0.00128293791739195,0.010513932094884
" 8272",70,1.02037046224522,0.181697892541186,9.30799818015587e-05,0.00828779109838462
" 6826",44,0.995036109202713,0.318567919101167,0.0021314445926185,0.0107705489201069
" 7041",47,0.668136288078311,0.170659492365782,0.00134365738215596,0.0111297372168013
" 7773",52,1.04507519971637,0.427940947796109,0.000338393578699125,0.00978195934273641
"  491",43,1.08965159185807,0.577463313453019,0.0061347537164575,0.0124383198374874
" 8274",65,1.01882880464846,0.190765105495491,0.000156583146955893,0.00886481112207377
" 2946",44,1.04132091830891,0.439531204095262,0.00216415307220484,0.0107638299940067
" 8449",37,1.10206340595998,0.412588223693709,0.00113157420866792,0.0115690912174221
" 9062",50,1.18103458830975,0.511031743862175,0.00148945369009933,0.0111981644501219
" 1535",29,1.09316972109815,0.541697465452204,0.00165403997567742,0.0115650012432431
" 2902",38,1.12858653733006,0.475213377004286,0.00221112801629161,0.011526523372373
" 7533",38,1.03241829568099,0.223160924262913,0.000473403047629984,0.00973688413269488
" 6920",48,1.2175464446782,0.398392298456356,0.000283763458538957,0.0103323547936712
" 6829",33,1.18120153804053,0.374734385153302,0.00109538610359367,0.0105108502301268
" 7777",31,1.17024254648518,0.486499184743342,0.000687573996410766,0.0106598214190745
" 7779",45,1.07660635242142,0.382701119060811,0.000771258989394971,0.0111237995383039
" 7149",56,1.03087060594815,0.163002525179169,3.25344983119467e-05,0.00855581906832878
" 8338",50,0.978978418693627,0.167506667173318,0.00102596757510989,0.00946433207371916
" 9177",40,1.05451801925667,0.436728808197822,0.00286268788890252,0.0118776884528689
" 9320",57,1.08049455385358,0.184698382245297,0.000426428103543216,0.0104444372536416
" 4829",67,1.2598388695753,0.692163089074129,0.00128728744925184,0.0105284547058536
" 6793",48,1.04172113010481,0.212037157984107,0.000155713240583916,0.0108047820471059
" 6838",24,0.990385748672445,0.306846804946049,0.000372841871029421,0.0104121437065928
" 7778",35,1.14904742149669,0.48549850687707,0.000235222682982631,0.0103230381434829
" 8842",20,1.12195866980074,0.315507796155198,0.00209560445009304,0.0115284782707312
" 5450",31,0.933170731823484,0.40198143825768,0.00178243815618125,0.012277443591519
" 6571",45,1.24221593290076,0.745459798261869,0.00203645081679859,0.012649851065166
" 7781",25,1.08137862548987,0.450011099611829,0.000169979705084342,0.0106916139269497
" 7387",45,1.10665619100872,0.434201775700845,0.000247227390915916,0.00980418939202755
" 7823",32,0.952646879204315,0.23533134096458,0.00245644161318917,0.011078073223764
" 7975",75,1.0212613879002,0.391294349763063,0.000227045563086045,0.00988253558756954
" 7800",49,1.07165928493818,0.366612336803661,0.000759776225284873,0.0109635091971238
" 8677",65,1.04708801948826,0.221513501166102,0.000655213479373215,0.00939662515707797
" 8843",17,1.02280479951003,0.302021909554952,0.000498456351142926,0.0111874772533223
" 7844",24,0.566938033994882,0.188087886858606,0.000512548834368957,0.010472579777838
" 7801",48,1.08166350692807,0.38535471659867,0.000887826443239914,0.0114263306148287
"15526",37,0.941941222409382,0.209428636065188,0.000612762048420728,0.0115343177687639
" 5454",35,0.942287349924629,0.43004327898672,0.00026880106894095,0.0119802675936039
"  906",32,1.13848548489579,0.55841106216237,5.67178954529124e-05,0.0109830077978824
" 7741",43,0.98642183222628,0.234244904705036,0.000140054925888327,0.00959850336932963
" 6696",33,0.797498371692448,0.30999851490247,0.000737332640887861,0.0112737581119948
" 8320",55,1.06742416356844,0.266800163017426,0.000253316735519756,0.00984840917711767
" 7805",49,1.0613563243968,0.371341782532624,0.000423818384427284,0.0110848340338896
" 7622",38,1.00064562266221,0.338196226050956,0.00240877074400482,0.0113483341942662
" 9233",28,0.622800023520233,0.132859263072248,0.00199191161055336,0.0105871495813183
" 4710",54,1.07620799865147,0.58983230373334,1.25266517564715e-05,0.00880117462996865
" 7062",53,1.04283889433705,0.354327445210212,0.00362281207673618,0.0122453180336088
" 8321",59,1.05051763437485,0.248889057081883,0.000116219491296152,0.0100320713875953
" 5451",37,0.902655642177,0.384406018159921,0.000575008111876919,0.0119303007309179
"  264",29,1.13739523433284,0.562118124168107,0.00104771523440932,0.0109387843299931
" 9082",56,1.10423848006809,0.193505560743261,0.00178365602510202,0.0100800571211271
" 8314",51,0.954919149285243,0.424246607454565,0.00103727635794559,0.0116290815606961
" 8943",59,1.02537438652897,0.158764313556441,1.58322959699848e-05,0.00813702599611029
" 7629",60,1.01171191493145,0.306925606282894,0.00219477377649844,0.0115921035147128
" 8377",54,1.0270141163039,0.405159083808249,0.00107172465027589,0.0112107851448917
" 7052",42,1.07687362425627,0.282250211647961,0,0.00883598494686171
" 8950",48,1.00230958121265,0.152280810931831,0.00127754449788569,0.00922800500751602
" 7067",29,0.624693008456951,0.203057101357741,0.00226123462331749,0.0121322223257991
" 5446",32,0.856059180559253,0.375384445522398,0.00149693488489834,0.0122916499462332
" 7043",40,1.06922860972311,0.279808977657088,0,0.00891986223516841
" 6884",39,1.12172355182798,0.438776705786839,0.000564569235413193,0.0113581451575901
" 8652",11,1.05960208011531,0.335579964106869,0.00208412168598294,0.0117111019798217
" 7165",56,1.08336884833072,0.4012908570322,0.000500718107710067,0.0104119751094306
" 9108",41,1.12310004894484,0.574456090522121,0.000128920124327019,0.0105024598073543
" 5665",81,1.10497279540849,0.329631587784567,0,0.0098119527324243
" 7047",42,1.0715508064258,0.281199049794222,0,0.00897803219193499
" 7783",93,1.07140513425048,0.285020319148192,2.43573784153612e-06,0.00931636137972172
" 8411",47,1.24963002480052,0.293468060201796,0.0155259149457744,0.0128290466312082
" 8118",47,1.15158517872588,0.581214015003893,0.000589970501474926,0.0102789758331179
" 5658",75,1.10346293346605,0.324694685664594,0.000163542397931711,0.00997924825645245
" 7042",42,1.07147972908766,0.282144974709259,0,0.00896530676568971
" 7782",94,1.0713947374419,0.283643098715359,5.84577081968668e-05,0.00923822496687797
" 8649",40,1.07902212499216,0.507196279050303,3.7058011446228e-05,0.0102394635909135
" 8172",50,1.16347741365281,0.588481985199853,0.000665478374562546,0.0103891940499164
" 8260",78,1.03362857310386,0.199724216705659,1.792007126273e-05,0.00769697326256109
" 5670",82,1.10421448503109,0.326995704455,7.15063037765245e-05,0.00989787966344832
" 2753",28,1.15076234803308,0.521055990313665,0.00132712916108839,0.0109054675232856
" 7025",42,0.920534934256177,0.240838764847373,0.00014753612068733,0.00884731885015322
" 7059",36,0.656272693268726,0.189841788500998,0.000199904484280357,0.00991340855049611
" 7789",74,0.891338547254189,0.249260173373743,0.000169109798712365,0.00923723521633138
" 5666",75,1.09665405524643,0.323674288100385,8.00313862219009e-06,0.00995245793272318
" 7792",57,0.890031594048705,0.237277178896799,0.00236544940668036,0.0115882924222604
"10731",52,1.14808479359222,0.404128695668011,0.00318977268476594,0.012280589938729
" 8353",41,1.11052344342346,0.510453811418776,0.000132747712363718,0.0104049340738672
" 9068",77,1.15643230995536,0.387731716545196,0.00309269113365328,0.0112999496960353
" 8982",75,1.03983154872049,0.150670922020375,1.04388764637262e-06,0.00748518851973466
" 8405",48,1.09401625450531,0.193346427598582,0.00112826856445441,0.00997517076378837
" 9429",83,1.50310126749026,0.276410046146243,0.00130851316472808,0.0103290832399758
" 6534",87,0.999517914224087,0.211574270409313,0.000508547265057862,0.00886178876192505
"10746",48,0.848049812463268,0.238782107004132,0.00290061580672072,0.0118694994846835
" 8186",26,1.09009241877586,0.445608915750213,1.53103521467984e-05,0.0103239710853808
" 8662",43,1.10681638213373,0.492008614541319,0.00141899127396918,0.0109373972786638
" 7151",46,0.95398259197086,0.390651132908316,0.00131025297747203,0.0111476613148114
"11504",43,1.12131118477875,0.501189787028574,0.00392414764398908,0.0125268273215832
" 7565",47,1.13430074197319,0.42811576553028,8.00313862219009e-05,0.0110550866491698
" 8908",39,1.18762546785835,0.387412317150388,4.29733747756729e-05,0.0100384614438394
" 6820",76,1.00639830831158,0.191324726975093,2.52272847873383e-05,0.00876912629200544
" 7063",69,1.14743552400168,0.402002536160433,0.000106302558655612,0.0100700829778432
" 7555",30,0.935467649856146,0.348503165403045,0.000891654031276614,0.0112312431764761
" 8907",32,1.16473864592431,0.374877035088531,3.47962548790874e-07,0.0100298967361996
" 4420",62,1.20868704657562,0.366413932353504,0.00130259780139864,0.0111652681142198
" 7746",29,1.10336224818781,0.441999548009629,0.00123283131036607,0.0106984914960952
" 7162",49,1.03510734999847,0.37251827287892,0.00100108825287134,0.0110675354067645
" 8675",33,1.16715209447541,0.487233939511317,0.00335992637112468,0.0118431225810805
" 9378",53,1.10775190868167,0.180531516626062,0.000862251195903785,0.0104938516857713
" 6805",41,1.05521914136567,0.440859200262672,0.0003088167620519,0.0106686334926125
" 6906",33,0.753887960539365,0.297949802694002,0.000343786998205383,0.0104493029397862
" 9008",36,1.15202576257503,0.491696820789888,0.0054939806828591,0.0124812242123965
" 7749",28,1.09117535126381,0.45017168551165,0.000280109851776653,0.0101169663986652
" 8780",23,1.05808741382924,0.306372041781276,0.000676787157398249,0.0110637167704256
" 8407",52,1.21419386753522,0.486211771724095,0.00322630875238898,0.0129564489022222
" 6824",48,1.21838506036657,0.526998674743703,0.00095202553349183,0.0112281370367997
" 7617",65,1.0161456793993,0.189809751771436,0.000619025374298964,0.00934182051184115
" 7928",55,1.17326268478936,0.445419475208534,0.000386760372981056,0.0105637138906261
" 6941",73,1.21015451230039,0.446359959044217,6.55909404470797e-05,0.0100861764433965
" 6859",62,1.17245857189654,0.432975794779072,0.000101257101698144,0.0100394809030455
" 6988",39,0.844870381995109,0.27870978726371,0.0017345933057225,0.0115523208081647
" 7549",44,0.694413268320715,0.254126140242548,0.000117959304040106,0.0104233438371834
" 8414",30,0.939609378733485,0.362160383273105,0.0070918247069068,0.0129130282121237
" 6823",39,0.858919544500959,0.359339752143485,0.0013154724157039,0.0110189936682157
" 8717",49,1.0537196270989,0.178624775024839,0.0001334436374613,0.0088697153089443
" 7174",45,1.00756042652188,0.370280545998011,0.000476186748020311,0.0104400464580626
" 6940",69,1.20265543749071,0.445301956383826,3.21865357631558e-05,0.00996429268696591
" 6858",51,1.03110317141939,0.374811279428602,0.000483667942819314,0.0106586216830441
" 4570",47,1.19854647180531,0.685046821709985,0.000140228907162722,0.0111952800075367
" 8445",50,1.03401946039411,0.168001100338105,5.72398392760987e-05,0.00884565293062337
" 9127",52,1.01134291054425,0.169011310121286,0.00201017964436488,0.0104672665598256
" 6574",18,0.752944615979345,0.511443264366575,0.00122256641517673,0.0124354004627343
" 7577",29,1.10233561782777,0.440232929804581,0.00356522427491129,0.0125548455024344
" 8010",43,1.00278159625562,0.240420005651507,1.21786892076806e-06,0.00823204151104234
" 6789",65,1.06400426737137,0.1969019516637,0.000139185019516349,0.00896194095418698
" 7177",57,1.13039325642903,0.422083061147779,0.000203732072317057,0.0102269933548283
" 6937",52,0.986688212380328,0.351989599472212,0.0002707148629593,0.0103027694573798
" 7058",42,1.17602083805988,0.45552664538971,0.00147675305706847,0.0118404404298523
" 6888",49,0.884945972888002,0.339273168247783,0.00114914631738186,0.0116842782842865
" 6998",31,1.11017016162308,0.407392457675296,0.00299247791960151,0.0119040150425961
" 6981",27,1.14339901480767,0.35757913783776,0.00155121704250971,0.0113183090390969
" 7590",61,1.03272891521172,0.365514388492125,0.00145169975355552,0.0113592780806789
" 6950",26,0.664649794456147,0.214138693686489,0.000508199302509071,0.0110222469474562
" 7765",57,1.05022915184994,0.299572531504125,1.73981274395437e-07,0.00857208280467003
" 8026",41,1.01083632058993,0.243476877654095,3.79279178182052e-05,0.00851585388868555
" 7018",41,1.09047842915533,0.408674137974953,0.00166273903939719,0.0116480768638368
" 6967",43,0.939623425609109,0.317027320869518,0.00041633718962828,0.0110009545559029
" 7767",54,1.04703263555182,0.301321556967678,0,0.00855085166012473
" 7809",28,1.07880564939553,0.437251592678423,0.00137810567448625,0.0108295972508654
" 8379",37,1.02445481748699,0.237218938503474,0.000234004814061863,0.00948276990043292
" 7824",41,1.11846822191968,0.377326479634415,0.0011590632500224,0.0113364500096312
" 3289",39,1.11926767559436,0.498417250862228,0.00118463849735853,0.0109660632937153
" 5766",84,1.082800524991,0.29675520679851,5.2194382318631e-07,0.00887962671996067
" 7055",36,1.04700723020681,0.277677251474526,1.61802585187756e-05,0.00918652083515922
" 7764",53,1.05157771190077,0.304318510773797,2.41833971409657e-05,0.00857602868368786
" 8371",68,1.10133198078714,0.327488416972024,0.00195467961783273,0.0117236582634986
" 8827",53,1.08414826878507,0.427175425975602,3.47962548790874e-07,0.00900956726337756
" 5773",82,1.08216578431699,0.295536155163115,1.39185019516349e-06,0.00889115896568297
" 7761",58,1.04960852030981,0.286929526664915,9.93433076797944e-05,0.00859135892202774
" 8693",67,1.02607792352783,0.14552298103999,0,0.00744141482230245
" 7429",54,1.15491844960664,0.471126187223854,0.0010484111595069,0.0115370160188131
" 8823",55,1.08211389288921,0.419184355708872,3.3056442135133e-06,0.0093774500337599
" 8417",28,1.01300264550423,0.277296867069984,0.00131477649060632,0.0112441492880463
" 7138",41,1.01131826680481,0.231062708700889,0.000537254175333109,0.00957574283551481
" 7247",53,1.0015454238257,0.433313979816243,0.000209125491823315,0.0104599828025971
" 8335",40,1.14421264401617,0.552588999469702,0.000718542663253154,0.0109475618791148
" 5130",21,0.685606014441077,0.239922002529064,0.00133565424353377,0.0112103904607454
" 8858",24,1.04557846048293,0.401563261695751,0.000433387354519033,0.0108466267127491
" 5769",84,1.08093631254727,0.295237593838217,1.56583146955893e-06,0.00883118487847293
" 6870",55,0.912935837208016,0.333528314939621,0.000549954808363976,0.0109729015549026
" 8087",47,1.14056866710823,0.581642948530343,0,0.0101079661055808
" 8854",20,0.98844037438047,0.377134633688842,0.00111817765053947,0.0110216759855829
" 5778",82,1.07534046377719,0.292536793764549,9.9169326405399e-06,0.00900373258691156
" 7585",45,1.07137934221406,0.264572369545566,0.000434779204714197,0.00951302369649589
" 9405",49,1.0214225293849,0.168887858633229,0.000514810590936098,0.00916097170998285
" 9352",56,1.02287151850637,0.145213540064919,6.76787157398249e-05,0.00853592329984356
" 8237",32,0.964768592221294,0.413843468033111,0.000479840354782615,0.0108218713091483
" 7907",27,0.859277134287764,0.371211956522057,0.000331782290272098,0.0105166500515599
" 5084",52,1.05911097610288,0.43162005464771,0.000674873363379899,0.0107222420678551
" 8074",43,1.12987226075672,0.580360923867393,0.000300117698332129,0.0100561895463657
" 5700",47,0.883296484807773,0.229996136027197,0.00205054330002462,0.0117520126158259
" 7574",44,1.04544557670304,0.247949974044845,1.73981274395437e-07,0.00852710892510008
" 7144",11,0.921420640712709,0.2536752230708,0.0012277858534086,0.0115851133405807
" 4494",65,1.11215234366558,0.5720930698495,0.000367100488974372,0.0105801933428995
" 9355",42,0.984608148076763,0.147760726197627,0.000427645972463984,0.00890516869018366
"14346",25,1.00712542124094,0.294391465087941,0.00054177768846739,0.0101780110584498
" 8786",7,0.737089388026156,0.144351399125901,7.08103786789428e-05,0.0105364249371694
" 5096",50,1.14719513102888,0.466454991940894,0.00109903971035597,0.0108171392966499
"14336",22,0.992341724779139,0.30612567824471,0.000757688449992127,0.0102274307142671
" 7645",26,1.030890394835,0.324750863946796,7.39420416180606e-05,0.00983526541511723
" 8468",46,1.03379999004178,0.155653760242736,3.82758803669961e-06,0.00924200648052106
"15852",40,1.10764867414466,0.241223733675338,0.00210378156998962,0.011940975579541
" 5102",34,0.890572384134886,0.331259705550613,0.000648602190946189,0.010977703611183
" 6915",30,0.993013251878227,0.348366521561258,0.00286425372037208,0.0114819866745573
" 6648",33,1.070898266492,0.372439210937547,2.08777529274524e-05,0.00984614904725304
" 4509",78,1.02207706710751,0.217959938847175,0.000223217975049345,0.00910676075828377
" 9149",48,1.0754962976941,0.368813186887875,0.0112873831389528,0.0132168180948555
" 8469",43,1.03041383224155,0.15490220384188,7.82915734779466e-05,0.00941104571927566
"15847",48,1.07435599382287,0.235979262952002,6.87226033861975e-05,0.0115273506948004
" 7459",70,1.029770905131,0.229144192759336,1.49623895980076e-05,0.00793725917914113
" 8959",26,0.971427784382109,0.391854392125825,0,0.0106451137489617
" 8805",54,1.05909563318713,0.229080569700287,0.000881911079910469,0.00973455034798227
" 4720",46,1.07202408433484,0.591166918600306,3.47962548790874e-07,0.00871261237596994
" 7455",80,1.03281467143991,0.232382240892672,3.65360676230417e-06,0.00764581591293507
" 8495",77,1.02916882503537,0.199910025918893,5.91536332944485e-06,0.00812041094922808
" 2517",46,1.10395251462455,0.471915302988974,0.000478274523313056,0.0100968876085688
" 8806",36,1.00467680630306,0.182946560318679,0.00164742868725039,0.00960822301210652
" 7443",25,0.953828807099586,0.179025868028767,0.0131869106928021,0.0133438437784691
" 7310",26,1.10505340630439,0.20765528034163,0.0157837551944284,0.0132045638019152
" 7322",20,0.785258644397611,0.169481917468459,0.0101897352787919,0.0131194488404368
" 7313",22,0.801579381028478,0.142197534031328,0.00736306151368928,0.0124335760494165
" 7357",25,0.95059403673358,0.160652263023062,0.00550337567167646,0.0121823306424054
" 7331",58,0.894866002760942,0.181193233529299,0.00228976755231834,0.0113803010584134
" 8522",73,1.03651075813271,0.201704359695675,3.65360676230417e-06,0.00835216453574884
" 7407",89,1.03871548376672,0.227854859892075,1.73981274395437e-07,0.00684133679834398
" 8242",57,1.2654838591057,0.640321511155675,0.00796503672309749,0.013154722200989
" 3269",45,1.18860166876071,0.588676372984378,0.00142247089945709,0.0112950154746459
" 8832",76,1.0915499911413,0.240886327153979,0.000912357802929671,0.0104233159663094
" 7320",44,0.940285505086257,0.164699360855017,0.00870306528908294,0.0125531187603682
" 7431",38,0.928789416351265,0.178951737102523,0.00933270352112002,0.0130850689559942
" 7330",30,0.897726055731927,0.180999044236226,0.00312000619373337,0.011871305943789
" 7319",35,0.89154248641212,0.19336199505446,0.00334722573809381,0.0119261879784567
" 6588",54,1.01623277976628,0.406698326604064,0.000236962495726585,0.0095423816962996
" 7400",88,1.03895387246906,0.227765145835113,5.2194382318631e-07,0.00689177972604479
" 8475",56,1.08190103239017,0.308540242829038,0.000769693157925412,0.00867926928474152
" 6878",52,1.16018110638916,0.432682193225733,6.55909404470797e-05,0.0102577794594367
" 7170",65,1.14093489377221,0.442130824226392,0.000258014229928433,0.0102095404943965
" 8837",66,0.988957353660389,0.211069180400467,0.00162307130883503,0.0103729807157949
" 7117",48,1.04100720786192,0.160134189457265,4.17555058549048e-06,0.00885160270175517
" 7408",87,1.03762546675369,0.226543543361248,1.73981274395437e-07,0.00687602664860179
" 8592",62,1.05743272381332,0.30052911407506,3.41003297815056e-05,0.00805872515574297
" 4514",102,1.0601583002487,0.263857292862917,0.000283415495990167,0.00887481488762279
" 7868",59,1.01610120164247,0.178799393919162,0.000781523884584302,0.0097805965038182
" 7393",90,1.03906244339214,0.226493365402795,0,0.00708769322047618
" 6498",90,1.06942850663491,0.264743322121931,3.25344983119467e-05,0.00936885106512643
" 8478",55,1.0541418943727,0.302598673626407,4.1407543306114e-05,0.00813467514508762
" 8676",61,1.06931311857096,0.437226306348947,0.000132747712363718,0.00897969451668023
" 8831",43,0.995518907604261,0.334905671220048,0.00280318629305928,0.0124739601623619
" 9363",22,0.714643921392229,0.225296070093671,0.00187099462484853,0.0114071691943942
" 7358",86,1.00989581165652,0.22562594656955,3.81018990926007e-05,0.00728623608303351
" 7417",85,1.02270420944524,0.224721735814666,0.00032865062733298,0.0082498863406867
" 6497",93,1.06584190867628,0.26288922366664,1.21786892076806e-06,0.00936394485045971
" 8946",55,1.03596145300872,0.169635302886166,0.00071488905649085,0.00880502787038622
" 8671",56,1.11425739617254,0.524089047581888,0.00129737836316677,0.0114149616018264
" 8263",78,1.02656391725174,0.200059917873059,6.95925097581747e-06,0.00760341427880121
" 5817",72,1.071002140073,0.370140178653051,0.000788135173011329,0.0104394433819386
" 6490",87,1.0632591546379,0.263091892668136,4.31473560500683e-05,0.00944065555395022
" 8951",51,1.03166438702844,0.157545921023673,0.000265669406001832,0.00904886855413518
" 9593",28,1.18809322318525,0.402995327468156,0.000751773086662683,0.0112258647731694
" 6495",91,1.05589142794825,0.271594301692176,0.000276282263739954,0.00954753545217192
" 6890",36,1.21465628195487,0.466236093518642,0.000658693104861124,0.0109632997360025
" 8281",36,1.07282376423703,0.386654738282644,0.000997260664834644,0.010680676816366
" 8808",49,1.11928955572453,0.52883407630252,0.000463138152440653,0.0102904297696181
" 8659",45,0.764539863091006,0.286294206363665,0.000409377938652463,0.0106273226594593
" 9594",30,1.16287481766535,0.398504284070554,5.34122512393991e-05,0.0110404087273924
" 4556",43,1.04929857702089,0.540177788543049,0.00369414439923831,0.0120926052360698
" 9176",49,1.03048721810867,0.138988547533447,2.43573784153612e-06,0.00766643642779874
" 6885",41,1.03811922157109,0.398120331316837,0.000477578598215474,0.0107870750793364
" 8815",47,1.10151936682739,0.496596963199177,0.000350224305358014,0.0102259365454899
" 7517",59,1.06435283608474,0.201264851392636,0.0013231275917773,0.0102122057306531
" 9228",55,1.24239704810885,0.448524116989698,0.00887147916269772,0.0119648719416985
" 9104",18,1.00195034365401,0.30712425605742,0.000367100488974372,0.0105553854120804
"12472",21,1.05286377332771,0.28208705769158,0.000101953026795726,0.0100041490716208
" 8291",36,1.04503086662046,0.2348932937286,0.00099969640267618,0.00986645981491462
" 9102",18,0.991633036013756,0.303964595119056,0,0.010433485166251
"12481",17,0.905420289585051,0.249625795920253,8.99483188624408e-05,0.00984124646610079
"11730",15,1.04329600141839,0.279467890033293,0.000693837322289002,0.0101204135530404
" 8427",36,0.987839216402798,0.363995658265552,0.00176260429090017,0.0115836132910451
" 7112",62,1.04011646524411,0.178006647833475,1.33965581284486e-05,0.00880016769036129
" 7531",45,1.04514394147561,0.187781495800642,0.000179374693901695,0.0091784624836371
" 7839",46,1.00426932758707,0.153238421593845,0.00290270358201347,0.0100616946743038
" 8670",58,0.976066876302522,0.167673768901896,0.000466269815379771,0.00986699981062294
" 9141",33,0.987564770443817,0.378132327318307,0.00115036418630263,0.0111172675669763
" 8845",69,1.09130754525437,0.454038114529458,0.000458788620580767,0.00996319943039162
" 2546",42,1.06195975266177,0.443137189154833,0.000428341897561565,0.0104223733538502
" 8471",46,1.00653145145051,0.157043684361304,0.000910270027636925,0.00976365841745835
" 7116",58,1.03811779780154,0.17716395254351,0.000281675683246212,0.00919400387645829
" 7731",52,0.991827803702537,0.190720969914508,0.00193554167764923,0.0106746109503771
" 7483",65,1.0176778969802,0.25401351673339,0.000857379720220713,0.00952491807419067
" 8296",40,1.01990490623884,0.231711952466046,3.47962548790874e-07,0.00827670287838316
" 9590",69,1.37967046457473,0.266421901231384,0.00127806644170888,0.0107319639524595
" 7708",69,1.05378594879318,0.242821385925569,0.000236440551903399,0.0112419027274512
" 8870",59,1.07433131657705,0.289738778340091,0,0.00878246841334927
" 4557",50,1.12614759397631,0.596124823540129,0.00154773741702181,0.0120116744328387
" 7445",86,1.04962176662785,0.235353246459145,7.65517607339922e-06,0.00761638433194431
" 7721",56,0.992156800838633,0.200627213780014,0.00397616804503331,0.0108761586056202
" 6955",61,1.04098663624061,0.227146799450602,0.00252846986078888,0.0112332456319452
" 8718",46,1.0473960945459,0.181917493782373,0.000110652090515498,0.00901274389768278
" 8869",60,1.0786158242643,0.292395698500342,0,0.00876038200730538
" 7520",24,0.974730550719556,0.213106345309893,0.00136836272312011,0.0120269675963543
" 7728",61,1.03427445586156,0.229585305759936,0.00258640562516256,0.0113231563405827
" 7430",78,1.03575661050534,0.225901378141043,0.000286373177654889,0.00834620251309945
" 6665",60,1.07175440132986,0.286461450786273,0.000219912330835832,0.00996470893824495
" 8873",52,1.06808834527919,0.286987155242844,2.95768166472243e-06,0.00872609500783769
" 8719",39,1.04271051732225,0.186852445008501,0.000171545536553901,0.00948462446714184
" 8986",40,1.13251551527407,0.395125498271779,0.00454578273740397,0.0126786911513488
" 7593",20,0.978340800915024,0.21541810921991,0.00121978271478641,0.0120520626839986
" 1217",43,1.10530616321755,0.660705275908349,1.792007126273e-05,0.00988185437349601
" 7428",80,1.03813803831223,0.228568424342983,1.87899776347072e-05,0.00757729988156879
" 6664",63,1.14994217072004,0.322012393364456,0.000409203957378067,0.0101874779279881
" 8872",59,1.08643343534514,0.289754682173294,0,0.00881057555640413
" 6643",30,0.971480838055357,0.334618069706207,0.000323431189101117,0.01019477084213
" 6667",79,1.05219520396323,0.287269248543422,3.11426481167832e-05,0.00971098179544204
" 8868",58,1.04888793846375,0.322193625682366,0.00441320900631465,0.0105154418789995
" 6960",30,1.10731847555303,0.463473918544653,0.000399808968560714,0.0108556337824343
" 4390",24,1.01426523832849,0.310804374033769,0.000267061256196995,0.0108030119017677
" 8255",27,0.893645722843363,0.410173299784827,0.00363272900937672,0.0120292642946403
" 8948",54,1.01532616223186,0.155475517550906,0.000134487525107673,0.00841104518040841
" 7142",13,0.813641877698669,0.303160593702982,0.000524379561027847,0.0119175270990775
" 6813",87,1.04178818556017,0.19615227803541,1.04388764637262e-05,0.0081247820090862
" 7395",69,1.03922567935591,0.247501826424449,0.000155713240583916,0.00917839530868606
" 7495",56,1.02208247971804,0.188025106073478,0.000284459383636539,0.00886240632790312
" 6810",58,1.01514174001514,0.175913746171607,0.000488539418502387,0.00967308362882951
" 8660",42,1.1549129175982,0.544091035661593,0.000592928183139649,0.0107281957205317
" 8277",59,1.15647038437261,0.579076573343088,2.36614533177794e-05,0.00998826319971628
" 9001",7,0.934124171015625,0.179962942978386,0.000338393578699125,0.0103946982995644
" 6992",29,1.10878276752101,0.439015193808813,0.000986995769645313,0.0107705519458323
" 7015",25,1.12227698075725,0.447989891658181,0.000395981380524014,0.0102620804144803
" 8385",64,1.05341984734798,0.37071824171178,7.25501914228971e-05,0.0104207405292984
" 1596",30,1.07184506812121,0.57070940503248,0.00177460899883346,0.011909148138341
" 8367",37,1.11301329694167,0.521904103165249,0.000723240157661831,0.0107076869189616
" 8684",11,0.868668018177974,0.265751070363188,0.00294376316277079,0.0112446770035949
" 7027",47,1.06379587618306,0.278183424430637,0.000170153686358737,0.00932295152344763
" 7827",36,0.775344375132812,0.208618878253439,0.00192666863265507,0.0108671628011231
" 8841",36,1.00029457559344,0.371361996883391,0.000794746461438355,0.0109460148380679
" 7564",45,1.20736272583555,0.431912524432671,0.00113748957199737,0.0114737794253391
" 7300",38,0.682266470662838,0.245814086471359,0.00409517123671979,0.0122211158829483
" 7343",83,1.03709970413716,0.216202647721848,0.000209647435646501,0.00782413715442814
" 9868",60,0.842356936071424,0.167601508558381,0.00300535253390678,0.0109551012400105
" 8536",76,1.02232276643308,0.179944850940194,3.00987604704106e-05,0.00782763208732886
" 2560",51,1.10876392633209,0.632456462248407,0.00167109014056817,0.0120937008426748
" 9335",27,1.15907062894397,0.391891869703187,0.000734896903046325,0.0112366357421453
" 9365",24,1.09239546842966,0.380383842230659,0.00145796307943376,0.0113594914805846
" 8586",85,1.04321424535276,0.250860176707009,0.00052385761720466,0.0104787379279557
" 7924",51,1.01131314542615,0.356442263577296,9.34279443503496e-05,0.0091888294661121
" 8644",44,1.07410261908922,0.255794984947993,4.36692998732546e-05,0.00892879302222409
" 7273",56,1.13820441333615,0.381935125185163,0.000338741541247916,0.0105458158023882
" 7650",28,0.82570263117998,0.252863045479833,0.00396050973033772,0.0119515504622908
" 9366",18,0.961597224161636,0.324093242615866,0.000758558356364105,0.0112213525424511
" 7930",49,1.06704872111619,0.360253130282382,8.75125810209047e-05,0.00945857589390912
" 7249",48,0.982833784664551,0.290572532595541,0.000380149084554029,0.00899172764789459
" 9041",48,1.09342257221651,0.272421190023982,0,0.00953440793745046
" 8643",43,1.05492814272593,0.246076153159377,7.42900041668515e-05,0.00890809067979975
" 7276",48,1.12248611882446,0.379552713263034,0.000986995769645313,0.0108995313917154
" 9440",30,1.15914436565335,0.37997511652002,0.000216432705347923,0.0110688799006784
" 9488",44,1.30630760186539,0.469211952078551,0.000733679034125557,0.0114464161610735
" 9014",27,0.503989515725621,0.130231887132616,0.000530990849454873,0.0112020763922801
" 9024",36,0.470284850692934,0.13844554258136,6.52429778982888e-05,0.00936348970564848
" 9018",41,0.598409172324112,0.199619846040793,0.000650689966238934,0.0100413974273558
" 7929",54,1.08654064132038,0.376499909316962,0.000471141291062843,0.00964683637556597
" 8507",49,1.01812498434366,0.213862283001184,0.00580471123892935,0.0125251419309839
" 8565",44,1.02045594241895,0.183691799077654,0.00383506923149861,0.0115622666615544
" 8549",37,0.996562856000673,0.18314779760607,0.0104903749209473,0.0122850259736818
" 8467",24,1.04345458146517,0.187377873032611,0.023534099024922,0.0134210655469678
" 6925",59,1.10852146818532,0.36417095044589,0.000715758962862827,0.011280511435452
" 7903",42,1.08195839505058,0.360253966470916,5.2194382318631e-06,0.00932336645352237
" 8519",78,1.03794147243253,0.206333096143281,3.47962548790874e-07,0.00826609651077143
" 7245",59,1.04295094236551,0.319307263887755,0.000127876236680646,0.00901374823851771
" 8963",21,0.449364276058208,0.111045146399762,0.000711931374826127,0.0103713629005661
" 9038",50,1.09923071216853,0.274303978745966,0,0.00960226099275713
" 3196",52,1.16378598387931,0.617951624151667,0.000749685311369937,0.0115498898637238
" 9487",34,1.08687295416956,0.402290632202312,0.000784829528797815,0.0113196557277071
" 9439",29,1.13476631719818,0.370179247849452,2.27915469458022e-05,0.0110406444629754
" 8552",49,0.987668729147473,0.175826233446245,0.0026460812022802,0.0109828374876892
" 8459",58,0.888837077412941,0.170562621530577,0.00250915793933099,0.0119965581555264
" 8477",45,1.11740954540526,0.217851958218434,0.00925023639705658,0.0131026900792305
" 8484",41,0.980495549760576,0.261157135265197,0.00722544232564249,0.0127953077222156
" 7916",54,1.02358094976558,0.354585060602171,0.00169388168751397,0.0103077406452854
" 6924",43,1.08686831306338,0.369727377508828,0.00164238323029292,0.0115613320025369
" 6768",27,0.908329404212144,0.236229124472678,0.00494802744380622,0.0113631506725133
" 8518",77,1.03778522281855,0.206244024725363,7.82915734779466e-06,0.00829863667111265
" 7901",38,1.07210603873768,0.356152011733214,1.73981274395437e-07,0.00939630668066292
" 6902",70,1.08520339682205,0.298649989215586,1.63542397931711e-05,0.00925254337178947
" 9042",46,1.08373083805704,0.269395747272527,0,0.00912428068347842
" 9662",43,1.1978437452573,0.471703035898303,0.00305058766524959,0.0117939137926848
" 8422",54,1.03041762817393,0.164178915251886,1.04388764637262e-06,0.00805923522031601
" 6930",32,0.897753356628772,0.25292025643763,0.0030464121146641,0.0114790263056047
" 6687",48,1.04424278336115,0.188304038652479,0.00330807995135484,0.0106393089979044
" 6928",55,1.13043566750039,0.361840197656578,0.000128746143052623,0.0111462699539007
" 7460",85,1.03437324586613,0.226138283457367,5.56740078065398e-06,0.00769347682651328
" 7908",39,1.07560865270776,0.359864777978244,0.000142664645004258,0.00950427193856566
" 8517",78,1.03689722114221,0.203882847271083,0,0.00810242169343849
" 6901",72,1.08109240957315,0.295968403554381,0,0.00922333727209856
" 9037",45,1.09305359277927,0.272385270784565,0,0.00925299551121303
" 7784",24,1.09400873600932,0.448741292579623,0.00210517342018479,0.0108653660291206
" 9204",31,1.05721764763439,0.485778481514926,0.00344465525175525,0.0120305640969989
" 7530",53,1.01378367821716,0.180400119319459,0.000151711671272821,0.00880715330944749
" 5600",63,1.34862669842494,0.616900681765648,0.00278787594091248,0.011810122791712
" 6926",42,1.022877245918,0.312107790962324,0.000533252606022014,0.0111879519344809
" 7910",39,1.04266837845332,0.344818417855035,0.000891654031276614,0.0100795744286694
" 8512",79,1.03819212986845,0.205299869162082,5.2194382318631e-07,0.00836746984902738
" 6899",68,1.08202926679224,0.295133932497245,0,0.0093453989454253
" 9026",40,1.04001044738439,0.260074169131969,1.73981274395437e-05,0.00914031019905687
" 9031",33,0.699799693171523,0.173854588050548,0.00197921097752249,0.010733256136735
" 4510",33,1.04728365109431,0.435514309015233,0.00453690969240981,0.0124536001915574
"10170",45,1.06257822319325,0.373768046345288,0.00141046619152381,0.0115084091257204
" 8505",70,1.03543683893181,0.202853622727951,5.74138205504941e-06,0.00807353968714215
" 6895",64,0.963294810699735,0.259827892708952,0.000347440604967687,0.0100068075748381
" 9351",45,1.0273526843275,0.14166853645024,5.13244759466539e-05,0.00841585307378056
" 4527",39,1.15323413279114,0.548267340631674,0.00109382027212411,0.0114108457956814
" 7927",50,1.05093884259352,0.357008119950453,4.07116182085322e-05,0.00885412665722026
" 8301",46,0.976565063806047,0.376498828819794,0.000366578545151185,0.0104665125812771
" 7302",29,1.11499839244582,0.438518548176192,0.00011552356619857,0.00990002519292393
" 8814",39,0.974742974763785,0.353740103815477,0.00101309296080463,0.0110447552568445
" 6939",46,0.950071626453909,0.343447256186247,0.000286199196380494,0.0102057557365497
" 7873",51,0.993263989154576,0.336816894807578,1.39185019516349e-06,0.00861091734651617
"  702",39,1.1524909197828,0.563825808421865,0.000318385732143649,0.0108991050279579
" 9112",32,1.03196358562279,0.529605241686655,0.000284981327459726,0.0106732543584024
" 9287",32,1.00963680031684,0.21129304419773,0.000199730503005961,0.0103032550800982
" 5542",45,1.18111171901565,0.541173616603104,0.00128137208592239,0.0107956949080603
" 6584",40,1.04697090904715,0.468441006280473,0.000359097350352182,0.0114734418779401
"  815",42,1.02069312694593,0.521709854538923,0.000725327932954576,0.0113233981040221
" 2463",53,1.38641145015807,0.854668584346207,0.00015136370872403,0.0116819306989632
" 9430",17,0.872220850641052,0.234953259994284,0.00418407566793586,0.0119534521494948
" 5535",44,1.17531464134935,0.529575552372004,0.000271410788056881,0.0105187215043615
" 6956",59,0.933527803182223,0.183440633296827,0.000587882726182181,0.00984101523892814
" 7048",43,1.07570365147392,0.282721924735036,0,0.00878048839239926
" 2420",61,1.232864481791,0.682352219926553,0.00024096406503768,0.0114530000543667
" 2515",58,1.38101984634773,0.8457371135834,0.00177165131716873,0.0118108667499344
" 7056",44,1.06317245405197,0.280579448840315,0,0.00863075145543509
" 7982",35,1.00988656859166,0.432689490538126,0.00149432516578241,0.0115015037907739
" 8759",44,1.10410540176975,0.509682357235224,0.000614675842439078,0.0113456176362606
" 2377",62,1.22227567814038,0.675378611485037,0.000119873098058456,0.0114696256049454
" 7750",45,0.997472632845252,0.446740354670577,0.000684616314746044,0.0111501812599614
" 5662",61,1.33836590051542,0.429292595438566,0.00162498510285338,0.011423062277103
" 7038",43,1.07133393442775,0.282378399887154,2.26175656714068e-06,0.00911360991291485
" 7786",82,1.03824174753484,0.277192227829276,0.000316993881948486,0.00985331056278119
" 9138",68,1.0387274944988,0.325847414496363,0.0017806983434373,0.0102185162933711
" 7026",54,1.05436010866223,0.280354563133142,0,0.00891817268394024
" 8604",69,1.02481091579549,0.190863510682422,2.95768166472243e-06,0.00791413326464789
" 2129",36,1.24394764897073,0.788844821551264,0.00104701930931174,0.0123275934673308
" 7189",25,0.712896368798011,0.155669953248407,0.00325762538178016,0.0119067086573774
" 7243",25,0.459840533311607,0.106219166277443,0.000719586550899527,0.0111897941490953
" 7192",28,0.739402589194325,0.15250517755295,0.00308103438826879,0.0117761518940514
" 8936",37,0.963892902441423,0.294359380254874,0.00904841811875788,0.0128913317344068
" 7207",56,1.06079987188279,0.321586419509061,0,0.00860921430368586
" 7188",17,0.466010097883021,0.0871815150659385,0.00309477890894603,0.011467440553272
" 7191",26,0.593175370653956,0.113028630976503,0.00170449454525209,0.0116392038265998
" 7244",14,0.605094326100905,0.122698103596441,0.00279344334169313,0.0118235586980837
" 7280",67,1.22475004989779,0.513048907138717,0.00999244051362752,0.0129723402855125
" 7921",47,1.0636378496902,0.359192558892286,8.31630491610188e-05,0.00877855467745355
" 8562",67,1.06108743217124,0.244607068035335,0.000425036253348052,0.0103407995375777
" 7208",58,1.06233823711333,0.321923038384724,0,0.00866575142904978
" 9423",32,0.950444046407102,0.384053926190585,0.00246496669563455,0.0120954437544052
" 8591",56,1.04385486039262,0.218580728457627,0.00157018100141882,0.0101553493853835
" 7920",47,1.03096083799627,0.3467054432027,0.00100787352257277,0.0103062062276063
" 8785",24,0.911537718944132,0.226104236725136,0.0004460879875499,0.0107237328640079
" 7069",42,1.27395417708159,0.590067209626943,0.00168205096085508,0.0121123026710457
" 7206",55,1.06185228211256,0.32131619371567,0,0.00876661394948811
" 7918",51,1.02107926539757,0.350205801686433,0.000246705447092729,0.0096885796812975
" 8778",20,0.933676020863865,0.231429168759823,0.0011284425457288,0.0107483916920173
" 7204",60,1.06879880090334,0.323941433777759,1.73981274395437e-07,0.00889481822815618
" 8909",21,1.04025957897203,0.334101453644482,0.000199904484280357,0.0103624867469027
" 8947",63,1.02367863516804,0.156906116955998,5.91536332944485e-06,0.00809371563972947
" 7212",61,1.04340830146369,0.318998811500674,5.2194382318631e-07,0.00851847343544833
" 7250",28,0.458329984792424,0.114055250513466,0.00229829263476372,0.0119399196714902
" 7712",57,1.03624759441318,0.180184269746259,3.584014252546e-05,0.00913247498800752
" 7897",51,1.02884386246693,0.340944274716821,9.60376634662811e-05,0.00889898349744669
" 6936",34,0.75552158299847,0.269791729168267,0.000657823198489147,0.0108926816394193
" 8809",43,1.121835795246,0.531548544364218,0.000201122353201125,0.0101426838855652
" 7370",73,1.03012036570197,0.242537623245149,1.70501648907528e-05,0.00852940399741585
" 8348",47,1.14834918990121,0.444135858028896,0.00261841817965132,0.0116736210182349
"  960",27,1.08426583737584,0.537549005711986,4.29733747756729e-05,0.0109872989629267
"  254",23,1.04167220587846,0.553794090112206,9.86473825822127e-05,0.0106318225334568
" 8356",78,1.06965743342138,0.350965588161731,0.000146666214315353,0.0101495586565327
" 7074",61,1.09970160032752,0.419469469786103,0.000462616208617467,0.0104234207086888
" 8344",57,1.13419551276624,0.44698437804324,0.000100735157874958,0.0100619960835523
" 7763",58,1.06988278515767,0.313884591160334,4.52351313428136e-06,0.00848612031568161
" 8342",55,1.13693617441553,0.447884788112344,0.000220086312110228,0.0101784456481048
" 8742",34,0.849398783733398,0.334820632876074,0.00135374829607089,0.0120830712799803
" 8531",72,1.02859310338843,0.186473642624286,0.000187551813798281,0.00821766299204733
" 7034",46,0.97206845966122,0.339330643478756,0.0030919952085557,0.0118017535970728
" 6530",71,0.92120933036664,0.175306904740482,7.49859292644333e-05,0.00989814869457769
" 8818",56,1.09744894976115,0.424012558333236,0.000642860808891139,0.0102087744555746
" 7022",64,1.08146588021711,0.314592934507761,0.000259928023946783,0.00959115539891001
" 8191",44,1.25716399860802,0.550666621526339,0.000643730715263116,0.0114108754314045
"11630",56,1.54485347189837,0.844537327430844,0.000699404723069656,0.0125127968130013
" 8171",39,1.16473342950995,0.520288984769226,0.00134609311999749,0.0114862455289059
"10616",38,0.690910761658547,0.252744233621258,0.00126606173377559,0.0112850150164647
" 6927",43,0.932035182665059,0.312163410005043,0.000124918555015924,0.0109502626978928
" 8741",68,1.01163481249687,0.228297897733073,0.00199434734839489,0.0111197583532761
" 7259",61,1.09498065723828,0.404002377317775,0.00137027651713846,0.010924310680712
"11395",28,0.871259321402679,0.381277862634655,0.00157313868308354,0.0124207807862599
"10986",33,1.02678120408316,0.545719816336258,0.00193606362147242,0.0126306415065781
"17542",20,0.748599483750395,0.139682769165506,0.00545118128935783,0.0124711989789496
" 7618",65,1.01688141390025,0.186297934110541,3.25344983119467e-05,0.0089318371687509
" 7005",56,1.02149177729479,0.268834996373828,0.00111626385652112,0.0107226072406731
" 7631",38,1.14386157862184,0.484114633339736,0.00167596161625124,0.0119996782392044
" 9113",84,1.05999988956402,0.252002929847364,0.000551520639833535,0.00992227274991495
" 7917",43,1.05600204250277,0.351779294302172,2.26175656714068e-06,0.00898461596743102
" 7636",31,1.01671395861822,0.429681817696472,0.000560915628650888,0.0118694030124304
" 7797",30,1.09884919870251,0.467447263145558,0.00180783942224298,0.0110151617977295
" 7911",39,1.01776811664739,0.341152234398013,4.29733747756729e-05,0.00893501242662684
" 7716",33,0.903862163907738,0.389611360664868,0.000155539259309521,0.0115006356225138
" 7607",73,1.13783902571868,0.41681129146066,0.00100943935404232,0.0109358943859716
" 5608",50,1.15031829037,0.509828393854914,0.00162515908412778,0.0118412644762577
" 8298",35,0.716344241436793,0.184519927821936,0.000713497206295686,0.0100654118649695
" 7787",29,1.03675589461706,0.459878654625953,6.8896584660593e-05,0.0104220478116367
" 7180",57,1.22375802055175,0.499629993544303,0.00169614344408111,0.0110604026618943
" 9478",36,0.958519138737949,0.188585427113652,0.000353529949571528,0.00994849437646757
" 7960",35,0.996772597503326,0.328206780446876,0.00141377183573732,0.0109936262856042
" 6812",94,1.03058433900314,0.189097741528788,3.00987604704106e-05,0.00801639835703047
" 7554",53,1.11014307774182,0.445578727710297,0.000989431507486849,0.0109661139068348
" 7390",75,1.03383954508348,0.243107093175921,0,0.00858363569852684
" 6869",38,1.0293122778046,0.416163513537591,0.00191501188727057,0.0118798417099506
" 6814",84,1.00483555331071,0.177884283249355,0.000209995398195292,0.00856769686118047
" 2456",79,1.02889582181242,0.185851692206841,9.11661877832089e-05,0.00821066123894331
" 8284",51,1.15246501750465,0.567580380848905,0.000559871741004516,0.0105406665497354
" 4780",59,1.07671268213742,0.587376761735818,8.38589742586005e-05,0.00874226028322904
" 7377",77,1.03574380019702,0.243426754754591,1.13087828357034e-05,0.00852700009858998
" 8463",65,1.08167947189465,0.302387348307942,0.00100056630904816,0.009558410636274
" 8325",61,1.03663907184052,0.227905749264069,6.36771464287299e-05,0.0099581386776321
"  281",29,1.07707382840052,0.563075886080186,1.07868390125171e-05,0.0101272837431888
" 7028",57,1.03132948446046,0.265217126858977,0.000125788461387901,0.00873739898121769
" 7367",78,1.02888335983218,0.242136062612157,4.17555058549048e-06,0.00821480948384841
" 8735",49,1.01920091652076,0.401234244397014,0.000738376528534234,0.0112726571843201
" 3758",41,0.960698742002444,0.327968355452426,0.0037440770249898,0.0123960222233803
"  276",24,1.04580069004653,0.547502182216773,0,0.0101799226268622
" 7355",77,1.02910801125081,0.239254444427926,3.65360676230417e-06,0.00821730221174041
" 6504",93,1.04076358598263,0.254885668318091,2.54012660617338e-05,0.00924032653121764
" 7311",45,0.869959113253177,0.425368517938016,0.000485929699386455,0.0112329859658782
"  289",25,1.0498050167487,0.548440466680772,4.40172624220455e-05,0.0101641398183947
" 7039",42,1.08558000383477,0.28482794537657,0,0.00898607817648231
" 8396",57,1.05112425862501,0.452376459663554,0.00161559011403603,0.0115462575921547
" 7835",54,1.20292060543918,0.516263244136222,8.97743375880454e-05,0.0115400798727925
" 9306",63,1.02749666795385,0.182330703530549,0.00128050217955041,0.0101497037818235
" 8732",67,1.11864233090777,0.431537415790313,0.000547345089248044,0.010485057197789
" 8513",49,0.861309129160835,0.294695406217623,0.00141968719906676,0.0106417841025171
" 7049",52,1.07304738780764,0.283630269412632,1.04388764637262e-06,0.00867449011048689
" 6874",29,1.02365583495989,0.392466402115257,0.000349876342809223,0.0111558520774413
" 7836",55,1.18300600046852,0.500583160644575,0.00193989120950912,0.0118412804030351
" 5660",66,1.28881456332175,0.402148342587634,0.000962986353778743,0.0113147537212591
" 7051",42,1.06391474035372,0.281794118772293,1.80940525371254e-05,0.00909985693900054
" 7791",85,1.05010774301017,0.276780488823684,2.55752473361292e-05,0.00933210483695934
" 5810",85,1.1541356235482,0.319866419034347,0.00125162128800077,0.0106561570406244
" 7304",6,0.0612554262653588,0.0178085382473884,0,0.00823411769204581
" 7597",48,1.23020152581578,0.565820871222116,0.000276456245014349,0.0109160548991933
" 9291",34,1.04982877411215,0.228230811823486,0.000118307266588897,0.0102278307788384
" 5648",54,1.06954692048972,0.343770920940231,0.00144717624042124,0.0110319266140135
" 7040",47,1.10518324589755,0.30056545423934,5.96755771176348e-05,0.00923754751588753
" 5827",43,1.00139083319758,0.274238887155048,0.00312818331362995,0.0119887676362393
" 8961",21,1.09742539099292,0.431031907559068,0.000662868655446614,0.0110563495165903
" 7598",45,1.18063861567402,0.550269080698464,0.000129094105601414,0.0108187602226755
" 9009",56,1.06807665073073,0.387841692028778,0.00211178470861181,0.0115075120307655
" 5829",31,0.793679271193731,0.197274439313392,0.00542421419182653,0.012505461706783
" 7548",50,1.32614271176522,0.558960277549916,0.0134818089529024,0.0136416175975897
" 7032",42,1.03985919098758,0.279537533688193,0.000755252712150591,0.0101888423333827
" 6759",71,0.949032930638584,0.206766612586761,0.00135218246460134,0.0103407555152192
" 7371",87,1.02328516570565,0.196016700126911,0.000244965634348775,0.00863214869764293
"11291",74,1.02990131835888,0.146536669358527,1.21786892076806e-06,0.00784050744687678
" 8486",61,1.04340139421297,0.247466109417653,7.35940790692698e-05,0.00917049613525809
" 6811",51,0.848151102960067,0.373543468288227,0.000227393525634836,0.0106775138792573
" 8875",58,1.08054026144448,0.296501425527186,1.28746143052623e-05,0.00897239387293688
" 6938",34,0.797099586811603,0.255409736556562,0.000818407914756135,0.010815997712468
" 6879",28,1.06251301445933,0.405001769658783,0.00023104713239714,0.0106997469357583
" 8860",54,1.0703668159408,0.291400259904076,0.00047009740341647,0.00939092533152128
" 9285",30,1.0451598421549,0.218828736197342,1.2352670482076e-05,0.0100868791364557
" 7352",44,1.13763944843261,0.385180813871602,0.00976713476328543,0.0122947444987247
" 6663",43,0.917699617319436,0.248648719723895,0.00115227798032098,0.010653131889323
" 8867",51,1.01675303506673,0.277895221200136,0.000615719730085451,0.00963243442065727
" 9282",32,1.05541848856436,0.215591455036965,6.26332587823573e-06,0.00996461638392458
" 1205",52,1.16770234195207,0.74464035169271,0.00106441743675128,0.0107339948799638
" 7766",51,1.03097605771627,0.288664892196119,8.54248057281595e-05,0.00861819004657589
" 6891",35,1.10229234132564,0.393559316573046,0.00038850018572501,0.0109409100216879
" 7845",45,1.09690522870653,0.42418997253919,0.00076864927027904,0.0112967476924095
" 9289",31,1.05077744472154,0.213357408168979,3.65360676230417e-05,0.00993610067452239
" 9386",47,1.04002772844984,0.183517633469055,0.000532904643473223,0.0100755179356993
" 7757",55,1.02653571767406,0.293953813893091,0.00105763216704986,0.00925344921935727
" 8245",29,0.798051609214481,0.192378646917929,0.000204080034865847,0.0108751329146328
" 9387",37,1.00189598766117,0.18112911522869,0.00032865062733298,0.0100228373853735
" 6470",67,1.04792838843803,0.280780895661238,0.00149362924068483,0.0104746558055182
" 8633",16,0.600759858276722,0.184145758528528,0.000903832720484294,0.011156026628207
" 7141",35,0.839351163122877,0.283812265138865,0.00707199084162572,0.012960555638863
" 7262",89,1.05881899284608,0.21535882143416,4.52351313428136e-06,0.00884274848630746
" 9538",47,1.10648052630436,0.187186558976546,0.000970641529852142,0.0106114192156238
" 5798",43,0.667543759284064,0.198621114952339,0.000769345195376622,0.0107108666588885
" 8387",56,1.10196975734994,0.485343737020728,0.000643034790165534,0.0112012713119934
" 7263",92,1.05470467052505,0.215957474530083,7.93354611243192e-05,0.00928074765390028
" 9143",73,1.10332922997898,0.263566414539375,0.00283850449176155,0.0111796919309629
" 9539",46,1.00599315048959,0.171987257602903,0.0011627168567847,0.0106393268497298
" 6727",38,0.956342468498739,0.428457621239655,0.000848680656500941,0.0112413469358377
" 9834",40,1.07114935933736,0.231197196341639,6.01975209408211e-05,0.0101226039611877
" 8299",40,1.02802812884402,0.23753534060668,2.78370039032699e-06,0.0089821288914971
" 9015",44,1.23874804920851,0.504228978846695,0.00394154577142862,0.0123255757186366
" 9839",41,1.03285780229375,0.232048781217806,0.000773520745962112,0.010325844167164
" 9012",41,0.96382402216872,0.328631628518901,0.000400678874932691,0.0108743807063918
" 9603",37,1.18340449291647,0.370972984504155,0.0001296160494246,0.0113422506459957
" 9601",31,1.14948271976075,0.368953670191038,0.000518638178972797,0.0113452532379396
" 7640",18,1.00308104163556,0.305672645295954,5.2194382318631e-07,0.00957228584540758
" 8470",25,0.936501608164814,0.146549423136191,0.000926972229978887,0.0100751792398369
" 9607",28,0.94748203784443,0.309839232758224,0.00196303071900371,0.0117380750867064
" 7369",78,1.02844038527788,0.235045407038088,4.69749440867679e-05,0.00823524779319056
" 9036",46,1.08189539595463,0.274851998443807,0,0.00902749653585017
" 7723",53,1.04266969178383,0.182189327289585,5.18464197698402e-05,0.00930497541319642
" 7230",47,0.839556069976305,0.211948265158608,0.00226593211772617,0.0103085476771845
" 8527",70,1.0454359490229,0.253580369275141,1.07868390125171e-05,0.00932242264549437
" 7905",41,1.07047790596992,0.354162880620916,1.2352670482076e-05,0.00922164043558843
" 9035",43,1.06072273027111,0.276515066712528,0.000524379561027847,0.00937915180987343
" 8934",47,1.07782553340692,0.200473210633915,0.000563177385218029,0.0102898594661943
"15733",43,1.01174722670052,0.348195938289995,0.00393997993995906,0.0121749255149535
" 8813",72,0.997657334659288,0.181715528824117,0.00116010713766877,0.00970905750325017
" 8528",76,1.04751038514726,0.252897732682379,0,0.0092501031657448
" 7906",40,0.989351141357974,0.328884782449933,7.86395360267374e-05,0.00920270436129716
" 6900",76,1.0665225817644,0.301293424660111,7.02884348557565e-05,0.0095441894161052
" 9023",45,1.02649086141399,0.264807585153782,3.37523672327147e-05,0.00901127174253116
" 8904",46,1.02172265380271,0.193845198256004,0.000160584716266988,0.0102643889460486
" 7376",89,1.03642740946048,0.235575395812018,1.73981274395437e-07,0.0072228087968578
" 8485",60,1.04802116312026,0.254567486056324,2.33134907689885e-05,0.0092200166351196
" 8774",72,1.04612383404826,0.231723440319204,0.00116706638864459,0.0112241608617048
" 8639",65,1.11078311628802,0.270516377779422,0.00424670892671822,0.0117203736929862
" 7349",82,1.02856220368099,0.242275038856572,5.2194382318631e-07,0.00861538825235108
" 7329",74,1.01962971235617,0.232806762121116,0.00105049893479965,0.00900098943925348
" 8524",67,1.0596963947163,0.241183604358333,8.69906371977184e-06,0.00851271241928376
" 9284",23,1.04656849700448,0.252119396698127,0.00424009763829119,0.0112528527623072
" 8641",47,0.998773217603497,0.217806411184882,0.00311443879295271,0.0111650336177196
" 1240",37,1.09982726472721,0.655806275292717,3.44482923302965e-05,0.0100066060895889
" 6503",91,1.05474410469468,0.264293220753206,6.78526970142204e-05,0.00927480400313228
" 7345",73,1.02758621714444,0.236772125411811,8.5250824453764e-06,0.00775367628074891
" 2524",36,1.14055027203873,0.531641329863404,0.00184889900300031,0.011829336845679
" 7665",60,1.03354630169533,0.189143230401795,0.00107329048174545,0.010366295651643
"16592",19,1.06638952043216,0.259591259176052,0.000206863735256174,0.0103753555762076
" 6500",81,0.991235103682362,0.251607119397441,8.14232364170644e-05,0.00867032759000755
" 7070",44,0.952951528840952,0.289633126537397,0.00114079521621088,0.0113292787187627
" 7375",81,1.03174362759623,0.241081529740206,9.56897009174903e-06,0.00792429441251587
" 7072",54,1.08550959785347,0.504203419391197,0.00360854561223576,0.0123201986236932
" 8779",21,0.842498297440784,0.195558410685853,0.00242355915232844,0.0121159759278312
" 8915",45,1.04951308323329,0.469405897595002,0.00139585176447459,0.0111213789238188
" 5816",61,0.997801999998066,0.268292226804623,0.000946110170162385,0.0108880134720741
" 7003",38,1.06794189164663,0.50727810496646,0.00114462280424758,0.0119946118000529
" 9592",25,1.04214507837196,0.342895471789812,0.000837893817488424,0.0109882893603835
" 9146",51,1.24192609826177,0.472282938867722,0.00165003840636632,0.0116697327174756
" 9202",37,1.04657641005658,0.449619261147841,0.00440068235455818,0.0123477837285779
" 5843",45,0.990074836897164,0.281140620571583,0.00371293437687302,0.0124343436286132
" 9145",52,1.18505987208463,0.458538964379745,0.00034274311055901,0.0112747837044198
" 5840",31,0.759598950611346,0.1963758426564,0.00429368387080498,0.0125801725234575
" 8765",52,1.08681967073448,0.523431427695269,0.000153451484016775,0.0111547434662205
" 8840",50,1.12901746059428,0.335505256378516,0.000363098919663277,0.00964259929534435
"16896",30,0.664428697269355,0.137930730767585,0.00637832750061111,0.0122793613903845
" 7036",49,1.05151622892856,0.277584610629643,8.87304499416728e-06,0.00892197992428586
" 7785",26,1.12430402491468,0.459813157145198,0.000960550615937207,0.0109751040613719
" 8839",54,1.0991030257541,0.304679808638848,9.16881316063952e-05,0.00951525777322012
" 8547",54,1.03561044478893,0.177628996253276,0.000155713240583916,0.00897482124871857
" 8795",53,1.08695586823253,0.300810392040573,9.30799818015587e-05,0.00938679996849366
" 8797",43,1.00983937000532,0.249890569881692,0.000338393578699125,0.00983278128719918
" 9516",25,0.921766073283197,0.326323930114958,0.0107162026151125,0.0131515999183048
" 9473",29,1.05423857848581,0.198055081468773,4.12335620317185e-05,0.0100974145654482
" 7033",45,1.06446748246359,0.279891142868419,1.73981274395437e-06,0.00895470682314119
" 7201",54,1.06802994826357,0.327657000513714,1.60062772443802e-05,0.00997342196121419
" 9471",33,1.05032145132722,0.198638167168137,5.16724384954447e-05,0.0100098073023805
" 9515",25,0.618773865636367,0.174707520204926,0.00394067586505664,0.012419843509091
" 8874",58,1.05827855545231,0.281402382191204,4.21034684036957e-05,0.00859804682068511
" 9029",53,1.07893996014444,0.302610291031425,0.000615719730085451,0.00954734929517639
" 7200",57,1.08846949590132,0.33570174140952,2.40094158665703e-05,0.0095972981468267
" 9513",34,1.03058831499533,0.200075650913704,3.41003297815056e-05,0.0101009719078238
" 9740",28,1.02026329754071,0.207872949294986,0.000841025480427542,0.0105852157722945
" 8866",54,1.05372003242069,0.288612257865649,2.1921640573825e-05,0.00882024568930855
" 8483",51,1.34987696262708,0.446902681852983,0.00873264210573016,0.0123716302193482
" 7202",52,1.08568886052964,0.32584278483607,1.14827641100988e-05,0.00903051279578776
" 9111",44,1.17152622530597,0.583138588099901,0.000241486008860866,0.0106806928684626
" 9340",17,1.01531443099714,0.343941589534637,0.00127667459151372,0.0113531907477412
" 9653",36,1.01979971559132,0.203543648119517,0.00168396475487343,0.0109502684114863
" 6676",46,0.952240488835307,0.266503310802923,0.00105450050411074,0.0105080113248402
" 7232",54,1.04151512425257,0.318063168298951,4.50611500684181e-05,0.00905710256055561
" 9110",51,1.19489493804641,0.599881140040603,0.000116915416393734,0.0103044355539993
"10002",52,0.96363838889862,0.198818805914794,0.00844000560219704,0.011984163250557
"15419",20,0.881433015188611,0.28820656249316,0.00457796927316713,0.012486854049168
" 7368",72,1.01656969489274,0.248455300551113,0.000295768166472243,0.00998013887171841
" 8865",49,0.964724874128073,0.266258166984673,0.000284111421087748,0.00927547766176378
" 9448",15,1.07270925565311,0.352047678523198,0.00125597081986066,0.0113512483834661
" 6932",21,0.372930400260045,0.163795035624838,5.35862325137945e-05,0.0114023748157259
" 7562",52,1.23899117485951,0.614621454081166,0.000321343413808372,0.0108929362275047
" 7838",52,1.15968867194806,0.507781757922697,0.00137166836733362,0.0117436626355778
" 7158",64,1.06111290684734,0.220092651626591,0.00150876561155723,0.010631158829028
" 8688",51,0.915630153028381,0.310744622709218,0.00176469206619292,0.0116378643444109
" 8627",35,0.703022132793887,0.281832847300636,0.000545257313955299,0.0112201374970531
" 6922",14,0.587129455672684,0.203937342877692,0.00221634745452347,0.0121315249746267
" 7560",54,1.20273309750248,0.601279881194018,0.000276456245014349,0.0111088342924946
" 7841",41,0.89301338427551,0.360092199483699,0.000728633577168089,0.0115181315830482
" 9063",60,1.07627439633196,0.349410279956422,0.001341917569412,0.0108753432278957
" 9698",23,0.964949590314009,0.327206192381587,0.00284494179891418,0.0116925782744628
" 6815",70,0.997265990389967,0.174026622533556,0.000519334104070379,0.00894567992548014
" 7306",38,0.892159374721497,0.3768977637898,0.000242007952684053,0.0105413186169348
" 7599",45,1.19217082637922,0.555005052494832,0.00151259319959393,0.0113234951592479
" 8614",54,1.05262650208495,0.389345627403285,0.00054978082708958,0.010339621737563
" 9151",52,1.05166008877637,0.317959019371498,0.000971511436224119,0.0104612933159002
"10194",42,1.05683567032686,0.325021772977423,0.00187499619415962,0.0116072569446364
" 7031",49,1.01766048888534,0.26499823435972,0.000176764974785764,0.00924891950855159
"16548",10,1.00360712480694,0.210823619930004,0.00037440770249898,0.0105847576469294
" 9088",37,0.991885834441391,0.183902541833064,0.00122274039645113,0.0106653675987711
" 8509",65,1.03894014002947,0.237337357011921,3.35783859583193e-05,0.00863599774313475
" 2829",53,1.127320535374,0.473178178163655,0.0013535743147965,0.0109625547001404
" 9090",43,0.925783551870228,0.175472473686371,0.000451481407056159,0.0104622901904614
" 9043",45,1.07393670456986,0.263086949000041,1.04388764637262e-06,0.00908930499273105
" 8537",67,1.04943445879037,0.240916534536299,4.00156931109505e-06,0.00856496016655081
" 7898",38,1.05975733690328,0.354594672177549,0.000692097509545048,0.00996086908315082
" 9040",53,1.10380872219667,0.273960846173081,0.00182575949350571,0.0101361302126742
" 9081",55,1.05585110637642,0.208531057139333,0.00179879239597442,0.0105675035472707
" 8997",66,1.05419951361494,0.213176407959244,0.00235187886727751,0.0105419183270708
" 9441",29,1.10481128433022,0.366539940698027,0.00125214323182396,0.0112485568032429
" 7902",40,1.01651439194289,0.331753648341569,2.60971911593155e-06,0.00909133029145818
" 8525",64,1.04454467954607,0.21462022105775,0.00014144677608349,0.00894932280935692
" 6898",76,1.06452777759255,0.30627974719191,0.000162150547736547,0.00915664664743083
" 7354",68,1.02251411181567,0.242821148166023,0.00052194382318631,0.00881087848801353
" 9032",46,0.945021228712939,0.230055357337469,0.000111521996887475,0.00899586168472579
" 7210",46,1.28436345790854,0.509288021967114,0.0109676055566139,0.0129080659032115
" 8514",59,1.07696793064529,0.318875388021474,0.00196146488753415,0.0117488024081308
" 8539",64,1.04132428935374,0.199405383721947,0.00137358216135197,0.00968334406413296
" 6876",59,0.911165391816406,0.246200039668874,0.00066530439328815,0.0108955073088677
" 9034",42,1.08376731824117,0.270936235817955,0.000516376422405656,0.00950087300450752
"12532",51,1.20821210576936,0.555397624795582,0.000530642886906082,0.0105551040657584
" 8541",63,1.04490322541826,0.237445385800419,6.95925097581747e-07,0.00853097073888834
" 7900",41,0.973097903123514,0.322331042755857,3.584014252546e-05,0.00951575267855943
" 7261",28,0.950897084922741,0.393459366805601,0.00198721411614468,0.01218617056035
" 7965",72,1.28651739876022,0.631047315484906,0.00186090371093359,0.0122861658333321
" 7941",68,0.985018643625297,0.219844627902484,0.000522117804460706,0.00952783082616306
"12572",50,1.03909022818478,0.451878603042502,0.000426950047366402,0.0103414512082989
" 6875",40,0.896494816021079,0.34104026919064,0.000934801387326682,0.0111580407716512
" 9044",43,1.02925016056118,0.260079093148041,0.000550998696010348,0.00953435842598313
" 8496",78,1.05374096563149,0.252590593862501,4.43652249708364e-05,0.00898706053189606
" 7394",62,1.06141547175195,0.269474775308882,0.00413275119198921,0.0108559155267766
" 6947",40,1.02483095812819,0.35561302588834,0.0025505654826371,0.0117961182807923
" 5828",56,1.41529701974035,0.58650995723877,0.0101993042488837,0.0129570266067014
" 9288",34,1.00164103357301,0.201440028890114,0.000168935817437969,0.00986101767469307
" 1061",27,1.0368111690044,0.5113348205523,0,0.0110033887650762
" 7818",52,0.984045675116566,0.319143599699125,0.00338358782444246,0.0117381170741966
" 7050",44,1.0895544259637,0.283649633829027,1.72241461651482e-05,0.00908449976950591
" 7365",74,1.0401137778132,0.25661750314664,0.00019520698987168,0.0100713219736582
" 8744",65,0.997694032155414,0.17173950075375,0.000922274735570211,0.0096848398617191
" 7023",39,1.03586818262192,0.272622761110297,0.00257788054271719,0.0107124769009569
" 7934",28,1.15533383267544,0.272849075338581,0.00535984112030022,0.0123454926678805
" 7231",52,1.11856142230522,0.327125063727322,0.000280109851776653,0.00961518349078325
" 7940",21,1.04168711039972,0.255319024073925,0.00234613748522247,0.0124776171658869
" 7053",31,0.952629027341035,0.242747628857909,0.000808838944664386,0.00989216249726859
" 7203",61,1.07343483121077,0.328178251379502,2.95768166472243e-06,0.00870581206493019
" 8620",35,1.20186367001065,0.574181851564973,0.00129163698111172,0.0116513985637264
" 8351",36,1.1570948387305,0.425541976544546,0.00171528138426461,0.01216835769472
" 8762",33,1.17457066290338,0.570205371048577,0.000405202388066972,0.0115217274019211
"11889",66,1.08158880491595,0.243091466629151,0.000108042371399566,0.00951656647230235
"12286",36,0.823550821701545,0.359531486008136,0.00564430050393676,0.0127438365266731
" 8214",36,1.17050930504158,0.450199348695331,0.00278665807199171,0.0118522840906476
" 7199",51,1.08097261313736,0.331433111296998,0.000281849664520608,0.0101038727619461
" 8619",49,1.20983585923766,0.591500739770701,0.00023487472043384,0.0114483599148877
" 8350",27,1.09622545341992,0.426674440929661,0.00380827611524172,0.0122485976023222
" 8763",43,1.18467605545057,0.564304755446722,0.00104162588980548,0.0116011607945002
"11047",43,1.08122100084701,0.355888870433454,8.69906371977184e-05,0.00995929718832495
"12284",67,1.08775199076153,0.244868612003273,0.000405724331890159,0.00962477971969008
" 7213",65,1.03862686507646,0.319855565926436,6.19373336847755e-05,0.00892584948824498
" 7505",35,1.10296048877839,0.351473911590854,0.000111869959436266,0.00972191124565683
" 8544",37,1.05844200464703,0.444656854261772,0.000379975103279634,0.0117136632036182
" 8748",36,1.02266971090592,0.444241591374294,0.00107259455664787,0.0113682698315879
" 7745",60,1.09565135519911,0.470265823666142,0.00371571807726334,0.0119548716992104
" 7500",51,1.02550079640861,0.294448235669576,0.00103727635794559,0.00985510481246217
"11908",61,1.05308008243221,0.247624035796748,0.000366926507699976,0.009738081389684
" 9970",34,1.19296265188609,0.32449117689437,0.00172537229817955,0.0115316246829139
"16532",13,0.844607334564648,0.180091841958631,0.000216606686622319,0.0106064042543509
" 7198",57,1.08954080202107,0.332313254814299,0.000377365384163702,0.00982542172465728
" 7509",33,1.09668029480882,0.348621971731309,1.73981274395437e-07,0.00970650217216712
" 9983",27,1.04586564210439,0.289446552308278,0.00205680662590285,0.0113959167517876
" 7506",34,1.09668136718771,0.348541046720843,5.39341950625854e-06,0.00962112172234949
"10743",30,0.930748754564498,0.230303099416441,0.0042856807321828,0.0113315181175895
" 7374",70,1.03133013084997,0.243559300600464,5.2194382318631e-07,0.00904322563741412
" 7220",52,1.0526135716452,0.324184336511499,0.000292462522258729,0.00927474824941807
" 7502",35,1.06515808933292,0.348932526535,0.000262015799239528,0.00959273686289765
" 6873",31,1.08310055541534,0.421053246410278,0.00197590533330898,0.0112504757028253
" 5523",27,1.00523820307001,0.328683755687335,0.00965578674767235,0.0131319436408321
" 7166",45,1.0019532687819,0.365668178809732,0.000525423448674219,0.0104664511022203
" 5833",42,0.780379691730212,0.226411668541468,0.00175738485266831,0.011317756495403
" 7758",45,1.01678656248401,0.298136219264926,0.00215249632682034,0.00940693257691301
" 8374",66,1.1858820002734,0.353358761365915,0.00285190104989,0.0116355620496276
" 8571",62,1.01608966429358,0.175625548952269,0.000849550562872918,0.00878957684437003
" 7684",38,1.15227045514857,0.428585478718964,0.000695229172484166,0.0101081301669986
" 7654",32,1.05539200117042,0.387598425374098,0.00115732343727845,0.0103056242271645
"10994",35,1.36774961728816,0.591790335206402,0.00478326717695374,0.0127675848401604
"10844",79,1.21481690258127,0.366070203260949,0.00139202417643789,0.0100041025780573
"13217",44,1.10267563821085,0.457977021169115,0.000328998589881771,0.0107292518363287
"13466",45,0.989734411790792,0.302827271070763,0.00146857593717188,0.011459002494856
" 6863",27,0.662391566816223,0.191778675509642,0.00355130577295966,0.0119163072041396
" 9106",55,1.07668716172548,0.251091432466095,0.00355843900520987,0.0110002557440526
" 9054",59,1.08807626931006,0.219765747802433,0.00512479241859199,0.0111017780272432
"10971",23,0.674808374035777,0.362823182014489,0.00255943852763127,0.0125028516619929
"10636",65,1.17942520552495,0.363443054015451,0.00228837570212318,0.0105417065026139
"13188",31,1.05332734165997,0.446518728735091,0.00198773605996787,0.0113776996500271
"13513",39,0.757207472681801,0.36405330800269,0.00108738296497148,0.0115312158287673
" 7172",29,1.02827663120034,0.343468088099964,0.00159593023002934,0.0114945153523131
" 7756",48,0.909878069324842,0.221986781618123,0.00309791057188515,0.011637506500994
"11432",58,1.07163864638922,0.290552299896069,0.00196442256919888,0.0110722127019102
"13169",42,1.11227348453604,0.460670931536479,0.000534296493668387,0.0106582480473087
"11433",59,0.997781057075229,0.268334995004347,0.000593798089511626,0.0110561479113199
"13212",40,1.08201662548418,0.445576337760234,0.000605802797444911,0.0106470328017541
"14112",26,0.453046360784366,0.150288337752607,5.6543914178517e-05,0.0103262229509524
" 7179",24,1.03674473345241,0.329150151961099,0.00119803505548698,0.0113908554400579
"13596",42,0.791578070525024,0.291945262879772,0.00221582551070028,0.012015690166404
" 7176",33,0.992677602931411,0.322074104147225,0.000193467177127726,0.0111306051926737
" 9022",45,1.07346807597776,0.265669894631362,0.000266017368550623,0.00964402985492531
" 9602",35,0.962597586307994,0.29029857957309,0.000466095834105375,0.0110779923426579
" 8487",47,1.06728339978129,0.31015816974683,0.00204984737492704,0.01096875493767
" 7713",41,1.13330680274929,0.417760272924488,0.00028289355216698,0.00979239545065982
" 8749",35,1.08121962408212,0.426202279623293,0.00132190972285653,0.011355050884239
" 8599",20,1.00396409123086,0.418964339425115,0.00122604604066464,0.0119052376049989
" 7181",55,1.17403155081,0.469783278593187,0.000396677305621596,0.0109612775242765
" 9608",25,0.853479548358643,0.25921908337227,0.00080640320682285,0.0113308983583874
" 8924",58,1.05028984527231,0.184047979652263,0.000575182093151314,0.00950447854453116
" 7388",75,1.04789055880703,0.257148349471356,1.04388764637262e-06,0.00987763207826771
" 5836",84,1.03884049746266,0.296323996485568,1.94859027322889e-05,0.00950375357307155
" 7350",62,1.031123255959,0.246092756794081,0.001700492975941,0.0106734940198624
" 5839",49,0.758228490383083,0.220273607907779,0.000487321549581619,0.0109556980095265
" 9030",47,1.03625025522143,0.263455475409272,0.00100978731659112,0.0095913438671104
" 1198",53,1.15062746029829,0.733781859554138,1.58322959699848e-05,0.0101883366518813
" 8491",59,1.06677061503945,0.293475557776879,7.15063037765245e-05,0.0104752972903916
" 8650",51,1.04614328886209,0.379167835674608,0.00162672491559733,0.01129252881207
" 7333",73,1.0304211438871,0.238824130419624,0.000320299526161999,0.00903736542326952
" 5873",42,0.656601753687131,0.17799685311603,0.0014678800120743,0.0109758166541864
" 7842",43,1.0687233453727,0.456011131597346,0.00193884732186275,0.0116703900892963
"11615",52,1.10431422535174,0.414485464399701,0.000173981274395437,0.00976925163458942
"14312",31,1.18658085628292,0.659630030307441,0.00395076677897158,0.0130627159274522
" 7601",48,1.10785597046186,0.501843410786756,0.00046209426479428,0.010923444184573
"11923",44,1.06160823933857,0.346814527941872,0.00317759399555826,0.0111561029873992
"11600",44,1.11376505686177,0.408353570623435,0.00148910572755054,0.0104222110992966
"12230",42,0.895279157028351,0.378669788269252,0.0017692155793272,0.0119894097811568
"13622",57,1.22778960203478,0.469527907060796,0.0039918263597289,0.0119847149312491
"10264",40,1.08184015977068,0.297192376196701,0.00675952047281151,0.0114366858848037
"10423",44,1.09868012784321,0.234405321166734,0.00584403100694272,0.0113748684763134
"11905",47,1.03725046829818,0.4879686076457,0.00286999510242713,0.0124700538362422
"11602",50,1.09230032982786,0.416219736363316,3.4274311055901e-05,0.00970654239252846
"12796",50,1.04942233196014,0.315739420691008,0.000140402888437118,0.00985195494050211
" 7241",65,1.0822057515101,0.372430969235703,0.00159871393041967,0.0107430702448217
"12585",59,1.04057027121076,0.30551632547226,2.03558091042661e-05,0.00964809828708678
" 8673",40,1.04733871159133,0.238546093689217,1.39185019516349e-05,0.00901834937079501
" 7543",20,0.347651879001099,0.118818938940501,0.000488887381051178,0.0110000134714299
" 7936",45,1.47955596500529,0.836947037127805,0.00118342062843776,0.0126399342248819
"14846",27,0.723457698332184,0.247491200785414,0.00156600545083333,0.0115540319335516
" 8672",41,1.03256082570382,0.232678871276141,3.47962548790874e-07,0.0084133470949714
" 9492",43,1.18568066307672,0.589296691526778,0.0015211182820393,0.0121537494816908
" 8504",54,1.0464624294688,0.27262043755246,4.99326257514904e-05,0.00980744290662245
" 9557",47,1.10693662901605,0.49121330583693,0.0102193120954392,0.0128639340938179
" 9491",47,1.17225858758808,0.59035657356411,0.00372650491627586,0.0125491705130225
" 7211",51,1.12237126743008,0.352902761182987,0.000568744785998683,0.00992543769323492
" 8859",56,1.00666914044969,0.269519617323315,5.48041014345626e-05,0.00882698935021562
" 7486",39,1.01804257042289,0.31879647445335,0.000825715128280743,0.00993616030362403
" 8402",57,1.04072477599516,0.226924210364201,0.000580749493931968,0.0102421164961606
" 9476",31,0.956386224218144,0.18717301988438,0.00106493938057447,0.0106217940458704
" 8384",26,0.948034125169318,0.397224624768225,0.00574381779289095,0.0118019506967507
" 7218",56,1.05489543348028,0.33222606903611,6.95925097581747e-07,0.00902505314394303
" 1236",39,1.13564782452257,0.655393769686592,0.00139324204535866,0.0103270740195322
"11069",51,1.25814478640307,0.638531195473953,0.00178783157568751,0.0116915893640428
"11080",60,1.15790200586789,0.350829789460601,0.00274786024780153,0.0108031562533597
"12410",52,1.09747102847855,0.326919196532243,0.000281675683246212,0.0101300297799601
"13200",64,1.11684133338393,0.350364567484993,0.000186159963603117,0.0102545306573652
"11049",30,0.920506330427933,0.504611307590171,0.000118307266588897,0.0112436409104553
" 7054",50,1.09781140007034,0.29206196512071,0.00286268788890252,0.0109034122750788
" 9158",49,1.04926982271937,0.184781992405225,0.00576800119003192,0.0110249178472779
"11089",65,1.15413096517452,0.337128291478311,0.00397355832591738,0.0106969359730187
"12393",52,1.06723788517089,0.31496511564026,0.000603715022152166,0.0105957055613512
"13201",67,1.06527787611447,0.313383524632426,0.000512722815643352,0.0104133879475083
" 9472",15,0.829758217444899,0.288001873292744,0.000233482870238676,0.0113350615382903
"10635",40,1.28428192388996,0.697947024041774,0.000461050377147908,0.0116301599935595
" 6021",34,0.702307391761875,0.222925982585021,0.00157540043965068,0.0119868571306125
" 7524",24,1.04088979460963,0.317609725221909,0.00475508221050168,0.0118778375243364
"10359",49,1.07756993694725,0.3991843032562,0.000900005132447595,0.0112611521927931
"12549",61,1.22137198858006,0.544539265061192,8.00313862219009e-05,0.010382456188938
" 9958",47,1.0879919106545,0.4013560071565,0.000462790189891862,0.0103671221342029
"10630",31,1.22400059606671,0.670183317651787,0.000734200977948743,0.0117764494128385
"11394",35,0.990410796976142,0.240803646652754,0.0061537176753666,0.0116471991137506
"12530",55,1.21085808288943,0.544439690190784,0.00024705340964152,0.0104384650412272
"12552",46,1.14912593429353,0.511390388152801,0.000487669512130409,0.0106548387963327
" 7698",48,1.10596941367244,0.38356235294169,6.64608468190569e-05,0.00982957308479637
" 7225",45,1.07838595318744,0.326874149560781,0.00022913333837879,0.00939651260090309
" 7696",46,1.09058465220388,0.381134835999274,1.28746143052623e-05,0.00985629637040434
" 7666",47,1.08289567408333,0.378537564160144,0.000416163208353885,0.010125671530434
" 9025",34,1.00532697065155,0.251868330775915,1.04388764637262e-06,0.00906913267798831
" 7265",75,1.05304508484528,0.216851374868132,0.000409377938652463,0.00967009168292387
" 8543",60,1.05724275398313,0.282699405874364,0.000139185019516349,0.0100885008924526
" 7899",35,0.989696320435573,0.333613304225418,0.00283189320333453,0.0107525344443521
" 7760",41,1.0313399316573,0.34246477992056,0.00134400534470475,0.0112002408113064
" 7759",39,1.0750156578588,0.330267434471272,0.00282667376510266,0.011460785025051
" 8561",50,1.03724682508755,0.32843531971508,0.00108964472153862,0.0115694934602671
"11295",46,0.837459854372533,0.366481399110796,0.00171980489739889,0.0114251278874367
"10881",63,1.07471005205101,0.442738148300208,0.00183550244487186,0.0118905085809566
" 7697",29,1.08402650009265,0.383572612786298,0.000114653659826593,0.00976656860153578
" 7681",32,1.01681416978879,0.361107615671003,1.68761836163574e-05,0.00971148295829379
" 8403",61,1.15589380675749,0.439416306975079,0.00229115940251351,0.0117921842118738
" 7939",71,1.20858965737751,0.502538097903123,0.000614849823713474,0.010829274546194
" 7937",62,1.1520137414058,0.488231033981718,0.000984212069254986,0.0110115084649905
" 2313",44,1.21019770233289,0.524503211255776,0.00182332375566418,0.0118645483111048
" 9920",49,1.21987655915335,0.539609108947081,0.00165299608803105,0.0116156447775908
"10679",49,1.2090154874221,0.465775333574963,0.00261476457288902,0.0120340474415198
"11799",40,1.03283093221462,0.457483398318475,0.00307042153053067,0.0127186060671879
"12429",37,0.962926708516564,0.316237430714644,0.00165160423783588,0.0116821730662585
"11046",47,1.10855428436994,0.366683531662011,8.69906371977184e-07,0.00988265009494524
"12235",37,1.08718053660359,0.353194794427698,0.00159697411767571,0.0118393783539647
"12935",27,0.970248898216717,0.309598974452342,0.00506737859804149,0.0112606036367373
"13320",64,1.07094502370816,0.325312241255645,1.04388764637262e-06,0.00931087992965471
"12211",30,0.957797899010255,0.309431750537111,0.00103344876990889,0.0117906174210979
"11045",45,1.06755875490154,0.34783528925527,0.000243225821604821,0.00999712190604534
"13639",68,1.07981877277764,0.328123333470277,3.23605170375513e-05,0.00931938657937174
"10857",59,1.15888885500789,0.386900223101024,0.00652812537786558,0.0124100657755015
"10855",58,1.09246982184776,0.353002702428554,0.00038241084112117,0.00994599031075749
" 9690",36,0.957383556541244,0.370469590362028,0.00303405944418202,0.0123070745277353
"10277",57,1.00993713325181,0.441921966307094,0.00162515908412778,0.0122680857622885
" 9598",32,0.770277430340598,0.279352860000954,0.000240616102488889,0.0108478568511281
" 9384",66,1.09576034802872,0.306186726927151,8.94263750392545e-05,0.00985422769906444
"13637",59,1.0568527451117,0.316886664406935,0.000536210287686736,0.0095152092114467
" 7140",27,0.92932834581828,0.356063518795593,0.00547310292993165,0.0129554302392446
"10851",58,1.02101030336928,0.332037090624952,4.43652249708364e-05,0.00970634887074465
" 9385",73,1.01774231680593,0.266810036467021,0.00045600492019044,0.0103810594390812
" 9723",41,1.12815302142966,0.489033779202548,0.000692445472093838,0.0117691738014228
" 9558",56,1.19180914979558,0.431571912250914,0.000348136530065269,0.011118276360715
" 8317",46,1.01738555833484,0.196259519270396,0.00435335944792262,0.0108105661290158
" 7497",43,1.12443168857648,0.401465700198031,0.00209247278715392,0.0115329076174156
" 9562",49,1.1064496528102,0.400602337138963,0.000160932678815779,0.0109524212363678
" 7491",40,1.07742730234353,0.387872438575792,0.000808838944664386,0.0111424367187929
"10545",50,0.949292932210793,0.252009424082084,0.000953765346235785,0.0104990482720521
"10591",30,1.13509015843623,0.606096238556508,0.00140455082819436,0.0115138173537193
" 9907",41,1.25546223877027,0.680918537803325,0.000181984413017627,0.011533397903138
" 7205",54,1.08746585989932,0.33305636445994,6.41990902519162e-05,0.00904882107609889
" 8328",61,0.934830724186766,0.223166611085154,0.000913575671850439,0.0106677620900888
" 9736",33,1.05306463236856,0.355055862217331,0.0021467549447653,0.0105661203966844
" 9902",31,1.154429601283,0.617913192417546,0.000900005132447595,0.0118342330011252
" 7214",64,1.03214413168709,0.324294825203341,5.2194382318631e-06,0.00857611377184556
"10278",28,1.23494522123028,0.665991415901919,0.000579879587559991,0.0117796997676766
" 7513",47,1.1319946022751,0.350645166829024,0.000302901398722456,0.00981773242924255
"10273",30,1.14314158890262,0.591454597352389,0.00311670054951985,0.0119335272121954
" 7511",48,1.1038157368093,0.344654710165802,0.000246009521995148,0.00978372486490825
" 7527",51,0.976662479152527,0.385295394147594,0.0013725382737056,0.0115310013230506
" 7353",74,1.03495507485341,0.24915882389362,7.82915734779466e-06,0.0085571813166904
" 7221",49,1.03015132083296,0.301925242246511,0.000693315378465816,0.00980540647454567
" 8128",39,1.1871428093373,0.599958557192276,0.00061954731812215,0.010314790648045
"10703",39,0.941686811461549,0.266720393750744,0.00251368145246527,0.0103969917003315
"11558",30,1.03140836779944,0.295780278038073,0.00188943663993444,0.0105812202447603
"12134",60,1.07869258876773,0.307686635846278,0.00254395419421008,0.00914487162481728
"12133",56,1.06059958035782,0.298128725230178,0.000331956271546493,0.009160758895656
" 7278",49,0.843151037651082,0.313415090873113,0.000438432811476501,0.0106499541054422
"12138",58,1.03684276525993,0.298059610073486,0.00583933351253405,0.0098505508858043
" 9621",39,1.06097584362076,0.458290329328737,0.0021504085515276,0.0124917668944572
" 1091",26,1.04534588621209,0.500213315517813,0.00185220464721382,0.0114206599540909
" 9651",74,1.38502127959675,0.533157148126603,0.00371606603981213,0.0128247970209757
" 9514",72,1.02522801484306,0.189255008591727,0.000521247898088729,0.0090073860297249
"14825",65,1.21814060990699,0.45644620227523,0.00168779234291013,0.0116100349593792
" 9313",34,1.04091756787498,0.263665162569086,0.000623722868707641,0.0102824857544424
"14822",51,1.05650878740296,0.449374773681707,0.000814058382896249,0.0113842563789856
" 8690",26,0.576827822473267,0.234060435039121,0.000870602297074766,0.0117637047097906
" 8665",19,0.512969477240342,0.180025167782492,0.00125492693221429,0.0121356920703692
" 8231",30,0.745456004858982,0.303760723573694,0.00195537554293031,0.0115272074781574
" 8083",44,1.09046044180425,0.569653523953277,0.000198686615359589,0.010013486835254
" 7999",44,1.0929213237154,0.556792393172794,5.39341950625854e-06,0.00994004720982014
" 7130",58,1.17559307552038,0.483144302022689,0.000227045563086045,0.010274158381966
" 9775",62,1.17480138103092,0.300026911691138,0.000135009468930859,0.0104102932274927
" 9888",34,0.830329388023627,0.317385517563617,0.00100161019669453,0.0122421304448136
" 7131",56,1.03610429216329,0.423505310580073,0.000501588014082044,0.0105144302939817
" 9892",35,1.02367905772795,0.315426295810964,0.0117557407296253,0.0128618715285179
" 9773",67,1.12828402698427,0.287150759470236,6.14153898615892e-05,0.0100155239912026
" 8913",35,0.940957541865524,0.39239942925283,0.000625462681451595,0.0110973172326872
" 2687",33,1.06621285880446,0.477795218103797,0.000241659990135262,0.0100344455065055
" 9283",35,0.940346211826726,0.254393721212491,0.0030043086462604,0.0113976743326644
" 9530",56,1.06879194050124,0.35557044421091,0.00148388628931868,0.0113773427640522
" 9267",44,1.36647503458975,0.596407581723876,0.0102831632231423,0.0132181963022172
"13831",57,1.05266896267358,0.395517451547666,0.00224922991538421,0.0113268621705911
" 9786",46,1.04468597282196,0.273989506391562,0.00144143485836619,0.0111494209767808
"10496",17,0.928951390097005,0.284963265557705,0.000559001834632538,0.0111419066811163
"11453",14,0.883785855507042,0.269391802904017,0.00438189237692347,0.0120946490205174
"12351",24,0.973688415415723,0.307198591285335,0.000394937492877642,0.0108669226697712
"11935",23,1.11964087980422,0.333028564336057,0.00173180960533218,0.0114212996687953
"12558",11,0.952923066090988,0.275399980317269,0.000991171320230804,0.0110070220822035
"16701",34,1.05158306047874,0.324066845398961,0.000342221166735824,0.0114271464427355
" 2903",32,1.07941557674895,0.483109630153161,0.000584403100694272,0.0101241050177008
" 8914",37,0.958463459993286,0.394076475009248,0.000332826177918471,0.0111098760588211
" 9762",59,1.14217526734828,0.444870797827686,0.0011858563662793,0.0109800446419675
" 9425",50,1.01292766482942,0.470869213552514,0.00164882053744555,0.0119099151989061
" 9810",42,1.16795734718785,0.379491957009602,0.000902788832837922,0.0113557232418008
" 9988",42,1.24119092929399,0.512203236855596,0.00182140996164583,0.0117432396268327
" 7569",35,0.854730157289637,0.301495706436652,0.00112722467680804,0.0116435035623579
" 9758",50,1.08926610644569,0.404599486541912,0.000536384268961132,0.0108739491587759
" 9996",38,0.858681552904138,0.288566173121567,0.0019216231756976,0.0117791968348448
" 9809",46,1.06295296517642,0.374333788860011,0.000409377938652463,0.0114450447051094
" 9976",55,1.07532010345569,0.411307680589809,0.000190335514188608,0.010078377046691
"10049",11,0.617123073869848,0.0909585970954522,0.000254360623166129,0.0107620740413709
"10262",17,0.820125760072565,0.134362690299439,0.00132834703000916,0.0109540226148841
" 9974",48,1.12565275825753,0.420911504040204,0.00176677984148566,0.0105659825139768
" 9605",63,1.06321737292148,0.176034000420047,0.000932365649485146,0.00981568092229437
"11899",58,1.09315034669203,0.277301965183829,2.03558091042661e-05,0.00979996382010474
"10331",44,1.02406279142593,0.29064349422059,0.000383454728767543,0.0108232220754722
"11931",48,1.06852819811367,0.257955827016371,0.000654865516824424,0.0101287881507396
" 8497",74,1.07120335269737,0.271157958819833,0.00018529005723114,0.00987063172771149
" 9196",42,1.18380175872228,0.260793545140232,0.000935323331149868,0.0107603352915467
" 9540",40,1.32787350301641,0.506376713714474,0.00599469879056917,0.0133337702717656
" 9198",35,1.07925783676662,0.231513846694434,0.00238423938431507,0.0109701602628249
"10491",38,1.03231670790494,0.374614782064722,0.00195015610469845,0.011268138752118
"10482",41,0.955704332221357,0.333547757037455,0.000871472203446743,0.011233676732041
" 8981",46,1.09987384602445,0.437993676783935,0.00119699116784061,0.0114168690992026
" 9824",47,1.0365842620278,0.367809483078799,0.00334618185044744,0.0120616478111241
" 9623",75,0.971654759355046,0.12189630975275,0.000139706963339536,0.00900474862128786
"10018",46,1.00254200597571,0.423431263407917,0.00281640886991333,0.0120781482413427
" 9556",67,1.41793786232545,0.628507568114875,0.00339663642002211,0.0122842898523451
" 9577",15,0.354527702541133,0.108165613833165,0.00021695464917111,0.0106470394095436
" 9508",41,1.08468105354941,0.241844190501468,6.40251089775207e-05,0.00949134318703213
" 8222",50,1.11461973711771,0.540778264322191,0.00248271278562288,0.0117438297211627
" 9504",34,0.697201875219883,0.363751431139893,0.000355617724864273,0.0119145853100077
" 9507",46,1.06414962010443,0.234707717673173,0.000366752526425581,0.00963249725537493
" 1202",49,1.11383592510994,0.70877393609079,0.000213301042408806,0.0101151700160213
" 8056",47,1.10919117860283,0.573764287741977,2.97507979216197e-05,0.00975861922170027
" 9551",36,0.914557489346411,0.343616125067022,0.00258205609330268,0.0120156402194158
" 9512",41,1.00790324552028,0.221437732208984,5.39341950625854e-05,0.00932018457534634
" 8969",43,1.0429498870146,0.24954824434996,1.21786892076806e-06,0.00879994328680193
" 8971",38,1.02380723900413,0.228673366218182,0.000416511170902676,0.0101919665937733
" 9067",18,1.08745428372422,0.316077037196978,0.00302205473624874,0.0116326821279508
" 8980",63,1.20966540896157,0.46278035010067,0.000448349744117041,0.0107154418269274
" 9537",35,1.00596307582069,0.184128069530357,0.00114879835483307,0.011013638906239
" 8978",65,1.1913820604308,0.450426784279246,3.8623842915787e-05,0.010389767245565
" 8648",31,0.423766412211642,0.166930263161764,0.000290722709514775,0.01054948803876
" 8985",57,1.12462762917209,0.414553259136684,0.000372145945931839,0.010589295357844
"12173",9,0.948460994303744,0.113977321757882,0,0.0101116573426712
"12605",8,0.75400230822347,0.0965026587647179,0.00019520698987168,0.0100453444325353
"11816",10,0.925563997298879,0.13231278444952,0.00143377968229279,0.0104746498999097
"11358",15,0.910709473941296,0.135705184371479,0.00115593158708328,0.0103690387360233
"16745",10,0.936372075071123,0.10671143072016,0,0.010002696285649
" 7235",60,1.08841846503187,0.33414134857269,0.000725675895503367,0.00965742338528353
"16697",10,0.956226124165633,0.108704199330687,0.000117089397668129,0.0100373624311768
"10238",57,1.06989431863955,0.229228577833255,0.0011933375610783,0.0108279843253895
"11170",25,1.12237491146113,0.386592965652974,0.00148980165264813,0.0118595396133077
"11463",22,1.0027354257387,0.324086754244514,0.00157661830857145,0.0114917799051668
"12676",20,1.12419394628021,0.314473096290576,0.000617807505378196,0.0106426312752219
"12208",23,1.03800167095092,0.355200305895099,0.000178678768804114,0.0112667653610593
"12034",29,1.13249834903024,0.412055555079103,0.000727415708247321,0.011028122906626
"16682",42,1.23939660441313,0.437690992504619,0.000674177438282318,0.0111281101126517
"10250",54,0.941695275258182,0.186041194054856,0.000679744839062972,0.0104145975944237
"12769",28,1.0738119283735,0.35235492126908,0.000236266570629003,0.0108667009170507
"11135",17,0.80100551039809,0.274593261806987,0.00108807889006906,0.01101724510647
"12218",22,1.01500655875155,0.338476835428516,0.00172415442925878,0.0113530631859452
"11760",14,0.797805667634712,0.25575927190486,0.000882954967556842,0.0111523664925189
"16703",33,1.23966660919247,0.439218556467023,0.00130729529580731,0.0113116671053323
" 9372",32,1.07222817272516,0.378868929070329,0.00667931510531521,0.0127639450731417
"10223",56,1.35825596282784,0.618648182397917,0.00604967687327813,0.0132493573883715
"10016",52,1.10921843893848,0.429536290270331,0.000631030082232249,0.0117402229125043
" 7686",30,0.988626749253196,0.344432256632596,9.77774762102355e-05,0.00968283226771943
"10344",24,0.929140854211253,0.184046605051865,0.0147793612973436,0.0131667207080022
"10348",49,1.02297737578643,0.231173805282268,0.00208499159235491,0.0111016059196353
" 9477",39,0.985775114275558,0.393197830515744,0.00320838868112625,0.0122413860514483
" 9794",41,0.868203661637908,0.383830964256989,0.000796834236731101,0.0115635259285116
" 7655",46,1.12624060718911,0.49769297619972,0.000885738667947169,0.0110509402678726
" 8654",22,1.03692582603088,0.307616379815256,0.00145709317306178,0.0114877293235247
" 7637",37,1.02172301304811,0.442713062725802,0.0010181384177621,0.0110626728083967
" 9600",43,1.17555973230232,0.585533698511434,0.0012048203251884,0.0116001366707967
"10095",32,1.00335491849328,0.515788432205947,0.00184698520898196,0.0119034123542226
" 9712",35,1.10204213664421,0.387573908085468,6.52429778982888e-05,0.0100318268322379
"10841",76,1.09818036160539,0.348304296298195,0.000203558091042661,0.00836461955582432
" 9070",71,1.13307652711678,0.4217091792716,0.000383280747493147,0.0103572148775631
" 9713",37,1.1089815086159,0.391518184223315,0.000142316682455467,0.0100710894569411
"10837",76,1.10145443979153,0.349370010594322,5.7761783099285e-05,0.008158492354359
" 9071",64,1.07945901725598,0.367994103926864,0.00049602061330139,0.0104349394963597
" 9828",41,1.20653468018448,0.610881619505752,0.00137097244223604,0.0118380476032737
" 8777",45,1.07253115560763,0.25980008331559,0.000104214783362867,0.00952462396469309
" 9715",36,1.12349987865229,0.395333804578132,0.000382236859846775,0.0103980955003298
"10845",70,1.08222469442423,0.345329856013228,1.73981274395437e-06,0.0080665033841868
" 9362",46,1.22834132726942,0.491076175686615,0.00612535872764014,0.0127728415322717
" 9311",38,1.08802049998887,0.246623499944851,0.000272106713154463,0.0100696286825564
" 8776",44,1.0623054342676,0.246432238413561,6.95925097581747e-07,0.00899918669130623
"10832",65,1.04830647339286,0.326801493505274,1.68761836163574e-05,0.00864065066000615
" 9361",33,0.677335577178496,0.201349127943553,0.00456683447160582,0.0117216130124891
" 9312",31,1.05963048137051,0.23731142283889,8.17711989658553e-05,0.00994738637323944
"10134",66,1.02488248507769,0.293633742041579,0.000223913900146927,0.00704268779645467
" 9314",29,1.06669744066731,0.242154059323044,8.03793487706918e-05,0.00992313403026978
" 9459",36,1.0351795734728,0.230443483608777,0.000812318570152295,0.0098948645832331
" 9536",44,1.0466828998867,0.17181037017681,0.000374755665047771,0.00979676692030695
"10066",53,1.01825912276354,0.295074749788921,0.00194006519078352,0.0083739919473458
" 9418",37,0.967635660459674,0.215585780944344,0.000484537849191292,0.00974054488794568
" 8730",43,1.03999469460081,0.239954744786434,3.47962548790874e-07,0.00859754720194477
" 8731",41,1.03604780466846,0.237080329313551,1.04388764637262e-06,0.0085621829605656
" 7239",49,0.84323202135224,0.264325126847184,0.000447653819019459,0.0104397389486739
" 8734",36,1.06016894102879,0.230047792857713,0.000459484545678349,0.00999092704801783
" 7132",66,1.18042878672878,0.484599211435117,0.000221652143579787,0.0103021108108876
" 7157",27,0.536633878743153,0.203406750136995,0.00183028300664,0.0113781875953047
"10387",59,1.09196392261562,0.312129428634574,0.000186159963603117,0.00973149206386986
" 7128",55,1.1617840260783,0.483679495171288,0.000306728986759155,0.0103272567581756
"10349",40,0.99205364574829,0.309703202456524,0.000152581577644798,0.0106796559906245
"10352",45,1.06196499363816,0.326211859670817,0.0014755351881477,0.0118077223118642
" 8220",42,0.710969769342774,0.280064318979144,0.000443130305885178,0.0104950838457656
" 8071",49,1.12127712392036,0.577562053970093,5.2194382318631e-07,0.00988928850026537
"10114",70,1.0411455227319,0.292643062229717,2.50533035129429e-05,0.00699440781633584
"15129",25,1.00262434233383,0.343860336019722,0.00174729393875337,0.0115099745922752
"10146",80,1.03568213082557,0.293940761307968,0,0.00650882584637275
" 9860",74,1.04261653793492,0.297058955488019,0.000794398498889565,0.00752437387426013
" 9862",76,1.04564670896617,0.298540001858794,0.000271758750605672,0.00731453177449275
"10143",76,1.03409053150836,0.29308515852181,0,0.00649182786062671
"10151",77,1.03432237251332,0.292911629515289,0,0.00653429004629561
"10956",38,1.02882112182348,0.407165005462922,0.00430760237275662,0.0128162693978865
" 9003",35,1.11643075330989,0.22215021079173,0.00159453837983418,0.0106518830905734
" 8345",33,1.07298703741294,0.437142303385529,0.0046515633522364,0.0121122617923562
" 2663",49,1.04861417024255,0.487543071709984,0.000115697547472965,0.00954173304170172
"10149",74,1.03482190895412,0.29356070080792,0,0.0065136463561503
"10828",44,1.07471177302675,0.327452140055727,1.792007126273e-05,0.00931122206693326
" 9004",33,1.06022387907824,0.214983711224833,0.00151015746175239,0.0106242433169514
"10640",33,1.03892873817871,0.533168647132372,0.00192562474500869,0.0119557188716792
"10135",70,1.02896110304091,0.288801947668395,0,0.00670524762074742
"10824",46,1.07103147951922,0.352923694255317,0.000344134960754174,0.00916203867798586
" 9078",70,1.45681451733584,0.283968578322616,0.00206063421393955,0.0106826418369529
"10453",47,1.05230318018672,0.309078470309247,0.000168413873614783,0.00997854581928686
" 9566",54,1.25065701320744,0.42340714606247,0.000460354452050326,0.0115228932143936
" 7489",31,0.968491523570715,0.291555770423929,0.000231917038769117,0.00960631377950202
" 9575",39,1.05232874977263,0.37330205223142,0.00226001675439672,0.0120551053126189
"10439",47,1.05679874911453,0.310869799801014,9.82994200334218e-05,0.00982981418597516
" 7559",40,1.01141749001722,0.339840866172459,0.00175947262796105,0.0112421622809958
" 7627",43,0.946999836728274,0.298979386138746,0.00140054925888327,0.0105724934963611
"10346",59,1.14178058914989,0.296836467572338,0.00148145055147714,0.0107887568142467
"10457",24,0.570125006764458,0.163471886727355,0.00256448398458874,0.01147882773241
"10555",62,1.11599729094957,0.255357337522734,0.000788135173011329,0.0102392980330758
" 7553",46,1.12556137010942,0.375279206972888,0.00171823906592933,0.0111156886189822
"10335",54,1.05440008038771,0.301578579912035,0.000113087828357034,0.00938412024536775
" 9159",51,1.32590427692343,0.514133372884481,0.00153364493379578,0.0120745872317339
"10705",60,1.04794775594783,0.242520989759145,0.00073280912775358,0.00996937700764957
" 7484",40,1.02008638234195,0.301660859567198,0.000482972017721733,0.00979794013979271
" 7164",55,1.16122155941338,0.481035012816815,0.00104614940293976,0.011379968687381
" 7081",36,1.08701183437161,0.359828289088211,0.000510635040350607,0.010246046416686
" 9957",49,1.19295666274753,0.472071554775154,0.000676091232300668,0.0117609917095132
"11788",34,0.773652893261696,0.132718458581139,0.000907138364697808,0.00967688452853095
"11169",26,0.913465825678982,0.49545479441864,4.2625412226882e-05,0.0113396452771133
"11004",30,1.15435036424414,0.62152179011681,0.000968901717108188,0.0116807439369766
"10984",31,0.959449263697456,0.370720200368181,0.00675569288477481,0.012731270779925
"10692",38,1.14211369217187,0.451811151751223,0.00268731476431192,0.0123595797089095
"10142",69,1.04866577125557,0.304885698851479,1.56583146955893e-05,0.00654980683123872
"10691",29,1.1125334658709,0.431739584781476,0.00235727228678377,0.0123831489980943
"15522",30,1.20212855961385,0.52002552675524,0.00452768868486685,0.012887459068062
"15406",42,1.32739724997568,0.374140396708863,0.00606672703816888,0.0128726839793431
"10138",64,1.03865209655401,0.301290870234207,0.000121264948253619,0.00685921227703246
" 9576",31,1.09565473657321,0.468298812459089,3.41003297815056e-05,0.0111511291316611
" 9822",26,1.11218296262346,0.467989472706696,0.000590144482749322,0.0115764829198616
" 9424",52,1.11848216054079,0.25092645488236,0.00025279479169657,0.0105309701094275
"10124",68,1.03214299114138,0.297412938431168,5.56740078065398e-06,0.00645291086918205
" 9571",28,1.07452597732033,0.453334796143525,0.000130311974522182,0.0111226202064054
" 9735",28,1.09209332405579,0.445378992587785,0.000308642780777505,0.0113054279953508
" 9411",57,1.15835492437332,0.259539198805079,0.000205471885061011,0.0105101936925864
"15414",38,1.05379717559828,0.22683262314824,0.00916481159132843,0.0123904196023191
"10032",33,0.878946211773699,0.272975125988271,0.000767953345181458,0.0104407029018808
"10128",76,1.02488887621581,0.293274177434207,5.2194382318631e-07,0.00704320662894583
" 9415",43,1.06070494454518,0.223636167727033,0.000390239998468965,0.0105907898583071
"10160",53,1.09563860447994,0.286311147206011,0.00266817682412842,0.011600112858994
" 9953",46,1.09433903524167,0.261871836543974,0.000230177226025163,0.010733223914255
" 9502",50,1.12006135186087,0.204333414491952,0.00109242842192895,0.0108332160132232
"10332",47,1.06906230397316,0.350679566637315,0.00132852101128356,0.0112234003705675
"10157",33,1.05474074973675,0.331481076927016,0.00241120648184636,0.0116623787060085
" 9950",41,1.06311760001275,0.256593642096742,0.000796834236731101,0.0108693546998549
" 9501",54,1.12899408814655,0.204716925731684,0.000930277874192401,0.0106906499032273
" 6986",37,0.832134706362369,0.21786569995135,0.00315967392429553,0.011593567869132
" 7287",47,1.1047581285289,0.365047879352571,0.000282197627069399,0.0105616297134224
"10341",36,1.02420980872711,0.358210667599969,0.00207281290314723,0.011802134446628
" 9949",59,1.05997268261427,0.223330393913916,0.000390239998468965,0.0104456296464239
" 9509",34,1.01878939730206,0.171689032079774,0.0032939874681288,0.0111600178549052
" 7285",40,1.05147249971108,0.343301163680567,0.000644600621635093,0.0106546850732594
" 8343",60,0.969099570244533,0.184122860507385,0.0011856823850049,0.0114162669884396
"11498",60,1.02377677507536,0.190999531080927,0.000502805883002812,0.0102055614354152
" 7504",51,1.06521332889234,0.32680872808222,0.00134330941960717,0.0100564121637485
"11355",67,1.05897559229422,0.195661289013845,0.000800835806042196,0.0104017496040338
"11735",78,1.0550127309231,0.213883924817255,0.000526119373771801,0.00962137427990399
"12380",38,0.926598826640592,0.35597808753229,0.00565717511824202,0.0122389339054801
"11546",58,0.89303931466412,0.148150062928536,0.000259406080123596,0.00852699629412793
"15408",50,1.12639035883943,0.482701606355976,0.00551416251068897,0.0126825180834786
"12314",48,0.936620251033868,0.208073631602151,0.00295994342128957,0.0112131595052786
"11543",79,0.955633182548823,0.160426414708038,3.0272741744806e-05,0.0086138067155384
"13278",81,0.977095788089592,0.168259315541891,0.00174694597620458,0.0106730443777801
"10935",69,1.07175674854072,0.238926598503697,1.21786892076806e-06,0.00830956544325449
" 9841",31,1.04355589192231,0.319245822648141,0.000671741700440782,0.0116219798622146
"15681",24,0.589418394953363,0.249552819683911,0.00350520073524487,0.0114152368318267
"10931",68,1.07236871672987,0.237854385964961,4.34953185988592e-06,0.00835072510227146
"14300",22,0.772969423800732,0.265690414743771,0.00476308534912387,0.0126765364283544
" 9432",69,1.38095346450855,0.492923642349007,0.00604532734141824,0.0126197423548086
"10930",68,1.06087078737394,0.234542936195333,2.20956218482205e-05,0.00835578078997003
"11628",53,0.924214537330403,0.179974870193968,0.000263233668160296,0.00966419140661886
"14504",37,0.658311412319543,0.2538153252459,0.000837023911116447,0.0120019776880066
"10927",56,0.958798555372725,0.214146936266318,0.000664782449464964,0.00943067775834695
" 6872",34,1.0410906513919,0.397637129576844,9.760349493584e-05,0.0107208045400721
" 9257",57,1.23448303895587,0.630155987603227,0.00304275850790179,0.0121961809983255
" 9317",30,1.08470056505582,0.457575391727975,0.00121978271478641,0.0117514932686513
" 9535",55,0.999089126522796,0.123705339191097,9.56897009174903e-05,0.00843384246564078
" 9368",32,1.04715915647521,0.167814555346944,0.00419103491891168,0.0110093454693996
"10200",42,1.06748934676715,0.529677562271746,0.00185133474084184,0.0122591841311521
" 9534",34,0.959007081849966,0.117147600739027,0.00623200924884455,0.0115081892637258
"10610",40,1.02210809251692,0.428591748518788,0.00399443607884483,0.0123753719041668
" 9510",43,1.00502895672496,0.236918324371835,0.000114653659826593,0.00948579553473522
"10518",27,1.0425258687733,0.545003693116914,0.00111261024975882,0.0117487735482264
"13579",30,0.671429683662368,0.225446482810567,0.00318977268476594,0.0116697928422673
" 9933",47,1.07234360508845,0.178322772410848,0.000947676001631944,0.00983475411917226
" 9935",48,1.0193265507457,0.167164123599736,0.000166500079596433,0.00944532831796993
" 7089",44,1.06755425112264,0.379252097430913,0.000152929540193589,0.00962523220098124
" 8389",62,1.02122326136325,0.199303374273406,0.000511504946722584,0.0101210944444923
"10073",41,1.03158178266117,0.148009496750241,0.000786221378992979,0.0101876952281959
"10371",75,1.01589616469114,0.137982014663969,0.000846766862482591,0.00939495416180292
"10677",53,0.898063724492421,0.140709658104202,0.00151816060037458,0.0109769229236972
" 9667",55,1.01466878403829,0.158021471963231,0.000137793169321186,0.00990082040282929
" 9668",42,0.998637656824489,0.161798891535667,0.00294393714404519,0.0104221936071423
"10110",78,1.06969758005718,0.305986199930633,0.000127876236680646,0.00818152696680956
"10979",17,0.73310157878669,0.148986975919673,0.00596894956195865,0.0125368274229157
"10790",52,1.10081788789159,0.239867467392533,0.000132399749814927,0.00961197755177542
"10295",51,0.873949278159142,0.13966089393195,0.00147588315069649,0.0100476610491172
"10629",18,0.337133928293186,0.0935584361208956,3.28824608607376e-05,0.0100025541514969
"11537",73,0.939780291363207,0.1230874087206,0.000323431189101117,0.00860475299563621
"11306",80,1.02017135238896,0.13658155216558,2.71410788056881e-05,0.0081908842208454
" 9993",52,1.02266901340852,0.149903749276955,0.00104214783362867,0.0100056970203646
"15432",29,1.03553964960867,0.43852640310056,0.00686843275058305,0.0129526894737212
"14685",37,0.673468776515234,0.22954260791323,0.00291992772817862,0.0125146371980072
"10977",59,1.10832799435432,0.235809537352087,0.000157801015876661,0.0095723830556566
"11267",79,1.02124107388497,0.145839038274072,2.38354345921748e-05,0.00800100948954952
"11523",74,0.999688456619131,0.276926066508025,0.00243486793516414,0.0114838673427035
"15398",40,1.13941525037175,0.595094682379407,0.0094938101812102,0.0132524575316236
" 9609",62,1.07121564625441,0.193132178145938,0.000238528327196144,0.0101264784437628
"10782",44,0.975956181506055,0.214620024123507,0.000436519017458151,0.0100961826445379
"11525",82,1.01447605943789,0.144009455638375,0.000152059633821612,0.00865277102779766
" 9610",50,1.0391993181311,0.208131511828017,0.000290548728240379,0.0105490261190301
"10446",69,1.08474784628915,0.217159742379624,0.000417729039823444,0.0101280401048145
" 9741",44,1.05332937756957,0.161506629737117,0.00120725606302994,0.0104077635359978
"10942",61,1.00713109705734,0.263115631855431,0.000869210446879602,0.010950717408405
"10463",59,1.00899593948056,0.183490280040499,0.000222174087402973,0.00986478403293591
" 9749",48,1.0368179478764,0.147491841760395,0.000115001622375384,0.0103664833365867
"10831",34,1.21815721028722,0.651237905330683,0.000185116075956745,0.0108622669533047
" 9806",34,1.06339020090887,0.541026325755699,0.00138819658840119,0.0115117652269311
"13829",55,0.940273536170733,0.374750420705567,0.000695751116307352,0.0108990273274321
"15088",48,0.984635583222704,0.456746244949522,0.00390901127311667,0.0126278353808258
" 9572",40,1.20103503202741,0.40241881022678,0.000725501914228972,0.0115487951974679
"10464",56,0.970417942362285,0.153194395691752,0.000698360835423283,0.00982172979259408
"10830",34,1.17251733664426,0.625341994926483,6.95925097581747e-07,0.0107651168777202
"13969",18,0.364411207381333,0.116447260971392,0.000153451484016775,0.010970568257193
" 9568",29,1.03383888225565,0.346540441804388,0.000305859080387178,0.0115684246980204
"10120",42,1.19017614740796,0.612356280918621,0.00197259968909546,0.0119818021739071
"11440",33,1.18007547396989,0.643246286359546,5.32382699650037e-05,0.0108286608678655
" 1212",45,1.10378960481469,0.684602075977683,9.25580379783724e-05,0.00989046610288398
" 7178",53,1.07145484487925,0.433554523760666,0.00127615264769053,0.011352347961414
" 8365",25,1.05976820983086,0.378076223632798,0.00172363248543559,0.0115163032771557
" 9657",33,0.867447975034305,0.313092976114953,0.000728633577168089,0.0117164277975553
"10050",44,1.19861376393227,0.454513061047073,0.00674160040154878,0.0121934073533586
" 9885",42,1.20234883545033,0.438718598157835,0.00021886844318946,0.0112894568240767
"11448",36,1.19712871817057,0.642235719251793,0.000512374853094561,0.0109777546382474
" 9884",44,1.16309333058658,0.427343051169915,8.02053674962964e-05,0.0112796727149765
"12559",91,1.05879179185875,0.181726548770394,2.12257154762433e-05,0.00822691014598602
"15218",24,0.973435734710089,0.287644979936557,0.000536558250235527,0.0125364745489768
"12550",78,1.02498503215698,0.197902957503792,0.000860337401885435,0.00926205476188371
" 8713",32,1.11523761488783,0.249494872793122,0.00314645134744147,0.0122579096688111
"13455",20,0.743678063511772,0.163825874045855,0.00129703040061798,0.0109318552597494
"12528",78,0.980011322424724,0.168116774592143,0.00010752042757638,0.00818340545857426
"12416",83,1.00474042939604,0.167088136177304,0.000117959304040106,0.00841043524770252
"13468",66,0.938523759285327,0.166612454038917,0.00285694650684747,0.0109366668515714
"10379",32,1.05294203238023,0.39769773722065,0.00259179904466882,0.0119821735508093
"11938",54,1.0906829718036,0.292737979144247,0.00158392552209606,0.0103356734680195
" 9721",35,1.05641993442375,0.344606877641604,0.000147710101961726,0.0100338214075852
"10843",76,1.06675951050307,0.330687267117364,1.65282210675665e-05,0.00789076963963988
" 8235",49,1.12736304754847,0.377484661419692,0.00303736508839554,0.01151265878147
" 9639",36,0.99470896258212,0.163679230268941,0.000982472256511032,0.0106146230147394
" 9912",43,1.07451865435054,0.148067595258093,0.00132469342324686,0.0102381318942483
"10168",65,1.03637461819777,0.132435132710199,0.000502631901728417,0.00908667919335509
"10435",41,1.03395910518224,0.269123831069854,0.0031494090291062,0.0116899976902955
"11651",54,1.08541089539252,0.230368887451398,3.47962548790874e-06,0.00889699057504049
"11878",49,0.953811315324418,0.198884428633105,0.000516724384954447,0.00954991657462624
"13871",35,1.15752914137176,0.624192433995283,1.58322959699848e-05,0.0111304189012706
" 9739",37,1.04852539754634,0.306246637868346,0.00133252258059465,0.0106440865505742
"10838",73,1.06773300214548,0.330131464737838,1.68761836163574e-05,0.00808371971005474
" 9644",28,0.972243273678024,0.150755928675572,0.00213405431173443,0.0110339363585788
"10181",57,1.03607464913386,0.127979785117722,0.000340133391443079,0.00909473148152707
" 9924",43,0.987769877400223,0.135681118287087,0.00042625412226882,0.00969818487993653
"11644",57,1.12542382835377,0.231443458556856,5.68918767273078e-05,0.0095339697723484
"11857",40,0.915010698114325,0.184621728978106,0.00125353508201912,0.010197312137766
"10839",62,1.04963711417189,0.31375642806068,7.30721352460835e-06,0.00835923617054113
" 9315",32,1.01623836589474,0.223390930427678,0.00125144730672638,0.0101510919707935
"10706",77,1.02396447585197,0.137694195482803,5.84577081968668e-05,0.0080026006535386
"10025",67,1.05288496650092,0.132530534838901,8.87304499416728e-05,0.00840383773011727
" 9763",39,1.00191343826408,0.189450382885125,0.00108425130203236,0.0105162531299706
"11670",46,1.07393549341191,0.237114236926508,0.000121438929528015,0.009551143098725
"14676",46,1.25760602609983,0.612636524347587,0.00215997752161935,0.0124365284564384
"10817",40,1.05238550006372,0.308275785061073,0.000314384162832554,0.00949496405049515
"13428",43,1.0520465849439,0.387550856571124,0.00187116860612292,0.0114897369600957
"10026",58,1.04073724084395,0.130752280560347,5.44561388857717e-05,0.00883618452156798
"10718",64,1.01811462296494,0.128719066092472,0.00066112884270266,0.00935761828292484
"11626",48,1.08104411392795,0.24936791287443,0.000224087881421323,0.0094760584213817
"14315",47,0.991798554432082,0.44804502960079,0.00073663671579028,0.0120862525194846
"11154",53,1.04661473907692,0.230737957647969,0.00413048943542207,0.0120349888237237
"11070",45,1.01200297351025,0.146674285789262,1.73981274395437e-06,0.00862624501108799
"11714",76,1.07552910434295,0.207149577867996,0.000104910708460448,0.00920338320082786
" 9669",65,1.02152807289728,0.181479494864687,0.000148232045784912,0.00895829369077281
" 9919",37,0.995722232383189,0.193390855623453,0.00312783535108116,0.0121862908426796
"13362",50,0.960044181286627,0.178979057609145,0.000654343573001238,0.010439608149987
"11497",52,1.03370761564844,0.218666452814316,0.000744465873138074,0.0101641829892064
"11061",41,1.03101428445948,0.14842838779964,0.000158496940974243,0.00906805464412856
" 9672",42,1.04954574460597,0.180397752563117,0.00143186588827444,0.0110575149973397
" 7580",71,1.142354804878,0.442885943622424,6.87226033861975e-05,0.00987573274711765
" 9792",71,1.08278840898904,0.143521615859314,7.62037981852013e-05,0.00860202840517633
"11074",41,1.02838041369555,0.14474906304529,8.31630491610188e-05,0.00832930196449185
"11495",66,1.03271320578444,0.204465781824812,0.000172067480377087,0.00942818508616636
"11284",74,1.05519390426936,0.182274207224501,1.20047079332851e-05,0.00835919710284246
"11550",40,0.615457732102104,0.149996179232375,0.00138576085055965,0.0115927270007839
" 7575",72,1.13738490313405,0.417883268340102,0.000359619294175368,0.0102202478715245
"10118",67,1.01927351773344,0.286883667714527,0,0.00681225686550983
"10364",66,1.02991453540842,0.156363770708984,0.000141794738632281,0.00937091650044941
"13869",33,1.11489014990147,0.612041976047551,5.68918767273078e-05,0.0111852476316153
" 7079",57,1.20829470992139,0.422478601017106,0.00243939144829842,0.0110009099494864
"10814",44,1.02275605983498,0.30712730103172,0.00109903971035597,0.00959886007484392
"10372",61,0.98154168150078,0.141734671196063,0.000413205526689162,0.00981069144147394
"13852",33,1.11415233191499,0.612308967769997,0,0.0111902341502901
"10127",58,1.04883483119011,0.303237992021605,0.000133791600010091,0.00739854831917047
" 8916",65,1.05940556441487,0.191539182253045,7.11583412277337e-05,0.00923596864384757
" 8750",66,1.10376548919192,0.216078141418162,0.00180749145969419,0.0106704223200981
"10500",47,0.965472650779673,0.127675080080731,0.000210517342018479,0.00920465940489655
"13870",38,1.1589290898399,0.625861347242207,0.000198686615359589,0.0111710907220563
" 8753",68,1.13777326286293,0.198819994820992,0.000750381236467519,0.0103603895287714
"10150",61,1.06313793644667,0.314263389459787,5.2194382318631e-07,0.00724853162956226
" 8724",56,1.01908606278373,0.226556089083466,0.000606672703816888,0.00997071723881078
"11236",48,1.05509107852426,0.149726018424851,1.16567453844943e-05,0.00874346844524358
"11079",49,1.05365477955931,0.147130288676092,6.26332587823573e-06,0.00829293247705388
"11481",75,1.09515948366261,0.217339227963436,3.3056442135133e-06,0.00910041039120418
" 9980",49,1.11188444854498,0.18702291673215,3.23605170375513e-05,0.00948509523163834
"10256",51,1.18915213423025,0.337124011009518,0.00150337219205097,0.0111066597579306
"11693",45,0.963760225373644,0.175711214190525,0.0010713766877271,0.0101010104104696
"12333",80,1.03813270860719,0.142995822647307,6.6112884270266e-06,0.00753616350026438
"10148",62,1.06462553099573,0.314857378731058,0.000389892035920174,0.00731331120894949
" 8666",42,0.954256846420568,0.185251542316154,0.001425950524945,0.0102368564265203
"13602",13,0.890401422087624,0.172354040962633,0.000690705659349884,0.0109564652193869
"11078",48,1.05487600066648,0.147847521191896,0.000123178742271969,0.00834462245974148
"11399",60,0.968101309796886,0.13928575712183,0.000651733853885306,0.00917693392380382
"11718",69,1.0448891426179,0.210204160761758,4.99326257514904e-05,0.0091812767760943
" 9977",53,1.09457668759178,0.185116451490533,1.89639589091026e-05,0.00942811949695912
"10243",38,1.05294806852663,0.307938969590265,0.00044191243696441,0.0109818830057773
"12348",73,1.02301212169731,0.131922311204394,0.000301683529801687,0.00869156292564597
"10145",62,1.06274231840364,0.313416281074985,0,0.0071412962048668
" 9964",40,0.953165909125311,0.158278051821936,0.00141933923651797,0.0102772741806745
"11081",42,1.04402178813166,0.143907688693296,1.21786892076806e-06,0.00836537155611353
"11560",43,1.06299304681464,0.271666411836105,0.00329015988009211,0.0116210816910656
"12079",48,1.38039411461646,0.577980249116227,0.0101177070311922,0.0133205127731058
"11281",77,1.07341434674664,0.184969749088677,6.43730715263116e-06,0.00840395292215095
"12336",68,0.997528507067692,0.253119895548204,0.00158340357827287,0.010775343034394
"10179",46,1.15318339912404,0.267530794760134,0.00102005221178045,0.0106303667646271
"10139",59,1.05850575965506,0.311269107100889,0.000386412410432265,0.0073074214537999
" 7084",37,1.06222472985823,0.354514467773218,0.000520204010442356,0.0102442421787877
"11067",44,1.03239931209097,0.145264933283976,8.61207308257412e-05,0.0084194561379123
"14401",61,1.06618171613448,0.422533971579708,0.00431316977353727,0.011816521036752
"11567",66,1.00100498987001,0.175174700977538,0.000347092642418896,0.00986980802574555
"10175",42,1.08602545099388,0.231633576313066,0.000776826390175625,0.010470937186671
"10826",39,1.04462914135873,0.304575604320612,0.000241486008860866,0.00983951162243696
"10102",60,1.02056204746964,0.288245309687298,0.00140054925888327,0.00817965363007735
"10342",54,1.08579640184992,0.302169180879417,9.25580379783724e-05,0.0100936103710027
"10421",31,0.774921926947951,0.221468640029007,0.000259058117574805,0.0104876331076726
"13174",28,1.12105143188595,0.362842434043807,0.000681310670532531,0.0109042578113981
"13309",27,0.921460082467135,0.323327573378305,0.000127006330308669,0.0106500516282833
"12879",32,1.10045821052822,0.390057739600358,0.00392623541928182,0.0119270491841605
"12492",36,1.21528186463825,0.410350080377749,0.000663738561818591,0.010904348096728
" 9700",55,1.01103541885939,0.122430834900262,4.78448504587451e-05,0.00782478798441888
" 9757",39,1.02012336510484,0.149201952703711,0.0012390946362443,0.00996109738980321
" 9563",33,0.953389460901476,0.147924173662534,0.00129389873767886,0.0112045456033158
"10060",60,1.03998092834276,0.12894903973213,9.48197945455131e-05,0.00853497212491475
"14280",56,1.18467663668218,0.556145831907332,0.000556914059339793,0.0112696846872129
"11275",82,1.03239878455375,0.166058203872122,6.03715022152166e-05,0.00860593989634433
"11839",55,1.07073461821458,0.268487225197115,0.00666539660336358,0.0118020797845233
"12455",76,1.03670919687013,0.179379755559741,0.000623548887433246,0.00945135414672475
"10452",70,1.15509099625821,0.327361142981481,0.000385368522785893,0.0105940760725223
" 9724",52,1.00650623216218,0.120265669105881,8.64686933745321e-05,0.00746112430639661
"10063",56,1.07274248432366,0.139823129844606,0.000145796307943376,0.0088089624195957
"13964",44,0.923009803870831,0.419949676946858,0.000336827747229566,0.0111206414123792
"11471",63,1.01526496854966,0.184811767827507,0.00152581577644798,0.0104007010690707
"14612",35,1.39968538721002,0.669345552955014,0.00201000566309048,0.0123686985329024
"12152",88,1.04823933397159,0.171050367580832,0.000112565884533848,0.00872176442358785
"10462",55,1.05387019115291,0.280552419866224,1.47884083236121e-05,0.00915343924831747
"10720",54,1.01503202613564,0.213900105183,0.00151676875017942,0.0107122978299962
"10863",52,1.04340454672529,0.289029957856258,0.000575008111876919,0.0109666474633792
" 9835",36,1.02542733455202,0.300995315630253,0.00102040017432924,0.0112665636188657
" 9985",57,0.995186240091979,0.125212803021983,0.000841721405525123,0.0098760918358472
" 9787",73,1.01443920324839,0.12963837743761,7.98574049475055e-05,0.0080526756194637
"13940",32,0.566084268855177,0.23099874815705,6.87226033861975e-05,0.0104600159489739
"14782",35,0.845193033941503,0.490194248759289,0.00054978082708958,0.0119207254673457
" 9833",37,1.00470895807848,0.30159263807887,0.000633639801348181,0.0114783625031148
" 9791",54,1.01979094551538,0.134846533282594,0.000547693051796835,0.010405491258943
"14619",41,1.14707014074791,0.570030980016881,0.00211074082096544,0.0122561414043115
"10531",28,0.90620779085644,0.460447553309519,0.000633465820073786,0.0111917375366286
" 7576",72,1.1437594353828,0.450968125410347,0.000148058064510517,0.00999423382852993
"11285",80,1.03585865174496,0.146074603408011,1.73981274395437e-06,0.0078573769829778
"10650",78,0.981729109750816,0.167559265993479,0.000259058117574805,0.0092109592183245
"10598",36,1.04186061669723,0.337227139863953,0.00369936383747017,0.0124537215641649
"10347",36,1.00680254993725,0.411180758611218,0.000626332587823573,0.0115743535280965
" 7570",64,1.13296472881954,0.405890436333494,0.000862947121001367,0.0103569312473896
"10398",39,1.04249909759746,0.374868543400251,0.00166882838400103,0.0117599572380495
"15527",16,0.668759842956897,0.35546378023517,0.000624940737628409,0.0124011653846028
"15580",33,1.33496257363686,0.731170454665139,0.00134035173794245,0.0123995120821923
" 7396",82,1.02922574426814,0.197670260693899,1.16567453844943e-05,0.00846405207175523
" 6881",32,0.983711098598943,0.362461513784775,0.000569266729821869,0.010730750021856
"11479",68,1.03100985597001,0.196723002313538,0.000176590993511368,0.00951473642349943
"15391",31,0.468643776196545,0.151353810312008,0.000720108494722713,0.01090848610602
"15582",39,1.39481473257238,0.719060185600321,0.00231934436896557,0.0125067026442014
"15908",20,1.36277949542138,0.338616676959227,0.00958010489331033,0.0130626306958222
"10113",74,1.03387702235317,0.296029327494436,1.792007126273e-05,0.00655644992256101
"15535",23,0.790285855865533,0.442578563491661,0.00048610368066085,0.0119413955188385
"15764",41,1.228815589828,0.74175820213605,0.000660432917605078,0.0121382741987772
"10109",59,0.964398893529862,0.269969020996454,2.22696031226159e-05,0.00666667469449761
"15763",36,1.23600539555166,0.72003380404704,0.000281153739423026,0.0119599185193352
"15755",38,1.13902806695341,0.700634811355218,0.000507503377411489,0.0119623079128015
"13851",32,1.23231636432558,0.642773243903074,0.000996738721011458,0.0115624574230874
"10827",45,1.05146720111822,0.32303694371705,0.000443304287159573,0.00925407063259841
" 9654",61,1.02574547742544,0.124518497324355,0,0.00706366517746282
" 9931",53,1.06666042453372,0.18058987610785,0.000132921693638114,0.00971360792174003
"10660",44,1.08059169066697,0.31636806749825,0.00104023403961032,0.011128169782554
"12964",27,1.11611734126584,0.189571751416606,0.0158225530186186,0.0129617633209935
"10822",45,1.0071035694104,0.31454556263924,0.000366578545151185,0.00943087938508575
"10454",56,1.07465263962164,0.292324744844905,0.000132573731089323,0.00954617494602056
" 9706",60,1.02476149727915,0.124127092991995,0,0.00714575637056255
" 9937",51,1.04746224231115,0.180030677410064,0.000310034630972668,0.00977637476030251
" 8322",63,1.18804376985594,0.350716470548522,0.00225357944724409,0.0109476534646687
"10343",44,1.06373328161447,0.297330838232926,0.000167717948517201,0.0103566336584591
" 9699",59,1.02870380913887,0.126105711188764,0,0.00716641106323176
"10297",56,1.00967763510571,0.206713799959044,0.00106633123076963,0.0104395135630386
"10974",48,1.0616695907136,0.303665210013721,7.2898153971688e-05,0.0103221666110482
"11152",48,1.18585366840381,0.336162440524495,0.00128606958033107,0.0112428738680782
" 9940",39,1.06727158971558,0.157471808273095,0.000313340275186182,0.00917000022140669
"10084",45,1.00403453435699,0.174586140666947,0.00193362788363088,0.0107851736662767
"12990",63,1.05777283219487,0.153462795477997,0.000244095727976798,0.00986402100555017
"10441",67,1.04386048442966,0.136957529053334,9.74295136614446e-06,0.00773703975224645
" 9692",55,1.02315856352301,0.123786329211954,5.04545695746767e-06,0.00742910299650282
"11510",33,0.920886259620113,0.315602599457417,0.00662694674172219,0.0132066206853452
"11127",42,0.90633287638798,0.269361817118466,0.00255143538900908,0.012121294944322
"10858",46,0.8871370508387,0.254447748896713,0.00109608202869125,0.0111814634534708
"11517",41,1.18530566830726,0.390016667772708,0.00525545235566296,0.0127714735402785
" 9846",47,1.08475307987314,0.154212740931839,8.4032955532996e-05,0.00896929122147645
"17061",33,1.1358839987885,0.559467328134907,0.00171615129063659,0.0116589104635085
"10131",60,1.03793165190031,0.299023777872724,0.000609630385481611,0.00737674459820967
" 9419",40,1.10744447207301,0.238172049158582,0.00111243626848442,0.0112481593180448
"11100",38,1.02761636089131,0.18052981241207,0.00705859428349727,0.0116423708248648
"12571",79,1.00799383431981,0.177373486494865,0.000502805883002812,0.00908977263206146
"11134",30,1.04625797734984,0.227176177246165,0.00705389678908859,0.0126031325932226
"11473",83,1.05565758237397,0.159966510830134,4.34953185988592e-06,0.00778624301416553
"10870",55,1.05420934729131,0.237559224720916,0.003088167620519,0.0117418395489072
"11131",84,1.03627337099116,0.147340170227452,0,0.00756670815994547
" 9857",29,0.9438838455441,0.137024767833555,0.000777348333998812,0.010520592540944
"11346",81,1.07333936317759,0.182068982890388,0.000146840195589749,0.00899462540647823
"10754",78,1.06913549594948,0.177905991928398,2.00078465554752e-05,0.00848148112831872
"10318",85,1.06229157723407,0.182761524062527,8.69906371977184e-05,0.00896559983343819
"10479",30,0.77558615823402,0.17896179763868,0.0109469017849609,0.0126920577949436
"17216",21,0.604015302456817,0.308968505250519,0.00154669352937543,0.012028980142248
"10136",58,1.02752150163131,0.295136495219517,6.26332587823573e-06,0.00682006752396882
"11026",37,0.946723434738655,0.159060319233839,0.0121115324357639,0.0128755845235891
"11317",80,1.06369937153829,0.179693309616929,9.62116447406766e-05,0.0088968114334747
"10846",50,0.881533173570758,0.17240223562096,0.000966639960541047,0.0102504971898174
"10796",82,1.06440830871775,0.176775699847251,0.000177460899883346,0.00879646197764542
" 9864",30,0.9690140839623,0.141777655085148,0.00122795983468299,0.0107213870345987
"10474",23,0.721205473193565,0.108059744771966,0.00187760591327555,0.0111703301579678
"10330",86,1.02851602598499,0.173365449442572,6.95925097581747e-05,0.00846772992008663
"10129",58,1.02881293726736,0.296353195831304,7.63777794595968e-05,0.0073033583900985
" 7840",43,1.0719787109387,0.267470470613065,0.000633813782622576,0.0101505018023697
" 8341",38,1.02183405126923,0.228462251011338,0.000902266889014735,0.0104452918072587
" 7271",24,0.974625746559932,0.293764526772915,1.65282210675665e-05,0.0107772829911739
" 9921",51,1.07558626648821,0.214672774020097,0.00108129362036764,0.0106665687596498
" 9803",52,1.1007659418133,0.193786906559387,0.000813884401621853,0.0103021254998085
"11261",71,1.01358726065123,0.148710053070952,3.23605170375513e-05,0.0083539134270398
" 9943",22,1.02136463201904,0.15598354734567,0.00835632060921283,0.0117048239767754
"10320",68,1.0079006676455,0.176596636504619,0.000626506569097968,0.00916496913908371
"10641",82,1.05390975996397,0.176932575468011,1.77460899883346e-05,0.00877972191649506
"10813",65,1.07183647534864,0.19821229159117,0.000246531465818334,0.00968181315447585
"10980",37,1.01121931181507,0.217657844890441,0.00244043533594479,0.0110098185928223
"12407",85,1.0274438512843,0.173503510369634,8.15972176914599e-05,0.00787046631408532
"12023",99,1.02244369175027,0.138911535571477,3.63620863486463e-05,0.0075815837448092
"15768",47,1.21134276538598,0.510460125394709,0.00287765027850052,0.0121516867140633
"10100",61,1.01710566594809,0.28999307063449,0.000132399749814927,0.00711108261255778
" 7843",44,1.03419537735365,0.239222753090436,4.71489253611634e-05,0.00947260942278742
" 7270",22,0.965982938103407,0.293557607134871,0.00101117916678628,0.0110555341330012
" 9955",43,1.00396958482732,0.224150162214749,0.0010369283953968,0.0107212392121974
" 9270",37,1.14564724946576,0.434890011650335,0.00382706609287642,0.0120876483738673
"11313",60,0.937940978220032,0.172368322492632,0.00103884218941515,0.00971693303010833
"10621",68,1.04051580501693,0.146086155687231,0.00198129875281523,0.0109831088843809
"11122",56,1.01372464093165,0.134551464468569,0.000502283939179626,0.0101948731493384
"11742",58,1.0504615570901,0.253801383251088,0.000172937386749064,0.00980758697444618
"12064",73,1.02999945921855,0.145518578171975,0.000805011356627686,0.00972153606009715
"13319",67,1.01971941669327,0.135498426663357,0.000482450073898546,0.00956972343033771
"11836",52,1.07143598353744,0.236688023133178,0.000546127220327276,0.00995775508612039
"12987",33,0.815844240860308,0.103818217838904,0.000859293514239062,0.0102593473296642
"14370",35,0.689457455254257,0.251295530901534,0.00271741352478233,0.0115718635985782
"10104",67,1.02748483376361,0.29114764645301,6.95925097581747e-07,0.00728875716548979
"10147",73,1.02898925260353,0.289212312357643,0,0.00669932337583841
" 8769",68,1.03492882727708,0.184503740782441,0.0002707148629593,0.00944558024294416
"12873",94,1.05695905179814,0.189915839561124,1.02648951893308e-05,0.00788312251105439
"12188",52,1.02615410828482,0.134718973397526,0.00063137804478104,0.00961003861034716
"10408",50,0.941667190003575,0.161247144300511,0.000374929646322166,0.00921095999579773
"10144",77,1.03303357736855,0.292428977021207,0,0.00667854338486064
"12200",49,1.01530815895242,0.139058731012303,0.00191727364383771,0.0100243731612174
"12556",94,1.05797013189871,0.184121062237124,7.30721352460835e-06,0.00776926938620243
"10409",54,0.98411123111562,0.166118042078997,0.000825193184457557,0.00948822125083035
"10133",69,1.02858158322671,0.287158509196378,0,0.0066459363942444
" 8640",64,1.06816328108802,0.23708522389054,0.000779610090565952,0.0103271844275713
" 9750",41,1.06600608317259,0.229795723692698,0.000413727470512349,0.0106890475272535
" 9674",38,1.06371872281344,0.259198507183613,0.00170519047034968,0.0109361575528604
"12191",68,0.971260379929788,0.155492890286265,0.000921404829198233,0.0102855643133112
"12989",34,1.3572828858103,0.75872351587257,0.00199521725476687,0.0129205387412685
"12414",95,1.04907097164062,0.173790262059136,2.26175656714068e-06,0.00702749523551944
"13436",44,0.807077835649397,0.11236006061663,0.00274786024780153,0.0107295670453651
"10132",65,1.02568898056532,0.285717434104646,0,0.00713609095053655
" 8645",71,1.02734303927364,0.219937319168742,0.000484015905368105,0.0102607378098843
" 9694",55,1.03984795421475,0.146948355124158,0.00448123568460327,0.00985601472232258
"14718",51,1.26247219026172,0.619208570117213,0.000233656851513072,0.0113493729438373
"13065",33,1.48844135756721,0.835795125354426,0.0011171337628931,0.0128630698107461
"12400",103,1.04030660775272,0.161918263699959,6.50689966238934e-05,0.00741088862572156
"10932",70,1.06322595923119,0.232056565164618,2.78370039032699e-06,0.00833747554009159
"10419",42,1.14416151844515,0.323754418222088,0.00147849286981242,0.0113778850569737
"10167",70,1.05590709803751,0.140952849588455,0.000216606686622319,0.00919087015626783
" 9760",45,0.915176568553047,0.186713043624828,0.00211178470861181,0.0110854367435392
" 9896",62,1.03981342434458,0.154035497541542,0.000322909245277931,0.00976685442430486
" 9532",61,1.0538969457877,0.147716668415119,0.00115227798032098,0.00980884160944267
" 9625",48,1.00304861698156,0.153332749032978,0.000633117857524995,0.00999435984078734
" 9545",41,0.734437077918013,0.210142887068427,0.000860859345708621,0.0105106701607809
"11654",58,1.07912774622353,0.239407783173948,1.73981274395437e-07,0.00885576131773516
"10309",46,1.08687812090879,0.164693349322516,1.72241461651482e-05,0.00879029025653663
"14716",48,1.26572475904642,0.622400607232452,0.000327780720961003,0.0113622411937298
"12399",82,1.04668570544716,0.178383527013343,1.56583146955893e-05,0.00749632835004313
"13281",80,1.04317358047276,0.153639529007943,0.000141968719906676,0.00893938658421888
"10925",72,1.0539169722387,0.235075181518391,1.77460899883346e-05,0.00836134431399037
"10861",46,1.22093325011602,0.454716306140399,0.00531756367062213,0.012017335006784
"10174",63,0.996517802749259,0.126617560137831,0.000100213214051772,0.00938797119322548
"10428",48,1.10187853120435,0.322454824748132,0.000660084955056287,0.0112818298791147
" 9817",53,1.05314881798676,0.140314681895259,0.000437040961281337,0.0094606412549605
" 9583",36,0.852673534206176,0.159989969268772,0.00185046483446987,0.0109979402533806
" 9633",36,1.00001462223658,0.158402611489828,0.00289104683662897,0.0111319654595845
" 9533",54,1.0252625332319,0.149526687358339,0.000867296652861253,0.00926575196755338
"11622",59,1.12182141816537,0.238084722364945,0.0003545738372179,0.0100152926890527
"12162",39,1.02378083273669,0.19882222864393,0.00347179633056094,0.0110333510763076
"10308",45,1.10737304939992,0.170296591680297,1.73981274395437e-07,0.00876343444834803
"14713",49,1.1482795617868,0.528328860484415,0.00125301313819594,0.011956836292974
"15283",63,1.11713184681329,0.501960847759296,0.000211909192213642,0.0109052460769219
"10334",53,1.02468791653665,0.279974589741797,0.000101083120423749,0.00982038988199494
"10936",58,0.990774103758334,0.208058791408996,0.000146492233040958,0.00890577874569106
" 9632",59,0.92894032633662,0.128110638339958,0.00131582037825269,0.0104948707503179
" 9905",45,0.976006795637731,0.143633559607002,0.00104388764637262,0.0095935538119426
" 9691",53,0.977038334263766,0.140135716970188,0.000237310458275376,0.00982348315514905
"10543",79,1.009636895506,0.155742570932527,6.28072400567527e-05,0.00829728046432643
"10023",74,1.04561249816139,0.13235821803447,2.43573784153612e-05,0.00810620874490232
"10753",49,0.899962488037821,0.155507717804194,0.00338915522522311,0.0110071115243519
"10840",48,0.980089050014937,0.157247767643944,0.00467505082427978,0.0113707764993775
"11646",51,1.13582268090596,0.248515121817699,6.08934460384029e-06,0.00925726245308619
"10291",43,1.04700932510982,0.156120668314651,0,0.00860143369308936
"12448",60,1.04018484126166,0.220301093253603,0.000149797877254471,0.00935726534901505
"14699",37,0.661724530163184,0.310803564965988,0.000141098813534699,0.0106247153570803
"15286",53,1.12841931100577,0.506904860971425,0.000737332640887861,0.0110194991848883
" 7077",30,0.984913905988641,0.300187502968542,0.00172780803602108,0.0105912901118583
"11290",73,1.02779429963343,0.141604798177422,6.68088093678477e-05,0.00853650106223089
"10321",46,1.06306396469781,0.230626986970011,0.00236092589354608,0.0110732332162205
"10853",62,1.06215948412664,0.191542661126922,0.000838589742586005,0.0102129885730575
"10603",77,1.02513071609575,0.156897326264067,3.35783859583193e-05,0.00845621490249586
"10028",68,1.02524397776586,0.12661625972496,8.00313862219009e-06,0.00813103187477351
"11618",46,1.0556249944754,0.235948916931412,1.07868390125171e-05,0.00906526840053388
"12444",57,1.02801964756473,0.220153036657536,0.000168413873614783,0.00948052155532842
"15275",56,1.02322318141024,0.417253480872585,0.00176347419727215,0.011164334090145
"15588",43,1.57433109454223,0.792240438821879,0.00707895009260153,0.012922698999459
"10293",32,0.962877711986597,0.217804662955983,0.00291714402778829,0.0113769453319652
"10596",74,1.03170735508372,0.141757888461635,4.55830938916044e-05,0.00849276150394569
"12339",66,1.02221140638158,0.136365308212261,0.000717846738155572,0.00908426138586561
"11027",60,1.02834014379844,0.130667907009248,0.000229481300927581,0.00910410481696274
" 9917",56,1.00028820627458,0.183735722948062,0.0012926808687581,0.0100854386377588
" 9664",72,1.07026750487797,0.184558876774959,4.52351313428136e-06,0.0089515102546288
"13355",48,0.903695656000975,0.195188600983909,0.00161837381442635,0.00999232446736679
"15593",47,1.21228459253055,0.591651156735668,0.00845705576708779,0.0128615929517487
"12377",59,0.983103138172146,0.126999275349868,0.0005757040369745,0.00899080088550914
" 9915",49,0.97189485117402,0.18715159356403,0.000990127432584431,0.00993932381525556
" 9665",74,1.06632203189303,0.186030717628743,3.04467230192014e-05,0.00885477213268974
"15772",34,0.858478041598194,0.411731462154187,0.000901918926465944,0.0122099098871777
"15834",42,1.20319935394277,0.58618682522108,0.00271636963713596,0.0122125082950911
"10328",38,1.12135910791816,0.560490894804174,0.00213231449899047,0.0116400265119931
"12367",63,1.01600205143923,0.13414082252133,0.000694185284837793,0.00947155213460809
" 9661",64,1.03618479672595,0.182648585035939,5.82837269224713e-05,0.00870297647311563
" 9926",65,1.04008171107906,0.151917822473515,0.000551868602382326,0.00994507533734977
"15827",42,1.01229887914027,0.536292489538007,0.000578835699913618,0.0119124898135784
"15774",29,0.645287162993729,0.288722805756467,0.00102370581854275,0.0115695673517244
"10683",46,1.38078021262086,0.770294408027269,0.00246548863945774,0.0119821264389727
"10698",47,1.32842698458822,0.755344898107918,0.000674351419556713,0.0117810190958831
"10059",61,1.03131746877074,0.126603548215868,3.47962548790874e-07,0.00768251197719738
" 9521",45,1.11397771255574,0.535112422053556,0.00117628739618755,0.0121124527554575
" 9442",44,1.23988829091092,0.592408584318863,0.000343786998205383,0.0123485499734319
"10058",57,1.03060176778211,0.126235568366239,4.87147568307223e-06,0.00771513151377047
" 9436",42,1.22437486998791,0.600908391778188,0.0032064748871079,0.0125982032100262
"10934",46,0.970692820954481,0.204767051409556,0.000765169644791131,0.0102863642093266
"14317",32,0.536478664142169,0.125398885472419,0.00182767328752406,0.0110479255662428
"10056",61,1.03889226453373,0.130462693236218,4.12335620317185e-05,0.0079305568956408
"12565",72,0.993602871470407,0.197946442589511,0.000728807558442485,0.00977057122197073
"12239",67,0.871143919749865,0.187754437630041,0.0016469067434272,0.0110140582654669
"11916",70,1.08480035831438,0.22472478767832,0.000426950047366402,0.00977447483749717
"10245",36,0.909720629216687,0.120619794269867,0.000491497100167109,0.00949325225677616
"10064",62,1.03055172682823,0.129257662252908,0.00025888413630041,0.00853204443845823
"12543",63,0.879119996764945,0.161394507909967,0.000474446935276356,0.0100999337027955
"11896",66,1.07041998059042,0.245486993933317,0.00190840059884355,0.0108089139152712
"10252",52,1.06049399462082,0.147558086283293,0.000106998483753194,0.00882984058260712
"10495",59,1.03423188812926,0.141797568731488,0.000422948478055307,0.00959184762402931
" 9734",22,0.998562075866039,0.417302306455996,0.000204254016140243,0.011124893390322
"15224",33,0.870790505925344,0.419385300567157,0.00511818113016496,0.0127737141911055
"10246",39,1.04948957795404,0.254834867454617,0.0031073055607025,0.011184710941095
" 9966",51,1.11165186732591,0.184316154620944,8.69906371977184e-07,0.00922105461540824
"10765",59,0.93790301338056,0.182923448352826,0.00141568562975567,0.0106167706519963
"12039",82,1.02593561091759,0.137254252693681,1.32225768540532e-05,0.00742706076585453
"11692",47,0.798100755694604,0.128393875782938,0.00338741541247915,0.0115646204976258
"12369",90,1.0494811791946,0.158398719737453,6.6112884270266e-06,0.00739779554253458
"11410",92,1.04732241896211,0.166144163159225,8.75125810209047e-05,0.00797353583989124
"10241",62,0.998132288345851,0.159582545420265,0.00361289514409564,0.01113155335709
"10570",59,1.02085196476376,0.154033325608997,1.9137940183498e-05,0.00966813612309556
"10880",99,1.03952675706993,0.166261355021914,8.35110117098097e-06,0.00760773900411217
"10240",48,1.08603755900578,0.309864588258675,0.00157279072053475,0.0114000661800543
"10450",60,1.46963060900494,0.319726457293672,0.0100213214051772,0.0121989899764513
" 9969",56,1.11399608581836,0.186156484873782,1.1134801561308e-05,0.00935342325128766
"12453",91,1.03545358345387,0.147888884811439,3.82758803669961e-06,0.00689238397558236
"10885",87,1.04838812054048,0.156566701315415,4.94106819283041e-05,0.00842123196900429
"10581",31,0.963364512672226,0.136162004809208,0.00374320711861782,0.01082155220918
"11704",98,1.05976450776381,0.175078225770019,0.000102474970618912,0.0081312414068082
"10401",49,0.960719644746794,0.128625883364908,0.0025851877562418,0.0107059729793562
"10460",54,0.958011321731276,0.161090954915838,0.000792310723596819,0.0100946110827965
" 9853",54,0.996915829623211,0.124138716850269,5.0976513397863e-05,0.00865874425662739
" 9599",60,1.0424738690721,0.157852638448382,0.00159488634238297,0.0104217149699225
" 9373",62,1.04954518890392,0.161827372142962,0.00245678957573796,0.0104392131432109
"15574",21,0.419215171362501,0.186293442461464,0.000118829210412083,0.0117477298029023
"12353",84,1.03379275962501,0.147707616065216,0.00109121055300818,0.00862594800830472
"11396",37,1.31979707414129,0.221230258993674,0.0118797893782692,0.0117878756810598
" 9642",43,0.92628204494408,0.13037599545801,0.0018337626321279,0.0102910878589972
"11837",43,0.912173085429894,0.174477312309816,0.00185446640378096,0.0103500119940949
"12342",59,1.02490017618529,0.132870467488514,0.00117680934001073,0.00979399679339665
"12293",56,1.0442461217131,0.179143795347479,0.00565195568001016,0.0114953482897284
" 9570",52,1.20283424044809,0.341637906929646,0.00467244110516385,0.0123168378546019
" 9756",55,1.08925258031366,0.204590729573078,0.000493236912911063,0.0103990067310044
" 9301",48,1.0096717780262,0.149560702085436,0.000467139721751748,0.0100135157468361
" 9263",52,1.01128098725098,0.137013921433081,0.000279065964130281,0.00970819089218453
"11631",45,1.09120680012134,0.279755512812563,0.00207698845373272,0.010994464292904
"12713",62,1.08838442636124,0.252218388928129,0.00181462469194441,0.0102250396293687
" 9453",38,1.04966004720834,0.182047404900078,0.00303179768761488,0.0106506795370457
"10287",47,1.07447327492635,0.369737633553783,0.00512844602535429,0.0127410745852905
"12696",54,1.0423893215964,0.215675286555053,0.000304119267643224,0.00963534379639001
"10186",44,1.14479724579513,0.41584698219938,0.00357583713264941,0.0127645780992387
" 9890",35,1.2647763022328,0.494849342538685,0.00903780526101976,0.0134073150442531
" 9986",72,0.99199880944314,0.131433716652139,0.000120569023156038,0.00874341285940365
" 9782",83,1.02617475631462,0.140785702822879,1.9137940183498e-06,0.00761255047432703
"12706",55,1.0304799564371,0.202467975680184,0.00121351938890817,0.010319392596425
" 9893",41,1.33481996412288,0.496314437711344,0.012414259853212,0.013392308198101
" 9783",78,1.0305120303272,0.129093029623252,3.25344983119467e-05,0.0080806902334651
" 9989",54,0.979991376325986,0.120225658164034,0.00185725010417129,0.0102961791603054
"11096",52,1.06278815012853,0.155766159207107,0.000173633311846646,0.00977427145285236
"10353",63,0.9366482815581,0.151640435272035,0.00411813676493999,0.0112328935339812
"15126",25,0.928346967529893,0.333544603112062,0.00402871038990074,0.0122282018308136
"11101",44,1.03319614605185,0.162955062561743,0.000604062984700957,0.0102738038707177
"12385",30,0.921353076965959,0.441265277005856,0.00321308617553493,0.012152939875742
"14329",33,0.675968503636264,0.241450677392573,0.00113922938474132,0.0119059624222009
" 9959",32,0.799112130881334,0.218457759379355,0.00140629064093832,0.01077584321206
" 7024",41,1.0545486820011,0.285982935489358,0.000720456457271504,0.00985006912662589
"10019",39,0.996048439602573,0.192376912199755,0.000914967522045602,0.0104558812717124
"10284",55,0.91268786691744,0.143174138589682,0.00138889251349877,0.0106281874208587
"15342",41,0.99913743023324,0.476744689809179,0.000799617937121428,0.012028361275305
" 9951",47,1.0341473994929,0.164213083124376,0.00214414522564936,0.0103182177574843
"10289",58,1.0371697454732,0.129310192289527,0.000330216458802539,0.0092460109540975
" 9808",62,1.02222518539107,0.144184970855868,4.88887381051177e-05,0.00909776110787077
"11000",56,1.01820401511361,0.230050672558473,0.000634161745171367,0.0107107368685263
"10517",84,1.06569678839841,0.13509269380991,6.50689966238934e-05,0.00828026925006036
"12722",54,1.08853650112908,0.218535903947195,5.2194382318631e-05,0.00948257270119076
"10730",44,1.06472847346065,0.161748612783394,0,0.00982396288449393
" 9820",63,1.07888287040326,0.175238050344936,0.0006672181873065,0.0108175988415258
"10294",73,1.0287516516206,0.126988456273982,1.9137940183498e-05,0.00886515290485527
"10520",69,1.01238984696909,0.129442488369664,0.000153451484016775,0.00927622869957884
"12730",53,1.08344319609386,0.216272566741898,5.2194382318631e-07,0.00933042510014689
"10721",40,1.03007686253996,0.15418365666203,8.69906371977184e-07,0.00922507873785734
"10001",55,1.36056457780092,0.446215293848735,0.00444417767315704,0.011740881134528
" 9613",38,1.01915519727327,0.146473828151031,0.000534818437491573,0.00934119637472337
" 9559",43,0.888559061582278,0.122554316981363,0.00131216677149038,0.00927098929416753
" 9500",55,1.03642339049377,0.151235816200851,9.16881316063952e-05,0.00913307173260915
" 9946",48,1.07276035965424,0.171712814247738,0.000335783859583193,0.010032927579743
"11248",86,1.03701925895293,0.146536388692085,0.000176069049688182,0.00810952780757583
"10445",70,1.0469890825546,0.133303087665421,3.37523672327147e-05,0.00838496979854145
"12697",57,1.05277152570406,0.216389287149916,5.46301201601672e-05,0.00930347340213061
"10736",38,1.00556869470935,0.157993248582773,0.000248097297287893,0.0101111306256704
" 9615",35,0.972717501068099,0.154865547565332,0.000981428368864659,0.00961579890975971
" 9505",59,1.06149620837887,0.16270202545066,0.000174329236944228,0.00941075699751358
"12341",87,1.01444033518348,0.129823460864551,0.000237484439549771,0.00914952848390997
"10836",48,1.02035071468464,0.149642941041847,0.00266243544207337,0.0107657336016483
"11247",85,1.03494350287991,0.136279683881306,6.97664910325702e-05,0.00811214000134391
"10447",74,1.03606722950843,0.127612406842976,3.28824608607376e-05,0.00843913478376802
"10394",78,1.03481141538477,0.165543436176637,0.000564743216687588,0.0096851827181114
"10638",62,1.00207223957484,0.123931639225662,0.000691749546996257,0.00942614077700243
"10210",56,1.09313437972039,0.195917711065573,2.20956218482205e-05,0.00983504630218973
" 9747",45,0.826188235024402,0.264199046848828,0.00354365059688626,0.0120003603800242
" 9871",43,1.08501104310444,0.174282588542016,0.000898091338429245,0.00933378782840983
"10130",78,1.04935379561027,0.183544456452697,6.3329183879939e-05,0.00864885508294728
"15314",22,0.940833022063051,0.409758007789403,0.00180053220871838,0.0120528364221956
"10391",54,0.993430908059296,0.151990812939592,0.000720108494722713,0.00974831147999326
"10206",54,1.09075483971745,0.192242298528111,4.83667942819314e-05,0.00985284743806207
" 9867",42,1.02093523922999,0.158550055609409,0.000112217921985057,0.00924176205113915
"10803",42,1.20394573259294,0.563256455848908,0.000881389136087283,0.010943694706064
"10141",71,1.0514460233731,0.18710835664538,8.10752738682736e-05,0.00879853897219595
" 9745",47,1.04026462027451,0.201554169226961,0.00223774715127411,0.0113651160620422
" 9863",30,0.928700942710235,0.138886677832694,0.00117854915275469,0.0106609037347069
"10208",53,1.0306759478657,0.186262074193333,0.00308694975159824,0.0109125971636107
"10812",47,1.07049059398053,0.501316272540682,0.000151015746175239,0.010729315216649
"10164",33,0.9970130981004,0.153816782923419,0.00114966826120505,0.0111186935914007
"13559",16,0.90241548733405,0.155894344798678,0.00187777989454995,0.0108397961901734
"11411",28,1.16067227923111,0.608578094622948,0.00101274499825584,0.0112525129046855
" 5793",76,1.05410614585149,0.26692139573347,5.56740078065398e-05,0.00965178021041841
" 7909",48,1.07721512763237,0.358106911799832,2.3487472043384e-05,0.00874772522973312
" 9719",58,1.0552988561912,0.165206463680082,0.00100387195326167,0.0104619466004003
"11425",33,0.955743095994589,0.476221135757169,0.000450785481958577,0.0110027460735825
" 5823",94,1.00317600599552,0.23719328263817,2.81849664520608e-05,0.00970343445576102
" 7896",59,1.0707766720348,0.354579238864783,6.95925097581747e-07,0.0085226338839061
" 5815",80,1.0342305557807,0.259608796535888,2.94028353728288e-05,0.00980032704566085
" 7888",54,1.05452015789881,0.351193803361454,0.000337523672327147,0.00923472461371618
" 9793",42,1.03766467822278,0.32741887429283,0.00184959492809789,0.0113767346370215
"14812",32,0.455830279762231,0.146453956284803,0.000154147409114357,0.0112700549852797
" 9656",36,0.944518333894575,0.384451081398519,0.0044495710926633,0.0119920194820361
"14874",34,0.436937645658846,0.110917834245504,0.000295072241374661,0.0103385213604371
"13986",13,0.221746322235282,0.0731940154112056,0.000176069049688182,0.0106570128235593
"15135",23,0.949065702483571,0.195073150769299,0.00469140506407295,0.012084942491571
"11484",65,1.06130419981164,0.20326992092086,0.000498978294966113,0.00980588302378639
"11163",32,0.915272756757168,0.133791982623259,0.00292897475444718,0.0110783375037424
"11727",58,1.05726126454134,0.197485844328013,0.002943415200222,0.010301938588916
"11094",42,1.05282157616638,0.146858623127345,0.000855465926202363,0.00980473625558775
"14949",29,1.13082539675244,0.584082686955775,0.00205715458845164,0.0123135726578056
"11178",30,0.74573534698277,0.142577382423257,0.00329920690636067,0.0114413857751788
"11494",64,1.07041803203273,0.196752151154559,9.95172889541899e-05,0.00932737794388217
"11083",45,1.03740799883416,0.148906632981278,0.000153451484016775,0.00903240224543629
"11721",39,0.773270194489415,0.170431582700395,0.000246531465818334,0.0101851232102691
"15581",43,0.66515715035785,0.291969279271522,0.00015519129676073,0.0112240605270558
"11485",71,0.988885939430209,0.185194077859035,0.000193119214578935,0.00894132702523777
"11059",45,1.039204511945,0.141358158460241,0,0.0082856632926529
"11565",72,1.00207456687156,0.194363827350145,0.000690531678075489,0.0104855123442418
"11294",79,1.06731254744,0.186161431837065,1.35705394028441e-05,0.00882167813085191
"12323",44,1.02675996397573,0.311795311589663,0.00659876177527013,0.0122217489363831
"10661",43,0.877386408743718,0.202626382368144,0.00349354398986037,0.0116094355404594
"10418",55,1.0901774902851,0.178217468174945,4.52351313428136e-05,0.00933519902537416
"11071",40,1.03677620340937,0.142122418800908,0.000123874667369551,0.00864473811494525
"11822",42,0.925112637068646,0.224975290887014,0.0023751923580465,0.0112830095544308
"11276",78,1.07068616129211,0.18444661631971,3.00987604704106e-05,0.0088109202537404
"10413",47,1.08531394350695,0.181308633860951,0.000295768166472243,0.00960774623110701
"10137",71,1.02276603290059,0.288077284448057,0,0.00661193953186663
"11540",87,1.07357421550529,0.186103331088652,8.87304499416728e-06,0.00852130602053362
"12146",86,1.02643085274383,0.169040437906314,0.000414945339433117,0.00915877526688058
"10244",52,1.02149704607208,0.207219432571225,0.000926972229978887,0.0107507469783957
" 9870",66,1.03309354066082,0.170318192072367,5.04545695746767e-06,0.00949215253643025
"10425",52,1.00963810687233,0.163933233937125,0.000230525188573954,0.00944974804316962
"10879",73,0.953092151996399,0.12971840839461,0.0016432531366649,0.00990804674197681
"10533",53,1.08799537863863,0.200789587408941,0.000597625677548325,0.010319764820301
"10094",69,1.01709936078856,0.289605963141266,1.39185019516349e-06,0.00707461259071026
"10800",32,1.01659813670826,0.523467355946019,0.000142490663729863,0.0106544121092562
"12157",82,0.990320415732947,0.153464230880521,0.000316645919399695,0.00884542815430471
"10270",49,1.11932130054664,0.195229993126943,0.0049528989194893,0.0118469105518004
"12695",57,1.01937094635024,0.205037851128052,0.000165804154498851,0.00925497464149163
"10544",61,1.05760101818151,0.198072721350103,0.000274194488447208,0.0100720977456123
"10117",64,1.02082693169728,0.285498445314035,0,0.00651657219771782
" 9544",50,1.35849521593473,0.565755670000855,0.00435179361645306,0.012785452562095
" 9433",58,1.28705580650045,0.508649405996656,0.00103518858265285,0.0123521588125929
"12868",48,0.767072944628093,0.256891572871928,0.00202201037102377,0.0114723577561876
" 9663",47,1.00369089318034,0.156345257382321,0.000949415814375899,0.00977769096541676
" 9542",47,0.965646853914862,0.136075392029617,0.000359793275449763,0.00979848550013959
"10313",43,1.05840784213345,0.158318745408951,1.04388764637262e-06,0.00841068530648468
" 9990",49,1.09722054873173,0.201027278179171,0.000478796467136242,0.0104949814882738
"11438",32,1.09817263692046,0.596057322292821,0.000248271278562288,0.0112047479010329
" 9435",50,1.19323389857173,0.492279749859009,0.0011134801561308,0.0124799671321993
"10314",49,1.0699345590104,0.162040224828806,5.2194382318631e-07,0.00840741433807273
"10675",35,1.06260051828824,0.295322874261509,0.0141378923386476,0.0130638969314348
"10306",58,0.960250954506015,0.130034219220192,0.000684094370922858,0.0100719216391329
"10286",41,1.1438960815721,0.272355727011653,0.00178330806255323,0.0110601086028536
"10228",37,1.00777310430229,0.138287236652647,0.00367813812199393,0.0113966969152554
" 9708",49,1.0052345458457,0.125366260111076,5.75878018248896e-05,0.00770952487467524
"10285",24,1.01996484613512,0.20211305090766,0.0014640524240376,0.0113085260039655
"11713",67,1.07297302368364,0.208735074423048,8.49028619049732e-05,0.00924420028313385
"11208",44,1.13483783121136,0.221283654244118,0.011857693756421,0.0125195258511544
"11076",55,1.01361278290273,0.138700434142719,4.17555058549048e-05,0.0084437833803378
"12427",76,1.00479549314192,0.144032899091563,0.000210343360744083,0.00871413036881217
"11064",43,1.03529640805072,0.140025316274027,0.00023296092641549,0.00861427844964925
"11488",74,1.06996196778843,0.20234820594531,0.000192075326932562,0.00930838947101263
"11569",51,0.753096015249974,0.139254302843338,0.000457048807836813,0.0099513635082811
"11292",74,1.06122003866865,0.176922893858842,0.000197642727713216,0.00924584702861787
" 9947",45,0.994579895926415,0.160478090566344,6.57649217214751e-05,0.00913681540540692
" 9705",54,1.02678740632133,0.122736699821037,0,0.00721796384322432
"11623",45,1.06534520977807,0.21034995795222,0.00190492097335564,0.0106630972846672
"11643",50,1.09119041036861,0.210005682076034,0.00318246547124133,0.0108743888850701
" 9697",59,1.0249951150391,0.122773610456974,0,0.00706152929083726
"11595",44,1.05457271529684,0.228177587646126,3.3056442135133e-06,0.00917392583040583
" 9696",55,1.0193469317962,0.121905267943498,6.55909404470797e-05,0.00733572140911274
"10991",40,0.821608589200722,0.172478045938781,0.000957940896821275,0.0107968414398587
"10681",48,1.04942832567856,0.259738570521978,0.000637641370659276,0.0106846163086497
"11245",44,1.0086650147268,0.29653124453216,0.00065312570408047,0.0114440248269532
" 9855",35,1.04274563244955,0.148601070972157,0.000875821735306629,0.0100493070514067
" 9717",58,1.00684234548416,0.121622843525064,0.00039041397974336,0.00786531761759039
" 9858",44,1.04620032126582,0.15004877733164,0.000412857564140372,0.00948114370128983
"11238",32,0.868583962462975,0.279575731792285,0.00100526380345683,0.0117082004122188
"10989",32,0.586256462102748,0.166843834376147,4.62790189891862e-05,0.0101631378757566
"10715",55,1.12103163831755,0.297836356671795,0.000225479731616486,0.0105617318425166
"17235",56,1.39702471181409,0.663825779690498,0.00319447017917462,0.0121793281785825
"13095",45,0.726848929760181,0.28222842182217,0.000933235555857123,0.0114066632533191
" 5791",64,1.22998396696924,0.315460895807278,0.00248393065454365,0.0114944534660962
" 7338",89,1.03137490659071,0.197632396035436,1.1134801561308e-05,0.00826908269165606
"10887",51,1.00583614490539,0.195878353970455,0.00104597542166537,0.0100672185580292
"11311",84,1.04531985393902,0.161056874978053,8.2467124063437e-05,0.00833588614180475
" 9998",55,0.993606606999783,0.131752462182858,0.000262363761788319,0.00936080287365652
"10774",82,1.052109575718,0.174017210968628,9.56897009174903e-06,0.00885659610966609
"10312",73,1.057277505193,0.191129752351385,8.54248057281595e-05,0.00900102408476425
" 7450",88,1.03212710442152,0.196586968105702,7.22022288741063e-05,0.00897639611257128
"11301",77,1.0384250183723,0.140574765152911,0.000105084689734844,0.00886240967550215
"10323",79,1.00699318607443,0.16902633782895,0.000135879375302836,0.00893611258623591
"10978",34,0.91764642815238,0.209100010706736,0.00371571807726334,0.0113974797078961
"11529",61,0.925063296234783,0.116571290988329,0.0012430962055554,0.00966482662275662
"10786",75,1.07081387166271,0.213719749678245,0.000280457814325444,0.00949223823030449
"10627",81,1.03860591736612,0.16726254882844,0.000225131769067695,0.00846797667376366
" 7382",92,1.03025164956608,0.200490167622005,1.21786892076806e-06,0.00779813828628968
"10609",65,1.07312045094144,0.202834546927392,0.00226436628625661,0.0106538986102354
"11302",79,1.03211906416206,0.148946084117854,1.39185019516349e-05,0.00776698525888234
"12100",82,1.02402649269201,0.131966617177629,0.000138663075693163,0.0082898604632422
"10564",56,1.05466975075199,0.169348684316118,0.000140750850985908,0.01003125165888
"10236",46,1.0290578707321,0.157944381489547,3.07946855679923e-05,0.0104254520919835
"12097",79,1.00713256695339,0.125673941217871,6.64608468190569e-05,0.00822516070096097
"10232",41,1.25709362701917,0.202794592816378,0.0102925582119596,0.0120132931691763
"10573",53,1.02177137178617,0.146512879499317,1.39185019516349e-06,0.00994245964629581
"12979",68,0.984953881230379,0.123891401595457,0.000393023698859292,0.00928255017369662
" 9795",54,1.08659050345353,0.317441577308283,2.92288540984334e-05,0.00976045154089024
" 9655",51,0.991855033368873,0.180200273942738,0.00214692892603969,0.0111383157247734
" 9800",53,1.15959725606098,0.352450975991734,0.000734374959223139,0.0114789576099446
" 9695",59,1.02009167976331,0.124400577859327,0,0.0070221531322334
" 9714",57,1.01462177706655,0.125567412619958,4.33213373244638e-05,0.00773683619019402
"11090",50,1.08282507919082,0.272672330793192,1.04388764637262e-06,0.0103345224031683
"14746",20,0.302740164357983,0.128524410839213,0.000344308942028569,0.0112503870515044
"12194",32,0.86807354015028,0.186001300206923,0.00572746355309778,0.0116226260313567
"12553",86,1.06922287400447,0.192487768922955,0.000105432652283635,0.00895226723684733
"10873",53,1.05320188046113,0.280194888232936,0.000251402941501406,0.0105277123090334
"11119",64,1.05160659433675,0.213332470933206,0.000300291679606524,0.00945801886415058
" 7078",31,0.885609163114931,0.311076320586263,4.87147568307223e-05,0.0099908114291527
"12560",75,1.06679702420898,0.200417322107355,0.000113957734729011,0.00903564854995155
"12193",35,1.03179845584258,0.28007193132903,0.00695698921925033,0.0121354927143547
"11287",75,1.0574766223344,0.158016264861547,0.00404993610537698,0.0105754807753433
"10625",45,1.05034507984225,0.155027174469148,0.00434413844037966,0.0114126118702422
"11526",61,0.989595334238022,0.243477942972429,0.00704310995007607,0.0117824468022628
"11114",65,1.07223769354549,0.214996202107212,0.000301857511076083,0.0098577393127784
"10097",62,1.01149775786769,0.291716863683454,2.92288540984334e-05,0.00666643278794946
"11062",37,1.02542996238758,0.138631104977721,2.6271172433711e-05,0.00831736919412336
"12366",69,1.02032753539732,0.201470078816336,0.00274351071594164,0.0105673105311003
"12924",25,1.01148665021785,0.523521168868819,0.00311061120491601,0.0130888880426458
"12420",82,1.0501879319283,0.177144201573981,1.39185019516349e-06,0.00766564915185474
"11278",62,1.10493702550752,0.199718850402917,0.00370823688246434,0.010844081288665
"11123",59,1.02581137775741,0.18280691170733,0.00168727039908695,0.0106417738317985
"12419",82,1.04932250211344,0.180064260184044,5.2194382318631e-06,0.00778599712030361
"12864",23,0.367428640743915,0.0898503400597538,0.000476534710569101,0.0103317499077303
"15566",35,0.692189342972606,0.259390026948439,0.000982298275236636,0.0115382856180762
"15771",48,1.17091316308251,0.45531629018023,0.0023487472043384,0.0120331726195133
" 9908",44,0.968768073997153,0.120116628636459,0.000498108388594136,0.00926450338549897
"10436",55,1.03140046873822,0.271369935906649,0.000198686615359589,0.0107573511876797
"11861",45,0.996623747140306,0.192972826768435,0.00149971858528867,0.0106929523165684
"11664",58,1.09811930880739,0.223642865521171,0.000160584716266988,0.00977596694397404
"12404",75,1.01560018331977,0.169467069576437,0.000758210393815314,0.00875745811998878
"13297",72,0.954905244912479,0.141989329162596,0.00036031521927295,0.0088720026060804
" 9484",36,0.869239207623866,0.3273186042298,0.000786917304090561,0.0115291058435127
" 9925",44,0.980944956313006,0.123323160520956,0.000719934513448318,0.00972071844772534
"12210",25,0.928234788318737,0.209922449216337,0.0106507856559399,0.012595871199997
"11653",52,1.08761696169138,0.228214879902669,0.0010296211818722,0.0105608284028897
" 9481",30,0.819828523430946,0.31084451444757,0.000867644615410043,0.01149778343999
"10748",81,1.05942712708019,0.145027392541138,0.000135009468930859,0.00911907634125675
"10029",51,1.01877956157485,0.126962355862406,8.960035631365e-05,0.00863069573345954
"11662",47,1.08007795976591,0.238768778421938,0,0.0090691679309503
"12445",70,1.12083543860137,0.255406590951492,0.00124605388722012,0.00988140729540362
"10729",45,1.07535857957792,0.164335162297486,1.04388764637262e-06,0.00906884710955099
"10031",55,1.02697535924986,0.141331677001068,4.45392062452318e-05,0.00886620278118799
"10719",78,1.01943314564922,0.136486060877226,3.67100488974372e-05,0.00758923902131916
"11605",41,1.0256033122778,0.222970647181202,0.0017805243621629,0.0101690544723879
"10723",42,1.03610104397473,0.156329361023579,0,0.00913742023314654
"10566",52,1.00284803901998,0.139986042016627,0.00203888655464012,0.0104971732095214
" 9910",39,1.01781290048856,0.171505189181025,0.000698012872874493,0.0113536369801474
" 9659",75,1.04346311577332,0.18215312834786,3.61881050742509e-05,0.00872259162038125
"10716",41,1.01725123090188,0.159522099521111,0.000366578545151185,0.0101547522124472
" 9666",55,0.981116985923704,0.156803577372255,0.00048384192409371,0.00968340789483129
"10811",34,1.07262755848276,0.225982834284471,0.00111417608122838,0.011230650309073
"10810",25,0.937038741459386,0.200221775944512,0.00240877074400482,0.011054366446661
"12189",35,1.09093472828594,0.302085567537041,0.00569579896115781,0.012055109035743
"12548",79,1.08267545570863,0.200156239596491,0.000787439247913747,0.00925252621595108
" 7410",78,1.03826830720347,0.211752357311997,2.08777529274524e-05,0.0074945634899831
"12545",61,1.01323751364032,0.187202631104093,0.00157279072053475,0.0101715556285897
" 7364",79,1.03681154659415,0.212785034208677,6.6112884270266e-06,0.00744273981475859
" 5806",62,1.05330263471651,0.295748500734913,0.003301990606751,0.0115123120482232
" 9704",59,1.01741011557932,0.124259350347973,0.000185638019779931,0.00718620950808295
"12415",87,1.04402618247703,0.170630465814334,2.38354345921748e-05,0.00744422370757106
" 7351",80,1.03790436620404,0.210905555948251,1.87899776347072e-05,0.00755907906840066
" 9709",63,1.02841543277556,0.126698685520382,0.000103518858265285,0.00821431475086074
"10057",60,1.04888819130421,0.131282151566494,0.000111174034338684,0.00804189926213742
"12395",86,1.02530254084973,0.175109723181514,1.87899776347072e-05,0.00776627053137036
" 9733",65,1.00132018317901,0.130005003923852,0.000493932838008645,0.00918598812271578
"10055",67,1.04467412405889,0.129360071783185,6.28072400567527e-05,0.00781073660091629
"11637",50,1.0400465693757,0.227391566579355,1.84420150859163e-05,0.00918673914212599
" 9693",56,1.01059360432478,0.121245766653083,0,0.00720052565173959
"10061",59,1.03475104469872,0.131698449053502,0.000999870383950575,0.00867691145472528
"10271",39,1.00840056679036,0.136827119730701,0.000624244812530827,0.00977352172768373
"11566",65,1.02583018869255,0.205566476226646,0.000164238323029292,0.00955163397554415
"10528",60,0.99912020263894,0.15465341827187,0.00402679659588239,0.0112336939576955
"10617",68,0.989213271281723,0.165655921527092,0.000167543967242806,0.00973324110514624
"11645",55,1.05135575394895,0.232598568294721,4.76708691843497e-05,0.00906672340846309
" 9702",59,0.995955478051914,0.12060572295627,5.41081763369808e-05,0.00714900851698709
"11696",58,1.02781086394666,0.212441680311732,0.000650342003690143,0.0100272018490807
"10569",52,1.03219166658015,0.126180665075367,0.0011019973920207,0.00991334690962171
" 9720",52,0.995946574098724,0.119996131512167,2.3487472043384e-05,0.00726541554570815
"10875",40,0.926047669021306,0.233102296642313,0.000157105090779079,0.00990693463266899
"10255",39,1.06208687518775,0.287287624032843,0.000727763670796112,0.0108548765789685
" 9968",57,1.08369979520128,0.185971929172495,1.73981274395437e-05,0.00903504280585176
"12346",84,1.04365208188861,0.156775651279444,0.000197468746438821,0.00777964675357764
"11700",93,1.01276463236302,0.161773327298912,0.000176417012236973,0.00879627699088426
"11244",64,1.24832299814571,0.307460478760277,0.0103558873958396,0.0119160662079238
" 9971",54,1.0665586133014,0.179588965791777,0.000248271278562288,0.0093374288982471
"12340",79,1.02196192866058,0.135399587249193,1.73981274395437e-06,0.00747704081235753
"11402",54,0.956946615166236,0.133213603518083,0.000817190045835367,0.0099634750275873
" 9987",31,0.882427583810102,0.141279997605815,0.00116932814521173,0.010512826831073
"10178",47,1.07009018695338,0.226390856872219,0.000173633311846646,0.010252719490323
"12350",68,1.01619193236039,0.134129584148154,0.000165630173224456,0.00921045765387639
"11422",49,0.956097280653912,0.143107934693081,0.000738724491083025,0.0102237085113075
" 5804",57,1.19773606470918,0.318128741235103,0.00180592562822463,0.0118429392941967
" 9392",77,1.16001779942956,0.381584720492805,0.000843983162092264,0.00938786505262662
"10173",35,0.975681210161782,0.203537114149538,0.000663912543092987,0.0105106092428808
" 9391",71,1.13928006281693,0.369171827861229,5.13244759466539e-05,0.00910033451160523
"10192",33,1.17622194979105,0.324295227279849,0.0106514815810374,0.0129626690970211
"10254",53,1.09676693054094,0.280774994684857,5.61959516297261e-05,0.00929141021245686
"13099",53,1.02961301129599,0.151432465521205,0.000698360835423283,0.00988122544691933
" 9390",49,1.06453702107324,0.327100695986757,0.000383628710041938,0.00985048321782611
" 9186",55,1.25952627468655,0.653153477219651,0.00103727635794559,0.0117844050348049
"10253",54,1.08894403247449,0.279398148700239,5.2194382318631e-06,0.00916755149298303
"13096",61,1.02692841178813,0.140104385672005,0.000554826284047048,0.0105554620001401
" 9185",49,1.2105962163317,0.642804299284972,0.000373711777401398,0.0116930855576901
" 9790",49,1.0003380344328,0.125020847478841,0.000344830885851756,0.00977190498608909
"10249",53,1.05931653677608,0.269995617200427,4.71489253611634e-05,0.00907672982496112
"10624",47,0.98007550434781,0.215901284404415,0.000859815458062249,0.0105779602959019
"13026",58,1.03397469593876,0.146795019836104,0.000308990743326296,0.010193901693915
"10062",73,0.926653505185088,0.141645776923974,0.000954809233882157,0.00958213382428843
"10259",57,1.08711619964431,0.286841184747413,0.000698012872874493,0.0108725073119801
"14862",26,0.540409593474886,0.242404528821867,0.00108720898369708,0.0123110228633739
"11706",65,1.00189529988956,0.190899710665569,0.000200252446829148,0.00947255913867901
"12345",80,1.03461404052563,0.146062897072297,0.000116567453844943,0.00786051152891236
"11415",62,1.01807426252729,0.140039949478625,8.87304499416728e-05,0.00931073660568496
"12357",67,1.02152490955315,0.139970658083997,0.000402592668951041,0.00815816562020717
"13920",9,0.119532835124099,0.0390878385556905,0,0.00933823478815939
"10298",50,0.98577501611679,0.122337718736266,0.0007587323376385,0.00962656132820357
"12729",52,1.10229935504529,0.230519440132486,0.000200600409377939,0.00966714375115344
"12739",54,1.0860382443311,0.231024728646767,0,0.00948766602402581
"10449",53,1.0272391051516,0.138837345956296,5.86316894712622e-05,0.00848161941533954
"11499",66,1.03688031504675,0.132695378523161,8.17711989658553e-05,0.0088599255179657
"12691",50,1.04779456797478,0.228923304795911,4.85407755563269e-05,0.00945766078445173
"10534",59,1.01075302250358,0.120148848739248,0.000181462469194441,0.00888061836869716
" 7342",73,1.0352341309272,0.207237036610048,1.68761836163574e-05,0.00789900352917771
" 9295",48,0.961067034465691,0.305928894356752,0.00225114370940256,0.0107098094564722
"11254",62,1.02369077951557,0.136783271134635,0.0042893343389451,0.011029500500646
" 7437",95,1.03184052109656,0.201922209825822,6.26332587823573e-06,0.00783180590744792
" 9293",34,0.944922797338772,0.287734019469079,0.0018341105946767,0.0107447059215045
"10205",52,1.04851534713462,0.17311616416548,0.000221826124854182,0.0100055802434816
" 9874",33,0.98990731387629,0.145924753415033,0.000615545748811055,0.00977149074586761
"10156",44,1.02505331905988,0.161500416306201,0.00108912277771543,0.0109830433192228
" 9396",40,1.15453555054807,0.255760930707353,0.00318490120908287,0.0116001070168941
" 7411",78,1.03479918509206,0.207910494172006,0.00019903457790838,0.0084449731487012
" 9388",48,1.06100374225124,0.33585510136487,0.000378409271810075,0.0100096184887623
" 9296",34,1.14218916854673,0.550665405819977,0.00127075922818427,0.0120359539559707
"10204",37,1.01325470923369,0.158515266301972,0.000493584875459854,0.0101272814617286
" 9875",32,0.952011164308031,0.140076370456186,0.000623548887433246,0.0106770598541741
"10163",31,1.04863876898836,0.171674666663863,0.00907364540354522,0.0130105478044498
" 9399",42,1.19390289543693,0.269288385207039,0.00498247573613652,0.0117608110759719
"15136",21,0.80260128667555,0.165248571053871,0.00196790219468679,0.0118673692913243
" 9297",36,1.10589392501288,0.498106108543474,0.00112357107004573,0.0118132046936912
" 9945",49,1.04767758983943,0.199953559824966,0.000358575406528995,0.0100751235338182
" 9467",52,1.04992980291881,0.150887465021047,0.000488191455953596,0.0101034330854798
" 9898",45,1.0024728622271,0.182270019164966,0.00114636261699153,0.0105029503743759
" 9470",37,1.02942822679405,0.157796620970358,0.00138645677565724,0.0108216897342527
"12792",77,1.04554321989549,0.140855919210487,0.000186855888700699,0.00906757813045701
" 7332",92,1.03270106156088,0.194017688591318,0.000259232098849201,0.00852625446160709
"12731",51,1.08175381258029,0.225605244221871,0.000376147515242934,0.0097214194241021
" 7478",79,1.04794494725656,0.194792643283022,0.0011437528978756,0.00931659224111723
"10072",67,1.01638560160453,0.132888040399338,0.000794398498889565,0.00850375000638794
"12694",53,1.07811991166322,0.223847758116155,2.52272847873383e-05,0.0095538254527967
"11235",93,1.06236256549596,0.189076376233727,5.56740078065398e-06,0.00750992792043089
"16962",17,0.721919075282275,0.41330013959702,0.000120569023156038,0.0123367108165564
"15617",25,0.699252583728307,0.171205487837537,0.00384289838884641,0.0122313213233785
"15697",28,1.01939394556809,0.384185531522185,0.00529164046073721,0.0129690808538842
"11354",92,1.04539409292118,0.188473321741093,2.12257154762433e-05,0.00769850635603446
"15603",28,0.848431264405332,0.191725797397249,0.00243556386026172,0.0121062002479634
"15664",17,0.509653878058439,0.167255428365804,3.34044046839239e-05,0.0121364893848156
"10415",47,1.06318327804431,0.179393059786857,3.56661612510646e-05,0.00909755073687953
"11350",66,0.972881053812625,0.164823916845079,0.00239885381136428,0.0106944591552893
"15479",18,0.767433006067917,0.19802254836099,0.00420077787027782,0.0125283916129331
"15537",24,0.637808826969381,0.190115845929483,0.000809360888487572,0.0119006766949621
"11213",81,1.01292035908219,0.144334268129899,0.000314384162832554,0.00929921621872144
"15610",25,0.661835261147458,0.205408368728492,0.00156617943210772,0.0121931117073088
"10416",50,1.04539144646704,0.183156530700488,0.000175199143316205,0.00916705965011594
"11209",64,1.01857501760462,0.148162995217318,0.000233482870238676,0.00928844573203274
"15770",22,0.651105511437674,0.167719881532709,0.00082240948406723,0.0119635486453425
" 7895",48,1.05743366754266,0.361099835466377,0.000118481247863292,0.00903011918071787
"11231",4,0.500855509190958,0.0958605288180539,0.000429733747756729,0.0113760484802071
"10682",50,1.06046149564109,0.231361856233898,0.000655561441922006,0.00994443401824894
"15717",11,0.673249983872171,0.149176416940411,0.00171789110338054,0.0121177732770946
" 8503",59,1.03807196153894,0.179847349341574,2.64451537081064e-05,0.00864635054739374
"13825",20,1.01646857271128,0.553648377021019,0.000106650521204403,0.0114346569815462
"10317",43,1.07057574358495,0.162485621426325,2.78370039032699e-06,0.00840136195469136
" 8563",58,1.04074837091908,0.177952194130826,0.000257144323556456,0.00897970135031546
"13811",13,0.975829753882584,0.502029131076751,0.000720804419820295,0.0116181594750027
"10311",43,1.03481478407093,0.156299251300576,8.17711989658553e-06,0.00850200791699029
" 8538",56,1.03592560302238,0.179883630511472,3.23605170375513e-05,0.00849757722004659
"10307",42,1.02845749836828,0.160859706314927,2.99247791960151e-05,0.00867237499277447
"10227",31,0.60548010821419,0.0937384986938822,0.0016813550357575,0.0108016999688456
"15303",29,0.844427398906747,0.411348850083347,0.00303788703221872,0.0123685560650113
"10292",19,1.03350570510662,0.189828610223826,0.00419451454439959,0.0115095527453657
"11103",45,1.01963468355908,0.15205412357624,0.000364838732407231,0.00994891504704665
" 9503",51,1.07366900212094,0.163431487794361,0.00065730125466596,0.0102223650392979
"16284",33,1.31806704525534,0.668241129067162,0.00470688939749415,0.0130054811479434
"15600",11,0.32628235133435,0.0822060292349707,0.000256796361007665,0.0108859939951455
"15679",10,0.240104885482443,0.0928899584617098,1.73981274395437e-06,0.0106421469073175
"15730",16,0.382179012266322,0.217893987225148,2.55752473361292e-05,0.0112187851708749
"15856",26,0.697354723152785,0.239704241648184,0.000876517660404211,0.0114737245759193
"17381",39,1.35019757338062,0.705422691922373,0.00311008926109283,0.0127308261174087
"15700",26,0.625357600630932,0.190601219473764,0.00119977486823093,0.0119337153221705
"16287",30,1.10170380206479,0.534474137727074,0.000852856207086431,0.012642563422178
"15841",27,0.823009342956688,0.369480407351285,0.00216276122200967,0.0130433295440528
" 9830",39,0.981724732276458,0.163003473472009,0.00253473318666712,0.0108395727278761
"16281",42,1.06999846738304,0.48428675332831,0.00141585961103006,0.0121811680142541
"16285",31,1.15076789985466,0.529639003046467,0.0016545619195006,0.0122583545994147
" 7830",58,1.03877352668906,0.298285824660883,0.00192318900716716,0.0112023430476378
" 9978",44,0.99046278864429,0.140603602140037,0.000177982843706532,0.00964959686962918
"13029",61,0.999561162146277,0.143016844905813,0.0002211301997566,0.00938635533735483
"10315",31,0.944417649206732,0.141224532218067,2.78370039032699e-06,0.0084290939511171
"10618",73,0.96588217946737,0.196410327969829,4.87147568307223e-05,0.00889942708453063
"10365",53,1.05098393239649,0.154193221085317,1.06128577381216e-05,0.00915559301014774
"11206",85,1.04618155692999,0.14841459467462,1.9137940183498e-06,0.00713225710539647
"10557",83,1.0000360007779,0.151225071674591,0.00125005545653121,0.00995013099727967
"10366",45,1.03086300094658,0.151962161481027,0.00120899587577389,0.0102882239869228
"10579",81,1.01058419651252,0.155596509689427,3.82758803669961e-05,0.00854704619324985
"11205",84,1.02359105807977,0.137201307364779,1.56583146955893e-06,0.00674445892470933
"10575",36,0.988224037531084,0.14373357850799,0.00317150465095442,0.0107800325721511
"10501",82,1.0521040964812,0.160199577899034,2.66191349825018e-05,0.00817521510762496
"11224",65,1.04850188729547,0.140438930661483,0.000402070725127854,0.00896718859324232
"12836",41,1.23263573035248,0.486039357193614,0.00206463578325065,0.0119166343575755
"10504",75,1.04195356065668,0.162949276170161,0.000199730503005961,0.00853500012438846
"12855",31,1.00094535851547,0.384459747253141,0.00161767788932877,0.0116910743599605
"14657",38,1.30769924433079,0.474354104834488,0.00741438598963594,0.013061272834708
" 9524",36,1.20430270058489,0.435338075292029,0.00328076489127475,0.0122127409896883
"14068",11,0.44811619591799,0.0731182453562803,0.000247923316013497,0.0105003904137763
"13990",21,0.671100500319913,0.263669733024702,0.0012926808687581,0.0120383622390131
"13775",16,0.797973116626642,0.168464063207231,0.00115732343727845,0.0107259156747502
"13079",72,1.05221451125746,0.160179027197314,0.0004956726507526,0.00917612216626447
"12633",64,1.05270862306764,0.149960277676689,0.000442086418238805,0.00949091364007816
"14050",9,0.17882444660775,0.0337147715555972,4.59310564403953e-05,0.00991983011093045
"13678",18,0.460618887322403,0.214949578720657,9.77774762102355e-05,0.0108283335201356
"14651",41,0.751940812442773,0.25821709036043,0.00148649600843461,0.0115352564080981
"15273",19,0.440925287290717,0.183565502420045,0.00171040990858154,0.0122958407233023
"13121",64,0.96983161056948,0.145445447398821,0.00108129362036764,0.00993280942120496
"12649",68,1.0716146237242,0.165145815691328,0.0010750302944894,0.0101720039582183
"14755",24,0.51136567501602,0.149334589789093,0.000435475129811778,0.0112057599247752
" 9831",31,1.0357023537787,0.379725234137075,0.00147257750648298,0.011910476295152
"12679",84,1.06180033428307,0.156225585078957,6.66348280934523e-05,0.00821413031059795
"14772",21,0.447025345535762,0.138772736649323,0.00075072919901631,0.0113562678662385
" 9840",36,1.50741892121536,0.617233658415954,0.0186480089148005,0.0136995581635867
"15570",19,0.502068089800924,0.169264585989169,0.00213683801212476,0.0118703169060964
"15686",13,0.222036386633698,0.0851060197786345,9.09922065088135e-05,0.0102229613218307
"15850",24,0.404298768415812,0.198338312660476,0.000144578439022608,0.0110525920007862
"15778",13,0.195715477376702,0.0759362018265433,1.73981274395437e-07,0.00913744517666524
" 8511",71,1.02606852691489,0.183455744673369,6.43730715263116e-06,0.0077941840829258
"11159",39,1.06877371910987,0.19635503679906,0.0029472427882587,0.0110491655427888
"15529",19,0.296716765284038,0.111726530257633,0.000182158394292022,0.0112498732487935
"15718",21,0.302541917147361,0.118306160255648,1.09608202869125e-05,0.00992118641250581
" 8566",73,1.0248589008657,0.183380943182735,4.69749440867679e-06,0.00774857711375718
"15595",36,0.882142268489529,0.302912062834774,0.00161802585187756,0.0114991238583584
"11124",51,1.03972086377376,0.187656047406726,0.00134713700764387,0.0109161866750205
"15694",29,0.456055212946692,0.136384342739628,0.000359619294175368,0.0109465197248567
"15814",8,0.0884575798619859,0.0267786540471789,0,0.00959631625577029
"15893",22,0.382132796421026,0.139479285089054,9.69075698382583e-05,0.010642203134543
" 8506",75,1.02469930358874,0.184166063213691,4.71489253611634e-05,0.00803171460284931
" 8275",71,1.04756636261829,0.188772053470367,8.4032955532996e-05,0.00943074916420802
"15708",39,0.447529032022247,0.220641714517603,0.000339959410168684,0.0115391384788969
"15854",14,0.212143339497863,0.102384977702146,6.08934460384029e-06,0.00933256218078209
"15905",25,0.425113747930576,0.123024008792471,0.000469053515770098,0.0114214314813816
" 8269",64,1.02416333209068,0.180495771252955,0.000857553701495108,0.0101535742216
"15860",28,0.737653229813916,0.208438107403735,0.00227410923762275,0.0120245120199202
" 9449",54,1.0057108318879,0.134163066731156,0.00225131769067695,0.00861384434604644
" 9812",55,1.05690901997539,0.143337442699012,0.000170153686358737,0.00859586604823739
"10008",63,1.02105044800141,0.139771240182766,1.20047079332851e-05,0.00860754120156503
"11451",66,1.18545050366004,0.251584593739326,0.000317863788320463,0.00939110648802199
"16318",41,0.803495507983474,0.385672021408563,0.000338915522522311,0.0116125203029894
" 9451",51,0.973160361951732,0.12115585097094,0.000235570645531421,0.00806970580446443
"11450",47,0.899831339805459,0.19042155647475,0.000678005026319017,0.0103211746869447
"17504",30,0.925167288552734,0.477978525467472,0.000732635146479184,0.0121580127812314
"10727",48,1.05540067581735,0.164723446819649,2.59232098849201e-05,0.00886684027890216
"10265",51,1.09139578500556,0.33640250593857,0.000143012607553049,0.0107603458373056
" 9939",65,1.04291020604207,0.137844524751407,2.78370039032699e-06,0.00763883486245375
"10582",41,1.02691762289678,0.141616078277097,0.000161976566462152,0.0108987411466045
"16320",33,1.16603306329673,0.609944848789894,0.0011590632500224,0.0124451523563529
"14876",20,0.240845608325687,0.0769653376903554,0,0.00890226588516854
"10722",51,1.07671649379352,0.175877484880526,0.000274194488447208,0.0094099631483982
" 9944",54,1.03720802320419,0.148103165871911,0.000241312027586471,0.00890056535035982
" 7227",49,1.02859542204858,0.308468931973296,0.000478796467136242,0.010598049180818
"10717",37,0.966075676869543,0.15346249841457,0.00097794874337675,0.0107472159715574
"10526",79,1.02025819364818,0.130138070982093,7.30721352460835e-06,0.00730251475267434
"10015",74,1.00820500804109,0.165665630404805,0.000671915681715177,0.0101727601122449
" 9755",31,1.0930727361657,0.177696323168701,0.00296672869099099,0.0119457957362113
"10536",64,1.02142957874007,0.124409096545609,4.15815245805094e-05,0.00826983221261313
" 9753",29,1.04780992208828,0.177151373898972,0.00959941681476823,0.0128869496048692
"12546",75,1.02485624386737,0.164696684716598,0.000508721246332257,0.0100661954411421
"11176",74,1.01201505380158,0.145829308652055,0.000207907622902547,0.00912677491278357
"12567",66,0.953248759828477,0.161234743346138,0.000125266517564715,0.00970000472438522
"12412",89,1.03206294657781,0.156076129614914,2.48793222385475e-05,0.00775208943231726
"12465",72,1.05535414158448,0.200707164907449,0.000414771358158721,0.00915543039302285
"12431",85,1.00637908681158,0.149518978813267,0.000119003191686479,0.0084765471860049
"12080",67,1.07339544447631,0.205628031038448,0.000494280800557436,0.00960708006054073
"12803",57,1.04003070810006,0.133305369876952,0.000170153686358737,0.00922846220492011
"12271",59,1.05064941856752,0.150861240521373,0.00072289219511304,0.0097085134711806
"12893",67,1.0521461630251,0.135577195242646,5.91536332944485e-06,0.00885451250359552
"11818",53,0.983519791275687,0.132893192922371,0.000719586550899527,0.00991735343024629
"10962",51,1.05369898975197,0.143441548831609,0,0.00818490375771465
" 9869",41,1.04201492963302,0.202456818145621,0.00160428133120032,0.0106762855324312
"11361",96,1.07057855775276,0.192002062336239,1.65282210675665e-05,0.00777184072601277
"10961",50,1.05491715370852,0.142192634270006,3.47962548790874e-07,0.00849148009585686
"11369",89,1.06560925642586,0.19075546057775,1.67022023419619e-05,0.00782404762344486
"11772",38,1.25415544821593,0.612980548951887,0.00665582763327183,0.0129185534373491
"10954",94,1.05638481030285,0.1660168200017,7.13323225021291e-06,0.00686308719375066
"13961",51,1.21028917486593,0.556415664726284,0.000334044046839239,0.0110773790058298
"14491",37,0.676646063878605,0.247317971062972,0.000589622538926135,0.0110241524952579
"11194",92,1.03001977641082,0.162689309448491,0.000309164724600691,0.0082718766819495
"10247",56,1.07720548611088,0.271169353725499,5.2194382318631e-06,0.00871945104420188
"10667",46,1.06595409516272,0.241911741413503,0.000112391903259452,0.0094687986647258
" 9981",58,1.0433482404826,0.151343286756455,1.44404457748213e-05,0.00878630488078199
"14860",45,1.55674680573584,0.725765804783164,0.00905328959444095,0.0134648363478679
"13966",57,1.21634817086135,0.560883902147614,0.000286373177654889,0.0110379941944136
"11184",91,1.02294693992834,0.164276888364908,1.16567453844943e-05,0.0072650606727812
"12117",59,1.05034153330818,0.144558039745447,0.000649472097318166,0.0102994324200338
