"node","degree","strength","eigencent","betweenness","closeness"
" 5539",62,1.03150907384781,0.195180226800596,1.23179819489908e-05,0.00858594532850107
" 8359",26,0.515869621790735,0.16503322613664,0.000295234212519361,0.0105618019840966
" 8401",59,0.87151821604233,0.295083169398325,0.00074344981376006,0.0105636887259658
" 8670",59,1.0260155855521,0.417686339337917,0.00276479091616381,0.0118777034008409
" 8297",33,0.815760309566328,0.263248886164341,0.00139431608577448,0.0112507419885968
" 8668",47,1.14269535291371,0.47005956511026,0.00218028280497138,0.0118832166690468
" 8671",49,1.04348054083596,0.436710188166159,0.00314148275124908,0.0123498020413296
" 4687",53,1.11115296903302,0.41640280704067,0.000284108293339627,0.0101025904088596
" 7662",47,1.11237259734946,0.518843726776028,0.000894047076942884,0.0119773410554023
" 5542",52,1.03460359385398,0.195271618978522,0.00148133666793025,0.0101945409913513
" 7660",44,1.02667996282502,0.472976571755257,0.000718813849862078,0.0118230363687856
" 8159",51,1.00937617573745,0.404046815900301,0.00724575486580155,0.013230313963314
" 6164",37,1.01839157770184,0.202820551255136,0.00134266003244,0.0102804293124883
" 2991",38,1.08497888423258,0.550260246042545,0.000399341027701155,0.0108961603870332
" 6163",38,1.02266017477654,0.20390688272126,0.000197882419696692,0.00974950413269103
" 6161",38,1.04354574163749,0.216314256390375,0.00119762572884704,0.0108830338280262
" 6904",52,1.03804212664801,0.220993396479496,3.77486543598106e-05,0.00893146876525208
" 6604",26,1.0494400569407,0.208320303113271,0.00272585019903475,0.0114993687312952
" 6906",48,1.03041100156156,0.217344660471036,6.59608065655638e-05,0.009076688519517
" 6918",45,0.953688007635286,0.186495871337442,0.000830867750172253,0.0103780190075973
" 1488",32,1.11375341366831,0.719494216873237,0.00261260423595532,0.0139237242252376
" 8548",61,1.14635831717158,0.446693257640483,0.00143603828269848,0.01205884102975
" 7670",49,1.19426079387527,0.537434403155534,0.000986630618688524,0.0119785645285418
" 7665",43,1.17788537249664,0.532466888794922,0.000436692327804546,0.012005110655991
" 7663",38,1.03415390325947,0.45401672527689,0.00121272519059097,0.0117534811387786
" 8178",34,0.99488190499217,0.46100814897559,0.00137842191551772,0.0127224966759072
" 7032",47,1.00574928949486,0.170468279459497,0.000833649229967186,0.0105583075333137
" 8176",36,1.03016575855384,0.475618012010903,0.00254306724108198,0.0128123834997944
" 7029",34,0.891581502265353,0.149488935715246,0.000952855506892904,0.01011654860453
" 8331",40,0.859597813428847,0.309876037016947,0.000913120081250998,0.0111066982636903
" 8325",45,0.841397040248853,0.343134201069964,0.00137643514423562,0.0119181955480271
" 8649",41,0.865641794819527,0.373295153745559,0.00314942983637746,0.0128531189511959
" 1308",58,1.20677224310448,0.638666968153685,0.00110345277007573,0.012144947114862
" 8460",64,1.05566032002331,0.388356118710613,0.00109312155940883,0.0107012976290186
" 8478",47,0.975279480521052,0.361758898962361,0.000447023538471442,0.0113403256877891
" 2314",45,0.869225630450666,0.418053701404574,0.00224028329769066,0.0119038282719254
" 9161",32,0.886515549938577,0.209189624328003,0.000310333674263285,0.00999274146399061
" 9160",26,0.825617707799142,0.199088417704391,0.000172054393029453,0.00996174206192866
" 7664",58,1.16605538094855,0.512518870516297,0.000601196989962037,0.0112887574713368
" 8386",67,1.12628107021273,0.424263212664001,0.000307154840211933,0.0104849780665586
" 7682",57,1.08476757139347,0.465593967691727,0.000607952012321161,0.0114375456127543
" 8353",62,1.02890438739611,0.398866807428214,0.000302386589134904,0.0103874763895925
" 8166",53,1.10236679733535,0.469821047294469,0.0010402734433051,0.0119952511989154
" 8277",34,0.878117649874386,0.364999997771976,0.00352254548315496,0.0128066509391605
" 8354",61,1.04975849421751,0.356452424392132,0.000584110756936017,0.00952276878888063
" 8355",57,0.82182202478188,0.322502136165264,0.000599210218679941,0.00988836655853013
" 8902",53,1.06023753176723,0.473211685332779,0.00100967716556083,0.0121089703957744
" 8912",24,0.661116860700769,0.249979494023437,0.00416784879557951,0.012564175251983
" 6893",31,1.02798118659068,0.206186058781893,0.00175312697932089,0.0110204266621403
" 6899",39,1.00450589023978,0.191653925370848,0.00173723280906413,0.0110667599533379
" 8656",65,1.11833746434957,0.465194354238184,0.000433910848009613,0.0110942838380763
" 8660",59,1.11752853362355,0.46150606043262,0.000526097035498835,0.0109977138114851
" 8945",44,0.945687570796373,0.3575207673911,0.00229591289358932,0.0122069867192546
" 6162",30,1.02299797735689,0.197254718903852,0.00138835577192819,0.0109236830186246
" 8380",58,1.11973881727375,0.493859524302387,0.00311525737032543,0.0127251322512565
" 8263",46,1.06071896787862,0.402839929293734,0.000490335152421119,0.0109271085835099
" 8275",57,1.04241001435944,0.405032856421292,0.00157511227244515,0.0120021817802014
" 8669",58,1.09306680471571,0.44281222877686,0.00303300503924668,0.0125152732851556
" 8663",59,1.04160914363603,0.407088978749175,0.00391751561403551,0.0125796404547139
" 6908",51,1.02053288914753,0.204549514606274,0.000475633044933614,0.00956271762800109
" 6909",44,0.967959283216053,0.184954467168026,0.000650866272014419,0.00973696285228801
" 5000",28,1.05500901582143,0.245920419397813,0.00229154199676872,0.0119720088556688
" 7330",36,1.02464330931524,0.201756869508195,0.000303181297647742,0.0102800123181793
" 7331",37,1.02763491175105,0.19468735323237,0.000319075467904505,0.0104075701328472
" 7335",27,0.998404918660995,0.179980570549025,0.00010966977477166,0.0101136793278615
" 8718",58,1.13960962764416,0.483039146720151,0.000917888332328027,0.0112178069367915
" 3295",58,1.0433982708866,0.417648070440199,0.00434188995989106,0.0136093772558846
" 8720",68,1.09809209200732,0.462108062043185,0.00014344488656728,0.0106921987078324
" 8851",44,1.27755469672823,0.5897357923684,0.00468957493425774,0.0133765091145947
" 8846",30,0.810930195843821,0.407725100225296,0.00149882025521269,0.0129708182470163
" 2946",43,1.12183999420348,0.606147830107798,0.00038861246277784,0.012507422220462
" 7316",41,1.16082004180562,0.316943267583909,0.00138676635490252,0.0115736435861715
" 7327",28,0.991934826804708,0.276029869774782,0.000746231293554993,0.0116341534922796
" 2309",39,1.13747376284994,0.626125464014103,0.000308744257237609,0.0126094673412439
" 7710",30,1.01031847513621,0.179262938303457,0.000221326320825416,0.0100846622219151
" 1995",41,1.06950499579928,0.557003043220715,0.000151789325952081,0.0105711905486298
" 1362",36,1.1977017743596,0.750378664768396,0.00108398241151119,0.0139859390851978
" 1746",45,1.0658460178899,0.532244947420205,0.00137365366444069,0.0132758786531736
" 3200",42,1.06817126138936,0.607472057411636,0.000357221476520734,0.0109516162882366
" 3164",41,1.06872642494682,0.590624852264476,0,0.0106137470677152
" 4196",17,0.445182662524466,0.175698580234349,0.00155961545644481,0.0123309743161007
" 3160",42,1.06354688689206,0.588778286801458,7.94708512838119e-06,0.0106128286873886
" 7328",31,1.02186996285173,0.184242769622955,0,0.0100486291627103
" 7336",35,1.00461268884682,0.180590506397217,3.97354256419059e-07,0.00993795800374197
" 3132",37,1.06211135179544,0.588264321925674,6.95369948733354e-05,0.0108726053186319
" 1359",51,1.15629426900571,0.631978003159465,0.00146623720618633,0.0125287317231219
" 1935",44,1.08145575135224,0.568197036441063,0.0001688755589781,0.0101604065142765
" 7852",39,1.10143402959761,0.467047667314074,0.000276955916724084,0.0116722247395347
" 7857",31,1.01865492923094,0.443668114297545,0.00095881582073919,0.0118997661592179
" 8192",66,1.07718377989896,0.424183810456401,0.000699343491297544,0.0103422015267619
" 8193",57,1.05567975007399,0.407716301932922,0.000384638920213649,0.0103764099567241
" 7084",39,1.08622505905688,0.433043900770031,0.000429937305445422,0.011456204314315
" 8914",40,1.05683947708014,0.385185058269038,0.00158345671182995,0.0125422764829663
" 2360",36,1.1635036693986,0.649702732254868,0.00087020582155774,0.0127705877640342
" 7085",32,1.11291299265899,0.439036378490113,0.000413248426675822,0.0118140359357849
" 8913",21,0.743615283180416,0.254410983260718,0.00248107997708061,0.0125055021112586
" 7078",32,1.04114085712091,0.369497113907013,0.000864245507711454,0.0116598127629223
" 8268",10,0.141341322640414,0.0542963381542851,7.31131831811069e-05,0.00997102499291835
" 8267",1,0.0209866576637734,0.00944752064048354,0,0.00812101984803705
" 4661",27,1.04801442297495,0.267783499168971,0.000404506633034602,0.0122979675807519
" 8674",61,1.02800720852685,0.440699652671323,0.0001521866802085,0.0106746158347871
" 4325",37,1.22306172720659,0.691150283977282,0.00765145356160541,0.0142928661115844
" 1340",43,1.31346691949084,0.878436347502813,0.000263843226262255,0.0125678695178772
" 7915",68,1.01253695614422,0.375664979981657,0.00046887802257449,0.0107216307615087
" 1471",51,1.23563819440425,0.794653934067591,0.00261935925831444,0.0136926468213726
" 2796",42,1.15317213232676,0.689642933207178,0.00137961397828697,0.012694307832784
"  972",31,1.11657220561185,0.590657161851417,0.000716429724323564,0.0110141977803718
" 4328",34,0.916127252891123,0.420508176993501,0.000932590439815532,0.0136785432323938
" 3283",18,0.185237540907433,0.0732181229131617,0,0.0103744190390916
" 2429",43,1.14884999771563,0.686699858294148,3.97354256419059e-05,0.0126129787876964
" 4560",43,1.18571194602009,0.428114365942524,0.000489540443908281,0.0127925276117823
"10060",59,1.14062917601937,0.432857844000932,0.000892855014173626,0.0118582789643614
" 2035",34,1.11397309363835,0.587122191983063,0.00093775604514898,0.0109833126644861
" 1360",37,1.22848127383527,0.770595692042109,0.00604256617736464,0.0140734775873509
" 2367",68,1.11212812612264,0.29672232944433,0.00342757781587081,0.0124249313206428
" 4188",33,1.15420012209456,0.593754046055568,0.00468997228851416,0.0128483564834303
" 5204",45,1.23033925208985,0.539051260489253,0.00279657925667734,0.0125414196450293
" 2280",35,1.14641139581136,0.595188306237169,0.000166094079183167,0.0120689309904246
" 4762",51,0.964848758308623,0.472479173016364,0.00332863660602246,0.0128363502113293
" 4393",15,0.314413736900645,0.128890478042236,0.000209405693132844,0.0111131476568952
" 5754",42,0.976698409457742,0.473327427788447,0.0010966977477166,0.0124643045253474
" 1380",12,0.21024437276251,0.0705355473262368,3.49671745648772e-05,0.010897613631106
" 2700",37,1.12064261025186,0.584000598286558,3.97354256419059e-05,0.0119805146132388
" 4748",32,1.1728357682276,0.724369704402072,0.000449805018266375,0.0122140454357769
" 1228",28,0.918591423917333,0.238278290755237,0.000811794745864138,0.0115667602371872
" 2705",35,1.1116107784824,0.578935046892133,2.98015692314295e-05,0.0119939169260948
" 2232",48,1.36403458395514,0.717400309792589,0.00297141512950173,0.013957078193005
" 4198",34,0.849183560511415,0.422842791543779,0.00151074088290526,0.0130877872400799
" 7090",23,0.809725454239643,0.345620968257129,0.000169670267490938,0.0112463687761904
" 2410",48,1.25431502627571,0.640737707770148,0.00165935137480599,0.013548294837732
" 2286",73,0.964469108648323,0.251491554200567,0.000952458152636485,0.0114307148016971
" 4366",49,1.10927171217931,0.55876764551631,2.30465468723054e-05,0.0110048887448585
" 4524",31,1.1509117290251,0.559133664557195,0.00154252922341879,0.0124094864287261
" 5691",41,1.03014384263287,0.501712423433765,0.00170425240578135,0.0122218657885869
" 4387",54,1.00579891511335,0.383120408371789,0.00551527707909654,0.0134554412946001
" 6753",40,1.05197429732441,0.384189830689039,0,0.0100259777170421
" 6748",40,1.06516174882429,0.395387526805566,5.96031384628589e-06,0.0100957461366224
" 6750",37,1.06440080032538,0.396819110556286,0.000859477256634425,0.0104652941535821
" 6756",36,1.06345548277601,0.395803090181772,0.000710866764733697,0.0105496830969095
" 9913",72,1.07754876894726,0.397529300388423,0.000644905958168133,0.00982299003853554
" 2950",48,1.17416488289783,0.478374165979712,0.00385393893300846,0.0133413373528941
" 2363",46,1.2138537846198,0.662605590107425,1.43047532310861e-05,0.0123841109839863
" 6381",52,1.05472349146419,0.339088077871483,4.76825107702871e-06,0.00958066262667039
" 6390",54,1.05352761481463,0.340702495979537,1.86756500516958e-05,0.00949127143945624
" 6383",51,1.0572425873877,0.338695571788035,5.56295958986683e-06,0.0095068902766947
" 6380",55,1.05159806559407,0.339330789170488,4.76825107702871e-05,0.00978027970943965
" 6369",49,1.03749057875004,0.334551827104902,0.000530865286575863,0.010368654001862
" 2975",36,1.05879443240993,0.55018633386399,0,0.0104564239070071
" 1662",29,1.31031058400628,0.843285053071656,0.0116424797130784,0.0144108565847541
" 7924",33,1.12670545345678,0.449100082169724,0.00255300109749246,0.0128330196824036
" 7577",38,1.12309427946877,0.424667619729137,0.000702124971092478,0.0119803165210768
" 2379",28,1.02782557799668,0.571189119715853,5.24507618473158e-05,0.0121156169115999
" 1460",41,0.762254272374424,0.521870355853246,1.43047532310861e-05,0.0115154354777747
" 1345",42,1.31590487708586,0.890255005493437,0.000521328784421806,0.0126198318493044
" 2986",36,0.809159398794796,0.416263171942628,0.00215842832086833,0.011811998986642
" 7848",38,1.08733336595198,0.415906494195006,0.000410466946880888,0.0116634063867497
" 1134",40,1.00477478307891,0.506750365117475,0.00254783549215901,0.0123023837484192
" 1337",39,1.30593513498256,0.886392012648246,0.000547156811089045,0.0124195184689114
" 4747",30,1.12530580362592,0.700913779672835,0.000334572283904848,0.0121195005283579
" 2211",42,1.23841935397378,0.625638873493269,0.0101587589196097,0.014628864528206
" 1226",19,0.995314271822965,0.26212159907877,0.000775635508530004,0.0120077619858835
" 4379",64,0.96434364813122,0.206905068394354,0.00251723921441474,0.0118771843355753
" 4952",51,1.03663934571947,0.465615212950518,0.000282518876313951,0.0129446252514166
" 3793",80,1.03048044293339,0.257669292594823,0.00245604665892621,0.0115185850048254
" 3475",47,0.918812866502506,0.413996444858727,0.00233008535964136,0.0130600440852182
" 5649",35,1.1345859064578,0.46699604688112,0.00110941308392201,0.0129616669894529
" 2092",57,1.0816666873245,0.382198188934446,0.00763277791155371,0.0136036163094481
" 4384",76,1.03847862875177,0.218791115043347,0.0014551112870066,0.0117850270890747
" 4360",49,1.07002205440176,0.367831718947972,0.00287167921114054,0.012782265546573
" 3991",18,0.630946403967087,0.255054374876948,0.000514176407806263,0.0128193349129109
" 5157",29,1.04889956033141,0.526048361620261,0.00240876150241234,0.0127215209246465
" 1974",39,1.04741762115136,0.552420819561424,6.75502235912401e-06,0.0102393415319289
" 4353",41,1.32049596218733,0.752923467077675,0.00939862022708001,0.0144616471171462
" 2917",41,1.18288032335325,0.505445000269628,0.00638866173470564,0.0139292399511809
" 4375",24,0.79914425612301,0.179410287884744,0.00873464126460376,0.0127429852974175
" 8040",52,1.09455384189998,0.401166097471653,0.000573382192012703,0.011685227059938
" 3436",36,1.40150198452077,0.770235657735095,0.00183498195614322,0.0133035699731841
" 8128",47,1.14271941872395,0.442727442908202,0.000229670760210216,0.0120033459955975
" 7392",28,0.964133887683714,0.331819656284902,0.00335406727843328,0.0122077788613229
" 7603",33,1.00257309783032,0.374830673478413,0.00228995257974304,0.0125130562291442
" 7079",51,1.10882814544314,0.42488945677264,0.000644905958168133,0.0111494423109728
" 2348",23,0.997790306405388,0.599544201427041,0.0116595659461045,0.0149076915561017
" 2930",49,0.995376264962452,0.278644451791087,0.00358334068438708,0.0126013702661349
" 2548",35,1.07919725180156,0.536812282351946,0.00772814293309429,0.0148519324285171
" 2893",23,1.06994027623687,0.438466953357142,0.00235035042671874,0.013338233500259
" 2640",33,0.990132944893463,0.317257875728201,0.00362903642387527,0.0119477846109709
" 5469",32,0.9259564206117,0.402110947885653,0.00400811238449905,0.0122663677500654
" 8792",23,0.534946059623396,0.182705802361125,0.00109749245622944,0.0119714533523411
" 2464",36,1.09513635621404,0.527323143334481,0.00546203160873639,0.0134456348409065
" 2174",56,1.23035062307595,0.41473328313126,0.00118173155859028,0.0120908771104027
" 4950",56,1.16891767422185,0.532836376444326,0.00514414820360114,0.0136229714751164
" 2987",36,1.04489908137227,0.470836891725408,0.00392625740767673,0.0142560542519852
" 1713",52,1.20628009510299,0.536921688559595,0.0012906066248491,0.0131512124956574
" 7851",35,1.09929113609917,0.429302163320116,0.00203167231307065,0.012660422424963
" 4891",78,1.05138809994609,0.246042247306027,8.26496853351643e-05,0.00844786000892403
" 5808",38,0.940740029585715,0.48092007074497,0.00160094029911239,0.0126655251566728
" 4422",11,0.731956542994155,0.311254429273588,0.00259392858590362,0.0136582802652445
" 2734",50,1.15248228352921,0.622506745544246,0.000221326320825416,0.0115278690969127
" 2831",38,1.1203349204316,0.661422614759559,0.0024747223089779,0.0139526799812287
" 2843",48,0.98766541178368,0.507122172417263,0.000565037752627902,0.0112183571384513
" 3495",35,0.803365750459286,0.454563526074172,0.000466493897035976,0.0108340827419215
" 1325",57,1.13706546903474,0.586899761163629,0.00323843718981533,0.0125587806920161
" 2939",29,1.18880991223601,0.63689875846764,0.0105465766738747,0.0148544740813105
" 3456",46,1.21804661273625,0.674902424953402,3.77486543598106e-05,0.0110512719486742
" 4559",35,1.20701910505494,0.437609906912305,0.00183061105932261,0.0129794371196571
" 3453",37,0.758938053967712,0.369449146392019,0.00134146796967074,0.0118883115073091
" 3300",54,1.17404879921775,0.610327827155646,0.00107563797212639,0.0116929500304965
" 2256",37,1.18015275537161,0.6554867976093,0.000471659502369423,0.0126123589204728
" 4327",29,1.21712073656288,0.511583917245452,0.00769118898724731,0.0141714309587049
" 2394",40,1.0751358114793,0.345388954180952,0.00466970722143679,0.0124941430485437
" 2273",53,1.17791470139723,0.624833060064213,0.0114441999391253,0.0139557199336172
" 2636",33,0.961317964320123,0.627260631049743,0.00119285747777002,0.013360615943698
" 3454",49,1.21301719383559,0.676478158835632,0.00029165802421159,0.0111128880355046
" 4721",25,0.995592036804025,0.427575729375443,0.00188385652968276,0.0128881619130961
" 1417",82,1.024158631904,0.215993695490212,0.000601196989962037,0.00995539309067086
" 4561",32,1.06333323654988,0.392780573378267,0.00223352827533153,0.0133250174217809
" 3004",24,0.908125082174313,0.570782308876128,0.00164782810136984,0.0134226050962094
" 7863",73,1.08969866561151,0.395821338987593,0.0011570955946923,0.0113469661363765
" 2325",41,1.09394818053288,0.567750831485706,0.00144875361890389,0.0123926777723885
" 3477",50,1.19892211731604,0.658820644554672,0.000338545826469039,0.0111090867638067
" 2204",52,1.41322533778364,0.757369384901816,0.00451473906143335,0.0137590565142462
" 2323",70,1.08614246731019,0.273017590680005,0.0018345846018868,0.0121063032022627
" 4413",26,0.558542236669687,0.237503791045429,0.00103431312945881,0.0121591209910149
" 4531",30,1.1949916398236,0.635857015184939,0.00123299025766834,0.0138397769115777
" 1968",40,1.08426618638437,0.56069027921405,5.16560533344777e-06,0.0102142589632674
" 3010",30,0.533757107378222,0.250256838970077,0.000979080887816562,0.0127145578055085
" 5755",34,1.12263303413515,0.570858075901937,0,0.0115508464569638
"   73",24,0.809108827685661,0.430782658808738,0.00241074827369443,0.0130232727744406
" 1934",40,1.03410217355649,0.544533850789416,5.00666363088015e-05,0.0102427508530958
" 4436",60,1.41445069382668,0.574436086631418,0.00453063323169011,0.0135785382118932
" 5167",57,1.12800394919181,0.497775678735097,0.00109073743387032,0.0121947030514536
" 1975",50,0.962109037910895,0.458061417207615,0.0018095512837324,0.0125438598740616
" 2915",81,1.06934562104446,0.307158844555188,0.00186200204557971,0.0111173813228518
" 9910",71,1.08597458252203,0.401416440991743,7.3907891693945e-05,0.00934407366509435
" 2172",54,1.16046602009724,0.388263836678504,0.00055748802175594,0.0121937964385766
" 3005",31,0.531200916562434,0.175504878589685,0.000734310665862422,0.0117451945407378
"   38",24,0.936278439743281,0.269023433101332,0.00387102516603448,0.0125447321583756
" 4308",59,1.25102961068966,0.697914551318433,0.00179365711347563,0.013698759702044
" 3299",55,1.22661601475758,0.454474128842631,0.0038777801883936,0.0136129437651209
" 2880",42,1.25751636250497,0.724126500023634,0.00511951223970316,0.0138854591328669
" 4293",42,1.08234772614398,0.420312744217503,0.00423579637342717,0.0132116540062744
" 4380",42,1.01731724568866,0.180994659731203,0.00128901720782343,0.0110600361176323
" 4429",29,1.02224993166379,0.450056560093244,0.00194981733624832,0.0135155620175905
" 1255",42,1.17417102144511,0.624073954388291,0.0021453156304065,0.0129502316148505
" 3026",64,1.17291570927157,0.610180543835796,0.00116106913725649,0.0124814249603712
" 2948",74,1.03255419250861,0.203873439852375,0.000358413539289992,0.0102095374982108
" 8158",37,1.03062150692011,0.406333987128498,0.000945305776020942,0.0126052587920371
" 8041",46,1.17773184074102,0.450421583494532,0.000155762868516271,0.0114939085079223
" 2920",44,1.33279969925305,0.621559082771496,0.00693740796282036,0.01439832431364
" 4205",36,1.08142693416216,0.396401528369452,0.00848550014582901,0.0140726754063157
" 2225",21,0.681975417948697,0.310951124282657,0.0019347178745044,0.013168525356374
" 2835",70,1.05604071281982,0.30171866264697,0.000634177393244819,0.0111219011202519
" 8451",54,1.05799564959783,0.397600352444514,0.00100888245704799,0.0117658954006866
" 4951",66,1.18843664719796,0.506568430579687,0.000562653627089388,0.012994149865147
" 5013",15,0.993194262129231,0.25875622996135,0.00243419217482316,0.0115718663625952
" 2199",50,1.12467970310016,0.319794541083548,0.00964974811713686,0.0135464467462547
"   49",39,0.999186551987509,0.374937391185078,0.00338426620192113,0.0126462386551366
" 2813",43,1.17720124566478,0.667166893376068,0.00110265806156289,0.0124252562092702
" 8438",61,1.08607778669016,0.411770903096627,0.00138358752085116,0.0116332354473297
" 2413",41,1.19517044990992,0.399370828817896,0.00305287275206763,0.0124095700485857
" 2994",34,0.888117028361185,0.275780097633105,0.00274690997462496,0.0128731128925728
" 4420",17,0.531527601150897,0.259426972973483,0.000971133802688181,0.0129356794304654
" 4990",44,1.05573985945522,0.589626719212566,0.00101404806238144,0.0124304602349322
" 5663",17,0.958086049330398,0.394242164638062,0.00234597952989813,0.0128980591620361
" 1304",38,1.05177885097204,0.553495379247986,0.0015282244701877,0.0129042755724408
" 1235",34,0.792594493730386,0.421274053484589,0.00147577370834039,0.013139699255972
" 2330",41,1.09691455680534,0.544847801030212,0.000926630125969246,0.0132477992598306
" 2328",26,0.939781780278738,0.491504603077505,0.00390678704911219,0.0138333294371818
" 3018",58,1.15757592345541,0.592436627940691,0.00206783155040478,0.0126308892263427
" 4337",56,1.09129149311473,0.410809494452575,0.00301075320088721,0.0118289273083717
" 3028",13,0.442431513244752,0.111125186266535,0.00346691588725629,0.0126528207823547
" 4472",31,1.08523923971135,0.294461570792458,0.00207140773871256,0.0114586505617311
" 4508",30,0.647595457649312,0.197220968138347,0.00114398290423047,0.0110363384103779
" 5693",40,1.18071710565825,0.494138203177576,0.00687701011584466,0.0138300613485295
" 3933",65,0.966594653542612,0.361988398086671,0.00212902410589332,0.0124882444275782
" 5687",55,1.21214903607285,0.538869265187281,0.00297697808909159,0.0126702423784252
" 2373",61,1.30721126606732,0.62942959304623,0.00136491187079947,0.0126124251928146
" 3994",10,0.74577967221663,0.213366948981156,0.000191127397337568,0.0125941721526077
" 1198",22,0.529418561508174,0.261988548901263,0.000538017663191406,0.0118565705874871
" 4749",28,1.12435206701877,0.699959486045915,0.000659608065655638,0.0122843117843178
" 5686",52,1.15127456992668,0.51294289659895,0.000632190621962723,0.0126046445424024
" 4753",62,1.32758265229344,0.706758561941422,0.00135458066013257,0.0121095937157053
" 5360",63,1.18101522239004,0.516013170294464,0.000191524751593987,0.0113391142434639
" 5776",36,0.986288398083826,0.180142288906807,0.00169312648660161,0.0115879039397182
" 6743",52,1.11594657677451,0.421225375269038,0.00232015150323089,0.011551290118702
" 2494",27,0.722233226500347,0.267440653104682,0.0032690334675596,0.013019941607239
" 4092",25,0.53422606649249,0.188606361100665,0.00193432052024798,0.0121785963595524
" 2834",42,1.12679198384668,0.630734993641787,0.000700138199810383,0.0124789634535113
"   56",28,1.24910925865674,0.482723334757494,0.00297062042098889,0.0128780880814428
" 4949",46,1.07367243326314,0.441569030272884,0.00258200795821105,0.0129090363319743
" 1717",48,1.4221845729633,0.787511993791225,0.0125293744134058,0.0144596333213878
" 2404",22,0.883240837148187,0.465345904252853,0.00441659256009784,0.0136478706420491
" 3971",20,0.835191015104171,0.306908249563425,0.00261180952744248,0.0131863271307011
"  982",38,1.08173055080245,0.56234899086274,1.9867712820953e-05,0.0101690917045607
" 3178",42,1.07774007283114,0.576081627071386,0.000700138199810383,0.0109696819112849
" 1245",29,0.944070740568713,0.526722087039044,0.00331592126981705,0.0135664117078106
" 5667",59,1.09648596049831,0.394203628872967,0.00856497099711282,0.0133946755914162
" 4438",16,0.784316428553559,0.396345177220785,0.0012739177460795,0.0135205816322867
" 4310",52,1.13586741864736,0.56886257471727,0.00322850333340486,0.0132020794786515
" 3138",53,1.15243846451428,0.625793493945971,0.00074782071058067,0.0117694725852193
" 2959",51,1.1242583682609,0.554310830724364,0.00289552046652569,0.0119350904325119
" 4382",38,1.16572982981558,0.441930672132838,0.0057457425478196,0.0135129278520069
" 4160",51,1.03274222794259,0.570289545082532,0.000364771207392696,0.0112140232707738
" 2841",34,0.995500922388636,0.510843232205804,0.00395327749711322,0.0131841690741545
" 4248",56,0.804485812513863,0.323543610968546,0.000917888332328027,0.0121846977557017
" 4423",30,1.31239418458207,0.565759833452506,0.00751198221760232,0.0139820854249615
" 2715",57,1.17835041602988,0.627551333226357,0.00723979455195526,0.0137537552927754
" 2519",38,0.75663814863857,0.329074196721281,0.00361473167064418,0.0129256013452101
" 2401",46,1.25205773282643,0.613770401114812,0.00382652148931554,0.0141039605469934
" 4381",51,0.986797819734372,0.189895850047648,0.000738681562683031,0.0114075993912636
" 5417",7,0.121342987761375,0.0505619513072232,3.97354256419059e-07,0.00860456460209719
" 4971",35,0.851385532843565,0.447715595474055,0.00358532745566917,0.0136848037232311
" 4464",41,0.95676419884688,0.482847581363268,0.000447023538471442,0.0118055197298532
" 4495",32,0.843305037707502,0.271191754878126,0.00117298976494906,0.0117620828432409
" 5707",33,0.905719944575364,0.41648026178771,0.0026269089891864,0.0131850200311775
" 5751",30,1.12496176123861,0.564411092510606,0.000829675687402996,0.0119611300467876
" 4144",63,1.03200469381662,0.277064701221603,0.0045783157424604,0.0123136813949558
" 5758",26,0.97600623744752,0.494586569905943,0.000767688423401623,0.0122980953354749
" 4745",35,1.15295780132225,0.71859739772781,0.000227286634671702,0.0120812563579072
" 3008",30,0.383733925261308,0.140966512514629,0.000208213630363587,0.0107459230550269
" 1809",57,1.107254942231,0.573452660093251,0.000420400803291365,0.0110066362322011
" 4577",61,1.06297710919411,0.196220754926196,0.000108477712002403,0.00962664818774597
" 3984",48,1.52400399871026,0.867609557954849,0.0147783995047377,0.01456297151778
" 4759",32,1.14818966645743,0.704099088651529,0.000927027480225665,0.0123015532427465
" 4576",36,1.02736171657736,0.200354393912404,0.000474043627907938,0.01040050193415
" 4479",17,0.896629515744578,0.458792248334599,0.0015051779233154,0.0134512174946875
" 4432",26,1.04335161198257,0.44953931083575,0.00406016579208995,0.0134074321363328
" 2292",65,1.17939665507055,0.516459882748573,0.00135378595161974,0.0116732750034664
" 1871",48,1.20244188367441,0.65217441120694,0.000668747213553277,0.0123189216944749
" 1727",23,0.584631328116221,0.317130965539435,0.000441460578881575,0.0126284149668568
" 1735",48,1.12255062308798,0.513239540161827,0.000335366992417686,0.0129387089949848
"   51",7,0.247534580139773,0.101129402750903,0,0.011487608423646
" 2537",23,0.384839576087103,0.169126696474455,0.000562653627089388,0.011741018358179
"  614",13,0.159889865813329,0.0718575552733431,3.97354256419059e-07,0.00994215793856572
" 2310",67,1.05742946239065,0.466410522525031,0.000570600712217769,0.0112820478751242
" 1270",48,1.20805178986728,0.733854981229633,0.00261300159021173,0.0134887461306626
" 1254",44,1.10728895549289,0.656637433955055,0.00233405890220555,0.0131525598975271
" 4350",35,1.16091093047142,0.636078781966041,0.00453420941999789,0.013743928015222
" 3535",54,1.221116499241,0.702952244028693,0.000702522325348897,0.011303272342788
" 2897",48,1.31053397863204,0.715119356411916,0.00501580277877779,0.0143609417272227
" 4168",20,0.821192672535567,0.369963459168214,0.000714442953041469,0.0121444332156975
" 3141",45,1.08669671642076,0.609775936787042,1.54968160003433e-05,0.0110051955638026
" 1298",51,1.205811344884,0.612941369789841,0.00109073743387032,0.0124993663704815
" 3360",47,1.09727007325635,0.643734263118513,0.00228001872333256,0.0131277782144108
" 2892",23,1.07379039084879,0.443814492954466,0.00205551356845579,0.0132082615917066
" 6787",25,0.420466249550363,0.156049432524759,0.000661594836937734,0.0111792458152404
" 8229",27,0.85426301025712,0.301902221870151,0.00376056068274998,0.012902777558283
" 2403",48,1.12870547937961,0.58682985155611,0.00123179819489908,0.0122508477356405
" 2659",41,1.04966573329948,0.523813071840311,0.00287803687924325,0.0136099106166393
" 2902",34,1.20877409481823,0.559666738393707,0.00404347691332035,0.01297412009599
" 2553",25,1.05593316141823,0.511986454364264,0.00544812420976172,0.013833771052296
" 5015",17,1.07602814447177,0.277050714564876,0.000119206276925718,0.011425359525474
" 4314",20,0.66090375994697,0.316802507667617,0.00356824122264315,0.0134241447136715
" 5638",37,1.03743784505205,0.17862767625357,8.98020619507074e-05,0.010415984359981
" 5799",52,1.07765130216419,0.192647654780685,0.00051536847057552,0.0100807772367718
" 5827",36,0.789677390605346,0.199056174195186,0.00577991501387164,0.0118752333112611
" 5795",22,0.962921012387959,0.160552541078474,0.00357459889074586,0.0116311661284354
"10470",17,0.970703444594917,0.35451072057312,0.00270677719472663,0.0125492285764601
" 4958",39,0.994230784565068,0.194170760313117,0.00647170877429722,0.0121219887124496
" 5480",54,1.10591421773389,0.345815053399555,0.00221286585399774,0.0130902829581967
" 5940",33,1.00692932610499,0.298384594931129,0.005675013490177,0.0126385387150679
" 5849",37,1.05019418090761,0.259934044103872,0.000868616404532064,0.0117575363596394
" 4554",27,0.788388977613816,0.275488147097273,0.00338704768171606,0.0130318546830943
"   52",27,0.863143123675533,0.386385643511654,0.00184173697850234,0.0128217340322739
" 4948",55,0.977918806013401,0.241709649983504,0.00288081835903818,0.0123623414936784
" 5258",49,1.18642190686934,0.536798531522566,0.000733913311606003,0.0122563740277477
" 4601",82,1.05202656878435,0.204305185751407,7.03317033861735e-05,0.00870746714365003
" 5858",36,0.986923814070731,0.189055321062769,0.000743847168016479,0.0111783533753948
" 4426",19,0.723078628540023,0.309057602244227,0.00581845837674429,0.0134516479186893
" 3670",35,1.15583510688606,0.689225495593192,0.00120159927141124,0.0126066653439269
" 2447",35,1.19948276701361,0.621530016974063,0.00342161750202452,0.0133735274564774
" 4456",31,0.740406054773886,0.357939625593938,0.00159339056824043,0.0137521570447363
" 3270",56,1.26178488002249,0.669416928636864,0.000784774656427642,0.0130220836997554
" 2417",64,1.19058254487901,0.533526902758442,0.00108636653704971,0.0117773696235975
"  759",44,1.24608920248407,0.708044152412149,0.00336400113484376,0.0136521293476724
" 4320",48,1.14344529540516,0.242063169354262,0.000820536539505358,0.0108339136302245
" 7871",59,1.13501698573437,0.404752720339115,0.00233366154794914,0.0118397878158916
" 4441",21,0.996803758449262,0.464281657934754,0.000755767795709051,0.0135497262121649
" 2961",35,1.04729411197777,0.536145300717733,0.00013947134400309,0.011371789178852
" 1848",60,1.07783271176478,0.320465377218035,0.00056622981539716,0.0120902605917068
" 3977",25,0.53144266693514,0.235527561189366,0.000901994162071265,0.0121366856135422
" 2486",37,0.875450575742089,0.437274582971796,0.00015616022277269,0.0108026070402347
" 5459",47,1.04436730648853,0.211237219523797,0.000930206314277018,0.0115347058629094
"  676",30,0.596463481480349,0.27949740398159,0.00046053358318969,0.0112199065266689
"  715",24,0.495502196076948,0.240328015982131,0.000130729550361871,0.0108883535049941
" 2990",45,1.0775959693734,0.370608715529157,0.00306360131699095,0.0125825784106685
" 2423",4,0.289544726244517,0.0955521250512035,0.000462917708728204,0.0122221928259223
" 1318",45,1.12793960041284,0.554797488146112,0.0017054444685506,0.0127069467722609
" 4998",52,1.12150124463625,0.540189148463154,0.00138199810382549,0.012343028254541
" 2427",30,0.89439146052121,0.392534461100737,0.000597223447397846,0.0135603781465667
" 3016",53,0.985163316366424,0.271600456941826,0.0011153733977683,0.0118540157852069
" 4080",48,1.06062020795392,0.358552702661216,0.00445434121445766,0.0131032039489403
" 4361",51,1.12538917800531,0.546991754732525,0.000457752103394756,0.0117305449134214
" 4427",28,1.54734620619569,0.700382464256096,0.0133673945401936,0.0143918015918716
" 4038",19,0.22808738265548,0.0919445387874631,1.9867712820953e-06,0.00980333329765422
" 4421",18,0.874334627236811,0.383045715612869,0.00491686156892944,0.0137168928900614
" 1211",30,0.799073145306197,0.323966176633362,0.0104214100831027,0.0132503085791601
" 3891",60,1.14895052868215,0.415481395728329,0.00972842425990783,0.0141287349175775
" 4525",35,1.0761535784951,0.323724743223954,0.00205869240250715,0.0116160270196939
" 5033",22,0.976961733862365,0.162481620388963,0.00151948267654648,0.0110192175844323
" 5395",25,1.03950227442684,0.17451332321984,0.000695369948733354,0.0104669228940902
" 4221",36,1.34043690486712,0.755605637636409,0.00214571298466292,0.0134886289087623
" 4405",38,1.10990993176792,0.623083820344872,0.000569806003704931,0.0132256799361276
" 5032",27,0.93422715471811,0.157668464769489,0.00150358850628972,0.0114032363914732
"   65",10,0.621892008536328,0.0954261834193413,0.000721595329657012,0.0107750846860349
" 3115",40,1.07914448311527,0.570138295447256,4.0132779898325e-05,0.0108779988615306
" 3123",36,1.08611699491391,0.575848879850056,6.43713895398876e-05,0.0107269189240429
" 5002",66,1.04813675077185,0.278086614124919,0.00159577469377894,0.0117028874412514
" 5652",43,1.11796273237572,0.370733046007775,0.00329049059740623,0.0126380745491381
" 3969",17,0.599351020919119,0.177107527412999,6.11925554885351e-05,0.012192338184721
" 5003",57,1.00363701719277,0.209105662364283,0.00133391823879878,0.0116542591981298
" 5654",48,1.10318820978022,0.368512193797812,0.00169948415470432,0.0126647744208205
" 7901",32,1.12339715254267,0.403983785638471,0.00103272371243314,0.0123019086325022
" 3949",34,1.25589403047649,0.504271262898991,0.00456798453179351,0.0135067284124732
" 2849",44,1.11397045328678,0.581732099096569,0.00138954783469745,0.0122591396296644
" 5102",36,1.12364142742668,0.343949498314247,0.000567421878166417,0.0119936903237533
" 5431",43,1.07776751439594,0.317874970657804,0.000109272420515241,0.0115325595966474
" 2816",59,1.38089560312125,0.796404603491499,0.00450440785076646,0.0136872853094745
" 2966",43,1.15732805611462,0.590398127952036,0.00497129910205885,0.0141433169467556
" 5111",31,0.976990626038375,0.247409238223766,0.00197922155122333,0.0117177339296877
" 3260",41,1.03427290270936,0.369920958471261,0.00185008141788714,0.0130464927193921
" 4141",30,0.783422516938552,0.335306906671766,0.00158703290013772,0.0131002620772294
" 4376",9,0.101100322839711,0.0419878689548796,0,0.00844097264304494
" 3047",35,0.915520897920293,0.392970277487395,0.00209564634835412,0.0134674659502255
" 2248",37,1.12948330241438,0.586963306322593,0.0100268373064785,0.0147402608654082
" 4026",21,1.18768840038422,0.404503816014677,0.00766297683504156,0.0134611300243088
" 2068",40,1.07125292792161,0.542079555722448,0.000230068114466635,0.0111559318970602
" 2313",43,1.1665132063845,0.464697020196374,0.00843265202972528,0.0143760731953122
" 2157",42,0.683820810522463,0.329419127770246,0.000199869190978787,0.0115996717228145
" 5930",65,1.04121406116475,0.192627830676526,0.000288876544416656,0.010162333198462
" 5908",30,1.03094341916159,0.182682904042984,0.000120795693951394,0.0105198322927655
" 5907",29,1.03346648725848,0.181568576755978,0.000234439011287245,0.010707965601992
" 2321",36,1.18434567546417,0.610712333174691,0.009840478160218,0.0142892782512055
" 5621",35,1.03806843779322,0.287898602285793,0.000370731521238982,0.0107315109843969
"   57",30,1.20335117833899,0.474753570686163,0.00105656496781828,0.012805121311626
" 2216",48,1.0561551735304,0.483313821306467,0.0016033244246509,0.0121626444695924
" 4430",65,1.31187667368405,0.594113247300502,0.00971491421518958,0.0141325354616948
"   32",18,0.773717851567624,0.222192587799246,0.00216558069748387,0.0125844947803765
" 2837",37,1.06748476272089,0.654950768236405,0.000942524296226009,0.0130423091229698
" 3119",46,1.13350150161149,0.655753380512739,0.000822523310787453,0.0116849263544834
" 4213",16,0.991986268067184,0.162854204327083,0.000253114661338941,0.010928594691
" 3537",51,1.23245196597359,0.668957524065078,0.000984643847406429,0.0118236188394738
" 1159",38,0.979670697604974,0.435767463454136,0.00164623868434416,0.0116064074400618
" 2767",41,1.06126484498984,0.579619593042351,0.00474520453015641,0.0135307528993848
" 2605",40,1.16694100010088,0.564608435931927,0.00272863167882968,0.0130451738372606
" 3567",46,1.07764338693022,0.567181307797621,0.000671926047604629,0.0114458479246522
" 1309",33,0.988531612552265,0.4704455940093,0.0036902289793638,0.0127932522472036
" 2810",48,1.107173030282,0.593080540277786,0.00101126658258651,0.0118433379449381
" 3073",41,1.09409238664,0.576647239928021,0.00274094966077867,0.0129294629556508
" 3043",52,1.5289913899186,0.691892216295016,0.0143190579843172,0.014579111495649
" 5720",46,1.2265772474827,0.569171911957937,0.0150823755108982,0.014832821909633
" 2476",18,0.558689022210752,0.287708427775095,0.00277472477257429,0.0132015249888295
" 5617",54,0.996272744895192,0.286891127727365,0.00639978765388537,0.0125270223700418
" 4176",24,1.02457747189775,0.44713019549894,0.00264717405626377,0.0126588544134718
" 2318",42,0.84993588409467,0.394940273788674,0.00946418367938916,0.0134694970787953
" 3236",59,1.01860356583668,0.220065966725068,0.00227962136907614,0.0113655531290989
" 3301",33,0.908897006037242,0.476365423365756,0.000356426768007896,0.0128249405899841
" 4069",45,1.27244371351707,0.674606035317155,0.00235313190651367,0.0135836844840827
" 4178",13,0.89444999147521,0.375062952979872,0,0.0119985369688174
" 6655",37,0.929899277692017,0.337896821237776,0.000560269501550874,0.0125918643240378
" 7877",54,1.05047104617896,0.410132930570213,0.000954842278175,0.0116634465948739
" 4180",33,1.23714806779257,0.694671848780128,0.00325512606858493,0.0135586024275702
" 3757",28,1.06943365266908,0.574438273518954,0.00397711875249836,0.0136783203413213
" 2095",45,1.11868866527071,0.546942708593755,0.00051973936739613,0.01120770118224
" 2972",18,0.352282047446054,0.157108030326807,0.000230465468723054,0.0122302181704986
" 4175",17,0.95692588965443,0.391181051670417,2.14571298466292e-05,0.0120890984303695
" 4172",25,0.964269074374159,0.563331462617991,3.05962777442676e-05,0.0129762110937809
" 2977",47,1.14353210679128,0.580997659628776,0.00247710643451642,0.0123657042323991
" 2787",38,1.13956877132676,0.662121597224351,0.00212981881440616,0.0129514009643374
" 5685",40,1.04030841923927,0.175813747544603,0.000265829997544351,0.0107606550322173
" 5732",44,1.02406711436296,0.18766085168987,5.00666363088015e-05,0.0103732914669667
" 7006",38,1.09537588025036,0.495755941365106,0.00352294283741138,0.0136340849468445
" 7872",61,1.13449097367891,0.442793025694585,0.00114795644679466,0.0116100280838893
"  958",33,1.07458331181754,0.565266681198655,0.000475633044933614,0.0115296096619392
" 4652",63,1.02992709328659,0.310760772196844,0.00281048665565201,0.012804068048178
" 4336",38,1.1982580589308,0.618561965649207,0.00121471196187306,0.0124961350933473
" 3472",59,1.35960313298203,0.654038998287671,0.00824510082069548,0.0140627799893088
" 4465",47,1.02124350301719,0.196966846437775,0.00112292312864026,0.0106421060264043
" 2667",41,1.17673951533964,0.603917801004656,0.0091753071349725,0.0131822513558722
" 2784",36,1.2633814785604,0.74774196737846,0.00686588419666493,0.0140495835016566
" 4294",22,0.932757597729036,0.517397055282284,0.00611289788075081,0.0142072681300913
" 2944",23,0.292915107523958,0.100078750969457,0.000199471836722368,0.0107381493039634
" 3953",34,0.925693863093809,0.461106274896288,0.00286889773134561,0.0132932391818172
" 4719",71,0.97829015684796,0.195386930179815,0.00186438617111823,0.0112858287336248
" 4449",51,1.20511872247392,0.608633242871239,0.00021099511015852,0.0120894830173898
" 4529",40,1.12715982200849,0.57161572689525,0.00168120585890904,0.0123541587050875
" 3309",56,1.08089448551961,0.55752508622264,0.0017908756336807,0.0125296948401744
" 2600",43,1.17514880923218,0.58110721276822,0.00376175274551923,0.0134624942283637
" 4528",32,0.976052859298183,0.484997580574489,0.00266068410098202,0.0125036797592793
" 4451",52,1.19794397239628,0.602366922460185,0.000657223940117124,0.0121544728834904
" 2665",33,0.921000225638301,0.470455192711829,0.00105020729971557,0.0129583343062345
" 2495",41,1.09947710997441,0.567208057560206,0.00133948119838865,0.0131802786851717
" 1314",38,0.975701204395826,0.576393573995913,0.00185206818916924,0.0134014804604887
" 3307",41,1.17314325748964,0.690677823653084,0.00274174436929151,0.0134345466012106
" 4311",45,1.02358171110755,0.573942426647232,0.00135418330587615,0.01345244575138
" 2713",40,1.19960007591677,0.613141154180295,0.000602786406987713,0.012052444442574
" 3267",26,0.797755607360011,0.306629491679456,0.00438718834512283,0.0135906659753599
" 4722",49,1.00710113693673,0.487614919850652,0.000888484117353017,0.0117938979312279
" 5839",28,0.992663491174856,0.167321281005431,0.00491725892318586,0.0113119959822738
" 2668",28,0.764180384294167,0.352469648578484,0.00421990220317041,0.0133711127272768
" 2203",13,0.329548452456009,0.143308012180126,0.000693383177451259,0.0119054457989259
" 2628",36,1.06219173411953,0.652502247203479,0.00214332885912441,0.0131530433368575
"  493",34,1.30307887637289,0.809698526890984,0.00129100397910552,0.0136970813202506
" 5987",53,1.06067540034383,0.202941649907187,2.58280266672389e-05,0.0104901099224329
" 6115",17,1.00244854124611,0.247031215205802,0,0.0115883181400986
" 6022",67,1.05111010629338,0.221755741917425,0.000759343984016822,0.01054439555668
" 2353",64,1.26902939752385,0.663529193976015,0.00208253365789229,0.0134325964882527
" 5676",59,1.05936681771815,0.193610865654472,5.56295958986683e-06,0.0100266485214284
" 6098",19,1.00233313225045,0.242868019141061,0.00116583738833352,0.0116053988765818
" 5988",48,1.05198357575498,0.20228176109755,0.000212187172927778,0.0105682942234434
" 6023",62,1.02300833315093,0.212962094738994,0.000538812371704244,0.0104657176755898
" 2396",40,1.08622651548074,0.600133826889605,0.00193749935429933,0.0134127118164376
" 5892",28,0.902122757318969,0.430352319892598,0.00248266939410628,0.0129474741144233
" 4394",58,1.12366822443007,0.569066077615685,0.000313512508314638,0.0116074309127365
" 5675",57,1.05800468226903,0.192002641104421,0,0.0100205516858143
" 6207",29,1.03842716738221,0.27458255516569,0.00159776146506104,0.0119984153702951
" 6052",26,0.882927081931911,0.231429627417637,0.00247194082918297,0.0120745471111988
" 6007",23,0.753182615062304,0.17710990420706,0.00609144075090418,0.0125801264018417
" 2438",39,0.874469068394171,0.250132301882065,0.00794629041986835,0.0136531211402147
" 5673",45,1.0493991470015,0.186893728761723,6.35766810270495e-06,0.00996697752149315
" 6212",23,0.976411548344236,0.256630630668261,0.000195100939901758,0.0117167249514046
"   87",35,0.971684390541155,0.419860341079444,0.000191922105850406,0.0105823547549627
" 6131",39,0.970161407805051,0.245427395835474,0.00197604271717198,0.012490004882051
" 4070",51,1.27372180864831,0.689197322011958,0.00021139246441494,0.0131958666827256
"  978",43,1.08997036210295,0.565236260761923,3.97354256419059e-07,0.010100916473019
"  985",43,1.09231441403593,0.565532428338534,0,0.0100403023715906
" 2838",42,1.13653380345927,0.649873629155887,0.00183299518486112,0.0131939941078618
" 4365",50,1.12531639191536,0.567444703665273,0.000126358653541261,0.0111679737333045
" 2997",83,1.06155912368033,0.249435270032417,0.000358016185033572,0.010235300427955
" 1334",35,1.33884264388896,0.70654523206901,0.00954246246790371,0.0142084802908765
" 4807",44,1.05899556124995,0.210238890821366,0.00571911981263952,0.0117932820509043
" 5509",44,1.1518602181103,0.243679816546904,0.0101889578430975,0.0119492782968349
" 4368",46,1.10943119171327,0.562761517299441,4.37089682060965e-05,0.0110293569406086
" 4629",36,1.19240983873014,0.442798505391968,0.00321976153976364,0.0132226888773143
" 5430",42,1.03292401305334,0.29490369512944,1.07285649233146e-05,0.0116034466951171
" 5109",52,1.04798218504161,0.29479784948306,1.90730043081148e-05,0.0112792209423903
" 3124",41,1.10223763855011,0.572924730690816,0.00019430623138892,0.0110333784566514
" 1622",44,1.03135563002924,0.31996100380934,0.00179047827942428,0.0125979738698338
" 4631",11,0.631408638202303,0.18798475207088,0.00604534765715957,0.013076036365412
" 2443",39,1.29547656786451,0.761099428593849,0.00864046830583244,0.014228874082319
" 5803",48,1.0331384018332,0.181609479350599,0.000396559547906221,0.00993637800245856
" 4034",5,0.115156296064819,0.0517882118014618,3.17883405135247e-06,0.0112472590830473
" 3179",49,1.25275144805317,0.715086732174917,0.00797887346889471,0.0142828565219181
" 4056",4,0.0987262224199871,0.00524688814889402,0.00015616022277269,0.00593375800550536
" 4023",2,0.096708969260315,0.00332072275862415,0.000320664884930181,0.0060219858614269
"  602",29,1.18270481009843,0.757943511192407,0.00272187665647056,0.0133864414878487
" 5101",86,1.07619286121833,0.218629820539642,0.000421990220317041,0.0104824875455384
" 5890",38,0.978367265523941,0.164581871508465,0.00131524258874709,0.0110776357394523
" 4214",10,0.662909521741431,0.100845002361266,0,0.0105433685475465
" 3741",29,1.18349735174563,0.621299015354742,0.00445672533999617,0.013550099060784
" 2912",40,0.794132299064549,0.377348323501491,0.000609541429346837,0.0125972294459279
" 5103",71,1.0666510710134,0.209342327595531,0.000180796186670672,0.0106929129043299
" 3002",41,1.07228483129237,0.58988160772911,0.00220332935184368,0.0132199760610853
" 5108",63,1.05344384771966,0.207270489480541,0.000250333181544007,0.0110277818818502
" 5414",70,1.04638733319654,0.235858892915774,2.0265067077372e-05,0.0096074468682079
" 5833",35,1.0376239664028,0.172789335160941,0.00211948760373926,0.0113636433807908
" 5855",65,1.07829764767858,0.204853694561908,0.000168080850465262,0.0103194891022186
" 5894",41,0.989270411192554,0.227812810948117,0.00509010802472815,0.0125542462111394
" 2425",52,1.10941019323389,0.512952475418807,0.00578587532771792,0.0132915054350918
" 5415",71,1.0405440464526,0.230690384054173,1.07285649233146e-05,0.00963936540769108
" 2143",42,1.12623821377561,0.623085153416043,0.00170345769726851,0.0130837621681153
" 4630",18,0.771083291821081,0.135664530130706,0.00672800226968751,0.0125466777001727
" 4943",48,0.875170203752231,0.156634798218962,0.00159060908844549,0.0111992718625088
" 2606",18,0.641627813096182,0.239784480799929,0.00124610294813017,0.0127069898587059
" 5410",71,1.03841888155461,0.230648827694464,4.25169054368393e-05,0.00955098593465406
" 5413",60,1.02082880541492,0.210398052861666,0.000416029906470755,0.00985834949657597
" 3009",22,0.64391319520721,0.182075859306027,0.002297502310615,0.0123700619131739
" 5082",32,1.16408010848942,0.556603003037499,0.0101082949290445,0.013830631935086
" 6051",63,0.982856858138398,0.220235440193762,0.00100173008043245,0.0118068232591549
" 4439",23,0.885499823661141,0.276732605065181,0.00559792676443171,0.0133038240949987
" 2785",43,1.18491958311012,0.649604641250752,0.000396559547906221,0.012411011743018
" 3001",31,0.715027667424695,0.262738180441202,0.00127987805992579,0.0125403553145804
" 2953",40,0.869293074296616,0.392139355389301,0.00180518038691179,0.0125811033216173
" 5920",52,1.00660761795548,0.297124761278463,0.00388334314798347,0.0131621333483779
" 3240",35,1.12123054526427,0.536011215113724,0.00140146846239002,0.0132772625952011
" 1426",18,0.652403189096906,0.386737847644684,0.00469354847682193,0.0138365816347123
" 3139",37,1.08678826161104,0.584212896958683,1.86756500516958e-05,0.0106578078043528
" 4295",38,0.916399349581406,0.159206929753106,0.000687422863604973,0.0103342024259878
" 4407",34,1.18374721572039,0.697273467949658,0.00712019092077312,0.0145809249070621
" 1410",45,1.25691375787364,0.688622502480937,0.00268333329359791,0.0134390526406524
" 3166",41,1.0442747663748,0.506068465316093,0.0033127424357657,0.0128502687418751
" 2779",41,1.16063316854659,0.636764081808054,0.00318479436519876,0.0136606788458132
" 4558",50,1.16808446939475,0.393130399274828,0.00496295466267405,0.013270170803257
" 1350",59,1.22997443917709,0.749921651546038,0.00371605700603104,0.0128534783061056
" 4332",47,1.1259308373153,0.553508065480232,0.00089563649396856,0.0117973759762794
" 4389",32,1.04417872997451,0.52206354671755,0.00191008191060642,0.0121513496494196
" 1507",42,1.23322318323565,0.683549086193718,0.00518785717180724,0.0143815565049398
" 4446",62,1.0500670262567,0.22055415779185,0.000248743764518331,0.0104933337074518
" 4419",32,1.20160239142501,0.515828149831669,0.00247074876641371,0.0138280649532421
" 4226",25,1.02547517746521,0.195854201510865,0.00230465468723054,0.0112253889244358
" 4555",33,0.800043990707962,0.285380478860092,0.00165855666629315,0.0128974474931275
"10140",35,1.12070127740666,0.444893503756518,0.00429182332358226,0.0133882881272692
" 3086",39,1.09663447692461,0.301228687457295,0.00390917117465071,0.0126778638085413
" 5418",42,0.970498951206522,0.255922053367202,0.00108994272535748,0.0117263154727163
" 2735",33,1.04722292761569,0.458765474008469,0.0116094993097957,0.0141852734861348
" 3006",33,1.17553490224485,0.659275717093701,0.00571554362433175,0.0142005797280211
" 5490",50,0.953616579307119,0.286495212162134,0.00498957739785413,0.0132370783825503
" 3230",39,1.09686121298742,0.578074499665772,0.000686628155092135,0.0121490648543764
" 5798",32,0.996602619484043,0.179540331848008,0.00214809711020143,0.0114776668251726
" 3841",41,1.08414275959398,0.653770580105457,0.00344943229997385,0.0138313418753239
" 2484",43,0.965230857136003,0.524810498715192,0.00278783746303612,0.0136622222528991
" 4552",45,1.17725945381371,0.563080164455534,0.000462520354471785,0.0119885591315645
" 4136",72,1.07130420331675,0.342048295478311,0.000935371919610466,0.0119883622041626
" 5615",42,1.04914764349951,0.192002042434785,0.00126954684925889,0.0108326470189853
" 4153",43,1.17296144867062,0.628096537866833,0.00365724857608102,0.0133632223928814
" 4553",34,1.08390354727062,0.522571845699986,0.00175670316762866,0.0124753338327565
" 1785",30,1.13986804258257,0.692676049860495,0.00555699927602054,0.0136957008024835
" 4595",36,1.10609947836072,0.580504717434008,0.00279340042262599,0.0131744207717459
" 5608",43,0.967088765423955,0.30664170936217,0.012005264149189,0.0133675808136435
"   34",18,0.920437127476175,0.283454130304159,0.00365248032500399,0.0127320750194703
" 2102",47,1.08749750663535,0.547712016284366,0.000214173944209873,0.0111647367704563
" 2985",17,0.353157089821825,0.155124651855995,0.000123974528002747,0.0118087503963668
" 3648",35,1.07164418079567,0.614919912637878,0.000386625691495745,0.0120233416413777
" 5367",57,1.15373032195881,0.503542372751829,0.000391393942572773,0.0114457934921235
" 4754",59,1.24634803535788,0.684447744245257,0.000449805018266375,0.0120333906572579
" 2965",22,1.03162287580537,0.468650654111759,0.0170679547302243,0.0148964719863063
" 4343",44,0.850507673116293,0.357244041000981,0.00399619175680648,0.0132802273472413
" 4533",46,1.15047153683905,0.557526911191052,0.00296982571247605,0.0131942571183657
" 6474",24,0.934065173194874,0.235524569942099,0.00525143385283429,0.0121648805191087
"10138",50,1.20081978743571,0.449566977472968,0.000398943673444736,0.011303036587818
" 5100",68,1.06473014791752,0.212098776968486,0.000328214615802143,0.0107796453585906
" 2582",50,1.30858155274495,0.654060338857416,0.0120652646419083,0.0148167211406668
" 4356",72,1.10410015665828,0.327536849133096,0.000600799635705618,0.0111203006067622
" 5785",26,1.11445252946701,0.307156406382134,0.0024266424439512,0.0125662275155546
" 7421",33,0.842076659867068,0.26796297062757,0.00484414574000475,0.0131502285874087
" 4355",63,1.00534443252724,0.248130934742523,0.000613514971911028,0.0108943845694251
"  698",37,1.0834471356712,0.553604286073731,0.000164504662157491,0.0119292029422267
" 5412",71,1.03988343088159,0.230864424246986,0.00018159089518351,0.00965612187273163
" 2760",40,1.2250628577346,0.793524640297386,0.00193948612558143,0.0126353366323311
" 3716",82,1.05756338669823,0.22367873451547,0.000541196497242759,0.0100847556592671
" 4467",75,1.03917764065571,0.215647186121594,0.000178412061132158,0.0103477388306026
" 4605",82,1.11759747837739,0.293777531348804,0.000660402774168477,0.0118230484048691
" 4658",33,0.982697290626447,0.444788145938179,0.00143206474013429,0.0123795506065153
" 5830",25,1.09520577321195,0.319591858741594,0.00489977533590342,0.0130357418941395
" 4243",50,1.00464520156744,0.47934903566361,0.00321499328868661,0.0130176391066759
" 4452",66,1.09473379311322,0.448150555067527,0.00106053851038247,0.0113510538825333
" 1408",50,1.24224175036783,0.78230019691884,0.000729939769041812,0.012850306626869
" 4603",83,1.03228631087568,0.267950693482852,0.000512586990780587,0.0115990429372298
" 3190",38,1.08687572274248,0.543685324248649,0.000946895193046618,0.0116292565414594
" 1485",51,1.36384115300794,0.838327200693274,0.00557050932073879,0.0142802607906542
" 2938",54,0.993938825670767,0.211747685657014,0.000385433628726488,0.0101188322163046
" 3234",27,1.10955766564954,0.599399803410266,0.00456798453179351,0.0135639998255489
" 2369",33,1.17427990125364,0.589628780030915,0.00240955621092518,0.0125922637473449
" 4117",38,1.15894214746393,0.688601348146167,0.00377248131044255,0.0142561294076994
" 3479",26,0.86593079824015,0.344853560097833,0.000562653627089388,0.011090977055594
" 4192",7,0.953048846452108,0.135817591040748,0.000516957887601196,0.0109125639901697
"  911",35,1.15807948987963,0.504124831104263,0.000119206276925718,0.0105942302125647
" 5104",38,1.09652279676661,0.336705835154231,0.00215723625809907,0.0120921917574068
" 5432",37,1.04184977477283,0.298783520768014,0.000228478697440959,0.0117338038174574
" 2534",53,1.13449366293577,0.615718172864396,0.00241988742159207,0.0133456943599985
" 5112",35,1.0348891246918,0.231375995703798,0.00086583492473713,0.0113683854582943
" 3473",24,0.724820124065595,0.296852694732346,0.000669541922066115,0.0110222087824066
" 3665",35,1.22184368504722,0.732538719958028,0.00104583640289496,0.0126632250025339
" 2435",37,1.09186056091252,0.506734478276259,0.00731688127770056,0.0136872640360568
" 5457",20,0.909325765915822,0.153219812822632,0.00122226169274503,0.0109921244667227
" 3511",24,0.725319896996092,0.309231626487791,0.00083643070976212,0.0111716328069083
" 2603",38,0.795411376112176,0.311698808897943,0.00311406530755617,0.0132527457227619
" 4319",50,1.08246340404108,0.512989041531894,0.00288995750693582,0.0127271518414785
" 5769",49,1.16746202035576,0.613655861519903,5.3642824616573e-05,0.0120118815408708
" 3021",35,1.15241690878557,0.534940302367462,0.000923848646174313,0.0121827437661437
" 5737",47,1.15438941404337,0.606309417902454,0.000209008338876425,0.0121353984395045
" 5625",37,1.00749678198817,0.182310777706764,0.000807821203299948,0.0106631143463034
" 3023",39,1.07886036619086,0.498763489540214,0.00092066981212296,0.0120591592529026
" 5753",35,1.14834543533921,0.584825046117735,9.41729587713171e-05,0.0119229695764
" 6414",26,1.131583476116,0.293069481219618,0.00326386786222615,0.0124111174783687
" 5752",35,1.13982274024854,0.568172527618917,0.00033377757539201,0.0119575183628927
" 6413",24,1.03676161015598,0.256793131178608,0.00241352975348937,0.0122700556773425
" 2828",25,0.769750208750736,0.359354741791212,0.00523355291129543,0.0135136941524698
" 5714",33,1.09095309499024,0.568048810245099,0.000916298915302351,0.0127555811627687
" 1899",40,1.09607848838353,0.64304090728385,1.9867712820953e-06,0.0111308956054426
" 2984",28,0.517317053066934,0.229379502526421,0.000226889280415283,0.011192284315141
" 5759",38,1.08747175193196,0.527426482952644,0.000128345424823356,0.0114650579718587
" 4886",51,1.20205422243144,0.488062116093541,0.000248346410261912,0.0118104597999979
" 2993",31,0.737327726734069,0.36189927064328,0.000934179856841208,0.0123871683934877
" 1883",39,1.08247235032564,0.634074904194066,0,0.0111494592482818
" 4888",53,1.12170124624167,0.44739908972626,0.00115510882341021,0.0121697644374248
" 3550",50,1.22324099086076,0.639853519002954,0.000727952997759717,0.0111249377360965
" 1893",40,1.09553902879112,0.638169522900737,0.000682257258271525,0.0116567482021493
" 2048",56,1.32182060250173,0.552999823843293,0.00493116632216053,0.0125903046424382
" 4159",57,1.14846032115287,0.569732260877014,0.000782787885145547,0.0124861945772214
" 3081",63,1.08043451819036,0.462011403588075,0.00260664392210903,0.0125088819950552
" 3945",58,1.25204143078508,0.425742811625237,0.0158218517820941,0.014142844522952
" 3557",56,1.19957935638531,0.630444933687097,6.27819725142114e-05,0.0108703291619883
" 3000",88,1.0537897199184,0.263514767675266,0.000279737396519018,0.0106403037477032
" 5095",39,1.01969103683716,0.483179144389898,0.00571435156156249,0.0135456492330516
" 4303",49,1.09540834057095,0.473375574063742,0.00185047877214356,0.0125399221876279
" 4390",43,1.00756653047286,0.24283419140901,0.00508533977365112,0.0126039874931832
" 2375",32,0.750639010011882,0.332509795642314,0.00260982275616038,0.0131055385578441
" 2368",35,1.068639906517,0.560711347372696,0.00045179178954847,0.0125605431669254
" 2904",63,1.09508166184111,0.353920030959042,0.00132756057069608,0.0126116728757841
" 5179",76,1.04247199196513,0.252439475124057,0.000369936812726144,0.0110479206059659
" 3151",38,1.11034755685229,0.591324143564858,0.000309538965750447,0.0117315568185136
" 5952",42,1.13348795312007,0.311753436441645,0.000281326813544694,0.0107925059323354
" 5770",41,1.0265634124564,0.181247086714117,0.00126239447264335,0.011477549543989
" 5794",28,1.0612551867116,0.191900571116219,0.000340532597751134,0.0105528721559603
" 5164",50,1.31118184467542,0.759481345236852,0.00538534223724751,0.0140720616817107
" 5670",33,1.17113424519148,0.613465949193732,0.00084040425232631,0.0128927355516319
" 5953",24,0.95918360291664,0.265902395728849,0.000324241073237952,0.0107065078634691
" 4654",47,1.18735509238553,0.569870913932545,0.00205392415143012,0.0125661903111075
" 5793",27,1.05879706635656,0.1891279584439,0,0.0104938086077409
" 5668",35,1.16642663573518,0.59694378527733,0.0003127177998018,0.0130110230698564
" 5633",77,1.03658350912391,0.202793960764451,6.43713895398876e-05,0.00923566599753844
"   95",47,1.0959895101242,0.520074116026108,0.0025414778240563,0.0132815705523335
" 3640",32,1.16531785663608,0.66420111883111,0.00161524505234348,0.0122544675150379
" 1457",27,1.21891303498529,0.772133935052023,0.00665806792055776,0.014473311235835
" 4450",37,0.976836396523809,0.494046993331787,0.000519342013139711,0.0118979396740786
" 5706",28,0.85129120391009,0.392483721678766,0.00304850185524702,0.013643110466471
" 5716",45,1.27515624361374,0.681242836844255,0.00189418774034966,0.0130044611811621
" 4656",40,0.891096139358268,0.43662779360628,0.000563050981345807,0.0121013852738864
" 7131",30,0.827819476654398,0.46694121517379,0.00187273061050303,0.0134058670858188
" 5788",26,1.00798216644016,0.180726311139779,0,0.0103703098313628
" 5850",36,1.06251742289838,0.287209353988932,0.00028728712739098,0.011567757981699
" 5634",65,1.02898853073847,0.198361655955769,0.000112848608823013,0.00930424603713027
" 4593",38,1.00132444058607,0.462394204429264,0.00106411469869024,0.012316202360432
" 3003",33,1.26589499858783,0.540885934350772,0.0180351149903483,0.0149639253345806
" 5848",32,1.0389090518513,0.253027476782387,0.00111259191797337,0.0117346688512801
" 5239",54,1.19603489951529,0.533952738089965,0.00160094029911239,0.012209648475507
" 2533",39,0.802299885085248,0.319372026977503,0.00410228534327037,0.012912474633482
" 3289",27,0.981884706287362,0.521634889971688,0.0021953822667153,0.0132080300420774
" 2567",58,1.18533140611898,0.5851923342417,0.00350704866715462,0.01315052686195
"  895",31,1.1380158033678,0.657993330232944,0.00586693559602741,0.0139243767411645
" 2595",60,0.97266878134956,0.238126790334141,0.000418811386265689,0.0118890986555035
" 4411",42,0.704990398675068,0.174982015323607,0.00152663505316203,0.0120268492133398
" 4914",59,1.15500816633639,0.487194121281234,0.00197405594588989,0.0128021481164238
" 3042",28,0.954074785862333,0.41343410460401,0.00639541675706476,0.0137089707610917
" 5427",35,1.10246298880665,0.217335407361612,0.0080078803296133,0.012711000275564
" 4312",98,1.05147820103264,0.247709750764257,7.94708512838119e-06,0.00898405335604165
" 4915",44,1.03797010625412,0.476316012538203,0.00056583246114074,0.0119121928974196
" 4313",98,1.02961098465851,0.246667612359596,1.9867712820953e-05,0.00921402161680502
" 5674",54,1.05016156773336,0.189799121364761,0.000155762868516271,0.0101968052470612
" 5756",35,1.13322112002144,0.568835668316173,0.000404506633034602,0.0117349731960516
" 4988",39,1.12694669598346,0.609837164597268,0.000727158289246879,0.0124041658373623
" 4991",36,1.00027437829277,0.541248474813365,0.000397354256419059,0.0121723084202185
" 1163",35,1.00721116273858,0.433938885657417,0.000311525737032543,0.0105753496961429
" 3674",25,1.06954941585973,0.665249125112986,0.00133511030156804,0.0127408663037174
" 5475",33,0.983678345992696,0.171392655172993,0.000951266089867228,0.0107130430291437
" 2352",55,1.12889227551862,0.476696500381775,0.00162994715983098,0.01248442378084
" 5684",37,1.0844805820703,0.187374086178956,0.000662786899706991,0.0110621276237846
"  969",44,1.06789725996115,0.566038410624583,0.000150597263182823,0.0111811660020006
" 3659",95,1.04655087697212,0.219415386047309,8.14576225659072e-05,0.0100362146568811
" 5809",33,1.04889600407663,0.534858427126958,0.000960007883508447,0.0122925947954837
" 5683",38,1.08473794318097,0.188170322002943,4.33116139496775e-05,0.01096300581306
" 5699",31,0.984575841838628,0.213970808501501,0.00240558266836099,0.0113177970262229
" 2073",49,1.06475707735203,0.541938661285519,0.000530865286575863,0.0115798808974014
" 5766",30,1.07707113362592,0.28644287417305,0.00458983901589655,0.0120781202396919
"  970",36,1.02571207680244,0.542893103480427,0.000170464976003776,0.0111598513387508
" 4367",47,1.11143720289665,0.562614689032335,0.000653647751809353,0.0114017834537373
" 2071",51,1.07364425370808,0.546194249954118,0.000188743271799053,0.0115935719112261
" 5175",20,0.954650188578858,0.163372745949251,4.0530134154744e-05,0.0105345863429675
" 5704",52,1.06287150407667,0.206286498521197,0.00204081146096829,0.0113507296976577
" 4942",43,1.160086098425,0.599998880565126,0.003902813506548,0.0136175834510851
" 2573",31,1.04730732147766,0.524232023178528,0.00149325729562283,0.0122256127167377
" 5397",18,0.967832203644015,0.168363671517346,0.00107484326361356,0.0107407068689752
" 3127",43,1.19003163658257,0.671160469918504,0.000810205328838462,0.0118805751351356
" 1440",52,1.28978020161816,0.787571791848267,0.00523752645385962,0.0139313013208192
" 4978",50,1.09127979399101,0.540714359534419,0.00251525244313265,0.0126303642519108
" 4349",48,1.09630587394728,0.352989474940234,0.00763953293391284,0.0127505381517975
" 5477",26,1.0377808241681,0.344956183283572,0.00754377055811584,0.0127037986870027
" 4649",29,1.04989657211326,0.48186433369667,0.00367950041444049,0.0133025085439134
" 4974",44,1.09203392726631,0.529919316285448,0.00329366943145758,0.0126808050034547
" 4330",50,1.16660301361163,0.654530923383473,0.00364055969731142,0.013657535211338
" 5403",52,1.27591339962938,0.623213497422266,0.00377248131044255,0.0135954912377217
" 4599",17,1.18849561230345,0.517670203835825,0.00145193245295524,0.0121314184817396
" 4571",17,1.12755583943211,0.491245982681011,0.000322254301955857,0.0118819421644721
" 5166",31,1.0629435705033,0.297415786840269,0.00130809021213154,0.011002535069385
" 4415",31,1.28936100336404,0.666575503810747,0.00811596068735929,0.0144436815069518
" 5458",61,1.01115773024294,0.221737566928104,0.00349433333094921,0.0115091164374723
" 4492",44,1.17950254808428,0.548293955502425,0.00204160616948113,0.0133590520658867
" 4987",57,1.07640239119962,0.259841390848132,0.00610177196157108,0.0126136646834785
" 3142",37,1.10047201986704,0.588708744774186,0.00131802406854202,0.0119362352570171
" 5846",36,0.994225276693069,0.17878064659793,0.00324082131535385,0.011873529214717
" 4137",51,1.33678840501499,0.673660942802357,0.00511275721734404,0.0133803053056913
" 3146",40,1.06821974445587,0.583537872656747,0.00459977287230703,0.0134909960555357
" 5001",33,1.06032156347212,0.500297301863588,0.00253074925913299,0.0125188287263023
" 1863",62,1.32324295447004,0.631283622857482,0.00522520847191063,0.0126131534373138
" 2943",39,0.983685102816526,0.21100557517147,0.00087855026094254,0.0107729646059089
" 6645",45,1.11891137197789,0.373692112808916,0.00560507914104725,0.0130540905849725
" 4726",53,1.08258100614875,0.207275793920125,0.00224902509133188,0.0119547835765721
" 5425",39,1.00152505879815,0.512648129079103,0.00399579440255006,0.012521299477339
" 5859",21,0.91725204637026,0.16074071592469,0.00520613546760252,0.01231670602565
"  658",27,0.95387560760913,0.374718124305922,0.00181908778588645,0.012360302184161
" 7002",39,1.13082397257982,0.511914976449256,0.00258916033482659,0.0133020439565574
" 5486",26,0.851815380018214,0.381041722931661,0.00290942786550035,0.0130311099411782
" 5011",34,0.973492081805157,0.188061466848556,0.00357738037054079,0.0121953953015568
" 5825",52,1.23527428198812,0.688686634898372,0.0006254355996036,0.0125332756377868
" 2480",37,1.0533403231877,0.54916928897453,0.00175511375060299,0.012214816442093
" 4335",50,1.1909401914091,0.603076202767128,0.000288081835903818,0.012196727318376
" 5801",43,1.22987916468808,0.682085142542303,0.000558282730268778,0.0126134194928487
"  979",46,1.11165509155865,0.57366996953134,3.97354256419059e-07,0.0101822337054431
"  668",33,1.0059203486774,0.390990875416385,0.00299724315616896,0.0124419952497344
" 5411",27,1.03193150141142,0.459136752720827,3.97354256419059e-06,0.0124968105568132
" 1129",21,0.61457116542918,0.266557478855489,0.000433116139496775,0.011264981935617
" 3187",35,1.06410745634413,0.573033386274705,4.52983852317728e-05,0.0109675596527097
" 5378",69,1.10729490851019,0.449516259867961,0.000989014744227039,0.0120421976804368
" 5099",40,1.04613430679185,0.212413414144841,0.00121391725336023,0.0110361705990478
" 3128",40,1.04953247878357,0.523417659346799,0.0016283577428053,0.01230610108
" 4513",35,1.18710178185159,0.393174277693764,0.000475235690677195,0.0120947770054371
" 4460",46,1.22931882494083,0.597019695773986,0.000675502235912401,0.0120221633947544
" 4735",35,0.822203253282719,0.384060805339462,0.000452586498061309,0.0119081990131057
" 5438",50,1.25070857778899,0.587020821352148,0.000970339094175343,0.0123654700836513
" 4638",43,1.0622517187016,0.493682739343721,0.00206544742486627,0.0127813462382789
" 4511",37,1.18563271975714,0.391463240294772,9.53650215405742e-05,0.012110833639027
" 4770",19,0.957575786595646,0.418646509123537,0.000277750625236922,0.0118391050629137
" 5437",47,1.01549870428926,0.486016114149833,8.10602683094881e-05,0.0116765939513368
" 5153",38,1.09398354145823,0.445096092324357,0.000146623720618633,0.0103916681875158
" 1877",39,1.07150974912025,0.611007214262063,1.70862330260196e-05,0.0111477916234556
" 2974",19,0.332948403863658,0.152676555924832,0.00017761735261932,0.0113057759249095
" 4512",35,1.05783949409671,0.359011797946689,0.000622256765552247,0.0118775280428629
" 4334",38,1.12938995563209,0.386620437926724,0.00807185436489677,0.0140978145672251
" 4523",63,1.05484044512094,0.206902337814634,0.00018993533456831,0.0103056294713984
" 4470",46,1.0511096812863,0.208873876712971,0.0011904733522315,0.0104826916481059
" 4572",13,0.951390958681122,0.428317540631612,7.54973087196213e-05,0.011781062580337
" 5470",51,1.18728789270342,0.667917854785504,0.000730337123298231,0.0123001918759753
" 4917",41,1.10898686844951,0.313541615849543,0.00294518974857807,0.0118394662272477
" 5158",32,1.023372280501,0.41284401189866,0.00018993533456831,0.0105820936724011
" 4732",57,1.22765723678059,0.490210509490521,0.00237061549379611,0.0122500503269074
" 1881",37,1.07569936785692,0.61628989524584,0,0.0111707093861219
" 4331",46,0.984668468428687,0.278028613123618,0.000345300848828163,0.0134782791763159
" 4520",50,1.14619121306928,0.243769974162939,0.00126716272372038,0.0112328135766746
" 4453",37,1.0929210816296,0.215656433343224,0.00196650621501792,0.0111329256466773
" 5471",49,1.20554053189323,0.66149452881393,0.000637356227296171,0.0122903546695557
" 4733",49,1.11315096673315,0.431906655207952,0.00293485853791117,0.0123190410319472
" 4548",96,1.06905303380227,0.26910529087819,5.52322416422492e-05,0.00933156496792715
" 1888",41,1.07743102345308,0.617191765190575,4.84772192831252e-05,0.0112691755897515
" 5396",36,0.721146962181618,0.340106645639897,0.00154888689152149,0.0127651822587469
" 5096",41,0.761859676709208,0.316802036586913,0.00241511917051504,0.0130464335592949
" 4734",52,0.879495600924784,0.309061430037097,0.00224981979984471,0.0116991047447707
" 5678",43,1.04871411272951,0.184735224357875,9.69544385662505e-05,0.010619881627634
" 4740",41,1.08594881012712,0.613741142126624,0.00135895155695318,0.0122161063454784
" 5677",46,1.0569710104362,0.187170156955626,3.97354256419059e-07,0.00999622887500112
" 4972",70,1.11901256911308,0.517277946564191,0.000387023045752164,0.0115972436253766
" 4976",70,1.07680003446101,0.487141644258103,0.000770072548940137,0.0114306138151035
" 5442",29,1.11032429213214,0.402013995858828,0.000478017170472128,0.0110918295304352
" 5444",21,1.02931562081522,0.365829441553799,0,0.0107334605710409
" 5006",32,1.15094526296312,0.384395492535976,0.00316611871514706,0.0117029775177995
" 5035",39,1.07562297262337,0.595088037286686,0.00117219505643623,0.0126803871355454
" 8447",37,0.942970688231744,0.310087088044842,0.00132199761110621,0.0119430480424734
" 5005",29,0.96717753283891,0.316657370216942,0.000377089189341687,0.0113683111559999
" 8453",32,0.866574015926313,0.289540767539168,0.000676296944425239,0.0118016611936161
" 5919",7,0.203081361205753,0.0361028069134085,0.000365168561649116,0.0117914607773824
" 5616",51,1.11047688983024,0.25662977109976,0.00333658369115084,0.0123812799160803
" 5014",16,1.01008670630736,0.264638878312533,0,0.0112752234446377
" 4956",64,1.10499499303064,0.557078868239839,0.00163829159921578,0.0126811369097262
" 5804",48,1.01903929069148,0.17777717078904,0.000400533090470412,0.00988476385429122
" 5178",62,1.00410360569614,0.204695017764063,0.00131484523449067,0.0114454586090816
" 4551",50,0.976054597539928,0.221848723938006,0.00503884932565009,0.0123395343715513
" 5647",38,1.13391150582212,0.330351722531164,0.00167802702485769,0.0108333364473095
" 5646",30,1.06702178261631,0.305771120629152,0.000419606094778527,0.0106051216960284
"  879",35,1.08340604951915,0.471454942154802,0,0.0101258383841637
" 3130",50,1.11655837218256,0.588921789125994,0.000904378287609779,0.0114470430075786
" 4730",34,1.25774579415098,0.645006659731021,0.00536746129570865,0.01460276018046
" 5696",75,1.0969756054371,0.356425128251595,0.00145630334977585,0.0119609907010093
" 5453",58,1.10632267123203,0.365578348767981,5.96031384628589e-05,0.0108108419473781
" 3155",39,1.05871470311056,0.588653323583033,0.000227286634671702,0.010752407183301
" 5775",41,0.95810101914535,0.17720494747184,0.00377248131044255,0.0119915806746557
" 5454",56,1.0880078485275,0.3438166829557,3.97354256419059e-07,0.0106730785986898
" 4047",55,1.26693370316404,0.658696983495356,0.00411023242839875,0.0131118567905712
" 4122",39,1.29284923931455,0.734300793706513,0.00268810154467494,0.0136826832076575
" 1155",46,0.923775771557944,0.472250911836375,0.0011070289583835,0.0123683279744618
" 5451",47,1.06497315799466,0.340881907986976,0.000366757978674792,0.0110319727194139
" 1852",45,1.08641116865924,0.568825026219565,0.00127510980884876,0.0122583336779631
" 1878",47,1.0418901896631,0.542266366731866,0.00138954783469745,0.0121718145073504
" 5671",49,1.05024633103072,0.3305989834382,0.00649356325840027,0.0133017581990085
" 4469",53,1.02110419002791,0.399196472821951,0.00607197039233965,0.010652660204614
" 4755",43,1.0995255235919,0.613255003674419,0.000505434614165044,0.0120502863082094
" 5757",46,1.07648602263511,0.537912356077461,9.89412098483458e-05,0.0120024084666017
"  713",35,1.12287529483941,0.559054089264686,0.00242386096415626,0.0121016994420721
" 5629",54,1.17718444663949,0.671317054092356,0.000305962777442676,0.0123766364634543
" 5836",49,1.04807327650155,0.515982070807077,0.00370175225279996,0.0138720273418506
" 3602",34,0.895770439573282,0.406681688131094,0.00186001527429762,0.012313638060707
" 2981",29,1.04613618944628,0.539674288648243,0.00050702403119072,0.0111970342866025
"  702",39,1.08923000775764,0.552259934500083,0.000181988249439929,0.0109876807238929
" 4473",51,1.25261980573987,0.345317455388465,0.000623846182577923,0.0111575559257475
" 5093",27,1.17946005042103,0.498889052398907,0.00217193836558658,0.0130938534895798
" 4651",25,1.0281339279216,0.173038831728895,0.000756959858478308,0.0107986855836185
" 5460",62,1.05779612135501,0.204438908387127,0.000729939769041812,0.0107841142851607
" 5911",31,1.20131501130448,0.501899894319365,0.00422506780850386,0.0132755039267408
" 3592",34,1.0200812546304,0.502756562714411,0.000902391516327684,0.0129284460615901
" 3108",49,1.4017526033354,0.822594989490039,0.00400850973875547,0.0137080927937596
" 4447",53,1.04481065178207,0.208115352069887,0.000236823136825759,0.0107378241882436
" 5094",16,1.1070975083764,0.460106688960656,0.00353446611084753,0.0132900137336932
" 5762",19,0.942273095019884,0.252421236120245,0.00060397846975697,0.0109379827539049
" 3621",25,1.03218631219895,0.469420682285829,0.00197524800865914,0.0131519197806657
" 5429",36,1.09896633685961,0.531658132974777,0.00226531661584506,0.0129184915890226
" 5105",47,1.15907084586333,0.517880674055547,0.00158345671182995,0.0124120141938257
" 8941",50,1.02053894315093,0.21097655809181,0.00206346065358418,0.0114383238217777
" 3573",38,1.18426008161963,0.565057175802828,0.0019867712820953,0.0129119667482858
" 5740",55,1.08300807711473,0.396775912248078,2.06624213337911e-05,0.0108534756984749
" 5394",37,0.971074257157716,0.395016083362621,0.00204120881522471,0.0128156242989378
" 5121",25,0.767200986153013,0.302934143252596,0.00225220392538323,0.012820779532922
" 8942",45,1.02247041875705,0.211257746095171,2.22518383594673e-05,0.0112458606213804
"  909",39,1.19693721037886,0.51366785541523,0.000316293988109571,0.0109219838649637
" 5729",43,1.03827143326508,0.387740652379534,0.000725171517964783,0.0113966223628615
" 4388",29,0.86140475633315,0.360966981656987,0.00141736263264678,0.0121493480432428
" 5449",56,1.06298295811023,0.198310415073733,1.19206276925718e-06,0.00922950146936823
" 3134",51,1.0653068561166,0.592553456762575,0,0.0105946819379515
" 4594",72,0.875125155146597,0.192733928206288,0.000454573269343404,0.0106021056035899
" 5727",51,1.0541673442045,0.398067952883752,0.000500269008831596,0.0111809506372372
" 5452",54,1.04744877811681,0.194471633582323,2.78147979493342e-06,0.00952740370493778
" 3617",39,1.1354498535265,0.524386302940309,0.00210836168455953,0.0131728715534448
"  457",27,1.17564389363289,0.78534588324353,0.000416427260727174,0.0133196670661679
" 5445",31,1.06777847299336,0.539365547818004,0.00353208198530902,0.0130054560874949
" 5792",29,1.04263629031338,0.192819099418152,0.00258757091780091,0.0110997462238233
" 5004",49,1.00802669396495,0.305017177168694,0.00484851663682536,0.0130074055242003
" 5483",44,1.14206056357788,0.539565824130879,0.00110583689561424,0.0122833517090632
" 4590",43,1.03259526679276,0.364149860072624,0,0.00819529187737075
" 3618",24,1.07212133087536,0.49919778562719,0.00447897717835564,0.0134438074478835
" 4108",38,1.4626686329306,0.843153217772017,0.00450281843374078,0.0139882474696185
" 4589",43,1.02690538509328,0.360704103727816,0,0.00826911616642711
" 3782",70,1.10961395866007,0.374719701161512,0.000278147979493342,0.0115003888748723
" 4591",43,1.03237802613669,0.364475391185822,0,0.00819413123217885
" 4324",53,1.11614687617552,0.389194861947548,0.00493355044769904,0.013559785420226
" 5066",80,1.06854304870704,0.263021496547088,0.000276955916724084,0.0106749778124635
" 4746",56,1.21755463878605,0.730984827866501,0.00139828962833867,0.0126715989388313
" 3783",69,1.10764978398187,0.373569623334678,5.16560533344777e-06,0.0114190393285271
" 4588",38,0.99886000827633,0.343471471463817,0.000325035781750791,0.00880791505478588
" 5065",78,1.06387156689864,0.264252362035773,1.66888787696005e-05,0.0105796217429661
" 2661",44,0.91239068473552,0.42378143743627,0.00113484375633283,0.011753647106026
" 5416",68,1.03324610664919,0.21179462799718,0.00019430623138892,0.00935876650754934
" 3781",64,1.10647468696692,0.377638667015482,0.000311525737032543,0.0114256498167261
" 5064",64,0.89307387274658,0.214263824723623,0.00145630334977585,0.0112772538502721
" 9464",30,1.07303513429519,0.448780152358719,0.00892576866194133,0.0139336589099209
" 3774",61,1.08863408402005,0.356936878278921,0.000385830982982907,0.0116694474947373
" 6649",35,1.20754108877308,0.447788780057006,0.00349711481074414,0.0131547709870087
" 5802",48,1.03907557684043,0.178839185285202,3.85433628726488e-05,0.00973297555556581
" 5909",28,1.00951959561396,0.173270771839102,0.000651660980527257,0.0109586279943595
" 6648",32,0.972822253540714,0.367695269672018,0.000731131831811069,0.0126975660264499
"  806",25,1.08822674546513,0.601280974703563,0.0112566487300955,0.0140353172502251
" 6644",41,1.14523039865075,0.44474293699731,0.00153418478403399,0.0130060124923938
" 5407",19,0.9876362230644,0.441346474722401,0.0011133866264862,0.0127174099893462
" 7003",39,1.32041007446222,0.631913574706248,0.0049097091923139,0.0135324296411014
" 4963",52,1.22816746224552,0.69635635461149,0.000779211696837775,0.0125579008914633
" 5782",30,1.07895024348435,0.282785381864386,0.00011841156841288,0.0105201328109625
" 4604",68,1.07193919321206,0.304515255111102,0.00143842240823699,0.0114237727167856
" 5408",25,1.1349042929718,0.496568000409539,0.000493911340728891,0.0125814372843305
" 5780",29,1.06355203733891,0.276262183000701,5.96031384628589e-05,0.0105067127680397
" 7001",31,1.10235018002794,0.549410097375035,0.0018763067988108,0.0133477895254445
" 5106",47,1.02744327362826,0.507942171913671,0.0019243866638375,0.0125576761068152
" 5669",42,1.2167815127185,0.526831575837707,0.002727042261804,0.0128821271841846
" 4448",43,1.22987891152367,0.615357017225749,0.00344029315207622,0.0124178898545044
" 5807",40,1.29145118115212,0.688350942510348,0.0037192358400824,0.0138602252886519
" 5734",30,1.14602089738541,0.312214560198237,0.00306121719145243,0.0115128645350909
" 5726",38,1.36018321584575,0.68974631223762,0.0159005279248651,0.0150125633710734
" 4463",45,1.02615276670496,0.530967619371893,0.000344108786058905,0.0116634515980191
" 4670",48,1.14811357666316,0.612213075022495,4.21195511804203e-05,0.0116760608677435
" 4539",48,1.27219964033615,0.628186202297358,0.00041404313518866,0.0119545843173402
" 4641",51,1.22828885418839,0.593877245816464,0.000741065688221546,0.0123844620124876
" 4484",52,1.17419277322315,0.613435319776534,0.000604375824013389,0.0118906870014973
" 8816",38,0.811265704777419,0.244481112182757,0.00358771158120769,0.0119060275902828
" 3032",46,1.21793147004367,0.645998798426383,0.00121948021295009,0.0130439817563293
" 5399",49,1.04715892714306,0.499711758113253,0.000482785421549157,0.0125323804391693
" 4538",47,1.17606139031706,0.575074058043356,0.000452586498061309,0.0120100239118145
" 4640",19,0.232897661268667,0.0780765930237119,9.77491470790886e-05,0.011371258848309
" 4672",44,1.15306371223029,0.612674872541374,0.000733913311606003,0.0121540494066192
" 3033",47,1.26448151230473,0.667419056488728,0.0013947134400309,0.0131849241387475
" 5853",21,0.747739224736877,0.172761314763456,0.00540838878411982,0.0125149336455014
" 5420",27,1.10240275768284,0.396406045998371,0.00212465320907271,0.011261133123813
" 4445",44,1.07747382319591,0.212699774549147,0.000107285649233146,0.0105366339901214
" 4671",48,1.09073992093527,0.581801489151607,0.000360797664828506,0.0120087719305038
" 4517",40,1.0607128026571,0.456588520734706,0.0045032157879972,0.0132800217900013
" 4579",32,0.934940939615821,0.414216755956312,0.0030147267434514,0.013228983797272
" 4557",27,0.8998943409448,0.367320889043796,0.00266982324887966,0.0128317326636228
" 5024",43,1.01434552275037,0.348297563937429,0.00194067818835069,0.00869845094741606
" 4556",21,0.848737576638277,0.3607570698917,0.00194862527347907,0.0127857032283953
" 5023",39,1.00187956927207,0.340630986304717,0,0.00809382302326367
" 2334",36,1.0952017688981,0.549379536163668,0.00394294628644633,0.0131193821060921
" 3837",84,1.12831599598114,0.344341796618534,6.75502235912401e-06,0.0100188707996156
" 5022",40,0.996714904752409,0.339662481608026,1.39073989746671e-05,0.00811505563262921
" 5736",42,1.15206701177699,0.612087095290344,6.19872640013733e-05,0.0119958839730335
" 1216",43,1.22874482318318,0.526702834323174,0.00695727567564131,0.0132334864716794
" 3836",86,1.12511566446524,0.343751902996253,1.11259191797337e-05,0.00999031445109913
" 5672",57,1.05439055958933,0.189767373347387,0.000227683988928121,0.0104419069084375
" 4879",43,1.17970950158959,0.621124349031116,0.00410665624009098,0.0137432579061372
" 5632",29,1.09145314190123,0.402003299180349,0.000344506140315324,0.0108862211505473
" 5750",37,1.21504764090429,0.588249434963751,0.0031085023479663,0.0129772555198447
" 3840",79,1.05341933158715,0.309576731176646,0.000216955424004806,0.0104706328395563
" 5637",15,1.03714666984284,0.359052472655928,0.000110067129028079,0.0109009687099121
" 5749",42,1.17728489752921,0.586809457919708,0.00136530922505589,0.0123175854070188
" 3838",88,1.04234586071038,0.30577694910209,4.92719277959634e-05,0.0101844769719533
" 1891",41,1.05280178900771,0.590084539030615,0.000843583086377663,0.0119538310478648
" 4924",32,0.938968159450097,0.492841277965789,0.00803370835628054,0.0145239569435631
" 4986",33,1.02605771558551,0.394672756162279,0.0016823979216783,0.0109890842838656
" 5984",31,1.01086107970447,0.194156011986408,0.000562653627089388,0.0108900732313489
" 4739",38,1.13234053437154,0.686620552487951,0.000594839321859332,0.0123580530415802
" 2971",20,0.417768531868399,0.175164765451145,0.000294836858262942,0.0121644083147784
" 3905",68,0.80254660390871,0.222092455845442,0.00108596918279329,0.0116965664500435
" 4904",52,1.0281080896798,0.22817505452085,0.00017761735261932,0.0104866943665448
" 5016",23,1.10888862002721,0.288394297927603,0.00172332541008946,0.0113846207560161
" 5636",52,1.05193199667859,0.18213111080107,1.58941702567624e-06,0.0101531087026603
" 9063",67,1.01611989747504,0.206849018775739,0.000512984345037006,0.0109812149831724
" 4907",31,0.991663761246092,0.196048910008788,0.00172332541008946,0.0114194761163491
" 4364",42,1.07355916695349,0.544736881798761,0.000301194526365647,0.0114737388602342
" 8480",60,1.0469953227924,0.37946792982192,0.000142252823798023,0.0106507077659591
" 5635",44,1.05176835770669,0.181396770760674,2.7020089436496e-05,0.0104447054696801
" 9066",61,1.00909761470962,0.21115965874809,0.00101881631345847,0.0111956480442837
" 4866",86,1.05516090492396,0.255682796475067,6.75502235912401e-06,0.0086088266585675
" 5733",32,0.983333012913641,0.176979960427488,0.00266823383185398,0.0113202067921103
" 7503",36,1.35245982745426,0.667046700470887,0.00476149605466959,0.0141219561115684
" 7234",32,1.21492530248711,0.53778375256809,0.00160292707039449,0.0129317688316871
" 3133",50,1.06015717302835,0.588667628379771,9.13914789763837e-06,0.0105377960152305
" 4861",72,1.05924363558853,0.248482710412091,0.000127153362054099,0.00968981989840882
" 5567",83,1.02774213821518,0.207572131426081,3.17883405135247e-06,0.00726344081436028
" 8476",62,1.04699696203902,0.381077375401309,2.58280266672389e-05,0.0103683232424594
" 1879",48,1.16237025437321,0.627047674843724,0.000288081835903818,0.0115789960093317
" 7509",22,0.821982295940484,0.458154848734015,0.000876960843916864,0.013823887333142
" 7266",37,1.17089314481571,0.530791788732532,0.00116027442874365,0.0127312053139903
" 4870",27,0.929114603055142,0.221499479353079,0.00260147831677558,0.0127418425914217
" 4767",57,0.771815263501322,0.153100413981252,0.00156319164475258,0.0114848096783224
" 4786",17,0.742202805598318,0.137695141288435,0.00593726729941358,0.0122811825529084
"  645",27,0.95665571432163,0.40284271797701,0.00223233621256228,0.011178357483528
" 5556",88,1.02783967837466,0.208960685248495,7.94708512838119e-06,0.00747332298565774
" 4842",94,1.04442375120925,0.230625391811134,2.78147979493342e-06,0.00742535468053678
" 5424",19,0.966214484650118,0.148944364214973,0.0087791449413227,0.0132571524724239
" 5760",39,1.10345419238409,0.356682184847499,0.00659290182250503,0.0124396850178031
" 9717",42,1.1304054283107,0.515499673092741,0.00535673273078534,0.0129312411145972
" 4768",48,0.797967873705417,0.220100540868603,0.00142093882095456,0.0126687241807269
" 4787",31,0.862521125676994,0.159700367436716,0.00426718735968428,0.0123853473804675
" 4845",91,1.04573364136804,0.230304670060826,5.16560533344777e-06,0.00747442403384065
" 5501",44,1.02065988993673,0.36761585311804,6.75502235912401e-06,0.00795368882091537
" 4510",48,1.09360396084408,0.360172133542497,0.00149961496372553,0.0119668291769304
" 4674",63,1.18522039040672,0.459322906130128,0.00241154298220727,0.012313727181269
" 9755",22,0.909805215000544,0.396474409433371,0.000981862367611496,0.0126304623688112
"  990",38,1.11288298986436,0.585651219182568,0.000137484572720995,0.010863308694737
" 4841",96,1.04434096654377,0.23021372133316,6.75502235912401e-06,0.00736534953227347
" 4867",10,0.265118190839193,0.0877462646232874,0.000183180312209186,0.0111411339021296
" 5492",35,0.980212107340192,0.340098383922162,1.9867712820953e-05,0.00820538036960238
" 4500",41,0.883814739506572,0.190346124749268,0.00340492862325492,0.0123944558771688
" 4849",87,1.03807987708356,0.22871888468494,3.49671745648772e-05,0.00755067901086785
" 4276",74,1.10103494210251,0.327516420780066,3.13909862571057e-05,0.010038378422478
" 5491",36,0.989766893758828,0.352745674842083,0.00146067424659646,0.00932014423752553
" 4782",70,1.02163277716847,0.217238369405453,0.00177895500598813,0.00980850435414985
" 4275",74,1.10186458432943,0.326206119806262,8.34443938480025e-06,0.0100172303645185
" 5789",30,1.03216078517913,0.190207293957268,0.00113921465315344,0.0107526508286898
" 4281",31,0.965153641100804,0.183288027574802,0.00320188059822478,0.0121794694721187
" 4274",74,1.10515750842328,0.328870175710304,5.24507618473158e-05,0.0101358302466703
" 6130",36,1.18107211719531,0.374447871107528,0.000281724167801113,0.0118369712843551
" 4306",5,0.705378623693607,0.0844647573453656,0.000247551701749074,0.0116631536236605
" 4271",65,0.937017792806312,0.269009131471996,0.00103629990074091,0.0109542101406881
" 4507",46,1.23772029924552,0.440283592532055,0.000982259721867915,0.0119990245159245
" 5433",27,0.976090709311671,0.511583855063504,0.00146107160085288,0.0128335752161341
" 6129",35,1.17274541547891,0.367931579292316,0.000446626184215023,0.0117987622656448
" 4307",10,0.733299280192958,0.0877495209515279,0,0.0116377713792257
" 4501",33,0.782387747530527,0.286079636130258,0.000954842278175,0.0122318705669422
" 5680",32,1.05286038025764,0.182927997488603,0.00175114020803879,0.0112261088082264
" 1964",59,1.14903536494578,0.600113398308458,0.00183140576783544,0.0121876755349267
" 5876",36,1.08661661800285,0.274325174443364,3.53645288212963e-05,0.0107234347902912
" 5875",36,1.10041857635472,0.278958271794157,0.000955239632431419,0.010856317487246
" 5628",52,1.17479750652493,0.667430437743114,0.000732721248836745,0.0123792809498224
" 5873",15,0.952817632638487,0.236583746904492,0.000477619816215709,0.0107000320646647
" 1840",45,1.16407230127082,0.603375505498623,0.00201855962260882,0.012501968230426
" 4635",28,1.05849181523679,0.177672667310017,0.000681859904015106,0.0103941676815268
" 5761",53,1.11025247506501,0.542087337037449,0.00137325631018427,0.0120510553307676
" 5857",15,0.654818466276749,0.30427500530539,0.000814576225659072,0.0123796547357131
" 1889",42,1.15477488526086,0.638896268656866,0.00036755268718763,0.011753621162444
" 5630",34,1.02434186509012,0.181285127753125,0.00131683200577276,0.010705474247101
" 4633",23,1.0431011450691,0.178597371097034,0.00249538473031169,0.0107450659282021
" 4999",61,0.982008032097946,0.19309947360103,0.00127113626628457,0.0104374056669244
" 4868",61,1.01091622008949,0.197429815494835,0.00209882518240547,0.010386185404232
" 1628",43,1.08917590958573,0.53617380507995,0.00385314422449562,0.0135349132961079
" 4645",24,1.03087312595427,0.180970488956767,0.00102557133581759,0.0108911980377606
" 4996",90,1.05154421313919,0.248215175534355,0.000208213630363587,0.00979523925363019
" 5746",63,1.05771310528165,0.392030316068681,0.000103709460925374,0.00800953602494262
"10107",38,1.17251697719184,0.452056924947868,0.00226174042753729,0.012911246393016
"  655",31,0.667893579311449,0.306880266173448,0.00136491187079947,0.0123952978159153
" 5221",68,0.927155505200819,0.175904864289115,0.00483301982082502,0.0123903347589874
" 4862",79,1.057449654819,0.256008765302873,0.000284903001852466,0.00956536130796407
" 4995",69,0.986381338340665,0.242272961685522,0.00102875016986894,0.0115668109545832
" 4542",34,1.0181955194731,0.244254057749653,0.0152977415178774,0.0138001104480886
" 5744",58,1.05315703807002,0.390784980559344,3.57618830777153e-06,0.00798523732238231
" 4863",74,1.06730976948859,0.26153846898495,0.00128583837377208,0.0100043822684385
" 4370",52,1.17451968935654,0.43797824184504,0.00099696182935542,0.011659559693483
" 5745",59,1.05602303109031,0.393877785026585,0,0.00799682363524444
" 5085",42,1.0510513270813,0.20310743222423,0.000514971116319101,0.0113900319079213
" 5086",30,1.03098631745012,0.203869269374873,0.00123974528002747,0.0114985339115491
"  996",40,1.11024662928406,0.573213074302839,6.51660980527257e-05,0.0102051944936325
" 4858",72,1.06862836974853,0.267228606773579,0.00238412553851436,0.0105020776461096
" 4372",48,1.00596499951594,0.376863354005964,0.000489143089651862,0.0115279023709155
" 5741",48,1.03404997092385,0.3859734093145,0.001038286672023,0.00894164572491042
" 8469",56,1.13967660524406,0.443359750520231,0.00191485016168345,0.0120684975893588
" 4371",53,0.949354019106998,0.330260299384386,0.000561064210063712,0.0114997236030009
" 5426",46,1.24529739849771,0.686917331743427,0.00602587729859503,0.0142371258997249
" 4738",51,1.19384949537634,0.68762317466407,0.000653250397552934,0.0123661968787446
" 5790",21,1.02432012455366,0.188002413029829,0.000414440489445079,0.0105708719972707
" 4462",64,1.0385804974735,0.202024921359753,0.000158146994054786,0.00916841802060278
"  848",24,0.991759611723245,0.429988542801392,0.000128345424823356,0.0104129209925651
" 4840",82,1.04150064852695,0.254426894336418,2.54306724108198e-05,0.00818775078538184
" 5764",49,1.12086313242733,0.53238449642708,0.00491646421467302,0.0135648166661876
" 5450",44,1.01059494648529,0.317457319568927,0.000390599234059935,0.0109171792534254
" 2771",34,1.14404597691007,0.771179975367201,0.00296624952416828,0.0137631059000894
" 1933",64,1.22921134839608,0.697509150458444,0.00425288260645319,0.013231670216223
" 5087",34,1.00132878543835,0.192180959585612,0.00251922598569684,0.0114775303442468
" 2070",51,1.22501993576927,0.653015206496074,0.00135736213992751,0.012153205357706
" 5098",33,0.917198450921878,0.488457465203128,0.00170504711429418,0.0124945227414248
" 4962",54,1.23026269738373,0.697979577308977,0.000704111742374573,0.0127234126977801
" 4804",97,1.04230245473009,0.215105725834609,6.07952012321161e-05,0.00813809504953996
" 4854",94,1.03296797534874,0.206416680236473,0.000134703092926061,0.00865489628776681
" 5525",73,1.03231187249099,0.204681585373168,3.49671745648772e-05,0.00782013904573263
" 5974",23,0.953378012059012,0.254111417015,0.00272982374159894,0.012242522884176
" 6001",31,1.11629680913171,0.322624028789491,0.000611528200628932,0.0114954271736711
" 5605",87,1.04303023759736,0.219074604623177,0.000434308202266032,0.00890107554217013
" 5147",30,1.03930494598694,0.418130180087234,0.00239803293748902,0.0108881683013136
" 5664",16,0.905494984265819,0.324538097506228,5.16560533344777e-06,0.0107083978257758
" 4876",39,1.12655484500182,0.457184956713198,0.00244412603123363,0.0130871459641798
" 6000",28,1.00770004612247,0.282391489463138,0.000501063717344434,0.0113504422132026
" 5145",39,1.07347600523787,0.442415622722828,1.70862330260196e-05,0.0102854414385608
" 2931",44,0.994859832118883,0.343148569814023,0.010132533538686,0.0133851332818297
" 5821",59,1.08238209416839,0.423168931483956,0,0.00907158844879044
" 6069",34,1.17851441533696,0.332386523660847,0.00263366401154553,0.0119827443987855
" 6041",25,1.10313136326974,0.291486922387493,0.00376850776787836,0.0120740739606602
" 5150",36,1.07483192959242,0.431620122844496,0.000500666363088015,0.0104542578206649
" 5588",43,0.873421889885398,0.172531565337132,0.00181710101460436,0.0106069916855302
" 5614",33,0.849554167505607,0.173630519270626,0.00467646224379591,0.0122634510478709
" 5132",42,0.963092217577332,0.393748271778505,0.00182902164229693,0.0114969790247928
" 4731",52,1.28267461620619,0.664778591061105,0.0082288092961823,0.0143572035395913
" 5136",44,1.11020086996016,0.501709482946634,4.76825107702871e-06,0.0109359432568082
" 5595",76,1.02971411726826,0.20851713338339,1.58941702567624e-06,0.00754315452846402
" 5822",59,1.0782663974824,0.42277051545971,0,0.00893937121425493
" 2233",52,1.19904889204522,0.650359765884099,0.00745635262170365,0.0133674484570167
" 6061",27,1.06399007958584,0.289144660424147,0.000878947615198959,0.0115548393560183
" 5579",43,0.817251334254041,0.184691632852326,0.00210677226753385,0.0114124031768042
" 5511",54,0.847328900484818,0.182911466133357,0.0025581667028259,0.0119298362547127
" 5604",47,0.964397890336927,0.20926470621322,0.00526852008586031,0.0125370550292552
" 5154",33,1.00567288459022,0.407099297315867,0.000224902509133188,0.0102976762026516
" 5590",80,1.0285950080523,0.208105617955597,1.58941702567624e-06,0.00746548410003502
" 5134",46,1.10968065929086,0.496174537525617,0.000375102418059592,0.010960230891705
" 4490",67,1.14819009393045,0.411778532100707,2.34439011287245e-05,0.0112488634004019
" 5823",59,1.07406210069159,0.421195836607902,0.00223988594343424,0.00954915149624137
" 6180",26,1.04242620104095,0.318587664140898,0.00234041657030826,0.0120023822779937
" 4850",79,1.0509462543204,0.220369087859704,7.47026002067832e-05,0.00824731618319363
" 5133",43,1.08948820234276,0.495296557081519,0.00051973936739613,0.0109480313783066
" 5598",78,1.03040941983301,0.20773642235994,0,0.00747475627448767
" 4488",65,1.14524851367587,0.40941290860582,1.62915245131814e-05,0.0111998951914213
" 5818",56,1.06698397712499,0.418347782007301,0.000587686945243789,0.0091797566158422
" 3760",40,1.34979726471703,0.743435040192989,0.00331592126981705,0.0137509400019623
" 5128",39,1.11637998586493,0.499519424331763,0.000686230800835715,0.0110663294613972
" 5594",79,1.03080368672051,0.208866797454895,7.94708512838119e-07,0.00780047111526145
" 4487",66,1.15094358533968,0.412252844317186,0.000367155332931211,0.0113195585631183
" 2995",50,1.14107009360295,0.628592130647804,0.000828880978890158,0.0126763451990676
" 6420",32,1.11716509162893,0.382162143409495,0.00172133863880737,0.0120751433230453
" 5544",75,1.039262979536,0.209588536574389,4.45036767189346e-05,0.00823433256239005
" 4486",55,0.857115416611123,0.270106168992981,0.00132279231961905,0.0113992542284544
" 9911",34,1.18717557033701,0.364749974456482,0.00583832608956524,0.0132480971843309
" 3758",38,1.25750999305779,0.7160784302708,0.00199471836722368,0.013737021239371
" 5985",44,1.04489623475853,0.2015663960562,0.000251922598569684,0.010594194753085
" 3020",43,1.13874776814164,0.522024545830341,0.00125563945028423,0.0120964895432336
" 4514",31,0.967095727131789,0.299848836720642,0.00427116090224847,0.0131193081030325
" 2554",50,1.16055916715008,0.624541718998004,0.00353685023638605,0.0138368729006555
" 9924",36,1.19386009837989,0.34984566521255,0.010837042635317,0.0135311973990991
" 3030",24,0.911259495246822,0.49890660506595,0.000935371919610466,0.0131044577898536
" 5144",43,1.10954849449392,0.453409522386245,0.000725966226477621,0.010685264209533
" 4883",38,1.15545728580481,0.499514182895822,0.000419606094778527,0.0119763747844022
" 5434",25,0.950400718689656,0.458038150880288,0.00087417936412193,0.0124427249839937
" 5155",48,1.1272704524063,0.456780041822801,0.000590865779295141,0.0105042808705573
"  891",35,1.11042230555213,0.484134383290117,9.81465013355077e-05,0.0102367729947288
" 1786",43,1.22894899983909,0.817182408801645,0.0019700824033257,0.0138142190874058
" 4333",37,0.965580495315063,0.271992561934732,0.00421394188932412,0.0135519464752204
" 5089",25,1.00618975484585,0.183872125268237,0.00165895402054957,0.0117058703808645
" 1767",40,1.21089517090597,0.813861393377746,0.00123815586300179,0.0138225682315281
" 1802",36,1.40109902959256,0.999611758808066,0.00157948316926576,0.0136072463433769
" 6032",16,0.784235706484903,0.140860772902426,0.000617091160218799,0.00964137502097437
" 4586",39,1.00600240789864,0.34810775895619,0,0.00790851263174193
" 5718",43,1.38607663163417,0.737240125442846,0.00105020729971557,0.0129606181155397
" 1752",29,1.38751930797976,1,0.0022808134318454,0.013776940990608
" 6031",11,0.751850133472022,0.130380998846412,2.38412553851436e-06,0.00955040209470888
" 3922",36,0.765176515923325,0.19872373302942,0.000813781517146234,0.0113034499245822
" 5071",35,1.03051977840641,0.360057181948776,0.00176345818998779,0.0127052383957234
" 3800",48,1.09699699890889,0.410719250743084,0.00498242502123859,0.0132105406440228
" 5043",65,1.00794960820302,0.249164193012168,0.000765304297863108,0.0109245846670165
" 5601",65,1.01830492753666,0.195670836839021,4.21195511804203e-05,0.00813277015742111
" 4690",24,0.766426015260257,0.189510081929559,0.00147855518813532,0.0117885377393995
" 4704",21,0.749877796143506,0.174711054639023,0.00242386096415626,0.0120703812603158
" 4717",32,0.494460833667976,0.183450723731732,0.000607157303808323,0.0122258682859433
" 5143",40,1.10471919305344,0.453048210418074,7.27158289246879e-05,0.0105433865828176
" 5609",90,1.04661707558521,0.227843967115353,0.000586892236730951,0.00868795949634341
" 5562",82,1.04087308842038,0.209435088101835,0.000895239139712141,0.00863335484867539
" 5141",35,1.05084462493735,0.418550188120517,0.000296823629545037,0.0107644062809109
" 5711",34,0.526821092236872,0.184598643175533,0.000827688916120901,0.0121424865826497
" 4715",48,1.09016675063955,0.408105719329361,3.69539458469725e-05,0.0099543453716494
"  748",38,1.1860748274458,0.56320538376964,0.00371287817197969,0.0131874609359833
" 5151",33,1.00906084482047,0.406952443704435,0.00104702846566422,0.010925589477174
" 4712",49,1.08934357143804,0.411133441906627,3.97354256419059e-07,0.00981849755915462
" 8440",53,1.07041458526879,0.375482475642759,0.0013029246067981,0.0121511365016741
" 5779",13,0.928128626486496,0.235493272632603,0.000232849594261569,0.0103602078914109
" 5791",28,1.01083300005019,0.180697658127023,0,0.0103612805519649
" 4700",46,1.05923621642272,0.406919087328463,0.000100133272617603,0.0100062528361812
" 8437",45,0.953394127493368,0.345903808535653,0.00202253316517301,0.0123227286343482
" 6347",39,0.984126887941656,0.462808802634375,0.00218385899327915,0.013041788814339
" 6650",82,1.15228325682141,0.411405195160727,0.00487474201774902,0.0125139563197631
" 5645",16,0.898081250201917,0.242932247908529,0.000355632059495058,0.010451517378608
" 5030",53,1.07958173029753,0.199180713237137,0.000663581608219829,0.0103393639777595
" 6999",64,1.1304780668993,0.468175074339496,0.00311128382776123,0.0125582415646135
" 1741",67,1.43093526303925,0.86039610325601,0.0054580580661722,0.0137640116976976
" 4822",91,1.04824469255643,0.251349340247673,1.9867712820953e-06,0.00817208130747019
" 5466",64,1.07171800112971,0.316849678056238,0.00181869043163003,0.0125072166174777
" 5448",50,1.07351432359593,0.374412569779829,0.00225419069666532,0.0116051399677417
" 5468",49,1.15457464850929,0.529416515560703,0.000432718785240356,0.0120049837473177
" 5020",29,0.918357259947296,0.307599950805169,0,0.00842390389956973
" 5467",46,1.07314684428495,0.504581543729878,0.000751396898888441,0.0121430375390672
" 1720",36,1.14211502893957,0.563243771368008,0.000898417973763493,0.0131917318208721
" 5528",56,1.01619636257762,0.191987937743509,0.00034649291159742,0.0085678950136382
" 6619",52,1.25281597761641,0.656118381442275,0.000954842278175,0.0134587630490542
" 5402",28,0.529042112038787,0.25505302572269,0.000644111249655295,0.0119520332015454
" 6620",49,1.23214542963114,0.649675972443335,0.00246995405790087,0.0134784205820512
" 5084",50,1.35438242865646,0.744994327048082,0.00585382290556558,0.0138998138078477
" 4919",53,1.14017171790438,0.354793023076542,0.00605369209654437,0.012308317273175
" 6621",46,1.20020910486942,0.608331745283736,0.00440626134943095,0.0134306529474909
" 9912",55,1.11646564065089,0.528099681970243,0.00210955374732879,0.0129990367220281
" 4574",26,0.941972705596144,0.225299190799792,0.00607991747746803,0.0127760237509756
"  880",6,0.0650028844884427,0.046096262112762,0,0.00909700901907834
" 9927",41,1.17374958762022,0.514316344580294,0.00574693461058886,0.0133939890002002
" 5295",55,1.18165645072397,0.534848778410248,0.00129656693869539,0.0128370776344652
" 5130",45,1.13197055423536,0.462346225733866,0.00164663603860058,0.0113468793684566
" 3777",37,1.1436957174836,0.539423664824813,0.00328810647186772,0.0134707177843452
" 4727",43,1.17661121293627,0.619633096767218,0.00260306773380126,0.0132962497617734
" 4461",73,1.03042072251823,0.199033572940309,2.62253809236579e-05,0.0088766296740372
" 4844",81,1.0464035208034,0.249864443785888,3.57618830777153e-06,0.00774162512516609
" 2147",52,1.10020929182476,0.630524494486143,0.00167643760783201,0.0128739838122531
" 3111",48,1.11173375156608,0.631722394117512,0.00220253464333085,0.0119520866781012
" 4847",81,1.04527332623487,0.248625399898232,9.93385641047648e-06,0.0080222614736438
" 4838",82,1.03234053461431,0.248091581009766,1.74835872824386e-05,0.00825011753924502
" 5697",49,1.11769520401635,0.450378475751746,0.00354797615556578,0.0131651571994112
" 2565",39,0.873806903420798,0.371607926698363,0.00701211056302714,0.0132919460615957
" 4802",86,1.04039976151016,0.2428185804775,6.95369948733354e-05,0.00881620253384455
" 4290",63,1.0899351406895,0.35726695357302,0.000598812864423522,0.0105428153767091
" 4897",41,1.00956715032828,0.3783853552919,0.00477858228769561,0.0134970635156972
" 4587",45,1.04227849195178,0.374227178730301,1.47021074875052e-05,0.00867237259137976
" 5161",61,1.17123326289411,0.442844734369625,0.000614309680423866,0.0123043508400555
" 5702",41,1.07531012685549,0.500203250655732,0.00813463633741098,0.0136816376935628
" 4585",42,1.01990209002097,0.357360977711329,0.000435500265035289,0.00919040362267355
" 5160",55,1.10837094805809,0.417902376215939,0.00126398388966903,0.0125936008178072
" 3799",52,1.03204200462397,0.365002920188407,0.00476944313979797,0.0132173701838815
" 5068",56,1.04125792676,0.258792454930317,0.00207101038445614,0.0112605921248739
" 3900",55,1.12753965039587,0.359117450786978,0.00246478845256743,0.0118358922150733
" 4894",49,1.2766199012745,0.626212874324396,0.000393778068111288,0.0126436473143534
" 3772",65,1.14962018717762,0.413899278008195,0.00194783056496623,0.0129042717709744
" 3916",41,0.916688823837642,0.271467553675271,0.00117179770217981,0.0118767156484726
" 4982",44,1.21342930750851,0.608663608673291,0.000859874610890844,0.0128102880382878
" 3919",34,0.902810698337847,0.243631414872081,0.00142968061459578,0.0121338563862736
" 4921",75,1.02218166447252,0.260557717251508,0.000845967211916177,0.0109627080955037
" 4920",72,0.989193006218329,0.27261474866488,0.000269803540108541,0.0110585686991264
" 4785",76,1.02849031926655,0.202435122935331,1.11259191797337e-05,0.00815803185861747
" 6968",46,1.04077755378381,0.24018583510976,0.000127153362054099,0.00913004618136036
" 5570",71,1.03998714953974,0.239258907650905,5.16560533344777e-06,0.00856895695928295
" 4509",43,1.23180642031637,0.372244262121965,0.00412453718162984,0.0128407224770486
" 5742",51,1.05096842972617,0.386212936947264,5.56295958986683e-06,0.00810407123709644
" 4669",55,1.11210229977938,0.579365852792463,0.000894444431199303,0.0120346789664112
" 4515",32,0.801315673820898,0.245763726527963,0.000244372867697721,0.0119060665672804
" 5959",27,1.13980541231255,0.405922223188856,0.000886099991814502,0.0120475505016793
" 4831",86,1.06105869129844,0.274019795987476,0.000388215108521421,0.0090410044863457
" 5958",24,1.12091292252893,0.399342933161821,0.000214571298466292,0.0121149696504734
"  983",37,1.09758265532279,0.580625239770886,0.000698548782784706,0.0109262518095082
"  521",35,1.35354096734405,0.879709203348308,0.00244094719718228,0.0137028786380586
" 5021",35,1.02533424662387,0.356145406323217,0.00234717159266738,0.00920688833647336
" 4518",25,0.819816286351526,0.258492189442624,0.001300937835516,0.0125106901783793
" 7625",41,1.00097040939319,0.218086151999308,0.00351737987782151,0.0120398756352091
" 5957",17,0.939153163404227,0.343332030198437,0.000530865286575863,0.0119462582821686
" 6012",21,0.938787894570688,0.363772174876009,0.00256134553687726,0.012369557553136
" 4220",52,1.10755002578133,0.383669592633059,0.00168279527593472,0.0112592162251769
" 5169",48,1.00666915367146,0.36236625061005,0.00112212842012742,0.0132539152833571
" 5482",57,1.22780378444269,0.608327586457781,0.000383049503187973,0.0120569130745865
" 5653",21,0.324513232466286,0.133365597354257,4.88745735395443e-05,0.0110488870977815
" 6101",29,0.998783451146585,0.334008721441492,0.00256968997626206,0.0124206276287342
" 3842",57,0.849374424669263,0.269814425484091,0.00154769482875224,0.0124909344296639
" 5481",54,1.21401512252438,0.599393225955364,0.00114557232125615,0.0123089403553388
" 6141",29,1.05010276652274,0.329099081741101,0.000201458608004463,0.0119413503799279
" 8517",11,0.604225633508405,0.162483446945761,0.00344744552869176,0.012352757378129
" 6142",27,1.05395159279201,0.341920521053046,0.000222915737851092,0.0118901351425489
" 5631",33,1.02107843373642,0.178395428237934,0.00103391577520239,0.0110203127124634
" 4801",85,1.0210576741537,0.233418914761238,0.000537222954678568,0.00934086896588695
" 5820",59,1.08346247253319,0.424175373384539,0.000234439011287245,0.00940440462106127
" 5029",49,1.05460070247062,0.199818093170711,0.000339340534981877,0.0103740914618118
" 5589",71,1.04419923590527,0.242075879301913,2.78147979493342e-06,0.00840023662608867
" 5140",35,1.11083779835078,0.501557534574282,0.00103749196351016,0.0110831817241287
" 5811",51,1.04321708652505,0.397473518971166,1.58941702567624e-06,0.00856042519223168
" 7549",25,1.15177729318902,0.558663024012801,0.00598296303890178,0.014003918947792
" 7292",31,1.12992019908965,0.50234787592097,0.00189180361481114,0.0128058666115001
" 5774",38,1.01361227030823,0.189038735019604,0.00126358653541261,0.0108770114135122
" 4848",95,1.04796720524738,0.243057336393862,1.9867712820953e-06,0.00823814626556333
" 5600",74,1.04277117274122,0.239906685144948,3.17883405135247e-06,0.008479400180625
" 4489",43,1.01591847748896,0.383350920676188,0.00294042149750104,0.0126494521713696
" 4992",30,0.980966845698379,0.20229043199889,0.00120636752248826,0.0114789962094341
" 4994",29,1.03622691455347,0.245900741292369,0.00585938586515545,0.0127668430099473
" 4852",90,1.05565283765852,0.240890083963174,4.72851565138681e-05,0.00846748690572616
" 5574",67,1.0322274363489,0.235609851386135,2.22518383594673e-05,0.00881694387877825
" 7477",27,0.824111258101103,0.204423746798003,0.00219379284968963,0.0119492675069403
" 6829",42,1.05247839751795,0.19786858130241,0.000251525244313265,0.0104947714405808
" 5700",68,1.0446087408048,0.220400125546898,0.00038424156595723,0.0101928475250781
" 4810",90,1.0131721191871,0.227848568537871,0.000118808922669299,0.00860177219347798
" 4792",76,0.991490676013766,0.240562295438443,2.34439011287245e-05,0.00870506703112512
" 5587",68,1.03133919015424,0.231045992670569,5.52322416422492e-05,0.00837194174008383
" 1015",36,1.111561761819,0.574874938788821,0.000282121522057532,0.0104476404858366
" 4288",90,1.03279177885687,0.279146899913183,2.34439011287245e-05,0.00976401442815321
" 4834",85,1.04815883205645,0.248518825080875,5.64243044115064e-05,0.00843986732013259
" 1703",28,1.10645546656328,0.557776779211246,0.00127669922587444,0.013255137549594
" 5026",85,1.01505563691861,0.214622310543785,0.00125166590772004,0.0109301734962987
" 4282",67,0.923047999358007,0.25676264658433,0.00101444541663786,0.0110589880090013
" 4812",89,1.02350137568261,0.241931418173388,2.90068607185913e-05,0.00809574891967157
" 5172",46,1.20112997183114,0.462918989767482,0.00337353763699781,0.013382671163282
" 5619",7,0.598409521842083,0.114206292110554,0.00910378336881707,0.0133747000786923
" 4584",21,0.751197086912961,0.371282639356571,0.00137405101869711,0.0132401970995193
" 5018",48,1.01828734196776,0.334845933677208,0.00210716962179027,0.0125186197985812
" 7811",51,1.11956249879928,0.437744228547785,0.00128186483120789,0.0123952953857904
" 3918",67,1.00798019695725,0.276429076960056,0.000243975513441302,0.0115616619583019
" 5168",59,1.19309778557953,0.457962477067187,0.00178412061132158,0.0130054483185361
" 4581",29,0.398422241380876,0.111450319223247,0.000171259684516615,0.0108454503058415
" 4610",38,0.64338727020094,0.238755912329273,0.000704111742374573,0.0120847987157241
" 6127",47,1.12493867211644,0.341172754533696,0.00413089484973254,0.0125243341879076
" 5893",46,1.20900331244152,0.470850862325649,0.00836112826356985,0.0135907371138775
" 5923",56,1.02789552717667,0.381639698385945,0.00658932563419726,0.0130264806280334
" 7810",41,1.08525312540771,0.426873872217585,0.00105457819653618,0.0123932077081987
"  871",26,1.02228438825849,0.445033624319082,0.000484374838574833,0.0104677084022557
" 3926",45,0.936864984231683,0.280703568898155,0.00149921760946911,0.011649171979226
" 5170",23,0.693639295266874,0.232688169864357,0.00406096050060279,0.013250312165742
" 3929",45,1.07280461533124,0.282301842777286,0.0041634778987589,0.0122272695940307
" 5748",39,1.14523728557064,0.494796711547275,0.00336519319761301,0.0122270698016344
" 7922",52,1.18810274326692,0.41220530443124,0.0147871412983789,0.0141476947784229
" 5523",50,1.03789679163382,0.195873496944112,0.000979478242072981,0.0101366121951552
" 5730",39,1.14136912214562,0.464530548616675,0.00229909172764068,0.0117597943010246
" 8329",57,0.895247385621018,0.335529242409326,0.000897225910994236,0.0112054236548583
" 6088",26,0.928871279567103,0.328094816477716,0.00127312303756667,0.0120304149255818
" 6060",33,1.16111430445016,0.386799150227996,0.00251207360908129,0.0124281965411489
" 4708",52,1.12447572212849,0.449038884032309,7.78814342581356e-05,0.0103056816988576
" 6059",31,1.1368032178861,0.37149161745066,0.00124133469705314,0.0122590030246609
" 5743",51,1.05674484239058,0.395765596703896,1.19206276925718e-06,0.00796608992685778
" 5810",45,1.01716601768343,0.385011037126678,0.00237021813953969,0.00965929522681024
" 4706",44,1.1047478528161,0.44244130145621,0,0.0102210281332512
" 4869",74,0.974239063462465,0.221086207294052,0.00098861738997062,0.0100162055055674
" 5591",66,1.05633007335379,0.276984733738199,0.00201736755983956,0.010561877511855
" 4701",48,1.11241236954468,0.470490377449427,0.000417221969240012,0.010706764056101
" 5983",17,1.02266369791877,0.268568110272707,0.00166888787696005,0.0118410002066009
" 6004",23,1.07767928199413,0.306074612479136,0.000984643847406429,0.0114818212050631
" 4369",33,0.772949985942636,0.237705206587306,0.00144517743059612,0.0120494667745805
" 4692",35,1.02029138032305,0.391771643100772,0.000249935827287588,0.0103648478194166
" 5488",30,0.971261960301503,0.187323087705995,0.00871199207198788,0.0126483918655945
" 4966",44,0.842421107871797,0.322804374345815,0.000289273898673075,0.0101600781649383
" 5995",24,0.98359758162248,0.266101754265336,0.000563845689858645,0.0114209165239491
" 8881",14,1.00050190846704,0.211001407373729,0.000563448335602226,0.0106778955253852
" 4790",64,1.03362421259379,0.255469972356697,0.000293247441237266,0.00904727375556835
" 6074",25,1.0723436339848,0.320851520655769,0.0004732489193951,0.0115252038258445
" 6046",14,0.994294306058527,0.263836055414248,0.000757754566991146,0.0118139930514088
" 4468",41,1.36081447248568,0.597470977460232,0.0094379582984655,0.0143360665981969
" 4968",45,1.26896736242383,0.588540967757586,0.00494984197221222,0.013453602633474
" 5159",52,1.09680361879593,0.431788165770078,0.00184412110404085,0.012521469355182
" 7411",47,1.20141216775647,0.457533927486825,0.00257525293585192,0.0123664382272015
" 5651",49,0.956855635065244,0.46765389858853,0.000893649722686464,0.0123641008441731
" 6045",21,0.992205204436208,0.274006584818949,0.000397354256419059,0.0114048634308571
" 4212",71,1.01702109098433,0.321753198645204,0.000590071070782303,0.0106610451376015
" 4458",18,0.686215802818307,0.241576432101732,0.00292611674426995,0.0129787480287654
" 4967",53,1.24555090749359,0.602114126047664,0.00220889231143355,0.0133425307872125
" 6191",28,0.95461393785549,0.321630625297707,0.00440268516112318,0.0121625466098025
" 4835",80,1.03385232484583,0.258428306815343,2.6622735180077e-05,0.00819558223474072
" 5171",50,1.13608292867775,0.409211232681237,0.00381340879885371,0.0136375078327088
" 4892",35,1.112412555103,0.575160755499884,0.00145352186998092,0.0129081100880132
" 5173",39,1.01984179457968,0.383920267443669,0.00595554559520886,0.0140425901576204
" 5895",54,1.11977326062874,0.421632062210361,0.00181829307737362,0.0118054518097477
" 6423",34,1.09609103140051,0.352588238643987,0.00259750477421139,0.0122605775825783
"  921",35,1.1512979911621,0.506042968685524,0.000222915737851092,0.010664724432803
" 5856",39,0.699184876145823,0.266389022933879,0.000361195019084925,0.0116052136447862
" 1978",51,1.08869761814579,0.570637079118809,3.41724660520391e-05,0.0104691504853798
" 5819",56,1.07846750948831,0.427482883806084,6.07952012321161e-05,0.00900464381832486
" 5596",69,1.04727007403328,0.239621141056562,7.15237661554307e-06,0.00854119436533743
" 5135",44,1.14960906726761,0.526915353076382,0.00100173008043245,0.0110519189000767
" 5814",55,1.06017536957531,0.417714032089378,0.000483580130061995,0.00926911084243421
" 5797",59,1.03508084152293,0.231340078563228,0.00236544988846266,0.0116194699636019
" 5597",71,1.0361039718748,0.216317526351229,3.49671745648772e-05,0.00801785304121063
" 5125",51,1.11851963475083,0.513180155763796,0.000253114661338941,0.0106973518012451
" 4485",59,1.03935220916196,0.339961758717854,0.00146504514341707,0.0107763016570433
" 4683",50,1.05507710533944,0.391053047877241,0.000553117124935331,0.0106149805828913
" 5059",44,1.07855427068138,0.403125577163425,1.19206276925718e-06,0.00975320516255455
" 5441",30,0.765499620530359,0.350519982406471,0.00288876544416656,0.0132163924753835
" 5536",59,1.03247796401772,0.205166622513402,0.000407685467085955,0.00856000926783915
" 5816",50,1.03434920800312,0.402654635235499,7.94708512838119e-06,0.00851201137959111
" 5055",44,1.08117217773539,0.403914962501957,3.97354256419059e-07,0.00967016898988646
" 7512",61,1.1253414446301,0.410347310677742,0.000987822681457781,0.0122537893725588
" 5586",70,1.04184724037505,0.228833582314846,1.19206276925718e-06,0.00815264894438429
" 5056",40,1.05926170006524,0.396329105542861,0,0.00979697606426046
" 5177",42,1.06808771692019,0.288606915580992,0.00152067473931574,0.0111318674587849
" 4503",40,1.0917523592411,0.269775797477457,0.00528799044442484,0.0127159551539433
" 5050",33,1.02404658817362,0.379587306836925,0.000125961299284842,0.0102416048890375
" 5176",41,1.02581467214738,0.287044595736642,0.000400930444726831,0.0110635441440261
" 5540",66,1.03183701664251,0.233765474098077,0.000540004434473502,0.00879057385304959
" 4910",59,0.850958978843396,0.22879948874378,0.000907557121661131,0.0122967541950067
" 4843",74,1.05864440460845,0.273082085775197,0.000378678606367364,0.00899247445949434
" 4541",30,0.988764636898337,0.306739085188659,0.00511553869713897,0.0129433999168952
" 8202",47,1.27642502144223,0.526524608929448,0.000944511067508104,0.0120541044004177
" 8212",43,1.11146541252355,0.474215116168436,0.000412056363906565,0.0120394753316342
" 5710",43,1.07716605119285,0.59033213242181,0.000977094116534467,0.0128795958993145
" 4582",49,1.01569692011575,0.373325251465813,0.000236028428312921,0.00959531619100628
" 4813",83,1.03277345046953,0.249367081618657,2.54306724108198e-05,0.0083283853055092
" 5073",56,1.14595298076648,0.599966510628279,0.0034232069190502,0.0131279161925637
" 7189",42,1.3246907029914,0.774910587898277,0.00677846626025273,0.0141309664557487
" 5117",73,1.09322719816505,0.355917980244723,0.000901596807814846,0.0110666524527488
" 4686",29,1.001002841774,0.366043725337749,0.000396162193649802,0.0107621302456918
" 5116",71,1.09429192253203,0.358079712930692,0.000184769729234863,0.0107704350624897
" 5359",43,1.00914232469852,0.209204729212514,0.00164504662157491,0.0115221925750136
" 5401",38,0.961710425343315,0.183967069967482,0.00149365464987924,0.0116322729502711
" 5115",70,1.07365819956115,0.359743236997827,0.000306360131699095,0.0107646266691729
" 4703",42,1.09784634639956,0.410880616230869,0.000349671745648772,0.0105804869333153
" 5642",53,1.10377425762147,0.381181202223308,0.000120000985438556,0.0113199270950954
" 5462",47,1.04408675398994,0.319746184591828,0.000986630618688524,0.0119253917568251
" 5713",42,1.13334356818712,0.489207673277143,0.00236028428312921,0.0127715390834689
" 7203",71,1.0555501741759,0.230331243967863,0.000644508603911714,0.0111723445985915
" 5421",31,1.30697931156633,0.574071092655092,0.00360837400254148,0.0131470030991112
" 9025",7,0.737874277315945,0.160306035941739,0.00111060514669127,0.0107669208099308
" 4705",46,1.10285005644441,0.409453870985096,7.82787885145547e-05,0.0105026668315305
" 5641",55,1.10745951130201,0.343021795192071,0.000627422370885695,0.0115083200805717
" 5464",52,1.07177899154156,0.327090249300591,0.000138676635490252,0.0115947251191623
" 5717",46,1.14596175405604,0.486411826704113,0.00183816079019457,0.0127347011510497
" 7208",56,1.03920492089577,0.223082853970157,0.000108080357745984,0.0110151670718552
" 5419",28,1.09741744434664,0.503731414784561,4.76825107702871e-06,0.0126023611981499
" 4714",44,1.06856333390804,0.400054771132835,3.73513001033916e-05,0.0102367731966302
" 4932",43,1.10297275894607,0.43237097576359,4.56957394881918e-05,0.0103254310818726
" 4643",43,1.05607926357509,0.514366597391738,0.00599011541551732,0.0136298217368956
" 5640",51,1.11677934887439,0.384249557325572,0.000877358198173283,0.0118323626445749
" 5715",44,1.14414618005864,0.495557561649232,0.00416943821260519,0.0128690770789896
" 5463",52,1.02180864516881,0.298099404667276,0.000111259191797337,0.0113797294421402
" 5070",41,1.21791735141191,0.567267727219714,0.00456560040625499,0.0127212478365309
" 7205",69,1.05877038506646,0.238888070362985,4.64904480010299e-05,0.0108496376371495
" 6259",28,1.05244109700207,0.294483743271358,0.00245127840784918,0.0128441122841802
" 4696",44,1.07269361350069,0.39225787558339,5.64243044115064e-05,0.0104722117228238
" 4929",48,1.11233315145623,0.432977142356991,6.47687437963067e-05,0.0103493668609058
" 6258",28,1.10261911132141,0.313034465597237,0.00284187764190911,0.0128025005967634
" 4927",40,1.08943458667166,0.428420313259895,0.000230068114466635,0.0104146695905242
" 6564",26,0.951450587408116,0.274490055364166,0.00222915737851092,0.0128761422404362
" 4814",86,1.01299559362875,0.241522538900594,5.72190129243445e-05,0.00807582554922012
" 4676",40,1.04552290939421,0.40066221275238,0.00131881877705486,0.0110261474665009
" 4925",44,1.0501625447088,0.390101723578108,0.00140703142197989,0.0106390354406548
" 5546",71,1.05220942964536,0.266069765924517,0.000607952012321161,0.00977916343339434
" 4800",72,1.03692002165717,0.253537684998864,0.00231816473194879,0.00992722799050367
" 4504",29,0.859744372084056,0.269432861520372,0.0028812157132946,0.0124803270361973
" 3726",41,1.03738173055082,0.376073598917521,0.00886576816922205,0.0140747629192978
"  977",41,1.12826164590378,0.564856020549768,0.00299724315616896,0.0120155747403304
" 5272",39,0.966535587711751,0.466159082386291,0.00308704521811967,0.0132719419372832
" 5484",42,1.13256055385407,0.464836110407679,0.00205591092271221,0.0128457859910114
" 4864",66,1.08047678906151,0.310301085736057,0.00505037259908624,0.0127326940623557
" 5038",47,1.08261580225367,0.383457649874256,0.00160968209275361,0.0109686704906891
" 7895",44,1.09538494015975,0.491853631706284,0.00112252577438384,0.0119304480523983
" 6622",42,1.2251073849654,0.580248045021471,0.00150398586054614,0.0130166149599493
" 6623",41,1.04077879257227,0.235113020566941,0.00420480274142649,0.0117179007541698
" 7844",46,1.15919605018815,0.472997964552678,0.000898417973763493,0.0118287306253536
" 8026",25,0.602395745229848,0.246946949389146,0.00140981290177482,0.0118341977231524
" 7492",45,0.926616396603315,0.415622871904085,0.00411897422203997,0.0129701939642188
" 4457",41,0.967797054340611,0.408229173392294,0.0131134851703418,0.0148597773602939
" 5851",50,1.16713617214615,0.435234452602995,0.00839410866685263,0.0136421387381482
" 6618",29,1.06542633610886,0.521009696114496,0.000865040216224292,0.0127975031673422
" 8028",23,0.719881067498866,0.272464470648667,0.00681542020609971,0.0132068963194187
" 7843",41,1.1713880729487,0.479933743540804,0.00257604764436476,0.0125697967409093
" 4723",32,0.852740845431911,0.282921586116691,0.00155643662239346,0.0113589144796374
" 7004",65,1.07033359052374,0.323681397870309,0.00275287028847124,0.0114845281046591
" 8038",39,1.10717918844608,0.474628284426704,0.000168478204721681,0.0118840402745243
" 8148",32,0.994649084065508,0.357567448900557,0.000461725645958947,0.0114449917100628
" 7000",68,1.07177406901538,0.324980782963278,0.000721595329657012,0.011514479924979
" 7881",37,1.07986685820784,0.465544815291101,0.000246756993236236,0.011808224498794
" 4724",41,1.01514398980916,0.361614133205083,0.000475235690677195,0.0108343549538238
" 8019",69,1.06895267231104,0.396453713390998,4.0132779898325e-05,0.00955783183984865
" 4725",32,0.898316584960743,0.327828140315512,0.000376691835085268,0.010740916589157
" 8680",68,1.05938045969547,0.398916082147609,0.000718416495605659,0.0103559435543757
" 4693",39,0.962589658315305,0.35601648390648,0.0011654400340771,0.0108240363405094
" 6139",48,1.09664546588237,0.336861432981157,0.00393897274388214,0.0124996543316714
" 5584",76,1.04282119998173,0.256330353003089,1.74835872824386e-05,0.00947658670207537
" 5063",68,1.2715266343753,0.512941244816114,0.00448374542943267,0.0117430815292442
" 5643",57,1.15030692362517,0.41807480339683,0.000404506633034602,0.0116858947293122
" 5461",45,1.05954660594364,0.328173127358365,0.00162478155449753,0.0121954272258164
" 4728",45,0.972140493561627,0.354359816906456,0.00222200500189538,0.0126867602686413
" 4836",92,1.04794151670179,0.254615830915515,2.78147979493342e-06,0.00832537075964497
" 8901",45,1.04893693907379,0.424730031663214,0.0039882446716781,0.0133391634329658
" 3913",68,1.01011856109083,0.295370105879508,0.00214928917297069,0.0121175726613985
" 4778",66,1.00460804540922,0.242821523385683,0.00171537832496108,0.00984434097257156
" 3914",58,0.978765387878462,0.317335388130904,0.00331194772725286,0.0123349418793915
" 1005",37,1.09911557967441,0.575659059081874,0.000242386096415626,0.0109125014161246
" 5582",71,1.04383728376304,0.260481404379829,0.000217352778261225,0.00969562838430489
" 4780",73,1.05425739649388,0.269146921202551,0.00158941702567624,0.00978848499721134
" 3915",56,0.932416971767933,0.264411898745678,0.00331989481238124,0.0123794770910743
" 7074",40,1.17639737883061,0.497672306118419,0.00124212940556598,0.0120600811597292
" 7217",18,0.968377385128799,0.350237729261453,0.00392069444808686,0.0126878785666961
" 4977",44,1.08966497542758,0.552312793799916,0.000697754074271868,0.012672756317904
" 7075",49,1.2221082528251,0.524721832407699,0.00115550617766662,0.0117523020716762
" 7221",37,0.804795400697299,0.393660490557266,0.000834046584223606,0.0117722069261607
" 5091",42,1.23417190555489,0.637402469101457,0.000982259721867915,0.0125369332134502
" 6518",52,1.03623999030772,0.257890975833818,0.00217313042835584,0.0119935875754344
" 7080",49,1.21440228049487,0.520327070242979,0.000294836858262942,0.0116135477376114
" 7896",42,1.08642284062433,0.462209797984455,0.000617885868731637,0.0119743768878376
" 7581",55,1.08148120406427,0.370212031203134,0.000259074975185227,0.0100529064608236
" 5092",36,0.959432101693952,0.518977365911272,0.000176027935593643,0.0122073792346267
" 7578",52,1.07184415740474,0.360488769817277,9.69544385662505e-05,0.00996191866914698
" 4959",45,1.03963926154015,0.389547272043719,8.10602683094881e-05,0.0102918661184114
" 7575",47,1.04253641276197,0.35767363654877,0.000568216586679255,0.010472358112097
" 5037",42,1.02221913058888,0.378600186175509,2.54306724108198e-05,0.0101346641066922
" 6070",58,1.20245303164029,0.527571009856756,0.00656468967029928,0.0146709435910347
" 5572",64,1.02978531571112,0.242370821704797,0.000495103403498148,0.00928811789076278
" 4663",45,1.10340251417617,0.271837126283571,0.00128583837377208,0.0119042731489817
" 4667",46,1.09937119286674,0.25721980253435,0.000121590402464232,0.0114295204474374
" 4691",51,1.1844143057557,0.518782188560455,0.00432281695558295,0.0116501057073905
" 4662",25,1.16319483528763,0.338005414431545,0.00443208937609819,0.0131726538720568
" 4664",22,1.11023760841464,0.306400207392889,0.00248624558241405,0.012698974684721
" 5622",33,1.05918002116902,0.411250733571031,0.00272227401072698,0.0127281744985052
" 8896",50,1.20458047659162,0.453050499196044,0.00289631517503852,0.0129962110698516
" 4684",37,0.977874112889254,0.373234324443363,0.0014551112870066,0.0108950194035953
" 7838",51,1.32401398516658,0.574608434309119,0.00993107493068155,0.0136062971302329
" 7452",39,1.14349468286475,0.486672114368661,0.00810443741392313,0.0136811610690657
" 6827",47,1.0793486838272,0.377644007969813,0.000380665377649459,0.0117245532353055
" 4709",35,1.01238341945335,0.238478208234615,0.00281724167801113,0.0122405982115752
" 6866",54,1.10980978669642,0.386507622669407,0.00175193491655163,0.0119628563699316
" 7856",49,1.2879892739536,0.577687088153713,0.00468719080871922,0.0131207646942746
" 6625",23,1.04364225185548,0.490139616793589,0.00380188552541756,0.0133091472132617
"  886",37,1.10204683878188,0.475659394225958,6.99343491297544e-05,0.0102456022600064
" 4969",43,1.1475914398454,0.573372292019474,0.00133272617602952,0.0124968613102905
" 7873",41,1.01574196253271,0.455148440807519,0.00114318819571763,0.0122067469927149
" 7517",55,1.14188103861456,0.41880568432639,1.11259191797337e-05,0.0118798141318797
" 7515",55,1.12145344694145,0.415153918013487,0.000348479682879515,0.0122755293244682
" 6011",43,1.24595108943408,0.511758796809502,0.00480043677179866,0.0134358534273094
" 5061",38,1.09436584406048,0.392863549061939,9.73517928226695e-05,0.0100755876037097
" 6009",46,1.20289589134027,0.500498004621459,0.00375777920295504,0.0134541011072691
" 4694",39,1.00065765333169,0.37889418500634,0.000119206276925718,0.0100106915463237
" 5060",40,1.09317401836012,0.391915973953063,6.55634523091448e-05,0.0102665754911349
" 5053",39,1.06273817631424,0.382011099900708,0.000235233719800083,0.0104262823419638
" 4679",49,1.09369958259257,0.406902681496972,0.000658018648629962,0.0106501678928477
" 5817",47,1.01909107516759,0.390938534080294,7.54973087196213e-06,0.00849963540906524
" 4945",28,1.0605417606254,0.374251957882608,0.00801860889453662,0.0136591970773351
" 5599",68,1.05944666577791,0.264709667768108,0.000111259191797337,0.00959412548815167
" 5122",43,1.11210445293215,0.513024579536003,0.00172968307819217,0.0113107918591968
" 5079",31,1.06822581024547,0.294963301278144,0.000148213137644309,0.0111394875866863
" 4946",25,0.777260383457319,0.263833247009851,0.00443566556440596,0.0130965629668762
" 5080",32,1.04248656893936,0.294478406712503,9.93385641047648e-05,0.0111670220827205
" 5547",72,1.05659861583739,0.2730753328757,0.000176027935593643,0.00957774043897324
" 5062",44,1.075635005842,0.414750652177042,0.0010402734433051,0.0106409429973756
" 5078",25,0.963898746806966,0.280365942987506,0.000447023538471442,0.0111810833469525
" 4939",36,0.954558182104474,0.368196672947337,0.00139789227408225,0.010561094189668
" 5047",44,1.06696100771397,0.408868689669476,0.000511792282267748,0.0106474231505904
" 4505",35,0.833651221780862,0.224716803787416,0.00253035190487657,0.0127408468363792
" 5623",37,1.02788681457871,0.354723933677691,0.0064566093125533,0.0133191972241251
" 8221",39,0.968314604279133,0.423815114007908,0.00113484375633283,0.0121035527624677
" 5573",59,1.07495595850393,0.275873511208778,0.00294836858262942,0.0100120938105723
" 4901",50,1.06320287410276,0.229187235774247,0.00035046645416161,0.0109127827451986
" 5624",28,0.828293752553897,0.271259697900913,0.00599687043787644,0.0132549136557515
" 4906",39,1.05229447062185,0.230388803702367,0.000412056363906565,0.011368298697667
" 7821",48,1.11077091876337,0.434984671421291,0.000968352322893248,0.0121500256960624
" 6631",34,1.12441106496233,0.537923740882066,0.0069008513712298,0.0141214413282218
" 7589",32,1.04620782792084,0.449089928646835,0.00708562110046467,0.0137636909555295
" 7177",40,1.0316498929353,0.436422336444791,0.00734429872139347,0.0141723012440845
" 6846",39,1.05745465729548,0.355744847525324,0.00199471836722368,0.0115398731126719
" 7761",46,0.947187900499478,0.327943148609087,0.0015949799852661,0.0110828876164034
" 8126",56,1.08506416687708,0.376659783398674,0.000194703585645339,0.0106293264738867
" 6844",40,1.04771374376482,0.350685121689193,0.000212981881440616,0.010874203703406
" 7937",55,1.07121451885727,0.374372296414905,1.19206276925718e-06,0.0105388674582223
"  937",39,1.21841717193759,0.526247228454061,0.00166888787696005,0.0113376861086763
" 8118",48,1.04736504005419,0.364467275310034,8.50338108736787e-05,0.0104967113304861
" 6283",43,1.10222547017673,0.413734007160755,0.000364373853136277,0.0111230290523545
" 4659",29,1.26231011741795,0.351390226125183,0.00569607326576722,0.0130698337443486
" 6282",40,1.08840556279811,0.40556238589038,9.01994162071265e-05,0.0110691085231535
" 6280",41,1.08075588361671,0.408018906110894,0.000101722689643279,0.0110413877875794
" 4931",46,1.1089759328118,0.423215056265342,3.21856947699438e-05,0.00984264564241348
" 4935",44,0.994678414456112,0.385822699228581,1.15232734361527e-05,0.010186902195441
" 4698",46,1.08928903602951,0.409962461041573,4.76825107702871e-06,0.00977069366650911
" 4689",41,0.889102953131837,0.354403156048082,0.000162915245131814,0.00996222229260852
" 6462",32,1.04832116835657,0.513953789648705,0.00491566950616018,0.013519073702255
" 4934",53,1.16124860857855,0.459481822059392,0.000556693313243102,0.0104708441538029
" 4936",54,1.10563609041424,0.452631605016623,0.00246280168128533,0.0109067228785176
" 4818",74,1.05348218681769,0.269279919517682,0.00160292707039449,0.00958099764706064
" 4718",43,1.12022774916857,0.449401181540702,0.00292412997298786,0.0115515258560315
" 5435",41,1.07831557626302,0.20522656311965,0.00115630088617946,0.0117166659106855
" 7587",39,1.04266224124949,0.377850986631584,0.010711876044545,0.0127370952359459
" 7325",50,1.04865974089709,0.342545530779889,0.000706893222169507,0.0100762604669812
" 7071",43,1.06681055564313,0.347616256100094,0.000516560533344777,0.0113644511446468
" 8387",45,0.999888193543912,0.371187198263781,0.00256134553687726,0.0126359827880516
" 7322",52,1.04231542861091,0.341479326703483,0.000104901523694632,0.00954630873185847
" 7059",33,0.959199125012545,0.317583572327552,0.00438718834512283,0.0119075158803453
" 8772",16,0.762750858391532,0.197305834399908,6.23846182577923e-05,0.0111471220265803
" 7313",43,0.943859870106726,0.310492617907491,7.3907891693945e-05,0.0103512013398983
" 6025",22,0.766522968108008,0.36463674311138,0.00233326419369272,0.0142047954666449
" 6312",44,1.31780256784706,0.557734403011056,0.0121614243719617,0.0135960460542122
" 6136",46,1.12371007156524,0.448174647426278,0.00861066673660102,0.0137629600029458
" 8760",13,0.751413675575637,0.192096153324925,0.000876563489660445,0.0113722231254748
" 4902",54,1.05989073026619,0.238138412588245,7.82787885145547e-05,0.0107536717961145
" 4903",63,1.06476134778332,0.234097262285767,0.000151391971695662,0.0109199208460338
" 4893",31,1.04328422392053,0.226614517971347,0.00130212989828526,0.0119294629257749
" 6133",36,0.739383406433427,0.273605685198743,0.00171736509624317,0.0114903980619499
" 6222",53,0.897357865952389,0.254617836096312,0.00786681956858454,0.0136873131655264
" 5044",37,1.06144207038559,0.390441197748257,0.000176027935593643,0.0103253827463886
" 8194",38,1.04557591008169,0.43516450358395,0.00113126756802506,0.0119875122462982
" 5052",39,1.05182214348389,0.428488509497796,0.000472851565138681,0.0112980086979731
" 4660",25,1.04675915968532,0.285090040301458,0.00179127298793712,0.0127845637290235
" 5041",37,1.0282285343817,0.37831720646206,0.000717621787092821,0.0108555151928905
" 4665",27,1.05092524841948,0.2802875525576,0.000385036274470068,0.0123364154575596
" 5627",15,0.254152972042523,0.0945446364114732,4.17221969240012e-05,0.0106439860056504
" 5723",11,0.349409667185473,0.121565450867459,0.000462917708728204,0.0116086124318489
" 5705",8,0.309413796335495,0.105432328776905,0.00113484375633283,0.0135383476429928
" 5583",6,0.0756162571765691,0.0339740166379326,0,0.00926917911250778
" 7646",40,1.07671772235069,0.266974129096928,0.00721396652528802,0.0130273585366487
" 5409",35,0.473642438887379,0.189968940654591,1.39073989746671e-05,0.0100489454618848
" 4911",61,1.05670459132764,0.198795367757483,0.000586097528218113,0.0112594790316492
" 4912",29,1.04639410536714,0.290427254880917,0.00273101580436819,0.0131106944318808
" 7373",38,1.14878055036791,0.608769228891054,0.00173842487183338,0.0135008458214061
" 4646",53,1.15539122431735,0.487837870619505,0.00194981733624832,0.0122150821025653
" 1867",38,1.08958930843641,0.614837660849906,0.000516957887601196,0.0115647926140339
" 6304",67,1.17747232145615,0.463119230163694,0.0034212201477681,0.0133715310225487
" 9593",9,0.797570758571663,0.140717023512187,0.00062503824534718,0.0105641926114233
"  989",41,1.12918323226694,0.581833653488319,0.00232491975430792,0.0117184766683979
" 6230",37,1.08020055456854,0.458963279533393,0.00306995898509365,0.0129979648633347
" 9553",22,0.719165295231488,0.267252927527203,0.002727042261804,0.0125875829132608
" 4985",43,1.21902401773197,0.47115564098174,0.00777145454704396,0.0138198233993589
" 6295",41,1.00919001658912,0.360062804577206,0.000866629633249968,0.0117014158104016
" 4926",46,1.04129785856692,0.403848886898919,0.000178014706875739,0.0100446145903634
" 4928",44,1.10017616639772,0.432476919358402,0.000176027935593643,0.00989874495991819
" 5561",58,1.09199365274172,0.274131885396401,0.000585302819705274,0.00990343654541357
" 4933",49,1.02409315185635,0.409138034829417,0.000165696724926748,0.0100018730153632
" 5436",39,0.95972070094632,0.1959690537401,0.00122782465233489,0.0115309268906711
" 5054",45,1.10398035849862,0.42333247094947,8.86099991814502e-05,0.0107541693898444
" 5048",38,1.08095371907402,0.411543781977825,0.00261141217318606,0.0118303810344178
" 6112",51,1.06290099950861,0.38643185356253,0.00493235838492978,0.0129720893343507
" 6081",34,1.06225309097919,0.435271279765701,0.00132914998772175,0.011831409619261
" 5390",41,0.713365085340222,0.322268281517765,0.000429142596932584,0.0116720583941128
" 6109",46,0.836508301641093,0.254733723014717,0.00360638723125938,0.0122507339789785
" 1033",42,1.10459788043738,0.571971288811551,0.00105974380186963,0.0107730769447141
" 6086",33,1.12134351391856,0.516804240147461,0.00976060995467777,0.0142101923001616
" 6923",51,1.17364230781411,0.605089664143769,0.00349115449689786,0.0137627499081417
" 4688",42,1.10655133052494,0.420002322896837,0.00110146599879363,0.0111197342450556
" 7622",14,0.838126781548003,0.146466794111253,0.000596428738885008,0.0105570029484943
" 9513",8,0.382861652579488,0.0981376352388738,0.00256372966241577,0.0124081829207332
" 4930",46,1.07052703915055,0.406734208302185,0.00045179178954847,0.0100949596203503
" 5577",66,1.0776862251508,0.32872079481394,0.00230902558405115,0.0111218950084739
" 4940",42,0.972897000477167,0.396367134231479,0.00055351447919175,0.0102360482466696
" 8870",54,1.02463490577093,0.377995690916905,0.000447420892727861,0.0116940532203627
" 6284",41,1.16696782925188,0.455382212734741,0.00701727616836059,0.012602137220734
" 5034",47,1.25965741164863,0.690772353222706,0.0071988670635441,0.0140426487868445
" 5659",9,0.886853128692632,0.286058793292306,0.00185087612639998,0.0114274112013643
" 6772",41,0.949778126203053,0.340990794324655,0.0019180289957348,0.011144581520946
" 6202",51,1.09204807504142,0.355023366737665,0.000236028428312921,0.0109903935996736
" 6765",55,1.08551989947935,0.386281672017198,9.73517928226695e-05,0.00937182161931717
" 4899",31,0.9833490630153,0.211661286710155,0.000673515464630306,0.0113761855590405
" 6196",52,1.08921068590128,0.356340786911387,0.000671926047604629,0.0110520048916743
" 6762",56,1.07835105398721,0.38341536447061,5.84110756936017e-05,0.00945185250889017
" 5725",20,0.919044390214633,0.358749191378524,0.0010132533538686,0.0114065154421417
" 6197",53,1.06811423412884,0.347978501467136,0.00081537093417191,0.0108588933784303
" 6763",53,1.07534604303083,0.381865453328736,1.19206276925718e-05,0.00939281652237876
" 5996",16,0.245435969782561,0.0913625326222031,8.46364566172596e-05,0.0106285385310632
" 5967",33,1.13149853542035,0.461866631589779,0.000740270979708708,0.0117068718539559
" 5057",42,1.09131536934391,0.436546885093878,0.000939742816431075,0.0115932622733508
" 6764",49,1.07094871197818,0.378313420046834,1.27153362054099e-05,0.00939602471169311
" 5966",39,1.15284528235628,0.469136030563934,0.000917490978071608,0.0118140960098601
" 5045",34,1.03225496261029,0.409127798451634,0.00227008486692209,0.011694301499102
" 6402",33,1.19879410907643,0.49474625438369,0.00609581164772479,0.0128547523024181
" 6741",45,0.984172034745955,0.355016233102083,1.58941702567624e-05,0.00922969111371624
" 5968",33,0.9544923934301,0.406060446216423,0.000527289098268092,0.0117733739393917
" 5703",22,1.06966787675909,0.371855778500461,0.000742257750990803,0.011077551950575
" 4711",45,1.24344155760985,0.577430537116475,0.00241472181625862,0.0125960521666574
" 4647",54,1.08943280232672,0.498962927866246,0.00189498244886249,0.0122329176023603
" 5393",51,1.12277315958219,0.538820481840657,0.00368665279105603,0.0132499921332613
" 8531",49,0.99361434074961,0.380878179263287,0.000780403759607032,0.0115415211950448
" 5387",29,0.825771845011525,0.374892400718246,0.00254187517831272,0.0123782187250291
" 8479",32,1.06282241973546,0.387150635041922,0.00802933745945993,0.013197050185215
" 6384",60,1.05145030127085,0.350120262704045,5.60269501550874e-05,0.00906774425869394
" 6396",70,1.05263698847316,0.342111834777101,0,0.00827705983857324
" 6257",58,1.00035671011385,0.336068926592904,0.0008026555979665,0.00981434659608444
" 6398",67,1.05052315802287,0.341075983259818,1.90730043081148e-05,0.00834086566217244
" 6255",62,0.967899969008454,0.3260620653548,0.00107047236679295,0.00997393624708777
" 6386",68,1.0528532855923,0.341170668237046,0,0.00825602429712981
" 5644",58,1.09404275210068,0.365093023650448,0.000178014706875739,0.0111838723814567
" 5465",58,1.03513638788331,0.285115368312483,0.000460136228933271,0.0115355931077928
" 6387",59,1.04310684647549,0.339185274569189,5.56295958986683e-06,0.00812858016453234
" 6664",33,1.02856460087015,0.396858891709679,0.0020118046002497,0.0113207836801507
" 7514",40,1.07092152573089,0.369946558987692,0.00125325532474571,0.011869453008871
" 6395",55,0.933721487618064,0.297810619722483,0.000345698203084582,0.00932573741466755
" 6758",36,1.09997040447565,0.425289964199061,0.0013510044718248,0.0112589772778218
" 6498",36,1.0964404651393,0.274152311307884,0.00106053851038247,0.0110857065608569
" 6539",34,0.845467009855488,0.21289192528784,0.000827688916120901,0.0112513746113818
" 6754",33,1.10839183719483,0.43744431111262,0.000795503221350957,0.0117538061069896
" 6524",39,1.05791222559768,0.280581165539408,0.00101841895920205,0.0111787139231926
" 4621",53,1.13887857748612,0.423218348960549,2.78147979493342e-06,0.0104190938753436
" 4973",52,1.09893652208344,0.516887298877385,0.00284942737278107,0.0121526833686628
" 6500",37,1.08121607955118,0.267919644255904,0.00222399177317747,0.0110985668850253
" 4620",54,1.14664181306677,0.426602813548126,0.000124371882259166,0.0105554140266735
" 4619",53,1.12510199040189,0.416701000446021,2.22518383594673e-05,0.0104227628805992
" 4613",44,0.934338548491034,0.34985040504253,0.000337353763699781,0.0110464929417365
" 8317",40,0.83863282553485,0.289700034229767,0.00071801914134924,0.0107491450190452
" 6842",41,1.02952217665753,0.584452233409433,0.0040383113079869,0.0140104994107215
" 6826",40,1.1235056582188,0.489715636488387,0.00115789030320514,0.0123336677667121
" 6823",43,1.08595167753581,0.459703080897813,0.000557090667499521,0.0121193430858321
" 6392",42,1.05347324205835,0.383578348105066,0.000996167120842582,0.0115559612520199
" 8872",53,1.1048853780361,0.419912517047744,0.00108914801684464,0.0117342389427969
" 6385",41,1.0530757479516,0.383239819402181,0.000275366499698408,0.0114189494388565
" 8871",48,1.09165062090541,0.382267885835541,0.00118252626710312,0.011818033109387
" 6389",44,1.04844892294168,0.381498360072845,0.000436692327804546,0.0114624864109845
" 8876",53,1.1088809103689,0.418687204984439,0.000293247441237266,0.0114298190357071
" 6394",44,1.05275779755912,0.382904973036073,0.00231776737769237,0.0113945889491492
" 6285",40,1.06319558843105,0.289568651244268,0.000522520847191063,0.0104569717735216
" 7718",62,1.03665079459133,0.397747323339963,0.00122822200659131,0.0112029935820185
" 6286",37,1.016051020483,0.284429358957971,0.000708085284938764,0.0104528882908487
" 4890",62,1.19959386889208,0.511567471445408,0.00260068360826274,0.0116704929720248
" 4563",41,1.10521294063184,0.329054227351835,0.00179683594752699,0.012129027935732
" 8236",46,1.02642579645948,0.339584840709111,0.00142451500926233,0.0125791466284563
" 4885",48,1.07650202900409,0.415893240058029,0.0026602867467256,0.0112514270119039
" 7109",43,0.947144603089296,0.218131336584863,0.000309538965750447,0.0099554442246512
" 6994",25,0.86068252518308,0.156355020768695,0.00883358247445211,0.0119861690236689
" 7045",38,0.837407628650511,0.187940213342561,0.0040903647155778,0.0114472211583127
" 7407",42,1.1773162285479,0.610258284203191,0.000702522325348897,0.0124316166053393
" 8875",62,1.17884502405305,0.447505524066343,0.000378678606367364,0.0119121247378864
" 7412",42,1.11966165317024,0.572261221686474,0.000927424834482084,0.0122244799127787
" 7063",52,1.06906760386845,0.237878800166013,8.7417936412193e-06,0.00949212676971634
" 8877",57,1.2092011082722,0.456514192664168,0.000948881964328714,0.0122251645422697
" 8868",39,0.791322034282955,0.276114611178125,0.000704906450887411,0.0117600039055294
" 6799",58,1.08457224860374,0.255270612176201,7.86761427709737e-05,0.00993811567819637
" 8235",50,0.991593466978468,0.422932155835754,0.00130014312700316,0.0120520196696777
" 6800",51,1.02637884125396,0.23954747818728,7.78814342581356e-05,0.0100352110006228
" 8534",84,1.08684681574264,0.399380998791002,2.38412553851436e-05,0.00907289007755843
" 8013",72,1.06103496771856,0.389051306539396,0.000656031877347867,0.0102513488724303
" 8597",50,1.15354320338556,0.482760710322294,0.00295472625073213,0.0125155617867781
" 8549",78,1.08655869186111,0.392354523941534,1.9867712820953e-05,0.00878946681531464
" 6436",22,0.943004477976973,0.439150251674189,0.000872987301352673,0.0123541458313024
" 8543",75,1.08141119591095,0.394096839777858,1.43047532310861e-05,0.00895588966965025
" 4506",39,0.951664197509309,0.228967407125319,0.00390360821506084,0.0128209180621335
" 8475",48,1.05376202565673,0.393104799832241,0.000182782957952767,0.0106813965827435
" 6587",36,1.08666814215262,0.506398731365351,0.00038861246277784,0.0123099461882149
" 8815",62,1.17628028527475,0.488021700318045,0.00381261409034087,0.0127553740764541
" 8672",65,1.01052715387852,0.430519439364357,0.00046053358318969,0.0114140271169169
" 8461",60,1.19205066099399,0.455546572413957,0.0044197713941492,0.0122761140816434
" 6698",34,1.06341861614344,0.177556610576091,0.000428745242676165,0.0108292570190173
" 6812",33,0.992805664435105,0.182527011894226,0.00310611822242779,0.0117162622056374
" 7051",48,1.00340238233193,0.191060871723921,0.000530070578063025,0.0097296910249641
" 8874",31,1.00597434982186,0.362208820879833,0.00863411063772974,0.0131811164868761
" 8537",36,0.902088975593236,0.345038486453054,0.00418135884029776,0.0125934023999993
" 8015",55,1.11585862291303,0.467944190187101,0.00556733048668744,0.0130084027961635
" 6697",30,1.03695681474795,0.174328705682467,0.000516163179088358,0.0110765450343556
" 6809",30,0.951635490427209,0.182315564094841,0.00607673864341667,0.0118354731261229
" 6951",48,1.04253480329586,0.227812466501242,0.000125961299284842,0.00925124803728856
" 8873",32,1.09913884243798,0.416159977275573,0.00550136968012188,0.0130807800184127
" 7720",61,1.05939477016433,0.399024172463392,0.000903583579096941,0.0112879717913326
" 6545",42,1.08782274626053,0.325752548680962,0.00648243733922053,0.0126155500373225
" 8336",79,1.09361227085886,0.398843535275996,5.56295958986683e-06,0.00828338367112047
" 6725",35,1.18851284790238,0.650086791798413,0.00030397600616058,0.0122224057882199
" 8239",80,1.09366136506828,0.398200055358096,1.62915245131814e-05,0.00825786431025039
" 4668",48,1.18327771676463,0.633137308824171,0.00125643415879707,0.0124140170713157
" 8334",79,1.09322635990195,0.3974236273336,1.9867712820953e-06,0.00839968125050237
" 6728",44,1.1957989400989,0.629340992586451,0.000276558562467665,0.0121978724085355
" 8631",81,1.08812687020284,0.398169210869559,6.75502235912401e-06,0.00873317884810007
" 8337",83,1.07645662245363,0.403312934088433,0.000253909369851779,0.00902280799015027
" 7011",25,1.16095374783277,0.638035850491223,0.000672323401861048,0.0127794290739678
" 8632",83,1.07682755828499,0.386184632552741,0.000172451747285872,0.0095529229005525
" 5478",21,0.941166488860242,0.315261617371604,0.000531262640832282,0.0114190609424714
" 8335",48,0.942555692133825,0.303614082033516,0.00092106716637938,0.0115261526731371
" 7012",35,1.17330203329426,0.644306365728378,0.000394175422367707,0.0127041337120214
" 8634",83,1.10198449765794,0.398642118464013,1.3112690461829e-05,0.00882906147225367
" 8833",61,1.09938095531106,0.389971332691932,0.000429142596932584,0.0106891916300885
" 8648",76,1.06800103114184,0.388154222349083,4.0530134154744e-05,0.00886529756310856
" 8831",65,1.07673644895328,0.380467659377814,4.29142596932584e-05,0.0100903608016339
" 6745",32,0.971702486541185,0.35558151098678,0.000912722726994579,0.0106622115918734
" 8829",51,1.0878492797043,0.386593629626793,0.00169551061214013,0.0110700619169013
" 7534",49,1.04742488764869,0.252676272750024,0.000288876544416656,0.0103087730419264
" 8946",45,1.12023362083602,0.370114463468797,0.000139868698259509,0.0106025654837007
" 8840",59,1.03218857643437,0.358991055060375,0.000129537487592613,0.0103136454166723
" 7508",51,1.01188204265851,0.237050474834539,0.00010569623220747,0.0101320620342085
" 8949",45,1.11241769309327,0.369165246949472,0.000184769729234863,0.0107267129366321
" 7963",44,1.03487590517244,0.421730654082084,0.00360519516849013,0.0127734062451227
" 8948",38,1.05673827731069,0.349986964661804,6.15899097449542e-05,0.0105961437137267
" 9037",36,1.0770286796725,0.349506673805617,1.58941702567624e-06,0.0109894537951773
" 8950",45,1.01655364161381,0.337814702150265,0.00145868747531437,0.0110525710610843
" 9030",34,1.0840626689079,0.347946802833901,0,0.0109987351348947
" 6194",49,1.06311978349706,0.362503587603303,0.00118848658094941,0.0111254778423222
" 6761",66,1.11163419866602,0.393625619553253,7.54973087196213e-06,0.00965750824686146
" 5423",54,1.01578341012427,0.250999802906695,0.00230068114466635,0.0124017354238754
" 6350",21,0.902614157654727,0.161515163531454,0.000890073534378693,0.0106436199660235
" 6160",39,1.0454458468494,0.170868358712358,0.00110385012433215,0.0106272239424666
" 7202",31,0.899842403995407,0.141334332042603,0.00522719524319273,0.0106782812579726
" 7105",35,1.04717464623357,0.181299436580248,0.00171537832496108,0.0104303401767099
" 9028",32,1.07874379632371,0.346362640837594,0.00107643268063923,0.0110373526500236
" 9109",30,1.05782312648772,0.358132812091292,8.62258736429359e-05,0.00954319737800909
" 6760",65,1.10108990221713,0.389787538917362,8.7417936412193e-06,0.00968372684634331
" 7209",39,1.05019970877809,0.196356819688969,9.41729587713171e-05,0.0100208667867614
" 9038",33,0.994210711343725,0.323250055654454,0.000694972594476935,0.0109174269558076
" 9110",28,1.04323638398738,0.352950589933578,0.000172054393029453,0.00954874903710342
" 6767",67,1.10097287639723,0.388482660935363,9.13914789763837e-06,0.00964392791406701
" 6333",38,1.07194576069258,0.184848374662651,0.000193908877132501,0.01035379637685
" 7096",41,1.03017576024339,0.201209736728477,0.000306757485955514,0.0100791824916096
" 8642",48,1.18305958877006,0.452994872449762,0.000613117617654609,0.0114806321977558
" 8497",73,1.09958243492229,0.40017476663432,0.000369142104213306,0.0107221381345276
" 9108",30,1.05499979639201,0.35793687417171,0.000191127397337568,0.00957107922821974
" 6749",63,1.08269359945505,0.377493123226578,4.72851565138681e-05,0.00972763503377695
" 8021",61,1.18439246153094,0.448166156040461,0.00223034944128018,0.0117679246849159
" 6330",38,1.03572884548172,0.175676257199518,0.000125563945028423,0.0103857433473079
" 7649",55,1.16468079967376,0.558296649871367,0.0020598844652764,0.0128733980664919
" 8641",58,1.13780254495797,0.441671482365273,0.000568613940935674,0.0113382237994187
" 9113",23,0.84910954900819,0.272527330473951,0.000841596315095568,0.00966756140990901
" 8495",67,1.09872935573685,0.402005939382944,0.000224902509133188,0.0107372762074914
" 7040",40,1.16783362621716,0.465175218766696,0.00961041004575137,0.0128139886310898
" 7652",57,1.19615421916334,0.590115603161614,0.000803847660735757,0.0126349413301963
" 8638",59,1.12637566325371,0.43970398056089,0.000208610984620006,0.0108457712669853
" 8511",81,1.10532065282023,0.375477030983189,0.000496692820523824,0.0105165108706915
" 8650",41,1.03389096978038,0.404021916876365,0.000371128875495401,0.011276580802542
" 4989",49,1.03433290451879,0.484326463247884,0.0037005601900307,0.0132434270266783
" 6953",42,1.17116568205778,0.439664950368155,0.0025871735635445,0.0121252471868454
" 8841",37,1.09495861048267,0.443267382440189,0.00320307266099404,0.0120589136156737
" 9579",46,1.25639901776617,0.619625803997277,0.00415950435619471,0.0140109091128847
" 8947",39,0.795494631967216,0.28952818921897,0.00148054195941742,0.0117181564150365
" 6382",65,1.04144693339509,0.342006625570677,0,0.00830564732566339
" 7691",73,1.12464167775888,0.436749475731711,0.000152981388721338,0.0107451915690507
" 9535",50,1.13024350188874,0.572026614232071,0.00304969391801628,0.0133479375340635
" 9104",51,1.2517756027343,0.638081066487826,6.79475778476591e-05,0.0114331362415163
" 4617",52,1.08828542209025,0.394056414719456,0.000267419414570027,0.0105601799029769
" 6358",68,1.00852824006778,0.328404168828886,0.00013947134400309,0.00899269220195334
" 9106",51,1.24384550692988,0.632613378579816,0.000382254794675135,0.0114126749100173
" 6373",61,1.06108160844159,0.360295061960379,8.34443938480025e-06,0.0093603676657401
" 4624",42,0.930826009919343,0.351318505300505,0.000656826585860705,0.010780892440376
" 9107",52,1.24957648610478,0.632744262274992,0.000431924076727517,0.011461655903304
" 9115",26,0.730679995726969,0.354953516509005,0.00149961496372553,0.0110391873217789
" 6397",64,1.06627843346336,0.361490562186406,5.16560533344777e-06,0.00917118533385586
" 8346",22,0.36006932251924,0.120716593550719,0.000670733984835372,0.0116757373455922
" 6910",25,0.901286181127408,0.16286832400692,0.00215445477830414,0.0111462658604419
" 7038",43,1.09599088047599,0.314523170910113,0.000995372412329744,0.0114720644223822
" 6870",40,1.0414117873757,0.173724041217728,0.000290465961442332,0.0104528936023469
" 6297",35,1.03802463806163,0.161310096204695,0.000193908877132501,0.0101074696806126
" 7442",55,1.03372872289662,0.231399729369004,0.000197087711183853,0.00904968780656972
" 7111",32,0.972437734026294,0.159858170767002,0.00132875263346533,0.0107502206281754
" 6388",64,1.06663822849909,0.360687770269585,7.94708512838119e-07,0.00912751678609691
" 6872",33,0.999415137799996,0.170987037217874,0.0019700824033257,0.0107296707635722
" 6903",49,1.03094320554902,0.315842331726112,0.000398148964931897,0.0114424623215797
" 6299",28,0.940150453553262,0.144967369951662,0.00100610097725306,0.0105730600090947
" 7435",54,1.00809703245705,0.218821984546481,0.000147021074875052,0.00914265014069653
" 6391",65,1.0667432321439,0.358991460111015,1.27153362054099e-05,0.00918551172330972
" 4622",61,1.15721892521136,0.44500877641457,0.00199869190978787,0.0113912078636787
" 6867",44,0.953330875929889,0.166218015101001,0.000317486050878828,0.00988226182617403
" 6950",54,1.0416791407226,0.238156780058069,0.00067589959016882,0.0105426219011494
" 6426",54,1.01798785415669,0.174103350320176,0.000200266545235206,0.00929372448819508
" 6368",62,1.06606032867938,0.358973225449563,2.06624213337911e-05,0.0092514627769284
" 4625",54,1.03377271576501,0.402219799817838,0.000303181297647742,0.0105124456072859
" 8320",71,1.11035320691977,0.391083111331292,6.99343491297544e-05,0.00972806869880762
" 7068",34,0.639983001071415,0.179460703550731,0.00200187074383922,0.0115417786959155
" 6948",52,1.08713418733837,0.250455837174886,0.000241988742159207,0.0101160650858271
" 6770",34,0.953198517049198,0.322193724044304,0.00588799537161762,0.0116152207389417
" 6363",69,0.957575852892434,0.315430422435609,0.000282518876313951,0.00938776143447194
" 6497",38,1.0514767982488,0.271721807757577,0.00518428098349947,0.0117469969905286
" 6788",33,0.797373426823627,0.27517914741915,0.00181431953480942,0.0124990958571262
" 6220",37,0.990219632486577,0.165010757641411,0.000589673716525884,0.0102327001974763
" 6113",25,0.974620439378682,0.160361756951411,0.00161802653213841,0.0109008502657087
" 6352",23,1.03545808478142,0.188342043659675,0.000537222954678568,0.0106892642215513
" 8316",73,1.11489443618027,0.39071982193635,1.62915245131814e-05,0.0097318547007438
" 6988",41,0.982282189620998,0.212294426191214,0.00085749048535233,0.0108205754923429
" 8705",79,1.09099622300459,0.397808691741543,3.81460086162297e-05,0.00891989958898991
" 7348",66,1.08999923735895,0.266374083156726,0.00270479042344454,0.0107772017338712
" 6351",27,1.05064849277091,0.195482221133492,0.00288439454734595,0.0109885060559026
" 8315",71,1.1237299128099,0.390865275194391,6.51660980527257e-05,0.00950899438568255
" 8637",62,1.12923489660645,0.411271278635941,0.000416427260727174,0.0099956737632162
" 8327",68,0.936873783499367,0.333236585704062,0.000480798650267062,0.0106134788529571
" 8635",67,1.04456167239604,0.380479388036675,1.43047532310861e-05,0.00947507783451714
" 8857",43,1.15426290659443,0.468160971340674,0.0132497776802935,0.0134359428500422
" 7694",37,1.21606499637904,0.722798026943556,0.0035483735098222,0.0135573788780147
" 8715",38,0.686157448061087,0.244084300400727,0.00128345424823356,0.0124812457262448
" 8633",44,1.13244579436504,0.417457733279924,0.00195021469050474,0.011069117229061
" 7693",41,1.23034823455502,0.682870519441163,0.00286134800047365,0.0133855065153414
" 6970",41,1.13290558492593,0.403168238058166,0.000110861837540918,0.0110783147138826
" 9097",25,0.853227150300328,0.303077774765103,0.00237061549379611,0.0125234026152683
" 8652",28,0.73770672455803,0.322393332262772,0.00334294135925355,0.0128958579063799
" 8963",35,1.03858131351622,0.346757706813922,0.00570918595622904,0.0122428668890802
" 6971",30,1.09338109369495,0.379835761818698,0.000825702144838805,0.0111176770154236
" 4793",71,1.03601946279966,0.202856787780704,0.000362784436110601,0.00904392818035753
" 6969",33,1.09870718931266,0.382907126685234,0.00244770221954141,0.0112505249782234
" 9043",30,1.00110852930942,0.301032485903333,0.0018929956775804,0.0111359436417773
" 8959",33,0.779146023617969,0.251868964762698,0.00198557921932604,0.0120254998623722
" 9032",33,1.25180413098938,0.593798876179694,0.00224862773707546,0.0124083712319411
" 9035",25,1.20532335447179,0.576709815526593,0.00211114316435446,0.0125682530707571
" 9031",26,0.95939305850066,0.483399882865662,0.00107245913807504,0.012278033684549
" 9111",49,1.25219927937524,0.630424900277248,0.00128305689397714,0.0120243580792322
" 6744",63,1.07521053292354,0.381162334961716,0.000142650178054442,0.00955264587391323
" 6203",43,1.05723861734755,0.202858451081458,3.57618830777153e-06,0.00951559902758116
" 7642",54,1.0255584682113,0.178827931354698,0.000100530626874022,0.00915717960506433
" 8701",60,1.11077844108185,0.417141005783597,8.62258736429359e-05,0.0100411087302538
" 9112",50,1.24826030542045,0.628460461060105,0.000241194033646369,0.0118828755014985
" 6742",51,1.06463832064139,0.374212650456323,0.000404109278778183,0.00978657249323217
" 6201",47,1.05738906214078,0.204046726180416,1.90730043081148e-05,0.00960492075151488
" 7639",52,1.02143243229374,0.176399331718087,0.00045616268636908,0.00933386533695983
" 8698",64,1.11366401955406,0.419336134773586,0.000149405200413566,0.0100526242435466
" 9105",37,1.15088790815743,0.559142417550937,0.00149166787859715,0.0117418598296208
" 6738",57,0.998883284736359,0.339378689494958,0.000111656546053756,0.00970526680901574
" 6199",51,1.05980669496194,0.20651825468708,0.000644508603911714,0.00973218304505159
" 6672",31,1.24307706749586,0.612403271169627,0.0056499801720226,0.0135849684504147
" 6887",41,1.01522203081412,0.481865138095383,0.00161921859490767,0.0129725504652027
" 6252",29,0.980725534007655,0.168238236218705,0.00474321775887431,0.0116041258157423
" 8696",61,1.08970413174908,0.410068162037223,1.58941702567624e-05,0.00979515175783509
" 7031",33,1.0452072097816,0.362616810060454,0.00386188601813684,0.0124967085318305
" 6885",39,1.19664760303752,0.556139679927314,0.00603263232095416,0.0133915147236503
" 6848",48,1.21619839879165,0.583988033762178,0.000631793267706304,0.0130738789999215
" 8702",67,0.998217035216713,0.349566163946747,0.000254704078364617,0.0100627832948902
" 6403",64,1.07097710038288,0.350348028597105,0.000504639905652205,0.00967554552038156
" 6714",40,1.02958843701904,0.196567563936059,0.000269803540108541,0.0102572912017515
" 7049",52,1.0960703753198,0.248344880112621,0.000221723675081835,0.00895830653007036
" 6624",55,1.09368629645089,0.261319459801736,4.92719277959634e-05,0.0102309764084959
" 6510",51,1.05029453750582,0.185760647954994,0.000197485065440272,0.00949672778717996
" 6251",39,1.01628189805704,0.158502286897449,0.000330201387084238,0.0100613162886138
" 9509",24,0.660018564260227,0.278429211687172,0.00163670218219011,0.0125457341095295
" 6407",63,1.05488015361773,0.346242321444676,0.000434705556522451,0.0099931363402756
" 6957",52,1.04050937836874,0.23108299962343,0.000168080850465262,0.00905487513245697
" 6813",25,0.730238345577874,0.271830795668463,0.00525461268688564,0.0128815966396667
" 6692",42,1.00558913444348,0.209437214209918,0.000683449321040782,0.0104579514642704
" 6439",49,1.02513196353658,0.178738454949988,0.000628614433654952,0.00992649301527306
" 9545",33,1.11866347362598,0.553317119958113,0.00546719721406984,0.0142302257366302
" 6401",56,1.06545756546884,0.344480787990166,0.00045179178954847,0.0101048077135652
" 4874",27,1.09385320324733,0.308451474563039,0.0013446468037221,0.0117021625167315
" 7056",47,1.05876107067902,0.21091327749907,0.00109073743387032,0.0103563978037893
" 6696",37,0.959688158330225,0.175077258517057,0.00106212792740815,0.0108077563427364
" 7467",41,0.942423199715716,0.358768179054299,0.00154332393193163,0.0114815565279652
" 7320",53,1.00692016146694,0.266558523665254,0.000669144567809696,0.00974630301990772
" 9541",51,1.1502957133653,0.543135734822367,0.00346969736705123,0.0138998684252571
" 6409",51,0.898252541035457,0.287777290857009,0.00172332541008946,0.0103559284288205
" 4873",29,1.06071441093303,0.312117903152175,0.00194783056496623,0.0120558858443654
" 9544",54,1.30665008941633,0.603561900195157,0.0101675007132509,0.0145392205554248
" 9040",32,1.02799497103274,0.463664980888506,0.00566428492525369,0.0132808879479693
" 7207",33,1.14404100826774,0.383105880055117,0.0028728712739098,0.011694527416388
" 9517",28,0.907947749676704,0.467883906714457,0.00275485705975334,0.013864444620827
" 9123",15,0.285967864252353,0.136872810245366,1.58941702567624e-06,0.0116235601646773
" 7107",31,1.0654617359535,0.354323981660882,0.00271194280006008,0.011717260872552
" 7100",29,1.0874860279973,0.376014022734093,0.00469195905979625,0.011719566775003
" 8486",39,0.873591187407512,0.327209133721388,0.00235392661502651,0.0126964688369214
" 6393",63,1.0546366192996,0.347423696712265,1.11259191797337e-05,0.00875771531517548
" 7525",53,1.03417101963087,0.24633941708683,0.00085351694278814,0.0108037815678936
" 6400",61,1.05552331825656,0.35127155168022,1.58941702567624e-05,0.00859736727744602
" 7362",51,1.02699424653554,0.234931321326299,0.00123895057151463,0.0112434442673931
" 6370",62,1.06699440187096,0.3600892295734,8.62258736429359e-05,0.00883756882495215
" 5661",39,0.997159827324828,0.218619226991611,0.00116623474258994,0.0120480232188472
" 7461",53,1.07981955796153,0.235755151857818,0.000103312106668955,0.00978854193057807
" 6377",53,1.03858729767598,0.34368833164774,8.14576225659072e-05,0.00885256564458671
" 6204",40,1.04509267256549,0.197635781826025,0.00020265067077372,0.00980190534180776
" 8697",49,1.06971001673846,0.379234793979665,0.000729542414785393,0.0107767857828863
" 7464",51,1.05727361113153,0.242018793567683,0.000572587483499865,0.0101189663729332
" 4615",47,0.993989285659954,0.353345953380787,0.00226452190733222,0.0121690076857557
" 6159",40,1.05965539888259,0.177074521308593,0.00127630187161802,0.010735854637688
" 6266",31,1.04687368424665,0.164311961597998,0.0042989757001978,0.0114584578601589
" 9346",50,1.04153274743488,0.414244094781274,0.00651263626270838,0.0131520876789786
" 6494",31,1.06003096744037,0.181097118925219,7.3907891693945e-05,0.0102705742832042
" 7110",47,1.06649885312801,0.189030311996082,4.76825107702871e-05,0.00952698208476377
" 8693",52,1.06720733774733,0.380745766683632,0.000431129368214679,0.0107728770334357
" 7466",50,1.03204194620233,0.23029380397557,0.000903186224840522,0.0103762950107007
" 4618",40,1.13570053880069,0.431886800184045,0.000439871161855899,0.0112307892807223
" 9344",46,1.14069167514731,0.46085871202055,0.00499474300318758,0.0131491423538335
" 7199",43,1.06883002550187,0.191910274965493,5.68216586679255e-05,0.00968227854237496
" 6492",30,1.03362731314716,0.184645437625969,0.000547951519601883,0.0103836638271047
" 8690",43,0.920041149804019,0.338331155144423,1.3112690461829e-05,0.0103682686038257
" 4616",41,1.01063393503853,0.381933132151125,0.00132279231961905,0.0119504891518461
" 6668",55,0.95206208706458,0.193465396375508,0.00132716321643966,0.0106698842992038
" 6334",39,1.03253826928049,0.18885824545001,0.00196730092353076,0.0107966010885308
" 9335",35,0.767881772145439,0.258614636342028,0.00428149211291536,0.0126310016765364
" 7101",44,1.04870086889314,0.183005818690856,0.000145829012105795,0.00982539086443249
" 6488",22,0.973371330486575,0.155388435992629,1.19206276925718e-06,0.0101891285287006
" 8692",45,0.691477115979086,0.239967954970549,0.000908749184430389,0.0111165462969469
" 6964",42,1.0622064084289,0.271918512355116,0.000725568872221202,0.00980783475237352
" 6699",34,0.847290252014009,0.178689464260117,0.0012341823204376,0.0106643672095523
" 6331",21,0.944649046499223,0.163902127084931,0.00266386293503337,0.0109347630287331
" 6962",44,1.06691961497481,0.270024463060018,0.000347684974366677,0.00982898495085102
" 7444",39,1.12290493521413,0.391725260392126,0.00608230160300654,0.0114430096112877
" 6182",33,1.15845084876306,0.490583027288475,0.00470984000133511,0.0131507276109626
" 9196",45,1.12367430649888,0.415792510460814,0.00600402281449199,0.0135431609247319
" 7450",34,1.02887008471326,0.340415237614871,0.00121908285869367,0.0109420489132245
" 6177",22,0.857685254771987,0.329560434994188,0.0031001579085815,0.0129275217530403
" 9041",17,0.5919933159371,0.244023525078678,0.0016823979216783,0.0130799194822223
" 9054",42,1.07320459870656,0.430310043539696,0.00429619422040287,0.01346874442986
" 8324",58,0.907750453860566,0.330322795466405,0.000495103403498148,0.0105042244062923
" 6642",28,0.858324174530421,0.479887339515375,0.00572746425202432,0.014050541641161
" 3788",58,1.06158888487087,0.335873524827033,0.00255657728580023,0.0122282503361608
" 8332",53,1.10592093198627,0.419174804217808,7.82787885145547e-05,0.00995081650777269
" 8330",53,1.09524238161825,0.4142677572469,3.93380713854869e-05,0.00994593782090372
" 7113",26,1.00851320137955,0.224624648364004,0.00319750970140417,0.010951270733189
" 8328",56,1.07678188617803,0.393591622169562,0.000265432643287932,0.0100899280614049
" 8639",53,1.08279428005432,0.457705573599314,0.000217750132517645,0.0112007319604556
" 6343",45,1.04114250037342,0.208886034458206,0.000953650215405742,0.00977000552555707
" 8888",49,1.22781515467331,0.55652226884265,0.00919120130522926,0.0133334900831948
" 8321",60,0.96207568595368,0.364059749058936,0.00141060761028766,0.01106837686809
" 8640",49,1.08270070821003,0.46669594789018,0.000292452732724428,0.0112868532385252
" 8553",57,1.14438026007176,0.437787132052675,0.00140981290177482,0.0123076363551345
" 6342",39,1.04391844588204,0.209558205803724,6.11925554885351e-05,0.00949537012921009
" 8630",48,1.06510583250146,0.455820474944925,0.000700932908323221,0.0113817447082146
" 8836",33,1.06604783502178,0.48651189853538,0.000632587976219142,0.0111715716484066
" 8457",46,0.962864189704401,0.365778775809274,0.00250611329523501,0.0126617184013272
" 6345",35,1.02173095927693,0.197141044556396,0.000148610491900728,0.00988360361413058
" 7137",29,1.1346896375818,0.44598259845361,0.00402400655475581,0.0130276297933149
" 8970",32,0.784398115740434,0.449811203388341,0.00122702994382206,0.0130027589371229
" 8835",36,1.07287464964929,0.48950807083436,0.000561064210063712,0.0111493442129873
" 9215",45,1.17145810745934,0.44314397597552,0.0010235845645355,0.0123007237361802
" 8828",29,0.959211291175552,0.437187136162819,0.00070530380514383,0.0110266671531912
" 8958",47,1.01822149610908,0.449813314237316,0.000753383670170537,0.0120742305862753
" 6298",45,1.02873863288615,0.161741209796398,0.000234041657030826,0.00994672746533708
" 7445",55,1.06841910145337,0.245525085149888,0.000420798157547784,0.00926231975550808
" 7116",57,1.0883069299642,0.233000123536563,0.000526891744011673,0.0107923752649515
" 6603",44,1.02354976879406,0.166239308528078,0.00255657728580023,0.0106675950208795
" 9209",42,1.13301160269473,0.450987846161188,0.000990206806996296,0.0123712650408479
" 8960",36,0.952276085185073,0.471660100444146,0.00298611723698923,0.0133660764534627
" 6303",33,0.98941228694234,0.155218202442446,0.00066755515078402,0.0105665439160306
" 7447",61,1.0642581999493,0.240593734621895,7.15237661554307e-06,0.00893374367489598
" 7009",54,1.01929585265373,0.213068914458678,0.000543183268524854,0.0111083266680549
" 9213",27,1.15244134712139,0.456283868955894,0.0017908756336807,0.0126723687679227
" 9027",40,1.16351312131713,0.531571396081733,0.00111060514669127,0.0117792766916613
" 6424",57,1.03466324093745,0.190620046797853,0.000901596807814846,0.00992798125797959
" 7449",62,1.04403699324079,0.235991388798576,2.98015692314295e-05,0.00893119638430373
" 9026",43,1.02283430118688,0.471182157235449,8.90073534378693e-05,0.011585249632016
" 7102",37,1.06303552423017,0.233907900473116,0.000639342998578267,0.0104564137776301
" 9103",40,1.05962752182511,0.491787775323315,0.00293883208047536,0.0122080307247489
" 7098",41,1.03548903848983,0.230526950353557,0.000298015692314294,0.0104378234808532
" 6406",32,0.949322305972323,0.190019365986857,0.0030147267434514,0.0114624641781623
" 6415",37,1.02675841752205,0.236334581470677,0.000876563489660445,0.0110387256905775
" 4614",45,1.09987799897387,0.412972701435676,0.00665171025245505,0.0128807952975616
" 4626",41,0.993570534430999,0.356685359091201,0.00171736509624317,0.011931712771244
" 7408",43,1.22734872198793,0.611320520323568,0.00351579046079584,0.0134920625763363
" 8879",45,1.0216020124914,0.476362029136446,0.00162517890875395,0.0122748710881024
" 9194",45,0.692576127661506,0.246910763225101,0.000846364566172596,0.011252331781829
" 9190",53,1.03915188243197,0.391531324877225,0.00738323943852254,0.0132221012198232
" 8357",65,1.07120249305922,0.400936393880301,0.000466891251292395,0.0102336644615041
" 8352",50,1.06499016482245,0.39486636253659,0.00061272026339819,0.0104871681457972
" 8623",70,1.10731930113094,0.46872726364169,0.00144438272208328,0.0117725655196198
" 6485",30,1.07197699022022,0.179688202670697,0.00485805313897942,0.0116702982479001
" 7643",53,1.05436827492501,0.180872764735987,3.65565915905535e-05,0.00928223228438483
" 6682",30,1.03860326031371,0.163985382345426,0.00031669134236599,0.0100423191125891
" 8551",28,0.58139150188448,0.267131984184176,0.00119484424905211,0.0119510724090423
" 7641",47,1.0572772753207,0.181948946297726,5.96031384628589e-05,0.00905520017073928
" 6679",22,0.913634570145422,0.142180135878089,0.000994577703816906,0.0102713409080373
" 3803",64,1.05769650191224,0.342522816726865,0.00122861936084773,0.0124991905165246
" 6752",54,1.0838492627454,0.390363118449295,5.48348873858302e-05,0.00947104886340461
" 6937",37,1.02770074448795,0.195702888368248,0.00120597016823185,0.0110336200512553
" 6538",48,1.01654979191442,0.173033901286912,0.00105418084227976,0.0104518883259568
" 6751",41,1.00396067172368,0.361849676313062,7.15237661554307e-05,0.00965599794586379
" 7439",56,1.08144561453355,0.287730368924395,0.00159259585972759,0.0101148046945335
" 6746",51,1.05017188445643,0.388224299186579,4.56957394881918e-05,0.00965569603604013
" 6438",45,1.06069416676862,0.184347507324283,9.93385641047648e-05,0.00983242097544827
" 6254",31,0.949454408128713,0.160299791444324,0.00366916920377359,0.0109315172987419
" 7431",46,1.02859255863641,0.256439558309033,0.00141100496454408,0.0100458966369669
" 6440",48,1.04471128575357,0.180093823004058,0.000144636949336538,0.0096069761014735
" 6719",39,1.15189922296534,0.576954214714308,0.00401089386429399,0.0130984998644045
" 8687",59,0.884590392830527,0.316373367115803,0.000390201879803516,0.0101019218179186
" 6432",38,0.912930234382934,0.184921144998864,0.00529395075827113,0.0110803453241333
" 6998",32,1.02330704748357,0.526095404009468,0.00127232832905383,0.012397904368786
" 3848",90,1.0901235787523,0.302129582637693,4.64904480010299e-05,0.00981898591866068
" 5139",37,1.07337789552483,0.43195913525553,0,0.0103497047065823
" 8700",68,1.14043729009961,0.431432681236094,0.000311923091288962,0.0105766395570841
" 5138",35,1.05914355149625,0.426591048775415,0,0.0102924220832512
" 8695",75,1.14491050024111,0.431117723474089,1.39073989746671e-05,0.0104392176276244
" 5142",32,1.07848040719233,0.425076252111346,0.000617885868731637,0.0106079745247066
" 8691",69,1.11948408960442,0.419029529508332,0.000103709460925374,0.0101036549077076
" 8858",54,1.14137617752418,0.516630620310603,9.3775604514898e-05,0.0109692030893562
" 8689",64,0.852229472546087,0.310959504881878,0.000289273898673075,0.00992371362396598
" 8855",53,1.13587500616789,0.514539247596116,0.000282518876313951,0.011065289476646
" 8536",84,1.13336108614308,0.444619185927608,4.49010309753537e-05,0.0100924355032856
" 9217",26,0.888856486639493,0.34032279460651,0.000817755059710424,0.0122373629829025
" 9127",74,1.04458689161158,0.362460501177661,0.000141458115285185,0.0103425878355996
" 9132",39,0.655513564979704,0.265051302052778,0.00032543313600721,0.0117566558719821
" 6873",61,1.05548978106694,0.188579736916373,0.000268611477339284,0.0097786902132756
" 7005",49,1.14936270811088,0.304453025213167,0.00029165802421159,0.0111171088015175
" 8852",47,1.11118690701887,0.504261490733705,0.00037152622975182,0.0111011187008527
" 8962",62,1.12090546850104,0.487813379562276,0.00261260423595532,0.0125062954528779
" 8538",82,1.14504968479684,0.455504380890137,5.16560533344777e-05,0.00997681690221772
" 9126",51,0.966574477041166,0.349930080417331,0.00213816325379096,0.0113509264656084
" 9210",21,0.683107702371285,0.224626304034507,0.00227882666056331,0.0127299486941054
" 6869",57,1.05895333440505,0.185094010272945,0.000517355241857615,0.0105963425845593
" 7037",56,1.12692852097037,0.315395968133734,0.000290465961442332,0.011092654879007
" 8541",47,0.90004496366633,0.32341039032666,0.00202730141625004,0.0116922016002162
" 9214",33,1.00945702579163,0.339508929275293,0.00296346804437334,0.0128390738761091
" 9122",44,0.977414186616835,0.353027342972046,0.000494706049241729,0.0111100753687156
" 7066",44,1.02998625782974,0.272603326078986,0.00317923140560889,0.0114531141946293
" 6944",52,1.08446271309382,0.236174406173602,0.000471659502369423,0.0102214919583248
" 9212",34,1.28747357887875,0.477918903096035,0.00266545235205905,0.012830963882813
" 6981",58,1.0580769712037,0.241513889867253,0.000225299863389607,0.0106027331405774
" 6399",68,1.04643292689086,0.342465280039885,0,0.00808497654591528
" 6586",50,1.01307495002647,0.167395853370188,0.000175630581337224,0.0100217547120077
" 6379",73,1.05527904842099,0.355103018052523,0.000264637934775094,0.00857121658393613
" 7645",37,0.994438042984358,0.197287233495995,0.00176186877296211,0.00988829529033864
" 6376",71,1.04561874924941,0.342175804406147,7.15237661554307e-06,0.00822203517413161
" 6490",29,1.04229753877435,0.170171792553957,3.41724660520391e-05,0.0102785159092784
" 9088",18,0.752013696588456,0.20834408925827,0.00203087760455781,0.0123584678561308
" 6659",33,0.948676993085025,0.206487028890087,0.00283234113975506,0.0116323000524962
" 6366",57,0.988287855071395,0.320155011002358,0.00132676586218324,0.00941733365842103
" 6493",27,1.03047685268296,0.171602084001365,0.000787556136222576,0.0103918468176334
" 9089",34,1.04278651160883,0.309684796557838,0.00319075467904505,0.0126627511123814
" 9006",27,1.15352666392603,0.330101475013469,0.00532732851581033,0.0127360395819409
" 9129",37,0.929218952654564,0.358088320762001,0.00296028921032199,0.012955591922523
" 4900",31,1.02785633962532,0.202538588088756,6.83449321040782e-05,0.011006476696049
" 9128",47,1.03150857864222,0.395462352572308,0.00589157155992539,0.0132842871117387
" 6198",42,1.04461985457539,0.196784075117972,6.63581608219829e-05,0.00921036671987283
" 8709",30,0.706565419213733,0.258146311346514,0.00154093980639311,0.011886805363265
" 6200",45,1.04657533566223,0.202743654544017,0.00018159089518351,0.00921480044245094
" 6781",40,1.1152389199005,0.54109251690909,0.000904378287609779,0.0128908819370794
" 3852",73,1.0560671080454,0.274203431059284,0.000416824614983593,0.0106745822879402
" 4821",96,1.05228600664865,0.207432385864975,0.000120000985438556,0.00841418065024217
" 6810",28,0.934122006928753,0.279974548835765,0.0122079148199628,0.0130740536248826
" 6963",49,1.01981822549902,0.193213927325734,0.00143921711674983,0.0101086643948264
" 6635",34,1.07203815974417,0.180423282160557,0.000758549275503984,0.0106604019221271
" 4774",80,1.0350006056532,0.201505916412735,3.17883405135247e-06,0.00837008002499152
" 6700",46,0.956807614321148,0.193440297941131,0.00208809661748216,0.010726863806097
" 7053",47,1.03978134125004,0.199521346884183,0.000733118603093164,0.0102580869005936
" 6967",50,1.06279088512471,0.23888039710145,0.000750204836119184,0.00954903848293773
" 6606",51,1.03975749034235,0.171645449689182,0.000187551209029796,0.00970506733173437
" 6486",38,1.04851731942376,0.179069542351933,0.00215723625809907,0.0104268929954566
" 9202",21,0.621596891302667,0.267216868782523,0.00363738086326007,0.0132479825495232
" 9142",46,1.16685856379871,0.426496405576677,0.0076868180904267,0.0135040575243025
" 9125",40,0.8383504215255,0.315837537341242,0.00276677768744591,0.012071243598105
" 9193",26,0.609078163401715,0.208579587027341,0.00228597903717885,0.0130129650303836
" 6367",47,1.11881493960197,0.437312016773097,0.0054894490524293,0.0111764477004885
" 4905",48,1.04402046004631,0.229131179065739,0.000437884390573803,0.010712734995921
" 7544",44,1.05690698507326,0.269383949414893,0.000967954968636829,0.0113952360745909
" 4627",49,0.978471343859342,0.350487495927169,0.00106093586463889,0.0112838808115309
" 4909",36,1.04663274931958,0.206676746416968,0.000135497801438899,0.0112573292177167
" 8340",45,1.14115715878444,0.389233057729287,0.0020431955865068,0.0117725146809375
" 6374",64,1.07566238140596,0.381471555479751,5.12586990780587e-05,0.00974878748933262
" 7463",56,1.07358964708873,0.236825130828562,0.000146623720618633,0.00977981430934025
" 7458",48,1.02470227938984,0.233068238808582,0.000757357212734727,0.0102107527166893
" 6355",55,1.04238734213809,0.369674454307528,0.00176266348147495,0.0105269800769052
" 7206",48,1.06400472381028,0.196702770128833,0.000332585512622753,0.00982962635064235
" 7204",45,1.06684736949512,0.196485283149235,0.000917093623815189,0.0100222655522708
" 6332",29,1.01932740155996,0.169635551667849,0.000980670304842238,0.0105223259919873
" 6681",20,0.956526647657529,0.148502621735685,0.000198279773953111,0.0101778040121735
" 4824",86,1.04223004766359,0.215640869285293,1.58941702567624e-06,0.00801203542345667
" 4817",82,1.03473283349254,0.218122415707693,2.7020089436496e-05,0.00809205992551133
" 3850",69,1.04495074478368,0.338646700626863,0.000607554658064742,0.0113257624193203
" 4784",80,1.0333827203339,0.213634340470513,2.98015692314295e-05,0.00832359138239448
" 6344",43,1.01527558047365,0.199417988387841,8.7020582155774e-05,0.00961690831325267
" 7436",55,1.04507476960857,0.219861947057022,5.72190129243445e-05,0.00915906034819565
" 7440",56,1.05506733014312,0.237091298532231,0.00059563403037217,0.0094896652070371
" 3857",86,1.100562410678,0.299973174974273,0.000336956409443362,0.0106842830228525
" 6024",16,0.615341371454065,0.282461781972909,0.00774483181186389,0.0130961168937129
" 6454",40,1.02944278757186,0.246467245862249,0.000685833446579296,0.0110912185611294
" 6458",39,0.920244520898063,0.196877995080571,0.00149127052434073,0.0110236835839452
" 8481",48,0.819616255940071,0.368102814229975,0.000519342013139711,0.0121419381674278
" 8293",34,0.561629566520839,0.229191042653161,8.0662914053069e-05,0.0110615520078843
" 7637",50,1.04778485783267,0.176263939722404,7.19211204118497e-05,0.00894445423775122
" 7635",49,1.01929028997992,0.166097698727027,0.000117616859900042,0.009105375600547
" 4795",90,1.04020513452415,0.208872206124744,2.38412553851436e-06,0.00814101528349882
" 4808",83,1.0466403882092,0.206032919921817,0.000144239595080119,0.00824538950585392
" 6442",36,1.03257058200538,0.169534733140406,0.000820933893761777,0.0103095914555946
" 7679",83,1.08041211402624,0.397855299984039,3.97354256419059e-07,0.00956881000174198
" 7675",80,1.07527401864899,0.398676538495405,0.000170067621747357,0.00963271723842307
" 8363",64,1.17416954099255,0.483973502460673,9.3775604514898e-05,0.0108665171900476
" 7672",86,1.0892029185971,0.400797957173635,1.54968160003433e-05,0.00935054808142833
" 8180",73,1.07694473466334,0.395680342367417,4.76825107702871e-06,0.00873381738709579
" 8361",60,1.18859834160558,0.491827899893248,0.000438679099086641,0.0110746810472591
" 7686",79,1.07508549766338,0.392077262737204,8.7020582155774e-05,0.00875893996509378
" 8191",74,1.07310453255055,0.393378197986853,1.11259191797337e-05,0.00853150973689983
" 8356",50,0.963110180060315,0.418905279638782,0.0018345846018868,0.012185232442025
" 8628",69,1.14986166727329,0.494113508935343,7.54973087196213e-06,0.0104717673435024
" 8190",70,1.08144802173706,0.396201525550216,3.57618830777153e-06,0.00898557784701791
" 8602",76,1.11016328982792,0.396874861797818,0.000151391971695662,0.00951660993344899
" 8821",33,1.152757655717,0.436959450109052,0.000541991205755597,0.0121946116621963
" 4798",68,1.05867905991291,0.203111894160489,0.0023662445969755,0.0096517269057594
" 8627",66,1.15139177048226,0.493226881475843,3.85433628726488e-05,0.0103898774864153
" 8197",72,1.06630014601214,0.39475522140097,2.78147979493342e-06,0.00896610307850308
" 8582",44,0.994738408688602,0.346564866025949,0.001772199983629,0.0114482722992082
" 8624",67,1.12617788084932,0.491334283702582,0.000569408649448512,0.0107310328680824
" 8827",48,1.1503874254632,0.559664805184187,0.000619475285757314,0.0114880520913751
" 6972",35,0.93997593901531,0.219091573577121,0.00238611230979645,0.0117557060908669
" 9260",28,1.15301645061083,0.500919404977825,0.00327499378140589,0.0134765508317855
" 8889",67,1.04378695898253,0.378762722570752,0.000221326320825416,0.010543024641238
" 8969",3,0.0438284885797863,0.0153176049534809,0,0.00761005196971452
" 8826",48,1.14189118447287,0.538487791767029,0.00023642578256934,0.0111881536506237
" 8893",62,1.07445487797814,0.387385280776505,0.000930206314277018,0.010953004145092
" 9268",18,1.0971956865123,0.460172189412573,0.00553554214617392,0.0135756684075181
" 8823",42,1.10164381315995,0.518933283176444,0.00117656595325683,0.0117229411178276
" 8891",67,1.0568289620229,0.395076342784429,0.000222121029338254,0.010496832646213
" 6911",45,1.03738758552079,0.216361003699243,0.00355075763536071,0.0112844519614643
" 9255",20,1.03428959058382,0.455925537224191,0.00223551504661363,0.0133390854857549
" 8990",61,1.08621392056737,0.402910834384299,0.000596428738885008,0.0108563617805835
" 9011",19,0.617434603365277,0.195218736591845,0.00299207755083552,0.0119844946513698
" 9044",33,0.738260918099323,0.244490894955355,0.00252002069420967,0.0123720591187502
" 8897",28,0.966941638320342,0.313705818724986,0.00187710150732364,0.0116275109177471
" 9242",25,1.08723359421387,0.454949687103012,0.00197564536291556,0.0133097684300563
" 8978",54,0.971240354419425,0.326191100961194,0.000802258243710081,0.0109042486560814
" 9017",16,0.491183687384397,0.162602709090213,0.00106610146997234,0.0113107135573827
" 5131",35,1.06688470086627,0.425880401091122,0.000105298877951051,0.0105994910737095
" 8971",54,1.02080588470452,0.333967106048785,0.00120318868843691,0.0114277712048799
" 9253",31,1.08726370835089,0.51489035299963,0.00233842979902616,0.0133459984498733
" 9068",31,0.890137150334061,0.284847745946294,0.00200862576619834,0.0115000901358296
" 5123",31,1.01354134124058,0.412610054752117,0.00207975217809736,0.0109714518384912
" 9179",35,1.15279030645389,0.420710887490654,0.0161178807031263,0.0139868598928467
" 5530",51,1.03808533232746,0.196038954038742,6.07952012321161e-05,0.00981164462647182
" 6487",28,1.09400670739398,0.19294294622766,0.0047491780727206,0.0109800769558297
" 8175",43,1.13903935037,0.508758642634625,0.000711661473246535,0.0118883556556789
" 9182",53,1.14220431667809,0.428152208582392,0.00721197975400593,0.0136931922786099
" 5553",61,1.03319821367976,0.195606954311117,0.000147021074875052,0.00960927331029207
" 6489",17,0.971103295492472,0.15844555647422,0.000247551701749074,0.0104196770669549
" 8173",43,1.15821704870782,0.514616263179833,0.00167683496208843,0.0118146352174274
" 5526",51,1.02150351597957,0.192669148174495,0.00144319065931402,0.0100923866002681
" 8172",48,1.14524671774898,0.525964978223073,0.001521866802085,0.0123931259858633
" 8822",57,1.1306784586809,0.446656948914876,0.00434824762799377,0.0126231528921315
" 8609",45,0.839809383698648,0.300074736237331,0.000811397391607719,0.011415999998698
" 8605",63,0.920414266803182,0.317813030685822,0.000120795693951394,0.00972555331530323
" 8929",54,1.21015147673598,0.510339037528267,0.000362387081854182,0.0113602791488898
" 9199",41,1.06957074890792,0.443349980432275,0.0027123401543165,0.0124514734098199
" 8936",51,1.21791544676044,0.484898503831371,0.00167166935675498,0.0117929000577347
" 8976",16,0.247896743528952,0.103348919992711,5.04639905652205e-05,0.0108686240167468
" 8882",43,0.728368398733752,0.252204488520307,0.00132199761110621,0.0116722540833069
" 8985",43,1.1197646290751,0.49265787026268,0.00196491679799225,0.0127707678918139
" 9238",35,0.718189541964899,0.357043313406568,0.000385433628726488,0.0119719643683161
" 9019",6,0.083151326195774,0.0241618982490703,0,0.00907010564281463
" 9221",36,0.841954143597493,0.386514555547201,0.0013112690461829,0.012461636017702
" 8987",54,1.18785920419126,0.500941372941699,0.00137365366444069,0.0126201405918249
" 9024",10,0.222401619125643,0.071487158543827,0.000465699188523138,0.0115119999863348
" 8995",33,0.860635812305086,0.290280383912554,0.00203564585563484,0.0122294595677411
" 9067",49,1.0224602044718,0.401506262701694,0.000860271965147263,0.0117631926204392
" 9219",31,0.644000336699111,0.292724870779275,0.00123179819489908,0.0118732569570859
" 9092",22,0.348237331547089,0.184618727399474,2.22518383594673e-05,0.0107766398563128
" 9223",38,0.92938263764157,0.443058748456629,0.00127749393438728,0.0123736111651176
" 9071",43,0.981891423463746,0.361231115300596,0.00306399867124737,0.0121759305944869
" 7949",54,1.12888398920816,0.475196167531365,0.00479010556113176,0.0130085806438674
" 6913",53,1.02863173586774,0.224999619601531,0.000170067621747357,0.00911157399880916
" 6917",52,0.981704463548999,0.191072485373063,0.000472454210882262,0.00942712274062277
" 7676",61,1.16340874486801,0.460850845878462,0.000471659502369423,0.0108530899643491
" 7673",60,1.13333303086582,0.443598435745775,0.0012822621854643,0.0108992572405844
" 8305",86,1.05715775550888,0.388188462212724,0.000425566408624813,0.00957375770149712
" 7684",52,1.04609976977861,0.409571431686808,0.00104822052843348,0.0109192601734528
" 8181",38,0.9380605621361,0.317877028255171,0.00177736558896245,0.0121279339953106
" 8711",53,1.12546413321377,0.517365695451121,0.000252717307082522,0.010950863408835
" 8198",46,1.00042483603367,0.36040653524886,0.00221048172845923,0.0124168467964344
" 8347",57,1.00502066698758,0.376086983318582,0.00159418527675327,0.0118607195131293
" 8662",80,1.06563042932667,0.373708525091629,0.000235631074056502,0.0103095148217962
" 7609",35,0.953462081948666,0.189992374947166,0.00385155480746994,0.0117436973424258
" 8712",57,1.13706174052444,0.515893389382183,0.000263445872005836,0.0111451427069029
" 8309",56,0.93665977953782,0.336945357103057,0.000412056363906565,0.0114551451113707
" 8618",75,1.00689421458435,0.357147233596278,0.000108477712002403,0.00966254804547387
" 8710",42,0.939706389010833,0.416678297631686,0.0019410755426071,0.0119927769823375
" 8847",53,1.23979741330924,0.599264831795314,0.00061232290914177,0.0124337069735505
" 8654",70,1.03945673438256,0.390250877532044,0.000687025509348554,0.0107147867303455
" 7741",43,1.01046050559978,0.20612463519352,0.000424771700111974,0.0106125206439778
" 8849",60,1.29838953728738,0.606184316489621,0.00264161109667391,0.0129713328057169
" 8673",54,0.898446657290966,0.307411523651744,0.000851132817249625,0.0111875888536745
" 8926",29,0.793923672733045,0.288022780059725,0.00215286536127846,0.012181928422058
" 8977",3,0.0613047180142938,0.019416979044979,5.56295958986683e-06,0.009528128219168
" 5545",75,1.02679656608691,0.19708503010375,1.58941702567624e-06,0.0080919025504694
" 8917",34,0.859699871618638,0.313954766936648,0.000470864793856585,0.0117413691416173
" 5543",68,1.03260963034028,0.197060136813716,4.37089682060965e-06,0.00799875347651266
" 8878",35,0.738460276711908,0.260452706864683,0.00142372030074949,0.0124394033874867
" 8980",38,1.11882420969057,0.488044635866884,0.00618958725223969,0.0137513012113418
" 9023",13,0.14039867090968,0.0507194230014357,0,0.00985451937767765
" 5555",75,1.03203173589867,0.197470012812966,7.66893714888784e-05,0.00816479754332937
" 8991",36,0.980855826967731,0.39428053748046,0.00572746425202432,0.0137631076118876
" 9058",14,0.386052076466355,0.127979595278815,0.00104623375715138,0.0113675616687798
" 9081",27,0.616365902552465,0.258482625309604,0.000767688423401623,0.0130278240035967
" 9093",17,0.388136283646141,0.152507237230147,0.00074344981376006,0.0116873498861956
" 7028",39,0.899752614165516,0.156234956892509,0.00142729648905726,0.010548697620937
" 8666",48,1.00852586972404,0.403505336189148,0.00107683003489565,0.0123253011948535
" 8713",51,1.11145579440592,0.442813017501829,0.0021806801592278,0.0120512992780815
" 4681",45,1.02281531770815,0.374098381118859,0.000290863315698751,0.00983877375462817
" 8661",52,1.03478513453641,0.418776575434809,0.00153537684680325,0.0122500518991062
" 8916",34,0.874287469795099,0.378163841886267,0.00198359244804394,0.0125727890236331
" 8884",41,1.01220305037228,0.35877369288574,0.00185405496045133,0.0122355810492306
" 8996",27,0.807900603028597,0.323914401863386,0.00130729550361871,0.0121458663314813
" 5090",30,1.04778897354192,0.215340620441867,0.00261975661257086,0.0118702084381262
" 6991",37,0.92341000501555,0.301788493376434,0.00251882863144042,0.0125190162869074
" 6811",50,1.09347776408636,0.206836179179094,0.00355949942900193,0.0117252896904808
" 6896",42,1.05017934881161,0.227938076718263,0.000330201387084238,0.010251124446662
" 8285",47,1.11498624309144,0.398236967551434,0.00112014164884533,0.0109080926712181
" 6898",47,1.03606612629169,0.223813530041389,0.00187352531901586,0.0110913821358089
" 8510",48,1.13134100868767,0.399407242983231,0.00137643514423562,0.0111199457184977
" 6892",54,0.987937089180344,0.225515624951583,0.00253154396764583,0.0111475080896248
