"node","degree","strength","eigencent","betweenness","closeness"
" 8807",64,1.03616361035672,0.118439075517336,1.59620486331698e-05,0.00850430492296658
"11204",37,0.873748010057672,0.163760438837383,0.000885787285483368,0.0125257721451396
"15290",13,0.23585459937079,0.0885477934620153,5.74633750794112e-05,0.0122771958864494
"14979",26,0.541911520093086,0.128441118809031,0.000807254006208173,0.0126824727142939
"14987",21,0.45194877636614,0.110520855269589,0.000805551387687301,0.0124395293382584
"15671",18,0.442205916087494,0.181633463204477,0.000679131962512597,0.0135244701207383
"16290",29,0.477302754381673,0.127191436409927,8.51309260435721e-05,0.0118046987677051
"15994",9,0.179256310546037,0.047627111690939,8.00230704809578e-05,0.0120390775968198
"10596",62,1.05207532025244,0.163697816192603,0.000951763753167137,0.0103826027178881
"15738",8,0.181217300426658,0.0988244974440886,0,0.0126383804227799
"16386",15,0.253054801629489,0.124305125219429,6.38481945326791e-07,0.0116802043983338
"17159",12,0.460050349835957,0.0869436505611155,0.0012558939864578,0.0124105565060695
"17028",15,0.394536621577076,0.0852918527152215,0.000658913367577248,0.0120334730238228
" 7313",65,1.06538597138523,0.169515691050235,0.000256031260076043,0.0110500310701829
"11737",57,1.05307308621387,0.13028395445682,0.000126632252489814,0.010890909231598
" 8837",70,1.03060473311532,0.112162242634119,4.34167722822218e-05,0.00875868172673966
" 7358",58,1.0378275346199,0.171318209612442,4.25654630217861e-05,0.0111442608369528
"10269",47,1.10116485087874,0.197416380971368,0.000884084666962497,0.01227702323393
" 3061",46,1.2324347243319,0.482364453808694,0.0016515399652453,0.014055579834812
"14519",48,1.02780465649564,0.201335082180011,0.000841306376625602,0.0119458092215116
"10460",34,1.13440698860375,0.142297208583404,0.00185904659747651,0.0126288959094182
"10723",59,1.10621463966581,0.143097822163307,0.000225596954015466,0.0103066187964444
"11870",43,1.00043681287752,0.209583482360224,0.00248050235759458,0.0135023578828299
"12554",35,1.12804932465981,0.24117168468445,0.00134379166759779,0.0130285290481581
"10743",68,1.05766109021708,0.133804893133302,0.000104498211718485,0.00948793837164287
"16110",51,1.16653179738038,0.537923122658331,0.000521852576647097,0.0129404019878
"16284",23,0.4280736994425,0.181369602804865,5.93788209153916e-05,0.0124123902588003
"11221",54,1.07106541223113,0.154546249242547,0.000449491289510061,0.0118454835605504
"12322",69,1.11180614913297,0.147310996337561,9.1728572811949e-05,0.0104171994307904
"11686",50,1.11475793548623,0.166096363083274,0.00161557214899189,0.0126249842594045
"11376",23,0.379057655439824,0.0739575967734817,6.17199213815898e-05,0.0110922560116972
"10459",76,1.08650502563991,0.147251029265638,9.40696732781472e-05,0.00950672562093589
"11318",61,1.34459243460769,0.289168911981926,0.00134826104121507,0.012969925663933
"11747",46,0.842856609867708,0.101187162049644,0.000479712768255529,0.0111777867063933
"10554",63,0.991076773738845,0.124468328462019,0.000195801129900216,0.00982647323472929
"16681",37,0.955866440455032,0.250938999835654,0.00268013437916676,0.0137335651192869
"12339",47,1.01603074496665,0.145791643360549,0.00116948609652357,0.0120032267077814
"11709",34,0.996339629060556,0.140201728807342,0.00298085937541568,0.0132298207813934
" 2355",47,1.25297373594951,0.540751774503736,0.00202420059400104,0.0142048745627887
"17228",11,0.957514558161976,0.174769016444465,0.000822790400211125,0.0128908649045745
"15957",44,0.812590777383856,0.27270300802773,0.000872379164631505,0.0124551420895419
"16106",33,0.795773772240333,0.23813721019964,0.00063465105365483,0.0130649806181896
"10520",29,0.90925012696995,0.119764244873556,0.00616518166407549,0.0137687590678351
"12528",34,0.949195192269638,0.197508907865414,0.00273312838062888,0.0130126681470944
"15272",68,1.18389444056728,0.524038507407875,6.25712306420255e-05,0.0111953141763069
"10011",60,1.02590727719197,0.12090153110683,0.00115075729279399,0.0109761305434482
"10207",24,0.902712726152005,0.130588360748324,0.00525449358272438,0.0133854225599496
"10772",67,1.05232588312978,0.115399242975817,0.000254115814240063,0.0101808318323781
"17645",46,1.1147858684068,0.329035998672683,0.00106732898527129,0.0130645081777997
" 7348",62,1.04205997307556,0.168873100725146,9.7900564950108e-06,0.0106426452449755
"10608",45,0.854750309115315,0.115188163734288,0.000816192753442748,0.0115190836125
"16392",10,0.107766773413474,0.026174780229739,4.25654630217861e-07,0.00963406260950873
"13274",47,1.01574160518289,0.247108089556146,0.000346482868997339,0.0111570855392802
"10355",41,0.8938526769704,0.125965435556314,0.00102582765882504,0.0121166615084269
"17644",27,0.824481246867698,0.214029103622446,0.0010177402208509,0.0130849936528375
"13208",44,1.01423243618536,0.239686993228072,0.00122865209012385,0.0119185800884336
"14968",53,1.32181689603933,0.590584454470222,0.000515042102563611,0.0138780959851704
"14959",21,0.310701644351918,0.111601292661641,8.93874723457507e-06,0.0113642099890951
"15608",33,0.522282104500824,0.219753030085869,2.1495558826002e-05,0.0112170590291591
"15534",52,0.86662805748308,0.309079908247897,0.00028263467446466,0.0122360855739297
"17215",16,0.93547386688123,0.180523189702524,0.000134294035833735,0.0125691329290956
" 7665",64,1.09066998293725,0.180493050547452,0.00224277424661791,0.0122991835577911
"11519",69,1.05162730240282,0.148492853368523,0.000173879916443996,0.0103713181089807
"10611",45,1.02682468896781,0.166758507494359,0.000792994576095874,0.0119704425279186
"13271",18,0.994033502927404,0.291516281851666,0.000560161493366705,0.0130189992562851
"16300",56,1.06240052640774,0.408333193652929,0.000830452183555046,0.0132624872232044
"16994",5,0.0535072899462536,0.0074279934746669,0,0.00739072285695475
"17062",17,0.394963109918051,0.105803281686283,0.000229215018372318,0.0125844548569077
"17217",19,0.175455300615201,0.0654734782317932,0,0.00941991892234842
"10819",50,1.05552061003572,0.143401751438695,0.000532068287772326,0.0110456184337905
"16322",45,1.01352263326403,0.364094106099151,0.00227299572536338,0.0138785050244435
"14920",68,1.18431481537382,0.519297570128085,8.00230704809578e-05,0.0115069320063636
"16841",62,1.23749021088131,0.422196825401529,0.000993052252298269,0.0129383739217393
"14992",37,0.917798629120742,0.343702605595804,0.00107648055982097,0.0130370518918721
"14315",47,0.991440511583436,0.126285472154125,0.00194524166009562,0.012705869369092
"10268",45,0.990768945379376,0.103993736652032,0.00047758449510444,0.0115827404086199
"10039",55,0.991462109439203,0.132573140055718,0.000912816354502202,0.0112889316979937
" 9823",50,1.07067251227981,0.157320824374156,0.000491631097901629,0.011317307159545
"16850",37,0.836470465406969,0.199595098861109,0.00156449359336575,0.013154953150542
"17280",10,0.161767288721807,0.0272480445461986,3.0647133375686e-05,0.0101562947254327
"15527",59,1.17507240856329,0.482219689769464,0.000121950051557417,0.0112667401176031
" 9825",45,1.03918192690412,0.124227198934934,0.00187458299147946,0.0120021354540007
"16853",15,0.360813434355084,0.102050503685681,0.000374363247276608,0.0122639650568421
"16927",35,0.753305328619135,0.160544001326113,0.00197929403051305,0.0132422341371095
"17080",37,0.795716576535579,0.234551131033408,0.000748513667238108,0.0127991253209613
"17301",27,0.4760538538622,0.125611442832437,0.000158556349756153,0.0119771108418317
"14134",72,1.07452739532969,0.132995908913306,0.00011535240478904,0.00950122833320352
"11658",43,1.09387446603404,0.223419494151048,0.000828749565034175,0.0122080908418378
"17115",45,0.997831004831646,0.283480601991478,0.00107264966814901,0.0131481262029253
"15998",71,1.20880214961435,0.51751299331451,2.76675509641609e-05,0.0109820136600125
"13979",74,1.05867609520147,0.127465968562169,5.8101857024738e-05,0.00918118680637836
"17452",27,0.742519778414375,0.222477861106949,0.00269801187363591,0.0131642810579652
"15984",54,1.17546693077936,0.44871590173627,0.000697860766242183,0.0127323970315468
"14618",53,1.04284771461606,0.241775788333354,0.00242495442835115,0.0125511633191738
"15972",43,1.11687875175925,0.4190300631332,0.0014227506015032,0.0127949036216131
"16423",41,1.1634348814523,0.467918602861945,0.00119757930211795,0.0133444887513884
" 3484",36,1.14978300081152,0.414284568940281,0.00707608257274172,0.0145185650792
"14442",44,1.16894493120364,0.457484241775813,0.000775542736256942,0.0131651055472423
"15993",39,1.11271356729048,0.426327566696627,0.00118268139006033,0.013199772325071
"12354",35,1.07455043141219,0.143378494605798,0.0010820140700138,0.0127004734532787
"16908",64,1.22104360713428,0.54238734517443,0.000129824662216448,0.011945524691701
"14927",40,1.43925787819259,0.713386717125814,0.00199440476988579,0.0143317870051147
"14967",12,0.299867373611864,0.0669645318396857,0.000116629368679694,0.0110906951106452
"14965",13,0.273834261105727,0.101459168856577,0.000156428076605064,0.0125075362937774
"15560",19,0.553636905383019,0.142126869997673,0.000696158147721311,0.0126024968616232
"15692",13,0.2898865649499,0.0704075676528663,0.000538878761855812,0.0124594148925334
"14140",58,1.06503927525533,0.148459723554876,0.000123014188132962,0.0101972860096892
"16581",26,0.71434330511448,0.231168472585798,0.00099879858980621,0.0135037453491889
"16597",15,0.330347698904695,0.0846344579771976,6.78919135197488e-05,0.0120077550527642
"14015",55,1.0090137600387,0.144610161329605,0.00126355576980172,0.0110356490836618
"16798",14,0.63641545953056,0.148453958560904,0.00343673548437901,0.0138784776477368
"16615",4,0.0931643355685067,0.0238787087900337,5.95916482305005e-06,0.0105373299828303
"14078",44,1.0097251504804,0.134297758398833,0.00042586745753297,0.0111533251672104
"16505",66,1.88374215913127,0.915832735888898,0.00886830139327402,0.0153206340228895
"14948",48,1.54805371678121,0.794794781668902,0.00392155610819715,0.0148645121142648
"15694",24,0.56044270893842,0.165547009115359,0.00177029760707608,0.0133744602290018
"16457",48,1.35304280565254,0.635800648915554,0.00388750373777972,0.0147581879300263
"14932",12,0.389531126780567,0.0821622623420532,0.000376278693112589,0.0126234796170503
"15044",20,0.380969153917096,0.143418897068422,0.00027050351750345,0.0129993404336975
"16095",22,0.524600407086802,0.149770183174255,0.000729572036193413,0.0123344583164465
"12506",65,1.11669102364352,0.154061720364924,0.000157492213180608,0.0111575178442477
"12511",38,0.838947870785947,0.123765412684208,0.000681685890293904,0.0118164411250366
"12313",82,1.09383925812986,0.137717726442112,3.89473986649343e-05,0.00927513152087327
"16247",25,0.461484720138159,0.171382629201633,6.38481945326791e-05,0.0125117775450199
" 7422",40,1.28836771159784,0.592737515736045,0.00133506574767832,0.0133073892169214
"12374",44,0.921315054095344,0.110508959888982,0.00102263524909841,0.0118203174061481
"16938",21,0.371248861399594,0.158187020267603,5.72505477643023e-05,0.0118066482188045
"12352",53,0.958276786674242,0.137292005650024,0.00276824488762186,0.012523081699187
"17046",27,0.555780080082272,0.188400365367552,0.00013727361824526,0.0124476553034241
"15606",65,1.19422456162841,0.489131112558234,0.000103646902458049,0.0111526936736397
"15576",53,1.04937191842719,0.387490539889868,0.000572079823012805,0.012439116629367
"15564",53,1.27590406961532,0.44143316854716,0.00126164032396574,0.0129676411543866
"16038",61,1.17895614321076,0.504141025073421,6.46995037931148e-05,0.0114094914694672
"11508",50,1.28506975364636,0.321876743075709,0.000412246509365998,0.0120572394538369
"16306",50,1.03971694207392,0.148169678294185,6.4273849162897e-05,0.0101875437880446
"14151",65,1.00962565105207,0.124845364145221,0.00053313242434787,0.0101458346517442
"12316",68,1.10377004377122,0.156737646058141,1.74518398389323e-05,0.00957931218089164
"15897",58,1.24412395695562,0.453125885045198,0.00127632540870826,0.0136779360583901
"12368",39,0.901140107598649,0.121431694209035,0.000752344558910069,0.0118176691409056
"15593",22,0.34361475789589,0.135222964882026,2.63905870735074e-05,0.011099980427131
"15559",5,0.249489265127538,0.0341851427076122,0.000156215249289955,0.0118686431638309
"15731",39,0.939979162917328,0.38029115212071,0.00458025664845929,0.0142197795911346
"13418",33,1.0189643773254,0.196461211888723,0.0018945887590997,0.0112729404929035
"16584",40,1.26684920083879,0.352212433886284,0.00677429343991725,0.0146141647250963
"11718",45,1.12633598501075,0.162443784827864,0.000574846578109221,0.0114356599543897
"12324",52,1.10397439590606,0.138978083908062,0.000194311338694453,0.0105974284196233
"10615",73,1.04879451954045,0.128839542299377,3.23497518965574e-05,0.00859299295231574
"11743",39,0.899156773986464,0.117803331406901,0.000430762485780475,0.0112373994396768
"16533",63,1.77169864796382,0.959082040385509,0.00546136173301026,0.0152850178222275
"13310",40,1.07078521137653,0.18362466534561,0.000240069211442873,0.0105975578179117
"12207",24,1.16157500420989,0.138222703779356,0.00538048735326887,0.0136689939115378
"10691",56,1.06937402830353,0.115880125329028,2.29853500317645e-05,0.00994106828823465
"13236",38,0.967128258054399,0.232450524400147,0.000671895833798893,0.011739617268774
"17214",18,0.999171387193007,0.193918749945614,0.000359252507903874,0.0126380612436365
" 3500",39,1.18289455061344,0.503815732904861,0.000313494635155454,0.0124369307884897
"16087",28,0.523511459727654,0.197274988542703,6.1081439436263e-05,0.012085232943011
"16166",31,0.77285759858522,0.217464062719566,0.000831516320130591,0.0132232596977963
" 3581",49,1.17928668393755,0.502403307161713,0.000216019724835564,0.0121111506727371
"14111",52,1.05195810406067,0.159141251975861,0.000123865497393397,0.0103370041939077
" 2175",40,1.27903534386737,0.599006205820273,0.000919626828585688,0.0139391138390624
"15071",30,0.705392101387757,0.292787919843508,0.000660828813413229,0.013333966287578
"15715",42,0.861619948279443,0.281280050267399,0.000427144421423623,0.0124052970131538
" 5083",27,1.15855333465322,0.453365029098839,0,0.012709903464155
" 6574",52,1.40460536224513,0.505108627914984,0.00237664262782143,0.0138931320416794
" 5184",27,0.813844218975853,0.331465371188719,4.44809088577664e-05,0.0126078572834408
"17523",52,1.10357503150483,0.438654979935565,0.000403733416761641,0.0114848023263868
" 6807",54,0.93911012004341,0.225858885998419,0.000435870341343089,0.012203310199733
"13326",41,1.04825771616476,0.180014772712048,0.000372447801440628,0.0107991159193311
" 5078",27,1.12655971673641,0.443573777158589,0.000270077862873233,0.012786301247871
"14699",64,1.22429575795956,0.567846407889596,0.000204314222504573,0.0121634958315375
" 8070",57,0.981154349919134,0.108415081220787,0.000642100009683643,0.0116762917683493
" 2158",46,1.24486136387017,0.504939951992325,0.00326200425867458,0.014420624828131
"13169",24,1.18223766662982,0.314210154663559,0.00628053406886453,0.0147005574336079
" 9027",41,1.07662809252621,0.388744036628698,0.000934524740643313,0.0131517899682029
"14130",46,1.00741820741795,0.148770392088903,6.78919135197488e-05,0.010474119059509
" 9794",55,1.2879891636545,0.367272878690023,0.00224915906607118,0.0130247796818144
"14774",61,1.21920708831739,0.434803814797244,0.000369893873659321,0.0124127138828885
"16574",44,1.09096069116021,0.480462863849679,0.00176859498855521,0.0137197418422613
"16400",37,1.05088740384054,0.427861244602842,0.000736808164907117,0.0129032173991218
"16216",47,1.17919634008381,0.49476537786349,0.00132442438192287,0.0133982925768371
"16274",29,0.986620786250187,0.370045541751055,0.00190395316096449,0.0135643246048351
"16767",51,1.29638407435666,0.553286531252135,0.00100475775462926,0.0133008390851407
"16856",29,0.527257768883937,0.187597604852882,8.2576998262265e-05,0.0126781356646298
"17004",19,0.320252729162668,0.0901461409126319,0.000683388508814775,0.0121149881155226
"17297",25,0.570969374643847,0.176709260859872,0.00043182662235602,0.0122413554816229
"16620",32,0.821749031477138,0.292746106163943,0.00117416829745597,0.0134014901412022
"16804",51,1.19318003457449,0.385646268899858,0.00287146613544969,0.0131572049967155
"17256",32,0.522137998303792,0.14546896187892,5.5122274613213e-05,0.0118897978349957
"17284",26,0.533511738211574,0.138691172028393,0.000559523011421378,0.0129320410614306
"16763",44,0.977758493020149,0.295174603365046,0.00101667608427536,0.0130038516509106
"17237",19,0.440406638653248,0.145736657096299,0.000117055023309912,0.0124711477229146
"17288",33,0.732561094059905,0.220584668602203,0.000830026528924828,0.0133137524218513
"16833",46,0.940344317975789,0.256646871957678,0.00134464297685822,0.0130290968681814
"17096",47,0.86872982643425,0.225319910549243,0.00101412215649405,0.0132383637147238
"17302",35,0.837660192860558,0.25250415404551,0.000740639056579078,0.0131169869442419
"17282",20,0.951806588227947,0.258597418628016,0.00212018571311516,0.0134890059194845
"15105",62,1.17488286379904,0.493247665808378,2.38366592922002e-05,0.0110789264534609
"14994",39,0.904878574487136,0.354417394595176,0.00045161956266115,0.0128268582209588
"15651",34,0.993655394243246,0.371821565718789,0.00251881127431419,0.0137238624736888
"12785",46,1.23867188697647,0.42696376642654,0.000551861228077456,0.0131856004714423
"17380",54,1.06898485062399,0.44354161218199,0.00039394336026663,0.0127933485232563
" 3614",46,1.13930939916696,0.480053882539295,2.95829968001413e-05,0.0114820413241434
"17378",63,1.26477461512882,0.550536497532463,0.000952615062427572,0.0134138461689226
"17389",32,0.693726408804305,0.22911779638326,0.000826621291883085,0.0128998307913144
"13936",54,1.03630802002012,0.147703647944777,0.000337969776392981,0.0106461983735448
"16978",30,1.08308330825961,0.339795815469514,0.00211720613070364,0.0135346455083005
"13953",50,1.0132996702845,0.146127830341098,0.000102582765882504,0.0102844804323694
" 9417",50,1.02318510168964,0.14386342760111,0.000482053868721727,0.0107181361580495
"16975",26,0.726725581067539,0.233114367563669,0.000972195175417594,0.0130665176204894
" 7253",56,0.985460877940182,0.120908418222777,0.00118757641830783,0.0115684972387621
" 2153",42,1.29479336094662,0.608094716803889,0.000126206597859596,0.0138225273228242
"14386",37,0.720836898728359,0.312247450930965,0.000234535701250041,0.0126007921991935
" 2337",44,0.888127604338177,0.390590565686827,0.000351377897244844,0.0127995360587214
" 4579",44,0.943605134266985,0.213852938880794,0.00250923404513429,0.0134492469144592
" 1439",35,1.07002380426284,0.373367275896482,0.000175795362279976,0.0107185608909085
"13059",33,1.02618601944164,0.255957100381123,0.000418418501504157,0.01408625279843
" 6391",51,1.126212269935,0.272365355217385,0.00195928826289281,0.013657730090279
" 6710",45,0.864098844693274,0.208485869058283,0.00236238319770913,0.0129445553529282
" 3465",54,1.23842234496534,0.489614945974494,0.000302640442084899,0.0122192028974093
" 4438",61,1.16452447904465,0.488343690060691,0.000304130233290661,0.0127470513594677
" 7081",44,1.12975871897187,0.306205227091898,8.34283075227007e-05,0.012643165388307
" 1409",34,1.06132266279541,0.365218562251904,8.78976811399882e-05,0.0105413652256498
"14759",67,1.05229893292415,0.138565517519686,5.04400736808165e-05,0.00894513569930171
"14792",65,1.03892658272745,0.141109897740292,0.000130250316846665,0.00942722039878686
" 4832",37,0.925689855324738,0.230802589088574,0.00166665070461803,0.0130010237758357
" 2168",41,1.30215594496184,0.608635370472892,0.000208570768806752,0.0137749939764887
" 3781",33,1.1271644632603,0.468103924056564,0.00200802571805276,0.0140113579925397
" 2716",48,1.7207515336833,0.752280139269675,0.0158032794560985,0.0158288234799601
" 3485",40,1.05106200329618,0.142897463997683,0.000778735145983576,0.0128862763757725
" 7424",39,1.2266629268252,0.57370234656175,6.15070940664809e-05,0.0129597159665456
" 4690",41,0.953627114764682,0.368375277458469,0.000834495902542116,0.0134751605238897
" 8268",50,1.15788191735824,0.58941611009051,0.000210273387327623,0.0114744169621747
" 1937",49,1.1400660136947,0.318516661265236,0.00236302167965445,0.0138113156750906
" 7473",66,0.999255717880971,0.131493392508177,0.00105413369173453,0.0109405684096407
" 8250",51,1.14241924040138,0.598046082753305,1.48979120576251e-05,0.0113271277123071
" 7208",34,0.913454290259815,0.365525550089968,0.00108499365242533,0.013459093899307
" 9150",41,1.13361257411616,0.404437710088897,0.00110755334782687,0.0122040031588443
"13138",52,1.24047426538632,0.419051271305489,7.49152149183435e-05,0.0129300280807441
"12758",52,1.20620055147416,0.411691443940605,0.000574208096163894,0.013087879784036
" 3595",56,0.950417603662271,0.117388946428096,0.000669554733332695,0.0112340765405181
" 3528",21,1.00889042832133,0.247661258906081,0.00328967180963874,0.0139291464886559
" 7401",31,1.08091553835799,0.224222543971377,0.00210826738346906,0.0135609709538644
" 6824",62,1.05175010315437,0.219871293691161,0.00108243972464402,0.0125017604354181
"11947",46,0.996373282055519,0.126118162611487,0.000367978427823341,0.00924690586264178
"11943",50,0.994220454250815,0.127499379434402,0.000677854998621943,0.00941827477541705
"11901",49,1.01309521142328,0.129233651652704,2.59649324432895e-05,0.00900917376668621
"11958",48,0.994682821092658,0.127803473381147,0.000167920751620946,0.00916496922877354
" 2791",46,1.18802545521304,0.33629010243291,0.00469199098889148,0.0137822342701008
" 6833",39,1.07134157234324,0.222135228406917,0.00108009862417782,0.0121134909033623
" 8568",33,1.17526504748178,0.263270259058452,0.00142019667372189,0.01359276759244
" 3598",49,1.17253893784982,0.495462628292423,3.32010611569931e-05,0.011653833053802
"10968",67,1.05566439246998,0.135367957301072,0.000495887644203808,0.0107991402278586
"10965",65,1.0577837105044,0.136532734223648,0.00130888798791992,0.010885181592428
"10970",67,1.0576074880127,0.136800822712178,2.1495558826002e-05,0.0107833673802338
" 4864",57,1.33554720649404,0.48513582451164,0.00128526415594283,0.0135453660086145
" 7219",54,1.10272012900612,0.150387582941344,9.55594644839097e-05,0.0105336912099986
" 8957",52,1.16280209449317,0.447604306717861,4.66091820088557e-05,0.0116452860627963
" 9184",42,1.25616269230821,0.499378342512324,0.00184797957709084,0.0138405769374165
" 9370",61,1.22653053452414,0.515756029656559,0.000130888798791992,0.0122195741664338
" 7661",49,1.18072047872538,0.237202682939577,0.00148447052288479,0.0130428479059032
" 4689",75,1.05264899018219,0.169844701581508,0.000502910945602402,0.0113556827401991
" 5640",46,1.23794137289568,0.504287212856249,0.00154150824333398,0.0124112800907759
" 2139",31,0.942391636019511,0.420953210919939,0.000120034605721437,0.0129221532501667
" 3491",54,1.53022747051669,0.612665322579906,0.00955147707477368,0.0153764676570879
" 2154",45,1.29220838164162,0.609935031586347,0.00104902583617192,0.0139459375585517
" 2366",52,1.23341190943265,0.55167775753906,0.00078384300154619,0.0143018472709986
" 5617",57,1.29675868136621,0.515507696753725,0.00136571288105401,0.012339775442714
" 3414",6,0.0946082244775943,0.0246009343681777,0,0.00936413630288479
" 5743",49,1.21683212170341,0.484263830026222,0.0014395639593968,0.0137660263063569
" 8234",46,1.316545009955,0.694894810873622,0.000917711382749708,0.013048803199672
" 3442",52,1.27203228237404,0.472344489074738,0.00333691947359292,0.0146807698430046
" 9209",25,1.0700427223341,0.371974198434606,0.000972195175417594,0.0129765878296636
" 6298",34,1.1881653540092,0.541178664551954,0.0117655196338519,0.0149360426114875
" 7068",26,1.14273196096135,0.319364341812475,4.8737455159945e-05,0.0120797073671885
" 6848",83,1.06791834658804,0.177741620984627,0.000420121120025029,0.0121032895163422
" 7737",30,1.12755654281627,0.360348393045934,0.00231747663422114,0.013537496810124
" 3111",23,1.13602787769198,0.21431713009879,0.00206165820146021,0.0138202246011124
" 5497",70,1.4129298964097,0.511532331313927,0.00202143383890462,0.0123794545661958
" 5986",71,1.0509905907012,0.187537621493528,0.00281591820620626,0.0127926138908424
" 5553",46,1.18496155355891,0.470903453745475,0.00159748182720763,0.0118132490600728
" 8891",41,1.07629517070871,0.424068706232229,0.00164387818190138,0.0135182612211261
" 9218",15,0.751209536783634,0.102834619840216,7.21484598219274e-05,0.0104198401523091
" 6798",55,1.13817231096802,0.260682803042247,0.00104349232597909,0.0123760381230441
" 6922",70,0.994696090109544,0.117060623754508,0.000311366362004365,0.0115081482760449
" 7844",46,1.44253907512681,0.52125765663123,0.00362210807583889,0.0143530697783618
" 6780",47,1.29720430186002,0.483897524375963,0.00469922711760518,0.0147495284996748
" 3021",50,1.33633437579134,0.494978404726883,0.00120971045907916,0.0138496309800139
" 6781",48,1.28276640506153,0.472800564148745,0.000926011648038956,0.0135127462466349
" 6817",81,1.72291161594643,0.513324122550758,0.0149753812003248,0.0150813926092449
" 5590",43,1.14412254310341,0.457343174045752,0.000831303492815482,0.0108767015618436
" 3978",34,0.919646720451663,0.343554219248943,0.00276143441353837,0.0134495947335473
" 7898",48,1.14801063896927,0.608922433654186,2.1495558826002e-05,0.0114559104287593
" 4761",51,1.14768279699658,0.332888973180453,0.00227703944435045,0.0135067297368868
" 4327",59,1.2080287502014,0.424798730680235,0.00119651516554241,0.0131641614779728
" 9431",34,1.14375622859886,0.393130464959111,0.00049950570856066,0.0128720831599143
" 7764",52,0.9327331564449,0.130915789995761,0.00204335505236084,0.0122910279946522
" 8226",32,1.04791892764703,0.560020530701397,0.000124503979338724,0.012601551135277
" 3280",26,0.767329479588035,0.233571758988736,0.00221340407713288,0.0136871458799208
" 5572",51,1.16399334842969,0.455959036836765,4.21398083915682e-05,0.0103538489315425
" 5594",50,1.13922671936379,0.459954819927627,0.000649974620342673,0.0111022406085709
" 7236",49,1.11795735059412,0.373723599451137,0.00466240799209134,0.0140475828672752
" 3459",46,1.37231089973426,0.543770765928599,0.00510934535382009,0.014619528327986
" 7452",31,1.12963458736634,0.405761982121944,0.000744682775566147,0.0130005143503971
" 3959",47,1.15127336055685,0.480236325497234,0.000166005305784966,0.0116559801136552
" 3325",34,1.16816998365715,0.430542762651271,0.000293914522165433,0.013808532282936
" 7742",43,1.14668150906932,0.371757838289345,0.00151277655579428,0.013346503067731
" 4826",66,1.08387647306168,0.229512394991501,0.000537601797965158,0.0119010049074947
" 2402",39,1.10496154497809,0.552419852763202,0.00718334753955662,0.0151628875133242
" 2899",56,1.14286504184753,0.37366505821282,0.00091132656329644,0.0136072671585309
" 7642",79,1.09310812746179,0.208596221444614,0.000336479985187219,0.0102877587154729
" 6964",66,1.01791325512103,0.129878981567751,0.000542922480842881,0.0107396039825267
" 4714",48,0.884520301683011,0.210418338435993,0.00205037835375943,0.0135207563401746
" 1953",52,1.28807872661562,0.483007008838749,0.00254562751601792,0.0141560097654222
" 7080",46,1.11242666149551,0.306677000879134,0.000571228513752369,0.0128514539950018
" 5530",45,1.12022229552867,0.457088023947923,0.000168133578936055,0.010800661644768
" 6295",29,0.844610418021521,0.343541870532405,0.00474988001860111,0.0148373587103342
" 4115",41,0.947287558523467,0.354041591649541,0.00197759141199218,0.0142248252214358
" 5362",33,1.17679408298735,0.451692410472221,0.00343141480150128,0.0135603949765903
" 3513",40,1.14750655927803,0.486102920185558,0.000111734340432188,0.0115425449914495
" 4055",33,0.957125977687448,0.291170418258329,0.000639546081902336,0.0134018873194066
" 3499",56,1.15991320589359,0.486226609287847,0.00247560732934708,0.0137512900750009
" 7286",29,1.06845198890682,0.299178264651503,0.00483415963538424,0.0140722339636817
" 1889",71,1.0168448250132,0.11901663858538,8.8536163085315e-05,0.00983125420905404
" 1155",31,1.11341852177427,0.484137595404525,0.000414374782517087,0.0136267302898764
" 4008",16,0.39348551557985,0.10458259020305,0.000315197253676326,0.0132167232315408
" 4824",26,1.00268133989697,0.434725499175417,0.00037606586579748,0.0135874222482272
" 5517",42,1.14461348474217,0.464123023028339,2.53264504979627e-05,0.0105530523578729
" 4000",27,1.00836378079611,0.238613283505659,0.000516531893769374,0.0130585311115028
" 6971",35,1.16695119565058,0.378608181605891,0.0012107745956547,0.0131684006893909
" 8644",69,1.53517960710611,0.456090674925504,0.00317559636874035,0.0137447342438403
" 8965",32,1.09115573721539,0.331822196596334,0.000379896757469441,0.0127026456307403
" 2099",38,1.19655416550767,0.47304292897893,0.00147808570343152,0.0139439242213852
" 5512",44,1.12121478056093,0.458323248501929,4.95887644203808e-05,0.0107460387594879
" 3452",45,1.39539602673362,0.537965338792429,0.00332840638098856,0.0140696656038494
" 3519",31,1.03742407913221,0.13749399295285,0.00170027742040524,0.0129872710973995
" 6879",34,0.608894396516691,0.172013506139534,0.000645718074040495,0.0125430971747847
" 5535",38,1.11942009931904,0.458431380635339,0.000304555887920879,0.0109309006507025
"  790",49,1.17790314080142,0.534856532492435,0.00101880435742645,0.0132400208744693
" 5506",42,1.11662656359522,0.450866718574955,0.000611240048992848,0.0112541041332538
" 5549",38,1.03471436112696,0.420356090954529,1.27696389065358e-06,0.0105810050224907
" 6838",43,1.06807981251004,0.180168834868858,0.00209869015428916,0.0123491776985414
"  165",36,1.26255435305798,0.501250826518329,0.000947720034180067,0.0139725859694518
" 9146",43,1.18746479121351,0.450080419213155,2.63905870735074e-05,0.011961151662644
"  900",7,0.182708479244695,0.0521052188894667,9.151574549684e-05,0.0105246402324951
" 6845",41,1.01510558833964,0.148634148432636,0.00278229149041905,0.0120810235908923
" 8431",48,1.16103040252803,0.386914383608518,0.000347334178257774,0.0124482969600488
" 7070",74,1.00617362102687,0.145247701481655,0.000430975313095584,0.0100621650322618
" 3028",55,1.23439742126818,0.411959840854072,0.00135038931436616,0.0132426022678373
" 4757",57,1.02040485734656,0.209909882106555,0.00236919367179261,0.0128836840229486
" 5257",51,1.96118953406658,1,0.0110378630434945,0.015393802674418
" 3332",39,1.17393036475802,0.396351864272746,1.87288037295859e-05,0.013457046570022
" 4835",40,0.979401964378641,0.128896181550135,0.000472902294172043,0.0116420344605705
" 4665",39,1.29921289325367,0.601527579401759,0.00340204463201625,0.0145672072747184
" 4675",33,1.15033762583747,0.502538003106926,0.00153533625119582,0.0145698199525357
" 8625",35,0.865577382731474,0.296342032273334,0.000691688774104024,0.013166995200918
" 4885",53,1.14217795381984,0.413639501977762,0.00237238608151925,0.0139192736380165
" 4782",88,1.04479927834807,0.125953807718281,2.63905870735074e-05,0.00928264156402292
" 7789",17,0.653048261865582,0.179497531064499,0.000981559577282387,0.0131886947983855
" 6816",39,1.00973005656652,0.403068597454326,0.00250284922568102,0.0139199879162576
" 4752",56,1.29353761185972,0.381850448698518,0.00411501613763117,0.0137464270898104
" 9216",16,0.76976288076619,0.107482601315549,0.000543560962788208,0.0105669836432726
" 4105",44,1.05476602832739,0.415109330370095,0.00257372072161229,0.0142607664930164
" 6436",17,0.289658483074474,0.0906087652771674,0.000377342829688133,0.011126730173268
" 7436",45,1.20975990048209,0.549115419957066,0.00126483273369237,0.0132650155253287
" 7259",61,1.11694640850064,0.221451121829813,0.00129782096753426,0.01254977388945
" 7911",47,1.33638716416512,0.590025842504314,0.00549030624786508,0.0147028858319102
" 4605",70,1.10448905221912,0.225824747066651,0.00304662301578434,0.0128995492689349
" 5536",53,1.14931579822566,0.449644402057775,2.17083861411109e-05,0.0102815659778829
" 1814",53,1.1583689077711,0.41696719966183,0.00301980677408061,0.0143056242461152
" 7735",36,1.13038372027277,0.336066517783471,0.000656359439795941,0.0132789835708908
" 3435",36,1.06285634379514,0.226204381720661,0.00236046775187315,0.0135185924777566
" 6140",57,1.52619977477655,0.785771265090772,0.00341928364454007,0.0145940710493609
" 5510",48,1.14268496955075,0.451031082470871,0,0.0102713264063673
" 1440",36,1.25249813722463,0.549732556483674,0.00151469200163026,0.0120495336822301
" 3973",42,1.09975334372113,0.463163481510374,0.000344567423161358,0.0118605927833422
" 3787",41,1.16403300169486,0.407367288280218,0.000519511476180899,0.0134873892916717
" 6717",78,1.04370831834716,0.15153772279457,0.0001572793858655,0.00951625201907615
" 5645",6,0.120096546992846,0.0226917383689866,0.00029646844994674,0.0107067335620978
" 6363",49,1.36189938964162,0.713350789572451,0.00113373110758527,0.0134936518895875
" 4830",38,1.11106514838608,0.248588556286042,0.00366020416524338,0.013522109114063
" 5531",49,1.14210192214234,0.437826021505922,2.23468680864377e-05,0.0103174664205754
" 6907",30,0.511739625710899,0.131933113598552,0.00027263179065454,0.0132075072635764
" 5290",28,0.888736003779661,0.481913881059397,0.00218147997986654,0.0146369855760152
" 5939",57,1.60140741841913,0.493665124896049,0.00719271194142141,0.0147609799914269
" 4680",38,0.953287780439169,0.361474078444482,0.000818959508539164,0.0141504304343416
" 5269",59,1.31020570763537,0.634263101772181,0.000891533622991309,0.0135183950809174
" 5523",49,1.12230381895056,0.435515278372608,9.68364283745633e-05,0.0102324338711679
" 1888",58,1.27435020476273,0.517167767321018,0.00243580862142171,0.0132240673837983
" 4669",37,0.972000064998655,0.353984571192388,0.00327307127906024,0.0143579158832619
" 4483",51,1.38914299723845,0.605395042821084,0.00440488694080953,0.0147137293536707
" 4497",43,1.30335428157091,0.615665757519115,0.00297149497355089,0.0148034526658408
" 7209",49,1.28215037053821,0.44937614614155,0.0021972292011846,0.0136397269819905
" 2064",46,1.04529243562693,0.443675796045765,0.000542922480842881,0.0136167661420212
" 4827",55,1.02450262074155,0.314396544081209,0.00194779558787693,0.0142553317512064
" 1940",57,1.04377003450166,0.382417320820184,0.00115437535715084,0.0135100756261612
" 9073",52,0.974521734103435,0.114868766807134,0.00174518398389323,0.0118887522970461
" 6963",24,0.915110941587608,0.133550353555152,0.00678940417928999,0.0138995282487051
" 5526",51,1.1069844999423,0.426232489159028,7.0233013985947e-06,0.0101290283829322
" 6776",54,1.68927556295277,0.637889840328562,0.00865696386937085,0.0151579849618566
" 6997",38,1.14812264207839,0.391339017063126,0.00129760814021915,0.0127448230930835
" 9015",76,1.10239839817991,0.222387660124361,0.000305407197181315,0.0116532421422752
" 7361",47,1.14049937864467,0.384708352443746,0.000395220324157284,0.0128628109082846
" 6161",57,1.15258340797791,0.507055314973135,0.000691901601419133,0.0128818142926425
" 4681",40,1.30996032858675,0.594332034166362,0.00099879858980621,0.0144501128800975
" 8266",57,1.16543593040917,0.607103432338892,0,0.0114511242025187
" 9025",55,1.22047189991034,0.425709918101733,0.00082768542845863,0.0132271120191582
" 6788",56,1.15297847453137,0.428078588952925,0.00157258103133989,0.0135398789239887
" 4751",63,1.23909528931942,0.370343969630632,0.00197674010273174,0.0138158901084739
"  778",12,0.182773101864595,0.0254283664325912,2.29853500317645e-05,0.00977824561245347
" 4334",49,1.11069730344993,0.455426456978243,0.000623584033269166,0.0114049192071483
" 7062",28,0.612464436478094,0.152279465303982,5.00144190505986e-05,0.0120916284190852
" 7412",59,1.33697021165609,0.54178511692777,0.000761070478829535,0.0126172087186522
" 8574",39,0.98642304598218,0.125053724421676,0.000189416310446948,0.0102556966037371
" 9221",60,1.05002818159573,0.166956300519472,0.00086152497156095,0.0121153467252713
" 6449",65,1.21538988640987,0.614209263826004,0.000187926519241185,0.0127524410004535
"11946",50,1.02362178048147,0.140245624275081,0.000857694079888989,0.00985438657589832
" 6430",62,1.20488008021552,0.60054003496287,3.70319528289539e-05,0.0126331578598766
" 7757",50,1.15041449968198,0.35029868102404,0.00150511477245036,0.0132471202893452
" 6258",30,0.968199253260146,0.511970418087986,0.00183372014697854,0.0136577705810946
" 6441",59,1.20429947254902,0.61364416549181,5.02272463657076e-05,0.0127682973029172
" 1398",43,1.0644795105773,0.359825783438312,1.70261852087144e-06,0.0106601742372571
" 1951",41,1.20575418224339,0.574397123267886,0.0015442749984304,0.0139621265413347
" 8997",81,1.14270989338655,0.152729889179596,0.000680196099088141,0.0120779878898081
" 9204",78,0.983135203757628,0.113199522875345,0.00054121986232201,0.011211291805109
" 2538",49,0.983727668268488,0.178291753578548,0.00333500402775694,0.013321467269597
" 6033",12,0.132030359998397,0.0200208880912483,2.1282731510893e-07,0.00815209464579688
" 5110",39,1.1393660102202,0.474225740604565,0.00105243107321366,0.0135091581220341
" 3109",56,1.36573448184576,0.468149758199837,0.00235514706899542,0.0140583017199256
" 6489",45,1.26186392307841,0.506781405776734,0.00361934132074247,0.0141254903242331
" 4944",44,1.28008562041685,0.637288094176107,0.00286635827988707,0.0141440010197537
" 5826",40,1.13537400041034,0.438828406724204,0.000791504784890112,0.013798743824338
" 6628",59,1.3623956205591,0.556570973565504,0.00163174702494017,0.0136881676198516
" 7393",43,1.2412245957662,0.437735129377921,0.00143424327651908,0.0132188720957905
" 4953",66,1.15995994984838,0.319697068516345,0.00146148517285302,0.0133912423826415
" 3486",48,1.25362736351392,0.530818286915315,0.00292105489987007,0.0135451862039982
" 4080",71,1.27446953246446,0.533104902450087,0.000337969776392981,0.0128535963023326
" 8710",32,1.03752476015366,0.312031997762661,0.00180562694138416,0.0134339264194585
" 9106",44,1.01256787794669,0.159306122801711,0.00352761274793052,0.0133895110321996
" 6795",51,1.23011184206024,0.470078265176225,0.00269588360048482,0.0140102182604105
" 3880",39,1.30156004271414,0.632304893459787,0.00400392027914431,0.0147938059065507
" 4856",36,0.89098412875961,0.305502184402027,0.000955594644839097,0.0132105396276267
" 8212",33,1.27202921276917,0.683545493947642,0.000148340638630924,0.0127997019117901
" 6946",42,1.32081138183665,0.406515305462512,0.00146850847425162,0.0135758308456514
" 7752",53,1.41239439405982,0.603978423297622,0.00355315202574359,0.0147013526760369
" 9010",30,0.697715002301955,0.142138726396588,0.000751493249649633,0.0125458877026923
" 9147",43,1.22698074456747,0.459851490051251,0.000337969776392981,0.0123270553432593
" 6425",33,0.785810527429966,0.289171892423487,0.00508550869452789,0.0139922294206616
" 5782",50,1.25920780639105,0.518657265404983,0.000589531662851737,0.0127258772927997
" 8318",55,1.18293337793915,0.576075159199261,0.000657636403686595,0.0117729501647501
" 2784",67,1.34808806153979,0.506020214858461,0.00271227130374821,0.0139619567948469
" 7475",59,0.995888263289302,0.118290170049417,0.00121907486094395,0.0111672943490727
" 7089",47,1.02629213889259,0.107674266946595,0.0013154856346883,0.0107183946073466
" 7106",64,1.07343798030438,0.126389107679436,8.19385163169382e-05,0.0102883559529102
" 8612",44,1.10756193486839,0.353879827197713,0.00112330256914493,0.0133752100481254
" 7132",48,1.13632620301288,0.29918395949407,0.00315175970944815,0.0130336687774118
" 4019",48,1.30618086351222,0.492979454761359,0.00216168703956141,0.0131073033135839
" 3620",56,1.12935010444925,0.454008003166831,2.87316875397056e-05,0.0109314017195468
" 7182",61,1.02894380228081,0.111577010785839,0.000198142230366414,0.0101757050373683
" 7260",23,0.85594228145298,0.144495716604354,0.0027073762755007,0.0128125457655642
" 4597",52,1.28570546611121,0.545105347371426,0.00113734917194212,0.0130431524627909
"   73",35,1.13769960764749,0.4356603703561,0.000806615524262846,0.0130125282759247
" 4706",50,1.1842415704009,0.387907369036346,0.000740851883894187,0.0136357190556411
"  872",48,1.12113238189663,0.402555586358393,0.000687857882432063,0.0126047778400893
" 5194",51,1.36532373085154,0.670404868401356,0.00615049657933298,0.0149287364136639
" 3582",50,1.12906922988992,0.455240407417546,6.19327486966987e-05,0.0110672675216411
" 1965",51,1.11148178073158,0.507247531184093,0.00104966431811724,0.0140439429302969
" 1952",51,1.22346067953577,0.515683939281238,0.000247943822101904,0.0130498550787722
" 7689",13,0.796615371971338,0.115259116023576,0.00011152151311708,0.0117405676670606
" 1977",39,1.11530885704098,0.485588079420748,0.0022187247600106,0.0141794207883554
" 5992",16,0.598878984724557,0.17449982351962,0.000872591991946614,0.0120808043027505
" 5097",26,1.12549852799278,0.435757164380639,0.000323923173595792,0.0127111578585435
" 6610",50,1.35963766256801,0.702136486566132,0.000381599375990312,0.0133607175360372
" 6374",54,1.35171585893743,0.601401934956229,0.0040896896871332,0.0138905295535973
" 6521",40,1.19234494835718,0.503440102190886,0.00166665070461803,0.0129433290595398
" 6606",41,1.28608621517905,0.631515248600303,0.00262714037770464,0.0138624147641875
" 5327",18,0.31528459226939,0.0838148203443433,4.55450454333111e-05,0.0114010753315681
" 3707",43,1.04100327094009,0.435599791268591,0.0015704527581888,0.0135597351778961
" 9290",41,1.0611445583442,0.123713157097697,9.1728572811949e-05,0.0119374069763067
" 9379",27,1.16208259004328,0.173479963842158,0.0159601331873338,0.0149832224588008
" 3785",54,1.35203614907745,0.583638813982503,0.000860673662300514,0.0130755386189816
" 7805",61,1.07027675429577,0.213877839306648,0.00149106816965317,0.0125755611294726
" 3525",50,0.974880085066638,0.396880164800902,2.23468680864377e-05,0.0106073582767263
" 8684",44,1.04195839161388,0.283025942187932,0.00113117717980396,0.0125771938678501
" 4134",30,0.818888141725459,0.205324258805226,0.0014489283612616,0.0137120057801932
" 9428",33,1.10800703097753,0.17556019659945,5.91659936002826e-05,0.0120710340299406
" 7082",50,1.12368648296546,0.304369333247052,0.000512488174782304,0.0125419100510116
" 8203",43,1.20016500859998,0.670468093843035,0.000469284229815191,0.01212759289438
" 7176",82,1.04899364909201,0.122146596410212,0.000114501095528605,0.00953402386812557
" 9441",54,1.04418286608873,0.113655656246408,0.00144254354180833,0.0113728864045825
" 4805",45,1.1094454433713,0.30292457315327,0.000903877607267627,0.0128085108590979
" 3881",42,1.25858751068449,0.575189041352666,0.000482479523351945,0.0133045479504228
" 3950",50,1.12384332671915,0.473455430327742,4.8737455159945e-05,0.0113928343380006
" 7039",16,0.434441282961974,0.169642197735836,0.000790653475629676,0.0141053431935501
" 6954",32,1.17874506757775,0.461804281645107,0.00309791439872559,0.0148159619733312
" 3888",52,1.13428011001642,0.456853782617618,0.000156215249289955,0.0109771221989744
" 4034",28,1.19992936564538,0.488605584035637,0.00170921616763982,0.0138251463594265
" 6733",64,1.06367352143866,0.125679410480652,8.91746450306418e-05,0.00991261066392483
" 5914",33,1.02608249956938,0.364685207747483,6.87432227801845e-05,0.0106813278004197
" 5758",47,1.20627810846242,0.622901405272054,0.00015323566687843,0.0126883357442396
" 6091",58,1.32106120214701,0.630781270136345,0.00132101914488113,0.0142321037158748
" 2811",64,1.0555206296616,0.202428466257852,0.00139146498618219,0.0126069134704488
"  907",45,1.10952187492477,0.400625522045427,0.00105647479220073,0.0127993193416415
" 4854",59,1.27511475980372,0.484082722683534,0.00148553465946033,0.0133381204907076
" 8689",45,1.03779753102474,0.209801080958473,0.000277101164271827,0.0115052504701491
" 6769",47,1.00920629411407,0.106353616670586,0.00055718191095518,0.010915956009144
" 8595",52,1.05008398729111,0.122761624858374,0.00025666974202137,0.012094624519303
" 7215",44,1.28604959518007,0.372133904707171,0.00582550926916164,0.013872663601606
"  904",58,1.16462202129682,0.440445987346375,0.00104200253477332,0.0130904310414654
" 3962",52,1.43177319309993,0.590864399529756,0.00583019147009404,0.0143753383855315
" 4838",19,1.01947905585306,0.209401448755736,0.000499718535875768,0.0130975335018967
" 5245",43,1.1459848355199,0.36135715521747,0.000178349290061284,0.0129853278839242
" 7778",56,1.34843754147111,0.459340315105673,0.000833431765966571,0.0131112746056217
" 5908",36,1.00647495627665,0.359885255346573,7.95974158507399e-05,0.0107800275851117
" 6547",19,0.567644329843494,0.299770594373611,0.000205378359080118,0.0123492610308041
" 4858",53,1.11526782835494,0.259404846736094,0.000632522780503741,0.0128621505308822
" 5233",44,1.09311844134123,0.360402291354098,0.00085152208775083,0.0131173088522476
" 6792",41,1.23538499999855,0.439762964014165,0.00248114083953991,0.0140120389382286
" 9555",38,1.07934542183027,0.117107677705112,0.000574208096163894,0.0115105541776694
" 4841",45,1.16288708817937,0.502237868766705,0.00316048562936762,0.014597102318331
" 9662",30,1.18401022587772,0.310280485780838,0.000277952473532263,0.0129167158094329
" 6097",42,1.16673606058688,0.481356127387958,0.000352016379190171,0.0121388387787588
" 6109",75,1.2096339039793,0.351641598211756,0.001496601679846,0.0130364096595824
" 9018",20,1.00381556584289,0.26991385987343,0.00074021340194886,0.0122921188087996
" 6576",40,1.06692147566685,0.408242752660205,0.000504826391438383,0.0117773180766277
" 5944",9,0.206163235112453,0.070976610227471,0.00044374495200212,0.0114473371886916
" 5117",29,1.20013497362781,0.493747431643028,0.00105179259126833,0.0132773643569527
" 8647",38,1.07195839547865,0.171747076736588,0.00210869303809928,0.0131295428867801
" 6578",44,1.15360699896402,0.482183575003939,0.00115905755808323,0.0124976534552383
" 3599",47,1.22855663273727,0.535141408232448,0.000567397622080408,0.013079944792927
" 7765",44,1.23625788562278,0.262038025522229,0.00242112353667919,0.0124867393636596
" 8906",40,1.06302762499918,0.129637893985146,0.000484182141872817,0.0113802419890193
" 8616",27,1.10807831141531,0.28023487263159,0.00616794841917191,0.0142409694900255
" 8592",54,1.14078425226342,0.265930285384995,0.0030242761476979,0.013581795292906
" 6260",16,0.845411980317811,0.374039684629884,0.00162961875178908,0.0134608564242574
" 3870",56,1.05014627246634,0.411947345870475,6.04429574909362e-05,0.0106933201997198
" 4660",39,1.1979337885608,0.545678402632101,0.00250135943447526,0.0147202963025503
" 7938",55,1.13594006866153,0.250783230130203,0.000130250316846665,0.0115354003399195
" 8538",48,1.13574448028052,0.251294048333398,0.000167495096990728,0.0114953922757186
" 6242",38,1.44705278591545,0.831465370306758,0.00141125792648732,0.0140238895673169
" 4777",34,1.31565983373493,0.594674938417887,0.00632629194161295,0.0155165433373249
" 4811",52,1.14049786187376,0.306109712712805,0.0011654423775365,0.0129348007112796
" 6227",22,0.288248447415896,0.0837607343133947,1.46850847425162e-05,0.0111933121547594
" 5276",37,1.30919594307178,0.490476856821988,0.00490566961326084,0.0148253404077673
" 6532",51,1.39175426992617,0.451723741413892,0.00405968103570285,0.0145118507908289
" 6820",32,0.821633884904015,0.254171868040697,0.00192970526609267,0.0139891598688116
" 5394",51,1.39924978987686,0.73500503471875,0.00067040604259313,0.0134423536914934
" 6027",54,1.45388439684535,0.768243286909503,0.00234471853055509,0.0137209963205609
" 3819",41,1.29947790402493,0.478894050114122,0.00349036796778646,0.0144789012581029
" 3977",30,0.768680334689492,0.257148432756125,0.000352442033820389,0.0126656091835841
" 4047",45,1.21251330902931,0.361196087139481,0.00412374205755063,0.0139123295690398
" 9599",67,1.05551749462174,0.109947490263606,1.02157111252287e-05,0.0100577128178573
" 4146",46,1.05421151982114,0.43437983638714,0.00462197080222064,0.0136031296094436
" 1441",32,1.17791076214194,0.433771567549009,0.000946868724919631,0.0118639265050918
" 3913",61,1.18652717002417,0.510285764295696,0.000600598683237401,0.0130647720415093
" 9208",27,1.16864628841857,0.400274026266754,0.000396497288047937,0.0129117900638755
" 9659",37,1.15014253697833,0.226703912538375,0.00313643614276031,0.0133637073395055
" 6831",60,1.02800915698019,0.153973607387967,0.000411182372790453,0.0114094681047994
" 5324",55,1.21334096847683,0.340466952853333,0.00569504612499987,0.0142760629055629
" 7067",20,1.10730913433465,0.307651807647017,0.000227512399851447,0.0122372954490651
" 4040",39,0.855726279430705,0.258125944588508,0.00116586803216672,0.0133453940567328
" 8620",65,1.05935766158499,0.113070793018807,4.34167722822218e-05,0.0099721938984139
"   23",31,0.859909524043356,0.276394812092731,0.00324029587253346,0.0140465976030815
" 6365",20,0.669525414642927,0.222763764164942,0.00137103356393173,0.0130174699873094
" 4625",56,1.2659454339313,0.531429825523489,0.00133676836619919,0.0130519494110492
" 5102",46,1.3215629402411,0.529223099716824,0.00171240857736645,0.0135993755562081
" 9600",68,1.10478514770385,0.262786443895646,0.000370958010234866,0.0127751280910213
" 6386",42,1.54507012040388,0.899866841616611,0.00249156937798025,0.0142090398198715
" 9214",28,0.998941656786981,0.230470253244137,0.00228044468139219,0.0129777871809405
" 8465",56,0.948325339203337,0.140195052109427,0.000469284229815191,0.0114516445751419
" 4038",59,1.21104476144799,0.535126533682456,0.000316048562936762,0.011931173201373
" 3923",38,1.20794297133283,0.579523882229039,0.000573356786903458,0.0118441415419703
" 4626",51,1.63569628011772,0.695169491798157,0.00879508879687655,0.0150336284797352
" 4931",58,1.31611257163618,0.450646566201601,0.00298085937541568,0.0141763999214866
" 8587",50,1.02031674163955,0.195961592717328,0.00150575325439568,0.0130414557755675
" 9060",63,1.14739542749921,0.302923773168876,0.00310131963576733,0.0134733130390463
" 6410",49,1.41508390454636,0.763441569527143,0.0017087905130096,0.014187021213527
" 3810",57,1.11259873161848,0.468934503181871,0.000365850154672251,0.0114364906926099
"  517",38,1.17207375340172,0.551280774614406,0.000535473524814069,0.0118285661431782
" 8690",45,1.05090373986572,0.209441539259778,5.61864111887576e-05,0.0110167708178416
" 6530",24,0.748345391136921,0.246149860842612,0.000959212709195949,0.0122778819150179
" 3991",48,1.12804089982876,0.485190477966333,0.00030242761476979,0.011968769361539
"  503",34,1.1385915986271,0.539800680588779,0.000512062520152086,0.0118463300027736
" 3958",54,1.23706730916971,0.283231980060198,0.00440807935053616,0.0137956061647903
" 4871",46,1.15340361696112,0.299289569504845,0.00238345310190491,0.01339903429444
" 5352",16,0.868744160522186,0.115852741803378,0,0.0101559940368885
"   57",32,0.76262634695021,0.388710092553897,0.000803210287221103,0.0139449381048227
" 6771",57,1.69268814988959,0.588622977746031,0.0112411131294235,0.0151297543323293
" 6794",82,1.56800250617859,0.602204494247716,0.00495015052211861,0.0147452269059714
"15598",36,1.01294405591915,0.419865678310687,0.00178349290061284,0.0140821377429139
"11729",37,1.1604140576469,0.376098499407436,0.000698924902817727,0.0134739992643719
" 5353",19,0.879000866893625,0.116857997788119,2.51136231828538e-05,0.0101631797501144
" 6517",38,0.977424538229943,0.450011986252289,0.000540368553061574,0.0127791024816189
" 4699",50,1.26671020516719,0.415672864596699,0.00355038527064718,0.0137137325186102
" 6522",15,0.424197794654213,0.151924079271911,0.000344354595846249,0.0115199864892192
" 9432",28,1.14298207363756,0.40529262655874,0.000369681046344212,0.0127146604692334
" 9307",58,1.17474440322379,0.409506573615654,0.00096304360086791,0.0127729350409554
" 8948",27,1.06369044306914,0.140635440056775,0.00430528375733855,0.0139430331489425
"12604",19,0.537121617972187,0.111844037772488,0.00338459279217732,0.0135728059177448
" 5360",23,0.916178777032742,0.130051505327648,0.000873017646576832,0.0103780677906367
" 1455",41,1.09690698314414,0.445238332978383,0.000217722343356436,0.0110824273231452
" 7258",62,1.15302672616646,0.240231703701503,0.000758942205678446,0.0125164793627315
" 6751",54,1.20349326656211,0.47741805667411,0.000105349520978921,0.0116654567639309
" 9528",47,1.15046794341996,0.270726032406289,0.0025739335489274,0.0132496326365807
" 4531",39,1.3773738173814,0.704301634566945,0.00415992270111915,0.0146026304139801
" 1423",38,1.1174906415579,0.460764107159854,6.89560500952934e-05,0.0114935861086509
" 6952",66,1.04278364869536,0.152046634390509,0.000293914522165433,0.010439217637417
" 8974",36,1.24337444407473,0.488367426793217,0.00175518686770335,0.0136283130570529
" 9191",49,1.1085098088035,0.258648667822825,5.10785556261433e-06,0.0107549226159569
" 6267",30,1.11440861747269,0.405043964645711,0.00430421962076301,0.0142911919774403
" 3403",64,1.20314904012399,0.479696988268907,0.000667852114811823,0.012544061260143
" 4771",43,1.08004422053873,0.169718534290168,0.00199546890646133,0.0128540258616556
" 6213",32,1.07160386476347,0.59920117248057,0.00474370802646295,0.0145623138457635
" 4628",46,1.20803840355428,0.582018684825361,0.00293425019340682,0.0143725390073416
" 7440",57,1.07291183909803,0.171467016539271,0.00102838158660635,0.0114940887020097
" 6902",44,1.19606995455877,0.447381679251854,1.70261852087144e-05,0.0118110162305957
" 3845",32,0.942730983882,0.452716602471366,0.000621881414748294,0.0134389489095806
" 6900",57,1.10768561278803,0.418162807767462,0.000150894566412232,0.0114989458749964
" 9556",39,1.05423680512617,0.112823912700256,0.000316687044882088,0.0111504334043363
" 4663",41,0.935547120397921,0.324396073217132,0.00148191659510348,0.0137485573567445
" 4574",14,0.851250124742863,0.171697380861288,0.000118119159885456,0.0128139189742894
" 6548",62,1.3123780855116,0.508318220255995,0.00122226727067059,0.0134250975557807
" 6700",57,1.361392785316,0.538014527439504,0.00261862728510028,0.0141461326208254
" 7288",58,1.14709810046159,0.400567326815978,0.00035818837132833,0.0122658895510148
" 7877",42,1.2069880964803,0.312681749868561,0.00478095280660701,0.0141607834032634
" 9575",35,1.1347577431339,0.182538589423391,0.00416247662890046,0.013229070259906
" 3859",49,1.12465031453179,0.459921317534981,0.000781501901079992,0.0122078632950814
" 3533",45,1.13154631336815,0.463581259315775,0.000287316875397056,0.0110910406085463
"  255",55,1.19298472931024,0.520325318035163,0.000416928710298395,0.0126785196119536
" 9774",49,1.04194839287339,0.113930438283145,0.000412033682050889,0.0111282344031979
"10165",31,1.11766303690186,0.2444979781775,0.00696073016795268,0.0142514542127285
" 9854",69,1.02508955011238,0.112507787841225,0.000230066327632754,0.010596836813176
" 7112",56,1.01976991729954,0.108028113722151,4.2778290336895e-05,0.0101338392589469
" 6878",60,1.14775399146228,0.371898208135618,0.000826834119198194,0.0128706677125104
" 9962",42,1.151804558027,0.221160854709497,0.00184670261320019,0.0130508610311887
" 9799",24,1.22397238290089,0.370749766797204,0.0035603881544573,0.0137203471170726
" 4149",38,1.01791138062916,0.250646234970865,0.00120055888452948,0.0135446836805003
" 9957",54,1.00851473957495,0.212958943015157,0.000700627521338599,0.0117281203111016
"10399",39,1.0648539794769,0.334425737408436,0.00427208269618156,0.0143978647793237
"   45",47,1.10501016048685,0.381801863093934,0.000560799975312031,0.0119173881793299
" 9127",19,0.935011521210005,0.183999909714815,0.00347483157378351,0.0132278605575803
" 7086",47,1.13789188525177,0.427542272762129,0.000566120658189755,0.0122215078861288
" 6395",59,1.5201046332644,0.792821123878277,0.00431209423142204,0.01433519861784
"10193",56,1.08469487228349,0.189206265636627,0.00103221247827831,0.012501443037539
" 1415",42,1.05123292704331,0.352078061977417,6.49123311082238e-05,0.0108533554943098
" 4083",41,1.08663662859541,0.435435892203614,0.00307812145842046,0.0143382384490262
" 7284",46,0.947652963798317,0.115452802549539,0.00124503979338724,0.0119271203540789
" 1376",43,1.0676419410017,0.355477826840593,0,0.0104484949422843
" 5940",96,1.05925309867005,0.141188328915899,1.93672856749127e-05,0.00876372829567453
" 2302",38,1.14060684502506,0.524865045646735,0.000741916020469731,0.0137502728065388
" 8923",39,1.04030810851608,0.121037483707974,0.001105850729306,0.0113855223655642
" 5279",41,1.30190392272147,0.509099387723701,0.00589723207435335,0.0149363705734864
" 2327",57,1.44252942406475,0.599219766961164,0.00194311338694453,0.0137160189080627
" 6888",48,1.07724070902769,0.192540163706752,0.00192778982025669,0.0130780039474134
" 6800",66,1.49311132273202,0.546454569647318,0.00314282096221357,0.0139684794105917
" 4730",64,1.12666361116187,0.25471157454616,0.000672747143059329,0.0127782453044925
" 7203",37,1.16602645464152,0.267885757544134,0.00176455126956814,0.0135271930543134
" 7940",47,1.12860629937649,0.248666910964148,0.000253264504979627,0.0115899155929263
" 8583",47,1.12011251351121,0.247782023093455,2.1282731510893e-07,0.011389529872604
" 6223",44,1.42410131201719,0.823541127887224,0.000855140152107682,0.0139811330028173
" 5017",44,1.21860392029913,0.535052701083105,0.00192949243877756,0.0135752755116468
" 2694",64,1.03219825864615,0.182203088422343,0.00138869823108577,0.0126908273418217
" 2274",45,0.89531973262031,0.297168516961302,0.00251859844699908,0.0137626685119159
" 3937",53,0.986715243855668,0.370923881759671,0.00258116967764111,0.0136934944127576
" 8648",39,1.15898043311781,0.23262942463172,0.0042563334748635,0.0137800727459429
" 7874",61,1.12371481615237,0.263127347494657,0.0023451441851853,0.0133238483370967
" 4618",39,1.29519530792663,0.58864536944825,0.00470135539075627,0.014850735142659
" 2315",66,1.46608221669747,0.59938287916434,0.00486948896969233,0.0144060669261228
" 6334",14,0.505019511924363,0.118843785621748,0.0012558939864578,0.013214060330914
" 7980",94,1.05737590174209,0.120257569040966,4.04371898706968e-06,0.00869098745259009
" 8958",49,1.16321243591039,0.476209279471445,0.000428634212629386,0.0126303561484041
" 9647",58,1.04483797779931,0.131284574039914,0.00109776329133186,0.0114801364363286
" 6218",47,1.39573933928269,0.787814941985345,0.00119034317340425,0.0139241651672304
" 6698",53,1.17256084453575,0.453280958349892,0.00181094762426189,0.0137996109473129
" 8170",87,1.03886895022937,0.113814460633667,5.63992385038665e-05,0.00893374679730493
" 4335",53,1.23095337290766,0.502820049610483,0.000480564077515965,0.0125488459717395
"   52",52,1.09621029317861,0.473549540124904,0.000381173721360094,0.0127067164542204
" 8000",64,1.0637492764422,0.124454721237385,0.000267736762407034,0.0103782559437982
" 8441",69,1.04580612823049,0.112772639995228,0.000328179719897971,0.00987808529401878
" 8507",48,1.06200474916461,0.167651103668756,0,0.0101351027740906
" 9821",63,1.07931148207153,0.14229024149579,0.00128547698325794,0.012212320710943
" 9435",52,1.06298856128286,0.118055413436672,4.17141537613503e-05,0.011090167648513
" 9423",34,1.12990840560956,0.23093837066861,0.00746364111355508,0.0142691571722421
" 9574",48,1.0884784038632,0.164186187556981,0.000567823276710626,0.0126033662854555
" 9542",38,1.00850060927198,0.124224228437934,0.00220595512110406,0.0127882013244056
" 9506",40,1.04091389865339,0.116030621314667,0.000868973927589763,0.012576678824531
" 4837",51,1.30249138740111,0.504297839530148,0.00318070422430296,0.0137634232885051
" 4150",56,1.31679830975645,0.593145974654014,0.00390452992298844,0.0139915719333916
" 3967",44,1.42877465874896,0.631926580046992,0.00230385568605417,0.013721172090317
" 4009",60,1.19821447068059,0.5073408807317,0.00101433498380916,0.0122174331563346
" 5797",62,1.2987874106568,0.413076845596374,0.00513701290478425,0.0138355277928486
" 8509",48,1.05437076877003,0.164871359801032,4.32039449671129e-05,0.0101372004859421
" 8511",49,1.04614745368999,0.164324345041769,1.93672856749127e-05,0.0100155390353503
" 8673",53,1.22150740513268,0.440261836514504,0.00224277424661791,0.013711743245433
" 9971",46,1.00898570273805,0.132549182446106,0.00120651804935253,0.0120724720848205
" 9729",40,1.04737902920203,0.256821278479797,0.00233450281942986,0.0132747829538065
" 9654",57,1.15646350948108,0.140415224666101,0.00223340984475312,0.0129282635484511
" 9592",28,0.692710361650816,0.103650798848144,0.00165962740321944,0.0129441289637828
" 4800",26,0.584109946227771,0.0972849442742344,0.000630181680037543,0.0121657863768391
"  902",45,1.1039529435924,0.501311461540563,0.000904090434582736,0.0130271291997711
" 7710",39,0.941455763856946,0.157077907943913,0.00150724304560144,0.0122903121973398
" 9621",43,1.05299310853933,0.119112820377046,0.000267523935091925,0.0116511785264598
" 8695",35,0.910429486316757,0.385171202215084,0.00133719402082941,0.0135123756710331
" 7851",40,0.813692585592999,0.304935499618612,0.00084556292292778,0.0133468986592444
" 8075",67,1.05834569519018,0.182201869676617,0.000133868381203517,0.0106148692298164
" 5039",37,1.13590166570326,0.433393104262017,0.00127292017166651,0.0127230574287418
" 2297",54,1.38131799446505,0.587501953411783,0.00330095165733951,0.0139054333565843
" 4853",61,1.20372366636639,0.370779497021588,0.00204143960652486,0.0133450985123893
" 2288",45,1.31269346041056,0.596930551691949,0.00143552024040974,0.0139957399990122
" 5131",56,1.29994791211127,0.520438915161271,0.00217317971457729,0.013609225570184
" 4546",38,0.761453264127263,0.284296685680516,0.000738510783427988,0.0127777079776849
" 7078",46,1.17152975118153,0.368798808286909,0.00189671703225079,0.0135677821860653
" 7993",43,1.16250141346023,0.368983485907263,0.00136358460790292,0.0130194485272887
" 9085",65,1.03993987230743,0.158181358088887,0.000765752679761931,0.0120602511086017
" 2198",37,1.13529400757334,0.507890308277716,0.000687219400486736,0.0134835088043937
" 6759",40,1.14543582378655,0.420493611686912,0.000398199906568809,0.011929862713708
" 4779",41,1.09501642846797,0.322028990108212,0.00407585591165113,0.0142589820265919
" 6895",62,1.08338098228795,0.169813202464576,0.000349888106039081,0.010404675522726
" 7079",44,1.14820506903334,0.392910233482851,0.00148340638630924,0.0136404979051949
" 5570",41,1.01458830258921,0.370405484597768,0.000790653475629676,0.011193746410416
" 5224",50,1.03162089784966,0.122622504436468,0.000690837464843588,0.0121236654319795
" 7787",46,1.16874479290036,0.456768092600775,0.0017945599209985,0.0142313498353816
" 8674",33,1.04782440585128,0.260267078037669,0.0041039491172455,0.0136611309675178
" 6723",35,0.858278839557725,0.271420917215029,0.000549732954926367,0.0126982216561359
" 7395",33,1.06508120467626,0.212956908477895,0.00245411177052108,0.0135886295958506
" 3932",57,1.14533178510582,0.321488673111833,0.00463580457770272,0.0144820047414962
" 6037",61,1.10608172776855,0.43512316666179,0.00038394047645651,0.0112348382769984
" 4863",46,1.23426820787077,0.506562499392569,0.00232982061849746,0.0137275827727443
" 7075",47,1.21755377573257,0.428694191004472,0.00166452243146694,0.0133078800455791
" 4866",85,1.08899307273451,0.170955754198978,0.000134081208518626,0.0102143873811057
" 6036",48,1.01210424221969,0.413342929316463,0.000311153534689256,0.0112262297956633
" 6476",50,1.11151633739719,0.452267061184169,0.00102689179540059,0.0133611213634835
" 8241",37,1.16838237566178,0.641578199293841,0.00100688602778035,0.0126358696703078
" 6872",51,1.05019422184214,0.289765224904135,0.00514403620618285,0.0138133177111227
" 1909",41,1.08323595768267,0.359732785863177,0.000237728110976675,0.0122108773157947
" 6556",45,1.29675965502452,0.460968183990552,0.00212593205062311,0.0139444478801886
" 6869",53,1.4160103667673,0.63183092976125,0.00352016379190171,0.0145066670081403
"10169",63,1.03561290059891,0.16424376962399,0.00135102779631149,0.0122341716194575
"   26",30,1.0422758507286,0.398280775633254,0.00238877378478263,0.0141012536531766
" 6787",52,1.20651952105662,0.4249527573854,0.00125674529571823,0.0134836849144439
" 7250",42,1.13126568214508,0.374572774887204,0.00165281692913595,0.0137212514685648
" 7409",62,1.32571118652765,0.54953150618209,0.000349675278723973,0.0124701526499998
" 6778",66,1.05118891734187,0.283947138944705,0.00174433267463279,0.0135703083817056
" 2615",47,1.38395403359232,0.525701628870578,0.00412587033070172,0.0140692100578973
" 7126",16,1.06866910515439,0.279958857182594,2.1282731510893e-06,0.0124925113565896
" 7040",41,1.28001609458139,0.507685858556039,0.000446937361728754,0.0129267277193089
" 9400",46,1.06883009224559,0.191314101647196,0.0014035961431434,0.0126220699435612
" 9846",55,1.22755936599927,0.349673416384861,0.0063892888268852,0.0139857444233895
"11283",40,1.22852946690074,0.480104452373328,0.000537814625280267,0.0134054468628659
"  948",54,1.16792750483185,0.432784196268446,5.70377204491933e-05,0.0125455435934784
" 7997",86,1.05063845452636,0.118346491390933,2.21340407713288e-05,0.00875870349249262
" 4077",63,1.38309440700757,0.516525845260302,0.00292041641792474,0.0140357287008728
" 6783",81,1.09293061313414,0.178666590832028,0.00018494693682966,0.0104507980229918
" 6883",56,1.09397340226148,0.181529941581352,0.00207400218573653,0.012622282554015
" 9489",62,1.06181827070927,0.115855061862331,0.000180903217842591,0.0112251267450123
" 9383",48,1.0283064551846,0.110601138158558,0.000487161724284342,0.0114993305564263
" 9225",36,1.15035074675835,0.228240978690911,0.0021091186927295,0.0134141055065845
"13663",42,1.06194065500283,0.16225334187078,0.0040062613796105,0.0132291745530532
" 8508",49,1.06613489846011,0.166887788693201,2.1282731510893e-07,0.0101006715943401
" 2210",34,1.00095711907289,0.43873284043672,0.000396284460732828,0.0132230310062204
" 5802",80,1.12564341251448,0.180426529781824,0.00128164609158598,0.0105164506591496
" 4200",8,0.285148879982388,0.0786148112921496,0.000428421385314277,0.0122777315157587
" 6950",71,1.05880792204661,0.146900989093174,0.000324136000910901,0.0103481010939838
" 9193",53,1.11307136949933,0.263854687937008,4.53322181182022e-05,0.0108886736620057
" 7275",38,1.25347407487035,0.408252012439631,0.00397220900919308,0.0137822478132836
" 7180",68,1.12261324209889,0.213829936460182,0.000293488867535215,0.0110948288454444
" 7740",22,1.05805332971104,0.256082769259607,0.00139529587785415,0.0133392976635697
" 6678",55,1.06339802317381,0.279988287362901,0.00189054504011263,0.0128492399470016
" 2303",56,1.40916905627765,0.591495088327112,0.00477201405937244,0.0145513771486846
" 2242",51,1.27990880747229,0.551983892986995,0.00105647479220073,0.0136512142885663
" 5063",44,1.22532337595017,0.479105099819346,0.000417992846873939,0.0122212227695556
" 2391",50,1.24975884234498,0.580015806229733,0.00595171586702124,0.0148028055178226
" 2356",42,1.36262609310661,0.649844991816107,0.00614368610524949,0.0150698801082343
" 4868",58,1.08793696788538,0.131737814363051,0.000167707924305837,0.0108380171191282
" 8924",41,1.04261513064634,0.123926699560311,3.02214787454681e-05,0.0111383019486814
" 4954",47,1.24173679914948,0.666232174450908,0.00165090148329997,0.0138984352156992
" 5416",40,1.19717918682029,0.439223191027276,0.00540602663108194,0.0141429114620135
" 1526",39,1.1016259933913,0.371841961646136,1.40466027971894e-05,0.0106141802539604
" 5090",36,1.09399464368232,0.435504475991707,0.000349249624093755,0.0126325781387465
" 4896",35,1.15726434279951,0.391621713458279,0.000114713922843713,0.0134124347554106
" 6859",60,1.18576843066142,0.379756946808771,0.000916008764228836,0.0124439379853306
" 7942",50,1.15790037799891,0.256220958443408,1.78774944691501e-05,0.0114009113459549
" 8543",59,1.18399309605445,0.255570438586431,0.000907921326254697,0.0116306752590654
" 9276",30,1.17066080956781,0.44432830468604,0.000430549658465366,0.0127868172374075
" 6701",48,1.29113399759932,0.53843549578726,0.00252881415812431,0.0142453762465872
" 8698",47,1.07280149528736,0.216722219623189,4.46937361728754e-06,0.0110417085350865
" 4895",36,1.14595863984748,0.384061005193479,0.000189629137762057,0.0134428976632422
" 7252",55,1.3706248335662,0.547172158406856,0.00289466431279656,0.0138576441499938
" 3861",52,1.11797809086962,0.451775195292136,0.000125780943229378,0.0113927589641419
" 4202",58,1.3154965323212,0.508651099395155,0.00357358344799405,0.0148896878134956
" 7255",54,1.23087950253303,0.385847053657263,0.00126930210730966,0.0131009985742756
" 8602",60,1.04883101696969,0.111323265528654,0.000225809781330575,0.0106982293684423
" 6251",44,1.1682461919938,0.443612287790364,0.00236344733428467,0.0140591753745109
" 6940",14,0.901817954900126,0.328140268516323,0.00604940360465624,0.014462493983965
" 6730",49,1.2216524488325,0.397911425689802,0.000356911407437676,0.0122034854802288
" 9305",52,1.13765575052197,0.433149029116509,0.000420121120025029,0.012585732665398
" 9125",43,1.17236951023737,0.47046567182754,9.57722917990187e-06,0.0114210081912938
" 8415",50,1.34132018880144,0.69386457984176,0.000724889835261017,0.0128549235795075
" 5987",46,1.22526092022282,0.410538492497377,0.000303066096715117,0.012405490528259
" 6970",40,1.14717987977974,0.400019599308333,0.000629543198092216,0.012900099734242
" 8717",54,1.01240736392519,0.127170033949704,0.000645505246725386,0.0116115185678918
" 9148",41,1.23080383035291,0.468874992968803,0.000450768253400714,0.0123292709874025
" 7037",49,1.20354700178512,0.352296382560445,0.0028835972924109,0.0131217309860065
" 4843",40,1.10901705076204,0.303725462671925,0.00221276559518755,0.0136352439412777
" 6864",55,1.1904027214206,0.445850950669994,0.000687645055116954,0.0123784059699249
" 7458",35,1.02731345424664,0.370079857576455,0.00147914984000707,0.013178606571854
" 3987",46,1.10862640604894,0.482766595475656,0.000460771137210834,0.0121744754910619
"  833",35,1.05087509230647,0.363014256743623,0.0012131156961209,0.012128998910218
" 8312",46,1.12724124881443,0.581857777756456,6.55508130535505e-05,0.0115237773911198
" 8199",32,1.19769036507274,0.659176749978714,0.000472263812226716,0.0130397872305274
" 6718",37,0.990552561228145,0.417053478369001,0.00206910715748902,0.0142376148186482
" 9117",38,1.08103991025424,0.347283614090326,0.000997308798600448,0.0129122638052415
" 9320",49,1.05124513848487,0.127358191351653,0.000289019493917927,0.010413179230151
" 7480",53,1.30366916709345,0.380015932077267,0.00146659302841564,0.0132477402599459
" 9468",42,1.08135189345367,0.188664834901875,0.00157556061375141,0.0129731729976669
" 4813",74,1.30186319623377,0.522094741829164,0.000424377666327207,0.0127281128647502
" 4020",58,1.14507937063265,0.465183130783218,7.76819700147596e-05,0.011099453405644
" 7091",39,0.964090532165829,0.344734260724747,0.00134762255926975,0.0131484529651318
" 7345",28,0.946558210530521,0.263802312027058,0.000806828351577955,0.0128386855174761
" 9546",55,1.11396406360706,0.24610692736017,0.00162600068743223,0.012990674272951
" 5281",46,1.16245559768745,0.36943045167295,0.00193672856749127,0.0134424472743869
" 5384",34,1.03950834909896,0.262171297085496,0.00271737915931082,0.0136972515854202
" 7331",50,1.10187071551183,0.279176903860577,0.00375469949315175,0.0129303332863192
" 4823",93,1.04902053978135,0.141198734341529,3.89473986649343e-05,0.00891836004356902
" 7122",58,1.30753516690258,0.546767045152915,0.000583359670713578,0.0133118129955461
" 6686",51,1.02825173124976,0.363908120979548,0.000968577111060742,0.0128481642630468
" 6891",46,1.05828774114802,0.184407828488761,0.000149830429836687,0.0126457724527212
" 3502",47,1.12934084180768,0.460018192842358,0.0011128740307046,0.0126001640388061
" 3657",53,1.17486677004421,0.289219267369842,0.000957297263359969,0.0129880887132194
" 6909",30,0.971527919902341,0.21181452104487,0.00165175279256041,0.0134820421900171
" 8051",74,1.04488677791134,0.150236675100862,0.000185372591459878,0.0102455370094578
" 5068",29,1.09056251846818,0.42121350615422,0.000287742530027274,0.0124468072068259
" 3719",52,1.06826776326002,0.410965279306042,0.000459919827950398,0.0119453436941785
" 5335",36,1.07263656857224,0.465165538760996,0.000501633981711749,0.0134497567371252
" 1476",26,1.24325074122054,0.50964653680041,0.00350186064280234,0.0126433510546106
" 8501",44,1.09051038103268,0.378700386273825,0.0028001689848882,0.0140351243354724
" 7408",61,1.04151978958819,0.138097882204368,0.000771286189954764,0.0122056108161094
" 8615",42,1.05822857085497,0.111426011285831,0.000186862382665641,0.0112407571545681
" 9095",20,0.73264927023431,0.204374623713571,0.00132527569118331,0.0134237743140075
" 4063",57,1.27105481352186,0.516509824495059,0.00203611892364714,0.0132828921322288
" 7264",52,1.23457112009485,0.435733704333858,0.00190544295217025,0.0132059074477808
" 7962",56,1.25597881555214,0.426060890985017,0.0027669679237312,0.01391493795905
" 8955",49,1.18731241130389,0.469403331261556,3.40523704174289e-05,0.011677821053013
" 8904",50,1.29612547525967,0.496826727252875,0.0014895783784474,0.013573871331695
" 9283",34,1.20236055082456,0.421948485367144,0.000814915789552094,0.013026777431307
" 9375",52,1.25515292529105,0.469706695215094,0.00119587668359708,0.0128629074185336
" 9023",45,1.17423201564901,0.457910690289295,0.00202930844956365,0.0133469564584545
" 7254",40,1.33704859756991,0.464686581074996,0.00575697887369657,0.0144267230381503
" 8728",75,1.05494261851886,0.133560784251067,0.000824918673362214,0.011081529121789
" 6901",48,1.1327111511143,0.426361975557231,0.000166856615045401,0.0116635176128882
" 8964",40,1.10823932794349,0.336665043146038,0.000898982579020122,0.0130810068989983
" 9012",69,1.09494709198131,0.220929012554063,0.000593788209153916,0.0114364911410657
" 9051",49,1.17092171361466,0.415711792951533,0.000325412964801554,0.0127781741771939
" 8921",40,1.01615980354881,0.119591418537002,0.000120673087666763,0.0110031223225356
" 7116",41,1.04458861324999,0.388980355344905,0.00041394912788687,0.0120541695315108
" 7261",55,1.13184221047012,0.349244006306822,0.00163855749902365,0.0132452557344289
" 8215",36,1.16012865603344,0.664246194939078,0.00064869765645202,0.0127590486635375
" 4026",32,0.770685754200914,0.258251167473748,0.000436295995973307,0.013006613141768
" 6974",40,1.00877702816285,0.420241737562516,0.00108648344363109,0.0141748735239944
" 6854",45,0.860900022319572,0.173070136692091,0.000725315489891235,0.0125848062562206
" 4822",42,1.04348031422687,0.285385445507214,0.00261245529296212,0.0134504487000209
" 5339",39,1.06819561130124,0.231896987280483,0.00139380608664838,0.0119834896080398
" 3439",51,1.15775791360971,0.409488315271776,0.000283273156409986,0.0129121702020776
" 1904",46,1.24347113603133,0.565339357415161,0.00329009746426895,0.0145829694918706
" 4082",55,0.995834686587312,0.153901552798831,0.000301789132824463,0.0118586715286259
" 7653",59,1.24233565430249,0.3286969511514,0.00379088013672027,0.0137660135072265
" 7954",66,1.06394870265761,0.228735313929609,0.000180903217842591,0.0112951924508287
" 5338",27,0.904012106452683,0.218556089692893,0.00136975660004108,0.0119690552592043
" 7941",39,1.0106144982005,0.196784002858402,0.00114969315621844,0.0121511437957143
" 8510",85,1.0631528752833,0.117912770360578,2.83060329094877e-05,0.00979798228599681
" 7933",43,0.957625014445866,0.145801108725339,0.00387622389007895,0.0130162328684649
" 6712",87,1.06115417197819,0.142624343007635,1.08541930705554e-05,0.00887466576213285
" 9149",39,1.12727523927335,0.422622830703709,0.000430975313095584,0.0121435844106321
" 6720",78,1.00953474502252,0.140525193647408,0.000118331987200565,0.00946154172477577
" 4775",57,0.895780845419574,0.138444938907847,0.000296894104576958,0.0106689499442647
" 7241",44,1.02581919889548,0.144289017986424,0.000583572498028687,0.0116228325608194
" 7130",52,1.05875715051221,0.182768939978064,0.00140742703481536,0.0121342684193017
" 7754",32,1.24455436519084,0.435038396989089,0.00469220381620659,0.0144180625438995
"  874",45,1.09313910895315,0.359178853708653,0.000127696389065358,0.0110653352883152
" 7207",73,1.0350881611935,0.194094246298179,0.00193460029434018,0.011550844488071
" 8632",48,1.03475260540333,0.109457106400857,0.000510998383576542,0.0110368511779113
" 7861",49,1.23015902598904,0.458966741438509,0.00043778578717907,0.0129414051880427
" 4794",55,1.15454981082183,0.27104766708506,0.00191097646236309,0.013499204388629
" 8989",48,1.04107769919449,0.106446245984037,2.93701694850324e-05,0.0108383770920032
" 1444",43,1.07857901008512,0.409868236687644,3.85217440347164e-05,0.010734032738501
" 3456",49,1.14124933982782,0.458645398186454,0.000415013264462414,0.0124973099754182
" 5712",98,1.06129954098132,0.128339903404632,2.76675509641609e-06,0.00863962322319573
" 9313",38,1.2012592918069,0.342293213863867,0.0018207376807569,0.0137781744796447
" 8544",60,1.0339867057317,0.203527732042027,0.00130910081523503,0.0123557975409012
" 9176",53,1.22464882447319,0.452455904477702,0.00134740973195464,0.0133807148458645
" 9028",35,1.11532056209347,0.193703498924265,0.000847478368763761,0.012446762547822
" 9478",38,0.959684302236063,0.330354999162297,0.00171730360561396,0.0133164505213051
" 9182",27,1.06926255751596,0.205770296494535,0.000843221822461582,0.0124786541317552
" 1410",36,1.06723662810716,0.405980306225278,8.51309260435721e-07,0.0104849695238002
" 5714",100,1.04527493652401,0.124837143920793,2.89445148548145e-05,0.00875341175144936
" 4828",88,1.04003394711785,0.147314780966255,0.000276037027696283,0.00934741666516339
" 8459",37,1.06408230581348,0.140754921892379,0.00353931825026151,0.013495814310318
" 8629",46,1.05819593850193,0.129979144186223,0.00133187333795169,0.0125040919436365
" 7714",54,1.21374314853945,0.472339851378104,0.000230491982262972,0.0117184812083728
" 7257",55,1.11803839657338,0.330793408152752,0.00068445264539032,0.0130655898754834
" 4859",48,1.05402249425939,0.214306296033122,0.000712971505614917,0.0127939952087233
" 7711",46,1.01181172156701,0.314753277834897,0.000397561424623482,0.0122339781815959
" 7273",35,1.12919890178058,0.35763021164184,0.00226490828738924,0.0139540912025517
" 6774",34,1.17381382295668,0.318808676645222,0.002797827884422,0.0133777770453967
" 9131",34,0.975704756708477,0.156960210477829,0.000292850385589888,0.0112727945290774
" 8646",28,1.07805194164383,0.201303035541275,0.000444170606632338,0.0122625629762858
" 8993",29,0.894959003318403,0.182630261690733,0.000488651515490104,0.0119479607022226
" 9287",15,0.905655095743043,0.146475907076117,0.000352016379190171,0.0130040711316603
" 7242",32,1.25814022389193,0.468634723669655,0.000653805512014634,0.0133228130774727
"13266",20,0.361507512307356,0.0779009386892296,5.7889029709629e-05,0.0116620684563821
" 7113",51,1.02321640588316,0.106568772212418,4.02243625555878e-05,0.0100075007556108
" 8701",57,1.09953443658486,0.224725602075052,1.02157111252287e-05,0.0114606552498948
" 9237",28,0.903323167350376,0.36121648618842,0.000958361399935513,0.0132761761798067
" 6741",56,1.33421889420617,0.499389505443743,0.000920690965161233,0.0132912175165511
" 6852",61,1.5800377695482,0.705502399432971,0.00551754814419902,0.0147963682763807
" 9054",35,1.09329156754029,0.383472335905269,0.000818959508539164,0.0129924664181935
" 8523",10,0.252387425313814,0.0554188538344973,0.000241346175333527,0.0115292881413575
" 7964",39,1.26123308929258,0.422086737793287,0.00110265831957937,0.0136233569292572
" 6729",57,1.17602352645587,0.439108948183263,0.00010939323996599,0.0126222791996015
" 9568",73,1.15917079912738,0.397703978015746,0.000188777828501621,0.0122063505436735
" 7970",74,1.04552569341868,0.121895886957045,0.000104711039033594,0.0101368687292906
" 7027",21,0.920439337771354,0.240362971076252,0.00096112815503193,0.0127900835607714
" 8573",48,1.15505199219276,0.246438389211379,0.00228746798279078,0.013370057055024
" 8931",63,0.996434343704016,0.165915664273012,0.000345844387052012,0.0107254479052718
" 7017",56,1.23574829892695,0.414884770635614,0.00268651919862003,0.0136177142505079
" 7912",67,1.05417145684568,0.112947005336642,1.06413657554465e-05,0.00994522286659855
" 9636",55,1.24160261607258,0.509030460044448,0.00262032990362115,0.0140419229145485
" 7755",72,1.0719290682852,0.147783437673865,0.000683814163444993,0.0115028418816123
" 7028",49,0.977841143074403,0.123381420597857,0.000575485060054548,0.0117994439278659
" 9559",24,1.1238226759885,0.372007355956553,0.00230023762169732,0.0137628378841642
" 5061",29,1.09092963291955,0.423036214909297,4.44809088577664e-05,0.012348367779499
" 7761",33,1.08986191381666,0.382010354024963,0.00127717671796869,0.013099718948186
" 4834",41,0.855856619471339,0.262285474355637,0.000695945320406202,0.012353337083434
" 4797",45,0.991614231144978,0.148224403575631,0.000494185025682936,0.011887096549412
"11732",40,1.23570080013189,0.399670047490563,0.000280932055943788,0.0134984684621582
" 7213",29,1.24317950400342,0.458043142735646,0.000366488636617578,0.0130135147875586
" 7287",52,1.07187459141412,0.273400405254137,0.00274462105564477,0.0125493855399833
" 7708",37,1.03635355926088,0.226777726071742,0.00691007726695675,0.014415935103761
"11736",36,1.15150908916488,0.354247800529829,0.00117182719698977,0.0134418826439345
" 4593",48,1.10912925399391,0.465246905266115,0.00163536508929702,0.0138221123676638
"  909",43,1.09845166482105,0.352725547197458,0.000705309722270995,0.0118330801631237
" 8613",39,1.05521047188002,0.330389629461943,0.00159450224479611,0.0132535651083049
" 9301",39,1.24449315569139,0.472097083186372,0.000577613333205637,0.0127996203790944
" 9323",35,1.02949076379428,0.325520917891132,0.00130420578698753,0.0131628970939827
" 7791",55,1.02789490811533,0.155567805701743,0.0020782587320387,0.0118800172042739
" 8935",52,1.14754245590408,0.452461073677242,0.000506529009959254,0.0123630365091964
" 6752",47,1.19482892794218,0.485360220596814,0.000244538585060161,0.0116630340279072
" 8704",48,1.03102184588246,0.202428274460602,6.81047408348577e-06,0.0112896281322297
"12592",38,1.16297785544287,0.476185912749805,0.00393198464663749,0.0142766833574079
" 8558",45,1.02914595048849,0.109984605693631,0.000344567423161358,0.0108871141291976
" 7405",49,1.04112783972743,0.107730863634317,0.000102369938567395,0.0114479732125966
" 1425",37,1.04494407145766,0.348615209463973,0,0.0108575848429995
" 8434",15,1.01679230814215,0.279538511074181,0.000414374782517087,0.0128114239779441
" 9269",28,1.1378639536442,0.437804102104062,0.000786184102012389,0.0130194468289915
" 8505",31,1.17239875384055,0.391422131862219,0.0022617158776626,0.0135361430460202
"10505",43,1.02573605001574,0.146453102734812,0.00277846059874709,0.0129982410692535
" 1870",43,1.21139918693801,0.564309968949686,0.00171943187876505,0.0141006914987814
" 7698",43,1.00263505848601,0.296566302736327,0.000875997228988357,0.012630163811959
" 5244",39,1.15704100732631,0.401388921760455,0.00131825238978471,0.0132645647052435
" 3504",40,0.987748708874672,0.402929424765013,0.000385855922292491,0.0123030393185533
" 6731",48,1.12053830204594,0.3576635795648,0.000791504784890112,0.0128483383422054
" 7871",14,1.11138920956233,0.290511200000855,0.00114671357380692,0.0128525213584001
" 7336",37,0.945826194457115,0.33513587822617,0.000425228975587643,0.0127555866137832
" 9284",60,1.25255908117788,0.423615582704806,0.000734467064440919,0.0125164233280897
" 8358",60,1.41039332711753,0.575840058311979,0.00414608892563707,0.0145264207838862
" 7943",49,1.09453593566507,0.143931003026805,0.000790866302944785,0.0118508638139399
" 5118",34,1.16993405599839,0.467776289664868,0.000521001267386662,0.0131179582480395
" 6903",43,1.22897283110693,0.495088161260946,0.000600385855922293,0.0125233197753703
" 7004",50,1.15707497803393,0.352855641188304,5.32068287772326e-06,0.0117003218092213
" 6948",40,1.25946386118167,0.41291450341417,0.00212593205062311,0.013706555411234
" 6867",51,1.30581820011593,0.482491998399136,0.00326477101377099,0.0137269253003732
" 8454",45,1.34341410697812,0.461952957988275,0.004272934005442,0.0139781926271278
" 7225",44,1.14615666754074,0.345739756962209,0.00101390932917894,0.0130855564639721
" 4014",49,1.04531251082062,0.419701418668896,0.000418205674189048,0.0116512342146822
" 6982",49,1.15530624413196,0.351787942688402,0,0.0117467382251341
" 6941",33,0.889556594597172,0.26227683423498,0.00257457203087273,0.0129974798365435
" 8715",45,1.04540677033895,0.218639126966345,0.00439445840236919,0.013837156708823
" 6484",51,1.41496547121157,0.810594123911948,0.00185351308728367,0.0141462189177332
"  439",29,1.14460933192313,0.501261841684402,0.00013727361824526,0.0114066583970696
" 8052",41,1.11584780999895,0.402807278996518,0.000359252507903874,0.0117642769391603
" 6998",49,1.15739414196352,0.352299310553089,7.87461065903042e-06,0.0118456373759978
" 6745",44,0.990234355745087,0.186834583706847,0.00093516322258864,0.0122132933113008
" 7038",73,1.04103573296232,0.122696350107107,0.00016706944236051,0.00951100888457164
" 6906",46,1.08716130955697,0.153508526657212,7.66178334392149e-06,0.010566848751981
" 6962",46,1.05423070154056,0.17022249427021,0.000284762947615749,0.0107205955760747
" 8608",44,1.20258816690327,0.442238002871426,0.00112543084229602,0.0137767640059464
" 7387",43,1.12525263942295,0.204311255375996,0.000460345482580616,0.0119917657062407
" 1883",34,1.54713263761979,0.810766949047077,0.00769860246943534,0.0146898695343834
"  418",35,1.15525773774132,0.500003274675523,0.000152171530302885,0.0114230131895599
" 7445",61,1.27624728149486,0.385770521755411,0.000305620024496424,0.0123398584280035
" 7678",68,0.965221002794872,0.231564895115763,0.000307535470332404,0.0116633987364759
" 6898",45,1.04869036447898,0.14261111124204,0.000519511476180899,0.0108034576676897
"  453",32,1.13509822743952,0.48979266034285,0,0.011303382074417
" 7066",85,1.05854878185,0.142606827026518,8.44924440982454e-05,0.0092569668550441
" 8090",31,0.671127882132743,0.203133244607864,0.000879189638714991,0.0134521283877218
" 7988",31,0.973421060381434,0.284872564410498,0.00203675740559246,0.0139569745915285
" 7188",46,1.15876662178302,0.336028520396195,0.00143190217605288,0.0131763745608778
" 7894",33,1.11302792711497,0.313383650149548,0.00175220728529182,0.0137827960840465
" 7210",40,1.06459274614022,0.185586112572537,0.00165324258376617,0.0109797024159206
" 7100",23,0.94932816568773,0.180518669105908,0.00083960375810473,0.0125944354873471
" 8968",47,1.07196884050703,0.134959496110973,0.000803635941851321,0.0119578572824889
" 8677",39,1.1270881949143,0.264882158795094,0.00496249450639493,0.0135082697241247
"  436",32,1.05471365609723,0.462058189519424,1.42594301122983e-05,0.0111947845718601
" 6744",41,0.952736938226524,0.239576470763216,0.000956658781414642,0.0122866681109215
" 7448",60,1.1965391887942,0.371022526333473,0.000995393352764467,0.012792621412551
" 8387",43,1.20520132415419,0.60931053009554,0.00136975660004108,0.0138480338706227
" 9861",44,0.992106653250101,0.103744429000812,0.000171325988662689,0.0105027261156673
" 6736",45,1.1143907358996,0.436522629055034,0.00143807416819104,0.0135551496976272
" 8579",47,1.270748496843,0.520080051311582,0.000871740682686179,0.0132842241507125
" 7705",50,1.17228623981001,0.405544879139338,0.000414161955201978,0.0124899292738952
" 7697",64,0.984610379495211,0.126599314200841,0.000336054330557001,0.0110876310029968
" 9185",43,1.30855204602971,0.540655103882304,0.000859183871094752,0.0135288926918319
" 9403",36,1.10794611441365,0.38343989426179,0.00169772349262394,0.0132164484768428
" 9479",38,1.07886435836048,0.382864532700316,0.00117672222523728,0.0130334843058059
" 6573",35,1.08930668829217,0.520997553211307,0.00145361056219399,0.0133609821793969
"  938",50,1.13688229107673,0.484536971764823,0.0018803293289874,0.0132767717894447
" 8499",25,0.823224663256066,0.303095640048134,0.000719781979698402,0.0127469564059286
"15168",47,1.36123231293516,0.531286433024128,0.00437381415280363,0.0142738290902206
" 3974",20,0.347297081367488,0.0880594039680614,5.98044755456094e-05,0.0108301381045875
" 7793",24,0.558771672894062,0.207479203578416,0.000514616447933394,0.0127199248050807
" 8524",44,1.03377788593963,0.158969084887225,0.000145999538164726,0.0100187403723531
" 8692",48,1.05308402881449,0.17763986110345,0.000853863188217029,0.0110660111192035
" 7470",51,1.28345737316576,0.481910495114267,0.00163110854299484,0.0132396447146238
" 8063",28,1.02342360963728,0.206169662499442,0.00501548850785705,0.0135075562222276
"12544",60,1.39395243120775,0.544272079617539,0.00220042161091123,0.0141079335544786
" 9206",24,1.10704980857184,0.392193336049482,0.00207251239453076,0.0134636984557828
" 7074",55,1.0211182983754,0.16535561609442,0.00139295477738795,0.0119698038545709
"10349",19,1.14120468964685,0.269459625311047,0.00122205444335548,0.0137835440180065
" 7935",91,1.03057593577788,0.119438065060744,0.000174944053019541,0.00906278741591339
" 1740",42,1.11279403084397,0.361567397749118,0.00020899642343697,0.0114406190955959
" 5051",40,1.20306441569797,0.428297736861221,0.00102902006855168,0.0121053403234284
" 4873",42,1.14907970442737,0.354106492424555,0.000764688543186387,0.0133803132764812
" 7376",43,1.12169605275628,0.347720334210655,0.00504464585002698,0.0139774932029652
" 6855",53,1.00391551060817,0.232203907562768,0.00106945725842237,0.0130548222706052
" 8951",56,1.19708754926757,0.416442281773527,0.000475881876583568,0.0126628960595402
" 7946",53,1.17717003704322,0.267267943104609,0.0009151574549684,0.0115458459232806
" 9013",68,1.09402739241746,0.210439691006277,0.000792568921465657,0.0121297278750077
" 9271",38,1.14102462693282,0.438099725950664,0.000219424961877307,0.0128108105897569
" 9070",41,1.1611608257126,0.311816046102169,0.00401647709073573,0.0138403524663831
" 6899",38,1.03894006357071,0.400686521775448,0.000797251122398053,0.0125455141369059
" 8609",54,1.07635456314522,0.252067411697154,0.000674236934265091,0.0119667385951752
" 8652",38,0.993274600443714,0.108749854801924,0.000207293804916098,0.0113815955170851
" 5081",34,1.07291693632135,0.40304955734199,5.61864111887576e-05,0.0117315762322197
" 9226",41,0.956489736249263,0.259772234971743,0.00277718363485643,0.0133666863558621
" 8666",20,0.307681653463727,0.101762391573426,2.23468680864377e-05,0.0110694578891273
" 7054",34,1.04338024761437,0.223793955691905,0.0016611171944252,0.0128969150040115
" 6428",48,1.45792732032597,0.817792169624227,0.00384046890114065,0.0144870841075411
" 3151",43,1.20744584846519,0.458821852371918,0.00457387182900602,0.0131057615808476
" 6894",60,0.824548021487069,0.145116200027003,0.000689560500952934,0.0120309432369226
" 8610",53,1.08402376983416,0.251032412520583,8.68335445644436e-05,0.0113122767893012
" 3089",52,1.26745681352762,0.501981574736281,0.00230513264994482,0.0140096833525429
" 8960",55,1.16419917610307,0.26398927451881,0.00095495616289377,0.0118525186180269
" 7736",41,1.10396209074359,0.388106025752955,0.00260905005592038,0.0135026135269136
" 4851",47,1.15633596206054,0.395032918658619,0.00028859383928771,0.0122663724575389
" 8516",41,0.98723111714458,0.161820781601749,4.51193908030932e-05,0.0100900995514964
"13788",13,0.851431205516773,0.134862125210026,0.000440339714960377,0.0119424262853941
"14043",23,0.952929827257456,0.161377205439734,0.000485671933078579,0.0119415343967771
" 9543",53,1.14669049603839,0.433726601794432,0.000894726032717943,0.012525333820411
" 4192",35,0.753429915662309,0.243859640782923,0.000421185256600573,0.0122238794743351
" 7133",10,0.695646885534713,0.173161303571286,0.00339438284867233,0.0140562024516587
"  861",24,0.726000012740637,0.24047550048632,8.53437533586811e-05,0.0114039390687401
" 8411",45,1.19016284701992,0.546896905386434,0.00076405006124106,0.0132268568070828
" 8547",41,1.27667371290558,0.538446004751849,0.00303704578660444,0.0140147040216532
" 9141",48,1.21503604691493,0.537416178621313,0.000692114428734241,0.0131141414573347
"  955",53,1.2421463347781,0.469923571587144,0.00193311050313441,0.0130067213533779
" 8706",28,1.15170285870634,0.352789072253232,0.00136273329864248,0.0132281691132549
" 5769",44,1.30269356831437,0.552497846521934,0.000867271309068891,0.0125340739187413
"12148",6,0.397675976855365,0.133013141278648,0.000753621522800722,0.0130701594372762
" 7918",14,1.17048611219614,0.345197125319944,0.00192140500080342,0.012970957693237
" 8627",37,1.08148125339023,0.330285817604545,0.000649974620342673,0.012513870522123
" 8599",57,1.04110169564509,0.106595033934284,3.32010611569931e-05,0.0100998059961908
" 9538",41,1.2020663083875,0.346246621135244,0.00253136808590562,0.0132842760542631
" 9723",34,1.04892175113158,0.131318511994722,0.00601896929859566,0.013466649150881
" 5764",44,1.13543677138141,0.501918805428097,0.000667852114811823,0.0124544977354423
" 5235",52,1.2709918270317,0.461458511452189,0.00190139923318318,0.0135726920964883
" 6897",66,1.07054099165977,0.166290547367785,0.000456088936278438,0.0103952421495104
" 7758",27,0.617416534784885,0.175573927627415,0.000712545850984699,0.0127560919836122
" 9142",31,1.18825428711818,0.452436706334787,0.00191076363504798,0.0142197212432793
" 6737",49,1.22685173159485,0.452322161718162,0.000526109122949276,0.0130552611035666
" 7205",75,0.987696357507952,0.173233279804818,0.000425654630217861,0.0118323055053557
" 8181",54,1.2306993537604,0.43858058172943,0.00110138135568871,0.0127209535591372
" 8557",49,0.875058178468204,0.300342288180852,0.00116820913263292,0.01328750141968
" 7936",43,1.36415432968273,0.445248618655505,0.00259542910775341,0.0137001485632777
" 8954",43,1.08633727492793,0.195340354239919,0.0011748067794013,0.0126995616130384
"16431",28,0.896082757430025,0.159382505028805,0.000242410311909072,0.012386022855961
" 5765",39,1.11292586665575,0.472829634482604,0.000702755794489688,0.0124774365842311
" 9151",23,0.574578979916208,0.0902526831021548,0.000773840117736071,0.0118467786165583
" 9119",50,1.04561664414797,0.25750171453373,1.08541930705554e-05,0.0113866732776186
" 7974",20,0.395393629078927,0.0912360892676883,0.000124078324708506,0.0116112649949122
" 5774",53,1.32876131440161,0.679501050468548,0.000677854998621943,0.0128923452083367
" 1497",40,1.10416849512202,0.381860426363388,5.23555195167969e-05,0.0107353927659683
" 9158",45,0.956838424588854,0.286866812198981,0.0030957861255745,0.0136240392998299
" 6823",44,1.07600546231264,0.317948659329722,0.000976238894404663,0.0129307234581969
" 8570",43,1.03533702613231,0.127292463488277,0.000926011648038956,0.0108303155910522
" 7931",33,1.00703846412388,0.344736398202221,0.00264714614532488,0.0138732318670985
" 7862",26,0.851027767144675,0.204004596905004,0.00321050004841821,0.0138367248385582
" 3700",56,1.13617456586465,0.457563133643762,0.000154299803453974,0.0113185756053399
" 5091",33,1.10991271095921,0.405693820966475,3.14984426361217e-05,0.0117841195336505
" 7179",50,1.01381727479043,0.211927990356341,0.00117033740578401,0.012571238885293
" 9118",39,1.15046149827426,0.297867395171197,0.000664021223139863,0.0122954330629838
" 5783",55,1.32287457263481,0.654604739451766,0.00117352981551064,0.0129343668341148
" 8554",43,1.09296939838994,0.401284974977491,0.00071829218849264,0.0129507832952613
" 7869",53,1.15590966540556,0.278603676829671,0.00472519205004847,0.0139320875291706
" 8551",42,1.13545625506599,0.210862277457946,0.000799379395549142,0.0124109593140525
" 8561",47,1.03253260746911,0.134235464995978,0.00062273272400873,0.0117006993673574
" 7136",21,0.302561710934235,0.0683783964817335,8.32154802075918e-05,0.0120282771835818
" 7161",14,0.238472604403123,0.0536748041120206,5.32068287772326e-06,0.0100957095267788
" 7170",37,1.15689420690002,0.260046606837525,0.00014919194789136,0.0109185116302924
" 5759",39,0.956121379108062,0.423736845350943,0.000861312144245841,0.0126461632194195
" 7111",39,1.109253903534,0.394841680713144,0.00249007958677448,0.0133743373054477
" 8950",60,1.35828219124215,0.526617462170058,0.00151277655579428,0.0133034086666842
" 9433",26,1.06107274837543,0.165096560541225,0.000740426229263969,0.0121333464035393
" 7267",48,1.17777439883052,0.456926236092675,0.00113415676221549,0.0133863363143793
" 5962",72,1.13375982749983,0.250842152105784,9.13029181817311e-05,0.0110831083573894
" 7169",38,1.1529797699588,0.259927444943922,0.000138124927505696,0.0109240501130508
" 6738",41,1.34328804541227,0.56692663431108,0.00394432863091381,0.0143361308635096
" 7925",76,1.06881305682656,0.205944049924047,4.10756718160236e-05,0.0104760009001775
" 9510",30,0.840349986535281,0.274658440092787,0.00134379166759779,0.013576925618582
" 7421",38,1.1759546939937,0.527041545556606,0.000547817509090387,0.0125164612438956
" 3530",47,1.14782409534523,0.393911937381164,0.00232726669071615,0.0138908167479319
" 8319",36,1.20690074479787,0.612866647487044,0.000812787516401005,0.0128337662077983
" 8512",50,1.06474625509219,0.185270739923731,0.000241133348018418,0.0104100093692779
" 5966",76,1.13595549728307,0.252011198095528,1.00028838101197e-05,0.0110850100572065
" 8236",55,1.09763658115078,0.500172766160565,4.49065634879843e-05,0.0122995633919092
" 7926",69,1.05664090389921,0.196266994102233,4.34167722822218e-05,0.0104845439177899
" 7686",50,1.11412246718624,0.362136400700492,0.000602514129073382,0.0129019720831319
"11730",39,1.17728506393819,0.380808706793118,0.000589957317481955,0.0135378611103618
" 8589",40,1.25563539798847,0.393306984453898,0.000562076939202685,0.012921594217705
" 9395",61,1.49797964158323,0.538586994128153,0.00710268598713033,0.0144211758347856
" 8687",27,0.985906155994684,0.164491347660196,0.00177689525384446,0.0127543719339553
" 9871",40,1.01021452888415,0.103718986828645,0.000190693274337602,0.0107712858177629
" 6713",78,1.04183055710796,0.152338297592157,0.000455876108963329,0.00993110822147322
"11726",33,1.03181003880591,0.339099914194754,0.00102220959446819,0.0136953566510527
" 7920",31,1.14611782294977,0.321569821230771,0.00119779212943306,0.0132775716390674
" 7712",49,1.23242025012269,0.404429763282372,0.00042969834920493,0.0125928264245267
" 9210",31,1.25394985921856,0.451129245387634,0.00108456799779511,0.0135693990643251
"  856",28,0.826440248210453,0.344997265707525,0.00048950282475054,0.0137453308868868
" 6953",58,1.01188744624909,0.137146198049026,0.000475030567323133,0.0104997871998448
" 7185",74,1.08244010653165,0.197091372796198,6.04429574909362e-05,0.0106267819761538
" 8162",34,1.14808743913255,0.624005442791321,0.00316772175808132,0.0146902288985746
" 4766",36,1.30924147975039,0.457099193246264,0.0066729876379254,0.0148502307083265
"12537",55,1.34558360806122,0.504189410441658,0.00433635654534446,0.0143216077798987
" 8953",41,1.15687452237034,0.344704386292986,0.00218488521690828,0.0131390203485051
" 6905",38,1.19982101488921,0.490617317133428,0.00123759083735843,0.0127182598438553
" 9317",37,1.01285748224293,0.252849960147343,0.00124865785774409,0.0131161724746998
" 9372",39,1.12102803296119,0.349904889157317,0.00622839137666285,0.0143111985762399
" 7786",41,1.00798186012094,0.319778184606781,0.00166665070461803,0.0133120343342577
" 9098",33,1.14714155231734,0.405304975639409,0.000271780481394104,0.0135030066920358
" 8683",52,1.41260046096895,0.524182765093048,0.00291254180726571,0.0141740579463993
" 6947",50,1.33921641675434,0.422252625692992,0.00069637097503642,0.0135275097277255
"15983",32,1.10946685345185,0.278241252006693,0.00314239530758336,0.0132940839081797
" 4876",43,1.21537210675371,0.424245581122385,0.000633161262449068,0.0136278074259686
" 1457",31,1.31191141157308,0.590506835384179,0.00320666915674625,0.0127775385286985
" 4879",46,1.30487570514128,0.465569016117102,0.00131995500830559,0.0137324109179903
" 6742",57,1.26077567195258,0.472195606993987,0.00136294612595759,0.0132648706698433
" 7096",35,0.961599624909878,0.108132810022177,0.000902813470692082,0.0113372406405921
" 6896",57,1.05584892312246,0.122891499018215,0.00011939612377611,0.0099052299158957
" 7232",47,1.28596282546536,0.490399766895332,0.000817044062703184,0.0131628827902868
" 7175",45,1.18113362715383,0.329589173091786,0.00315154688213304,0.0136667683766218
" 7076",20,1.04765974865102,0.30558736399209,0.000423526357066771,0.0127991211013815
" 7107",32,1.13499536075214,0.239821091748699,0.00259564193506851,0.0135083693456529
" 7719",33,0.806981831455525,0.25408303420837,0.000675513898155745,0.0129437755323958
" 7059",15,0.989779849291254,0.281468661808059,0.000546540545199733,0.0128850703482087
" 7905",47,1.11282724984794,0.287190291433237,0.000105562348294029,0.0118476176051149
" 8577",49,0.97582549637429,0.113248197913615,0.000227725227166555,0.0102827349402539
" 7072",14,0.861334233027534,0.252563069440495,0.0001811160451577,0.0125667415582113
" 6321",28,0.570545409101761,0.145512256737532,0.00230364285873906,0.0137803598239672
" 6342",19,0.907683393828486,0.137598582105147,0.00228172164528284,0.0138004028748631
" 4776",54,1.14874673868949,0.451829655300926,0.000157705040495717,0.0112955658024477
" 6040",84,1.11562352870858,0.204500963104685,2.76675509641609e-06,0.0103785324175776
" 7906",49,1.1086992337499,0.286809681658783,0.000110883031171753,0.0118975244075397
" 8641",57,1.04973365949232,0.214259843064401,0.000531004151196781,0.0119936709650964
" 9130",41,1.15555484345694,0.458499503477267,8.93874723457507e-05,0.0114422976538998
" 6273",30,0.837323016988359,0.122661470767614,0.00286571979794175,0.0134773483003551
" 7635",49,1.1757972839645,0.480038898799319,0.000261990424899093,0.0124982385616366
" 8705",39,1.05299559538646,0.296143556195069,0.00167665358842815,0.0129886689000491
" 7233",17,0.978222473164092,0.314364365283409,0.00119736647480284,0.0132096279538012
" 7296",68,1.31448555779377,0.449362277070648,0.00178774944691501,0.0133846721227532
" 9145",54,1.33661490996748,0.580548797004638,0.00139614718711458,0.0131616799729047
" 6043",85,1.11442871861324,0.202930868957944,2.76675509641609e-06,0.0103639146562056
" 8194",46,1.32653478191278,0.674300717986433,0.000794058712671419,0.0126878987286525
" 9143",56,1.25034672127624,0.56190145051996,0.000997947280545774,0.0131449259995903
" 6740",42,1.11121592602672,0.407665612121579,0.000715738260711333,0.0130182399427819
" 9864",68,1.02603058225219,0.109057587444358,0.000167282269675619,0.0106609594068207
" 7417",24,1.09193070071813,0.508312506231294,9.151574549684e-06,0.0126212720423403
" 3145",46,1.30972672999574,0.484023348225369,0.00372064712273432,0.0145553711202979
" 6068",44,0.782975983867573,0.13580497996608,0.00219190851830687,0.012593007358805
" 1000",37,0.738710815137557,0.289845388776262,0.00153916714286778,0.0139378953429202
" 8201",49,1.2055636942385,0.60013355834043,0.000360955126424746,0.0121531251963991
" 7364",46,1.0173536869668,0.429571810072688,0.000875145919727922,0.0136827536366641
" 9077",22,0.993137488990426,0.333754741548485,0.00468901140647995,0.0140949009954007
" 7143",36,0.879496831935132,0.232587938242442,0.00222766350724517,0.0117157908346309
" 7463",73,1.0319411816214,0.118389659895929,6.04429574909362e-05,0.00999766821322979
" 9189",32,1.09318697532224,0.251028545782626,0.00214678912750378,0.0131401563849482
"17090",39,1.04033026815422,0.175877750412664,0.00105136693663812,0.0124421612378501
" 9488",49,1.03064419882307,0.255006618869225,0.00329499249251646,0.013590785216835
" 7566",77,1.06911253707388,0.168251806009041,0.000336479985187219,0.00966131057611699
" 9275",42,1.19088679543529,0.457898623200495,0.000639333254587227,0.0128113641694282
" 9112",51,1.00584429109369,0.13346988207823,0.000189629137762057,0.0100291040373072
" 5528",41,0.848093862516819,0.338368913596621,0.000604003920279144,0.011265611391165
" 7498",19,0.301898830703501,0.0578031101652473,3.80960894044985e-05,0.0110750948796527
" 7562",30,0.809471283127845,0.125834937057039,0.00152852577711234,0.0131610158663525
" 5062",30,1.10060577921948,0.408548771716685,4.25654630217861e-07,0.0117374792211011
" 8762",71,1.05279190935984,0.141310325631708,6.59764676837684e-06,0.00879246454988995
" 7685",50,1.05296277486576,0.268547282822285,0.00271120716717266,0.0136641502826108
" 7606",29,0.922837465060577,0.123222633184924,0.00135805109771008,0.0132992603215208
" 8764",67,1.05418887579104,0.142824434035578,5.46966199829951e-05,0.00949094527681858
" 7535",82,1.04702369276057,0.136580007121883,3.40523704174289e-06,0.00819568311145497
" 9157",36,0.972065702283144,0.124721393835608,0.00554138480349122,0.0123686275974411
" 9133",50,1.26289543731767,0.317793772560284,0.00292126772718518,0.0136476404234976
" 7489",29,0.733254934540316,0.109621821917213,0.000392879223691085,0.0128154936883005
" 7556",22,0.803211911339147,0.118812683600713,0.00172858345331473,0.0132876625868035
" 7481",25,0.863683680959618,0.121978950145741,0.00137358749171304,0.0131615946061817
" 6758",49,1.09172861761468,0.432282921321761,0.000392879223691085,0.0118539697570045
" 8746",39,1.08373604988192,0.279983462054058,0.000105136693663812,0.0121057664134421
" 6995",38,1.22696070748997,0.380127149506312,0.00108797323483685,0.0127048530619826
" 7053",58,1.17447633968085,0.421619636590847,0.000381386548675203,0.012489572564849
" 7234",59,1.22689648668904,0.419637336405322,0.000621242932802968,0.0127203697537704
" 1427",40,1.07083202095877,0.383767104149252,9.42825005932561e-05,0.00993437750720972
" 7533",80,1.04644357400274,0.13636636463552,2.49007958677449e-05,0.00819836544871664
" 6988",37,0.985531560508866,0.292703426936215,0.000713184332930026,0.0129940968123457
" 4836",85,1.06459741267479,0.186254009940156,0.000329882338418842,0.0107359416558712
" 6684",68,1.06746342989686,0.16740606470859,1.27696389065358e-06,0.00965332854478452
" 8744",37,1.08254293684067,0.277510699562626,0.00189352462252415,0.0122622808939025
" 8959",41,1.20082689124912,0.457440744189769,0.000686155263911191,0.0124155890422638
" 9134",31,1.08640772451695,0.282528102406056,0.00293552715729748,0.0131615293551678
" 9800",38,0.973501363260148,0.269178942488938,0.00183286883771811,0.0134934051797225
" 7548",84,1.0184186845636,0.138865441092561,2.19212134562198e-05,0.00815415136560855
" 7506",78,1.00260759844753,0.131916444843462,3.21369245814485e-05,0.00847984502498942
" 6682",74,1.05304513562166,0.167318520823341,2.17083861411109e-05,0.00973944892197501
" 9260",45,1.0419230626697,0.117180601025594,0.000405436035282512,0.0119037985575874
" 8514",45,1.04737148824201,0.185858053146682,0.00149809147105176,0.0107471509985572
" 6113",59,1.11988130262055,0.317805180934319,0.00144296919643855,0.0131653589289535
" 6685",70,1.06519933600708,0.167909031474481,4.25654630217861e-06,0.00959467595666934
" 6675",76,0.981421799485449,0.1605136909353,7.6405006124106e-05,0.0104603255204587
" 6999",36,1.1506055546894,0.347259319314882,0.000105988002924247,0.0121667104482999
" 6943",18,0.521740593460339,0.173302935922706,3.3626715787211e-05,0.0125571146500283
" 8532",29,1.00778397254111,0.350659589236324,0.00075404717743094,0.0135579320548297
" 9472",64,1.41970683875588,0.460445736050632,0.00408032528526841,0.0140973002520655
" 8936",43,1.02315510803527,0.411307242122,0.000965384701334108,0.013012185812188
" 3142",53,1.23373214749802,0.452835922341478,0.00377151285104535,0.014493833443089
" 7026",30,1.16019447480425,0.130080485227015,0.000470561193705845,0.0124482088465108
" 9241",50,1.23169170227836,0.496166044791574,0.00291828814477365,0.0142028140729822
" 9595",35,1.14390067969899,0.379524183516824,0.00259628041701384,0.0135476467362307
" 9438",31,1.27124608375218,0.429938963240189,0.000972408002732703,0.0135446487809058
" 1879",52,1.14224775762491,0.448676074499254,0.00221893758732571,0.0132496997118755
" 8186",56,1.18754953421148,0.622517967074936,0.000261139115638658,0.0122956484458721
" 7410",20,1.01723321686881,0.470788776261472,0.000553776673913437,0.0127591088937518
"10245",44,1.04231425978295,0.159953242874466,0.00156555772994129,0.0121666776039821
"11163",10,0.519177459584028,0.132103658735018,0.00275483676676999,0.0139966758294962
" 6779",13,0.766164940673714,0.202118571082607,0.00412374205755063,0.014274948455436
" 9155",53,1.17735689306325,0.465511515436398,0.000138550582135914,0.011690421438127
"16714",27,1.14313990830144,0.284716837326074,0.00284699099421216,0.0132650083878199
" 8752",43,1.03682709248446,0.117333489275565,0.000541858344267337,0.0116941432660547
" 7854",21,1.03044810742047,0.154434852462198,0.00249178220529536,0.0128962300166186
" 6866",55,0.855397846034247,0.117118667909915,0.000482479523351945,0.0110371762750195
" 7843",47,1.1038267234353,0.189840396541256,0.000750641940389197,0.0125358082678053
" 9171",54,1.09653014793159,0.232643348623389,2.17083861411109e-05,0.0106304947270259
"  927",34,0.871450145189297,0.28984759254446,0.000805338560372192,0.0119877793582058
" 4875",44,1.09111792888485,0.368777349709032,0.00115458818446595,0.0138052808501141
" 7561",83,1.08562712962055,0.180901226284408,0.000302853269400008,0.00985190441654896
" 7811",46,0.950731817803491,0.151294587087883,0.00215317394695705,0.0117607342595667
" 7050",45,1.08186566348668,0.219692669577656,0.00299511880552798,0.0136920542749176
" 7669",3,0.0209858104325992,0.00328733197614593,0,0.00711767215680828
" 7747",21,1.03235692078242,0.226547033403361,0.00117608374329195,0.0128000570170055
" 7856",39,1.07963716039902,0.179068253409745,0.00129505421243784,0.0127329808265795
" 6813",59,1.08666266404593,0.179814143644336,7.76819700147596e-05,0.0102916662642244
" 9172",53,1.09651177786281,0.231645347453189,2.97958241152502e-06,0.0106196236056781
" 9308",38,1.08544903705042,0.235428621084791,0.000412459336681107,0.0129451988862568
" 7879",62,0.997808058114074,0.109504471117819,0.000370958010234866,0.00911579127297095
" 1426",38,1.04882891070709,0.347364549420298,1.27696389065358e-06,0.0107460302652793
" 6811",47,0.920831427266487,0.153192723972953,0.00111798188626721,0.0108861925288032
" 7715",24,1.07328143504904,0.23822637171242,0.000682962854184557,0.0128289227011478
" 6812",59,1.09295903813215,0.19376568936968,0.000622519896693621,0.0108754320206788
" 9162",46,1.02871057352108,0.216975634284922,6.15070940664809e-05,0.0106800077000115
" 4732",28,1.12578420848157,0.394202147471013,0.00718653994928325,0.0148568143116887
" 8503",76,1.3457982006986,0.460873876388265,0.00241473871722592,0.0140080303797633
" 5065",27,1.04723119629012,0.411012294037976,0.000436721650603525,0.012567407733835
" 7416",24,1.11390999343596,0.513494332055992,0.000168346406251164,0.0125175093952802
" 7240",38,1.08563721692663,0.430860553023321,0.00107201118620368,0.0132255831107903
" 6945",66,1.05265686853464,0.139336743014676,0.000144509746958964,0.0104953185974475
" 1750",35,1.14296341723575,0.362681417804873,0.00012131156961209,0.0118456456858442
" 7537",70,1.05205068765303,0.162783441103532,0.000189629137762057,0.010078492348791
" 8633",25,1.07275268626329,0.259487450252293,0.00336096896020023,0.0134720235623283
" 7659",44,1.05908201760551,0.171840440991074,0.000442042333481248,0.0105679232205613
" 7095",16,1.09256999131888,0.280066842508264,0.000999649899066646,0.0129143011989941
" 7128",15,1.07413788563944,0.26678929153478,0.000483756487242599,0.0126512956879013
" 8611",51,1.09739130295292,0.263626782245534,0.000144722574274073,0.0112053291989132
" 1282",33,1.14179604435516,0.349367760038055,0.00399264043144353,0.0126617510239405
" 8605",50,1.27674314155088,0.460405806235275,0.00136209481669715,0.0131031461014808
" 7773",24,0.891669911162873,0.267670700667885,0.000966661665224762,0.0125952535844067
" 1880",35,1.18529056064122,0.638264949276217,0.00444213172095359,0.01387734209597
" 7883",64,1.01077980392076,0.109431097472878,0.000222617371603941,0.0090951554764094
"  420",33,1.17464653502159,0.498621310173654,0.000957297263359969,0.0118294844680474
" 7146",25,0.933420049276411,0.224316565833312,4.04371898706968e-05,0.0108811449581265
" 7889",69,0.99980613347718,0.107469104140784,3.40523704174289e-06,0.00870709826511253
" 2627",39,1.32991848245541,0.59923151790889,0.00984837117935064,0.0155324780096684
" 7937",37,1.29348108775644,0.415767440043223,0.00217552081504349,0.0134616954253685
" 7713",48,1.19461542967813,0.392011556681512,0.000493759371052718,0.0125205865939887
" 7468",43,0.995102135687312,0.341880876036828,0.000423313529751662,0.0123097666820649
" 7549",76,1.03387981932943,0.133620272885886,0.000464814856197904,0.009123443746591
" 8840",61,1.01563106014684,0.110852190068134,0.00161599780362211,0.00977111570735238
"11101",57,1.11856392739023,0.269796613475477,0.00184776674977573,0.0132722121557604
" 9737",19,1.08207454581259,0.18848597184071,0.000272206136024322,0.0126232145916826
" 9802",35,1.10040907602992,0.294271344900965,0.000582295534138033,0.0130812304691625
" 8812",52,1.03177699464413,0.167519615039102,0.000958148572620404,0.0113448285592944
" 8042",46,0.975930356051492,0.350678736366063,0.000359890989849201,0.0115420463992368
" 7404",46,1.22844963463358,0.29949463287205,0.00241707981769212,0.0132863097227193
" 7738",24,0.868206395978678,0.24599350168812,0.000874720265097704,0.0133099865705447
" 8725",26,0.768432475260982,0.136787543683403,0.00125951205081465,0.0132621437051342
" 9330",17,0.473946541066736,0.101149839793914,0.000297958241152503,0.0122361968710853
" 8451",35,1.10363165816607,0.391104093796981,6.32097125873523e-05,0.0116774316696657
" 7298",56,1.05293010844729,0.189397180584564,7.66178334392149e-06,0.00975760227798991
" 9351",45,1.07585442956776,0.226345250147517,1.48979120576251e-06,0.0105564877702918
"12568",70,1.10358397066592,0.224183097105282,0.00189395027715437,0.0130455160856641
" 9923",18,1.07693008560759,0.188201059192118,0.000166856615045401,0.0124519332381039
"10001",33,1.16150535413535,0.299782632272266,0.00059698061888055,0.0131608381572417
" 8747",18,0.990867108915915,0.141066464519603,0.00315963432010718,0.0138526049575038
" 8737",39,0.841303827388567,0.133562220920185,0.0043874351009706,0.0136786211096004
" 8802",27,1.07782569573351,0.152240712908581,0.00362466200362019,0.01385218617568
" 8735",27,0.934197621272568,0.144749169414077,0.00184734109514552,0.0137367430615955
" 8839",22,1.03853421466641,0.156675391000565,0.00215828180251966,0.0137743224180869
" 7035",54,1.41090294032067,0.61250774457888,0.00183010208262169,0.0138946379426317
" 7646",49,1.17786039551322,0.271270277694378,0.00497505131798636,0.0138250236116359
" 7727",42,1.22145905168971,0.315836694631744,0.00209826449965894,0.0133408224945096
" 7907",42,1.13471686686401,0.399118889565072,9.7900564950108e-05,0.0109093316380211
" 8770",72,1.05750068895717,0.145290534959955,4.8950282475054e-06,0.00889558456221801
" 7326",41,1.01202336069377,0.174513893111012,5.04400736808165e-05,0.0104133506372987
" 8844",22,0.999396010344479,0.15144974874162,0.00793441513457603,0.0142763831387537
" 8773",18,1.00353419007554,0.141992178197932,0.001398913942211,0.0137275877437218
" 8784",14,0.786512154980284,0.104620131802114,0.00205612469126738,0.0137303615581072
" 8726",21,1.06463295572196,0.121474698277758,0.00468028548656049,0.0137735466019583
" 7014",69,1.062725940163,0.171378101226569,0,0.0097274270905811
" 9349",45,1.07343898346478,0.227032565346734,1.06413657554465e-06,0.0106236691502529
"10232",20,0.806344693372102,0.258638243067842,0.00163068288836462,0.0138626911774515
"13654",23,0.73662148059084,0.182163602957321,0.00135549716992878,0.01305538891935
" 7036",63,1.42598838128086,0.602634596709326,0.00111095858486862,0.0137762555525009
" 8763",73,1.05863940951644,0.145859781302644,1.48979120576251e-06,0.00886226398411697
" 8024",42,1.13769716835683,0.396297262492063,5.32068287772326e-06,0.010839114037187
" 6991",61,1.04142777979192,0.172231291981184,0.00063273560781885,0.0103130829499452
" 9570",25,1.08141284968123,0.18086320176586,0.00066061598609812,0.0130300646137068
" 5905",66,1.17685696373485,0.392416636377306,0.000348611142148428,0.0122170480142378
" 8741",73,1.05675349630993,0.143601440123155,3.83089167196075e-06,0.00878890628076844
" 8033",37,1.11170171510334,0.387446982135651,6.46995037931148e-05,0.010833611832869
" 7013",73,1.0632353602081,0.170112769413991,1.2343984276318e-05,0.00973533779027189
" 9342",44,1.04137464595865,0.224552111951934,0.000229640673002536,0.010914480038032
" 8751",64,1.01048480303561,0.145459739183821,0.000205804013710336,0.00999930706795478
" 5906",59,1.17041597606284,0.392545916028638,0.00062081727817275,0.0122043642401733
" 4852",54,1.23319387518366,0.414833454092887,0.00070233013985947,0.012455183183364
" 5860",45,1.27480230850499,0.527044600877146,0.000367765600508232,0.0117991602412274
" 8192",54,1.22967409767179,0.64141300543855,0.000230279154947863,0.0122859038411126
" 8061",42,1.13285240457768,0.402959813787505,0.000200270503517503,0.0115761575996198
" 9120",53,1.12806156992842,0.286837294476806,0.000473753603432479,0.0119768742923451
" 1672",48,1.10117985640879,0.362996714988153,5.1929864886579e-05,0.010791965987106
" 5854",41,1.2762336440715,0.525947580132375,0.00163877032633876,0.0122141438581987
" 7428",21,1.03914185368062,0.494712336107229,0.000944953279083651,0.0130025584074955
" 6748",44,1.0439428552112,0.207713068428879,0.000508444455795235,0.0120908504436836
" 9052",39,1.20738745754062,0.430872781107523,0.00014131733723233,0.0127892813431438
" 9103",18,0.55520485741556,0.0827855107212358,0.0017777465631049,0.0131229757878596
" 2628",48,1.43686003472111,0.646404001593388,0.00551563269836304,0.015319292360513
" 9888",18,0.964302772194015,0.2946374889188,0.00412970122237368,0.0141755729179913
" 5856",47,1.17970278849035,0.499596974780459,0.000629756025407325,0.0118178910017966
" 7071",76,1.02378688271868,0.12899725539556,0.000292637558274779,0.00986287267020705
" 2606",79,1.58316420590676,0.582928636856703,0.00748854190942282,0.014954949533045
" 6106",35,0.840687207435578,0.197191516987409,0.00149234513354382,0.0125415524555134
" 9050",32,1.1081469990665,0.428679473277223,0.00078597127469728,0.0129979429546233
" 7875",51,1.04482454878614,0.197237048002419,0.00155108547251388,0.012513374894821
" 5956",57,1.45587111794912,0.49569124659581,0.007178239683994,0.0148365082167459
" 7155",48,1.18611655844429,0.265058393094383,0.000271993308709213,0.010974699353426
" 7927",61,1.04282163218973,0.206191683579844,0.000236663974401131,0.0103920224134692
" 7354",43,1.01768979456392,0.1699086019194,0.00359295073366896,0.0122691866642649
" 9490",60,1.16641789606804,0.26519399968239,0.00171964470608016,0.0121003398396018
" 7149",20,1.0008636083875,0.23063413275946,0.000291360594384126,0.0110180649253105
" 8828",70,1.05065032119855,0.130908707607797,4.53322181182022e-05,0.00872796997846118
" 2289",52,1.3697343842197,0.584516440163131,0.00148936555113229,0.0139000453528935
" 9771",14,1.07222965036006,0.158794726202799,0.000761283306144644,0.0122487400391061
" 7366",15,0.897651662280339,0.0919938208168775,0.000950699616591592,0.0129834683753064
" 9736",10,0.461381522614104,0.152363267803235,0.00350377608863832,0.0136356508464215
" 7338",22,0.793815475141607,0.08270440703545,0.00109435805429012,0.0127985687314941
" 8038",48,1.22707443556388,0.45144245370143,0.00159279962627523,0.0123912809765141
" 7777",61,1.15916606300383,0.285980209236088,0.0018017960497122,0.0134093967209427
" 7454",56,1.4349500642343,0.416076189919702,0.00854416539236312,0.0143562187508919
" 8797",82,1.07484240797236,0.165338300013322,0.000779586455244012,0.0105638330451504
" 9905",27,1.05800035856112,0.17429652253662,0.000970705384211831,0.0132928006926697
" 8485",61,1.22871718219476,0.396574455361922,0.00190501729754004,0.0131033618508234
" 9086",17,0.471406171746696,0.0939250015587675,0.000446086052468318,0.0123739897645953
" 7183",58,1.40549365397855,0.642899977432657,0.00359550466145027,0.0149053691261769
" 7305",50,1.06886024556756,0.186685515398592,2.97958241152502e-06,0.00967358598854275
" 7852",53,1.11423194603251,0.211834460361122,0.000605919366115125,0.0125158104132852
" 8045",54,1.16165081630701,0.437632390174032,0.000389473986649343,0.0118851869546431
" 7887",53,0.985812399003232,0.107122702839191,0.000347334178257774,0.00893192369810474
" 9211",23,1.20298620040931,0.421044178968765,0.000185159764144769,0.0135445725075374
" 7307",53,1.05897924976714,0.188242624762418,9.57722917990187e-06,0.0100982332502998
"15164",45,0.900336195905712,0.22021245957069,0.00135868957965541,0.0127428188937823
" 7846",42,1.0766793937504,0.146851371776445,0.00196077805409858,0.012756665950949
" 8016",46,1.13003460658231,0.380374953140497,0.000213252969739148,0.0112458834405398
" 2747",66,1.5245494617234,0.622957528811853,0.00241473871722592,0.0140038054213755
" 7052",36,0.761882587323282,0.254992713884512,0.000454811972387784,0.0122995598556938
" 9378",40,1.14676149106648,0.310666568666872,0.000343503286585814,0.0125713382553091
" 7522",71,1.02948028097565,0.148804625929197,2.4475141237527e-05,0.00978009442126074
" 8600",63,1.11509433816203,0.234221968098092,0.000732764445920047,0.0126588298883004
" 1513",33,1.11068247939701,0.395092380213386,0.000291360594384126,0.0112474555051247
"  465",29,1.06966092064836,0.467294149598965,0.000195375475269998,0.011558126743262
" 8614",52,1.0433623565475,0.245224311124954,0.000641248700423207,0.0118467030839001
" 7186",58,1.12155414240313,0.396771092529929,0.000172602952553343,0.0122352311274682
" 9240",34,1.14117697490334,0.459285058326722,0.00183606124744474,0.0138853840155584
" 9331",54,1.20630641152363,0.335881073682017,0.000721910252849492,0.0125679329870851
"  464",25,1.08339053777175,0.473853455357909,0.00174667377509899,0.0120225337577145
" 7904",44,1.11001017772836,0.282030347279528,0.000334777366666347,0.0119880342499038
" 9035",40,1.1469914367023,0.410734406751988,0.000895151687348161,0.0131800686351249
"  479",29,1.12042129128731,0.488421704415565,0.000219212134562198,0.0116052544480752
" 6719",69,1.05196275580803,0.150089464649838,0.000590170144797064,0.0100793605915511
"18601",45,1.39397722207788,0.640633277202931,0.00469880146297496,0.0147756482390257
" 7960",41,0.778932776265023,0.132595408755152,0.000530791323881672,0.011606279482002
" 7729",59,1.11740523318264,0.327471753085592,0.00240558714267624,0.013012071068342
" 9038",58,1.14014933068762,0.236011875478472,0.00233684391989606,0.0129490327687786
" 9525",8,0.913732213385468,0.127585948391955,0.000148340638630924,0.0118929585627095
"17317",29,1.19264263046981,0.362216459987624,0.00211358806634679,0.0133471218834075
"16756",30,1.15163936256073,0.30657320404238,0.00157492213180608,0.0135699788296067
" 7115",65,1.13407791555101,0.25331933370575,0.000846627059503325,0.012483177673772
" 7783",43,1.48049119091604,0.677688113630572,0.00801550234163253,0.0153351420421065
" 9093",52,1.206704327502,0.209862904159673,0.00116437824096096,0.0129068048653249
" 8036",52,1.20176889432727,0.435773243439804,0.000345205905106685,0.011935098502087
" 7769",67,1.44080332118869,0.40071264436895,0.00181158610620722,0.0132156761240548
" 7278",56,1.02323065278465,0.191028959945282,0.00285209884977478,0.0124064631253892
" 9200",25,0.956918393175967,0.168646597179968,0.000558671702160942,0.0109808708157648
" 7770",53,1.1554516151076,0.340444822364345,0.00139870111489589,0.0131142180874777
" 5924",54,1.22428461884147,0.379897113568663,0.00124801937579877,0.0126318168190027
" 8513",59,1.21115776221659,0.514700187971647,0.000622094242063403,0.0129628518823676
" 7283",36,0.980326139763178,0.315889772720036,0.00225150016653737,0.0135655833040703
"10065",23,1.07668898547617,0.228714436403034,5.00144190505986e-05,0.0118847545340106
" 7932",39,1.22838938833064,0.393523724425753,0.00199781000692753,0.0135047401072458
" 6944",69,1.04757490722682,0.136616869870311,3.76704347742807e-05,0.0103074772605515
" 7532",74,1.05703278293916,0.162086691792119,0.000185798246090096,0.0100257203548565
" 7007",26,0.938153241701968,0.273197275628114,6.7253431574422e-05,0.0114819991921093
" 3283",66,1.53686081619602,0.561890561218414,0.00752174297057982,0.015048026111696
" 2664",69,1.00942790342994,0.119036691235948,0.000396497288047937,0.0100584165445209
" 5064",33,1.07081887461396,0.390115750665006,0.000342651977325378,0.0119069525091465
" 6732",42,1.14470364430698,0.419149920638177,0.00123163167253538,0.0127969218565602
" 8736",59,1.00894689383279,0.230154008144526,0.000442467988111466,0.0110668143863684
" 1511",28,1.21313603393801,0.541656031612043,0.000772563153845417,0.0122081745461068
" 7141",32,1.07984228113964,0.243714503041488,0.000179626253951937,0.0110757823827565
" 7529",65,1.04149547591613,0.156317746264221,4.00115352404789e-05,0.0099801632711067
" 9014",45,1.12954349598494,0.331176779976763,0.0024998696432695,0.0131246800563858
" 3961",35,0.692757805478837,0.236722973578334,0.000336692812502328,0.0132934334607291
" 7519",69,1.0393643940822,0.147720710257178,9.4708155223474e-05,0.00967582138508233
" 6693",64,1.06364907047625,0.171480283714821,7.12971505614917e-05,0.0105350561357821
" 7483",32,1.00197580338927,0.284986203673673,0.00232258448978376,0.0138355842262106
"10197",22,1.04873497604106,0.182842263579954,0.000361593608370073,0.0130815023106022
" 7173",39,1.20727602494522,0.2831706281532,0.000110883031171753,0.0110240084369136
" 8663",45,1.18712678071624,0.38696760163443,0.00270652496624027,0.0138493813232089
" 7952",74,1.09446394930928,0.229286402009847,0.000415438919092632,0.0115025138514322
" 9704",64,1.04097436815541,0.139030839390648,0.000916860073489272,0.0109908684885081
"10010",20,0.413261273528732,0.0990125420247602,0.000299873686988483,0.0120506713773786
" 7164",32,1.15814997132233,0.276934151897188,2.34110046619823e-05,0.0109140237782613
" 6989",31,1.01502263770194,0.299425756895073,0.000725741144521452,0.0120141805129331
" 5957",57,1.3115382626862,0.40292352075357,0.0032792432711984,0.0144305028049783
" 7152",36,1.13900409980474,0.26747279475734,0.000183244318308789,0.0107709205461772
" 7934",53,1.03799318449147,0.233431372953717,0.00114139289092919,0.0116985220348065
" 6069",66,1.11467517476991,0.229804051375845,0.000962192291607474,0.0123705523737625
" 7703",66,1.18500838930141,0.307210706785291,0.000914093318392856,0.0126938596318268
" 9876",67,1.06326874815976,0.12313509916715,0.000665298187030516,0.0114594342687803
" 7167",37,1.14957995001327,0.284613103167492,0.00124546544801746,0.0114646795753029
" 6101",33,0.862947114025837,0.178900720475004,0.00112521801498091,0.0123127266832678
" 9264",42,1.2010110758492,0.473425507675534,0.00149979408957263,0.0132846049880599
" 9319",37,1.24794279854606,0.228216632119944,0.00249965681595439,0.0132985748691495
" 6067",57,0.972486174690574,0.180619244807268,0.000267949589722143,0.0115520908924441
" 7693",64,1.2412118280115,0.368850451814339,0.00060889894852665,0.0127018235699484
" 7142",40,1.02344543200914,0.252942366430397,0.00140742703481536,0.011421270800909
" 6860",86,0.995960979420091,0.150334442081558,0.000188565001186512,0.0104338924563629
" 7285",56,1.12797607791054,0.381918284069733,0.00206123254682999,0.0138385332942196
" 7578",76,1.02528818108716,0.114687874333851,0.000459281346005072,0.00854787552761617
" 8140",37,0.909846511990181,0.311374322509358,0.00167729207037348,0.0134091849093299
"15371",31,1.04398423751355,0.299438659412169,0.00205974275562423,0.0128169921017762
" 6992",39,1.1384600730837,0.332433601587108,0.00144360767838387,0.0126320583023442
" 9519",50,1.15592227044143,0.295832542877146,0.000125142461284051,0.0118184346281951
" 8750",58,1.03249606976566,0.161325262724585,1.61748759482787e-05,0.0102695507334314
" 7001",48,1.20614748912675,0.37875832905407,0.000226661090591011,0.011805988883789
" 6942",34,0.73171632910079,0.249607325868067,0.000715099778766006,0.0132098172708416
" 9175",54,1.09663006252886,0.230818100043022,2.46879685526359e-05,0.010798727498487
" 7046",44,0.884305856961851,0.37029946794817,0.000744257120935929,0.0128917311334258
" 7536",60,1.02097689078443,0.148512557571648,8.00230704809578e-05,0.00999392876388062
" 6984",45,1.0663333610835,0.34981536903763,8.72591991946614e-06,0.0117525507789759
" 9703",41,1.18647803002859,0.269261679517289,0.00271546371347484,0.0134352289914542
" 9389",26,0.902382900113175,0.140850345749456,0.00290424154197646,0.0130736776815693
" 9384",52,0.971344275123424,0.125579773595907,0.000886212940113586,0.0116743363597423
" 7553",53,1.12052765641243,0.256295636122882,0.003882183054902,0.012938380584639
" 6815",43,0.835047963368815,0.149850798868478,0.000267311107776816,0.0103729456543441
" 9702",29,0.600085712704137,0.102132271922623,0.00175029183945584,0.0126459818052897
" 1417",41,1.05993946670544,0.364510829232685,4.8950282475054e-06,0.00979649227165902
" 6996",24,0.982177312150901,0.288704783300265,0.000323497518965574,0.0123698311870581
" 7971",59,1.11778091047593,0.30976503761117,0.00411310069179519,0.0139033525891894
" 8089",52,1.09355419804484,0.299169468754317,0.000116416541364585,0.0121844762549962
"14020",26,1.10529887652697,0.122496390126408,0.00140253200656785,0.0129042514094503
" 9835",35,1.17386942936998,0.277601232523518,0.00118800207293805,0.0127291860326571
" 9359",40,0.978938118395292,0.216822911721162,5.4909447298104e-05,0.0113816268448756
" 9591",22,0.903688704606945,0.177471266904677,0.00205463490006161,0.0132044636770719
" 6452",31,0.813749134925341,0.207959388380255,0.00265544641061412,0.013713005620736
" 6663",85,1.19752363414989,0.261480592949632,0.000869825236850198,0.0112241912928487
" 6980",29,0.636066838797309,0.211263235727364,0.000229853500317645,0.012127888024699
" 8898",57,1.30360154403975,0.506817280772502,0.00117842484375815,0.0135387779663614
" 7392",62,1.13141103934754,0.212649477800374,0.00122780078086342,0.0117538363618186
"10103",30,1.15032141309201,0.223499370745654,0.000947932861495176,0.0125050316811469
" 6032",55,0.991509332771197,0.235315014369429,0.000694029874570222,0.0126648457594062
" 9493",67,1.08334493601713,0.195646630590503,0.00144296919643855,0.0121279052318968
" 6840",21,0.972082502542632,0.266572338461792,0.00119970757526904,0.0133640603093187
" 9766",17,1.1170608025785,0.165914723291694,0.000468645747869865,0.0122711459207883
" 9318",63,1.48885813779328,0.426803426577586,0.00264225111707737,0.013656873208935
"15409",15,0.408052664107064,0.146773208321984,0.00024283596653929,0.0122073041676922
" 9753",19,1.00849933785957,0.175445233596163,4.68220093239647e-06,0.0123692557082915
" 9056",51,1.04303215187299,0.157101815007743,0.000661892949988773,0.0119627507679404
" 7539",67,1.03874263429618,0.151161842654709,8.78976811399882e-05,0.00998896902858537
" 9347",41,1.07409357323013,0.232246705724264,2.85188602245967e-05,0.0112286486091888
" 7949",51,0.991165229891652,0.13662570511282,0.000370958010234866,0.0121108980950697
" 9934",24,1.04453754012846,0.194375755174448,8.57694079888989e-05,0.0117760614682246
" 7346",40,0.99367492173904,0.184440258522948,0.000121950051557417,0.0107802894991374
" 8756",57,1.06568493858463,0.176916613042034,7.6405006124106e-05,0.0106297060703305
" 8025",40,1.11751924466116,0.381484669145997,0.000278165300847372,0.0111419509555705
" 9229",44,1.06446777953805,0.156005028538208,0.0024521963246851,0.0131920731530187
"16894",61,1.18010171840933,0.347603215049238,0.00266736474026022,0.0137295534618894
" 9116",76,1.04553646835884,0.117299932113354,7.19356325068185e-05,0.00954013036171058
" 7531",71,1.04529517257907,0.149933780571221,0.000236876801716239,0.00994567989320183
" 7011",63,1.06575598033349,0.180975262123113,0.000213891451684475,0.00995577938037711
" 9344",41,1.07742757553051,0.241595684167398,0.000956871608729751,0.0114453902743795
" 7745",41,1.04122480241878,0.125365618705983,0.00371745471300769,0.0126863860972319
" 7528",76,1.0388443857573,0.142444849105959,0.000160897450222351,0.00921287853725295
" 8020",36,1.06703768311181,0.358844771696724,0.00070828930468252,0.0116536440744996
" 8721",56,1.05052861148741,0.178769612113428,1.2131156961209e-05,0.0106836643208212
" 9170",46,1.13187501548515,0.283766459310331,0.0013680539815202,0.0124860120113174
"13802",28,1.13277781055318,0.125227750224182,0.000470135539075627,0.012439251780477
" 9332",55,1.21170054510756,0.337954140554529,6.08686121211541e-05,0.0124272787977147
" 8912",75,1.08229921966408,0.156299951036071,0.000338821085653417,0.0105438230035108
" 9069",56,1.08399274403643,0.189189643574603,0.000949422652700938,0.0119731358936375
" 9159",66,1.06637806888071,0.184707889746583,0.000809169452044153,0.0119018212359741
" 7504",45,1.03666118422587,0.185378523564262,0.00270631213892516,0.0126219556557384
" 9670",29,1.2465916322158,0.324327093620017,0.00190480447022493,0.013566172638365
" 1419",33,1.03607534413956,0.344953120107941,0.000128547698325794,0.0110473758786325
" 6689",57,1.01763913076234,0.160873258250918,0.000115139577473931,0.0100715951579719
" 7523",72,1.04687882991268,0.154356844957897,1.89416310446948e-05,0.0100896794013494
" 2761",36,0.977727655835457,0.334651491170612,0.00127483561750249,0.013509232278637
" 7838",88,1.06605344767121,0.12948485775171,7.15099778766006e-05,0.0101287122251936
" 6688",66,0.951349375085623,0.154102142901348,0.00088153073918119,0.0113954066981695
" 7139",37,0.905340933101073,0.201843805403311,3.3626715787211e-05,0.0103551091945145
" 7507",60,1.05335055538516,0.161092867161232,0.000190054792392275,0.0107566969266653
" 7701",56,1.21039878416609,0.35893199689114,0.00106009285655758,0.0128362905144519
" 9003",15,0.976620617108413,0.212293919920924,0.00171368554125711,0.0128295419800273
" 7109",32,0.664041312933753,0.175623372866501,0.00085960952572497,0.0126714545624352
" 7800",61,1.07755271148096,0.202393448723483,0.000302001960139572,0.011554383346445
"14435",44,1.09115108671175,0.238856463460441,0.00156917579429814,0.0126280973793743
" 9220",49,1.15087412754698,0.40824097746983,0.00100411927268393,0.0130795868066127
" 6072",69,1.19120124500917,0.262709798128904,0.00110478659273046,0.0126683541214994
" 7189",38,1.00384825002387,0.32203907280026,0.00119928192063882,0.0131624049197656
" 9530",68,1.34006100272637,0.386731760740398,0.00310025549919179,0.0134582170586829
" 1747",38,1.1215726218962,0.360018274328691,0.000255605605445825,0.0116632250419552
" 6103",37,0.837212982952241,0.197529466189369,0.00145722862655085,0.0134991779332087
" 6083",36,0.677125633371197,0.147961161879768,0.000894087550772616,0.0126278855736876
" 9053",35,1.09006605058287,0.386408960756268,0.000364573190781598,0.0126816552810162
" 9152",38,1.24114549134832,0.415927287024219,0.000514190793303176,0.0131659811915072
" 8834",70,1.03572254346692,0.110596421968369,4.08628445009146e-05,0.00883729721668766
" 8657",39,1.13849700968897,0.398720122774461,0.00148553465946033,0.0134919942097473
" 9101",38,1.17954621614976,0.407686311101072,0.000223894335494595,0.0127518899760075
"10053",22,0.970936622219622,0.203807948014524,0.0076858328305288,0.0146695527862834
"15573",43,0.970732362412078,0.334922483789372,0.000512062520152086,0.0132951627931287
" 7166",35,1.12959536356917,0.257493350436495,0.000533770906293197,0.0109386847516924
" 7310",55,1.0817272473419,0.212885759281492,5.95916482305005e-06,0.0101995593031249
"10063",30,0.991847667201497,0.234773749196768,0.000249433613307666,0.0123087433509302
" 9355",39,1.20561524706038,0.333468123327617,0.00375618928435751,0.012674983559028
" 9005",39,0.896159081049708,0.219455541170484,0.0016538810657115,0.0130113865530236
"10282",25,1.11425747275793,0.216343421225114,0.000427995730684059,0.0122427701291722
" 9166",45,1.08442046712701,0.238234970295714,0.000311792016634583,0.0105890184840494
" 8029",41,1.1685151294803,0.394296001420809,0.000564630866983992,0.0115042012732259
" 8781",35,1.07246876455056,0.238543567852519,0.00189927096003209,0.0130366493218455
" 7716",32,1.13330379606742,0.2664962272658,0.00150703021828634,0.0126592616703446
" 7300",57,1.07935671041749,0.213768040592652,6.38481945326791e-07,0.0101710441840395
" 9445",64,1.2822921608975,0.525192822950393,0.000239430729497547,0.0122320817342857
" 9761",26,1.14679628120849,0.22652221189428,0.00012343984276318,0.012594366773094
" 7319",48,1.05284438017629,0.196798088173765,8.49180987284632e-05,0.0106932333881533
" 7334",47,0.99834371056552,0.235694032267503,0.00188479870260469,0.0121108898734414
" 9177",51,1.20069075530605,0.338019642511966,0.000507805973849908,0.0122134787698844
"10832",32,0.998046076826678,0.205163846712185,0.00186415445303912,0.0128573008176081
"16208",27,1.02046288012531,0.296307197827305,6.38481945326791e-06,0.0118074424655884
" 7525",51,1.02482022747271,0.161764737169965,0.000468645747869865,0.0108647862897859
"10018",28,1.12315383577987,0.292564802837667,0.00144977967052203,0.0134173629099505
" 9938",28,1.20257385741692,0.244531244279477,0.00163132137030995,0.0130473162747468
" 8621",47,1.12376421040601,0.283806019517347,0.0016896360546498,0.0125691044596599
" 7706",63,1.14285432676948,0.284251559603325,0.00164898603746399,0.0125125010951383
" 7951",67,1.06722516887039,0.219560168037313,0.000320517936554049,0.0116622680911121
" 8883",10,0.22042853159865,0.0325933995842591,1.74518398389323e-05,0.0110272429714733
" 9515",21,1.14636185636308,0.22838024351936,0.005931710099401,0.014161319767825
"10359",36,1.24175259917257,0.404516153229376,0.00465112814439056,0.0140640207985156
"10257",20,0.923979252011641,0.189571599305689,0.00148830141455675,0.0129591334761767
" 7724",16,1.09984104124083,0.274959379213997,0.00121226438686047,0.0133120160093443
" 9507",58,1.12784394708193,0.22829413750146,0.000989221360626308,0.0122331133676123
" 1646",43,1.0914243885923,0.367581389103183,3.40523704174289e-06,0.0104276149043111
" 7148",29,0.982035572604421,0.217166279182438,0.000899195406335231,0.011217412456705
" 9194",47,1.16513888871601,0.274081125876339,0.000906005880418716,0.0111849000019471
" 9425",50,1.00896219728452,0.178091024132687,0.00192140500080342,0.0132939514913911
" 9754",21,1.02378073924973,0.179472058807095,0.000138976236766132,0.0120135996151576
"16903",80,1.36579129749915,0.375550839454327,0.00396944225409666,0.0135799243444451
" 8708",46,1.23062661213913,0.417796749810155,0.00258649036051883,0.0136765967599545
" 9550",56,1.13641371273301,0.28695314072797,0.000134506863148844,0.0117149540418551
" 8757",63,1.04597734935518,0.159270402901874,0.000353506170395933,0.0100052619514591
" 8017",43,1.18738093951939,0.462878568452093,0.000766816816337476,0.0117164626306883
" 9345",43,1.0825341876585,0.214686773624577,0.00043182662235602,0.0103687815421125
" 6978",42,1.07799826057711,0.367686433087613,0.00140529876166427,0.0126602105845832
" 7325",26,0.618626976737508,0.154262960873398,0.000448001498304298,0.0113198999544005
" 9310",65,1.06664722318918,0.139058930962731,0.00135336889677769,0.0118990160273837
" 9424",53,1.03467262973703,0.135560168164998,0.000984326332378803,0.0118990710593984
" 7243",72,1.02697468623263,0.116388142023746,0.000685091127335647,0.00977013123553557
"10006",22,1.11160082985678,0.196879738310683,0.000115990886734367,0.0122399636061435
" 9986",29,1.06354313468938,0.224695008546271,0.00037606586579748,0.0120287436299292
" 8026",51,1.18493504329516,0.461123592015689,6.02301301758273e-05,0.0114332359304424
" 8753",69,1.04373127383276,0.136031365725302,0.000139827546026567,0.00919066129454023
" 7012",54,1.05327949383619,0.173156332651427,0.000906857189679152,0.0104375404016106
" 7515",65,1.04077170875629,0.156254871267587,0.000300299341618701,0.0106210205469107
" 7320",65,1.13463274955398,0.230976305316888,0.000704458413010559,0.0106456149872744
" 8528",59,1.22601523164249,0.373428583470131,0.000415013264462414,0.0126549953024389
" 8691",26,0.732592352607697,0.316936180733411,0.00246134789923478,0.0137465459486747
"11735",42,1.00547898519568,0.221216266179266,0.000871102200740852,0.0128437452992257
"12090",18,0.624804415307065,0.104761734483678,0.000279655092053134,0.0116115127204704
"13817",35,1.05182856241974,0.248825572664932,0.000590382972112173,0.0122221689894752
" 8778",61,1.04312518239844,0.154218448407198,3.55421616231914e-05,0.00987054930476915
" 8010",44,1.14801220063493,0.438285331645393,0.000788525202478587,0.0115846771357916
" 7975",39,1.05140625476063,0.197583898764073,0.00152661033127636,0.0123357985681786
" 6994",25,0.980797470340441,0.299862049543945,0.00120502825814676,0.0127649817274755
" 9335",46,1.01643102553935,0.201775633766406,3.74576074591717e-05,0.0099086441326704
" 8759",60,1.05191721839826,0.162836943623699,0.000279229437422917,0.0103473788816506
" 7131",39,0.833562567125168,0.19436972010044,0.000433103586246673,0.0127324744158722
" 7541",53,1.06122299542098,0.205466189160187,0.000666149496290952,0.0117008320410818
" 7055",59,1.01521118569443,0.188773291364911,0.00170261852087144,0.0120732007938579
" 6120",49,0.908683390053382,0.218431715368598,0.000468220093239647,0.0119158713527809
" 1480",24,1.09126662734144,0.422901129707515,0.000212188833163604,0.0117347377398431
" 7928",53,1.09428480727958,0.336879621686381,0.000244538585060161,0.0125462919142958
" 9042",49,1.16417697119998,0.465989325059911,0.000793420230726092,0.0131293869489997
" 7168",33,1.1377693816699,0.260764217129363,0.000119821778406328,0.0107690960750831
" 7512",60,1.03862240621239,0.165097279379109,0.000104285384403376,0.0108376716360245
" 9048",54,1.24137239204927,0.511535449300463,0.000760644824199317,0.0133862296575135
"13065",41,0.80781707368388,0.28400048301339,0.00192353327395451,0.0134812388667385
" 9040",38,0.983012902200955,0.176782203529088,0.00139401891396349,0.012386709991441
" 7124",29,0.774412685127171,0.191531676489253,0.000307535470332404,0.011186146957452
" 8047",45,0.990172845625572,0.187941562019992,0.00368659475231689,0.013181759061182
" 7328",49,1.03736772385086,0.192347875189947,0,0.0102758462224515
" 7978",73,1.01962421462676,0.137608862111962,0.00167686641574326,0.0101895641262194
" 8617",52,1.02052734206597,0.253499835481871,0.000444170606632338,0.0118965953688748
" 7306",46,1.08703360374353,0.196996754292929,9.34311913328204e-05,0.0108644826287557
" 8635",41,1.06518892951756,0.293717902440437,0.000215806897520455,0.012608998185885
"13133",33,1.19640753733511,0.28465135403555,0.00277931190800752,0.0144319898461937
"13491",14,0.347294365929,0.0851063282409543,0.000496951780779352,0.0126870644976316
" 8458",19,1.10899463825182,0.297455989388315,0.000619114659651878,0.0127130789573087
"17016",20,1.05037201288445,0.296117682307837,0,0.0117212697444883
" 8696",41,1.03094042246908,0.256823131304798,0.001420409501037,0.0129079559126586
" 8578",47,1.12907815195243,0.285992640102155,0.000555692119749417,0.0124863237219034
" 9037",47,1.20968895385294,0.403259289722445,0.00126483273369237,0.0132365979509301
"12210",30,1.05670804838702,0.251359223496271,2.63905870735074e-05,0.01150103652255
" 7316",43,1.06415943253312,0.196960470200846,0.000379045448209005,0.0112003956545852
" 7218",33,0.972319257805755,0.332683983557027,0.00210890586541439,0.0137281985233695
" 8700",44,1.11062757194211,0.244610675665258,0.00358230936791352,0.0135385214877273
" 8593",48,1.14239470681283,0.292257398456248,0.000165366823839639,0.0124615300971295
" 7872",53,1.22808118274415,0.387629657989611,0.00114288268213496,0.0128753057310127
"12222",30,0.958019555999503,0.125649901864283,0.00352739992061541,0.0127909984841948
"10899",28,1.1368532336283,0.190126860783684,0.00335117890370522,0.0138123913406006
"11302",28,1.21691148403003,0.20394165541102,0.00837369071296086,0.014662693310898
" 7317",46,1.05814325875967,0.203819085714839,1.97929403051305e-05,0.0104580218582331
" 8591",37,1.11349324482285,0.309881007641135,0.000595490827674787,0.01277776159334
" 7774",52,1.21637118584693,0.337925873391727,0.00102178393983797,0.0128801774762905
"12028",57,1.06472335739305,0.159290493064361,0.00106200830239356,0.0114432887732799
" 7510",73,1.03296467365958,0.147780935904743,1.93672856749127e-05,0.00938538485903383
" 7329",43,1.03139444534625,0.191769634654819,0.000170687506717362,0.0110341317469787
"15122",42,1.52952604979825,0.687096788612555,0.00479585071866464,0.0148753787146094
" 7003",27,0.950728996812986,0.289876699739876,0.00013918906408124,0.0118667216964333
" 9167",50,1.08830638895869,0.225551038206999,0.000716589569971768,0.0114782559166735
" 5862",30,1.14832898265055,0.351453238061966,0.00240984368897842,0.0134013214027507
" 9222",40,0.849225704920369,0.239059660034258,0.00209081554363013,0.0134903306630596
"16819",41,1.08804803741061,0.407038328144292,0.00218382108033273,0.0138433134190003
" 9665",36,1.2325712088323,0.325822281358638,0.000141955819177657,0.0131336298922573
"15110",50,1.16662094961693,0.572508595697749,0.00227746509898066,0.0145009496854999
" 6079",41,0.968634126411096,0.206155567977635,0.000758942205678446,0.0125111360634113
" 1541",31,1.19184216772166,0.4933971207604,0.000970279729581613,0.0118682752720529
" 8631",57,1.30678109115921,0.368338337894588,0.00335160455833543,0.0135023318100977
" 9160",45,1.03672167706624,0.21419117564696,0.00056697196745019,0.0110725841436669
"11858",32,1.33278211528188,0.448463376114591,0.0111955680839902,0.0146375697776517
"14453",57,1.10436621964432,0.217029182477302,0.000895790169293488,0.0124597992029756
" 6955",42,1.27125050419066,0.497780250119928,0.00567504035737963,0.0148052470477368
" 9376",46,1.1165958768423,0.228068315869137,0.00138742126719512,0.0131126151316217
" 9458",41,1.10480630450921,0.227353588181115,0.00300810127174962,0.0132218893551386
" 7279",44,1.18057312509526,0.378025573993434,0.00150511477245036,0.0128687700992015
" 7881",30,1.04831990398562,0.244158248404365,0.00309748874409537,0.0136072153599684
"12294",48,0.988263414833382,0.147707440288107,0.000318176836087851,0.0118812717268671
"12621",58,1.07939899419782,0.152739747112558,0.000272844617969649,0.0119167234753656
"14531",14,0.157021780191548,0.0335790737286456,3.40523704174289e-06,0.00966236193020144
"15078",41,1.34376542886759,0.549643156024295,0.00226214153229282,0.014166624720133
" 7718",18,0.998666141808326,0.218527293618803,0.00129569269438317,0.0131299184065928
"14603",60,1.34427359991118,0.531520390128728,0.000642525664313861,0.0134714991901987
" 6711",60,1.26332171074995,0.474182747380999,0.00203590609633203,0.0136090590693216
" 7696",52,1.06940262573152,0.277748673182608,0.000651251584233327,0.0122982939234555
"14599",49,1.20228346292246,0.511561275649415,0.00109052716261816,0.0136869814274216
" 9350",39,1.10166175624651,0.259931611435648,0.000369893873659321,0.0117713720501883
" 8755",43,1.08471858935415,0.220663425108654,0.000458217209429527,0.0122185317302591
" 8018",49,1.10218362855053,0.382465354510251,0.000823003227526234,0.0118712357559444
" 8671",36,0.959581889724026,0.23424134894637,0.00219573940997883,0.0130704002504647
" 8582",31,1.12998333618227,0.32869824210513,0.00168516668103251,0.0131549555811368
" 7282",54,1.10346226129287,0.220538543522597,0.00158428653367088,0.0129664393355281
" 9192",51,1.10109113066876,0.264719424608545,0.000233045910044279,0.0109555323049258
" 7514",55,1.04308657839787,0.159189501187587,9.32183640177115e-05,0.0105948663269583
" 8659",40,1.02891571617883,0.269193041638702,0.000911965045241767,0.0128722681848893
"16211",53,0.936391723876342,0.296297999558077,0.00034414176853114,0.0128153045265139
" 6092",45,1.21967075662335,0.258772979153768,0.00417737454095808,0.0137830546006153
"16698",58,1.31478656765532,0.504202839805193,0.00172432690701255,0.014115432227313
"16813",41,1.32923879338161,0.565342407429803,0.00327881761656818,0.0145373366802521
"16520",46,1.06448194195186,0.389332202393478,0.00137699272875478,0.0135752045785659
" 6111",43,1.04058164888815,0.243314518544496,0.000806615524262846,0.012571425411405
" 9337",46,1.0112588351017,0.204811508352021,0.000178562117376393,0.0103173356611729
" 1431",33,1.0326343198408,0.348074010653966,2.34110046619823e-06,0.010047125207001
" 6706",56,0.90323237619292,0.15414385002538,0.000782991692285755,0.011068932080783
" 8776",51,1.02021181691797,0.177271138645533,0.00270141711067765,0.0118829568635397
" 8009",39,1.03079846676681,0.383053994100048,0.000997947280545774,0.0117226141737777
"16934",42,1.10020656469003,0.405885096394893,0.0018422332395829,0.0134899955261786
" 6115",33,0.87387128884527,0.194064827836108,0.00242644421955692,0.01365307652033
" 7957",55,1.17804820465937,0.328059345147905,0.00112436670572048,0.0123359635695316
" 7191",38,0.786112921980123,0.215840215524936,0.000383089167196075,0.0126800637041339
"12719",46,1.20549673813247,0.435256736813087,0.000273908754545193,0.0128356858281349
"13178",20,0.924656377841809,0.347820667838818,0.000790866302944785,0.0130162777052205
"14681",34,1.36300976005069,0.379430341535334,0.0167082211999417,0.0151968200477291
"14606",34,0.716519737283517,0.290767506481858,0.000297106931892067,0.0128339215214214
"15380",53,1.25975361427541,0.370749460068447,0.00248199214880035,0.0135465024226244
" 7726",24,1.00860174271987,0.284478166958075,0.000370745182919757,0.0132783562873036
"13101",24,0.794956137942133,0.310645693866905,0.00109818894596208,0.0139904032979546
"11372",33,1.02942100183529,0.134497896832689,0.00241069499823885,0.0126164853680131
"11184",50,1.05653287169015,0.14524082506723,0.00209656188113807,0.0121245735475338
"13146",49,0.922859987055866,0.332064054733895,0.000904090434582736,0.0126632895526595
"13937",51,1.05189777843507,0.155296930452153,0.000309663743483494,0.0106168372023885
"15679",33,1.32601932474018,0.55734929315095,0.0014512694617278,0.0141914449793353
" 7314",41,1.0899631271321,0.22493076990611,0.000530578496566563,0.0109264792873698
"12460",44,1.05546960363984,0.155840513516789,0.00302108373797127,0.0130292939141867
"15126",42,1.33053502852945,0.62762964796197,0.00617518454788561,0.0150066198301452
" 7389",13,0.922574564867379,0.199541076744766,0.000248369476732122,0.0130165101050437
" 8779",59,1.01863641387548,0.155721276646714,4.17141537613503e-05,0.0101971992759538
"16215",28,1.04928183264712,0.305765615883573,0.000194524166009562,0.0118627515808109
" 7249",77,1.0514008519553,0.149445513237857,0.000678919135197488,0.0107021260104901
"13163",31,1.14935200822089,0.329494623299407,0.00171155726810602,0.0143728771757744
" 7299",60,1.10908755583386,0.256157154535237,0.000872591991946614,0.011070404795577
" 9994",24,1.0737490468922,0.229165205849964,0.000183244318308789,0.0120767256909708
"16162",30,0.860819184933883,0.34477852573267,0.00181754527103027,0.0141795640498324
" 7322",48,1.06870220484807,0.197611134724618,4.8950282475054e-05,0.0101469875416145
" 8506",44,1.08411873333731,0.223605984736585,0.00180477563212373,0.0117015495041596
"16631",32,0.958971620694308,0.317887152642294,0.00421206539332084,0.0141332152629497
"12171",40,1.18234140979126,0.419958172346712,0.00260351654572754,0.0134626000506632
"14305",42,1.30201004749794,0.546185283630495,0.00418929287060418,0.0144994421828434
"12182",41,1.00354320586192,0.15379109384199,0.000973897793938465,0.0116334719032315
" 9632",45,1.11029248461791,0.217502564856625,0.00297873110226459,0.0127759935183279
" 9480",53,1.07648074821316,0.267908660298841,0.00356272925492349,0.0133103415532132
"12133",59,0.989423275571014,0.16246522069128,0.000434806204767545,0.0109956460445606
"10077",52,1.01162784837616,0.148142391805876,0.000238579420237111,0.00998499102637832
"11648",33,1.14675546754813,0.417044960969065,0.000573356786903458,0.0123893845199003
" 1728",44,1.10202844366312,0.358989308282654,0.000103008420512722,0.0111406644537155
" 6248",32,0.737584492212751,0.138702610012586,0.000977515858295317,0.0121416166450524
"11650",41,0.865854476946876,0.113994957358548,0.00264821028190042,0.0115757944282857
"13730",39,1.06190584151134,0.254042449079661,0.00190225054244362,0.0122743556556546
"11304",58,1.05046852179861,0.211522388984396,0.000753834350115831,0.0120458638960973
"15683",50,1.36667869294899,0.593549425412911,0.00349228341362244,0.0145141535531629
" 9833",48,1.15139695994927,0.338125081112842,0.00315346232796902,0.0134664829689622
" 7822",40,1.15717172548777,0.358026425923429,0.000776394045517378,0.0127502646956126
" 7318",46,1.02656663840707,0.190622846710465,3.51165069929735e-05,0.010098937414568
" 9881",59,1.06005859765996,0.199803793182529,0.000801720496015341,0.011214831114336
" 9341",57,1.07056988339931,0.20549255977092,0.000260500633693331,0.0101250631290606
" 7406",72,1.06341182250583,0.134235897526111,0.000117693505255238,0.0100182057777127
" 9107",76,1.05881091228856,0.114484186412406,3.10727880059038e-05,0.00958069869136583
" 8760",54,1.03155166077289,0.177170447555242,0.000151745875672667,0.0117608801887581
" 8013",37,1.03488259568931,0.380795651563594,8.57694079888989e-05,0.0111458979547462
" 7884",39,1.30478278815431,0.475753774750825,0.00469156533426126,0.0144772509973949
" 8938",39,1.04575459761438,0.119494343898681,0.000633799744394395,0.0108700230773978
" 9153",40,0.99542814960786,0.137450114900155,0.00111372533996503,0.0115332448511028
"12169",20,0.293998447159144,0.0950723101530236,2.59649324432895e-05,0.0121097040809113
"12432",41,1.1343380710128,0.339657065056836,0.00217850039745501,0.0136277714393062
"11891",61,1.29274328903159,0.358701242324376,0.00244666281449226,0.0135571974187776
"11599",63,1.21224312250554,0.422175942163304,0.00083768831226875,0.0133018227451928
" 9021",60,1.16666770797709,0.399745282104542,0.00233216171896366,0.0131445875272678
" 8685",40,1.08050382181215,0.24980507120809,0.00229789652123112,0.0119563889610638
" 7455",81,1.0260819445914,0.151804044486423,3.80960894044985e-05,0.0105491493541721
" 9201",24,0.99929978960756,0.234203800636437,0.00071637674265666,0.0112817566765268
"16670",12,1.07318489433108,0.250379180143469,0.00289679258594765,0.0138387028471177
" 2495",45,1.09246396860985,0.369597844755463,0.00133421443841788,0.0135740414671585
"11713",62,1.00632462237231,0.130049381192751,0.000134719690463953,0.00997457576942801
"13903",60,0.915240096531084,0.152894187299644,0.000344780250476467,0.0108524134939113
"12177",35,1.09309882284813,0.25384610391046,0.00028263467446466,0.0116650406469235
"13399",33,1.30862622873456,0.485018750002232,0.00404840118800207,0.0145529364751912
"12670",49,1.08467279237919,0.268783474727517,0.00168899757270447,0.0131269349010589
"14168",13,0.600240649203012,0.14376489379491,0.00343226611076172,0.0137452359267013
"14722",65,1.05767845305805,0.142078065326193,4.46937361728754e-06,0.00924305711787963
" 1597",40,1.10003078363602,0.380770598490258,4.46937361728754e-06,0.0104945794634261
"10243",40,1.10046389942715,0.356797433855758,0.000652315720808871,0.0133765501141094
" 9837",49,1.28979698206162,0.409770314896302,0.00187139058175282,0.0138846700538379
"10713",71,1.10609559731274,0.182428936359352,2.19212134562198e-05,0.00965569968495274
" 7230",29,0.986727652405294,0.343282030786268,0.00177795939042,0.01333964436652
" 8745",44,1.20569012007792,0.287883962118854,0.00180818086916547,0.0132595497985831
" 8598",39,1.09681180328552,0.307662599218251,0.00114841619232779,0.0129511924991631
"17005",24,1.05798242010894,0.287684118325122,0.000848755332654414,0.0121616415138869
"10377",40,1.04011242143999,0.173607874911488,0.00181775809834537,0.0133476976624508
" 7652",52,1.11973879338421,0.25463766002774,0.0017754054626387,0.0124926994288653
"11116",43,1.22440754186426,0.516069980333088,0.00118246856274522,0.0134946308694398
"11592",77,1.46549509581239,0.671302657530332,0.0010939323996599,0.0133435450796411
"10638",36,1.18200857356664,0.42447184355815,0.000894938860033052,0.0126181042680638
" 7302",54,1.08147441220484,0.207873935130178,2.1282731510893e-07,0.00997687840755865
" 8571",69,1.09140982190403,0.194680252434447,0.00228470122769437,0.0128687941099677
"10401",35,1.02767908692182,0.205434184103425,0.00066444687777008,0.011710941706615
" 9084",49,1.03543146759771,0.121053144047274,9.34311913328204e-05,0.0103115080396139
"11199",34,1.22395206346611,0.431057968701293,7.53408695485613e-05,0.012307585611175
" 9083",63,1.03880898854849,0.130869036559049,0.000456301763593547,0.0107133211388219
"11195",33,1.06821434391007,0.397981439754267,0.000402669280186096,0.0123606154703101
"11915",40,1.16069274521113,0.293871412502693,0.00573527048755545,0.0137375412229426
" 7842",56,1.16410533509838,0.396536926297866,0.000345844387052012,0.0126048861732593
" 7677",59,0.997097768521146,0.202614452992234,0.000652954202754198,0.012427986000376
" 7511",45,1.08837058745026,0.231393369685412,0.00492886779060772,0.0123189015523844
" 7349",44,1.1107080858181,0.284230632071375,0.00326924038738828,0.0125497656725703
" 8275",40,1.22668489489178,0.669024371910611,0.000476520358528895,0.0125692439251531
"14567",53,1.04851892305061,0.269765122405143,0.00206655322970771,0.0132812238369375
"13348",62,1.03904901053852,0.135393323769754,0.000349462451408864,0.0101876312198867
"12672",49,0.966506840516502,0.149656256148987,0.0012392934558793,0.0117945557614291
"12837",57,1.05085764792067,0.1814132817965,0.00168388971714186,0.0118373559166945
"11787",38,0.96558724679939,0.149317603452601,0.00448299456545451,0.0127484789728615
"14770",65,1.06009450431734,0.160857254882464,4.32039449671129e-05,0.00993092001365455
"10805",65,1.07311862255492,0.185919661668598,0.000503975082177947,0.0108529201661885
"10266",59,1.14424486763191,0.269552055377674,0.00200164089859949,0.0123542358158047
"16618",13,0.917304187241744,0.173466754855917,0.0033388349194289,0.0138577633430646
" 1528",13,1.06369159167696,0.463434658045892,0.000121524396927199,0.012146620427973
"14142",47,1.0543668252704,0.197371928004219,0.000683388508814775,0.0114286156371069
" 7453",83,1.03647825230489,0.155991504617536,0.00013322989925819,0.0106396671505789
" 7444",56,0.970466068958507,0.151663283020169,0.00169261563706132,0.011283692020371
" 9696",38,1.02253683486551,0.259193170320851,0.00547519550849234,0.0132852615615855
"10489",44,0.990977352945746,0.14979237380169,0.00798081148926978,0.0124075134919421
"10344",51,1.03586714490661,0.136374601379953,0.000926862957299392,0.0113485780271851
"10056",55,1.07357151242171,0.231196092990932,0.00132144479951135,0.0135741382037656
"15672",41,1.09335929109922,0.451276561216745,0.000741277538524404,0.0138541876732899
" 9712",19,1.00468980097341,0.213986488349707,6.51251584233327e-05,0.0118800086011946
"14804",62,1.31852839379277,0.4887483418073,0.00119076882803447,0.013540225962346
" 7827",54,1.34127587369277,0.522837167302546,0.00240324604221004,0.0135807051170941
" 8381",44,1.34778121437006,0.720652242697664,0.000336054330557001,0.0126602218690974
" 8979",61,0.795290189670738,0.287363310739613,0.000118970469145892,0.0116058341614927
"14022",82,1.01683704701453,0.128690643484985,0.000384791785716946,0.0105810639197576
" 8228",42,1.39424128785535,0.731020808654886,0.00127334582629673,0.0132951165247168
" 7226",51,1.14215880790066,0.33160457630528,0.000207293804916098,0.011984665855757
"10451",48,1.48139630567325,0.402112310796318,0.00424377666327207,0.014381175294624
"14790",47,1.08055119650345,0.330000183395093,0.00136039219817628,0.0136833339974531
"16808",49,1.16359911490221,0.522041847705691,0.0015608755290089,0.0142919417351164
" 7545",50,0.978448896474008,0.189828789282864,0.000888554040579784,0.012200034742471
" 9675",30,1.10246494839172,0.237498537027749,0.00816363015294835,0.0143254590140259
"14778",57,1.04588502889133,0.141062681436691,0.000429272694574712,0.00964857227849546
"10589",43,1.09312013415414,0.221959408868629,0.00228640384621524,0.0131708805409779
" 9641",61,1.48167269920133,0.410720112610886,0.0029885211587596,0.013787093242402
"10722",38,1.00163200026473,0.158811459184523,0.000531642633142108,0.0126320098054844
"17313",36,0.643691149104987,0.220527275022229,0.000454811972387784,0.0130120488026357
" 1459",37,1.09498872819218,0.42435110649572,0.000504400736808165,0.0112863156617636
"10177",59,1.07485455632023,0.187253097427167,0.000744469948251038,0.0118736207860782
"10513",25,1.13256561493651,0.229542079853314,0.00436168299584242,0.0139144702574826
"10759",34,1.11050578844664,0.226885924731583,0.00193204636655887,0.0136424916977108
"12745",15,0.863530882266616,0.222424707976515,0.00152980274100299,0.0136157483023637
"13460",20,0.948667146453296,0.222933466028234,0.000675301070840636,0.0134380919430131
"13107",27,1.08833897995744,0.285611709018299,0.000965810355964326,0.0133388479848051
" 8007",48,1.30176449407747,0.47459015949582,0.00591936611512468,0.0147026147723357
"10718",65,1.19040082112676,0.421628940137592,2.27725227166555e-05,0.0116017165858221
"10712",56,1.1590479171821,0.424262270118348,0.000178349290061284,0.0117453245399256
"11632",51,0.90909806641411,0.149313542882158,0.00290360306003114,0.0127588126757623
"13584",24,1.19771283308193,0.348858672089233,0.00788950857108805,0.014750078140194
"11269",29,1.0790089388832,0.307158260352295,0.00226299284155326,0.014011068298232
"14821",46,1.18644133166059,0.463868898654037,0.00301342195462734,0.0143726234768033
" 9563",30,1.19605224076958,0.323292222727824,0.00123886780124908,0.0139699594287878
"14808",49,1.31135696869104,0.492021254575996,0.000873230473891941,0.0132427074980628
"11490",32,0.751138128149252,0.23919384216426,0.00233301302822409,0.0138090718344432
" 8246",33,1.21230913579229,0.654502968652666,0.0010128451926034,0.0128068118108055
"10891",66,1.03323324022636,0.160537436026882,0.000286891220766838,0.0104361767582874
"10673",68,1.04599077971333,0.138178255156885,0.000446511707098536,0.0106809074260795
" 7790",51,1.20537294532634,0.42434641003346,0.00146893412888184,0.0135371020255655
" 9697",57,1.06230963115995,0.173573057479752,0.000354995961601696,0.0106929310386879
"10246",58,1.02198039430001,0.15718932913391,0.000758516551048228,0.0113610888871366
"10762",66,1.21931936527084,0.452428074858297,0.00179009054738121,0.0134331237084231
"16202",52,1.20194884773959,0.4667558105626,0.00283549831919628,0.0138324381795732
" 8417",43,1.26348566650015,0.63523434776603,0.00113713634462701,0.0125933631478108
"10147",70,1.5764041450991,0.504599679177157,0.00331755218791801,0.0142819679975823
"10050",26,0.665990769806735,0.145095546999672,0.00130441861430263,0.0136593195353431
"10166",31,0.708581052590162,0.16650724162977,0.00142785845706581,0.0134009002071791
"10041",22,1.11303436750943,0.204480280632406,0.000702755794489688,0.012174243348539
" 1430",38,1.03973640502484,0.345300807061401,6.38481945326791e-07,0.010055813457144
" 8229",38,1.27044966399847,0.677457729850996,0.000568674585971062,0.0131632245971244
" 8462",43,0.909130219451597,0.345283427578433,0.00162259545039049,0.0135652482344262
"10201",44,1.03064866499309,0.22247946685842,0.00358401198643439,0.0125549083128913
" 9699",44,0.97149608286059,0.13908710848094,0.00181541699787918,0.0125223041521225
"10711",54,1.13480712040356,0.40298184874108,0.000353718997711042,0.0117279416542437
"10101",38,1.22104541612179,0.280951834468611,0.00125717095034845,0.0128454738219858
"10081",37,0.850887404906853,0.203434059995242,0.00021091186927295,0.0121858966924279
"10035",49,1.14272209211673,0.182931776565863,4.17141537613503e-05,0.0112054277576675
" 7301",45,1.12638578445109,0.28051041726181,0.00122545968039722,0.0121194002708961
"14829",48,1.12239437988609,0.439843041138948,0.001301226204576,0.0138878902475417
"11920",47,1.01016313131009,0.104071245804238,0.00053313242434787,0.01000177539628
"11933",48,0.995396581053545,0.103473256898411,5.76762023945201e-05,0.00994000628538874
" 9816",35,1.20189364108216,0.376997264897817,0.00143126369410756,0.0135562790724078
" 9976",54,1.08688535266435,0.215436925800392,2.78803782792699e-05,0.0101696601269212
"11109",49,0.957884515222901,0.378333690911332,0.00161472083973145,0.0139646051708806
"13473",18,0.969620737262852,0.206264348957752,0.000143445610383419,0.0130101239556916
"13781",20,0.934487757948881,0.220132413092094,0.000259223669802677,0.012963882774576
"13090",12,1.04430116762765,0.201916618891663,0.000756601105212247,0.0132018955913247
"12858",15,0.926869199658561,0.188609771062513,0.00101859153011134,0.0134549498723705
"18155",29,1.31747245235731,0.315095738608599,0.00118417118126609,0.0133214820863271
" 8786",42,1.22260888025396,0.2942425802535,0.00779373627928903,0.0136911443372453
" 9743",47,1.26883760423361,0.445709148303816,0.00556607277204386,0.0145125145959635
"10833",25,0.914504114763553,0.165604449037098,0.00313984137980205,0.0136514569494143
"11286",43,1.16840090202344,0.194981192140223,0.00235897796066738,0.0132964546726639
"10550",36,0.894581371207429,0.203070399258162,0.00232896930923702,0.0137298785073773
"10734",52,1.06068987269218,0.172588148752884,0.000697435111611965,0.0112830954212879
" 7799",38,1.18234954456642,0.351368146077325,0.00270822758476114,0.0136501698269662
"11945",60,1.02425620158374,0.115887731846276,3.83089167196075e-06,0.00801652447345116
"10198",49,1.19721334241456,0.363481999820656,0.00218552369885361,0.0141032889288515
"10369",42,1.07136137184749,0.240765220897464,2.97958241152502e-06,0.0116310866048032
"11893",67,1.02549293016201,0.107770119906386,0,0.00793587164119201
"13331",18,0.830446134727238,0.215790099488455,0.00123035470864473,0.0131404203717369
"13864",16,0.829017828048488,0.173671332994325,0.000916008764228836,0.0130226291919585
" 1605",42,1.07512578405452,0.353585558603805,1.91544583598037e-06,0.010401366236637
" 9072",38,1.20110960149989,0.384803148736371,0.00231577401570027,0.0134350807446492
"10374",34,1.09057359006581,0.250829309327193,0.000705948204216322,0.0119201118238756
"11900",66,1.02434646807819,0.107812436139729,2.1282731510893e-07,0.00790508434399325
" 9795",47,1.39015466414245,0.426364861350309,0.00991605026555528,0.0150982329943934
" 9708",18,1.0413206229144,0.223952806391876,0.000139827546026567,0.0120758519723938
"10405",32,1.02751223267323,0.228846801237257,0.000460132655265507,0.0117365418114497
"11903",64,0.999053334439912,0.106860169182111,7.66178334392149e-06,0.00863908759597445
"10950",44,1.047119552196,0.130411577592117,0.0061366628038509,0.0108530556306687
" 7776",24,1.01414676152656,0.334240092239222,0.00491609815170118,0.0147830105255769
"11952",68,0.99264031172086,0.119209376171962,1.78774944691501e-05,0.00800258446742551
" 9883",35,1.11200491024747,0.201065000861476,0.000475243394638241,0.011928951384786
" 9827",39,1.04630534368299,0.193428276372535,0.00214572499092824,0.0129873874123998
"10083",46,1.14149354683385,0.157751584271869,0.000586339253125103,0.0119648352856139
"10961",45,1.03199547496224,0.125128429694445,8.36411348378096e-05,0.0101780611756855
" 9020",39,1.16313845890709,0.378506762144464,9.57722917990187e-05,0.0126577328443479
"10194",21,0.99299512810131,0.19000035116593,0.000721484598219274,0.0123290728337562
" 7327",59,1.02296709306141,0.194203426259644,9.27927093874936e-05,0.0101904997302934
" 6775",22,0.390504832213315,0.069101529367659,0.000107690621445119,0.0118282298267904
" 7227",47,1.16206299734796,0.337398925363859,0.000340523704174289,0.0121028841397401
" 9842",55,1.05270140145367,0.133998464473675,0.00140955530796645,0.0123777212550305
" 9629",50,1.08101634952065,0.198208787359652,0.000242197484593963,0.0108731636852802
" 9571",56,1.12005778770733,0.210099943956587,7.70434880694328e-05,0.0107048470930074
" 7666",57,1.19417034593111,0.439431878189779,0.00186223900720314,0.0131156087751679
" 9959",53,1.02021925800038,0.126829572871307,0.00178434420987327,0.012220720866662
"10667",46,1.03659151746961,0.198921402006751,0.000318815318033178,0.0124133118663597
"10929",42,1.02262589347023,0.244858519384628,0.00269737339169058,0.0135619509703486
" 8437",42,1.1520828872826,0.594899433812156,0.00131186757033145,0.0134250673797811
"15440",40,0.699135555943262,0.194816132106383,0.00123950628319441,0.0130111848917527
" 8207",58,1.31017042527329,0.648150783828987,0.00037606586579748,0.0124834532391095
"10979",72,1.04834614406731,0.141648678168226,0.00020303725861392,0.0092560738575767
"10940",67,1.03310313180057,0.112306674310657,4.25654630217861e-07,0.00774127047061551
"10598",60,1.00552089165011,0.108813729442888,9.34311913328204e-05,0.00921365553762874
"10496",43,1.08637892686094,0.25489446102335,0.000216232552150673,0.0123483456222493
" 8941",11,0.953380151649652,0.21274397273655,0.000610175912417303,0.0131649262419322
"10941",71,1.03528609009234,0.113004359167541,6.38481945326791e-07,0.00787579720793361
"10602",64,1.01210569705492,0.113700950161138,0.000300937823564028,0.0093731684163955
" 9312",33,1.0575017193282,0.156263582818163,0.00314388509878912,0.0134403014236472
"10403",44,1.00559117097539,0.148507436625674,0.000929842539710917,0.0115453036385607
" 8713",42,0.981352542654008,0.283026209757084,0.00434891335693588,0.0141087362667627
" 8586",46,1.28050514518785,0.419958605571496,0.00327860478925307,0.0134836194013608
"10942",67,1.03363700773806,0.11227920120571,2.76675509641609e-06,0.00784915358710212
"11887",61,1.01895843395812,0.105379457425265,1.48979120576251e-06,0.00947440053400476
" 1447",33,1.1054489771892,0.393324265245548,8.61950626191168e-05,0.0111780394216296
"13860",48,1.03741343121171,0.16466748790126,0.00196056522678347,0.0112953673223712
"10957",66,1.02951897162566,0.113488647190275,1.91544583598037e-06,0.00785409926469664
"11879",59,1.03399595353678,0.107854542176962,0.00398348885689385,0.0101575304267239
" 9414",41,1.09347541546569,0.279131007295754,0.000528875878045692,0.0121471439025672
"14835",53,1.18748555578354,0.419468485975522,0.00216168703956141,0.0138866047424765
"11921",67,1.02215627723001,0.103606256036521,1.70261852087144e-06,0.00966455254882781
" 9713",36,1.06838409960042,0.246177034136437,0.000871740682686179,0.0121801621207958
"11312",41,1.1882887746027,0.340258108983708,0.000978792822185971,0.013725296640802
"13148",21,1.06590242102449,0.304950416538652,0.00197950685782816,0.0143540489932599
" 7193",27,1.19555824529411,0.388974771020935,0.00110946879366285,0.0131879599418635
" 7709",37,0.944178933923281,0.279220398817203,0.000604642402224471,0.0122579821215529
"11980",41,1.21406259972143,0.282865392391229,0.000928778403135372,0.0130570555430423
" 7775",46,1.18032852620159,0.40886898674716,0.000851734915065939,0.0129654138786889
"11754",33,0.958072684016523,0.238394402658545,0.000342651977325378,0.0127455824159793
"10468",35,1.26919159373578,0.369247671391424,0.00244708846912248,0.012942598975147
"11295",33,1.04596107635183,0.301212334829604,0.00102412504030417,0.0133810841448427
" 9122",50,1.03503598485694,0.171230152179962,0.000165579651154748,0.0105710721850604
"10030",34,1.07689533465668,0.192341686517016,0.000490992615956302,0.0119207399988503
"10733",59,1.05427138889094,0.245093750415461,0.00129505421243784,0.0133959718962591
"12233",24,0.932754052200818,0.304127342293373,0.00117885049838837,0.0128749383943795
"11167",35,0.99381890983993,0.313155342876825,0.00190629426143069,0.0131575129552776
"11712",61,0.958412130486096,0.122818356063364,0.00028263467446466,0.0101317857557103
"10946",61,1.03625961552041,0.123191952953574,0,0.00891670655654063
"16176",51,1.50006018562303,0.475152563059599,0.00388133174564156,0.0143922660291996
"10104",42,1.1241362872394,0.297333072766655,0.00113585938073636,0.0130019096392709
"10472",43,1.03311323097249,0.128900862493866,0.000267311107776816,0.0110827421765688
"11513",65,1.09656897275584,0.167418536648118,0.00160450512860623,0.0122524411292708
"10952",62,1.03706851031251,0.123690010687093,1.27696389065358e-06,0.00899798734000549
"10084",41,1.06510167951294,0.302324112404895,0.00138316472089294,0.0129722358933357
" 1446",22,1.09843445467631,0.488887930948632,0.0003860687496076,0.0121807283859945
"10985",60,1.033321622102,0.121832281332722,0.000565482176244428,0.0093258590227098
"10661",52,1.40693217208182,0.57276849199919,0.00135932806160074,0.0139327074722295
"10034",41,1.13723166171033,0.182945707003317,0.000182393009048353,0.0113604124135839
"11248",27,1.04928304472023,0.419216732317423,0.00524151111650274,0.0145900059183301
" 7088",50,0.794682029276124,0.168944290064658,0.000369681046344212,0.0111267818315367
"12019",33,1.24300779200158,0.326543645706427,0.00151405351968493,0.0135524852336128
"10208",46,1.09605317050551,0.200896848599767,0.00158449936098599,0.0119233578064458
"11198",52,1.25409978778385,0.484858502661697,0.00259117256145123,0.0139770246329034
" 8623",56,1.06139656395026,0.20213910664791,0.00190139923318318,0.0121789042701818
"10715",55,1.15882953594639,0.422790851423867,0.000448214325619407,0.011975795314827
"13067",51,1.08077959529059,0.189871904087654,0.000731274654714285,0.0121124478353392
"13629",41,1.03672626910922,0.254961699310422,0.000860248007670296,0.0118016387572888
"12167",36,0.878391780069935,0.121757451721262,0.00265693620181989,0.0132729485702052
"12962",32,0.746624284158202,0.104513755554105,0.000809382279359262,0.0118969146371859
"13583",38,1.01441234456939,0.356630339054219,0.00135336889677769,0.0126182614974959
"16184",49,1.47342001742223,0.703051545306235,0.00519085821550681,0.0147741840079121
"12920",41,0.75791367511335,0.124445080409009,0.000449491289510061,0.0115667188373575
"12693",52,1.04224320625081,0.137222755747844,2.31981773468734e-05,0.01015387450715
"12526",64,1.10371276537417,0.16430292451687,0.00102050697594732,0.0114165301567094
"11465",68,0.992390764893503,0.150266059906052,0.000156215249289955,0.00991932189289959
"13547",48,0.845783846919183,0.137390969209388,0.000452258044606477,0.0111722235618689
"14087",48,1.20495626013521,0.409038189056075,0.000589106008221519,0.0127012999847454
"14393",70,1.05051739086639,0.14380683151449,0.000790227820999458,0.0105221356281835
"13356",72,1.04009683325312,0.126722283079373,0.000208783596121861,0.0103284206258069
"12014",39,1.28302119315021,0.313041575900596,0.00193821835869703,0.0134711166965793
"14157",71,1.00925156302563,0.121609207678953,0.000273270272599867,0.0101667609005299
"16732",53,1.20845867870913,0.419674613359994,0.00213423231591235,0.0138949355311451
"10987",73,1.04532214936013,0.134620325400888,4.68220093239647e-05,0.0091174168976858
"10071",78,1.07405107975031,0.121740982907192,4.36295995973307e-05,0.00958446249274363
"14530",55,1.33805576470065,0.436229921362417,0.000919839655900797,0.0128513768598911
"12849",42,1.01593690794718,0.214839563962946,0.000834495902542116,0.0126384463829124
"17191",37,1.08786833210031,0.349355133302306,0.00261415791148299,0.0139044462807062
"16248",53,0.881613774292562,0.252439570395444,0.000978579994870862,0.0121292328531951
"11095",15,0.628132422721003,0.177821069977005,0.00164941169209421,0.0132712871450635
" 1518",41,1.07130240989685,0.395312854335251,0.000162387241428114,0.0108041153678092
"10089",46,1.15265119254594,0.157427903960355,0.000311792016634583,0.011875222638116
" 9790",40,1.10000603081279,0.257026167299862,0.00130697254208394,0.0130871560939113
"13892",59,1.02312282568752,0.181491452803973,0.00129526703975295,0.0118538658698733
"15977",48,0.96712899298877,0.364694453938987,0.00124206021097572,0.0135348943317175
"10037",38,1.02378132207709,0.167279733594273,0.00152256661228929,0.012047320440431
" 9764",39,1.1542856762974,0.281429404933751,0.00175688948622422,0.0133029249949674
"10098",37,0.983640902921258,0.148370944736123,0.00109648632744121,0.0123467943452084
"10729",49,1.06637510807444,0.180541680344698,0.00189309896789394,0.0111077852639407
"10044",22,1.02779870037853,0.193038842836226,0.000121524396927199,0.0121922960943977
"11107",47,1.18432262266529,0.268100209622358,0.00101497346575449,0.0122880764619893
"15680",48,1.22151924149259,0.4739299877622,0.0024643274816463,0.0141012299958571
"12805",24,0.726179579462838,0.149661380172567,0.00213146556081594,0.0131097515050613
"10924",75,1.084044645367,0.146760484716001,5.7889029709629e-05,0.00938269668225617
"10578",38,1.04316195518556,0.145421253143031,0.00138720843988001,0.0124536505491457
"10903",52,0.915012643713261,0.149479959287138,0.000662318604618991,0.0113698674535506
"15689",53,1.15316571827885,0.417478238604864,0.0014108322718571,0.0137025743521314
"10102",47,1.06783996380269,0.182456419102701,0.00174795073898964,0.0122938203332864
"10910",51,0.913441911112469,0.150918624347787,0.000196865266475761,0.0105782093181589
"12707",48,1.02244838564793,0.134806550755324,0.000359252507903874,0.0115840154997302
"12486",32,0.943964755379829,0.14571364354189,0.00307833428573557,0.0129202253922526
"11626",15,0.260031093686916,0.0654021424931965,7.87461065903042e-05,0.012033438074684
"10186",58,1.12831886455242,0.197762534150331,0.001160547349289,0.0114042992457907
"14532",63,1.27715807213078,0.414350798180227,8.91746450306418e-05,0.0123782417054386
"11276",51,1.07537129428387,0.203620915107136,0.000626350788365582,0.0117035468251332
"10789",73,1.06647375780287,0.13519603233111,3.19240972663396e-06,0.00861304772222443
"16503",32,0.537563525857901,0.174048563038953,0.000261564770268875,0.0125697946170431
"16181",62,2.05433279541013,0.949446163123419,0.0124961558066208,0.0155268666638299
"12005",42,1.15448931534427,0.235236574226978,0.000208570768806752,0.0119883942437259
"12717",52,1.08132769436894,0.141632818990641,8.89618177155329e-05,0.0106857520523971
"14591",53,1.24187450286898,0.417105506921145,0.000291147767069017,0.0127230483034995
"11515",33,1.10415885451857,0.209572866032409,0.00148596031409055,0.0129471101313336
"16220",12,0.405761866378768,0.21765878044129,0.000229427845687427,0.0142276868592182
"15410",18,0.356207138334352,0.0926907280287234,0.000114288268213496,0.0115387932854364
"10231",70,1.09553707440107,0.159416135102287,0.00141530164547439,0.0115606760752255
"10499",36,1.21853510617923,0.294968469219434,0.00193204636655887,0.0131492518132704
"14483",41,1.03117435025379,0.315533831924854,0.00297383607401708,0.0133981770827528
"12126",51,0.990099389337089,0.160315086035743,0.00151469200163026,0.0124977451725497
"13257",60,1.05152376891153,0.141178850322741,0.000597619100825876,0.0113452686683412
"11153",59,1.07167643665381,0.14692114864267,0.000131527280737319,0.00920471701423456
"16199",15,0.169556721568235,0.0576689048779449,1.27696389065358e-06,0.01063726671239
"14082",50,1.20655982928713,0.39143421199492,0.00117225285161999,0.0135223520169351
"12491",48,1.11432045796755,0.184056459255897,0.000392453569060868,0.0114080511946833
" 7835",53,1.26069366515501,0.471569739935536,0.00657870513733215,0.0150859666535181
" 8567",64,1.56121622676592,0.657152020200212,0.0143062521216223,0.0157462999484555
"10400",55,1.14714711255877,0.172886587193088,0.000419695465394811,0.0111383002682223
"11393",47,1.39098805846508,0.52384872231739,0.00421759890351367,0.0141839416004073
"13994",45,1.02118732143435,0.152150051116401,0.0063130966480762,0.0132523361599949
"13506",47,1.08572267990348,0.144608036005075,0.000308173952277731,0.0109793099247788
"11385",44,1.2075735100631,0.482975835049024,0.00173709654591909,0.0140200077443826
"10373",40,1.00995564092844,0.155948862177615,0.00058506228923445,0.0115522650887071
"11872",28,1.17950288979735,0.366244595984343,0.000255605605445825,0.0127849160151656
"15163",50,0.923669125104932,0.318325817500913,0.000723400044055254,0.0132789468521544
"14834",50,1.41603379608816,0.551809477214897,0.00435934189537622,0.0146348491808147
"10510",40,1.03753301302157,0.181726622144853,0.00249093089603492,0.0125105700023751
"11873",32,1.2561399501893,0.394889044986284,0.000470986848336063,0.0130027102824283
"15062",43,0.680537669316203,0.235734651354994,2.70290690188342e-05,0.0119718237317334
"12615",33,1.18495119052512,0.401816310303421,0.00094708155223474,0.0128758601359541
" 7198",24,1.03495942626215,0.354969635869685,0.00128441284668239,0.013339213499658
" 7280",42,0.976975789871308,0.260788520680284,0.00299618294210352,0.0132066592000145
"13726",20,1.03980566648328,0.264754447150304,0.00162514937817179,0.0136768880082148
"14292",26,1.04525588694948,0.257394182306761,0.00231854077079669,0.0138402521915695
" 9839",34,1.10098843608719,0.237790350110697,0.00468347789628712,0.0133073149637523
" 9601",63,1.09327823457472,0.208629534600029,0.00133166051063658,0.0117712303421476
"12572",29,1.2861418901838,0.442502404478098,0.000325412964801554,0.0126079489620744
" 9121",53,1.10917914091776,0.197110218585254,0.000642100009683643,0.0109589676516846
" 9467",40,1.06210704471069,0.177338686122396,0.000424164839012098,0.0123569489488798
"16100",48,1.41272367516298,0.469174802716237,0.004175246267807,0.0145533680383906
"13793",60,1.13593773463265,0.165018146985314,0.00030434306060577,0.0109583998291078
"15961",43,0.845532024793542,0.273973469953935,0.000760857651514426,0.0129167058645794
"11948",62,1.02850202377868,0.113256846324741,0.000112585649692624,0.00868341556804566
" 8969",15,0.989389961047875,0.215923700952464,0.00140104221536209,0.0127020430398502
"10914",43,0.929480877219737,0.15163991387515,0.00170027742040524,0.0124168846631064
"10629",38,0.795166135062201,0.107507097095069,0.00045566328164822,0.0120477663163061
"11874",52,1.14559546307186,0.286099645718022,0.000197290921105978,0.0114618271173447
"14475",38,1.14008913382176,0.337353627375312,0.00357975544013221,0.0133833779911075
"15999",40,0.839860283448207,0.274468209678772,0.00105881589266693,0.0138173472794056
"13655",85,1.09183768706019,0.130733154426483,7.61921788089971e-05,0.00959274276969788
"14596",37,0.764510310182942,0.244393468986501,0.000297106931892067,0.0124388234586484
"16487",15,0.515430246988779,0.119922340340464,0.000954317680948444,0.0130016239348673
"10389",46,1.06100546481231,0.220093405322564,0.000260926288323549,0.0117670602707737
"11899",67,1.02855500883091,0.1106108768815,9.151574549684e-06,0.00791132477299707
"10049",62,1.04067337378443,0.161490810656612,0.000772563153845417,0.0114273969193202
"10515",58,1.05762009003351,0.141776315545956,0.00050546487338371,0.0115966479846063
"10922",62,1.12562315442573,0.146110103019436,0.000416290228353068,0.0110515275567878
"10683",49,0.895788948906932,0.108794281633831,0.000343716113900922,0.0108589052902256
"11168",53,0.958583072771484,0.130572793989305,0.00103391509679918,0.0116268632469055
"11789",46,1.08484811173103,0.258630433042214,6.08686121211541e-05,0.0110756252252954
"10512",40,0.886791515143641,0.10508912776799,0.00168559233566273,0.0123670392242323
"11902",67,1.03079578833913,0.111329233649771,1.48979120576251e-06,0.00798248396276311
"10277",56,0.889808753614832,0.108723363368721,0.000454173490442457,0.0101135458477422
"10223",21,0.696033999038999,0.116670166294396,0.00343396872928259,0.0132641145225181
"10411",93,1.08859231840769,0.140326802555759,7.76819700147596e-05,0.0096212144006319
"10659",24,0.679051217470672,0.117327520529549,0.000884935976222932,0.0128571628566187
"10060",68,1.08845279308641,0.145928533580744,0.000734892719071136,0.0104014745376374
"11136",69,1.07996428165526,0.118663054536696,3.00086514303592e-05,0.00972019013513647
"11611",47,1.09492728073769,0.19943906738325,0.00144509746958964,0.0126593682366499
"15274",65,1.66484657215988,0.845071943417546,0.00569121523332791,0.0149668300611057
"11923",63,1.01376580082482,0.113529765671698,0.000227725227166555,0.00887487585658185
"14541",52,1.28973129990281,0.414460952938053,0.000688070709747172,0.013387190483747
"10308",50,0.939008906920725,0.126715684194177,0.00102902006855168,0.0115262185634535
"10702",58,0.993139270736283,0.106918030327602,0.000408628445009146,0.0102710894942255
"14021",33,0.719009551581495,0.249484774458814,0.000603365438333818,0.0128814811344507
"15695",40,0.854515739491106,0.30967744566287,0.0010986146005923,0.0129415196711136
"10210",46,1.19684026695154,0.40094417369554,0.00253754007804378,0.014233111887066
"12700",42,1.02990613238554,0.195569294393845,0.00130761102402927,0.0129639191993169
"12999",47,1.19871684981391,0.330968505464321,0.00189139634937306,0.0129721790526331
"12365",40,0.94885576893651,0.248808785572291,0.00252477043913724,0.0139106950657102
"10430",59,0.916209605625927,0.123234835104686,0.000417992846873939,0.0109319766982467
"11215",65,1.0520922877213,0.112222190083244,7.55536968636703e-05,0.00958703331680647
"10320",35,0.889907939596359,0.20390444623564,0.00112649497887157,0.012848896772274
"10649",71,0.934448847133558,0.12612432732024,0.000246454030896141,0.0101988442671153
"16024",46,1.38697067646181,0.723275011754868,0.00145744145386595,0.0144785229534875
"12925",18,0.768704719333029,0.191867549570386,0.00351016090809159,0.0137191559210065
"10087",51,1.01507457390732,0.18368532116121,0.00146212365479835,0.0125236043860932
"10471",54,1.12679838836116,0.151625657682206,9.42825005932561e-05,0.0111928343990851
"12266",44,1.0811392163191,0.253114441831745,0.000834070247911898,0.0128172816653543
"13488",32,1.10010859284498,0.282593667058747,8.74720265097704e-05,0.0111815488843407
"14105",41,1.08566016187519,0.273770983073721,0.000382450685250748,0.0111479034671257
"12464",51,1.13775160260291,0.174768847204249,0.000462686583046815,0.011777931573881
"12559",44,1.04219808307041,0.166935306467427,0.00296872821845447,0.0127928864766593
"12768",76,1.16185875318666,0.199774645200079,0.000763624406610842,0.011294214967642
"13700",41,1.08721024667643,0.300290000082625,0.00191331756282928,0.0132903915732167
"16448",40,1.45175388043077,0.729422081437916,0.00284699099421216,0.0146289652585104
"16490",24,0.608958092824844,0.160717721367837,0.000488225860859886,0.012087817278962
"12781",70,1.17602905305018,0.191859806229041,0.000339459567598744,0.0114498733951524
"12462",44,1.05621752707952,0.163441554465272,0.00258244664153176,0.0127586841243693
"14392",61,1.04169718421853,0.160473932804209,0.000812361861770787,0.010762508029223
"13342",65,1.0874186968698,0.135962171385773,0.000102582765882504,0.00999378407778007
"16467",12,0.222947346591554,0.0746278466765031,5.10785556261433e-05,0.0121236795517472
"16946",37,1.41404890997199,0.699947161100215,0.00330116448465462,0.0147890947103975
"12779",63,1.19449840722395,0.18050706683108,0.000657636403686595,0.0121345496670503
"13315",63,1.00343289029559,0.123822306284859,0.000400753834350116,0.0108711950589182
"16453",13,0.215389654345964,0.0549156484590348,8.15128616867203e-05,0.0115550989691142
"10960",61,1.02671487308783,0.109192058658264,2.34110046619823e-06,0.00867845546449695
" 9796",27,0.966394792934172,0.17057921538411,0.00306662878340458,0.0138303967070263
"13335",63,1.02148693347124,0.130682507083524,7.44895602881256e-05,0.00994848030184076
"11608",57,1.10700027699939,0.226096148973667,0.000430975313095584,0.0116334087285261
"14572",58,0.928622165560604,0.185086068070992,0.000734467064440919,0.0115567111289425
"14010",56,1.03261991958032,0.133156334741166,0.00053930441648603,0.010484019060046
" 7196",40,1.1800573719856,0.383931914601534,0.000907070016994261,0.0128270950264999
"11914",60,1.02149286155163,0.10323632513053,1.72390125238234e-05,0.0094571568628159
"10963",65,1.03434139071811,0.121885399556169,2.1282731510893e-07,0.00820178049610537
" 9219",65,1.08212127015988,0.140038257825804,0.00134379166759779,0.0113450849268344
"14236",58,1.01363857735141,0.12717850900838,9.10900908666222e-05,0.00971627768789334
"11501",77,1.05891931058697,0.126758635427172,5.98044755456094e-05,0.00899314868900651
"11003",64,0.927969610852399,0.11239187269874,0.00271482523152952,0.0105402037169271
" 1649",43,1.08884830962841,0.365786358715035,1.91544583598037e-05,0.0102367405153062
"10617",68,1.04557916773688,0.129328980946413,0.000338821085653417,0.00978291273341848
"10943",65,1.03882998109364,0.121954316047676,4.25654630217861e-07,0.00802653436012524
" 8630",50,1.0049275839668,0.138270542929504,0.000162174414113005,0.0103497138069639
"10261",50,1.04759324802203,0.205694106202373,6.76790862046398e-05,0.0110183105080473
"12373",35,1.18447557436122,0.260732156849226,0.000502698118287293,0.0128194180881258
"12687",42,1.28396445962005,0.221960911659453,0.00129696965827382,0.0127244312788315
"14100",50,1.06487328909672,0.182754806345676,0.00124355000218148,0.012119207042778
"13200",36,0.745226487136118,0.144534448397891,0.00113713634462701,0.0125503845377985
"13714",33,1.02266033881499,0.207555906212206,0.00572015974818272,0.0142545182831763
"10751",41,1.09910282363277,0.166373695699482,5.74633750794112e-05,0.0114579868416072
"13536",32,1.27798344827554,0.359301813866893,0.00299171356848623,0.0134757155580132
"11351",72,1.0459340865374,0.116805225456494,2.85188602245967e-05,0.00878963831071114
"14431",36,0.858072697627548,0.275589349437798,0.0017230499431219,0.0134556693251632
"12211",35,1.16632714152727,0.258174452045505,0.000154938285399301,0.0124994391796511
"10766",41,1.02995000761471,0.159319397551191,0.0011558651483566,0.0124916075730607
"15853",54,1.16211970291082,0.365785323506411,0.00110861748440242,0.013412832911581
"10947",65,1.04058190114648,0.123648222078182,1.06413657554465e-06,0.00802274132457483
" 7192",24,1.15540403607539,0.374663186593071,0.000561864111887576,0.0129174689266748
"10699",38,1.09935942508593,0.170624830505337,0.00129207463002632,0.0123664329119525
" 9706",38,1.04969772598048,0.150107197737118,0.000253477332294736,0.010653877207948
"10524",42,1.041472928542,0.142195396988948,0.000985816123584565,0.0121280134014022
"10002",57,1.04313697213607,0.123845781794731,0.00101178105602785,0.0119192029427193
"10043",63,1.0001065606721,0.119996490128207,0.000449278462194952,0.0109884389202241
"10290",56,1.05733677284604,0.153838101028389,0.000398625561199027,0.0115403091981836
"10439",43,0.851512378116202,0.115806992211731,0.000427357248738732,0.0112775312703928
"10173",69,1.06022715795971,0.130601028812275,0.000259862151748004,0.0106199017262601
"11526",53,1.08388738693512,0.227141517811048,0.000240494866073091,0.0110542297459249
"12723",60,1.07083423473851,0.170837949008721,0.000815979926127639,0.0123702765617039
"13543",55,1.13716578864987,0.301681173676995,0.00357592454846025,0.0136204144643779
"12437",50,1.07320817251991,0.155045918790139,0.000918775519325252,0.0123420314772242
"11078",56,1.09783969094489,0.181760221387619,0.000424377666327207,0.0111104402298816
"11474",73,1.03763296132321,0.147229001780978,2.51136231828538e-05,0.00936010902299796
"11625",74,1.08136128161761,0.171331468196881,0.000245177067005488,0.00997957575412104
"10953",62,1.03921497050165,0.122681881632507,2.1282731510893e-07,0.00816410818677638
"10704",42,1.02308591604428,0.156728850941292,0.000870250891480416,0.0125345399729898
"10454",57,0.960451289393731,0.118151137651538,0.000360955126424746,0.0106630796481827
"14578",48,1.04948576015676,0.360309108852551,0.00180222170434242,0.0135579532687493
"15862",32,0.82050966165409,0.243146017793632,0.000491205443271411,0.0124566334996382
"12192",50,0.941225139557093,0.133699796518318,0.000388409850073798,0.0119751783954927
"13116",17,0.430006378570712,0.0927604717138779,0.000708927786627847,0.0122455602347471
"13262",25,0.690093581346288,0.185240838663379,0.00541496537831651,0.0146036569598941
"11924",73,1.02753212165416,0.108474319879271,2.1282731510893e-06,0.00799470665538474
"10989",51,0.995876131500137,0.125994986387991,0.000298596723097829,0.00908500897772173
"11383",31,0.897296056120832,0.239455764983322,0.000975387585144228,0.0129752709166455
"11279",55,1.60150996981224,0.365229545360246,0.0036606298198736,0.0134876632606699
"11552",44,1.09539968306968,0.281890537009928,3.08599606907949e-05,0.0112339169534849
"10362",36,1.07003538113746,0.153709586027324,0.000193460029434018,0.0117424808655457
"11242",39,1.0876166106849,0.214737390181375,0.000442042333481248,0.011602367259833
"10329",37,0.904497344942792,0.121029247234932,0.00249880550669395,0.0123749603753029
"10893",47,1.09587339876777,0.123944810224844,0.000216445379465782,0.0111554354416089
" 9954",53,0.924351400466126,0.1085876259251,0.000683814163444993,0.0111202225104109
" 9822",62,1.0650253373014,0.135759696098337,9.32183640177115e-05,0.0104364759403109
"10229",49,1.12582955422601,0.15210427795277,8.10872070565025e-05,0.0110458469155966
"12689",38,0.881960883504644,0.17020345781569,0.00229427845687427,0.0130483434032092
"11096",61,1.04745239278634,0.173209986078168,0.00069041181021337,0.0113694950058592
"14347",51,0.950492047997036,0.163011375886256,0.00157087841281901,0.0123541478896137
"11371",31,1.0278388474906,0.329215786243692,0.00050546487338371,0.0134491013907522
"10462",35,0.905654040299202,0.118952240026926,0.00437466546206406,0.013001554885624
"11103",48,1.06136822375636,0.244724922431493,0.00135868957965541,0.0129467058940692
"12497",48,0.949684213675412,0.129311421139661,0.000760644824199317,0.0116799100449698
"12737",32,0.841975136563024,0.121533146980142,0.000984113505063694,0.0123855772442084
"13645",42,0.864543781638475,0.128205541484337,0.000782991692285755,0.0118602104059104
"11926",67,1.02271158505656,0.109867463608947,3.40523704174289e-06,0.00804244546819901
"11731",28,1.05390461115225,0.250965008195462,0.00163791901707833,0.0131666634387002
"13625",12,0.940845759943086,0.179053057278498,0.00138550582135914,0.0134952852589211
"11461",49,1.12867891943802,0.265024141461898,0.000949635480016047,0.0120612160803868
"11972",29,0.970586500726047,0.23111496803114,0.00505635135235797,0.0133711330246668
"11678",36,0.927227845314539,0.210512385780987,0.00202930844956365,0.0129042390679224
"12185",46,1.22064410180954,0.294408370088015,0.00265055138236662,0.0129621693544004
"10507",36,1.05880504965272,0.19291347920922,0.00142870976632625,0.0125990828665486
"10786",39,1.02586670575029,0.150894084557625,6.15070940664809e-05,0.0118272030226238
" 9783",62,1.00870510773195,0.113288466426598,0.00156002421974846,0.0115810623808413
" 9690",62,1.01280648049922,0.115282235235282,0.000565695003559537,0.0104743867073085
"15628",14,0.253177573803944,0.0540390556363741,0.000176646671540412,0.0111405192959804
"13487",38,0.782842886612467,0.102113664180233,0.000560799975312031,0.0111246970940634
"14135",32,0.722545384560454,0.0970209325360298,0.000523129540537751,0.011754815313919
"14597",36,0.768249625932446,0.153600648498411,0.00217254123263196,0.0129435688477743
"16791",43,0.917818028005294,0.332344428354911,0.00114245702750474,0.0136113861551497
"11469",36,1.05963277658942,0.260125082751374,0.00198610450459654,0.0125219271748642
" 9680",49,0.939658800436457,0.124062121250174,0.00398114775642765,0.0122362702797805
"15630",10,0.232237393911629,0.0572745378660466,1.89416310446948e-05,0.010270085946732
"14058",33,0.526400425245027,0.0957627640600548,0.00056697196745019,0.0121804824044045
"11825",48,1.26263877853403,0.2775741697884,0.00124525262070235,0.0129127677818614
"10781",63,1.07150349143703,0.148358944191906,5.23555195167969e-05,0.00978524039047488
"12692",40,0.981151304692131,0.122417024638504,0.000779586455244012,0.0113284062475624
"12068",34,1.07784826289093,0.211608727076967,0.00155938573780313,0.0132805757143867
"11310",26,0.830675961803737,0.167216600818468,0.00185798246090096,0.013030059075386
"11344",22,0.689371205420962,0.192605820422673,0.00133400161110278,0.0139251175478517
"14175",57,1.01352254896429,0.128469487198261,0.000393517705636412,0.010212026822046
"16526",25,0.992698250582979,0.298659677697407,0.00231577401570027,0.0140210126385965
"14779",51,0.887782884006287,0.125212712542724,0.00127802802722913,0.011572157187868
" 7576",76,1.02885605673819,0.115801675359313,6.81047408348577e-06,0.00799640525790914
"12637",58,1.18789033773809,0.27766189337335,0.00104051274356756,0.0125678478918611
"10784",62,1.06811905589039,0.148630583103397,0.000313281807840345,0.0103343556783292
"16193",22,0.442586470884831,0.131706906386418,0.000113649786268169,0.0121025860539775
"10956",52,1.0130537864217,0.111921696531393,0.00033435171203613,0.00930568254971302
"16945",45,1.436557295387,0.762564579901107,0.00623839426047297,0.0151107793932425
"11917",66,1.02811716530777,0.117259787085405,1.34081208518626e-05,0.00801300138432343
" 9132",54,1.03543930984288,0.127261487044316,0.000317964008772742,0.0110268049503107
"11956",50,1.02158736281894,0.19949525761424,0.00365722458283186,0.0132132021769948
"11108",57,1.0099939120422,0.187056283596557,0.000430336831150257,0.0112573166977273
"11537",55,1.07598265629477,0.120889026098828,0.000233471564674497,0.010827153400419
"11118",34,1.00077695879469,0.20436271508548,0.00156151401095422,0.0124887626248699
"12267",37,0.949882394311695,0.210920200972898,9.66236010594544e-05,0.0115460084413815
"14645",37,0.844292888219123,0.114309664378722,0.0010747779413001,0.0111927292572394
"11273",43,1.29163564198045,0.37497061861507,0.00306024396395131,0.0142006504080856
"11944",54,1.02895855591986,0.127344454570658,0.000174092743759105,0.00868650579762583
" 8569",39,1.06646878718352,0.128506750652956,0.000587829044330866,0.011006388111274
"10029",32,1.0317255297531,0.191082259036389,0.000815979926127639,0.0119858242210824
"11468",59,0.94449853115276,0.138353263012355,0.000490566961326084,0.0108190019294753
"12146",52,1.23911494087476,0.406819118296198,0.00386685948821416,0.0145693282267412
"11367",58,0.885678755998828,0.111010916143252,0.000784481483491517,0.0111059680095046
"11133",72,1.07367322713541,0.166029253656499,0.000236025492455804,0.00998507440430568
"11239",74,1.08017662694047,0.197102432802565,0.000549307300296149,0.0113265888208324
"10575",53,1.1031885041506,0.139223033672534,7.23612871370363e-05,0.0112674286563923
"14124",47,0.909485982086168,0.0980398349134379,0.00155300091834986,0.0111936422308569
"10707",69,1.09039036936,0.139823861313856,0.000135996654354606,0.00957922250476468
"11546",54,1.0766916617189,0.114267502950819,1.46850847425162e-05,0.00985594514407524
"11894",22,0.640374510514409,0.184641511056674,0.000435019032082654,0.0128692686104611
"11427",66,1.07178541957239,0.204091358607734,0.00141338619963841,0.0120652919813119
"11229",71,1.0715378155161,0.195059323801207,0.000612091358253284,0.0119879369497112
"10850",50,0.880422945640878,0.184668288904711,0.00181435286130363,0.0126885705702037
"10546",40,1.04101124570359,0.129813023559087,0.000636353672175702,0.0117835177600848
"15303",49,1.28956516337048,0.433567823582469,0.00589787055629868,0.0142081553576128
"11407",58,1.0652369125978,0.110166080486329,7.89589339054132e-05,0.0100845219321053
"18033",30,1.14458399201258,0.341726251945159,0.00239430729497547,0.0135953265929227
"15654",37,1.17542693663413,0.555960964296737,0.00337991059124492,0.014622471937924
"10966",61,1.04437740736252,0.13137142677349,6.06557848060451e-05,0.00920180918425711
" 9990",46,0.976177852129778,0.162597456722341,0.00152299226691951,0.0115980226484119
" 9932",56,1.02993156853691,0.144234992328532,0.000207506632231207,0.0102412122849181
"10142",55,1.09236365204621,0.196750622562579,0.000100241665416306,0.010414682881564
"10306",45,1.01293425638974,0.124984567042216,0.00097687737634999,0.0118149032815898
"10467",49,1.05138703620598,0.194665950973915,0.000201760294723266,0.0109334921587617
"12199",35,1.33980486931079,0.331083299486404,0.00473157686950174,0.0137199216272132
"14322",39,1.09121213302368,0.25583492772494,0.000158982004386371,0.0110667264944829
"13770",39,1.0295112520424,0.188746507811167,0.000307109815702186,0.0119732152349696
"13369",51,1.2884207414346,0.358740733988029,0.00262884299622551,0.013153234797743
"11417",44,1.21258639862426,0.245190177971555,0.000263905870735074,0.011870350356446
"12482",49,1.1078607214386,0.15592078839489,0.000521426922016879,0.0114875224987541
"10588",42,0.956143476181258,0.293907591297031,0.00165835043932879,0.0130504601311578
"11589",47,1.25229250982733,0.357641650435564,0.00232258448978376,0.0136501584827602
"10779",74,1.04075442405622,0.135012702109722,1.63877032633876e-05,0.00878765572204897
"11620",31,0.883054433962825,0.166039552876294,0.00125312723136138,0.0129991530026038
"16538",33,1.36805218177318,0.743895805811114,0.00143637154967017,0.014657157524722
"11054",62,1.04700916170606,0.139903922752079,0.000619327486966987,0.00898041038733748
"13816",38,1.06405081902646,0.196464423010882,0.0013393222939805,0.0127566745628905
"13325",59,1.16030511803376,0.283325442329611,0.000402669280186096,0.0126325123673271
"12664",46,1.00888218982235,0.170763173764678,0.00229193735640807,0.0126837143210863
"12798",48,1.06667879583487,0.140045180400006,0.000891533622991309,0.0115083773905794
"12002",43,0.998943060465422,0.184483008039586,0.000173667089128887,0.0118605618465052
"11560",53,1.27583643608391,0.399890059277224,0.00284613968495173,0.0134197262658465
"11264",45,1.04567187854093,0.212042835969009,0.000554840810488981,0.011872240112464
"10670",66,0.999309770853775,0.139646219282136,0.000269013726297688,0.0103454082845459
"10967",59,1.04579956188392,0.132600838104787,0.000476946013159113,0.00932272522869686
" 7390",31,1.3033593459806,0.437650489603281,0.00505060501485003,0.0146915623295386
"10679",53,1.33589192155697,0.541723555675104,0.00236961932642283,0.0141559366989246
"10036",48,1.12931241893137,0.17897118534555,6.87432227801845e-05,0.0112212039579836
"11660",34,1.0962025257832,0.31318553841725,0.00301746567361441,0.0131667618729441
"10495",45,1.06604040078038,0.145352697143523,0.000112585649692624,0.0113853453959439
" 9856",54,1.01832147808364,0.119378135131014,0.000506103355329036,0.0108937881331091
" 9992",49,1.05100172818236,0.116661195332694,0.000380535239414767,0.0109907659831729
" 9896",53,1.04422740897014,0.116067821864039,0.000197290921105978,0.0105753918950991
" 9732",67,1.09876768676662,0.140915076072916,5.21426922016879e-05,0.0101966598860263
" 9678",69,1.07288632506372,0.146264032870805,2.42623139224181e-05,0.0102397889894984
"14327",40,1.05644011588856,0.256736225793914,0.000216658206780891,0.0112508578797382
"12599",38,0.977971192030439,0.124377263010201,0.000966448837909653,0.0121457751862094
"13653",57,1.1069446736051,0.156490216950096,7.57665241787792e-05,0.0104091149336171
"12163",47,0.992094551154695,0.146799764841501,0.000427357248738732,0.0121052240970885
"11356",41,1.05626905444359,0.197307371307697,0.00676194945564093,0.0139298283503258
" 9907",42,1.01215621586356,0.137758139216101,0.0015038378085597,0.012340842782211
"12948",36,0.968504425123628,0.11158440555648,0.000692540083364459,0.0116371522624414
"11154",74,1.105030701447,0.151759257703116,6.4061021847788e-05,0.00921842266323525
"16469",13,0.18062436709491,0.069274917467919,1.93672856749127e-05,0.0107015198455259
"16960",51,1.3629813953479,0.636382493320765,0.0016826127532512,0.0147041647953819
"17060",47,1.46236464879117,0.677505928132465,0.00333245009997563,0.0147849848257479
"10933",57,1.02560497105654,0.122393128557338,4.8950282475054e-06,0.00884580797814649
" 9717",56,1.07684618887449,0.146629476661616,0.000194311338694453,0.0103760797713492
"13773",45,0.914922876820782,0.170187131025527,0.00066849059675715,0.0117014132609675
"14374",54,1.08776438030027,0.217869896455807,0.00200249220785993,0.0128853172377014
"14046",45,0.972216710979038,0.239856254058057,0.00232279731709887,0.01291676866357
"13438",37,0.753488602365162,0.133700313655364,0.00208315376028621,0.0132579591004411
"11157",64,1.09363117445352,0.141757790664088,0.000172390125238234,0.00921757694558596
"10984",53,1.01891639784354,0.122406688845086,3.46908523627556e-05,0.00902234450623734
"11467",40,1.01039611582535,0.206102028894099,0.00233897219304714,0.0126354171091335
"10372",46,1.04541119282772,0.165207458103778,6.17199213815898e-05,0.0105575296300012
"11086",40,1.14389567770711,0.275427500865007,0.00188799111233132,0.0125990451461077
"10627",35,1.037744680245,0.192053678724053,0.00129803379484937,0.0116842299527145
"13044",38,0.794795047623052,0.160469709409402,0.000156002421974846,0.0117792867968496
"12872",61,1.53893804235739,0.434970107187771,0.0113596579439392,0.0144802080077433
" 9720",37,0.991936833289866,0.118158834429627,0.000796825467767835,0.011668544153156
"13660",61,1.06532063800723,0.146342034097544,0.000306045679126642,0.0106658428948956
"14379",52,0.937507266300675,0.124339332685497,0.000662744259249209,0.0105539310551243
"13958",60,0.925385859474845,0.111764446429252,0.000275824200381174,0.0105575864932684
"11538",65,1.00639746436819,0.122406558484683,0.000156853731235282,0.00925869824526643
"13253",56,1.03980890859418,0.120794810703384,0.000510147074316106,0.0108748738735345
"13522",49,1.08048348739595,0.145403610782089,0.000158982004386371,0.0105844138282958
"11040",31,0.955465819528845,0.227840537827937,0.00151107393727341,0.0126507623555969
"15227",55,1.11830240757576,0.213107541927493,0.00336905639817437,0.013360566240696
"14579",52,1.0423440245759,0.165856159304521,0.00129122332076588,0.0123014589147351
"13973",47,1.06768055379065,0.165081397648221,0.000777032527462705,0.0118199588396519
"11056",33,1.1219584777706,0.278909186364606,0.00146893412888184,0.0124069252016355
"10810",61,1.0906150439521,0.120193435549891,0.000176859498855521,0.0102383670481493
"15114",50,1.04547729446479,0.168929473693566,0.00225086168459205,0.012402927818928
"10774",61,1.1065685866111,0.194959926713155,0.00138167492968718,0.0110610900638524
"10994",43,1.06853200771425,0.273309357828555,0.000126632252489814,0.0115246765072025
"14789",54,1.11549682752708,0.215845662624253,0.00120715653129785,0.0121925452847641
"10980",70,1.02419684358366,0.117124079429358,4.25654630217861e-07,0.00771566823986003
"10852",39,0.999570057856946,0.118002070933887,0.000589106008221519,0.0117768991827604
"13567",45,1.16755034107151,0.305370878052385,0.000381812203305421,0.0115149782371693
"16160",11,0.268150920075764,0.124952889577618,7.06586686161649e-05,0.0125425844967565
"10951",66,1.02420518766446,0.113156227033739,0,0.00762349917855443
"10780",65,1.02269568385855,0.13430571044529,0.000568461758655953,0.0098392044461579
"13622",48,1.16267480746401,0.292056390930373,0.000110244549226426,0.0114960809620882
"14050",43,1.09660531902499,0.28578839708486,0.000361380781054964,0.0114978594517942
"14211",54,1.14164309258174,0.17347809511585,0.000233897219304714,0.0112109574712788
"13390",44,1.17112393878586,0.230954195665774,0.000355847270862132,0.0123036783722534
"14333",50,1.41789368559554,0.412826341547652,0.00043182662235602,0.0132071246514328
"10958",67,1.02498235824361,0.112946255245135,4.25654630217861e-07,0.00782583176693544
" 8910",74,1.03223537791312,0.118733382960878,0.000213252969739148,0.00992949004784635
"14076",55,1.10925527610403,0.355825074694999,0.0003741504199615,0.0123298262527788
"14061",48,0.826537114188663,0.149549149889029,0.000845988577557998,0.0116852425504708
" 9914",33,1.02944825937869,0.160046059252401,0.000540794207691792,0.0112472525482516
"10005",48,0.986824222851397,0.13525230979327,0.000399689697774571,0.0110121187354932
"10466",45,1.0478460122743,0.134120892245412,0.000651677238863545,0.0118974016649708
"11236",42,1.15028335905971,0.170773837122906,0.000470561193705845,0.0123532502281799
"13649",77,1.1021412394838,0.13317592392788,1.17055023309912e-05,0.00933715784020378
"16314",29,0.946032784716071,0.339602451040883,0.000851309260435721,0.0133309698609398
"10974",67,1.02282441589459,0.111882309883401,1.38337754820805e-05,0.00789981850390988
"15609",41,1.34465400328033,0.657650291391077,0.000985603296269456,0.0139499508224998
"13398",37,1.09347452555085,0.186517296144051,0.000955381817523988,0.0124461111593146
"10371",28,1.03092685212324,0.156078055885083,0.000579954433671835,0.0119558992312767
"10455",35,0.790986926069274,0.0881068028190054,0.00102816875929124,0.012470953213054
"10144",22,0.562225834939835,0.0945024174917872,0.00216360248539739,0.0127338329190056
"11061",42,1.22429917460379,0.204972176106248,0.00243644710336703,0.012968858629713
"10583",50,1.07656266738788,0.149240249668736,0.0017445455019479,0.0125793249881129
"10522",45,0.951840553377505,0.179558663534768,0.000714886951450897,0.0122755988361278
"10206",40,1.02888029040895,0.138081025166593,0.00169942611114481,0.0117471906678715
"10432",19,0.6257375026119,0.128883047388298,0.00305428479912826,0.0133818760478992
"11388",18,0.558790562980204,0.11348344834035,0.0006744497615802,0.0125993982173624
"10748",34,1.13669631226151,0.217037833298768,0.00427931882489526,0.0135443798006003
"11007",31,1.04458333724704,0.27906644739846,0.00464133808789555,0.0137066414319709
"10111",35,0.835362459211886,0.108663475534928,0.00308259083203775,0.0126784974077871
"10479",44,1.05666018557375,0.14352582841548,0.000260074979063113,0.011120675619976
"11138",48,1.11053385795494,0.201930898447333,0.000440339714960377,0.0121162257822376
"13661",74,1.08278533454749,0.131997423739853,4.8950282475054e-06,0.00923639411668492
"14225",48,0.964623877272774,0.108704699293023,0.00104072557088267,0.0108836755349107
"11062",39,1.10331329239567,0.210326455223544,0.00479989443765171,0.013618808580514
"11111",38,0.825977945681183,0.141773178177785,0.00159003287117882,0.0126012041243118
"10516",30,0.909410120639542,0.128184631625529,0.00359124811514809,0.0132741403089155
"10267",32,0.854015788249689,0.123680349051351,0.00163706770781789,0.0126194232703307
"11083",38,1.05402252202008,0.208419412416395,0.0029504250693551,0.0132584925675432
"11316",52,1.0705512848582,0.190873055366106,0.000803635941851321,0.0125495905745891
"10487",51,1.03499403166389,0.13493206458408,0.000609963085102194,0.0115006125054457
"13630",71,1.00526885451366,0.122587380433774,0.000101731456622069,0.00921415006875328
"16056",37,1.28348166548182,0.6276149484468,0.00316452934835469,0.0142954460755568
"14180",49,0.910777990910677,0.109943146793989,0.000525896295634167,0.0106934289716496
"12010",32,0.931428322577983,0.234944966514673,0.000673811279634873,0.0131096715685317
"10171",71,1.01110070484756,0.114808999529105,0.00020899642343697,0.00986199616296827
"10911",34,0.774404873360898,0.121813574163445,0.00239941515053808,0.0127811779342112
"10097",71,1.03327384321179,0.14265673327809,0.000325625792116663,0.0114053322259763
"11830",48,1.01288058131553,0.168240541373793,0.000201760294723266,0.0116311157920047
"10294",60,1.03996792995505,0.118328908876757,0.000207080977600989,0.0105000715767464
"10719",41,1.08136044886486,0.161934261030337,0.00341609123481344,0.0129568328150158
"11110",46,0.930968690795613,0.121247585180301,0.00138018513848141,0.0122498643552838
"10408",95,1.08857191340546,0.140220204054532,6.32097125873523e-05,0.0096159447381534
" 9882",34,1.02932347516674,0.11819175102633,0.00490715940446661,0.0130275356485962
"13448",30,0.778251203066041,0.143832510834431,0.00535133001109894,0.0137600656576775
"12346",61,0.924098561861901,0.109881886613121,0.000383514821826292,0.0102022749103258
"15117",72,1.05926575334343,0.14057619136007,0.000139614718711458,0.0106093571695617
"12518",53,1.06297458344236,0.134870757161723,0.000449065634879843,0.0113182405414287
"12063",53,1.00758414074593,0.155063496208756,0.000778522318668467,0.0119081116455521
"11896",49,1.08555065805892,0.167597984257231,0.000662957086564318,0.0122530132994299
"11172",57,1.03970586506277,0.168529544142234,0.000708927786627847,0.0119940394741514
"10414",71,1.00952569326694,0.117063534945304,0.000108754758020663,0.00953245790598897
"12905",31,0.766569987218378,0.0877407082781252,0.00125674529571823,0.0117147906815133
"16536",29,1.23827955275159,0.600005074956822,0.00306492616488371,0.014502627116662
"17589",52,1.14335744352552,0.418352310458023,0.000230066327632754,0.0116751619427259
"10082",27,0.953320917696558,0.143800246778083,0.00208336658760132,0.0125886607544221
"11563",57,1.15291475342424,0.301707669180553,0.00073021051813874,0.0117325550593805
"13145",28,0.99369410592501,0.231539919871025,0.0033411760198951,0.0134129189086719
" 9516",61,1.05412922424163,0.158716015182038,0.000461409619156161,0.0115544951159286
"11871",37,0.937811962286867,0.164693610279574,0.000304768715235988,0.0117798823171785
"10773",40,0.982809092481301,0.121890166945787,0.00240303321489493,0.0119659528134758
"12827",42,0.984489284094557,0.184942516925492,0.000105349520978921,0.0114639980079659
"13527",35,1.03990732774878,0.144986779152399,0.00089940823365034,0.0118360997052119
"11359",63,1.07622518870588,0.193745912599481,0.00179158033858698,0.0120936413433848
"10146",58,1.01141527592631,0.14339447839598,0.00174837639361986,0.0121474738938907
"11205",57,1.04075674932451,0.143549571463103,0.000824918673362214,0.0114350259750095
" 9970",59,1.07205387731908,0.138430767361027,0.000475881876583568,0.0116806899270742
"10313",49,1.2101846118063,0.180052297823035,0.00100603471851991,0.0119156705618247
"10486",47,1.13171149086315,0.220088784877061,0.00223170722623224,0.0126977199005762
"10653",68,1.11349817163907,0.161726488138932,0.000391176605170214,0.0108663509317557
"16502",32,1.02683161896434,0.468532574500009,0.0013750772829188,0.0140234211642451
"11253",43,1.28251385917889,0.366843139037491,0.00457067941927939,0.0143069208321887
"10765",57,1.01198107707012,0.134499709021864,0.000687006573171627,0.0112036072232293
"10800",50,1.01148676596928,0.154798454291536,0.000786396929327498,0.0118890095024176
"12468",32,0.933459667006463,0.195773155588857,0.000476520358528895,0.0124031767059141
"13568",51,1.08212764487094,0.135781312793016,0.000176646671540412,0.0110292615056924
"11270",40,0.897343590367162,0.09468924634742,0.00237642980050632,0.012394727454034
"10630",60,0.948675655091551,0.133713419125923,0.000661254468043447,0.0115212807434673
"13935",62,0.968966559963203,0.121691822255022,0.000459494173320181,0.0107559003749704
"16968",40,0.995868522911073,0.429337481093952,0.00221893758732571,0.0138369419198906
"17065",28,1.15586230585734,0.627973028539014,0.00286891220766838,0.0148381737444348
"10150",45,1.08217992670892,0.170705798312205,0.000757239587157574,0.0110454421562943
"11629",52,1.12524215736723,0.281809613526384,0.000676365207416181,0.0117243112532051
"13462",36,1.08255129659231,0.273874525134165,5.74633750794112e-06,0.0107937592088167
"12833",41,1.1109467356516,0.214162821767726,5.00144190505986e-05,0.011846799063659
"10663",37,1.05001523516626,0.131804844378692,0.00129590552169828,0.0122617019677714
"11690",80,1.09165070251961,0.164537085151641,0.000500569845136204,0.0109152607846928
"16183",55,1.28224550614163,0.551467594076743,0.00352356902894345,0.0145096687329982
"13537",57,1.03585694668915,0.140064615909255,0.000844285959037127,0.0111972442903753
"12018",44,1.16079236179576,0.35557069186641,0.000346057214367121,0.0121541187717478
"15526",59,1.28675766955639,0.548522853647644,0.00249071806871981,0.0144874887092547
"10143",53,0.992100285993673,0.140193529252562,0.00049546198957359,0.0120491050430111
"14064",52,1.09016544341878,0.344497438217792,0.000543773790103317,0.0126401425488719
"14668",50,1.01867503498413,0.131839720430882,0.00112308974182983,0.0118076451990182
"12021",55,1.30317439049707,0.382146736737766,0.000476094703898677,0.0121707206084297
"11665",53,1.28576105447223,0.286820600119244,0.00232237166246865,0.0127468006033695
"15524",59,1.72759906445819,0.69054011456936,0.00723634154101874,0.0149443007117521
"16033",27,0.654722929977975,0.323866032587176,0.000117906332570347,0.0140220083759396
"10896",40,1.08628100318077,0.163409991163303,0.000217083861411109,0.0119459583889198
"11609",61,1.07532122537673,0.184608247989827,0.00100007555369686,0.0112675222240252
" 9920",36,1.27404646625664,0.473184146698535,0.00747875185292781,0.0147642870286581
"16026",38,1.6099441455084,0.773434666628454,0.00453237050255978,0.0148714735854056
"12936",33,1.1462198252528,0.300100996474362,0.00326902756007317,0.0141927365144707
"13222",43,0.788524660164305,0.211172676479322,0.00118310704469054,0.013471906178359
"11966",66,1.0837947127789,0.221730866399717,0.0013250628638682,0.0122237502337292
"11176",46,1.12104921258011,0.138470514893071,0.00024879513136234,0.0115392789863261
"11498",86,1.06710491566052,0.123989960176567,3.21369245814485e-05,0.00865828536656223
"16552",34,0.668394645925186,0.296196365269935,0.00101220671065807,0.0139993981508988
"10288",34,0.916744307117905,0.145978867641565,0.000987305914790328,0.0122454615970529
"13391",34,0.702673884646696,0.214743037474707,0.0033173393606029,0.0135586052514359
"13807",39,1.20717122700022,0.222691718023439,0.00264672049069466,0.0131109478907617
"16471",26,1.35244813613271,0.510835189124475,0.00374001440840923,0.0145317022290179
"10356",37,1.00825487092159,0.195182473548919,0.000519085821550681,0.0114308710478218
"13705",34,0.840234431097859,0.162420062961221,0.000818321026593837,0.0123838150191169
"11500",21,0.774659618608989,0.153933036253019,0.0124450772509947,0.0145865655867013
"11597",43,0.912087131348004,0.134207898942614,0.00458898256837876,0.0127978701321587
"11156",32,0.833510412837956,0.221396073855147,0.00582891450620338,0.0144771527619419
"12625",47,1.10735274728665,0.177225097431431,0.000660190331467902,0.0123753849375587
"11348",78,1.06299408714664,0.119785198794707,7.44895602881256e-06,0.00848520021832942
"12036",34,0.723957408379744,0.158548808004681,0.000338608258338308,0.012224221173355
"13557",38,1.10163067460093,0.187213322732836,0.000724889835261017,0.0121160869845718
"12287",36,1.06704892583124,0.246337477936497,0.00173943764638529,0.0132578745463583
"12032",39,0.927903022833802,0.166809337301578,0.00113415676221549,0.0125734576539317
"17051",37,1.33269194556947,0.563978347436617,0.00354804417018098,0.0147484981741955
"16485",14,0.34886003080616,0.0922796473658365,0.000528024568785256,0.0129656355992182
"10876",28,0.896234372904456,0.147814210470929,0.00153044122294832,0.0123633896826022
"14382",56,0.923940359836294,0.154839848207054,0.000405223207967403,0.0114469727349481
"13632",57,1.07066959914728,0.139175390166943,0.000172602952553343,0.0107939969414805
"12928",34,0.890333657493608,0.135603065951099,0.000990711151832071,0.0124391267840427
"12231",39,0.976817794823388,0.196597824584272,0.00111904602284276,0.0129304096626955
"11987",45,1.076186558581,0.210949021952975,0.000820023645114709,0.0121824676180359
"11314",54,0.943210711030036,0.115550565603494,0.000965810355964326,0.010144880031529
"15953",52,1.02442143977205,0.393241494930041,0.00135698696113454,0.0131872725492951
"16335",46,0.947408313153505,0.328307580191067,0.000766178334392149,0.0130961369300135
"10404",56,1.05794987699164,0.141560692041789,0.000332436266200149,0.0108665596695253
"10289",62,1.08449730857324,0.148792457740731,0.000317538354142524,0.0115678684468752
"10025",62,1.01286569004057,0.13561216715413,0.00134123773981648,0.0117894993327775
"13627",53,1.05551493872453,0.183104306355191,0.00233152323701833,0.0120974884230975
"11673",63,1.03726382028883,0.131965782127411,0.000123865497393397,0.00911569299882371
"14304",42,1.1174705045063,0.206966370465468,0.00102093263057754,0.0125875557969047
"10244",38,0.980577970294481,0.122280029135038,0.000604429574909362,0.0115601500865614
"10641",59,1.04616952634638,0.127365349483106,0.0013393222939805,0.0114653717371968
"11313",84,1.04355908881447,0.120999761940608,1.46850847425162e-05,0.00793768732952027
"14414",66,1.06256227340325,0.154765406773228,0.000701053175968817,0.011286422889997
"15260",70,1.10769947051757,0.223848552206106,0.00315984714742229,0.0130354571053989
"10710",43,1.01609427839873,0.219449287903996,0.00210103125475536,0.0132997474924507
"11532",47,1.14318636837968,0.250001410232796,0.000538453107225594,0.0118439912301966
"10798",55,1.02838676246671,0.113949545823121,0.000182393009048353,0.0102912163998234
"10450",48,1.06212500904721,0.141013524582758,0.000272418963339431,0.0114168069682008
" 9686",43,0.925004376946976,0.115674616405743,0.00217126426874131,0.01264039960991
"10328",60,1.11282592979387,0.135389475578739,0.000128122043695576,0.0108338489665139
"10016",33,0.74271928767202,0.128004635636233,0.00216700772243913,0.0124769054817822
"10238",53,1.12200565816183,0.151717332933808,0.000639120427272118,0.0114604835526328
" 9944",50,0.91476570689684,0.162056747796987,0.000405010380652294,0.0115379128422353
" 9819",49,1.08393037651773,0.132236067995962,0.00130165185920622,0.0121058419347921
" 9945",70,1.07150808436746,0.140724211626395,0.000167282269675619,0.0105447975156079
"10847",50,0.995765563458018,0.107556444105149,0.00121737224242308,0.0115689923396082
"10076",49,1.01449686884174,0.14255244896305,0.000773414463105853,0.0117251686130327
"10428",79,1.0761334155348,0.124348508338555,5.46966199829951e-05,0.0100364369266611
" 9935",43,0.908621422862785,0.121815887945484,0.00151660744746624,0.0121808745122975
"12219",44,0.904856900024443,0.116817157978566,0.00123610104615267,0.0120146249509478
"15137",56,1.13712464993894,0.21600164589496,0.00225469257626401,0.0128687254571715
"11228",30,0.918816126142537,0.186477478572548,0.00121694658779286,0.0118650704662291
"12042",42,1.09515635654959,0.199143573090429,0.000168772060881382,0.0110757047527254
"11460",43,1.0665839078975,0.267651457198015,0.00076213461540508,0.0119328832910341
"11680",37,1.0829687291416,0.191527412666103,0.000178562117376393,0.0108547710616755
"10882",44,1.03488193277977,0.107848797138867,0.000122801360817853,0.0100539302374759
"11390",40,1.0442236509819,0.115940352453875,0.000830239356239937,0.0115553983945718
" 9910",57,1.02588614138024,0.127364852096151,0.0004456603978381,0.0113592203270987
"10069",48,0.895383456442126,0.11530326869457,0.000744469948251038,0.0109781300750372
"10164",81,1.0017783727784,0.120173238985776,0.000323071864335356,0.010489314955998
"10185",47,0.885444891765117,0.110296854977084,0.000203675740559246,0.0104811389387834
"10465",46,1.14207799258278,0.191576825726869,0.000172602952553343,0.0117238922623651
"10758",42,1.1082114709677,0.200989220658538,0.00088536163085315,0.0122877007647313
" 9981",45,0.953233197809989,0.125761374893766,0.000679344789827706,0.0118455367267002
" 9784",65,1.04293044794715,0.118695548291797,0.000338395431023199,0.0107212614198188
" 9685",64,1.0663895451406,0.126995594407959,0.000229640673002536,0.010811371714405
"13652",32,1.04659342942286,0.259724228225011,0.00101199388334296,0.0121435315413499
"10761",29,0.932203103370296,0.158532277691762,0.00111670492237656,0.0124781651264436
" 9688",55,0.975920812608533,0.118054140573828,0.000251349059143647,0.0101940792511215
"13900",35,1.03585137087523,0.189783904727546,0.00213806320758431,0.0128311715532606
"11297",52,1.05546822751823,0.149525235837235,0.000733828582495592,0.011426867974642
"12413",22,0.536659421863445,0.139192107185439,0.00038202503062053,0.0126468290474261
"12223",34,1.18695734469358,0.252204893947023,0.000108116276075337,0.0124616942949502
" 9767",44,1.11345967956573,0.20091596571655,0.00108541930705554,0.011395036432139
"13503",34,1.07303422404243,0.257734734098848,0.000137486445560369,0.0116153971520015
"11682",44,1.09241206324062,0.191780307350126,0.000260074979063113,0.0109754917927228
"12043",41,1.10120561098816,0.204065271083974,4.575787274842e-05,0.0109871471259884
"14329",36,1.09438913242689,0.262050055726033,7.47023876032345e-05,0.0107684509428597
"11277",45,1.09470602241421,0.244706046441414,0.00357102952021274,0.0133439542820694
"13570",20,0.868313271575431,0.292828190066202,0.000128547698325794,0.0120325826677149
"13373",38,1.07599485120085,0.268321023777372,0.00152810012248212,0.0123974467575902
"11668",48,1.08242233481311,0.195679779188958,0.000346482868997339,0.011023212795684
"14263",42,1.02374807942119,0.23979388790059,0.000359465335218983,0.0112288808503427
"16178",58,1.34196054744597,0.565431151711506,0.00180115756776688,0.0139017156492837
"14521",52,1.21287190200063,0.379134794353037,0.000947294379549849,0.0126104189318655
"12195",32,1.07862867304808,0.24154136008217,7.66178334392149e-06,0.0125207590312001
"12760",66,1.07489754833075,0.134991643599584,0.000222191716973723,0.0106465765987589
"12402",67,1.09390168024913,0.141921329627723,0.000274121581860302,0.0103944084422314
"14474",48,1.14988812663924,0.341923329808872,0.000691263119473806,0.012617606997911
"14325",35,1.07359411280673,0.256464012037977,1.91544583598037e-05,0.0106582572146677
"14858",36,1.01971235979164,0.220025947787292,0.000524406504428404,0.0114668305183824
"16200",28,0.646694068066979,0.196637784955309,0.000357124234752785,0.0122335047625655
" 7145",41,1.11440116749216,0.240222457610412,0.000521852576647097,0.010782513540496
"12485",49,1.13335124155549,0.148769924770523,0.000304981542551097,0.0115255760644886
"12763",65,1.04660315604739,0.148076135129984,0.000217509516041327,0.0105396354820246
"16147",54,1.27283569609592,0.543494621365217,0.00183542276549942,0.0137501258073343
"10883",58,1.00347417694399,0.155516009890067,0.00107456511398499,0.0120195412745677
"11177",60,1.04716977126149,0.165756275639587,0.000819172335854273,0.0121560312316124
"10393",57,1.04204235514771,0.14809506989729,0.000242623139224181,0.0112649369188178
"10483",40,0.888521837409823,0.122183807171603,0.000388622677388907,0.011223198196345
"10796",48,1.07783197573783,0.140755366384774,0.00010343407514294,0.0109408580666365
"10669",47,1.13726852981369,0.152844079210844,0.000275185718435847,0.0111312102368746
"11397",53,1.05160899372474,0.11898542451977,0.000603152611018709,0.0112585371180499
"11801",44,1.13161886213543,0.218593641261843,0.000650187447657782,0.012287224610705
"11555",54,0.893447758553626,0.116395613277467,0.000168559233566273,0.0105068378269067
"11936",62,1.03477073373595,0.117859782736211,1.48979120576251e-06,0.00825657148322372
"15348",21,0.324715073702429,0.105540397708582,3.40523704174289e-05,0.0104437769023973
"16006",34,1.05117977762767,0.498141174084023,0.00312047409412714,0.0142315317863302
"10230",34,0.981819355062759,0.129135238163544,0.00262288383140246,0.0132126878234558
"10033",23,1.10406884711332,0.134267994287251,0.00440339714960377,0.0135340868627887
" 9925",25,0.946880552961967,0.127482281666005,0.00252349347524659,0.0130333215967325
"11909",25,1.23155729693376,0.306917960630647,0.00194353904157475,0.0133192069970089
"10436",64,1.06102674136726,0.133632240482085,0.000945378933713869,0.0107968334594693
"11849",37,1.14241124425487,0.278850609488561,0.00115948321271345,0.0130737149299224
"10684",66,1.02597158639497,0.118653033982105,0.000541432689637119,0.0106555903531808
"10571",42,0.899454716107789,0.172759199453971,0.00264586918143422,0.0130082499724992
"10856",75,1.09224803616509,0.142152805395683,2.23468680864377e-05,0.00953981374464415
"11521",67,1.00647046615223,0.131063704358767,0.000663595568509645,0.0109873151453426
"12449",42,0.888052371090971,0.124900388047921,0.00181477851593385,0.0123688404135918
"11391",61,0.992169167544128,0.125176580128186,0.000178562117376393,0.0109588330543653
"17054",46,1.17764796992845,0.435628182101839,0.00418695177013799,0.0144057993121381
"17851",79,1.05837182868779,0.1416422568088,9.4708155223474e-05,0.0103026802268148
"12240",54,1.11673252601536,0.285392839944795,0.00126164032396574,0.0118063444000701
"11369",60,1.13160836188984,0.244087062883289,0.00209975429086471,0.0126149111337457
"11683",59,1.13846342981439,0.192875405823356,0.00167644076111304,0.0125625612843781
"10286",39,0.779671767040474,0.100913469558391,0.00137082073661662,0.0118058899551838
"10180",47,1.07265113856982,0.150556690382428,0.00235131617732346,0.0124078593859753
"10321",51,1.02249087796911,0.145780954952172,0.00120800784055829,0.0123143139320268
"11347",49,0.977166693538734,0.12083494503216,0.000872166337316397,0.0121260864701808
"11045",58,1.05454048553909,0.141126944187745,0.000227938054481664,0.0110864591642751
"10548",37,0.94367004761965,0.139413172047687,0.00127589975407804,0.0124292993426468
"11859",45,1.18088718004638,0.312073413665879,0.00121524396927199,0.0130872833654135
"10717",57,1.11104193351235,0.130849431754921,0.00101816587548112,0.0116434007580214
"14351",39,1.37467509644183,0.406661471082926,0.00145680297192063,0.0132541712381013
"10216",45,1.03246400047911,0.153562213392787,0.000333926057405912,0.0106571619528449
"10338",42,1.09017183008449,0.180383527149026,0.000389686813964451,0.0107640578248622
" 9894",43,1.04389685014389,0.124239562943266,0.000337544121762764,0.0113886872988764
" 9598",46,0.955699634352781,0.115988531707452,0.000635076708285048,0.0122392489238074
" 9735",64,1.02528579146931,0.127314993907901,0.000570590031807042,0.0119444206791276
" 9635",42,0.923387013644547,0.122087376214472,0.00157236820402478,0.0118980183212485
"10566",49,0.964087883005264,0.149743002139897,0.00366595050275133,0.0130871795478789
"11120",52,1.06401823864708,0.18453158765522,0.00137954665653609,0.0119736885356304
" 9955",46,1.03896725601114,0.164030953674825,0.00225064885727694,0.0126630052925031
"10026",52,1.03572239502216,0.117437881277509,0.00191693562718614,0.0120484585251831
"14356",46,1.22859516937396,0.357777792883946,0.0013893367130311,0.0134082866178305
"11661",41,1.15130214923316,0.350251999168722,0.00117714787986749,0.0128037756446326
"10134",45,1.08132277195403,0.128853254895041,0.00580018281866368,0.0136693923380474
"14523",21,0.765113114402235,0.189732035628068,0.00178391855524305,0.0133764924146866
" 9909",45,1.12285774984549,0.162887454764737,0.00142594301122983,0.0122889057082938
"12564",42,1.14234113575943,0.325547749823507,0.000516531893769374,0.0126400816795087
"11268",45,1.02447487280774,0.122132888087788,0.000396284460732828,0.0112136458427025
" 6062",67,1.06012967402173,0.17128847405546,3.10727880059038e-05,0.0103734820889756
" 8039",35,1.12278064565073,0.39572178759459,0.000154512630769083,0.0118311755125781
"10378",25,1.01499900441023,0.137801826278543,0.000932183640177115,0.0120597073505594
"11744",37,0.984947940647374,0.154124177189232,0.000571228513752369,0.0108682037490542
"12117",31,0.978933944348217,0.157510055501067,0.000380748066729876,0.0108000452412867
"10582",33,1.01528855580182,0.183100738810243,0.00119225861924023,0.0115733679701321
"10900",31,1.15296969638012,0.312049753098559,0.000767029643652585,0.0123032382571165
"10502",45,1.06260895260112,0.179470849780099,0.000702542967174579,0.0117006930787087
"10387",53,1.08737785557777,0.205553396244047,0.000419056983449484,0.0113641960685534
" 9604",30,1.11132417847491,0.126920857182273,0.00691688774104024,0.0134774429483102
"11770",42,1.10598762464706,0.263447677369568,0.000275185718435847,0.011657005215557
"11481",56,1.06686064691446,0.237904423714691,0.00011343695895306,0.0109924624600723
"11387",48,1.04131366806568,0.13905475167295,0.000289657975863254,0.0110994607171621
" 6056",70,1.05888249636648,0.17025398878421,4.46937361728754e-05,0.0105393615978766
" 7201",29,1.07559101917308,0.331937928776279,0.000453322181182022,0.0126225083224583
"16060",46,1.48894350858554,0.651921880293272,0.00467794438609429,0.0148032034775057
"10475",61,0.967116677199771,0.181382486314721,0.000728082244987651,0.012582924434811
"12524",42,0.963350238592876,0.195750587718914,0.000373511938016173,0.0119141816013904
"12401",40,1.01425392279964,0.189105449870667,0.00124695523922322,0.0120350911436038
"12100",42,1.16461138537922,0.248436841067129,0.00081768254464851,0.0120267758971637
"15716",37,0.781773344235093,0.234718248078732,0.00142594301122983,0.0129313086070447
"15525",63,1.2963921409186,0.495789001323014,0.000800869186754905,0.0136957105622205
"17686",57,1.2470696947473,0.458187908849409,0.000522278231277315,0.0121261526608292
"12433",31,1.05292340082556,0.230854355079592,0.000305194369866206,0.0131381120796063
"10783",56,1.06653495556823,0.140080433352529,0.000569525895231498,0.0108215800297586
"16481",22,1.27359632467946,0.528407161287651,0.00396752680826068,0.0146198950021588
"12873",33,0.734234489372572,0.112918543864657,0.00193140788461354,0.0127551886521392
"16468",13,0.398505489244422,0.15843424732909,0.000110670203856644,0.0132694998134748
"16025",55,1.3867441767601,0.58837608729693,0.00164409100921649,0.0141644508002474
"10775",61,1.06543368115039,0.136347697386454,0.000277313991586936,0.009747991110016
"12778",58,1.01747046916497,0.171663996805528,0.00178668531033947,0.0122192584027923
"12458",61,1.11502313645077,0.149528861265736,0.000138337754820805,0.0104390185274223
"13243",48,1.06187206700908,0.314350434891023,0.00491482118781053,0.014035034267167
"13545",43,0.964786005286126,0.171133004855682,0.00078192755571021,0.0119329404019302
"16970",47,1.28581390738587,0.502485284722678,0.00411757006541247,0.0148586653624005
"14331",55,1.4103106763392,0.404128015845774,0.0005910214540575,0.0132696479368371
"12603",60,1.06639321465683,0.145291877455072,0.000133442726573299,0.0112908696905829
"16447",44,1.26969072399568,0.550492578697905,0.00122865209012385,0.0140726890180007
"10962",70,1.02376811662546,0.114015512051268,6.38481945326791e-07,0.00772509481425592
"12686",24,0.582387953683736,0.128297155782068,0.000642100009683643,0.0127484770426096
"13212",59,1.11566562740688,0.14234172809191,0.000133655553888408,0.010204408400572
"14412",60,0.985420572647345,0.130100346346306,0.00117544526134662,0.0115551227821773
" 9961",44,1.04653380568502,0.171320999228443,0.00113883896314789,0.0115685592675803
"10610",39,1.08694088992761,0.130658139555248,0.00250029529789971,0.0131317531035218
"11437",68,1.09566878744908,0.17313198905139,0.000171325988662689,0.0108772168927383
"11227",32,0.916227829393935,0.117632851518943,0.00205846579173357,0.0123886197721361
"16498",37,0.451856656114806,0.102098660479938,0.00050738031921969,0.0122100061841445
"16947",49,1.53117076512873,0.698420867095175,0.00227938054481664,0.0144738993350764
"10969",69,1.02178630313952,0.113841228553082,1.70261852087144e-06,0.00815717771268476
"14593",36,0.692925769478122,0.124138183198177,0.00128547698325794,0.0124424673451331
"14153",74,1.06684200972109,0.130841088382038,9.98160107860883e-05,0.00978617993101312
"11497",44,1.03718708954303,0.215071866788866,0.00284060617475889,0.013591992959519
"10478",60,1.11226558653608,0.15806321539715,0.000139827546026567,0.0108705080507311
"11044",34,1.05618117004802,0.207863459453505,0.00628819585220846,0.0137446418917488
"10115",69,1.10976280166825,0.140975088278117,0.000133868381203517,0.0104216884438334
"10746",53,1.08507646966603,0.142843823508049,7.9384588535631e-05,0.0109392798567813
"11252",50,1.13669514060044,0.238496797599694,0.00182350443585332,0.0127860858079795
"13970",40,0.925391868461164,0.166900420778609,0.00190778405263645,0.0132750837292053
"11738",70,1.14717840420973,0.20871621783599,0.000667639287496715,0.0118372554299134
"12617",33,1.01650475384254,0.326922828350527,0.00036819125513845,0.0124569395785949
"11151",54,1.13512970109218,0.21745409896961,0.0011631012770703,0.0123697681212996
"11400",25,0.817408506243932,0.0842418327185813,0.00065465682127507,0.0113673911853662
"10476",59,1.11174905834088,0.139126348967299,0.000620604450857641,0.0118678904627617
"11102",43,1.05879978013281,0.189331027986695,0.0047400899621061,0.0128859105890709
"11991",41,1.1090433571068,0.270025619746979,0.00121971334288928,0.0123145900316422
"12553",41,1.01922455399871,0.204162030290321,0.000765327025131714,0.0114680256729174
" 9891",59,1.02095012177838,0.130572452232815,0.00162749047863799,0.0113379812897278
"10135",40,0.915375856139243,0.106550486415008,0.00219212134562198,0.0122764419535306
"11213",45,1.06129325532733,0.153623486159458,0.00277505536170534,0.0127367656078329
" 9885",54,1.04549783353851,0.118203890718107,0.0015776888869025,0.0122145664459954
"11479",64,1.30862402050198,0.318247675663267,0.00197333486569,0.0121642668657107
"11518",45,1.10911696936065,0.264891538881707,0.00572079823012805,0.0138363619762496
"11222",42,1.24196306850041,0.365073626154771,0.00492163166189401,0.0142012582785591
"12595",38,1.03076463590477,0.183598482684676,0.00207315087647609,0.0118317655294381
"18512",58,1.28310322704833,0.429540819281046,0.000760431996884208,0.0123745728907904
" 7465",63,1.02415998490348,0.118298805600503,0.000295191486056086,0.00995688588308828
"13881",73,0.999653354321758,0.13235608918533,0.000588680353591301,0.0111733453827587
" 9527",70,1.11335453376144,0.166572733681352,0.000400541007035007,0.0107114200794225
"12555",30,0.980039593237401,0.180034746991193,0.000927927093874936,0.0119174707411369
"11977",33,1.1068149565177,0.272990634271058,0.00284720382152727,0.0130474736714413
"17636",54,1.0572510724109,0.390838472780395,0.000225809781330575,0.011518598024989
"13686",41,1.28594534125029,0.338556144868561,0.00528663050730583,0.0137961896707113
"12393",55,1.26196344471895,0.300858166219624,0.0052287414775962,0.014227229113532
"13664",75,1.09535870760294,0.12903405117633,9.87518742105437e-05,0.00950558561757387
"12733",50,0.805863581135101,0.108214552730744,0.000463325064992141,0.0111917872564609
"12490",37,0.849358153683362,0.131224289007951,0.000744469948251038,0.0121864819239306
"11106",46,1.13157570543177,0.241510357030443,0.00103710750652582,0.0121818276456196
"10787",67,1.05001262383631,0.146521736433308,0.000255818432760934,0.00961539945993315
"12607",33,0.890745467072526,0.128716748058345,0.00107797035102673,0.0122812991432438
"15583",24,0.371286687395261,0.107340834187645,0.000104072557088267,0.011447636644455
"13363",67,1.09369901690867,0.136064082257093,0.000574208096163894,0.0103142023157849
"18029",24,0.832805957980183,0.290366934196005,0.000607409157320887,0.0134026309190661
"11225",60,0.973325057763463,0.199430970488768,0.00021878647993198,0.0114910112051149
"11759",12,0.243923519143205,0.0662251688443686,9.4708155223474e-05,0.011513729415827
"10543",37,1.05455162415396,0.132330165808239,0.000950912443906701,0.0120876937098583
"10918",60,1.06602844118424,0.14894863781439,9.49209825385829e-05,0.00964454244414859
"16054",34,1.13204645991659,0.518729121540021,0.00275441111213978,0.0142494179659318
"13265",61,1.07434916652473,0.131462222224774,7.66178334392149e-05,0.00973564199687291
"10557",62,1.06310154889041,0.136650513909289,0.000140040373341676,0.0108734294907486
"14585",49,0.964675598293212,0.201455765923228,0.0031100455556868,0.013156264366107
"13985",70,1.05785462478253,0.127399686313289,8.61950626191168e-05,0.00961915975171904
" 6039",45,1.05944821949422,0.192237349777067,0.000717866533862422,0.0115646338650607
" 7547",86,1.03910620777616,0.115755333984726,7.87461065903042e-06,0.00797713888090361
"11750",36,1.01044013597836,0.214599777655579,0.000641035873108098,0.0127001797526771
"12081",36,1.13272084905974,0.241287436032646,0.00361040257350789,0.0133806900683305
"11580",49,0.876368568190714,0.138866181798627,0.000254967123500499,0.0117068682126842
"11249",57,1.16474266450422,0.214160246305357,0.000147489329370489,0.0113680623078079
"10687",77,1.06347216888401,0.133417763938429,6.17199213815898e-06,0.00856424471170113
"11910",28,1.15112385456453,0.323300633582842,0.00237642980050632,0.0139585363547769
"12391",27,1.16997427958811,0.327091940674794,0.000228363709111882,0.0135903493814732
"12060",39,1.08421928598623,0.194198323755131,0.00041778001955883,0.0120579294202356
"12756",54,1.04984007906849,0.135304877534222,1.06413657554465e-05,0.0106311779098224
" 6054",45,1.03088219569067,0.174907402724977,0.000813000343716114,0.0114798016943373
" 7597",89,1.03640501982734,0.118662516024039,9.70492556896722e-05,0.00827094999770512
"11420",50,1.05447249797846,0.192851841517716,0.00039585880610261,0.0118932498997607
"12410",42,1.00167294346522,0.164385701169778,0.00122780078086342,0.0119163844784593
"13318",55,1.10019803056167,0.13203622869605,0.000150894566412232,0.0107175363185007
" 9973",46,0.972420586124178,0.1185204618425,0.000792568921465657,0.011386426916123
"11614",45,1.11156436288677,0.193236434811996,0.00103285096022364,0.0124539608415387
"12074",34,1.11523400333652,0.211962903605842,0.000253690159609845,0.0119808738957469
"12516",48,1.02430091996906,0.145129262355121,0.00143041238484712,0.0121926203714908
"10262",40,1.07792347782891,0.236303069814325,0.000124078324708506,0.0110871389952564
"11389",46,1.26346334737611,0.327560010233985,0.00465410772680209,0.0136740834466728
"13516",49,1.08669535132281,0.139617929252584,0.000295191486056086,0.0107608624057301
"14129",46,1.04356008039657,0.121519669284295,0.000744682775566147,0.0112649567870264
"10470",44,1.28325357820568,0.354898049159812,0.00169367977363687,0.0137250894868011
"10709",33,0.989897397149281,0.208843307998182,0.00349888106039081,0.0133197845866101
"10287",57,1.17173080265376,0.305826761165784,0.000281357710574006,0.011311616857053
"10412",55,1.10856498069334,0.265252426018333,5.10785556261433e-05,0.0111170286176936
"11491",55,1.26155160007058,0.346182894451287,0.000838326794214077,0.0123173269418956
"11794",50,1.20379900564752,0.316929899885004,0.00102731745003081,0.01234536405523
"11540",41,1.0548489999684,0.200287048402671,0.00022687391790612,0.0114481056357731
"10366",34,1.09941265459914,0.177773211722213,0.00129335159391697,0.0121701183807981
"15619",49,1.32010049267559,0.577652818989301,0.00221276559518755,0.0143345530288507
"13114",34,0.972470191358436,0.214064723358592,0.000818108199278728,0.012049293412114
"15570",42,0.894773752503746,0.280946495709768,0.00197439900226555,0.0135682903799144
"17620",57,1.1971474439244,0.45360916178251,0.000631245816613087,0.0121175629521026
"12285",46,1.30348318683486,0.389110659073869,0.00386004901413067,0.0146940549369336
"11908",47,1.21230434679323,0.425902141021765,0.00598598106475377,0.0148230103727926
"15607",21,0.492137275775377,0.134898545802753,0.000704671240325668,0.0124239704015731
"16057",66,1.25763026738691,0.496111056455176,0.0017158138144082,0.0138283534649555
"10999",73,1.03491605512223,0.138871302408983,0.000723400044055254,0.0092376687257687
" 7460",68,1.03870920596017,0.119377108070179,7.3425423712581e-05,0.00970825556670826
"13386",42,1.14975883170198,0.232387690968502,0.000276675509641609,0.0123241940074649
"13831",50,1.12420659359327,0.170413808033843,0.000414800437147305,0.0112817349376108
"13611",51,0.832729781868741,0.112192818348184,0.000501208327081531,0.011092479690485
"12283",47,0.950307490917501,0.126844507394083,0.000731487482029394,0.0113136825977086
"14926",53,1.18401453839884,0.418134215295504,0.000607834811951105,0.0129523043708752
"12072",35,1.07123999956118,0.222507956858945,0.00338629541069819,0.0137002771507417
"11403",47,1.28541487549611,0.286475033922113,0.00197141941985402,0.0133978205015481
"11561",36,1.07418620591318,0.399787063754315,0.00282613391733149,0.0134971002413884
"12681",49,0.994520107296027,0.115477779599813,0.000705309722270995,0.0115135805876173
"10782",69,1.08116342457807,0.153764108143828,0.000130250316846665,0.0094565417828627
"16540",37,1.28236269603046,0.621037291637701,0.000674662588895309,0.0138408916683972
"10978",66,1.02308917195538,0.124820373493428,0.000448214325619407,0.00882828833484712
"14207",36,0.988721144930067,0.172831068688392,0.00124461413875702,0.0126167184890978
"13646",56,1.09763804499641,0.13974409226975,0.000908134153569806,0.0109073128119376
"10325",45,1.03690612439389,0.155421719210037,0.00175454838575802,0.0120508381162359
"16507",38,1.24412863138595,0.582985880806406,0.000453960663127348,0.0135469350878627
"16962",43,1.11674177612788,0.524997450059328,0.0010532823824741,0.0135790282566597
"16912",45,1.09130077921039,0.409752239372685,0.00105775175609138,0.0137966075403948
"17061",40,1.4119869383132,0.606152816693134,0.00361338215591942,0.0146172043623625
"11064",55,1.0426398031773,0.15458550851547,0.00075617545058203,0.0114727383435884
"11414",58,0.958223400614576,0.157755784653048,0.00146723151036097,0.0123882133004481
"10623",60,1.07684551178265,0.144147548601903,0.00052930153267591,0.0114646649592348
"12453",46,1.19280950309237,0.204147048443587,0.00266651343099979,0.0128197920850665
"14430",56,1.02304795731981,0.121695993717704,0.000649336138397346,0.0106179773653494
" 9993",49,1.29126178875501,0.418866060282891,0.00614049369552286,0.0139726309185489
"13642",47,1.02837076099045,0.13209003985933,0.00136124350743672,0.0118365217745068
"14458",61,0.973653594006666,0.114829887234543,0.000358826853273657,0.0104118214022327
"14154",47,1.00180792573908,0.11652195684554,0.000664659705085189,0.0113277726805285
"10224",50,0.877346784660499,0.121348917497727,0.000276249855011392,0.010999383774688
"10270",59,1.0784037573875,0.14560748749527,0.000900046715595666,0.0116512369219644
"10413",84,1.07110444839903,0.131052218050536,7.95974158507399e-05,0.00960779317300679
"11173",54,1.05136818806098,0.192874482728823,0.00158279674246512,0.0123160321696221
"11605",53,1.12786299819374,0.17688852687166,0.000203250085929028,0.0116518815607951
"11085",32,0.943466870866937,0.151177651157317,0.00363572902400586,0.0133907413016633
"10700",25,0.719612037418984,0.125946145573046,0.00299448032358265,0.0131212689184359
"10821",59,1.03210074454679,0.117869825854546,0.000412459336681107,0.0106298135522104
"11652",47,1.0758951592141,0.199748269264756,0.00082768542845863,0.0122633138620292
"10423",57,0.998487797061848,0.128753518071551,0.00188841676696154,0.0115792088453234
"10771",49,1.00632462282191,0.105609943181075,0.000262203252214202,0.0104235345534587
"12187",50,1.13711992897204,0.288512527310731,0.000184308454884334,0.0114460674605811
"13609",35,1.10313957058703,0.294319282268188,0.000634863880969939,0.0117534434045957
"13031",38,1.08008098263823,0.267934875074196,0.00555500575165819,0.0141552851807325
"10652",54,0.913253239466833,0.10987562878186,0.000233897219304714,0.0106956890050738
"10312",35,1.07349877449925,0.166840908981935,0.00195779847168705,0.012889994825622
"12166",46,1.09027867017841,0.286443199172111,0.000782778864970646,0.0118362680713761
"13623",50,1.04795619956725,0.287967920152705,0.000163664205318767,0.0108690481732058
"16179",57,1.20106554343902,0.50149788415544,0.000904516089212954,0.0136422611687397
"10322",32,0.918699128056879,0.142890059751292,0.00106690333064107,0.0126898978214334
"13505",32,1.08040535426252,0.270535450165905,1.70261852087144e-06,0.0109164333352182
" 9630",73,1.05711979204562,0.139492013913237,0.000629330370777107,0.0108572547877568
"10057",41,1.09184818291276,0.264074380606519,8.96002996608597e-05,0.0114141361440023
"13387",25,0.956008728688347,0.190610419472621,0.00521320508359325,0.0139048533664683
"13837",45,1.17037162200463,0.209930612114577,0.000552712537337892,0.0117777320211237
" 7518",87,1.03804366650589,0.127629222504149,0.000100241665416306,0.00826690943700188
" 6066",46,1.04614765182335,0.173114563339771,0.000460771137210834,0.0111084294069753
"14125",36,0.858284085194398,0.118380229607688,0.00375916886676904,0.0126703777446599
"13662",66,1.094677650547,0.142230071117411,8.72591991946614e-06,0.00938784350778614
" 7534",94,1.04259060414955,0.127958304464079,9.36440186479294e-06,0.00781976671079813
"11602",54,1.03528215241771,0.185108066281439,0.000217296688726218,0.010807132240229
"14411",68,0.985364401445727,0.118467723501645,8.83233357702061e-05,0.00962761308317089
"10370",29,1.08285824549438,0.153150806273607,0.000938994114260601,0.0119688827534897
"11196",41,1.09630980817898,0.13797888054178,0.000229640673002536,0.0117288044260397
"11504",80,1.06437284862842,0.119234825138124,7.0233013985947e-05,0.00938210337615167
"14357",58,0.985306145249804,0.124231529546618,0.000681685890293904,0.0104827770924407
"12990",48,1.07400874297916,0.2533935346646,0.00266246971201272,0.0138221102485625
"10844",44,1.01973338944668,0.108991746447153,0.000533558078978088,0.0108476250986292
"10660",45,1.08410707402166,0.158067707820453,5.85275116549558e-05,0.0112042341453527
"13546",35,1.16719880953771,0.242485191768548,0.00211678047607342,0.0127716639788069
"12613",46,0.994131871656025,0.254973558971005,0.000846627059503325,0.0127705696734647
"11350",73,1.05835356971807,0.120893971102123,0.000136422308984824,0.00925559827371631
"12125",52,0.97763526977594,0.223307574249448,0.00236727822595663,0.0127790415869254
"10767",36,1.02328567127574,0.152684507713397,0.000468007265924538,0.011698829114107
"11349",71,1.06203255211117,0.12137750564148,2.97958241152502e-06,0.00869057350037608
"13427",47,1.35569755501096,0.374589227707731,0.00650698233214044,0.0142294368203177
"13496",38,1.20248603954896,0.303259801090078,0.00331819066986333,0.012590786585637
"10791",73,1.04980312303021,0.124035706485225,3.42651977325378e-05,0.00934899659809563
"11082",60,1.08458970451061,0.177761339289943,0.000134294035833735,0.0108426732916391
"11345",70,1.05121096444215,0.117432442509354,0.000384153303771619,0.00953275755191938
" 6070",54,1.10411319126182,0.190941001785161,0.000622094242063403,0.0114587837666141
" 9851",24,0.762822701448092,0.0888663038467552,0.00865887931520683,0.0114697216493799
"10904",43,1.07140972905398,0.120457920444726,0.00054909447298104,0.0114131015496518
" 9844",67,1.08051176127968,0.139429823052817,0.000226022608645684,0.0104756462373854
" 9928",47,1.01336128110547,0.116971149059618,0.000745746912141692,0.0112049828951194
"10131",53,1.11713973707831,0.145085105646626,8.47052714133543e-05,0.0109898443995633
"10481",34,0.94284713291315,0.124974074647813,0.00154172107064909,0.0124137739652195
"11179",42,1.24013886579079,0.263073176954335,0.000834283075227007,0.0129717168718158
"11410",37,1.01466104444715,0.259565211781453,0.00142849693901114,0.0122711497268697
"12046",37,1.0870204464305,0.183121459949597,5.46966199829951e-05,0.010563843363436
"11685",36,1.07603679395121,0.178287664884105,6.91688774104024e-05,0.010654409924339
"11194",29,0.879391918751869,0.181450281887865,7.55536968636703e-05,0.0122083513123523
"14137",62,1.03901203537098,0.151295507911788,0.00080576421500241,0.0108269226884272
"15445",43,1.13576338755637,0.516487432181299,0.000685303954650756,0.0134997523154665
"12040",36,1.07189183621163,0.183177833076376,1.19183296461001e-05,0.0106404326634656
"11677",40,1.05508753621484,0.178068286387856,7.00201866708381e-05,0.010448126526506
"11353",73,1.04219588192314,0.116596054704292,0.000160684622907242,0.0090971841569964
"17053",42,1.16757413015495,0.457263517639227,0.0034246043274178,0.01419965789848
"11566",44,1.06152808118652,0.116303695523404,0.000370319528289539,0.0108302872755465
"11516",64,1.04882677723017,0.112136825615897,9.23670547572758e-05,0.00961338709518294
"10865",80,1.06915860126333,0.128040832848745,0.000135996654354606,0.00967715738305495
"10234",54,1.07860270033424,0.207841870436112,0.000338395431023199,0.0111570821423008
" 7538",92,1.03176364231472,0.11896094219982,2.66034143886163e-05,0.00788065587328796
"14380",44,1.12298139280709,0.293051092051191,0.00186032356136716,0.0120267316979917
"11135",50,1.15043129986347,0.196106807788972,0.00129867227679469,0.0122621600218912
"10577",44,1.04143841141821,0.170465453492213,0.000309238088853276,0.0116346993346408
" 9852",20,1.02429149414306,0.128859118152124,0.00268886029908623,0.0135589710642243
" 7582",87,1.04127115226286,0.122254546223201,0.00038010958478455,0.00853946996992119
"10625",49,1.26376336043632,0.504904985241477,0.00253370918637182,0.0142957593981578
" 9977",72,1.10122473320837,0.158121388488082,0.000305194369866206,0.0110488195745338
"10597",37,1.21763644325756,0.455144266363027,0.0063726882963067,0.0146458570278527
" 9974",53,1.01276416609148,0.161431261054522,0.000512701002097413,0.0111985936517397
"14953",32,0.833276870651603,0.425443561003652,0.00164515514579203,0.0140218971773084
"11028",44,1.10932682774747,0.256884238238935,4.42680815426575e-05,0.011630646188069
"14016",48,1.34625042790856,0.473776657389213,0.00108925019872751,0.0133317829755188
"14093",33,1.05142477936351,0.155113219701338,0.00135336889677769,0.0119294921436467
"15529",50,1.56344054139526,0.660963209314082,0.00235003921343281,0.014207722154086
"13998",48,1.05582627378262,0.330605765518375,0.00120077171184459,0.0131848610034484
"15533",46,0.967455958298086,0.350483845386764,0.000851096433120612,0.0136971641993417
" 7570",80,1.03328086256348,0.11641684695525,4.83118005297272e-05,0.00836125353239377
"15515",40,1.24676724340888,0.505131450660066,0.00151277655579428,0.013796888928673
"16015",60,1.40168678174899,0.614004232611837,0.00110989444829307,0.013838605110337
"12507",55,1.13588806837573,0.157443278592215,0.000146212365479835,0.0116263430939801
"15537",40,0.867252180940003,0.365327138564381,0.000138550582135914,0.0131387389750889
"17724",18,0.322667837562039,0.123435826497554,4.25654630217861e-07,0.0115039103800001
"16726",23,0.611755042265378,0.181080190299948,0.000273908754545193,0.0126278538043176
"16486",16,0.551918842308081,0.09739130822249,0.000698499248187509,0.0124283903442846
"17101",23,0.586300298106517,0.14885943407379,0.000283485983725095,0.0124776882751152
"16019",47,1.12724946093142,0.484536120032063,0.00163919598096898,0.0140098421527094
"16449",37,1.37889951412572,0.546583267350981,0.00191055080773287,0.0139714294081867
"11396",47,1.07255683811994,0.16202060857452,0.000182393009048353,0.0113651227899143
"16295",34,0.964348801764358,0.286999848660587,0.00197376052032022,0.0132834368478444
"12344",63,1.07116927237099,0.141843470690983,4.8950282475054e-06,0.0094924253369227
"16702",45,1.09298145917852,0.263066341457822,0.0018445743400491,0.0134953694033084
"16891",28,0.868589346732156,0.256389905140683,0.00127845368185934,0.0134116432032513
"14319",42,1.07358675741746,0.253024204840182,0.000137699272875478,0.010830418329369
"16500",17,0.459263488252996,0.117450801349697,3.32010611569931e-05,0.012571835416503
"12364",61,0.889000851763624,0.128528169940165,0.000438424269124397,0.0110930760170745
"16842",23,0.695913371987324,0.194119951557757,0.00124950916700453,0.013107337805913
"17440",19,0.561069402453599,0.111524849752483,0.000656997921741268,0.0127523121605594
"17213",12,0.22605802168767,0.0458396341451293,2.17083861411109e-05,0.011068460127817
" 8041",33,1.11003778228602,0.391360004247402,0.000299022377728047,0.0118929029931557
"16461",39,0.86826376501169,0.36283720951746,0.000117693505255238,0.0131425720867318
"11596",65,1.10259565009835,0.181672037126692,0.000286891220766838,0.0110663096561741
"16830",29,0.873363767828306,0.229612833029624,0.00224596665634454,0.0134118885829965
"16955",14,0.213320871069782,0.0600059076947903,1.70261852087144e-06,0.00951231474140713
"17232",35,0.877780318792812,0.26399620096751,0.00116629368679694,0.0129914782484511
" 8795",69,1.03483106219683,0.111703715791681,2.1495558826002e-05,0.00889973958688135
"11266",42,1.05849605221863,0.176506949229599,0.00107137270425836,0.0122530641802912
"10493",60,1.08319481853602,0.142485532012343,0.000360742299109637,0.0111007040916325
"10141",61,1.03031639746901,0.130689134143435,0.000565269348929319,0.0114416877254816
"17690",31,0.865702217413968,0.188925087967628,0.00228214729991306,0.0136111722589479
"11162",51,1.04659481249408,0.164509991659387,0.00156066270169379,0.0121507223518099
"11802",48,1.09077981326685,0.25966903555807,2.1282731510893e-07,0.0108364151400851
"15580",33,0.752462680942808,0.181865963569689,0.00081768254464851,0.0126389042997591
"11220",31,1.2315357732476,0.355212202761274,0.00382791208954922,0.0142124150897449
"11644",48,1.08519109544676,0.278953258498751,0.000190906101652711,0.0114507298214688
"10022",43,1.06922066114966,0.163623283604871,0.00301278347268202,0.0124020006445885
"16579",16,0.405370336460295,0.125837461324658,0.000110883031171753,0.0121490202860025
"16412",42,0.991420027109961,0.369840818546934,0.00090536739847339,0.0134763520175238
"16691",18,0.619672376333967,0.156466394932291,0.00057697485126031,0.0126419273059558
"16301",18,0.342519835374635,0.109261630108235,5.46966199829951e-05,0.0117007357387639
"16806",7,0.0461532912520155,0.0132904409711539,0,0.00828870589190348
"12776",49,1.19630145004845,0.25360811862014,0.00515744432703471,0.0133170684223994
"12480",47,1.20535390598045,0.256442596252312,0.00217254123263196,0.0130030983602521
"16742",49,0.900422902332159,0.262142343120905,0.000471838157596499,0.0123793671260392
"16845",18,0.483067281265347,0.143320498539972,0.0003860687496076,0.0121930354768494
"16951",4,0.134381075061545,0.0334248710487241,1.70261852087144e-06,0.0114176891079246
"17201",7,0.170089259119862,0.0481870808256294,1.97929403051305e-05,0.0113987993968999
"16971",3,0.0841328486809249,0.00864210766229055,2.1282731510893e-07,0.010124837698494
"17128",10,0.256125388778258,0.0526255461340403,5.70377204491933e-05,0.0116860074108709
"12016",43,1.12866057986685,0.338993784859612,9.04516089212954e-05,0.0119705713641252
"17103",31,0.768775838361248,0.206279629701982,0.000767242470967694,0.0132458768846743
"17269",32,0.610604553426123,0.207481954658812,0.000245602721635706,0.012682974695198
"17599",33,0.801886322288817,0.228942838452092,0.00157790171421761,0.0134089601871208
"17136",25,0.689747418734398,0.21601859090278,0.00105711327414606,0.0134542171995239
"17287",53,0.908145816302962,0.322644887827911,3.80960894044985e-05,0.0120545812219609
"12009",49,1.17516445278977,0.34847870091363,0.000306258506441751,0.0119574289400586
"10726",67,1.0424460674319,0.126956148206192,0.000440552542275486,0.0102846635418619
"14136",55,1.07872443006133,0.151117844682034,5.68248931340844e-05,0.00971032978709306
"11544",43,1.04380904418628,0.135241370241655,0.00305236935329228,0.013014973467423
"11301",31,1.02840230474254,0.187033382496838,0.00152788729516701,0.0126248100117204
"10609",76,1.06872867549063,0.139226371175548,6.17199213815898e-06,0.0088885049852388
"12326",63,1.09598992982678,0.128533241179792,0.000127696389065358,0.0102515162850429
"14132",46,1.40498991899347,0.554163407530969,0.00171879339681972,0.013906408869171
"16030",26,0.921384456471014,0.349096976485162,0.000917924210064817,0.0129766865222631
"11517",61,1.11419743143014,0.163316016894836,0.000865143035917802,0.0113537330141941
"17543",54,1.12012472586316,0.442363560258382,7.08714959312738e-05,0.0112706767710606
"14018",43,1.32850373919671,0.582135191243271,0.00228001902676197,0.0139579999686542
"11725",81,1.07021044892264,0.188837725827468,0.00053930441648603,0.0111964954771051
"17549",60,1.13256152959674,0.455266185834528,2.1282731510893e-05,0.0111776446912671
"14924",43,1.49375946808815,0.679882501553858,0.00426889028645492,0.0146875914764371
"15663",45,0.963817949900627,0.218473397519049,0.00831644016519656,0.0146675819247724
"12039",55,1.03275253902896,0.145584402159681,0.00020899642343697,0.0103431390702668
" 7885",66,1.00250290344341,0.107191884466763,2.63905870735074e-05,0.00873366903909674
"15631",47,1.40734457162081,0.588776546464559,0.00119992040258415,0.0140599005117139
"15318",29,0.676895963099331,0.182298591016111,0.000434593377452436,0.0128846965860807
"13893",44,0.99884765953201,0.137877143176247,0.000906218707733825,0.012179390786035
"15622",17,0.472219835284176,0.170330513575583,0.00068445264539032,0.0134192877594787
"16052",59,1.32315525638177,0.590992526509762,0.0002645443526804,0.0131855560105846
"16270",15,0.585707899000522,0.13541769488636,0.000348823969463537,0.0128277185288708
"14122",67,1.09101248894221,0.143019101582484,1.42594301122983e-05,0.00929276950144748
"15661",21,0.439962021025506,0.155697644626675,5.87403389700648e-05,0.0123351103581463
"15553",21,0.505982093634731,0.192412218419054,0.000421398083915682,0.0135369779101961
"16240",25,0.596960560419741,0.171143338355535,0.000567610449395517,0.0127814481292545
" 8785",61,1.05314334826382,0.130653403683419,0.000283485983725095,0.00917462201265807
" 8021",42,1.123889543317,0.37982580373246,0.000324774482856228,0.0111711674710997
"16528",42,1.19774906862257,0.462749335385625,0.00210699041957841,0.0140455041312871
"14616",70,1.10874637026653,0.196976792283467,0.000479074286310202,0.011173183077965
"16671",53,1.16137389201383,0.390609836556418,0.000428634212629386,0.0127252928182661
"16910",29,0.764427036381805,0.319404721326607,0.00118523531784163,0.0136918250445608
" 8809",66,1.03853577439143,0.124953301682574,9.38568459630383e-05,0.00872832580413381
" 8521",53,1.15122782458994,0.328229521891218,0.0057769846413168,0.0141165115414987
"14342",41,1.00701940280497,0.38879812377407,0.001127346288132,0.0134588437818558
"16745",48,0.93871234532636,0.300341629025918,0.00127313299898162,0.012812947808693
"16921",12,0.344536877973922,0.0876265867085041,0.000434380550137327,0.0123245569038913
"17227",18,0.350668527271642,0.151807405343819,6.08686121211541e-05,0.0120824002104309
"17100",37,1.07162127130916,0.388407266838613,0.00186394162572401,0.0135930648270165
"17238",36,1.13723205193288,0.329262116694462,0.00239877666859275,0.0137449611630388
" 9958",32,1.06275622387431,0.173109438964648,0.00117991463496391,0.0122012968442814
"10811",36,1.05285670955811,0.115695405203071,0.00069041181021337,0.0114757376063968
"10160",35,1.0095639842818,0.150419923819651,0.000759580687623772,0.011415001523969
"14891",39,1.60044900741896,0.883417570270203,0.00432209711523216,0.014984447919246
"15666",14,0.30504504551379,0.12102369293775,2.27725227166555e-05,0.0120899647323486
"17250",18,0.619273190192144,0.184136014363623,0.000304981542551097,0.0133522117555332
"17108",33,0.948766807429686,0.25063190374322,0.000910688081351113,0.0130360670649251
"15656",26,0.492291742644212,0.158013979287516,4.63963546937468e-05,0.011997384748997
"10291",75,1.06145538861574,0.144393968758988,0.000123865497393397,0.00989853457558228
"10686",52,1.08419532579825,0.122904246415756,0.000344354595846249,0.0105972058581836
"12184",29,0.998907886408116,0.236706811804153,0.00083960375810473,0.0119881295368085
"14467",39,1.15638728228498,0.446856164921171,0.00243389317558573,0.0140302881039177
"15632",26,0.385130838841424,0.162347508367452,2.55392778130716e-06,0.0112360129460236
" 7341",62,1.05927716247528,0.166826308862683,0.000204314222504573,0.0108903793871788
"12245",33,1.11653276480105,0.273619869354432,0.00235578555094075,0.0127961520309918
"13276",47,1.0911223425606,0.247462112707408,0.000257946705912024,0.0111628292431837
"12488",42,1.00048383427916,0.218533497419005,0.000315197253676326,0.0122560094156693
"10247",62,1.1390892616181,0.221417069897515,0.000786822583957715,0.0112210669313247
"15678",29,0.710015561324191,0.220072596454686,0.000988370051365872,0.013219035276286
"17662",32,0.67492591900268,0.241125222286481,0.000253477332294736,0.0126293577950225
"16233",26,0.449002431550172,0.151822639695122,0.00034222632269516,0.0125536734137718
"12342",65,1.11168546622994,0.161898881032392,3.63934708836271e-05,0.0100159979465456
"17637",53,0.932295827914958,0.312493997153203,0.00051525492987872,0.0126488273914713
"12350",52,0.933173538595357,0.142471302084745,0.000439062751069723,0.0112885013140365
" 7888",61,1.00865239983198,0.105960616488718,0.000296894104576958,0.00883535287419071
"13665",47,1.06757570638949,0.178822532369986,0.00361274367397409,0.0128024682134206
"12334",60,1.16054472603926,0.192524188264179,0.00221233994055733,0.0119201309621535
"17663",22,0.673671323325793,0.206994160344342,0.000670193215278022,0.0131159666609343
" 7880",65,1.0030390496627,0.108979026296031,3.83089167196075e-06,0.00885971085075588
"13172",42,0.95745273621963,0.127764627391417,0.00217615929698881,0.0124122170729046
"14073",39,1.03549837047906,0.130711491657476,0.000295617140686304,0.0111792635303516
"14138",73,1.10094041335483,0.145695488358519,5.76762023945201e-05,0.0101605697266306
"14056",59,1.05722033143139,0.145120753776687,0.00134208904907691,0.0113442951535883
"14507",49,1.09752406320084,0.184937135941234,0.000720846116273947,0.0116508867170688
"16984",34,1.12246322198029,0.370969060283358,0.000285827084191293,0.0134372314727556
"14644",61,1.05341575439514,0.198982669873966,4.29911176520039e-05,0.0103635023811361
"12566",55,1.13631283325696,0.166026741577046,0.000465878992773448,0.0112480469219109
"13245",13,0.987306039771002,0.271876167664324,0.00086939958221998,0.0132482975806236
"12309",64,1.08181992317738,0.140147519421731,1.70261852087144e-05,0.00926511565051462
"13188",51,0.968470606220607,0.197379194808227,0.00224639231097476,0.0126782568997583
"14933",56,1.2791331897649,0.592455935405373,0.00053334525166298,0.0131083634647377
"15783",40,0.820555061518065,0.275123539869012,0.000753834350115831,0.0130509484960089
"15703",41,0.93665853670332,0.363635180017446,0.00107392663203966,0.013442789905524
"12381",51,0.980297919915651,0.140169525466651,0.000900898024856102,0.0119235563872139
"11175",39,1.22234488190229,0.241606265094816,0.00101071691945231,0.0129100128486213
"10248",33,1.0187450825331,0.12224286664679,0.00269524511853949,0.0124464563235404
"10737",34,1.02890348719874,0.109069634091957,0.000729997690823631,0.0114987235754349
"10042",53,1.06603880904225,0.133285964108626,0.000130888798791992,0.0104283894305957
"14970",18,0.500263606851033,0.10215730923167,0.000867271309068891,0.012640692895326
"15697",70,1.11448879016397,0.338607237107173,0.000204101395189464,0.0119535194303635
"15781",6,0.125648051056782,0.021424569208835,0,0.0107951474984949
"12360",51,0.999140484694706,0.134325888613095,0.00186202617988803,0.0121342377133027
"13279",58,1.01862249473303,0.132325088808377,0.000197716575736196,0.0104470122946983
