"node","degree","strength","eigencent","betweenness","closeness"
" 8807",64,1.03657958726612,0.0935688943958322,7.6601245760035e-06,0.00819814971874186
"11204",41,0.900407139596811,0.135753970035157,0.000494121069559956,0.011757056346753
"15290",21,0.366351420632471,0.0903466627982747,0.000207770120522162,0.0111349130826272
"14979",24,0.5329568313108,0.109262132592587,0.000503502570445174,0.0120470458867917
"15574",40,0.802736357321686,0.187188723925808,0.000941076428247441,0.0124659710915255
"16273",53,0.733143326854635,0.161943310381654,0.000172740112629652,0.011276849014714
"15704",27,0.78979508411519,0.207724333162728,0.00197880813625726,0.0133772934081031
"16097",32,0.638036914037898,0.157524292812531,0.000416831273276235,0.0120785150133258
"14987",27,0.625635175807582,0.116938009495145,0.000680804330294243,0.0120519487618323
"16190",49,0.810355365612111,0.22615500924416,9.29543206975705e-05,0.011395398151514
"15671",29,0.493308077515522,0.150312587402528,0.000426384911792374,0.0127650581699127
"16290",33,0.567160951749241,0.112647449726018,8.40031638896563e-05,0.0111943692199592
"15994",14,0.483537361488856,0.0845343253147634,0.00066109457155374,0.012455070762834
"16324",15,0.322716769031006,0.0659723658946904,0.000114471524562749,0.0108772115164376
"16491",9,0.145995514323601,0.0199281564729928,1.04143266707463e-05,0.0092632653453734
"10596",58,1.075934766347,0.147026196040067,0.00128104824931726,0.0107641663230611
"12343",42,1.03897500937337,0.107634600101168,0.000382920159984714,0.0110581112733994
"15738",14,0.292105850127143,0.0980328825968578,4.99199129672138e-06,0.0117681175135609
"16386",20,0.443051690325059,0.107366779315209,0.000279723650247319,0.0111793456951246
"16561",20,0.439419458649794,0.110014016485383,3.23618746132283e-05,0.0116696715606796
"16768",33,0.819539912295776,0.215977413489093,0.000515810411056056,0.0124446768515571
"16930",33,0.702543133775612,0.111839113958557,0.00109212719938099,0.0123994973870885
"16918",34,0.555885444726862,0.129473956386478,0.000276366966444351,0.0117187071012279
"17077",11,0.194847720533814,0.0302580996924467,1.8935139401357e-05,0.0105430612457206
"17279",38,0.610691551864915,0.104930888449517,0.000484051018151052,0.0113354788085822
"16873",31,0.916426791841532,0.166697619877351,0.00141264746815669,0.0127502138944812
"17159",19,0.728124530696048,0.118166700449286,0.00173480304442614,0.0131476334307602
"17028",20,0.578141999416208,0.0882255167587797,0.000840375914158406,0.0123895257410753
" 7313",63,1.08464518141231,0.143766574136837,7.86668973310921e-05,0.0103963596328663
"14011",38,1.23461338294618,0.455796792946974,0.00108205714797209,0.0129999274560046
"11737",58,1.05065432534862,0.107458247928489,6.61869190892887e-05,0.0104165488013037
" 8837",73,1.03338239517981,0.0883796019014947,2.0140102817807e-05,0.00866977221743934
" 7358",60,1.05142407229995,0.144760092615193,1.6525212568457e-05,0.010449054083425
"14776",66,1.86169753885128,0.595063017196687,0.00398662146332479,0.0139344824096726
"10269",47,1.07505693011828,0.149316858384805,0.000308298496980276,0.0107970899063182
" 3061",38,1.18265003299581,0.381561244329783,0.000545418083574541,0.0126614893441235
"14519",55,1.03898212942617,0.154189875011569,0.000302617955159868,0.0109071738167736
"10460",35,1.11486937883522,0.111255297189286,0.0011536664024354,0.0115927154454888
"10723",59,1.1097693048255,0.128495542873295,5.8268588066903e-05,0.00958910783411712
"11870",41,1.05508979329938,0.176828487513892,0.0036476824680405,0.0132070288777925
"12554",57,1.1540559747888,0.179710596162551,9.50199722686277e-05,0.0107733915588034
"10743",71,1.0632259247713,0.11749960138787,4.64771603487853e-05,0.00899742579461035
"11895",51,1.01733734445549,0.189611163625278,0.00116511355489168,0.0127857441239493
"16110",60,1.20575711378906,0.449897719039148,0.000452291625246049,0.0124327429855897
"16473",36,0.95958013218788,0.233679095804779,0.00336236434478823,0.0140190334675289
"16284",35,0.569287512707716,0.170229094579478,4.58746786405603e-05,0.011752120659254
"11221",56,1.06875142727898,0.128248746742537,0.00027869082446179,0.0108287643285345
"12322",74,1.12382706067847,0.129129942146049,0.00011705358902657,0.0101121095128912
"11686",54,1.12333953906903,0.142921731237462,0.000656188649072479,0.0116983385397024
"11376",31,0.521004999528074,0.0817226975996984,0.000179023136158284,0.0117979870968197
"10459",79,1.0860467998756,0.129533124205036,2.92633972566426e-05,0.00933443572740611
"16330",19,0.709048010865338,0.148085803371947,0.000875922334943681,0.0129865033164669
"12335",62,1.00760746299471,0.125571142766812,0.000283252471681208,0.010764475744512
"11318",69,1.36288470582472,0.241724147718386,0.00136565389491514,0.0124476196900125
"11747",43,0.887157618684582,0.0901557696838772,0.00096870451801033,0.0113121169000594
"10554",66,0.999226819420416,0.112767156346593,8.58106090143313e-05,0.00940469427193188
"16959",23,1.14628924704416,0.251298859712899,0.00502598847882836,0.0143386987709688
"16681",47,1.62742168902543,0.357851436223552,0.00425920140188887,0.0140377361059947
"12339",53,1.02356803916036,0.126370286848477,0.000445320051193731,0.0111523785450792
"11709",43,1.01596866430605,0.120362556141084,0.0014910561590414,0.0121207226899552
" 2355",50,1.28145885865573,0.500999568717346,0.00123827204803328,0.0132649171552863
"14006",39,0.962819557819897,0.330456275550479,0.000533024174148198,0.0122481945861882
"17228",19,0.972989381740801,0.156883796395351,0.000498510579148452,0.0114493070315755
"13999",37,1.29511425449195,0.499020593806186,0.000427675944024285,0.0126735156271143
"15957",51,0.945005261773325,0.236844312272561,0.000833232202475167,0.0122139444206701
"16106",42,0.933043933414187,0.217220917076501,0.000589571385905887,0.0124255804785672
"14765",43,1.05655499271484,0.325412348393063,0.000195720486357662,0.0121408328113898
"10163",47,1.06063389348388,0.103246285705846,3.59767648625782e-05,0.0100510976404509
"10520",26,0.919737734142508,0.101326210305821,0.00317920990548783,0.0131414750900057
"17664",40,1.14402108024667,0.279379823495625,0.00176251720300449,0.0129762479262843
"12481",51,1.1329586176612,0.175314733150853,0.000307093533563826,0.0108990741643677
"15843",29,0.625683601609053,0.119083645779853,0.000436110687939435,0.0123161509267844
"14001",39,1.0636215233558,0.398709724284187,0.000742687808610496,0.0127120254422384
"14833",56,1.23408583756359,0.38627971493157,0.00045478762089441,0.0125270275617719
"12528",37,1.01907849502465,0.169762373686372,0.00151265943172204,0.0126340692766793
"15272",67,1.17323667190042,0.403674315095226,3.66653153862639e-05,0.010177196257813
"10011",59,1.04988959681043,0.105059617879627,0.000840978395866631,0.0107670906142751
"10207",29,0.943821108281132,0.120556314891852,0.000981356633883055,0.0120868404996308
"11549",51,1.0297048018908,0.107127234288463,0.00042586849889961,0.0108403433953169
"10772",73,1.04475093516076,0.0995885120556837,0.000171104805135898,0.00991429025200876
"17645",44,1.08634107161871,0.257714211411142,0.00107293385353325,0.0129976528093042
"15366",65,1.10067348729651,0.335144632749592,0.000269223254761112,0.0115360530543571
" 7348",64,1.04309254333078,0.143310522574726,2.43574747753819e-05,0.0100166577708949
"11197",47,1.24127651999035,0.236358819011406,0.00171328584056096,0.0124140046348924
"11585",24,0.871348403527779,0.0807270444336406,0.00120892258196118,0.0116173684356463
"10608",42,0.875536163381012,0.0995255715461339,0.000314667589324368,0.0108137375909705
"16212",23,0.598244294467941,0.100971759045113,0.00042827842573251,0.0110052620845441
"16392",16,0.396148554962281,0.0605531229384354,8.98558433409849e-05,0.0106832098249769
"13274",45,1.04273842200931,0.186781934374028,0.000533970931118266,0.0112628998402685
" 9415",18,0.966637193495433,0.0472938667346241,0,0.00756328742985964
"10355",41,0.938388297405582,0.116626229366885,0.00143003336887975,0.0121206788518255
"17644",31,0.937432860790644,0.198670143448184,0.00147444487765748,0.013310961587043
"16135",28,0.710349837968364,0.191908746070986,0.000795964405380678,0.012558811977375
"13208",51,1.01297900898697,0.19123665936766,0.000371042663451136,0.0112649068494856
"14968",62,1.30002228184744,0.470631723207416,0.000214053144050794,0.0124434673798205
"14986",31,0.591644586004309,0.143351695750095,0.000139517549861817,0.0117691403897124
"14009",50,1.21070304466481,0.378129910315169,0.000305630363700994,0.0114378941000722
"14959",30,0.398097217545689,0.106390614748204,1.14471524562749e-05,0.010985083073142
"15652",41,1.12666964994774,0.302627689497526,0.00172602402524915,0.0131348757501413
"15608",35,0.677483792401205,0.199296507675882,0.000974212922199816,0.0129919053646781
"14784",45,1.02679677019659,0.295168024061353,0.000307523877641129,0.0120329583110804
"14465",55,1.15826572130352,0.340898252662482,0.000257690033489376,0.0118267440278009
" 2047",46,1.40594849888002,0.462207426503002,0.00232489084322479,0.0134830067922699
"15534",52,0.999359761376195,0.260283111220329,0.000315872552740818,0.0119618580849338
"17215",27,0.988534935404951,0.16459194699921,0.000190986701507323,0.0113216575925408
" 7665",69,1.09439012870022,0.143697436036304,0.000957773778446819,0.0114423089788604
"11519",74,1.05172812849005,0.130820173613534,0.000121529167430527,0.0100483235207833
"10611",49,1.01687197208733,0.132895068495014,0.000479059026854331,0.0111778436060575
"13271",25,1.1097729202267,0.249161688442316,0.000975245747985344,0.0120595394769837
"16300",53,1.09983542719174,0.325538349183799,0.000535692307427481,0.0123093937514351
"16703",28,0.344265045493423,0.0551431019980116,3.01240854112497e-06,0.00942550394376352
"16871",30,0.652480060585553,0.147997735917098,0.000488010183662245,0.0120800616050677
"16994",11,0.211950958874621,0.0314799682515496,1.37710104737142e-05,0.00965483702563847
"17062",24,0.413851328838473,0.0848016814201227,0.000115074006270974,0.0118128442147328
"17217",25,0.248922404679216,0.0624494390059194,0,0.00912280065576576
" 9724",40,1.03460112786158,0.145881623434272,0.000412355694872278,0.0113691273200427
"10819",59,1.06002013567072,0.123220578236432,0.000214999901020862,0.0101539635134254
"16322",40,1.05117652399065,0.28516342534254,0.000989877446613665,0.0126223061035767
"16550",21,0.45314754308072,0.108907771633717,0.000422770021543025,0.0125283044975014
"16708",29,0.541224440095947,0.117361927923745,9.23518389893455e-05,0.0108978622441344
"16879",13,0.33756573710224,0.0581605443369037,0.00017979775549743,0.0115154995263949
"17063",10,0.231139735183735,0.0455423421878733,2.78002273938104e-05,0.011453227389567
"17163",14,0.344347736296763,0.0339709805482114,0.00039574441348836,0.0118715959351073
"14920",75,1.19805120711094,0.401480954769011,5.24159086155745e-05,0.010621680505246
"16841",62,1.20845511083438,0.31953335253934,0.000445406120009192,0.0120216473128559
"17032",28,0.720368804424261,0.195957876026344,0.000296851344524001,0.0120489510964109
"17113",19,0.445678464404323,0.0702870777012839,0.000664365186541247,0.0126738615808433
"17240",9,0.308972249819853,0.0499899570346698,0.000139603618677277,0.0118764344933252
"14992",36,1.03113177769292,0.288925284988025,0.000916718953472059,0.0125607522648773
"14315",47,1.01428831978246,0.104377083953757,0.0015532839126195,0.0116760843062604
"10268",45,0.994105589089426,0.0925758255070723,0.000461500988500346,0.0115475944293046
"10039",53,1.02388451415622,0.117230500568163,0.000518392475519877,0.0105664944912108
" 9823",50,1.07766573507949,0.125816774807503,0.000226102778215294,0.0108134671886577
"16850",39,0.832641601739566,0.15348881535545,0.000992545579892948,0.0124412843978582
"16967",28,0.568623044562892,0.138298540578535,0.000114901868640052,0.0114860494016181
"17135",31,0.492578166188641,0.125939019951004,0.000164477506345423,0.0119074288319803
"17280",12,0.240578208735298,0.0346687319188182,6.4293405149153e-05,0.0103376478074997
"15527",67,1.18143444865574,0.365887740422523,7.98718607475421e-05,0.0104306415309441
" 9825",47,1.02862328079024,0.105341857593085,0.00160742119754428,0.0118493771584584
"16853",16,0.427126653809268,0.0944339885667319,0.000171793355659584,0.0115757287244851
"16927",42,0.805584649201408,0.1274077044389,0.00122932089122537,0.0122263687018961
"17080",46,0.89612360141351,0.196882393275805,0.000887541625030877,0.0122048122061773
"17301",35,0.599028960474347,0.124468538039972,0.000252698042192655,0.0117513122792967
"14134",73,1.07355272952397,0.115915376839784,9.44174905604027e-05,0.0092623207573923
"11658",42,1.09572495897191,0.177279229898837,0.000283596746943051,0.0117107492442173
"17115",51,1.02985520074751,0.23757909576858,0.000656963268411626,0.0125462848173172
"17320",14,0.166673168231833,0.0394114017227758,2.5820644638214e-07,0.00964039735567686
"15998",74,1.1984467067647,0.403944550280046,2.79723650247319e-05,0.0101911533358562
"13979",75,1.05720410277555,0.111484809295505,3.52021455234318e-05,0.00903445895791422
"17452",26,0.908338680830893,0.203866727802872,0.00212297340215396,0.0132413004833295
"15984",57,1.17635914817399,0.355612359536486,0.000406933359498253,0.0117215637766328
"14618",56,1.05384880278256,0.194987629711207,0.000754565305144075,0.0116130832313848
"15972",43,1.09431252108724,0.321307327942239,0.000699395194433758,0.0116598577796005
"16423",45,1.18976817290165,0.394806881787604,0.000718502471466036,0.0123412150851667
" 3484",39,1.18150002038001,0.345237755290017,0.00303960628681056,0.0137040040480919
"14442",49,1.1163010685131,0.337244771157669,0.000325081915995115,0.0118266678915725
"15993",36,1.17118251346321,0.359479183066919,0.000415109896967021,0.0124989282636565
"12354",41,1.07482787324392,0.125173491916781,0.000123680887817045,0.0116121827034542
"16908",66,1.2349982730679,0.442279690175217,0.000112750148253535,0.011288799636065
"15947",37,1.10099854820872,0.35271372280999,0.000226877397554441,0.0124709691872984
"14013",56,1.54674075309486,0.577266886037517,0.00139655259966554,0.0131338252750091
"14927",53,1.43627554959056,0.626376951692987,0.000966466728808351,0.0130850505953816
"14967",19,0.470097921771656,0.0849867374434403,0.000467956149659899,0.0117706614653533
"14769",63,1.4696816509545,0.548189337132942,0.00104513362613944,0.0130513567262348
"14965",15,0.296205686411122,0.0894884021351891,7.97857919320814e-05,0.0119097465444568
"15560",24,0.656580380535258,0.135041973693329,0.000240734476843616,0.0118465187162547
"15692",21,0.496418297574018,0.105400229500706,0.000755684199745064,0.0125176220206338
"14140",58,1.07395564018505,0.131473546025176,6.56705061965244e-05,0.00982930268220114
"16803",36,0.786347535332466,0.186289958694161,0.000882205358472313,0.0128237290914604
"16581",30,0.885200283734296,0.238698472982967,0.000910952342836191,0.0132903382575658
"16597",24,0.368087272492284,0.0859044861631531,0.000162583992405288,0.0114940576380578
"16320",16,0.460377733379778,0.135600520444829,0.000530614247315298,0.0126360039396243
"10348",57,1.06993006832187,0.126970736855565,0.000273612764349608,0.0103886716741138
"14015",61,1.02012847179207,0.123968171220555,0.000633466481790851,0.0104957740503765
"16276",22,0.364524952925607,0.0677361857560309,0.00012066847927592,0.0108861917964595
"16798",20,0.796953145084507,0.178175701894823,0.00356204399665709,0.0137907184399391
"16615",12,0.434169103790311,0.0601048310821477,0.000427331668762442,0.0114045408861854
"16154",25,0.350404713194313,0.082025689300832,1.54923867829284e-06,0.00983322013326333
"16644",29,0.913877631962867,0.261173004372249,0.00111045985707413,0.0134925977979912
"16773",23,0.366201354510651,0.0827269255981017,0.000115504350348277,0.0113356756775477
"17000",48,0.765850466277166,0.162818128374081,0.000444201156592742,0.0121940886745071
"17122",40,0.884139059312748,0.163399186740589,0.00233590765160376,0.0130615681420473
"16000",64,1.2376795702392,0.421209006216169,0.000796652955904364,0.0129584054965395
"16334",32,0.469954688924111,0.127167815767462,4.93174312589888e-05,0.0110867399912119
"17134",37,0.749010780532262,0.185269507888078,0.000310278079735872,0.0123195691156539
"16638",14,0.306164755323139,0.0771067492778052,6.76500889521208e-05,0.0118895130708439
"17010",39,0.78540548676272,0.229187480247354,0.000418294443139067,0.0123327629300654
"14078",48,1.01614540916682,0.101966274073521,0.000247103569187708,0.0108793702995028
"17653",32,0.755147979346455,0.105568725688813,0.00209732489514667,0.012902990986297
"16505",70,1.96457618522686,0.75522472168085,0.00543481535226675,0.0144539593936873
"14948",54,1.55846819956221,0.648777709033455,0.00308591130952842,0.0140565173985351
"15694",28,0.675340955124286,0.161051483093203,0.0016645708910102,0.0132124405265999
"16457",64,1.48235101209478,0.520310447541606,0.00339446801295508,0.0141430951397813
"14932",25,0.499966293848456,0.0890246721100816,0.000252611973377194,0.0119576140205125
"16940",69,1.35331803886197,0.42077797489383,0.000859138915928842,0.0126333492779323
"15044",18,0.555006209243505,0.133650559526701,0.000811112516901764,0.0129401975395441
"15568",37,0.890592726801183,0.244888614693215,0.000280498269586465,0.0122367267673618
"16095",25,0.655760236079768,0.160721327425395,0.000576402857140398,0.0125124406127008
"12065",49,1.06583153483157,0.123187338558068,0.00018220768233033,0.0101641374460403
"12506",66,1.11577833078714,0.133693556315052,9.95816194880455e-05,0.0106382550739909
"14031",53,1.54232640065162,0.224239341228921,0.000605149841504276,0.012483412393684
"15237",11,0.131150903088345,0.0205133543887764,1.2910322319107e-06,0.00976511793937766
"15711",12,0.192785155497289,0.0252164402926487,6.65311943511315e-05,0.0101287662230778
"12511",44,0.907973469853899,0.116120249948808,0.000532679898886356,0.0114657256424167
"16303",50,1.23197820488003,0.406209037414193,0.000550324006055802,0.0124448738502374
"16655",33,0.778583909108833,0.213886356139166,0.000537499752552156,0.0126204704159037
"16857",17,0.496575066138879,0.101398890082942,0.000215344176282705,0.0123474057092307
"12313",86,1.09558088941589,0.120261772480563,1.49759738901641e-05,0.00873089500264531
"16247",27,0.64141122256541,0.150340601087677,0.000502383675844184,0.0124675905024342
" 7422",38,1.11404617136501,0.323311005815865,0.000102938303291013,0.0104229320243022
"12374",47,0.929312477312538,0.0992236294429261,0.000554197102751534,0.0111585607537658
"16938",28,0.557866435034666,0.162349600277583,4.02802056356139e-05,0.0117215418266846
"16932",29,0.806123473216843,0.17828429408746,0.0011223373536077,0.012513232459703
"17143",19,0.377799822201596,0.0436506095004903,0.000153891042043756,0.0109268223073058
"17241",10,0.196008876089572,0.0364473902001827,2.5820644638214e-07,0.00946267985930809
"17342",12,0.281328553948418,0.0596866962044762,7.95275854856992e-05,0.0110802964936392
"12352",57,0.952529567658765,0.121250832198762,0.00170734709229417,0.0118197801081474
"16847",41,0.812726705621313,0.18177227298079,0.00051391689711592,0.0119503683031461
"17305",13,0.339528273401161,0.0534749111786146,0.000138656861707209,0.0107968978259939
"17174",19,0.39815209988591,0.0642005251401523,3.74399347254104e-05,0.0112321830018522
"17046",28,0.582688372116347,0.146010654671221,0.000165424263315491,0.0115493467108654
"15606",71,1.18770048687623,0.359930465752738,7.04903598623243e-05,0.0103042595750113
"15576",56,1.13807509462081,0.294989279554303,0.000695952441815329,0.0121635318841257
"15564",61,1.2510328503159,0.327507528269973,0.00105873249898224,0.0123572949846367
"16038",67,1.17939864959018,0.383165940886058,6.04203084534208e-05,0.0104555520524421
"11508",59,1.2088255210834,0.224919473168931,0.000158194482816791,0.0107198973352592
"16306",50,1.04570102633279,0.128355726764757,8.00439983784635e-05,0.010302286155577
"14151",67,1.02468938527431,0.110216089499532,0.000653778722239579,0.0102916232174792
"15029",39,0.811655589809373,0.180566143262323,0.000610830383324683,0.0124142759623307
"12316",72,1.12403070824805,0.14248464701369,0.00010612284946306,0.00941128105901794
"10276",50,1.07776450974336,0.148278930233476,0.000312688006568772,0.0107520278911098
"15897",70,1.32650144145832,0.341050892488898,0.000819633329632374,0.0125014617745023
"14824",52,1.29450153631962,0.416732492893685,0.000372850108575811,0.0126425725582709
"15338",32,0.727973752603653,0.23622836379403,0.000461931332577649,0.012478907067097
"12368",49,0.918161204090435,0.108556578462021,0.000195806555173123,0.0107221016632236
"15374",27,0.649363659540653,0.162703094349848,0.000400219991892318,0.0124286051038881
"15593",30,0.43464428435436,0.113608732624252,2.39271306980783e-05,0.0103518302328655
"15364",15,0.289231459131956,0.0662766397805204,3.82145540645568e-05,0.0109312929498547
"15559",10,0.314069583127978,0.0491969878827589,0.000153030353889149,0.011641506160692
"16119",49,0.952649889585228,0.291050601321876,0.000198216482006023,0.0121210696857467
"15731",37,1.03826602721007,0.329355537398864,0.00405891926831179,0.0137414298021553
"13418",36,1.08855318470405,0.184410336042059,0.00141281960578761,0.0114272571969773
"15236",25,0.576004545419556,0.127944710708287,0.000223778920197855,0.0121966344261542
"15557",21,0.274175629170481,0.0758088843932833,1.50620427056249e-05,0.0107028385457296
"16584",48,1.18327894284182,0.269076311320542,0.0024977170246699,0.0130608092417943
"11718",57,1.11189833971376,0.12430891424829,0.000341004646855347,0.0106684748705473
"12324",58,1.11399946060802,0.120174073731446,4.82846054734602e-05,0.00977203924577731
"10615",77,1.0503521152746,0.113508122585886,3.47718014461282e-05,0.0085603823963755
"15797",8,0.107369962997755,0.0170939610291437,0,0.00909023439631712
"16316",20,0.72010573687586,0.108992526376036,0.00168505526908985,0.0126033401337119
"11743",48,0.926641624682903,0.0946656933935981,0.00032456550310235,0.0106387912587315
"16533",77,1.79629304061369,0.765396900822674,0.00353088708546031,0.0144837409132199
"17059",70,1.28040107397599,0.390721780905995,0.000353226418650768,0.0124425481504414
"16956",48,1.08518285523736,0.321639864758945,0.00050427718978432,0.0124625282032635
"13310",41,1.09345685425756,0.163192466154043,0.000431376903089096,0.0109581102580179
"12207",36,1.05719957867569,0.151485009140624,0.00130247938436698,0.012938502605461
"12356",49,1.04942073911297,0.112852772351354,0.000107758156956813,0.0104052848793892
"12438",39,1.06050531727482,0.186601829920371,0.000384641536293928,0.0115939707858825
" 5356",45,1.59649830308709,0.482115454139845,0.00515207929347831,0.0139350171492337
" 6569",52,0.980764606170191,0.255475228887294,0.0016236021348509,0.0134089168962849
"10691",60,1.07044896618705,0.0987797680330057,1.25660470572642e-05,0.00986582125851578
"13249",45,1.0447451647676,0.183940786233455,0.000324049090209586,0.0113903865375968
"13236",42,0.998898070374506,0.18243349324043,0.000948048002299759,0.011994152353704
"17214",27,1.08503943923288,0.180156025610625,0.000390236009298875,0.011421446921059
" 3500",39,1.17551515823409,0.407969424514254,0.000183240508115859,0.0115116438646551
" 4860",24,0.694141912244099,0.124742046404854,0.00047053821412372,0.0122886434473156
"16087",31,0.546822474737563,0.161111309583338,9.35568024057955e-05,0.0116064849838067
"13246",16,0.971877819500701,0.222298366453096,3.52882143388925e-06,0.0119521444643378
"16166",37,0.854853083495223,0.195956143018421,0.000764979631814821,0.0127469577517884
"13364",22,1.16424896803218,0.179793950344713,0.00343380146162062,0.0126663789015956
" 3581",48,1.16236472075761,0.401370146823021,0.000140120031570042,0.0113322467527901
"14111",54,1.04904097933131,0.136270856532456,8.05604112712278e-05,0.0104733858210993
" 9300",18,0.966641333551284,0.0472934483059222,0,0.007560865214214
"11757",18,0.918009822192979,0.133566456473798,0.000257603964673915,0.0120633945169089
" 3039",46,1.12292248323469,0.35622799040521,0.000216032726806391,0.0124992487063844
" 2175",47,1.27868922082279,0.461624976521522,0.00087824619296112,0.0128905466620107
"15054",49,1.44357707084026,0.418214058031105,0.00130514751764626,0.0131560033853857
"15071",41,0.833903807169621,0.238803763406848,0.000375690379486014,0.0124757760380694
"15715",47,0.91774129476606,0.24426993389992,0.000436282825570357,0.0120734466201948
" 4977",35,0.87040460913843,0.252494459737482,0.000404953776742657,0.0118219166539327
" 3920",31,1.1035568592439,0.512095802596987,0.000659287126429065,0.0122240638664686
" 8235",41,1.18472083870206,0.478321794614704,0.000770315898373385,0.0126179085951572
" 5083",30,1.18103768953209,0.41664149221814,3.21036681668461e-05,0.0118916056787436
" 3628",12,0.587555518579155,0.128954801151442,0.00192906036092097,0.0127611071762659
" 4457",35,1.23275996113385,0.399841662966142,0.00119842218647497,0.0124375870465879
" 6574",61,1.37646942184139,0.417722757158186,0.0018823249941258,0.0126097114545637
" 5184",37,0.951096585972447,0.312385520190923,0.000421823264572957,0.0119620245751667
"17523",61,1.09547938582434,0.325868244815141,0.000366394947416257,0.0109906031112132
" 6807",61,1.02056284435847,0.201252275950616,0.000519081026043563,0.0118587549328069
"13326",46,1.09241453911628,0.166377035825026,0.000254935831394633,0.0109181635398538
" 5078",30,1.1553352550763,0.411305286467317,0.000237722068302491,0.0120024960266606
"14699",79,1.22573545686689,0.461762912648263,8.84787422936134e-05,0.0114096259123598
" 8070",64,0.995542167628183,0.0855345356079973,9.73438302860669e-05,0.0104532178605676
" 2158",57,1.31130710097965,0.393088689066203,0.00230389005225238,0.0135033416570568
"13169",20,1.20030967089691,0.294405609981483,0.00445767609034127,0.0136581804247638
" 4087",35,1.24068168783779,0.410044770927046,0.00120849223788388,0.0127691877441324
" 9027",55,1.14080855294317,0.307147638510184,0.00065024990080569,0.012299532195487
"14130",50,1.01606681162923,0.129142808027605,7.86668973310921e-05,0.0106183406026498
" 9794",60,1.26683380608147,0.274045954018532,0.00185788145053496,0.0123178250691646
"14774",65,1.20423598441175,0.3250145557234,0.000177215691033609,0.0114944147282153
" 8279",42,1.17046266904739,0.415819597430825,0.000779611330443143,0.012749264308448
"14373",60,1.22598924793621,0.367015492480313,0.000331364939523747,0.0117206163742621
"16697",65,1.11653919190729,0.385194580307103,0.00034014395870074,0.0121226827880275
"16574",48,1.19509660350151,0.414300198089082,0.00124291976406816,0.0128710079511733
"16400",43,1.06455824272369,0.35161483200486,0.000510818419759334,0.0119842971155717
"16216",50,1.14594066795508,0.401646671043861,0.000558070199447266,0.0124911815410795
"14510",39,0.967134632197386,0.258855068097322,0.00048740770195402,0.012060125889597
"16274",32,1.19136856113769,0.337925161030748,0.00263499678532974,0.0130699052441583
"16767",60,1.32831836554966,0.477090652822174,0.000492830037328045,0.0126979452638078
"16621",42,1.37598357577625,0.402545418453435,0.00194265923376376,0.0133938874504051
"16752",45,1.1197786312019,0.368575421041639,0.00196314361184341,0.0135388964919551
"16856",33,0.578330257157463,0.157408094172684,4.99199129672138e-05,0.0116610145394194
"17004",19,0.443229921039087,0.0907158693563913,0.000547483735145598,0.0124722640752277
"17157",32,0.776375915022016,0.180299429703544,0.0003739690031768,0.0123207229035645
"17297",35,0.635430373354262,0.141514857170972,6.997394696956e-05,0.0113527292036317
"16620",39,1.05228741004948,0.256831337207073,0.000852081273061063,0.0129050993044954
"16753",33,0.734397986753931,0.195174769638492,0.000262509887155176,0.0125116297197573
"16899",41,0.526362370513862,0.11834765134751,4.40672335158853e-05,0.0116318313888912
"17089",9,0.154608001791544,0.0237250672446068,2.26360984661676e-05,0.00975760414752143
"17261",29,0.511394359812974,0.12418946510563,0.000295302105845708,0.0119948638813356
"16804",53,1.12755309744263,0.293015257583833,0.00175580383539855,0.0127160376858181
"17017",43,0.652895272303153,0.110940995029593,0.000407191565944635,0.0115187344023126
"17107",18,0.504828527519567,0.0583928320839221,0.000184875815609613,0.0117160640218866
"17256",34,0.580274901808282,0.116547172819416,0.000101819408690024,0.0115916002296774
"17284",29,0.634752183560637,0.131845052480086,0.000758352333024346,0.0125345129499433
"16763",51,1.00829227400499,0.230026333268821,0.000518908888412641,0.0123624992693822
"17078",31,0.565090638850478,0.102689399864084,0.000165682469761873,0.0111335922278255
"17237",28,0.498079275480517,0.158618788762567,0.000512023383175784,0.0123299720102078
"17288",36,0.75239549500659,0.193642593196222,0.000662815947862954,0.0125906085050254
"16690",49,0.888476569267768,0.217996709781639,0.00081791195332316,0.0120920015518062
"16833",45,0.989704029399242,0.20767973249877,0.00153934076451486,0.0125436767479988
"17096",57,0.99443908179455,0.192883052397689,0.000658770713536301,0.0123556785370464
"17146",42,1.14721959812271,0.219934098672032,0.0016404716226812,0.0131575193567287
"17302",43,0.83874110947176,0.221405891914386,0.000353828900358993,0.0123722711977572
"17292",44,0.995353002437664,0.25633248791616,0.00113249347383207,0.0130008144556146
"17282",28,0.931157321045228,0.240931264971662,0.000854921543971267,0.0125510443930719
"15105",70,1.16410648668275,0.367893864114078,4.04523432665353e-06,0.0100213617549217
"15106",58,0.925642352015624,0.229764525706418,0.000835728198123528,0.0127194574529835
"14994",51,1.04356223677053,0.287879673204996,0.000303220436868093,0.0120457955643511
"15547",64,1.1164855233471,0.331964799429317,0.000239271306980783,0.0114015587013488
"15651",42,1.04866604415467,0.30320725506761,0.00173936469164556,0.0129898946953358
"12785",49,1.25222830799244,0.334708585429203,0.000123164474924281,0.0120791478013191
"17380",58,1.08482284838044,0.33054787360833,0.000435336068600289,0.0118577894822495
" 3614",46,1.13313476394717,0.38063567997107,2.95216037030247e-05,0.0108594674445563
"17379",35,0.868910738580806,0.202285647976599,0.00104298190575293,0.0123922044816098
"17378",72,1.30252559143365,0.432113806131191,0.000740450019408518,0.0123318181534603
"17389",35,0.904708796342127,0.209943023660747,0.000628130215232287,0.0122653066383494
"13936",55,1.05006924214105,0.123356481221111,0.000283682815758512,0.0102018193523331
"16978",33,1.14187100627903,0.310912395585391,0.000120926685722302,0.0127310929589093
"17409",43,0.88333913928715,0.219162815122741,0.000520716333537316,0.01184851169625
"13953",53,1.02393700537532,0.12126696088142,6.66172631665922e-05,0.00973943217875061
" 9417",50,1.0640702465241,0.125061800905439,0.000926014385541816,0.0112461042991632
"17270",28,0.986426114077794,0.167303081697035,0.0027041100441447,0.0132667130616162
"16975",28,0.799879855479494,0.198635019803844,0.000750089726740118,0.0125703647263344
" 7253",67,0.989447596923434,0.084662349293562,0.000664106980094865,0.0104111367346729
" 6753",10,0.447475853638018,0.0630541639107453,0.000548688698562048,0.0119175277880655
" 2153",47,1.31197505551342,0.513722550941571,7.85808285156314e-05,0.0129454188423537
"14386",43,0.738423132891719,0.263034505060242,0.000155096005460206,0.0119088867459751
"14528",31,0.496718788540202,0.150665804093617,6.53262309346815e-05,0.0112273087306865
" 2337",59,1.03089176317679,0.34054881357828,0.000418036236692685,0.012658843757876
" 4579",48,0.967787383265309,0.189932443324976,0.0015315945711234,0.0125598556257996
" 1439",36,1.08381008209204,0.322337158079545,8.35728198123528e-05,0.0100634194699796
"13059",42,1.10607751728786,0.253177553573222,0.000796652955904364,0.013074883031747
" 6391",59,1.14970228880071,0.245370514703698,0.000974643266277119,0.012581551877763
" 6710",46,0.866894632083503,0.168256106244149,0.00133294774504007,0.0124903752636655
" 6762",49,1.30322510877173,0.362284288956811,0.00309245253950343,0.0133137350136786
" 3465",54,1.22207161174918,0.399482448130457,0.000210868597878748,0.0114245218348062
" 4438",61,1.13661061098738,0.359707099976921,0.000385416155633075,0.0116131777820879
" 7081",47,1.13649933801511,0.250055424251363,2.06565157105712e-05,0.0119668969844541
" 1409",38,1.07035087872314,0.314874311081837,5.15552204609674e-05,0.00998201217904378
"  521",43,1.53377099886165,0.731065803573447,0.00114049787366991,0.0128521037328191
"14759",68,1.05004354240215,0.114676610128667,1.04143266707463e-05,0.00858849590474848
"14792",66,1.03756756032453,0.117963366067032,4.6563229164246e-05,0.00893505020639459
" 4832",38,1.02251205154995,0.215677783158503,0.00177465290598445,0.0128957168577291
" 2168",48,1.29637024658226,0.467213706082046,5.63750741267673e-05,0.0126489947105804
" 3781",34,1.14587073520707,0.3786052301744,0.00154743123316817,0.0133202836792887
" 2716",53,1.6608508295459,0.631410022022892,0.00584295367518145,0.0143754562547008
" 3485",67,1.00419361324406,0.0742271292376997,0.00189798951853965,0.0111720430092272
" 4432",34,0.96284436264178,0.353353797180055,0.000434991793338446,0.0123076648553632
" 2060",34,1.1144277692546,0.511499461300965,0.000993061992785712,0.0127721709023279
" 8151",43,0.69978525158723,0.148706641896529,0.0012540226412626,0.0122491505089775
" 6555",45,1.20989422130297,0.408533248545383,0.00117552788156242,0.0127057157443881
" 3705",50,1.39802541951251,0.488862720493459,0.00329445604938973,0.0133888117017528
" 4446",37,1.19807733531331,0.437276175080701,0.000129877842530217,0.0121231000949977
" 7424",37,1.03672568315811,0.297833570284157,6.40351987027708e-05,0.0101017368320877
" 4690",50,1.01472966973721,0.327388096730434,0.000615478099359562,0.0127864774599882
" 4515",44,1.07156221632379,0.377334446324501,0.000120152066383156,0.0117303942650022
" 8268",59,1.17043467153992,0.458358912247797,8.4089232705117e-05,0.0105647513257378
" 7425",37,1.07433606341046,0.29942976937776,0,0.0101527984207935
" 4816",55,1.58186015103141,0.231901082956584,0.000812059273871832,0.0125752622660328
" 1937",49,1.09567691472077,0.248018609683248,0.00100011963565349,0.0128328677154381
" 7473",67,0.996919159059521,0.107848251247335,0.000557898061816345,0.0106865206546981
" 4456",40,1.18452573393387,0.429331680528881,9.94955506725848e-05,0.0120817490440381
" 3454",56,1.20607072877281,0.376188524498808,0.000956052402137605,0.0126481800653018
" 8250",54,1.16709961772293,0.46578507464403,4.99199129672138e-06,0.010592177371491
" 7427",39,1.08829494141682,0.299879887042134,4.78542613961567e-05,0.0100480799018165
" 7208",40,0.972612564685556,0.333417051333742,0.000849068864519938,0.0130609449659591
" 9150",42,1.0778894511843,0.309541614118552,0.000281186820110151,0.0116269279671326
"13138",48,1.24107525449915,0.324804204814881,0.000117311795472952,0.0120220717329225
"12758",46,1.22476598378151,0.322698929395684,0.000266899396743672,0.0121405503812725
" 3595",59,0.952824542421781,0.0908946457178588,0.000473550622664845,0.0105403644199892
" 6796",44,1.03363169323456,0.265693460640527,0.000323790883763204,0.011524050195051
" 9044",36,0.954524925149085,0.298855557690056,0.00123904666737243,0.0127397039893537
" 3528",22,1.19389654718729,0.236533182924498,0.00352744433284188,0.0137350832964387
" 7401",34,1.11736567839838,0.201309737306488,0.0012375834975096,0.0129547053666559
" 6824",63,1.04699199750543,0.182391487459588,0.00058259981185357,0.0114425357769604
"11947",48,0.991519035822917,0.100148350862792,0.000585612220394694,0.00931226727493092
"11943",50,0.994321552271059,0.102662369219046,0.000220250098763966,0.00905477811879078
"11901",50,1.01100217686237,0.10451845979109,1.9537621109582e-05,0.00880587682964168
"11958",50,0.995329004710735,0.103479905993437,8.44335079669599e-05,0.00894815982475476
" 9099",24,1.05167375105696,0.211182819282901,0.00541570807523447,0.0138831286734035
" 2791",48,1.24385404289841,0.308349694868899,0.00294252066297087,0.0129519759252845
" 6833",45,1.04783748816954,0.180951428064274,0.000458918924036524,0.0114105923885136
" 8568",38,1.16216303560381,0.249392326934538,0.00179539549051048,0.0131837477441029
" 3598",53,1.1609646279611,0.393870951153823,2.38410618826176e-05,0.0109511287595784
"10968",69,1.05615836684364,0.11326936205888,9.22657701738848e-05,0.010220885291438
"10965",66,1.05827447166923,0.114161812203867,0.000937891882075395,0.0102965814063394
"10970",70,1.05537427428068,0.113896642852588,2.60788510845962e-05,0.0102184934146466
" 3040",36,1.1079131353655,0.352771099047849,3.5460351969814e-05,0.0124783767175226
" 4864",61,1.37518228085717,0.420463530300463,0.000767045283385878,0.0126739121871401
" 9105",62,1.10784358797436,0.331998257571236,0.000362693988351447,0.011181653469673
" 2767",59,1.27049505219953,0.346942029460685,0.000521404884061002,0.0118419002349843
" 7219",62,1.09031153498796,0.114807154705721,3.4857870261589e-05,0.00968550872713553
" 8957",55,1.12471256886241,0.341276549401573,1.63530749375356e-05,0.0109776950881162
" 9184",50,1.2507885150354,0.361136850185401,0.000966811004070194,0.012805283686757
" 9370",69,1.16985102238593,0.356460019382321,9.45896281913241e-05,0.0107287730826632
" 7661",54,1.18154949920161,0.191193170691996,0.000510732350943874,0.0119188353183267
" 4689",77,1.06552044626877,0.137273593755766,0.000229889806095566,0.0107468472501463
" 5640",56,1.21926255785725,0.393371575786937,0.000708604557688054,0.0116733675932542
" 2139",39,0.947012276557789,0.354260115227736,6.85968459221886e-05,0.0120828170303256
" 3491",56,1.50916629903014,0.528159909385728,0.0066133556423703,0.0144961545803158
" 2154",46,1.3120211525317,0.516091746240994,0.000460382093899356,0.0130548746473957
" 2366",55,1.310102603336,0.518949129768874,0.00056702135625518,0.0133088770398437
" 5617",57,1.28838973760447,0.410323730432247,0.00102774772541638,0.0118884759577914
" 3414",12,0.464966707249171,0.0610679922468128,0.0003474598080149,0.0123712842710827
" 4767",27,0.828937678242702,0.155744347173107,0.00143786563108668,0.0129576655469866
" 5743",49,1.25925070173404,0.415021947710918,0.00115435495295909,0.0130864181759911
" 8232",43,1.08184157595253,0.430629028471298,0.000454529414448028,0.0115103223663025
" 7423",36,1.09544672953978,0.314035923632175,0.00174151641203208,0.0112779590458908
" 8234",49,1.34129787659719,0.538648850846203,0.000813436374919203,0.0123766205202356
" 7434",41,1.13063592214874,0.310904560548814,0.000277141585783497,0.0102630709782927
" 3442",54,1.35105248017139,0.438933845688467,0.0016264424057611,0.0135907637841442
" 9209",30,1.19402930984845,0.358196318322595,0.000888832657262788,0.012626636566506
" 6298",35,1.19128743101224,0.405242655501373,0.00816646741735888,0.0142394310226225
" 7068",34,1.11032736560286,0.235868655960821,0.00012428336952527,0.0115147115394359
" 6848",79,1.07717378330917,0.1481867936338,0.000209405428015916,0.0114027432333068
" 7737",30,1.14483435985214,0.309134204355246,0.00160070782993835,0.0130565782339929
" 3111",35,1.22082165847911,0.248082181927918,0.00137701497855595,0.0127403968875067
" 5497",80,1.38586824891204,0.395565286294162,0.00129025761257156,0.0114740118859523
" 6918",39,1.23160836169097,0.366445925349293,0.00272597152327172,0.0133832795265669
" 5986",67,1.04548582503202,0.159887405839276,0.00201633413979813,0.0119332400938041
" 6911",40,1.32368228362587,0.310597718030755,0.00167162853387798,0.0130434863918424
" 5553",48,1.17136722096307,0.36380161602478,0.00131358226156141,0.0111154285831142
" 6908",33,0.936754696200353,0.226170105843246,0.000350902560633329,0.012559598394972
" 5650",61,1.31537602178702,0.412199593036095,0.000903378287075648,0.0117792985313419
" 9079",55,1.24508392649382,0.281212912803544,0.00127562591394323,0.0130624400512548
" 8891",55,1.23152729116201,0.335082435622063,0.00122957909767175,0.0127072097987021
" 3574",50,1.1263536666937,0.21107746650632,0.00021112680432513,0.0113484590082423
" 4305",15,1.09037192926981,0.186979017086863,0.000774275063884578,0.0127708243067669
" 9218",14,0.789250943918595,0.092369338655394,1.99679651868855e-05,0.0113650238867682
" 6798",59,1.16982559441167,0.223092835118432,0.00046081243797666,0.0115270072346469
" 6922",101,0.970158373097412,0.0696218216227372,0.00028351067812759,0.00977372547712114
" 3964",41,1.24971662234217,0.598500404016653,1.24799782418035e-05,0.0122895597211788
" 7844",61,1.39908337836836,0.368785790923554,0.00162747523154663,0.012795759976453
" 6780",54,1.27058964224006,0.361362535680097,0.00406580477354864,0.0136181930097673
"  533",48,1.29846197141415,0.621065609195428,0.000491108661018831,0.012557769280131
" 3021",39,1.2516442305174,0.370529093408659,0.000583632637639098,0.0124728218672386
" 4754",26,0.59057743797879,0.145963501450293,0.000349611528401418,0.0119411274470201
" 8718",38,0.879258632782049,0.196108014457388,0.000164305368714502,0.011908296000497
" 6781",53,1.28900374707339,0.387902525325708,0.000673488480980083,0.0128000897769476
" 6770",37,0.611745558112346,0.17175045292881,0.000387481807204132,0.0115594406133881
" 5891",30,1.19868747044251,0.415204694840385,0.000651885208299444,0.0127717805015768
" 6817",83,1.75731302933678,0.398808867494713,0.00855412136219393,0.0137957621199643
" 5590",55,1.15844156888715,0.360098374171431,0.000572529760444666,0.0102776113209274
" 6882",43,0.993194487991381,0.301498571294749,0.000383522641692939,0.0108805818110474
" 3978",42,1.21532084509684,0.348964985816385,0.00272356159643882,0.013334140697128
" 7898",57,1.15191079539901,0.473579747898847,1.10168083789713e-05,0.0107297459028327
" 7420",26,1.05690964188713,0.29332620828426,7.83226220692493e-06,0.00999866424190891
" 4761",55,1.1942938529758,0.264063627307819,0.00146945288636076,0.0126041092363666
" 4327",69,1.1988802468706,0.345787465409556,0.000907853865479606,0.0123923561960851
" 9431",33,1.20989984403552,0.362799016364996,0.000492830037328045,0.0125071734820949
" 9500",71,1.02195582223744,0.0592539142942287,3.07265671194747e-05,0.00842581967625366
" 7764",54,1.00393407808767,0.10756136242013,0.00187173852982414,0.0118491089560074
" 8226",32,1.00644586262371,0.414983361021405,2.08286533414927e-05,0.011518962541398
" 3280",27,1.05970281278737,0.227877786021178,0.000933158097225055,0.0125146831654775
" 5572",56,1.1627752048894,0.355333812566856,2.15172038651784e-05,0.00986320181506186
" 5594",53,1.15207072644022,0.366085458382458,0.000567968113225248,0.0106602297544429
" 6924",36,1.11145030490297,0.295103987040383,0.000634327169945458,0.0125037305128923
" 6933",14,0.677477439002767,0.162438681526993,0.000266899396743672,0.0120232992353332
" 6939",55,1.58184862965778,0.231905320935087,0.000417003410907157,0.0125754936343476
" 7236",56,1.30750421479738,0.351108694810383,0.00353088708546031,0.0135010226707914
" 8679",36,0.781529111644595,0.138883378725672,0.000474497379634913,0.0117134924016603
" 3459",45,1.36572736762449,0.450767777544484,0.00387757227413606,0.0137659938748362
" 6785",72,0.90682794531392,0.118997614629049,0.000425438154822307,0.0108776684468264
" 7452",40,1.3620040769151,0.405471411054033,0.000952007167810952,0.0128320741125226
" 6250",31,0.654265070973997,0.143461028649476,0.00055609061669167,0.0124443315889037
" 3959",48,1.18247499939267,0.388941869134252,0.000121098823353224,0.0109716705196905
" 3325",53,1.19463304285797,0.296507902109203,0.000229631599649183,0.0122396310065725
" 6692",37,0.817838831382876,0.21022307101659,0.00212409229675495,0.0131488698888063
" 7742",47,1.17138953358709,0.323209410106721,0.00122364034940496,0.0129100624431371
" 4826",68,1.08222026627482,0.18512713927015,0.000389203183513346,0.0112534752898697
" 2402",40,1.29759519557791,0.564154896828783,0.00533867648539713,0.0143047260189017
" 2899",63,1.18072426164781,0.328316289930304,0.000379047063288982,0.0128384457005727
" 7642",86,1.09565088653936,0.168409111705873,0.000160948684911534,0.00958309946535297
" 6964",68,1.01340126407946,0.101699384611792,0.00042948338914896,0.0102287530209286
" 9315",87,1.68858961949134,0.494928300697667,0.00320976433497639,0.0136826577576312
" 6910",32,0.988526499093556,0.234746570277114,0.000359079098102097,0.0127307024401306
" 4714",52,0.968865415346949,0.188576147382255,0.00192053954819036,0.0131094007922935
" 1953",55,1.28446352264806,0.399412493574922,0.000931867064993145,0.013152431795496
" 5395",70,1.23329056542542,0.369723791091091,0.000225069952429766,0.0118866107254804
" 7080",43,1.13354725027087,0.250811564868989,0.000439725578188785,0.0121628903302894
" 5530",52,1.14444292340256,0.351779720968746,9.8807000148899e-05,0.0097453420538149
" 6295",32,0.809953312709695,0.28229333687717,0.000369837700034686,0.0120325099481055
" 4115",50,0.983468809570379,0.305489245063173,0.00133389450201014,0.0134729501559115
" 5362",39,1.28655747917321,0.421325261035503,0.00140343810490239,0.0127577895479639
" 3513",39,1.1360018692124,0.383408434083047,0.000101905477505485,0.0108933304139634
" 6761",61,1.42091113787327,0.475978549744335,0.00267699836727457,0.0132989317749493
" 4055",39,0.981946746669878,0.203861543962073,0.000320606337591158,0.0120733400208662
" 3499",58,1.1900873213564,0.412433629725386,0.00140937685316918,0.0130540867497582
" 7286",46,1.09265625497862,0.260124599074659,0.0057308920774516,0.0141354113504371
" 1889",74,1.04611466117743,0.0958905095921382,0.000492313624435281,0.0104597139981732
" 1155",31,1.12518211724083,0.378388350344386,0.000185220090871455,0.0128364040702821
" 4008",21,0.481327678863256,0.099913388103591,0.000409257217515692,0.0126063253444454
" 4824",31,1.01433813393271,0.341884198101963,0.000331451008339208,0.0128651601202712
" 5517",54,1.15697125393741,0.358689646104966,6.35187858100065e-05,0.00981002087828694
" 4000",27,1.1418309274124,0.233522067768472,0.000868004003921295,0.0128452046614456
" 6971",42,1.1916749523032,0.28625676530402,0.000377325686979768,0.0121219265627964
" 3399",16,1.11887532388734,0.185171908483803,0.000341004646855347,0.0121839853624895
" 8644",68,1.35346088069489,0.332850671062651,0.00156610816612314,0.0126456959260071
" 8965",40,1.0994949033149,0.248734569412853,0.000323618746132283,0.0121637240407568
" 2099",43,1.30174687980486,0.422289499050765,0.00129120436954162,0.0132975512733949
" 5512",54,1.15100693459591,0.352753639231618,1.51481115210856e-05,0.00968857107049506
" 3452",57,1.38781127310234,0.418465015848463,0.00173230704877778,0.012944159377707
" 9289",62,1.38163872475222,0.354415277181099,0.00049214148680436,0.0125081055555161
" 7683",48,1.0890149032089,0.222519667165462,0.00264833745172615,0.0132945687158266
" 3519",61,1.0018611884349,0.0726563801356625,0.000621847191703655,0.0110416302548687
" 6879",43,0.751790705157284,0.168554632481715,0.000571066590581834,0.0122179344674029
" 5535",49,1.13338516310482,0.348110217618224,0.000104057197892003,0.0097640486883142
"  790",48,1.13647696255811,0.418924141327956,0.000549549386716655,0.0119501585010549
" 5506",52,1.16489382045356,0.357377820148059,2.4615681221764e-05,0.00964614706477081
" 6616",23,0.891889442248272,0.185587962256518,0.00308677199768303,0.0123081724044763
" 5549",47,1.08371223479398,0.336305403825038,6.52401621192208e-05,0.00971211662401127
" 7056",42,1.24606018925076,0.309978432328478,0.00257053124254967,0.0132976630891606
" 6617",44,1.00323752234943,0.279499918000037,0.00112707113845804,0.0116051739987055
" 6838",43,1.0605846770303,0.141310301734365,0.000590346005245034,0.0116942310340205
" 6791",46,1.29163991429324,0.369679975663818,0.000814038856627428,0.012569500222372
"  165",38,1.15502831126279,0.376100229612882,9.14911508347384e-05,0.0124623015955466
" 8488",57,1.1754317004433,0.341813869232867,0.000475874480682285,0.0114391245595302
" 9146",46,1.18912471592327,0.351744131892796,3.5460351969814e-05,0.0115769036681876
"  900",11,0.190853047801176,0.0416997234587481,5.06084634908995e-05,0.00983818492985808
" 6845",44,1.05975507246623,0.129095893037216,0.000596629028773666,0.0116588266166489
" 6938",37,1.06235480519264,0.246791583754012,0.000533024174148198,0.011708176106212
"  211",40,0.884023460701937,0.278959330578346,0.00034857870261589,0.0124586249022991
" 8431",51,1.18796821669736,0.324345240817721,0.000265694433327222,0.0117878023838921
" 8915",42,0.773564049252447,0.2410792844156,0.000286695224299637,0.0124518042765903
" 7070",76,1.00926937343949,0.11831664459851,0.000220680442841269,0.00966000085958072
" 3028",59,1.24164850692003,0.34051930952306,0.000883840665966066,0.0124385326878115
" 4757",59,1.02723132696706,0.173278719932225,0.00105262161308453,0.0116869868323286
" 5257",70,2.25645689953487,1,0.00594907652464451,0.0141613541728357
" 3332",49,1.20669913006821,0.287722348585868,0.00010009803238081,0.0121678631127171
" 6926",21,1.06991174064227,0.231662015606239,0.000868176141552217,0.0126332738781252
" 4835",37,1.00228684312327,0.0902297779353018,0.0011416167682709,0.0113040703434755
" 4665",43,1.36703233726687,0.54039738640923,0.00319272270951517,0.0139037951559432
" 4675",36,1.22899252600201,0.472625106518816,0.00167291956610989,0.0138668714508894
" 6724",52,1.07043691556444,0.264175550473811,0.00234967866207748,0.0132033462746043
" 5361",59,1.2042577226048,0.2196243071644,0.00346581906097201,0.0135657515818187
" 8625",41,0.900461860263275,0.257377998092699,0.000369063080695539,0.0124672070044388
" 6925",42,1.35568720787865,0.349974444035892,0.00344877743551079,0.0132729652244214
" 6936",44,1.22194063245211,0.226689576734034,0.000245296124063033,0.0126946604096407
" 8525",33,1.05203771491786,0.181985561273464,0.00346289272124635,0.0127508909431762
" 7064",39,1.06789434018534,0.289637332918471,0.00115108433797158,0.0132197798064491
" 4885",54,1.18554149411267,0.337931695698197,0.00177568573176998,0.0132688593420624
" 4782",90,1.04340845667526,0.0984922448101108,2.05704468951105e-05,0.00866705708919487
" 6890",13,1.09438159293599,0.165398574116959,0.00577650854964578,0.0138530214577632
" 7789",26,0.894154929956518,0.146218418076658,0.000692079345119597,0.0118757705403879
" 6816",46,1.09842656943657,0.345232276634496,0.00199059956397538,0.013266015964342
" 9199",52,1.03708492682656,0.0755161936095312,0.000113180492330838,0.0107948699087185
"14234",15,0.78401137198966,0.117068540582736,0.000895546024868724,0.0124271836094618
" 4752",62,1.32232695825441,0.311837732638622,0.00187647231467447,0.0127266678742013
" 9216",18,0.856366739463337,0.102541197107606,0.000452721969323353,0.0115899434177987
" 3401",23,1.10186065701943,0.189386058929431,0.000387998220096896,0.0118414453073538
" 6814",51,0.900441922844165,0.189767844362495,0.000780644156228671,0.0117572750429198
" 6335",40,1.17995102482387,0.409052777375063,0.00108584417585236,0.0131211077336452
" 6550",27,0.854560366807491,0.271285648375211,0.000456939341280928,0.0119893228584918
" 3545",27,0.684369762358144,0.18112005183557,0.000557639855369963,0.0119569365372618
" 4105",53,1.070933108763,0.351695168604983,0.0013613504541421,0.0132761420731082
" 9265",91,1.02623543792165,0.0586513230818539,7.22978049869993e-06,0.0081417652978018
"14247",23,0.876565223222626,0.146809388719268,0.00145129236629855,0.0130974529620705
" 6436",21,0.441114774640057,0.0906005254449574,0.000158280551632252,0.0118036768215296
" 8205",42,1.15120484865281,0.456212687471335,0.000724613357363747,0.0124159079270963
" 7436",36,1.08833694504412,0.302722104923088,0.00152049169392896,0.0112544567764762
" 7259",64,1.12518533515188,0.189351313871681,0.000664881599434012,0.0117267731565
" 7911",61,1.46701312498883,0.481051513317257,0.00382989015037083,0.0141066505307019
" 4605",65,1.08870658574664,0.187322757436917,0.00182173254804146,0.0121340038972596
" 8500",52,0.994720748857534,0.0615595558547311,0.000461156713238503,0.0105822927903804
" 5536",61,1.14391294714,0.348208554550793,9.38150088521777e-06,0.00957420315527546
" 6191",27,0.553900229381348,0.112158984772918,0.000174203282492484,0.0117910678320097
" 7083",41,1.00807332630122,0.219481560597915,0.000713510480169315,0.0122090808324915
" 1814",57,1.22532171813867,0.374197284623851,0.00186227096012346,0.0134568115429191
" 6849",74,0.873441837480306,0.0944575473535492,0.000238152412379794,0.0108127975125797
" 7735",39,1.13098896641462,0.284300864989822,0.000825658146714624,0.0129269857482643
" 7794",28,1.05651229503996,0.212555453604684,0,0.0109537137917343
" 6961",43,1.07899448946818,0.242326644420572,4.26040636530532e-05,0.010747519389418
" 7032",54,1.19416498589043,0.292598719161249,1.46316986283213e-06,0.0112226057345327
" 3435",41,1.1207903825116,0.207425288006891,0.00115676487979199,0.0125716014288981
" 6319",36,0.953477059362491,0.212519380761365,0.000220250098763966,0.0122016982050696
" 9442",76,1.03183896886529,0.0681895237680091,0.000274817727766058,0.00939184194368181
" 5625",12,0.674446611833144,0.0360744063951576,0.000286178811406872,0.0107775360884904
" 5581",17,0.936636280442254,0.105175666287812,0.000578382439895994,0.0109356898780099
" 6140",63,1.56017679853942,0.576681231028814,0.00299872359946672,0.0135858702779266
"   34",46,1.19426812517094,0.371815725203085,0.00099168489173834,0.0128309162285239
" 4580",61,1.22127106257323,0.417429019191172,0.00016043227201877,0.0115423500606078
" 5510",55,1.14494297419432,0.350231327254806,6.54122997501422e-05,0.00968432074254055
" 6930",28,1.07693071634976,0.254750759420632,0.000590518142875955,0.0125288566809886
" 6226",15,0.481329423985305,0.172008540626053,0.00086378663196372,0.0130240819123298
" 6205",33,0.87059209588361,0.257744227084183,0.000994955506725848,0.0126513072404463
" 1440",37,1.24886977885605,0.470975703738483,0.000946670901252387,0.0114834673594593
" 3973",42,1.13165765011011,0.368775707788343,0.000210266116170523,0.0110679869183249
" 3787",51,1.19482895497596,0.297282872596736,0.000400908542416003,0.0123105173797773
" 6717",77,1.0431519988738,0.123384926789845,8.12489617949135e-05,0.00896676971909357
" 5681",16,0.561253325166093,0.0478838581138845,0.000306318914224679,0.0108615021234952
" 5585",9,0.640306620414324,0.0455217927326109,0.000412011419610435,0.0108609786200506
" 5645",13,0.530225049380482,0.0489787886933339,0.000671250691778104,0.0112798473254809
" 5525",11,0.797590808069981,0.066573027093696,0.000346771257491215,0.0108690312057679
" 6363",54,1.30452763973848,0.49584024921265,0.000525105843125813,0.0123129872360402
" 4830",48,1.18329993231272,0.225033789843107,0.00231886602614254,0.0131391843445948
" 5531",54,1.13738491818919,0.338459695464975,2.10007909724141e-05,0.00961172851339528
" 6907",26,0.718000808555935,0.171578290104915,0.000513744759484999,0.0120820059114305
" 5290",36,0.897379898201575,0.380144675155557,0.000851478791352838,0.0133829560721327
" 9174",25,0.860442502205399,0.187572101238463,0.000855610094494952,0.0118036170516695
" 5939",65,1.6641913324974,0.441655875510101,0.00387361310862487,0.0136485262341403
" 9081",67,1.25072297318658,0.308948868898871,0.000552389657626859,0.0123594833454708
" 7753",35,1.04824721277147,0.297941676207577,0.000352882143388925,0.012479413295311
" 8922",29,0.966312491591379,0.244443467051896,0.00174969294950084,0.0127846813272497
" 4680",45,1.04868087359752,0.365857864028451,0.00199387017896289,0.0136231559884804
" 5269",60,1.39223463393488,0.551629191694886,0.000871963169432488,0.0127707168554429
" 5523",54,1.12424395460279,0.338287381660252,6.02481708224994e-07,0.00949807040560983
" 1888",62,1.3194021211303,0.493759550158471,0.00178300158108414,0.0124260469316789
" 4669",43,1.02103125907275,0.319731287023382,0.00194360599073383,0.0134947659303525
" 4483",52,1.21714120977671,0.419142645376438,0.00063329434415993,0.0124730830265567
" 4497",37,1.15864507434951,0.431094057719484,0.000309159185134883,0.0129568136877545
" 7209",59,1.36447956586837,0.390935508928374,0.00250477466753768,0.0132141963311177
" 7135",48,0.990126840882742,0.0736214214793194,0.00075637275026875,0.0108754894613214
" 2064",53,1.03888591449273,0.330368994570887,0.000583976912900941,0.0131184399374885
" 4827",42,1.11338347034154,0.310212884313048,0.00132786968492789,0.0133054797711516
" 1940",57,1.19028198242434,0.350292615668793,0.00105313802597729,0.0131388225239691
" 9073",45,1.00909310770788,0.0872865342238627,0.000972233339444219,0.0114293029407835
" 6963",28,0.98382306078713,0.13089217268393,0.00536337823543436,0.0132096236512754
" 4056",60,1.09734715637306,0.347655234813293,0.000127123640435474,0.0116067527143358
" 4869",57,1.33181470430359,0.470713619411758,0.00148924871391672,0.0136441508228278
" 9100",61,1.14421157182689,0.347908445284558,0.000244091160646583,0.0114420716563141
" 5526",54,1.12630096942649,0.335095313463383,3.3652906845139e-05,0.00965780593123077
" 6571",49,1.14703477969494,0.368664299402393,0.000143820990634852,0.0111606570347384
" 4155",60,1.28351166434857,0.336065762067179,0.00217280724630571,0.0132111277855415
" 6776",66,1.6747236872958,0.450634841734837,0.00682887195628393,0.0140321512512503
" 4861",18,0.974554291116733,0.207092846561597,0.00279224451117647,0.0135332791732406
" 3745",61,1.24998297345403,0.389720722598271,0.00206461874527159,0.0138253531070632
" 7798",27,1.07308845939794,0.211539686169668,0.000133320595148645,0.0111251611752378
" 6958",49,1.14590535196351,0.260698081473582,6.11949277925673e-05,0.0109735082450135
" 6997",51,1.15039464655912,0.288020754188709,0.000203724886195509,0.0107486120994132
" 9015",79,1.10414859230768,0.186826885692907,0.00014958760127072,0.0108030100220904
" 8896",43,1.21107440400195,0.338601711616225,0.00116399466029069,0.0125637230894362
" 7361",49,1.12986568032776,0.312526446955368,0.00026784615371374,0.0121008581839273
" 5931",42,1.23479392500611,0.427533691744297,0.00164752926554898,0.0126385047539759
" 6161",69,1.14643447964285,0.395324615747607,0.000360972612042232,0.0116893602565516
" 4681",52,1.4122010574207,0.551382920792024,0.00108240142323393,0.0136698769373474
" 8266",62,1.18762689547916,0.472178266661392,2.17754103115605e-05,0.0107216691723782
" 7426",29,1.0451947172575,0.292425380351698,0,0.0100531380179146
" 9025",55,1.27757970253575,0.329965827429045,0.000698362368648229,0.0123808914548092
" 6788",60,1.15162595966112,0.321991311758116,0.000974298991015276,0.0126282214019467
" 4751",59,1.23225212878472,0.319664153148891,0.00114411276391926,0.0130236346844651
" 9154",38,0.919523783637903,0.0982815951268908,0.00204310154140642,0.012767156498117
" 6317",25,1.06103667971484,0.309849365109181,0.00197803351691812,0.0129746645787195
"  778",17,0.23566702177052,0.0309424193146596,9.38150088521777e-06,0.00913189938186651
" 8224",37,1.1770279187011,0.487424403152551,0.000243402610122898,0.012099368625589
" 4334",52,1.11296637654524,0.36150789584166,0.000406244808974568,0.0107465363398661
" 7062",33,0.675411001079628,0.148009192724968,0.000254935831394633,0.0119973186730216
" 7412",65,1.45029223356308,0.454942698165351,0.00057545610017033,0.0117789176663105
" 3436",41,1.30451886178279,0.40650445088859,0.0013199513539055,0.0134435592127317
" 8574",41,0.987005748522964,0.106848742030575,0.000147780156146045,0.010152315253291
" 9221",65,1.07248350184493,0.135157234537552,0.00059473551483353,0.0116226557219081
" 7344",28,0.956680248843405,0.0967289041993014,0.00415049648796199,0.0124987594947521
" 6449",66,1.24019832928105,0.475839595152978,2.36689242516962e-05,0.0113278464930297
"11946",52,1.03048095121635,0.116932196228512,0.000253128386269958,0.00931121531080862
" 4867",43,1.05476311713885,0.31512194584601,0.00119979928752235,0.013179363915098
" 4810",48,1.08221916550936,0.220991807421497,0.000631400830219794,0.0114908700444081
" 4116",43,1.03428279452234,0.329808939348826,0.000731584931416064,0.0131904216807657
"   32",26,0.745770948936043,0.241336332200587,0.00027146104396309,0.0131363899123425
" 6430",67,1.22497228263783,0.46625906050072,2.24639608352462e-05,0.0112481600066762
" 5381",54,1.20234074568504,0.376209399323549,0.000688206248423865,0.0123270860518545
" 7757",54,1.1674331253746,0.295139120659464,0.000901829048397356,0.0126081577701029
" 6258",41,1.07843241191561,0.383090559272742,0.00320614944472704,0.0137762038562639
" 6441",67,1.23450043841048,0.476256364601876,1.10168083789713e-05,0.0113222231093681
" 6349",26,0.445574579808794,0.136710953416232,5.69775558349923e-05,0.0113969621576208
" 6211",27,0.898443050503327,0.202834241955727,0.00154553771922803,0.0123588716541764
" 1398",46,1.06946921396164,0.309761324125961,5.16412892764281e-07,0.0100269017009465
" 1951",45,1.25931634298811,0.486881545667213,0.001147985860615,0.0131689639015094
" 8997",80,1.15673416284041,0.129934320293768,0.000370612319373832,0.0113989899527494
" 9204",78,0.983978653636124,0.0848125663999062,0.00042827842573251,0.0104842625813558
" 6935",22,0.987403450201353,0.261919770885957,0.000172051562105966,0.0118230120176244
" 6217",50,1.27415695087636,0.39248593655535,0.00287048106443025,0.0132446150309215
" 2538",50,1.00673283092082,0.155502084320734,0.00145387443076237,0.0122249547219598
" 6033",16,0.334442038001596,0.0638160259524189,0.000107499950510431,0.0112042718818063
" 5110",42,1.18901764440761,0.436881294533052,0.00055376675867423,0.0123160278881349
" 3109",48,1.25065072313432,0.370841795424106,0.000745958423598004,0.0126590535325297
" 6819",73,1.23906117472066,0.224677384552809,0.001018710499793,0.0125559352520436
" 6489",50,1.27628655278785,0.454235316181828,0.000766528870493114,0.0127034703780831
" 4944",57,1.35955088223645,0.572122554067813,0.00199610796816487,0.0132296410187325
" 3811",50,1.33806303032766,0.484096758830678,0.00183197473708129,0.0133360188744342
" 5826",42,1.10597484690947,0.276522791418653,0.00044153302331346,0.0113718352037818
" 6628",65,1.38527124420499,0.44024651898394,0.00179496514643318,0.0129969633369545
" 6919",35,1.29265828462435,0.298679552625507,0.00047045214530826,0.0121267491467647
" 4500",50,1.22582227849052,0.432881982683161,0.000911554824544416,0.0126626952468502
" 1946",51,1.24992767255321,0.38874370611654,0.00193155635656933,0.0133430733854521
" 7393",49,1.23806549806665,0.32335756698391,0.000867745797474913,0.0123839000243074
" 4953",56,1.20057634516875,0.296197213053175,0.00319487442990168,0.0136346346751381
" 4049",9,0.951880115882824,0.174203467109295,0.000225758502953451,0.0126777899716819
" 3486",52,1.24417923147517,0.43824197605454,0.00179728900445062,0.0124976798250615
" 7947",46,1.00942625433307,0.216390505537767,0.00123310791910564,0.0125882538027425
" 4080",65,1.18828044425184,0.368394318222091,0.000150104014163484,0.0117959633634769
" 8710",32,1.13240960883833,0.266166819841863,0.000839515226003799,0.0126312012853543
" 8607",54,1.23925654478583,0.380703215836683,0.00178566971436342,0.0131562286708061
" 9106",53,1.06253573873652,0.105601481790088,0.00294183211244719,0.011825767685709
" 8412",46,1.13179418860652,0.446012719042319,0.000142874233664784,0.0113578799152926
" 6795",48,1.20269093929312,0.364941889067944,0.00200402629918725,0.0133092539800853
" 6607",37,1.07480102425661,0.324279413373014,0.000264403401095312,0.0111881662911507
" 3880",48,1.25972487530722,0.473951627766589,0.00143201295163535,0.0131433091697855
" 4856",42,1.06124454931044,0.301918545962872,0.00102559600502986,0.0129372998672964
" 8212",33,1.21265263406688,0.518480554918249,0.000131599218839431,0.0120931828791513
" 8899",59,0.797458933263465,0.157603757884472,0.0003811987836755,0.0113711715611371
" 7009",43,0.999089485331115,0.24177110356429,0.00019425731649483,0.0107760507493555
" 6946",41,1.3211695168346,0.345357299488506,0.000536036582689323,0.0129871574575053
" 7752",60,1.51811682203945,0.508827839784952,0.00185177056463725,0.0137128624374142
" 9010",36,0.774210576011402,0.126472017904379,0.000409085079884771,0.0120779349189067
" 9147",51,1.23624069130499,0.362092472761371,6.23998912090173e-05,0.0116670732977083
" 8496",18,0.522346500954543,0.111532378001345,0.000627699871154983,0.0120264588211684
" 7950",57,1.21624408794613,0.352362308691541,0.00124662072313297,0.0128714715301479
" 4857",55,1.17576174598333,0.213676723354836,0.000402199574647914,0.0116794736287705
" 3632",51,0.770364889727272,0.101113230990621,0.000343070298426404,0.0116014457494061
" 6605",39,1.03141365486202,0.317581933253973,0.000102421890398249,0.0108192699017326
" 6425",41,0.855570520001666,0.258234180286095,0.00121141857760954,0.0128495617131488
"   33",9,0.908622892758015,0.073747506866356,0.000233935040422219,0.0106383955617515
" 5782",65,1.22537582793868,0.376045340771303,0.00020510198724288,0.0115787385248302
" 8318",60,1.21046879086898,0.456828015090376,0.000309073116319422,0.0108812387122944
" 7433",31,1.0707662436123,0.30015103412736,0,0.0101348210929085
" 2784",72,1.34959260583262,0.401505521006685,0.00107017965143851,0.0126738076054682
" 8204",34,1.07972300565633,0.42927665551509,0.000522781985108374,0.0122668069952403
" 7475",64,1.02291279151079,0.0908754801940055,0.000434905724522985,0.0105356763320131
" 7089",54,1.05819261997802,0.0831726241750056,0.000523728742078441,0.0103342961551824
" 7106",67,1.07613819461022,0.098195131664246,6.84247082912672e-05,0.00966459706896536
" 8612",41,1.09216220508273,0.288735473452281,0.000425954567715071,0.012140499381376
" 9205",51,1.25515058873395,0.282162466293837,0.0024490881439346,0.0130190915013324
" 6240",57,1.3229927472506,0.443257942776577,0.00126813792699815,0.0126783081009827
" 6611",35,1.18735903503317,0.351384671904791,0.000912587650329945,0.0114898982743437
" 7132",49,1.11497306636023,0.256723154258207,0.00102258359648874,0.0122654506691569
" 6928",21,1.01545874381071,0.165726188587689,0.004357491989145,0.013809936524106
" 4019",51,1.33834389016746,0.456159893691214,0.000922055220030623,0.0122112222156792
" 3620",60,1.1246805197372,0.361197341140646,1.60087996756927e-05,0.0103664278386628
" 7182",64,1.04613322577606,0.0870477134593971,0.00010250795921371,0.009827797931329
" 7260",28,0.909229119851165,0.130138572822484,0.00196107796027236,0.0125041681203512
" 4597",60,1.2044047237052,0.403813947215731,0.000291342940334515,0.0116399954957721
"   73",40,1.16602261739324,0.407197802481515,0.000549721524347577,0.0121299400912609
" 4706",60,1.23024543736619,0.347099490761509,0.000603858809272366,0.0129681955918245
"   30",28,1.12329368073353,0.3715841121632,0.00314452417285717,0.0136426765840882
"  872",51,1.14953668448279,0.366562083578462,0.00046924718189181,0.0118642754452171
" 5194",67,1.49541292720016,0.658384738692675,0.00298176804282096,0.0137948306056838
" 3582",55,1.12301976690431,0.361801449837637,6.84247082912672e-05,0.010466646975963
" 1965",60,1.18520045444068,0.392711664328289,0.000787357523834607,0.0130092022147209
" 1952",54,1.24922105911831,0.442111579463441,0.000156387037692116,0.0123093573540802
" 6862",76,1.41612932797392,0.378921672752296,0.00264368973569127,0.0131213097025432
" 7689",16,0.849070884225751,0.114728669241479,0.000285059916805883,0.0122678007570021
" 5402",75,1.19757199825815,0.358506926141377,7.04042910468636e-05,0.0118255318571496
" 1977",47,1.14786751937962,0.426087564225523,0.00128431886430477,0.013263785757782
" 5992",24,0.821542479701616,0.165569159668705,0.0015272050615349,0.0121401371836767
" 5097",29,1.17365031070351,0.408004117211027,0.00025820644638214,0.0121070746306172
" 8539",38,1.06293811347496,0.219218640372637,0,0.0101330596767009
" 6610",55,1.41419415068289,0.581211103637432,0.000406330877790028,0.0124671656581496
" 6374",46,1.27808351343694,0.444346517084878,0.00242843162822403,0.0127788884810117
" 4704",34,0.966625306530765,0.213222500797306,0.000364415364660661,0.0123912928174255
" 6521",48,1.16135985086941,0.400090874281523,0.000554455309197916,0.0118136286824397
" 4425",47,1.34502123883861,0.512958706060496,0.00122639455149971,0.0127536938576286
" 1939",43,1.13514352911929,0.392078719176092,0.00166241917062368,0.0134451963849064
" 7867",63,1.00831783188868,0.059201007421813,2.23778920197855e-05,0.00850697823946511
" 9195",53,1.05104942648116,0.0756045726159896,0.000479747577378017,0.0106368869643243
" 8963",73,1.01990118263669,0.0664768659734727,3.4857870261589e-05,0.00922818409856262
" 6606",47,1.31298558047904,0.525773397504547,0.00171535149213202,0.0127545538358926
" 6844",41,1.02253947686948,0.105923118178696,0.00166190275773092,0.0120285442140308
" 5327",19,0.496229311537604,0.135999452237521,0.000703784704022254,0.0123136299081507
" 4423",46,1.11362853064933,0.414647441553985,0.00011584862561012,0.0119081796319462
" 3707",47,1.03742869135198,0.325794009948857,0.000906993177324998,0.0128124415043539
" 7795",31,1.07742070460373,0.217332083138357,1.97958275559641e-06,0.0106505752587193
" 3446",20,1.1462415587735,0.186226697272619,0.00125273160903068,0.0122600184316394
" 7121",40,1.09882333221879,0.321365819274702,0.000208028326968544,0.0113952676549009
" 8748",66,1.06194183158471,0.0743267755722119,0.000461242782053963,0.0103631130040176
" 9290",87,1.03396549536028,0.0581547601214397,7.74619339146421e-06,0.00755228220651536
" 9379",40,1.39752091093049,0.178303153557377,0.00888075251686734,0.0137469854750822
" 3785",54,1.29257501429923,0.477185980634109,0.000231525113589319,0.0121121325020737
" 9245",86,1.02297587084296,0.0596610208281529,2.33246489898533e-05,0.00867638969610901
" 9381",53,1.04247506877239,0.0838661280768095,0.000687259491453797,0.0109791962382413
" 6921",22,1.01163971721427,0.248361883839986,0.000180400237205655,0.0122987972757501
" 8420",31,0.699303014488417,0.0917215340314927,0.00150809778450262,0.0124355615239329
" 7805",63,1.10314216448701,0.181442335174326,0.000533368449410041,0.0118783470029057
" 3525",48,0.976148192608713,0.314408547656601,1.76441071694463e-05,0.00997998755415716
" 8463",40,1.23496959974995,0.363687900956758,0.00214690053285204,0.0131475635297945
" 8684",42,1.04737563902915,0.235490746721077,0.000501178712427734,0.0121107733055975
" 4134",35,0.972082349267778,0.193411551081955,0.00252026705432061,0.0131985159654646
" 9251",73,1.03709443979666,0.0677089547208235,0.000262595955970637,0.00956327114667244
" 9428",36,1.10988913421998,0.16094394183154,3.29643563214533e-05,0.0119944767739494
" 7082",46,1.18730693298538,0.257292299108382,0.000422425746281182,0.0119033370154313
" 8203",48,1.22572051975387,0.52245606969151,0.000322327713900372,0.0114647597810985
" 7176",84,1.04547859070118,0.0963442989095069,5.38790784784066e-05,0.0092236956627882
" 9441",62,1.03576661077379,0.0770415717985656,0.000759040883548032,0.010446228787087
" 9545",56,1.02892424533572,0.0769068828925009,0.000488096252477706,0.0107828803340951
" 5907",47,1.09299344574517,0.281872465883473,0.000112922285884456,0.0092313200949436
" 6920",24,1.02033675253471,0.272703388061626,5.57725924185423e-05,0.0118046250704475
" 5325",37,1.02947102003272,0.291256821521529,0.00086017174171437,0.0126446647594032
" 4805",53,1.10969595897797,0.240081528867082,0.000465976566904303,0.0115954525836437
" 3881",48,1.28948688517994,0.459707613675413,0.000689411211840315,0.0125480661332285
" 3950",48,1.16132479244091,0.382834910373476,4.3550820623121e-05,0.01073553787071
" 7039",23,0.62552563545226,0.158809543747732,0.00133759546107495,0.0134261985605023
" 6954",42,1.54362248694885,0.43324903011543,0.00513598442498715,0.0141445192967545
" 5927",60,1.2385826416431,0.406184799438633,0.000183240508115859,0.0119521810999422
" 3888",61,1.1375863153487,0.37001195397369,9.63970733159991e-05,0.010346462533061
" 4034",35,1.26043198868973,0.385120053716968,0.00119911073699866,0.0130981134712787
" 6733",66,1.06408660383211,0.102124121467785,3.50300078925104e-05,0.00985890797157886
" 9097",77,1.04295252851413,0.0742562761465919,0.000219131204162976,0.0100457307056196
" 9481",82,1.01178025553226,0.0603514784664589,6.02481708224994e-05,0.0080462625412073
" 5914",49,1.11334054058858,0.289130659608035,7.19535297251564e-05,0.00915695008974168
" 5758",58,1.24367016755325,0.548507146546293,0.000259239272167669,0.0120148318038823
" 6929",20,1.03796200443548,0.281079711462937,0.000319487442990168,0.011757815857144
" 6091",61,1.39599727367419,0.482148504880623,0.00106105635699968,0.0131807886643001
" 6381",40,1.23921003672728,0.5964146758223,0.000167575983702009,0.0123779085230104
" 2811",65,1.06479939529411,0.167156234197891,0.000803710598772142,0.0117100966022615
"  907",48,1.12289153533901,0.337418886771021,0.000624515324982937,0.0119612897293434
" 4854",60,1.29635437878983,0.418896350021066,0.000711272690967336,0.0125216592423905
" 8689",47,1.07428380188829,0.176084084372249,5.93874826678923e-05,0.0111257763402775
" 6769",56,0.999491092659018,0.0808992562986486,0.00105391264531644,0.011183832379571
" 8595",76,1.01362995389106,0.0719710947626635,8.71877100617027e-05,0.00984279602313029
" 5919",50,1.12987277509353,0.292054912228738,0.00017859279208098,0.00923823348723109
" 7215",49,1.26313731035263,0.279030179640599,0.00295104147570148,0.0132023037709779
" 6371",37,1.20263583738855,0.374771222768032,0.0011652856925226,0.0125511830533705
" 6332",18,0.306293153465215,0.0630662938309925,0.000109135258004185,0.0110477655192203
"  904",60,1.20076781291238,0.3580249754285,0.000888316244370024,0.0122707455557442
" 3962",55,1.443497139138,0.519387891312418,0.00363330897585856,0.0135479538595591
" 5286",37,1.01365278825665,0.393222210157638,0.00175821376223145,0.0133622232406857
" 4617",14,0.621109932338271,0.124481492920484,0.00164434471937693,0.012965818192099
"  467",35,1.04588395680438,0.37449931732006,0.000254849762579173,0.0112648323510247
" 4838",20,1.13418817964663,0.212850103468779,0.00085647078264956,0.0130243749504981
" 5245",45,1.15200366194221,0.312577234340693,0.000111889460098928,0.0120574912487855
" 7778",59,1.34363261879689,0.364067584252123,0.000894599267898656,0.0126226661934584
" 5908",48,1.11057766006114,0.289487053510406,0.000183498714562241,0.00924125687966172
" 6470",47,1.23272915320458,0.473753841207606,0.000298056307940451,0.0121261575957101
" 6420",31,0.956232998458226,0.29688325845902,0.00062735559589314,0.0121473401932531
" 6547",20,0.589360888426249,0.219752681766551,6.15392030544101e-05,0.0116501066890394
" 5894",46,1.37761381040949,0.498442477639992,0.00147995328184697,0.0132291246306111
"  469",31,0.993719777491891,0.365019521104723,0.000578726715157837,0.0115309225320948
" 4858",54,1.10541531084273,0.220950932538715,0.000159485515048702,0.0114903976244581
" 6378",42,1.17022841706104,0.378731674987736,0.000875491990866377,0.0125938147733429
"  470",29,1.03068477672136,0.3849834113242,0.000283768884573972,0.0112742267208785
" 6786",52,0.918539329773581,0.268268001310227,0.000250546321806137,0.0121666531795589
" 5233",46,1.1205556841407,0.311032544476783,0.000472603865694778,0.0121560876595247
" 6792",48,1.19370316784887,0.309186978177215,0.000826777041315613,0.0126240685988913
" 9555",52,1.03728582757207,0.0969384993373695,0.000168694878302998,0.0102800490731592
" 6917",37,1.43218123190316,0.348225715957125,0.000243144403676516,0.0119973298150857
" 6458",36,1.20248026328558,0.445065610359682,0.000609797557539155,0.0125574575707152
" 6394",26,0.519132315875419,0.142131553935133,0.000175924658801698,0.0120940213675543
" 4841",52,1.23289131133689,0.458216511661567,0.00209018118346343,0.0135784324647893
" 9662",37,1.12445076639252,0.208161667843984,1.80744512467498e-06,0.0109479466038484
" 5932",46,1.29320639788179,0.579778792962243,0.000274387383688755,0.0123085794712391
" 6097",48,1.22190529001932,0.382298318547006,0.000161120822542456,0.0110670014780037
" 6341",45,1.26748763882908,0.512589753388726,0.000719104953174261,0.0124258416140358
" 6109",76,1.20018318605677,0.282094202249934,0.000958806604232348,0.0122408761488338
" 7033",55,1.28309135090053,0.338881367397387,0.000312515868937851,0.0115570728940487
" 9374",28,0.871281893209088,0.178717806070503,0.00477156906032649,0.013361131347732
" 9018",27,0.995824309129086,0.20893341632212,0.000815157751228417,0.0118597249476802
" 7221",64,1.02522724552308,0.0644359324789921,7.73758650991814e-05,0.00938802428411238
" 7863",81,1.03370394990715,0.061105576391162,3.67513842017246e-05,0.00811312330602767
" 8464",61,1.0367126447298,0.0714866651928462,2.40131995135391e-05,0.00951792271970313
" 9049",87,1.02653987780126,0.0618319848086156,8.72737788771635e-05,0.00912766914405121
" 8961",76,1.02076364703065,0.0595407270082597,1.11889460098927e-06,0.00803140372584771
" 5922",41,1.2282414098403,0.552593342395406,6.73918825057386e-05,0.0121934506016965
" 6576",49,1.12274986372309,0.319523498473961,0.000471398902278328,0.0109100572291938
" 5944",11,1.0328118985926,0.0937046409704083,0.00117423684933051,0.0110368347964208
" 6873",58,1.14798906917497,0.368584831787836,0.00168221499817964,0.0130406047811923
" 6633",19,0.768362047500728,0.12837193875771,0.00168118217239412,0.0116201677599639
" 5117",29,1.21779592856963,0.451209370316569,0.000303220436868093,0.0127175740412438
"   22",19,0.965697719300315,0.0815912870226207,0.000612551759633898,0.0106434140857671
" 9230",38,1.24775931705806,0.136715921239352,0.0104151012900855,0.0131535372429418
" 8647",40,1.09415486174348,0.165196956744865,0.00114394062628834,0.0128099492110556
" 5938",42,1.31110001398271,0.575945534474001,0.000575542168985791,0.012475947097694
" 6578",47,1.16709472917926,0.375606508219947,0.000733736651802582,0.0113846841035485
" 5996",22,0.989915205614454,0.118516320044079,0.000129017154375609,0.0108141748973311
" 3599",58,1.22281605150184,0.446613403630769,0.000668066145606058,0.0121892365945027
" 6853",17,0.840986637738674,0.15296374873426,0.000321725232192147,0.0111445087825764
" 4516",44,0.938014893316169,0.378899908450597,0.000236861380147883,0.0121043857150217
" 7765",46,1.17862667759127,0.210827506026819,0.00156955091874157,0.0117747977202459
" 8906",38,1.0732238505488,0.116696145365059,0.000213106387080727,0.0113752873609621
" 8616",33,1.20966302740503,0.248956488629401,0.00557484931502133,0.014097153565709
" 8592",54,1.13486856698325,0.2241752384846,0.00177181263507425,0.0128863399406634
" 9156",53,1.05325393416728,0.0880530009005898,0.00317404577656019,0.0117479969966637
" 6260",22,1.06156943791099,0.294587411504825,0.00135033364576313,0.0127153364705863
" 3870",58,1.09339012360756,0.340849793856134,8.78762605853884e-05,0.0103119668157093
" 6202",32,1.11800305667042,0.36267730216155,0.00046081243797666,0.0126769658684605
" 4660",39,1.26333858331351,0.505350642158266,0.00215017114783954,0.0139869471479529
" 7938",50,1.14061282324361,0.211736490663095,0,0.0106597052125366
" 8538",49,1.12837721609968,0.208868861649517,0.000100528376458113,0.0107598492382236
" 6242",42,1.28737558664035,0.555431603489682,0.000386448981418603,0.0127818684451866
" 4777",41,1.31491918018233,0.501463090371545,0.00236930235200252,0.0139759756354724
" 4811",51,1.13143958636456,0.241754016364316,0.000202089578701755,0.0115439286091957
" 6227",24,0.387516939029324,0.088558018436502,3.73538659099496e-05,0.0110249358806654
" 6193",47,1.41471449725706,0.601513333951997,0.000322413782715833,0.0126955428704031
"  920",33,0.879755152172176,0.23284259454976,0.00228839766546945,0.0133116335598612
" 5276",47,1.49623054558815,0.496196385132581,0.00392447977856215,0.0141136141135021
" 6532",50,1.39715486266158,0.406431363678178,0.00235277713943406,0.0139557026158432
" 6820",41,0.861848230865475,0.244080010489915,0.000730810312076918,0.0133088079346056
" 5394",56,1.45403100852663,0.604682397304356,0.000238152412379794,0.0124939073607044
" 4991",48,1.16692682916775,0.538477699214982,0.00117303188591406,0.0129002082879394
" 9004",45,0.98072256513917,0.0873052597566686,0.00154304172357967,0.0116506643018714
" 9104",51,1.01475721445447,0.0623805546669249,0.000188060361781659,0.010888516689306
" 9462",47,0.964069644697192,0.0642973214891696,0.000199937858315237,0.0102429661941776
" 6027",65,1.43507983836099,0.61782349844461,0.00101578416006734,0.0127303061852785
" 3819",51,1.43417536018228,0.488397581613446,0.00313402377737096,0.0138275051804086
" 3977",32,0.810150261683055,0.233395617306122,0.000221627199811337,0.0121997858213141
" 4047",50,1.23569256826029,0.300408406112707,0.00193431055866407,0.0128762512535104
" 9534",77,1.03253083817917,0.0637677468890109,4.54443345632567e-05,0.00852614153014916
" 9599",98,1.03299538614235,0.0684362598789138,1.60087996756927e-05,0.0086348647837823
" 6915",28,1.11756181393178,0.276334952585286,0.000213967075235334,0.0120122889410378
" 4146",54,1.03596151005261,0.349489479434444,0.00223985485354961,0.0125740869810747
" 1441",32,1.17527777042334,0.378664466575514,0.00062253574222734,0.0113741216460647
"   72",38,1.37541689896955,0.426111768584917,0.00182190468567238,0.0132791149201545
" 3913",64,1.12735291977294,0.358238510514508,0.000138656861707209,0.0119080592354098
" 9208",32,1.24799404812658,0.370609700346947,0.000103368647368317,0.012439965820558
" 9137",36,0.803082230916024,0.202170877853683,0.000596112615880901,0.0124531625882704
"11335",33,1.2513851776258,0.294068403228953,0.000930662101576695,0.013351585360982
" 9659",43,1.17428750278174,0.196562441843,0.00142340607008928,0.0124234376468872
" 6831",58,1.02139381895607,0.130870624453014,0.000212589974187962,0.0109015943586501
" 8662",60,1.04116788344699,0.0781383525716809,0.00109264361227376,0.0117711242285227
" 5324",60,1.25538613777525,0.302418120135256,0.00283424609312129,0.0131382865290105
" 7067",33,1.11087203661803,0.23363333816139,0.000388686770620582,0.0117387355364675
" 4040",47,0.953830511731978,0.237013409602829,0.00130325400370612,0.0132142247218506
" 7450",49,1.25436089377711,0.416781357039667,0.00137667070329411,0.0131285259501391
" 7099",52,1.05287279249717,0.105468357168372,0.000400133923076857,0.0109800727131924
" 7042",73,1.04395756522069,0.0735524266508476,2.49599564836069e-06,0.00944508776543
" 8620",70,1.06447257304465,0.0833634381057166,7.42773877425957e-05,0.00979769213154912
" 9725",83,1.04021025800795,0.0702228732744439,0.0010062305215512,0.0104556750795131
" 6916",38,1.2182483991814,0.336671629371866,0.000844851492562363,0.012611646045745
"   23",39,0.972739088859011,0.283128565557783,0.00278475652423138,0.013655007983596
" 6365",26,0.730321708973631,0.185883020102158,0.00124756748010304,0.0127485109353944
" 4244",49,1.22747016570278,0.44053689756666,0.000924981559756288,0.0121216460646573
" 4625",56,1.24597270100792,0.397734160395412,0.00071893281554334,0.0117702743227902
" 5102",56,1.37942214202645,0.476034029739602,0.000771090517712532,0.0126808125227321
" 9600",75,1.09266374498081,0.210314226711273,0.000120926685722302,0.0116353070442141
" 7231",88,1.0325682339705,0.0586148465421638,3.87309669573211e-06,0.00798695086179644
" 6386",50,1.30272087827324,0.607452720491662,6.38630610718494e-05,0.0123995104214757
" 6564",14,1.01198630414773,0.101991677637036,0.000251493078776205,0.0106530467663093
" 9214",35,1.12619188865852,0.215736595712217,0.00187939865440014,0.0130067798398782
" 9007",22,0.731030500960031,0.108583375978298,0.00142538565284488,0.0122450391616982
" 7759",40,1.09584662651314,0.126981363536231,0.00105864643016678,0.0118780262886461
" 8465",56,1.01094893432641,0.117637099411785,0.000695608166553486,0.0112878430934884
" 5342",49,1.16827405832556,0.340261212502071,0.00104332618101477,0.0126695840954027
" 2007",38,0.733618405611895,0.229834797975395,0.000580448091467052,0.0125584493426317
" 7256",57,0.998104189299768,0.0763548041931494,0.000100442307642653,0.0103317988814287
" 4038",64,1.22038140371991,0.442869814490825,0.000261046717292344,0.0111645945820363
" 3923",39,1.26865691817528,0.471178296417781,3.80424164336354e-05,0.0110518508566814
" 4626",69,1.60946710386116,0.57309504410089,0.00432306446296072,0.0139749498634852
" 4931",71,1.37846722904204,0.41079387402243,0.00159399446233241,0.0136091704218722
" 7211",50,1.15366835004681,0.177525456083099,0.000532077417178131,0.0112976356950964
" 8587",56,1.01166518943807,0.165567380380904,0.000903808631152952,0.0123128604352085
" 9060",67,1.14379622700967,0.24881351397651,0.00184445471532309,0.0127133761124992
" 8707",83,1.01323715195871,0.0621403809557235,4.8973155997146e-05,0.00841752657342775
" 6410",56,1.44851388238562,0.562468145020324,0.00147392846476472,0.0130418703734625
" 3810",62,1.11631119771869,0.371566256584073,0.000143820990634852,0.0107634295773721
"  517",41,1.20932454714338,0.447184233853577,9.57945916077741e-05,0.0110793520684857
" 8690",48,1.06914742617738,0.173214067150193,0.000382920159984714,0.0113329993620633
" 6530",40,1.0591425078033,0.237046204312829,0.00200789939588298,0.0125618841064491
" 3991",52,1.13365618730879,0.3993700513005,0.000198216482006023,0.0113006849925335
"  503",36,1.22133204313988,0.445106502474492,0.000359939786256704,0.0112122319209024
" 3958",86,1.335175733594,0.218586414936041,0.00343225222294233,0.0126495040564325
" 4871",48,1.16258206224233,0.25747644393481,0.00171922458882775,0.0126382171290305
" 5352",19,0.897305089528776,0.131864751746712,7.45355941889779e-05,0.0101670094888615
"   57",39,0.943046227797381,0.414357177280366,0.000990652065952812,0.0133628307394061
"  493",36,1.13686374835282,0.415668658168254,0.00024125088973638,0.0110904697963924
" 4845",43,1.09069823551671,0.304414556005951,0.000668582558498822,0.0123591098734584
" 6516",16,0.93125593723416,0.117809212243034,0.000479833646193478,0.0111503290768535
"  502",30,1.09663238282726,0.408634593099351,0.000566504943362416,0.01139158847774
" 6771",69,1.72642242307032,0.513601180156538,0.00693155205312856,0.0140815003916999
" 6794",89,1.59792430170937,0.483738655340871,0.00187733300282908,0.0134131992253278
" 7120",47,1.14947216396063,0.29078170339577,0.00053078638494622,0.0117068815343623
"15598",40,1.05338161063424,0.327988722028931,0.00116476927962984,0.0130123306974698
"14936",36,0.830056453993897,0.35028365802928,0.000594993721279912,0.0130664706584841
"11729",43,1.19937931604634,0.338682220701282,0.000512798002514931,0.0127451187724974
" 5353",20,0.922467089427874,0.134394528644997,6.76500889521208e-05,0.0101575435927243
" 6517",44,0.993745545340475,0.366772511155891,0.00018453154034777,0.0116781686958874
" 5005",49,1.53964742643532,0.785030275432645,0.000816965196353092,0.0131828751069676
" 3182",54,1.2681828894119,0.410026738339279,0.00125669077454188,0.0128267193021204
" 4699",49,1.27173981966605,0.354935679064627,0.00301128964652398,0.0134332437201453
" 6007",30,0.874347072453803,0.264273977871433,0.00131220516051404,0.0129184506951172
" 6518",15,0.834733464270109,0.110829747443068,0.000573734723861116,0.011236947829115
" 6522",29,0.790737384149705,0.138327840257666,0.000757835920131582,0.0111391322365843
" 9432",34,1.15929069752537,0.357977647265506,0.000165166056869109,0.0123276723664192
" 9307",61,1.19695217886255,0.334369068429433,0.000587677871965752,0.012116413844706
" 8948",53,1.01712219605878,0.0605640048052751,0.000111373047206163,0.00967888622968894
" 9304",90,0.991233106533404,0.055218582730397,6.72197448748172e-05,0.00895059816038513
" 9102",55,1.01526748576133,0.125346516106749,0.00112948106529094,0.0119809244782885
" 9135",77,1.03266639573334,0.0604229738780263,9.29543206975705e-06,0.00842148818206232
"12604",20,0.685711643316657,0.112684368428048,0.00216927842487182,0.01325536669154
" 5360",26,0.991528011102604,0.154169073996243,0.000456508997203624,0.0103316112650267
" 5404",35,1.35275710879094,0.49657866679557,0.00139414267283264,0.0133380356110384
" 9620",17,0.956284524238073,0.178710739155326,1.84187265085927e-05,0.0115769719128586
" 1455",40,1.10128884357812,0.383763614833315,0.00018332657693132,0.0106627382717838
" 7258",63,1.17263711836885,0.206858308525041,0.000406675153051871,0.0117270055617803
" 7451",25,0.773919639411544,0.229775794429249,0.000433528623475614,0.0126166549472193
" 6751",60,1.18447180840426,0.3588024453171,0.000143304577742088,0.0110861805293635
" 9687",90,1.03167426733925,0.0597750779493708,1.97958275559641e-06,0.00805528061469924
" 9528",46,1.19346572602679,0.233543611597057,0.00248506490879718,0.0125633877678786
" 4531",43,1.36622329236883,0.55788362585981,0.00196271326776611,0.0133308925203166
" 1423",40,1.14263863329998,0.402710228235449,8.92533616327599e-05,0.0109135717435354
" 6952",68,1.06243797569728,0.122656872061505,0.000267932222529201,0.0100685540439815
" 8974",43,1.22293944139363,0.381316264231434,0.000565041773499584,0.0124225870617633
" 9191",53,1.13598454934746,0.224586890871251,3.98498615583103e-05,0.0109693859469425
" 9483",68,1.26339711398805,0.235467833865449,0.000194773729387595,0.0111620692757396
" 9452",50,0.996182063513433,0.0728759334791982,0.000674177031503769,0.0107009834164702
" 5970",21,0.945109020967247,0.143181391664721,8.44335079669599e-05,0.00801324630748957
" 6267",48,1.22154466982494,0.330358903843986,0.00231637003049418,0.0131870407024388
" 3403",71,1.21278932716077,0.36372101739587,0.000345222018812922,0.0115411388641486
" 4771",59,1.06225498776564,0.130020189347193,0.00206152026791501,0.0119833586631828
" 8962",52,0.978589265652435,0.0669993140617935,0.00128406065785838,0.0102531224389485
" 6213",31,1.15504551861649,0.421392639938741,0.00545039380786514,0.0140356976068696
" 4628",49,1.12479397173186,0.387106589884975,0.00137951097420432,0.0129778225769244
" 7440",58,1.06907875321523,0.139468527869206,0.000525880462464959,0.0108213813783914
" 7043",43,1.12342345290236,0.252322265382748,0,0.0108747936708271
" 6902",56,1.19936264781111,0.342162331626562,3.83006228800175e-05,0.0113189198714444
" 5963",27,0.968894883538931,0.153704725810184,0,0.00799263176179726
" 6187",46,1.40063556516343,0.596664153378198,0.000812145342687292,0.0129159233692995
" 3845",45,1.01850466793996,0.381020691025517,0.000313979038800683,0.0124813902525603
" 6900",58,1.1216845910454,0.319865298098838,0.000139345412230895,0.0111253435027153
" 9556",55,1.04226537974771,0.0891711258115934,8.7101641246242e-05,0.0103442442848729
" 5975",32,1.03245569369903,0.173155910920162,0.000849671346228163,0.00818435575154798
" 4663",44,0.958883728725618,0.292673740315823,0.00103291185434402,0.0130971968714694
" 4744",27,1.14324304203386,0.339474225081507,0.00034496381236654,0.0119010317486923
" 4574",16,0.924828820908447,0.170644799667548,0.000685365977513661,0.0127805037634228
" 6548",57,1.17589036319626,0.349624226113337,0.000619265127239833,0.012552298647536
" 3992",31,1.12822820225533,0.362640025215958,0.000204327367903734,0.0115161824900968
" 6700",55,1.33733637709775,0.42458460950223,0.00142340607008928,0.0132910252755722
" 4495",33,1.15945675391768,0.407868319408091,6.25720288399387e-05,0.0117599304761469
" 7288",65,1.16101616485912,0.322033660226793,0.000207167638813937,0.0117690477430935
" 7877",50,1.20753160432171,0.286614206750341,0.00235071148786301,0.013277608330596
" 9679",72,1.01839801940435,0.0623865641041528,1.46316986283213e-05,0.00801551576274718
" 9575",35,1.11570868786351,0.146451219596359,0.00143528356662286,0.0121398223586354
" 9407",51,1.02364097670509,0.0637840819274145,0.000302445817528947,0.0110232743010097
" 5972",25,0.927670678292191,0.146566262683352,0.000210610391432366,0.00804192254656708
" 5896",27,1.16909542783346,0.406001795866636,0.00019787220674418,0.012544470817771
" 3859",51,1.14146103661098,0.383123709823557,0.000633638619421773,0.0115785219816759
"  758",30,1.09802965832431,0.356182544025839,2.41853371444605e-05,0.0113459177274564
"  243",68,1.20335124005765,0.438046734007129,8.11628929794528e-05,0.0113181924764324
" 8669",52,1.01043091407211,0.0713977407089407,0.000127726122143699,0.0102421340965669
"  737",27,1.10328256780175,0.351227101833285,9.10608067574348e-05,0.0115461109453427
" 3533",51,1.14007383502486,0.373389394613838,0.000194945867018516,0.0105938280000341
"  255",61,1.18635114844394,0.420118738044289,0.000106725331171285,0.0111439661354299
" 9273",32,1.21682194130121,0.358313871445142,0.000167145639624706,0.0118003938471219
" 9774",72,1.02200196127648,0.0611782348170002,5.33626655856423e-06,0.00774219131307396
"10165",38,1.18785386368052,0.209191517872794,0.00367806475989813,0.0133090900295105
" 9854",68,1.02174932925621,0.0840202878898805,0.000369407355957382,0.0100880674264091
" 6927",23,1.08450266558225,0.247142286563843,0.00129808987477848,0.0127000258877753
" 3444",57,1.17911586755114,0.433192858268761,1.3512804027332e-05,0.0111053631204933
" 8970",83,1.02871079550383,0.0594297342438018,2.33246489898533e-05,0.00794899172847627
" 8992",43,1.48061867817673,0.176559512685033,0.00421324065443285,0.0130064401750012
" 7112",60,1.0201645197866,0.0795847763280156,3.1845461720464e-05,0.00978971919839556
" 9502",37,1.31023174106388,0.401186244549523,0.00248385994538073,0.0134033717606477
" 6878",65,1.14339178090399,0.301092402203509,0.000310536286182254,0.0118528233234127
"10346",24,0.766296827320291,0.122390061547586,0.00238823749140388,0.0131078524752149
" 9962",46,1.17349568612835,0.18833399657303,0.00123809991040236,0.0123072304781715
" 9919",48,0.96277024258339,0.208174873106886,0.000592842000893394,0.0119752207361032
" 9799",39,1.28418850962542,0.237630826161245,0.00205618400135644,0.0125734453381825
"10744",28,0.613335652769338,0.106870303991663,0.00102955517054105,0.0124036852933385
" 4149",41,1.09798016154068,0.221604324308395,0.000374313278438643,0.0125632883066242
" 9197",84,1.01820813323938,0.0584766801485486,2.30664425434712e-05,0.00827455688433193
" 9957",63,1.04900849502031,0.18467301640665,0.000339111132915211,0.0109390883522432
"10399",45,1.11860984471158,0.258595988615291,0.00265961246655151,0.0133367124518116
"   45",47,1.10627400677743,0.3390953547927,0.000278432618015408,0.0112726846503442
" 9127",22,1.01500716187623,0.17745485207237,0.00347115532753057,0.0130131300200011
" 7086",59,1.10135527589318,0.312172064817676,0.000369321287141921,0.0115851797093121
" 7760",53,1.03694017441485,0.080389948154186,0.000157075588215802,0.0113439349997835
" 7977",48,1.05496708239208,0.0823102104389377,0.00119351626399371,0.0119346023282759
" 9830",49,1.0543069487384,0.0915526888131901,0.00122673882676155,0.0110215375485238
" 6395",64,1.44079901721592,0.605491563111766,0.00102396069753611,0.0126442416032373
" 9224",53,1.07843803988158,0.0897331990046655,0.000209405428015916,0.011188915270951
"10193",57,1.08500316818691,0.153270847959175,0.00069362858379789,0.011634930498002
" 1415",44,1.05917677595461,0.304708508053639,0,0.0101628877747405
" 4083",50,1.2176642422973,0.388640720583692,0.00236336360373573,0.0136269548232456
" 7284",56,0.947669545176405,0.0917407328172731,0.000615994512252326,0.0117598369909029
" 3203",22,0.41584607677874,0.0825204601630492,5.11248763836638e-05,0.0107040062897629
" 9282",100,1.02913614960263,0.0595712706887006,1.43734921819391e-05,0.0085425176125079
" 8560",58,1.03746232476914,0.0683728727107192,1.60087996756927e-05,0.00996634995049699
" 9114",54,1.02574121765666,0.0918067989077896,0.000300810510035194,0.0112312128781623
" 9979",83,1.0219117704936,0.0654946376585376,6.82525706603458e-05,0.00927040334839447
" 1376",44,1.07836496147744,0.306389006827395,8.60688154607135e-08,0.00982497111817738
" 5080",47,1.31088121604014,0.501896494939491,0.0024731874122636,0.0134606364388598
" 7025",52,1.15912617515851,0.286509398829087,0.000356066689560972,0.0118371870552012
" 6805",34,1.13032432533608,0.261639933884508,9.51921098995491e-05,0.0107887865118917
" 5940",92,1.06098301230148,0.112797805936749,9.38150088521777e-06,0.00842243581501905
" 2302",42,1.12412177571833,0.414712789078918,0.000382317678276489,0.0124646964477411
" 8923",42,1.05289544972848,0.107469139965854,0.000332483834124736,0.0113690452066255
" 8916",56,1.05375938480183,0.113621593253166,0.00189291145842747,0.0122682114513551
" 5279",61,1.36328425314171,0.466718603696355,0.00140843009619912,0.0137337249222565
" 2327",68,1.42797925840442,0.472279380161261,0.00109548388318396,0.0126622320335008
" 6888",49,1.09456945042007,0.163217246905239,0.00049575637705371,0.0122162051589127
" 6804",36,1.07620534715039,0.246293958964842,9.46756970067848e-06,0.0107363426768375
" 6800",71,1.58435998232261,0.469332665649426,0.00169572780220698,0.013369677852743
" 4730",64,1.12823479828288,0.214139193348683,0.000311741249598704,0.0114965284233919
" 7203",38,1.23142183447569,0.242389860232541,0.0026495424151426,0.0134382087417733
" 7940",46,1.13120803493247,0.209449115962945,0.000169899841719448,0.0109379520435247
" 8583",53,1.11781994210403,0.206392768063942,4.56164721941781e-06,0.0106903133661509
" 9380",21,0.83275255637866,0.150319164526917,0.00216394215831326,0.0134485712393326
" 6223",37,1.23655237724407,0.539610630053261,2.97798101494069e-05,0.0122595875058202
" 5017",42,1.17783019694468,0.442536648086302,0.000977569606002784,0.0124399874212359
" 2694",58,1.03209128237671,0.154203809008137,0.000697673818124543,0.0117660602577876
" 2274",50,1.00044578195312,0.265050607064428,0.0032351546355373,0.0130636592143209
" 3937",58,1.17426384369736,0.371720271370808,0.00105563402162565,0.0123586010324469
" 7900",57,1.02316879931423,0.0883093933299816,0.00127975721708535,0.0108517015105689
" 8648",45,1.18942510677968,0.20719530419852,0.00238143805498248,0.013172649311334
" 9254",90,1.03554311881851,0.0607818425608221,5.68054182040709e-06,0.00844090873342575
" 7874",62,1.13709869369217,0.23414090781404,0.00085535188804857,0.0127454850758368
" 6285",8,0.233105320251851,0.0260094098363302,7.720372746826e-05,0.0114711798798699
" 6343",4,0.245168441905615,0.0179722413026359,0.000375518241855093,0.0122668002640669
" 6318",3,0.313560562592126,0.0255710888005616,0.000947101245329691,0.0125799512119796
" 6311",11,0.183225603635156,0.0349582993797126,2.66813327928212e-05,0.010918582984374
" 6210",42,1.25660061772045,0.546757993387094,1.22217717954213e-05,0.0123736914660801
" 4618",41,1.37242579564883,0.510674501535975,0.00410126512551846,0.0140530375925267
" 2315",68,1.33442431539243,0.478602744386462,0.00245795323192705,0.013418298131599
" 6338",14,0.463955690455241,0.053934951911447,0.000453066244585196,0.0123616124982687
" 6334",19,0.696005417105539,0.113903640250545,0.00195935658396314,0.0130748117278001
" 9677",33,1.25135676185894,0.294054700655026,0.000482759985919142,0.013351322087031
" 6263",44,1.21552496842119,0.510294620041677,0.000583116224746334,0.0125801238569769
" 1242",47,1.1423284786835,0.387144536271295,0.00256571138888387,0.0132441276617005
"  796",36,1.14582353267766,0.374832860934633,0.000655155823286951,0.0118566000153443
" 4475",45,1.16039033582136,0.418056521810331,0.000214225281681716,0.0119805808490361
" 7980",98,1.05706973415033,0.0931015357478717,9.46756970067848e-06,0.00833436795276717
" 8958",45,1.18306934117859,0.366438005831717,0.000336442999635929,0.0119184036827593
" 9495",61,1.02981075521322,0.0623126397180859,0.000145284160497684,0.0104404415414035
" 9647",60,1.06529224435185,0.114020483356456,0.000502383675844184,0.0109797704134101
" 9596",43,1.0785916820956,0.187316089094449,0.00223477679343743,0.0131378489155666
" 9394",47,1.02009893021784,0.0638359745518395,0.000381370921306421,0.0110016398749386
" 6218",35,1.2286845642589,0.525135796130424,0.000543352432003484,0.0127588027518771
" 6566",10,0.872414209086026,0.0732794998458821,0,0.0104058167913297
" 4997",50,1.5455029972793,0.81871753009193,0.00124662072313297,0.013202526640215
" 7372",26,1.1163068308201,0.219246681409393,0.00295930408198571,0.0127166983354141
" 6698",59,1.13948319519345,0.371705472083945,0.00116494141726076,0.0130450583993438
" 4748",52,0.903041008237359,0.218417696298228,0.00107964722113919,0.0127428982863744
" 8170",94,1.03708983606342,0.08609825803904,3.92473798500853e-05,0.00896542646760789
" 4335",59,1.28850312031119,0.40375425200242,0.000356324896007354,0.0116624779855683
" 9460",53,1.34008710673762,0.354868857250666,0.00451078054948053,0.0135653027107642
" 7896",70,1.02257697448758,0.0642817410838641,0.000635532133361908,0.0096016165832629
" 9129",78,1.01664576211823,0.0594744232529888,2.18614791270212e-05,0.00772023152868876
" 6266",46,1.1387493529046,0.353903526108523,0.00032938535676815,0.0119373525786993
"   52",53,1.12311955451079,0.376846273412484,0.000371903351605743,0.0117951399532039
" 8000",69,1.0564504096712,0.101242869520414,0.000271719250409472,0.0103964979992856
" 8441",77,1.036702089171,0.0853022413001941,0.000376464998825161,0.0100368112687384
" 7763",31,1.23679449250614,0.28443968081833,0.00608334387676323,0.0139088370254411
" 8507",47,1.05943466189035,0.142566800417093,0,0.00986055514607541
"13580",14,1.0300901336402,0.137408699989588,0.000419499406555517,0.0121418032061796
" 9821",65,1.07117079216749,0.119476326963326,0.00104935099809702,0.0114743499780121
" 9321",64,1.0216407210441,0.058351809556508,1.23939094263427e-05,0.00931943861090441
" 9435",97,1.03350455754803,0.0585931896444509,2.06565157105712e-06,0.00726344337827067
" 9392",48,1.03777450856632,0.0707512694542293,0.000524933705494891,0.0111441504486014
" 9423",48,1.50336611501637,0.252181968673742,0.0101784120475685,0.013915322950676
" 9574",47,1.06805663488233,0.129298135646924,0.000388686770620582,0.0117807070684917
" 9542",56,0.962447009801642,0.0836151459048112,0.00167309170374081,0.0118853081326676
" 9506",86,1.02712692354193,0.0636751793313074,0.000251148803514362,0.0102583230544841
" 4837",57,1.37684292124644,0.468590959007201,0.00238436439470815,0.0129885887769224
" 4150",52,1.35272892916083,0.505153746842997,0.00288795303396878,0.013195692891839
" 7691",49,1.02294943709149,0.0670649529248488,0.000536725133213009,0.0108313401448546
" 8504",56,1.03562110368021,0.0830661802945414,0.00056702135625518,0.0105593172032715
" 7237",48,1.03205298118151,0.0708974874070162,0.000479747577378017,0.0101765937326489
" 9369",56,1.01057623818521,0.0642651481311456,5.48258354484745e-05,0.00989886593033346
" 3967",55,1.42873768904263,0.503090681559491,0.0019763121406089,0.01290092784923
" 4009",69,1.28538222898763,0.402033855252016,0.000678308334645883,0.0114347789879855
" 5797",62,1.31082829992056,0.349287868677812,0.00332019062521248,0.0128966468208169
" 8509",49,1.05328093246757,0.140089923498918,2.25500296507069e-05,0.00985629296671104
" 8511",50,1.04521448471632,0.139815637491852,4.30344077303567e-06,0.00975937858915719
" 8673",64,1.29134699871996,0.387923646058443,0.00176389430405186,0.0133019050625712
" 9068",55,1.39734071373999,0.450442895833824,0.00224510505129271,0.0133745528845054
" 4788",39,1.11903164082806,0.220370695368883,0.000998656465790658,0.0118357233594724
" 6725",68,1.07828042093323,0.205372586523916,0.000787615730280989,0.0117849178372841
" 4716",30,0.867133536218747,0.180359824760107,0.00255676023207595,0.0134135595895447
" 6865",44,1.46131508614209,0.474950085772158,0.00199980892722968,0.0135633325487902
" 3899",22,0.721618687311156,0.12241339513554,0.00231146410801292,0.0135554573293865
" 9971",55,1.02009563990658,0.0980284233367072,0.000692337551565979,0.0113049356936562
" 9729",44,1.10291775015423,0.211077195106153,0.00179892431194437,0.012465673895239
" 9654",56,1.12600388158544,0.117715369306933,0.00310424396722155,0.0128502519472823
" 9592",24,0.933530617250615,0.118412140308635,0.00532722933294086,0.0132547924882486
" 6932",24,0.963527449374461,0.234722156717524,0.000359681579810322,0.0123933141884851
" 5348",53,1.18304578241488,0.35640843111366,0.000504191120968859,0.0125673436736782
" 4800",29,0.612266960768662,0.092051192146917,0.000537069408474852,0.0123476683137775
"  902",49,1.13174037768801,0.398400594693263,0.000750864346079264,0.0124556622716377
" 7710",45,0.970347544975852,0.137900283259642,0.000607387630706255,0.0117522627494934
" 4833",35,0.703236241456676,0.21056273010341,8.64130907225563e-05,0.0116749280460196
" 9566",72,1.03866630551082,0.0949733093008972,0.000491452936280674,0.0109361667085161
"10249",47,1.42184826096309,0.205078304749622,0.00295474243476629,0.0127217214617987
" 9814",52,1.4145200410616,0.191359162254834,0.000657565750119851,0.0124963370902145
" 9773",51,1.40686520657371,0.188774023150356,0.00278484259304684,0.0125139928174531
" 9621",82,1.02988801420187,0.0683306446489558,0.000220680442841269,0.0101389702392681
" 1950",49,1.1375773250556,0.247696774099895,0.00143098012584982,0.0129710631620862
" 8695",39,0.966383642696722,0.313645355459667,0.00158676468183371,0.0132737057119538
" 4279",27,0.7232192169165,0.260932093284516,0.000592067381554248,0.0123796906676366
" 7851",40,0.981328107179646,0.270379420280454,0.00123216116213557,0.0133398246633472
" 8075",73,1.05226719191187,0.144493940574391,9.39010776676384e-05,0.0100222614970261
" 9622",50,1.01679499967751,0.0796700251827797,0.00032215557626945,0.0107735348307503
" 5039",37,1.13959378317574,0.386579289595372,0.00064543004713989,0.0117271784468081
" 2297",56,1.35390710039525,0.493501648656086,0.00159829790310545,0.0130803355826818
" 6683",50,1.25669803873157,0.148672016546508,0.00277408399111426,0.0120992872469918
" 6868",38,1.24110593204651,0.34165916337241,0.00480126280166044,0.0139386431746372
" 4853",66,1.20946609861144,0.31320270709889,0.000800439983784635,0.0126202518157234
" 2288",52,1.33839877507392,0.514565702353048,0.000865421939457474,0.0131954692257038
" 5131",54,1.21069083593473,0.431248767756036,0.0010620891827852,0.0127829889597701
" 4546",49,0.813000769058966,0.218187465067703,0.00062976552272604,0.0120551050166431
" 7078",53,1.15068424702174,0.29055223591824,0.00104375652509207,0.0127572207631247
" 7993",41,1.18972003762168,0.299543024950407,0.00117793780839532,0.012477273124803
" 9085",67,1.05632968458751,0.134342879858267,0.000378444581580757,0.0113224747493153
" 2198",40,1.1591020254844,0.424599554872016,0.000436282825570357,0.0126590201307101
" 6759",48,1.15699361834323,0.323882515246541,0.000111889460098928,0.0111335193379383
" 6846",32,1.09276114078205,0.242062342675441,0.000145112022866763,0.0109512855011903
" 4779",50,1.14302265532884,0.277038054426047,0.00275661202157573,0.0133378473076708
" 2388",36,1.3093212089383,0.580601185371949,0.00410023229973293,0.0142282111158653
" 6895",69,1.08834851436016,0.133410658813016,0.000144423472343077,0.00980927007231994
" 8902",74,1.53574792266866,0.467726889019324,0.00256442035665196,0.0135161223398109
" 7079",47,1.15355669369983,0.329741259336716,0.00131521756905516,0.0130411405220647
" 5570",46,1.02623010982791,0.298085426873892,0.000324995847179654,0.0104304551433846
" 5224",54,1.05923639678199,0.0911299237417336,0.000479661508562556,0.011320319159452
" 7212",50,1.1582304257526,0.176628969141122,0.000685452046329122,0.0113055274122989
" 8919",50,1.04726557910846,0.118067139948506,0.000540684298724202,0.011326486566881
" 7085",73,1.01944408650358,0.0672896958599074,9.75159679169883e-05,0.0088708701869086
" 4277",61,1.16375165925203,0.263736372381434,0.00174530343991235,0.0127901717675695
" 4795",50,1.04034991724683,0.183949159345823,0.000268190428975583,0.0113642804644242
" 7787",52,1.14926977395566,0.36365121098638,0.00117509753748512,0.0133446555860432
" 8674",35,1.05592510605886,0.214909175803073,0.00214423239957275,0.0128216370155595
" 6723",37,0.861799144097146,0.226231192879027,0.00050186726295142,0.0122663909874513
" 7864",80,1.0218381719741,0.0582785773236067,3.44275261842854e-07,0.00785145850831581
" 7395",33,1.09626052374402,0.194055363355835,0.00167455487360364,0.0130419215252218
" 5173",34,1.16249544551859,0.42113050424972,0.000167059570809245,0.0121423910024767
" 3932",55,1.16273962656677,0.28290756330123,0.00253498482176439,0.01310128501899
" 8565",59,0.991968876631725,0.0656020984732071,3.15872552740818e-05,0.00975166112251786
" 9281",52,1.01562701533595,0.072142182054076,0.000508666699372817,0.010354850603482
" 6037",69,1.17164131461396,0.358765488053681,0.000227307741631744,0.0107558460577503
" 8920",42,1.03273320636039,0.108507808398629,0.000177990310372755,0.0112622349865496
" 9096",46,0.889876895416003,0.0877888714577437,0.000813264237288281,0.0115897020582652
" 4012",58,1.26480098261941,0.386203260904194,0.00173411449390245,0.0131647323232049
" 4863",52,1.2402867872283,0.433079709462118,0.00146971109280714,0.0130481538026996
" 7075",48,1.24142223434583,0.335404393113092,0.000828670555255749,0.0122699500743569
" 4866",89,1.09333270675827,0.137742281235529,6.48098180419172e-05,0.00955467392203858
" 8693",91,1.02850078680885,0.0583221902462187,3.27061498750711e-06,0.00699198961709855
" 6036",55,1.06132970395625,0.334133949138473,0.000152341803365463,0.0107131026364849
" 6703",46,1.13138419452927,0.33530236840796,0.0013006719392423,0.0126630910893163
" 6476",45,1.1334438980589,0.340814192876101,0.000475099861343138,0.0121503626620673
" 7016",26,0.528414543921926,0.16675004137154,0.000697845955755465,0.0130642594298551
" 8241",41,1.16185152645799,0.500095180285933,0.00075396282343585,0.0118314208206015
" 7419",33,1.10342117807279,0.302802688599171,3.47718014461282e-05,0.0099230853473346
" 6872",55,1.09739487020318,0.259324980121783,0.00242197646706448,0.0128751320778419
" 1909",40,1.07561553030357,0.293627037777203,0.000155870624799352,0.011681549082274
" 7125",39,1.25589114266543,0.366670513466115,0.000428020219286128,0.0118179581674308
" 6556",50,1.31487609570253,0.375096287968257,0.000578984921604219,0.012805000844777
" 6869",62,1.41333283639853,0.50849738815829,0.00297169799141205,0.0136136330437745
" 9082",39,1.20629468720346,0.16007711109914,0.000180572374836577,0.0126576908128183
"10169",62,1.05095878615018,0.142169643969408,0.000768336315617789,0.0115814687852822
"11315",49,1.00196874828024,0.0843673863179052,0.00193215883827756,0.0116809254329963
"   26",38,1.33417468377552,0.442541807534519,0.00230001695555665,0.0137391947407862
" 6787",51,1.19570893384274,0.326520719083002,0.000605063772688816,0.0123877598161441
" 7250",42,1.11948377651506,0.310583651496418,0.0010905779607027,0.0130599233061408
" 7409",67,1.41555108287523,0.451537847069226,0.000606354804920726,0.0117629947945529
" 4066",40,0.799953839517739,0.183541912427524,0.000417605892615382,0.0122370102581408
" 6885",47,0.891704203203865,0.105949858668113,0.00243153010558062,0.0124731913719945
" 6778",64,1.05739288886652,0.234864916594637,0.00069612457944625,0.0123978282058134
" 2615",54,1.4291232519179,0.447989691651206,0.00206754508499726,0.013179969177317
" 7909",26,1.04685630213168,0.173385935457915,4.07966185283782e-05,0.0104871975852291
" 7126",33,1.03469186059006,0.173252294123106,5.16412892764281e-07,0.00999700252613051
" 6734",46,1.13577458354702,0.3291395710572,0.00051753178736527,0.0127157026247334
" 7040",49,1.27886626966853,0.398286777121401,0.000116278969687424,0.0119514497825029
" 6949",34,1.16172555203034,0.369452502310006,0.000771262655343453,0.0127392424713201
" 9400",52,1.10105058272412,0.159821173999622,0.000711014484520954,0.0117284599606058
" 9491",43,1.0471546076376,0.0940808571905089,0.000844162942038678,0.0115051495931526
" 9533",74,1.01197951210824,0.0717841126985382,0.000198818963714248,0.00990357494847243
" 9180",69,1.0352905939333,0.0647496050442582,1.15332212717356e-05,0.00947175289738006
" 9846",62,1.27351530829221,0.314728555760354,0.00247404810041821,0.0130185525543101
"11283",42,1.09045038485889,0.250411102512833,0.000315786483925358,0.011985090728517
"14547",33,0.978738262182788,0.142267261926733,0.0014095489908001,0.0126745219495225
"11092",52,0.778020981505404,0.112905652273161,0.000723322325131836,0.0115803476050425
" 6389",48,1.19651732337694,0.381672485293935,0.00171810569422676,0.0130828058440839
"  948",58,1.20184100537407,0.353308004206438,5.93874826678923e-05,0.0117041560061548
" 7997",90,1.04797273104534,0.0896408294683043,1.73859007230641e-05,0.00833760653616119
" 4077",69,1.36323785239562,0.415631662045495,0.0019469626745368,0.0132962798234333
" 6783",83,1.1009540067442,0.142792500501513,7.94415166702385e-05,0.00994358941952571
" 6892",24,0.43334552479146,0.127679029769529,0.000113869042854524,0.0121324701290204
" 6883",56,1.11925938235688,0.155302413474504,0.00160905650503804,0.0119246055465983
" 9489",97,1.0429929092188,0.0696648044392401,7.93554478547778e-05,0.00992170382687418
" 9383",75,1.02100479954924,0.0664047959522954,0.000347201601568518,0.0101544212607649
" 9225",38,1.16990038561307,0.200714926334745,0.00274008680900727,0.0127979446735665
"13663",35,1.10509425638126,0.141658509084848,0.00279258878643831,0.0126634029156799
" 6350",41,0.749000833662983,0.245917815058047,0.000782537670168807,0.0128846881146059
" 8508",50,1.06342006846947,0.141937525916589,1.72137630921427e-07,0.00981083890647028
" 2210",39,1.08367206346679,0.385836159654072,0.000329901769660915,0.0123705579780219
" 5802",82,1.13570882225327,0.150943102294544,0.000617543750930619,0.0100711205432479
" 4200",10,0.535847215640215,0.0959620197531556,0.000492743968512584,0.0131404388216545
" 6950",71,1.07847719847432,0.116781325173964,8.82205358472313e-05,0.00970048373625427
" 7945",42,1.08784958971227,0.325761989264791,0.00104203514878286,0.0130550862199555
" 9193",57,1.13026839191501,0.227144839062033,1.74719695385248e-05,0.0111141597206868
" 7275",38,1.24316180191475,0.304829342586822,0.00354870333026068,0.013230520409696
" 7180",71,1.11408223900167,0.165997936593987,0.000134353420934174,0.010430549913115
" 7740",20,1.08330676946661,0.21642508956962,0.000603342396379601,0.0121270652524301
" 9324",41,1.02405106861569,0.13564271857354,0.00759092524837308,0.0134679459940731
" 6678",57,1.0599522782739,0.231243329388313,0.000910177723497045,0.0119524690876927
" 2303",59,1.44903999565136,0.456180019626277,0.00212202664518389,0.0133612804745226
" 2242",58,1.3249710773888,0.499776816010701,0.000650594176067533,0.0128302004152756
" 5063",55,1.25293255751159,0.424604080763841,0.000248824945496923,0.011394529566747
" 2391",61,1.2367148694231,0.444604026077465,0.00273406199192502,0.0134904017787683
" 2356",54,1.46559695449697,0.615922347484212,0.00357245832332783,0.0139188241424932
" 4868",65,1.07568727022783,0.104024934518215,5.66332805731495e-05,0.0102505488251184
" 8924",42,1.05963797175153,0.110125587035912,2.32385801743926e-05,0.0108811894002753
" 7853",53,1.32083295624465,0.375433997770481,0.00201624807098267,0.013475531737787
" 9536",77,1.03022637071297,0.0615279399788301,9.46756970067848e-07,0.00783325150358549
" 4954",51,1.24489883231993,0.59108593994928,0.00020389702382643,0.0121079463002192
" 4451",33,1.11290952995102,0.398654321171639,0.000278518686830869,0.0124589397850731
" 5416",43,1.20561690141384,0.34073988118421,0.000879881500454874,0.0127790642157769
" 6546",10,1.00024147719993,0.0971380993016973,0.000102766165660092,0.0105627411812519
" 1526",42,1.10793121979901,0.323924663806509,1.02421890398249e-05,0.0102954867383913
"  109",46,1.31435192873266,0.437504336613108,0.00108024970284741,0.0130729925306417
" 5090",36,1.14150506422599,0.408407869994708,0.000355033863775443,0.0118627516239391
" 4398",35,1.10585293375402,0.389012906839695,0.000207081569998477,0.0123465892870778
" 4896",39,1.20742443923029,0.349821166537864,6.1280996608028e-05,0.0125464114866057
" 6859",57,1.24066914048019,0.31640810843577,0.000817739815692239,0.0121682142990362
" 7942",52,1.16377999428168,0.214320980496906,1.03282578552856e-05,0.0106079807919938
" 8543",52,1.17363615630609,0.212743625619011,0.000837621712063663,0.0111487343924568
" 9276",34,1.16196825488957,0.346374492832133,0.000211815354848816,0.0117012123392447
" 6701",56,1.28804826747363,0.435016392115124,0.0013782199419724,0.0133317942164785
" 8698",51,1.078520754689,0.181765945626257,0,0.0108555693414956
" 5411",37,1.08204435991603,0.31249610099027,0.00062856055930959,0.0125895636036843
" 9302",91,1.03239471174736,0.0585633415538068,7.74619339146421e-07,0.00736730422839055
" 4895",41,1.20348562849459,0.347425291309588,0.000151395046395395,0.0125966840962049
" 7252",61,1.28863740203135,0.377433794345698,0.00169538352694513,0.013011991968223
" 9904",27,0.965840426205774,0.144224783972762,0.00172516333709454,0.0129081037689433
" 3861",55,1.12618681494303,0.364932988363704,9.72577614706062e-05,0.0108792770479625
" 4202",50,1.33337732006842,0.430074251748286,0.00228409422469641,0.0139563388575946
" 7255",56,1.21495297469506,0.326165371981445,0.000714371168323922,0.0122452009432041
" 7247",45,1.03693262739788,0.251059156999181,0.000851392722537378,0.0120469049660906
" 8602",66,1.03654758876006,0.0761081316187872,0.000847347488210724,0.0105989282004075
" 8999",79,1.02114412683064,0.0612982111958304,4.13130314211425e-06,0.00802385788334172
" 6251",57,1.26518177262616,0.33575512506027,0.00235484279100512,0.0132245995203773
" 4341",63,1.28229967203529,0.339530059257875,0.00130377041659889,0.0128029419216634
" 6940",18,1.12742736590378,0.293703059761852,0.00876722774927466,0.014275982248164
" 6730",49,1.21554823647655,0.315708350212648,0.000224811745983384,0.0114870358045583
" 8137",41,1.22151086779949,0.371573133279101,0.00204206871562089,0.0130858125183796
" 9305",51,1.15083445527613,0.356095746674921,0.000315270071032593,0.0116707156003593
" 9125",54,1.14385011416328,0.347138630067311,6.54122997501422e-06,0.010484369438542
" 9198",48,0.873737545307309,0.188871984262158,0.000969995550242241,0.0128180796750242
"10283",46,0.976246440074971,0.0696430573936002,0.000974557197461658,0.0110297192169803
" 8415",57,1.27867284411691,0.517421605614365,0.000180142030759273,0.0117469632248858
" 5987",47,1.24085801488261,0.34860708121225,0.00011455759337821,0.0118829349515124
" 6970",44,1.12260477870095,0.293452779726343,0.000359767648625782,0.0119613476809456
" 8717",67,1.00881474117914,0.0903188276102957,0.000171621218028663,0.0106221697352672
" 8220",35,1.23629280627365,0.51778565923175,8.33146133659706e-05,0.0120592687069519
" 9148",48,1.24214982722776,0.370181471526315,0.000364243227029739,0.0119296911923222
" 7037",53,1.22206100204489,0.294724693638313,0.00169331787537408,0.0125020796052616
" 4843",51,1.16685201886718,0.284441144366332,0.00105029775506709,0.0127705878381325
" 6864",59,1.18072736820579,0.333342123631505,0.000387309669573211,0.0117971891451237
" 7458",41,1.03635421744559,0.297673452536131,0.000665139805880394,0.0123371542716916
" 9128",44,1.12321124850995,0.345222068314598,4.81985366579995e-05,0.0107157468466914
"11046",44,1.0808511200534,0.115683656578048,0.00206186454317685,0.0115930572487936
" 3987",51,1.15408465680882,0.406354530684026,0.000203552748564587,0.0113931536969117
"  833",46,1.13688691080942,0.374003142710212,0.00076360253076745,0.0115371537818794
" 8312",57,1.15092978441974,0.456979907732857,6.16252718698708e-05,0.0107232745047739
" 7432",33,1.06309816101473,0.299494309412451,0,0.0101189003393695
" 8199",42,1.20646508464354,0.495979965078411,0.000257603964673915,0.0122410431088884
" 6893",57,0.9940401262495,0.134305426808085,0.000320692406406618,0.0112083819911174
" 6718",42,1.03255563491608,0.360357763024671,0.00133337808911737,0.0134536719728811
" 9117",41,1.07272668530864,0.295943798162925,0.000496530996392856,0.0120898772840717
" 2968",48,1.16664425977115,0.375733572523395,2.11729286033355e-05,0.0124453801395386
" 9144",37,1.13052225779002,0.346175992962238,0.00106914682565298,0.0124362852458476
" 9320",53,1.06014440415005,0.106131101502534,0.000215344176282705,0.0106484912387775
" 7480",54,1.29426880345755,0.331082094438437,0.000923604458708916,0.0124894643333859
" 9181",49,1.08977341295195,0.302794854463752,0.00117105230315847,0.0131046577588855
" 3290",43,1.16295844345314,0.35589284615851,0.000925411903833591,0.0130212053870876
" 9870",26,0.988535423787924,0.177165469595709,0.00127312991829487,0.012450614153112
" 9468",45,1.08333973094308,0.1600699399362,0.00100752155378311,0.0122327948053139
"10068",61,0.867671892653882,0.0648606251356537,0.000893738579744049,0.0101425883416977
" 4492",38,1.15556673171865,0.416658981288971,3.33086315832961e-05,0.0118334047240392
" 4813",78,1.27435033983155,0.380194634676199,0.000228856980310037,0.0114899047607222
"  968",49,1.03262267575871,0.306177770467105,0.00111063199470505,0.0128838072625725
" 4020",61,1.13766073261902,0.373459801716282,8.21096499495206e-05,0.010638421308448
" 7091",45,0.965011205567538,0.27127383095166,0.000327319705197093,0.0118780199995397
" 7345",35,1.02933467906605,0.209373412703667,0.00047165710872471,0.0121225422929481
" 2993",36,1.09823781396082,0.357717644455694,0.00034737373919944,0.0126047955275229
" 9546",60,1.15324617917031,0.208930578086218,0.000803366323510299,0.0121522105669554
" 5281",49,1.16578164915682,0.315208564447284,0.00113757153394425,0.0125798878604909
" 5384",44,1.2077872680524,0.287822171665215,0.00261502882014286,0.0133565102276331
" 4803",63,1.22479324601753,0.289688770793074,0.00198534936623228,0.0132454436933575
" 7331",57,1.15613534972232,0.242789053581373,0.00234692445998273,0.012258013103992
" 7137",38,0.882781875997984,0.194654426945006,0.000560049782202862,0.0113068520249698
" 4823",94,1.05357503553597,0.112826405836612,3.15011864586211e-05,0.00856788166583733
" 7914",57,1.15998934286678,0.360242541792417,0.00050307222636787,0.0125292204099319
" 7122",48,1.1388899342105,0.359120343332982,0.000472001383986553,0.0119942665600319
" 7102",42,0.891772033434333,0.278326602154601,0.000329729632029993,0.0123306003386274
" 6686",49,0.996902375237988,0.283949002872915,0.000555402066167984,0.0121700808928008
" 6841",69,1.07576531572205,0.144105039018549,0.000338422582391525,0.0105134543692476
" 9426",88,1.03495043063424,0.0598173428172966,8.07325489021492e-05,0.00915714678946608
" 2403",62,1.42716180165851,0.561991152789879,0.00273285702850857,0.0139076267763841
" 4493",34,1.12813762655673,0.349887269480608,0.00555995940994663,0.0143540260867202
" 6891",50,1.085652598701,0.156283465281633,8.92533616327599e-05,0.0118320989054294
" 9498",46,1.04646527398156,0.0822478869500813,0.000134611627380556,0.0108135843835494
" 4741",34,1.09539950701039,0.377065301117502,0.000115074006270974,0.0121270953376901
" 3502",44,1.12079956075078,0.363136289285136,0.000715145787663068,0.0117784768566864
" 3657",68,1.16015699122236,0.227739907205075,0.000336012655558625,0.0114684797922812
" 6909",32,1.05663749342465,0.196713217048807,0.00091921494912042,0.0131293497128481
" 9110",88,1.02277385268855,0.05723108982921,3.1845461720464e-06,0.00752021033694674
" 8998",60,1.03181913608247,0.0652470090226555,0.000486374876168492,0.0102859065947318
" 9367",56,1.00279426819438,0.0724034477411303,0.000340488233962582,0.0107401866260047
" 8051",72,1.04763583515605,0.119960219536554,8.20235811340599e-05,0.00977794874230306
" 5068",32,1.09888163987536,0.378476570045024,0.000141411063801952,0.0115663553976537
" 3719",54,1.08844916104315,0.334345329552587,0.000285232054436804,0.0111505263560566
" 9183",74,1.00685232963984,0.0611614566610802,3.1242980012239e-05,0.0088358551451805
" 9523",27,1.09476872781848,0.127315152549716,0.00128845016744688,0.0116239095414522
" 5335",45,1.11950881392636,0.398512466835388,0.000450828455383217,0.012748489632155
" 1476",27,1.27859788424509,0.447706208310087,0.00238866783548118,0.0120785871745925
" 9196",55,1.05750729267544,0.0768975859329571,0.000124455507156192,0.0105434301918642
" 8501",54,1.10384462181257,0.288352869106584,0.00196985697944935,0.0132355618540665
" 7408",69,1.03829167581298,0.109640325805924,0.000555229928537063,0.0114581870479653
" 8615",60,1.04176755816815,0.0840649887857432,1.10168083789713e-05,0.00897784517399143
" 9095",21,0.834490175499494,0.187492782095312,0.00248196643144059,0.0134438276929581
" 7807",33,1.01207786377486,0.313713441862772,0.00054524594594362,0.0124121654216691
" 7749",37,1.05622462730987,0.276067714664766,0.00132416872586308,0.012900532450476
" 4063",61,1.30020482541056,0.444898389364197,0.00130299579725974,0.012522811075809
" 6863",47,1.02607087917923,0.069989451641229,0.00168953084749381,0.0108719295260377
" 9695",51,1.19612137239516,0.302922256260881,0.00090234546129012,0.0130291605102515
" 9203",52,1.04705557905115,0.0832969683983317,0.000664365186541247,0.0107166180078006
" 7264",56,1.25384232594096,0.363915806550347,0.00100838224193772,0.0123444622298886
" 7021",34,0.868606109727407,0.305051869755194,0.000700169813772904,0.0133308557580151
" 9250",79,1.02268753726603,0.0596757218102741,2.32385801743926e-06,0.00829875195910642
" 9411",50,0.998419876233958,0.0992373135528129,0.00130093014568868,0.0117905929758677
" 7962",60,1.28878251412975,0.376784569384047,0.00231482079181589,0.0134472908764819
" 8955",47,1.15142265630306,0.354504524129981,3.56324896007354e-05,0.0110049403539617
" 8904",47,1.22503110017686,0.378764130389141,0.00206229488725416,0.0132622161102719
" 9234",71,1.20977709907698,0.212643141685563,0.003474598080149,0.012543538401574
" 9283",41,1.23537877102116,0.360355184197193,0.00054524594594362,0.0125941593396389
" 9375",50,1.23457736981304,0.366773944492226,0.000742515670979575,0.0121796291126827
" 9023",47,1.15285516934843,0.334511359245529,0.000798976813921803,0.0122225068503088
" 7254",52,1.32054678109391,0.370889268950992,0.00403920950957128,0.0138065436865229
" 8728",76,1.05202906182545,0.107049551310877,0.000384297261032086,0.0104014866417199
" 6901",58,1.18973780403979,0.341166911876647,0.000272924213825922,0.0112990087487635
" 7044",31,1.03921815384491,0.233153215978074,7.09207039396279e-05,0.0110864655867804
" 8964",43,1.14548663074377,0.253783648671883,0.0013845890343165,0.0126368372499004
" 6871",17,1.03894421706438,0.182933046271944,0.000953556406489244,0.0117137357107174
" 9012",75,1.10528004250794,0.182818850458645,0.000312085524860547,0.0107494304144288
" 9051",46,1.19344658497665,0.355258105671313,7.53102135281243e-05,0.0120308647402022
" 8921",42,1.01751976781339,0.102357496740587,3.4255388553364e-05,0.010764773403754
" 9249",72,1.02078754861161,0.0589503045377378,1.72137630921427e-06,0.00840338902860396
" 7116",47,1.03513165142035,0.302972470341999,9.06304626801313e-05,0.0111751888442903
" 7090",47,1.08706860452127,0.312110046709147,0.0011849954512631,0.0121493533453602
" 7261",58,1.13178374975574,0.29357516401607,0.000715576131740372,0.0122679557671149
" 8215",38,1.15535146369371,0.514103835295223,0.000252525904561733,0.0119336932836719
" 4026",43,0.960641694278622,0.234812392505948,0.00150646247700887,0.0129122525759205
" 6974",44,0.983737588333885,0.328389676883961,0.00054404098252717,0.0131630258436059
" 6854",43,0.93367722800583,0.151559522388762,0.000797599712874432,0.0120109263010627
" 4822",44,1.06242104670697,0.261672076526994,0.00169994517416455,0.0128912162219903
" 8980",85,1.0181056434508,0.0578447714450998,1.12750148253535e-05,0.00800631324023301
" 9906",78,1.00130667274826,0.0618093230752993,8.27121316577456e-05,0.00898182523833709
" 5339",46,1.08554987746343,0.215239592392244,0.000823420357512646,0.0117524586685223
" 3439",61,1.14181743199782,0.309832978984606,0.000584579394609166,0.0124529269927558
" 7802",46,1.02277295605471,0.313568382323697,0.00121038575182401,0.0132499936841842
" 1904",46,1.1898741670406,0.376397775126627,0.000834351097076156,0.0125437397485638
" 4082",56,1.01547380875227,0.119357018924474,0.000141411063801952,0.0109663936243498
" 7653",61,1.27563551525853,0.2682338520382,0.00451164123763514,0.0131621828836089
" 6876",45,0.787720615854722,0.128224993079896,0.0013444809663118,0.0125527104361909
" 7954",64,1.07188663011145,0.194854296032224,0.000116365038502885,0.0107309498983506
" 9019",57,1.19637757684219,0.344909589381626,0.00071781392094235,0.0124026004832849
" 5338",32,0.929336527711785,0.207393712434833,0.000733220238909818,0.0116952398421836
" 4742",27,1.15491711155851,0.376026475212615,6.53262309346815e-05,0.0120298841574902
" 7941",39,1.0398636350979,0.159119542781569,0.000798202194582657,0.0115708235201704
" 8510",96,1.05767686038163,0.081301985198015,1.74719695385248e-05,0.0087272010770462
" 7933",48,0.958288523411363,0.112495998823573,0.00188034541137021,0.0120921800864099
" 6923",34,1.24057918241966,0.315672203442594,0.001476596598044,0.0127154167521638
" 6712",87,1.06163742493647,0.115723834364913,6.45516115955351e-06,0.00844242271266206
" 9782",73,1.0218621082583,0.0631866141327187,1.80744512467498e-06,0.00775649490659487
" 6913",22,0.783315861031625,0.189131333040982,0.00112689900082712,0.0130603994298502
" 1913",22,0.530318343150213,0.126665455332985,0.000139775756308199,0.0118064693254714
" 5151",51,1.51764810476618,0.532975560832989,0.00177172656625879,0.0133404511033385
" 8971",86,1.02238968525261,0.0583039125835802,3.72677970944889e-05,0.0082076678065042
" 9149",43,1.17301504316118,0.339098487855851,0.000188748912305345,0.0117716281881058
" 6720",77,1.00513119805652,0.112917623626996,6.69615384284351e-05,0.00889877084391375
" 4775",63,0.934607681454926,0.116970193240481,0.000357357721792882,0.010665782916738
" 7241",45,1.02013232825568,0.120270113437659,0.000206651225921173,0.0110442244472051
" 7130",56,1.07842564471623,0.15912813379154,0.000652057345930365,0.0116261337147775
" 7754",39,1.27406625159876,0.371256637330586,0.00117767960194894,0.0127572482660132
" 8703",46,1.03114512895302,0.0846386032702315,0.000124713713602574,0.0107027713282266
" 9520",56,1.02257970146961,0.0767410132754387,4.4755784039571e-05,0.00991747638448749
"  874",48,1.08848457071586,0.31402616096337,9.88930689643598e-05,0.0107968623734469
" 9537",67,1.03674011485175,0.0652812739714133,9.98398259344276e-06,0.00843111884740439
" 7207",74,1.08118835533138,0.173117838199362,0.00259437230443229,0.0118464415561519
" 8632",68,1.02575323976614,0.0665333402186397,0.000221627199811337,0.00934596182418324
" 8497",30,0.969306637488004,0.283770863516732,0.00218537329336298,0.013549345074669
" 7861",50,1.25822635907774,0.370054944620186,0.00163823383347922,0.0132130925459006
" 4794",52,1.15122663260033,0.216392375808945,0.000294097142429258,0.0115216190945335
" 8989",72,1.02855339746098,0.0652933208034563,4.64771603487853e-06,0.00901082816753485
" 1444",42,1.0820276855468,0.354658386272062,2.15172038651784e-05,0.0103807854765751
" 3456",49,1.13338574447285,0.359084235214834,0.000276969448152576,0.0116796936926437
" 5712",100,1.05860322636953,0.101686811564786,3.01240854112497e-06,0.00852477449271926
" 9313",39,1.20291826946062,0.291629269924827,0.00141867228523894,0.013163231861125
" 7674",51,1.12306344325471,0.290773457594501,0.00213967075235334,0.0132400681276213
" 8544",64,1.02606928486935,0.161467130299175,0.000729088935767704,0.0114818858429252
" 9176",51,1.21425601504177,0.358379651086422,0.00106699510526646,0.0127266369435571
" 9028",35,1.12264113684838,0.180081933931502,0.000508150286480052,0.0123721358542403
" 9478",48,1.07913229114491,0.295729333367417,0.00154863619658462,0.0129853666118823
"10038",81,1.00670864472685,0.0633082727931231,0.000115246143901895,0.00989678494183573
" 8949",42,0.982056875619709,0.0702536224394999,0.00012910322319107,0.0102505497902114
" 9182",34,1.18247005517952,0.208098086564445,0.000388944977066964,0.012430089637657
" 1410",38,1.06714656561989,0.351110698706081,1.2910322319107e-06,0.0101579007107771
" 5714",101,1.04684945168327,0.099615870776254,9.81184496252133e-06,0.0085470459299153
" 4828",93,1.04182678484839,0.119547032996888,0.000122389855585135,0.00874369836884924
" 6803",33,1.09744836507548,0.257130412664282,6.07645837152637e-05,0.0106421578582078
" 6956",31,1.06504763084828,0.229775618246231,0.000126176883465406,0.0110299539204643
" 3161",54,1.41687603261188,0.410006393130698,0.00151532756500132,0.0128350429226701
" 8459",52,1.07612342438632,0.0897225996380833,0.000810423966378078,0.0106490108128883
" 9045",94,1.03528332809491,0.0621581581291705,4.38950958849639e-06,0.00853391601411443
" 8629",77,1.05875471184238,0.0838713151727491,7.56544887899671e-05,0.0100031676838817
" 7714",52,1.13445111919372,0.339972430023071,0.000281445026556533,0.0114065908071109
" 7257",54,1.1223110634029,0.281215340271888,0.00049334645022081,0.012216128569637
" 4859",44,1.03185487147054,0.182301500254372,0.000246845362741326,0.0115071714894967
" 5119",40,1.24443744660093,0.477236875575937,0.000667377595082372,0.0129960070976534
" 7756",73,1.42871555505706,0.455549499230665,0.00207408631497227,0.013563497425408
" 7711",46,1.00371215669837,0.25160000166774,0.000313462625907918,0.0115887806033174
" 7273",39,1.16934465024826,0.314607634300307,0.0020072108453593,0.0135807102449667
" 6774",35,1.21954089075429,0.279101921128719,0.0019734718696987,0.0128485727455333
" 8472",49,0.990917823275197,0.0784648196336429,0.000145800573390449,0.0106322278726444
" 9131",32,1.01072095544105,0.139496374280687,0.000373796865545879,0.0112700766437368
" 8646",33,1.12083167893125,0.187934391446431,0.000637425647302044,0.012303001409982
" 8993",34,0.971604272618567,0.158764246680175,0.000704989667438704,0.0120120477068659
" 9287",22,0.954316978962512,0.157943170148324,0.000293752867167415,0.0122565180104583
" 7242",30,1.2544120241534,0.389047123616637,0.000535175894534716,0.0126846976222149
"13266",20,0.594168922876986,0.102174546366734,0.00121598022482896,0.0126282028442242
" 7113",60,1.0183440903069,0.0758681153827947,8.22817875804421e-05,0.00978958227406384
" 8701",60,1.09830384244139,0.1856116954771,2.61649199000569e-05,0.0112729494311946
" 9237",32,0.925704378196773,0.289893499550169,0.000463480571255942,0.0124258738771598
" 9557",23,1.0397161636624,0.12918761831839,0.000571238728212755,0.0116526471447892
" 4004",47,1.20312225564456,0.366847551460348,0.000511420901467559,0.0121099281733151
" 6741",59,1.34743453332706,0.418817478907738,0.000881172532686784,0.0127508704571761
" 6852",68,1.53383281976915,0.565451229176267,0.00476700741310708,0.013868358859534
" 9054",39,1.13495615370817,0.32917288938672,0.000549549386716655,0.0122987769003082
" 7129",25,1.1695152320811,0.204121556770384,0.000136935485397995,0.0110018328664495
" 7098",30,1.19771223401474,0.226815965015488,0.000389977802852493,0.0117184458033055
" 8523",21,0.447846199033099,0.063787856284236,0.000573304379783812,0.0115923829404049
" 7762",33,1.12479543706856,0.182872773445528,0.000116451107318345,0.010774160375087
" 7964",51,1.18598839159376,0.219630477110832,0.000851134516090995,0.0126523664236651
" 7672",35,1.49260294780993,0.283348487868163,0.0105857757511441,0.0144791387604195
" 6729",61,1.19293529009616,0.3691127714605,0.000202519922779059,0.0121539573916904
" 7108",36,1.0977512590983,0.186429726244779,0.00010009803238081,0.0104865290314248
" 9568",78,1.14105548142675,0.319815905130065,0.000122906268477899,0.0115400931249552
" 7970",76,1.05651449613292,0.0974649764344671,6.14531342389494e-05,0.00947440578907562
" 7127",27,1.03991494977761,0.180795413886379,0.000155956693614813,0.0108313742117457
" 6931",33,1.12755652109062,0.209058298809093,0.000412097488425896,0.0115591776932841
" 7027",26,1.01165795378994,0.180362274910299,0.000700514089034747,0.0117312656771694
" 9638",71,1.07029753918054,0.0667220510750213,0.000892103272250295,0.0108389954432467
" 8573",52,1.15726693834546,0.190010637782671,0.00144630037500183,0.0124437402675765
" 8931",69,0.997620023213516,0.133324179942208,0.000214483488128098,0.0101363072138693
" 7017",57,1.21190984441326,0.328128199777798,0.00109746346593956,0.0122334757352549
" 7912",94,1.04040629727151,0.0677547542083016,3.74399347254104e-05,0.00870114061940976
" 9636",59,1.18836029174413,0.359657981752834,0.00226051136926018,0.0130489848128767
" 7755",70,1.07066425922008,0.121945150533232,0.000355464207852747,0.0107724744230256
" 7028",47,0.969616091059884,0.100341125232773,0.000821612912387971,0.0115053957900254
" 9410",78,0.997187299133541,0.0581137895475649,0.000371214801082057,0.00989072658059272
" 9334",39,0.977562836055068,0.0597527789298177,6.27441664708601e-05,0.0104957907532029
" 9559",24,1.13910587412573,0.212679437845924,0.00106622048592732,0.0124120262742234
" 9404",61,1.1792507756273,0.344914653234927,0.000166198882654638,0.010941462794732
" 9451",43,0.78887106958732,0.250123435744767,0.000346943395122136,0.0121348708112547
" 5061",35,1.11585313527175,0.386093582383289,1.69555566457606e-05,0.0114771035094684
" 9421",59,1.02461195208233,0.069169346513436,0.000210007909724141,0.00999318048241875
" 4918",51,1.18802600470313,0.425947771809799,0.00120720120565197,0.0129619097643575
" 7761",39,1.19380706728077,0.294444482102059,0.00208501705453578,0.0126492290565372
" 3051",59,1.30676119857933,0.387715321832511,0.000689755487102158,0.0126736169717185
" 4834",43,0.905196949214734,0.234356420477858,0.00062606456366123,0.0118657301977866
" 4797",48,0.994470478181263,0.119541921404855,0.000326114741780643,0.0113479725361133
" 8976",93,1.02223290388645,0.0562584053184402,6.88550523685708e-07,0.0072967983929892
"11732",44,1.26253650564941,0.351196488439197,0.000184015127455005,0.0126881138800712
" 7213",34,1.24862465420049,0.373132927209241,0.000193310559524762,0.0122832500169298
" 7287",57,1.06418162532856,0.215720059112624,0.00115685094860745,0.0113885288069936
" 7708",35,1.15150005911482,0.218002830934993,0.00445810643441857,0.0133478313142279
" 9138",60,1.03849915213254,0.0779209819393868,8.6499159538017e-05,0.0100961947962599
" 5329",43,1.32744438193342,0.471625913635,0.000322930195608597,0.0124443058452179
"11736",43,1.16922283378361,0.310697531280283,0.000399187166106789,0.0125759593934519
" 9231",36,0.827125289497752,0.0597574957412785,0.00200927649693036,0.0111874380275883
" 9444",28,1.08113464026761,0.137761598567647,0.000542319606217955,0.0114795426659702
" 4593",56,1.15450157169215,0.421548932070711,0.000585698289210155,0.0127823722876088
"  909",43,1.11944866815378,0.327892758686775,0.000666861182189608,0.0115346154179913
" 8613",52,1.20443186104752,0.318870255248052,0.0016545008396013,0.0130823231882354
" 7104",59,1.01398800720584,0.0680660691722248,4.44115087777281e-05,0.00845575906014078
" 9301",38,1.25924154283494,0.377436860225723,0.000476218755944128,0.011919575066457
" 9323",38,1.12653733183303,0.282281756073178,0.00136737527122435,0.0127054749770952
" 9405",48,0.833782792359162,0.213410995782088,0.000320175993513854,0.0121352132337953
" 9454",57,1.14463217619976,0.33580177671021,5.73218310968352e-05,0.0103020814426507
" 7791",56,1.0291722371529,0.124099581466957,0.000892017203434834,0.010920914522545
" 8935",55,1.1519313907993,0.352967271932747,0.00025338659271634,0.0114473319279179
" 6752",55,1.18475383665988,0.360455211357657,0.000129275360821992,0.0111212878689828
" 8704",49,1.05614155331519,0.176401649124522,6.76500889521208e-05,0.0112570266629462
"12592",44,1.23644860610164,0.415348525156418,0.0019690823601102,0.0134290934386573
" 8558",56,1.04110088968543,0.0879386074909313,0.000275936622367047,0.01009926287022
" 7405",73,1.03246767326117,0.0665900237617509,6.49819556728387e-05,0.0093682893399052
" 9325",38,0.900186323708402,0.234866101681507,0.000450139904859531,0.0122546908843327
" 1425",41,1.05468132648185,0.301427997904754,5.16412892764281e-07,0.0101838437092026
" 8434",28,1.02383069024094,0.169388236975704,7.38470436652922e-05,0.010940207231278
" 9269",34,1.09348057907015,0.330397694385981,8.46056455978813e-05,0.011642268776173
" 8505",34,1.35022866186781,0.374792448478236,0.00148115824526342,0.0130377793429841
"10505",51,1.05709295345083,0.11863164749181,0.00169366215063592,0.0119578219814407
" 1870",49,1.26361529384703,0.510700851644899,0.00152600009811845,0.0132707139150783
" 7698",41,1.00384909029122,0.252791631046694,0.000984885455316944,0.0127985198159491
" 5244",46,1.16542592359925,0.345741819985283,0.000628302352863208,0.0123010949036929
" 3504",43,0.990331949300046,0.312896110382358,0.000169469497642145,0.0113330713202989
" 9298",79,1.02455335079133,0.0600412104437666,7.91833102238564e-06,0.00861217494099966
" 7449",58,1.45618476250163,0.446748369064099,0.0018573650376422,0.0131405004173385
" 6731",50,1.12463872679297,0.282781439451195,0.00048017792145532,0.0119720012616797
" 7281",41,1.4043387433856,0.199502754984992,0.00445268409904455,0.0132425073779899
" 7187",44,1.04177169207729,0.321299052658205,0.000812317480318214,0.0132036303915535
" 7871",30,1.14363090908718,0.196638282817266,0.000573304379783812,0.0113404520831435
" 7336",47,1.03087265222982,0.273655510704272,0.000214053144050794,0.0119496416458395
" 9284",65,1.20986157775588,0.310283017149887,0.000893480373297666,0.0120907320906574
" 7041",41,1.10094800370385,0.242626621184973,0.000274215246057833,0.011240401169766
" 8358",69,1.37907681375038,0.452404578460209,0.00180701478059768,0.0134590950265542
" 7943",58,1.06179436752616,0.107486751689022,0.000401511024124228,0.0113721691153755
" 9561",45,1.0356739871168,0.120790344932181,0.000980323808097526,0.0106749432355645
"11114",34,1.16205322074113,0.240954751645407,0.000555143859721602,0.0121383138456771
" 5118",38,1.23522156607422,0.436268429566981,0.000331967421231972,0.0122982534610627
" 7045",26,1.00515604738953,0.22803516403602,0.000287900187716086,0.0111132411075874
" 6903",51,1.23461425187807,0.375574005657424,0.000864044838410102,0.0121933876773003
" 7004",51,1.18099412675886,0.269134481872729,1.8935139401357e-06,0.0102329125986036
" 6948",44,1.2843270232016,0.344032417459754,0.00102800593186276,0.0129669189415829
" 6867",56,1.27187153329755,0.367551157314714,0.00153288560335531,0.0128403248165054
" 7061",42,0.906193578506897,0.235285515760042,0.000482071435395456,0.0120133341856207
" 7431",50,1.27198524013913,0.393813301204438,0.00178076379188216,0.0136672192800917
" 7156",21,0.639628538459081,0.128083400254236,0.00018943746282903,0.0108188552141277
" 7399",25,1.16450591105739,0.226348283195963,0.00086490552656471,0.0121458050091303
" 8454",50,1.37108168243422,0.375032051839287,0.00181751517608389,0.0128122140813732
" 7051",45,0.894162274493324,0.249176606071209,0.00023763599948703,0.0116946141765537
" 7225",43,1.17748655762283,0.280667382474565,0.00066109457155374,0.0123236455049207
" 4014",50,1.06548861726346,0.344238379394634,0.000341951403825415,0.0112503544838227
" 7093",23,0.731501234889195,0.114024742530022,0.000151136839949013,0.0106914850160391
" 6982",51,1.17929606431501,0.268453909119805,4.21737195757496e-06,0.0102272480481242
" 6941",36,0.92308610975214,0.229795981011083,0.000351849317603397,0.0123201020290561
" 7402",12,0.327350953503889,0.0471745964380806,0.000376464998825161,0.0110493321388601
" 8715",47,1.05156554199487,0.167077852402768,0.00222470674202852,0.0127522829164385
" 6484",60,1.54336511742522,0.703473982690523,0.00121813194521548,0.013041247474242
"  439",36,1.17317843180632,0.416101958355714,2.10007909724141e-05,0.0102985261087422
" 8052",42,1.12578491301412,0.328509767932181,0.000373366521468575,0.0114242901520029
" 2964",49,1.11995462914022,0.345035023683221,3.1845461720464e-06,0.0122269673611695
" 6998",49,1.18419993193908,0.269700257256978,1.03282578552856e-06,0.0102063975657154
" 6745",48,0.996894269862106,0.155822821983246,0.000498768785594835,0.0112872356542196
" 7174",42,0.884550871469003,0.158965270916211,0.00132322196889301,0.0121377242645547
" 7038",74,1.03668584009668,0.094109317114528,0.000102163683951867,0.00892186731507567
" 7101",32,1.20676934449178,0.240851619686021,0.00222350177861207,0.0125822246819117
" 7204",30,1.01931420617772,0.19071011853568,0.00128999940612517,0.012365468721389
" 6906",48,1.0973731627111,0.132118517229096,1.13610836408142e-05,0.0104763241468154
" 6962",51,1.08280531590857,0.155261419107333,0.000148726913116113,0.0106337721250429
" 8608",54,1.21284149354244,0.359416389275974,0.000290654389810829,0.0123334213163327
" 7387",43,1.13161106537579,0.179417708102625,0.000328438599798083,0.0117072050445804
" 1883",47,1.48545541357728,0.706018817773714,0.00286230452696149,0.0135061473088415
"  418",38,1.17813913314803,0.404354509489124,1.84187265085927e-05,0.0102975597999358
" 7445",71,1.27684845778846,0.317489228805731,0.000200368202392541,0.0115478272260196
" 7678",71,0.983516353054875,0.196816206144589,0.000135816590797006,0.0109239910851349
" 6898",44,1.07255335841482,0.122694227621554,0.000647323561080026,0.0110574499842883
"  453",34,1.17054018268418,0.400033909286449,0.000146316986283213,0.0104558573913005
" 7066",88,1.05714652596002,0.11628417496497,4.4153302331346e-05,0.00891377010937252
" 2969",42,1.09514089905075,0.342595280167189,0,0.0122804235300657
" 8090",31,0.615344957085008,0.158226245524033,0.000381284852490961,0.0125158599063339
" 7988",36,1.04007997637546,0.238062354673089,0.00138562186010203,0.0130361799574227
" 7188",47,1.24937876111766,0.300446647050063,0.00110236938842082,0.0127241864774363
" 7894",43,1.1271146526391,0.256648917659704,0.000949769378608973,0.0128528516025007
" 7210",41,1.08231966310708,0.160720221228537,0.00144492327395446,0.0108410355251087
" 7100",29,1.09716996225086,0.204945024773445,0.00238083557327426,0.0130635699896123
" 8968",63,1.05154488896843,0.0945153872440542,0.000197183656220495,0.0103323698010201
" 8677",43,1.15117894911553,0.243337093982044,0.0030997683888176,0.0133037132012728
"   89",51,1.46947484248063,0.643616362968423,0.00322844126793136,0.0135745500969445
"  436",43,1.12763362992632,0.396820523291168,0.000429311251518039,0.0106200865898919
" 6744",45,1.02105566681971,0.207125168432291,0.00129387250282091,0.012371604355441
" 7448",63,1.21155891634865,0.303373687435295,0.000523986948524824,0.0118917500787395
" 8694",97,1.02212896229162,0.0574285745293653,1.20496341644999e-06,0.00686602496421997
" 5147",40,1.26145221250981,0.456120652777038,0.00163677066361639,0.0130459485283701
" 8387",52,1.23081397496194,0.516404291495825,0.000742859946241418,0.0129408212487872
" 7418",41,1.11307814510315,0.318019949177477,0.000211040735509669,0.0102258538618816
" 9861",59,1.01081316065449,0.0863008895198619,0.000151308977579934,0.0101179118238797
" 9778",64,1.03930965318295,0.0799194837106575,0.000300121959511508,0.00891636576925933
" 6736",41,1.16398195727947,0.347346229580939,0.00114876047995414,0.0127597716751935
" 9522",74,1.25880142420847,0.369527055434463,0.000997365433558748,0.012088860024877
" 8579",65,1.12939116024005,0.33559639967545,3.74399347254104e-05,0.0106400354099607
" 8934",51,1.07254701574008,0.114941740645673,0.000325426191256958,0.0106052583172084
" 8977",82,1.0227434091836,0.0584766905007513,6.02481708224994e-06,0.00813158354376201
" 7705",48,1.17363695309376,0.324451408962716,0.000411753213164053,0.0120933100330492
" 9499",46,1.02514142074016,0.0774847561697039,0.000290654389810829,0.0107541763534148
" 8548",36,1.07243098589664,0.220830180949992,1.90212082168177e-05,0.010260118642644
" 7725",38,1.12165926996696,0.241925517137007,0.00018702753599613,0.0117936505505803
" 7697",69,0.992363835849859,0.0966161666698112,0.000163444680559895,0.0102922458278427
" 9185",43,1.20577020651006,0.372581441743086,0.000441274816867078,0.0125357764356178
" 9403",39,1.11019258011693,0.317656046304463,0.000977397468371862,0.0126693028329496
" 9479",44,1.08644038313598,0.306653305763829,0.000865680145903856,0.0123993233966767
" 6573",46,1.19806284714304,0.45312897026882,0.000556262754322591,0.0123476648672695
" 8984",81,1.01154185209835,0.0566654418498601,3.9333448665546e-05,0.0078960431738252
" 9011",23,0.965205521980804,0.101221576907749,0.000473894897926688,0.0112702337654404
" 9223",29,1.03509704217644,0.0914730781725943,0.00119842218647497,0.0114677226468464
" 9418",24,0.794759750104583,0.107677009460234,0.00338852926468829,0.0128304527871607
" 9597",24,0.682873376982827,0.145110950389179,0.00174590592162057,0.013123025592092
"  938",53,1.24308474778693,0.399737671951673,0.0022847827752201,0.0130670481436017
" 7771",38,1.21070868495971,0.286487208081117,0.000391354903899864,0.0119003366234556
" 8541",34,1.06436792856036,0.215592493763461,0,0.010126128758657
" 9041",25,0.956150442783483,0.0686137352493088,0.00393739010088126,0.0125447838625104
" 7767",43,1.29492437830741,0.386233599650032,0.000344189193027393,0.0121129182261294
" 6847",57,1.34676275594045,0.366897483936482,0.00136944092279541,0.0129807715743906
" 6937",53,0.923665510130589,0.278212778686061,0.000105176092492992,0.0118306207287699
" 8499",28,0.904048828182824,0.241385326352622,0.000508150286480052,0.0122456713056039
"15168",51,1.31329640695462,0.407358431750217,0.00089873057104077,0.0129867390262497
" 3974",27,0.475451617810853,0.0891482544102945,0.000153546766781913,0.011424158207742
" 4313",27,0.520951440648904,0.125898946214627,0.000356927377715579,0.0123387700861862
" 7866",78,1.01782597425374,0.0574634148719552,6.3690923440928e-06,0.00796596207745861
" 7793",37,0.830940298044734,0.213295195137688,0.00133837008041409,0.01273166047816
"15131",47,1.286917653313,0.404032284563596,0.000647409629895487,0.0129273001612103
" 8524",46,1.0390130586057,0.136214378491939,0.000233762902791298,0.00990837565274536
" 8692",49,1.05890185188727,0.148443574838685,0.000338164375945143,0.0105697824472739
" 7470",64,1.33423369783136,0.392321661349209,0.00115194502612619,0.0126736663620604
" 5139",48,1.32649591728503,0.666301568005373,0.00161465097804298,0.0132579603224643
" 9297",90,1.02874316620316,0.0609735931759298,6.11088589771066e-06,0.00845961405905492
" 8063",33,1.0369183394409,0.170845585958807,0.00277976453293466,0.0127430161325468
"12544",67,1.39325885345837,0.445964097951195,0.00089029582712562,0.0129406917743248
" 6797",28,1.03123544159884,0.223894954405851,0.000325856535334261,0.010954514832131
" 6858",31,0.957231751608958,0.219562484149938,0.000636220683885594,0.011525626811407
" 9206",29,1.20804394517661,0.352616299144145,0.00155913659207082,0.0129493640558047
" 7074",55,1.03086990467938,0.137837247181456,0.000920075637275027,0.011200624957579
" 8796",59,1.30440023236425,0.281487023582508,0.00123405467607571,0.0127551065876341
"10095",15,1.00837562054309,0.210623025262607,0.000412699970134121,0.0121202959920188
"10349",27,1.2714964106334,0.311822165606882,0.00047656303120597,0.0130024373070784
" 7935",94,1.04133437599155,0.092831245805229,0.000315614346294436,0.00934035677244868
" 1740",43,1.10773812932506,0.311398512186203,0.000218528722454751,0.0113086070076609
" 5051",43,1.24630409662051,0.387152027431618,0.000628732696940512,0.0114017783341882
" 4873",44,1.19976425114761,0.312585482285367,0.0010452196949549,0.0126824653743588
" 7376",37,1.26802397775018,0.341779845375114,0.00581128035109191,0.0139513012160395
" 6855",54,1.02773289578132,0.197439086147655,0.000824194976851792,0.0123675721109036
" 8951",61,1.2187691424197,0.346735062603025,0.000479317233300713,0.0121658010824235
" 7946",53,1.15233234063221,0.216340617612752,0.000248824945496923,0.0105854220126547
" 9013",74,1.13352268498872,0.187350087991801,0.000284285297466737,0.0110693788264697
" 9271",36,1.16952443623663,0.353932650711564,8.94254992636813e-05,0.0115184464517373
" 7687",36,1.19169493363421,0.266330040366044,0.00145619828877981,0.0124925590913051
" 9070",42,1.17521837031993,0.224848256787972,0.00192157237397589,0.0127951096957617
" 6899",46,1.04584183606684,0.315161529169684,0.000634929651653683,0.0121536219387205
" 8609",57,1.07267076323408,0.210321156484466,0.000355292070221825,0.0113048646020006
" 8946",97,1.0237711890459,0.0583794777944765,3.95916551119282e-06,0.00719252874286005
" 8652",80,1.01199739210537,0.0646419095297698,0.000403662744510746,0.0103775855563075
"  686",28,1.06377110145655,0.337252123929897,1.81605200622105e-05,0.0110343227117251
" 5081",35,1.09135097136261,0.362782442849095,2.93494660721033e-05,0.011046218948913
" 9226",44,1.12156400933453,0.211005862435915,0.00253162813796143,0.0128219130790207
" 8666",24,0.39676042358673,0.0993118681918401,9.33846647748741e-05,0.0109006445823578
" 7054",37,1.03681076475269,0.187719912746832,0.000979721326389301,0.0122591635966733
" 6358",68,1.25855382369257,0.379719812713603,0.000674090962688308,0.0123388964298376
" 6428",54,1.45649779206485,0.645550093613132,0.00208424243519664,0.0133462032999963
" 3151",47,1.23779944743312,0.408656638464848,0.00285145985621344,0.0123465083194022
"  701",24,1.05768181211277,0.33778919379504,1.23939094263427e-05,0.0109611171508709
" 6894",63,0.869561741255015,0.128348818669191,0.000479833646193478,0.011638412753489
" 8610",52,1.09229901041343,0.215252304985889,5.56004547876209e-05,0.0108113187116572
" 3089",60,1.40772318089442,0.469018154568555,0.00176311968471272,0.0131287146501517
"  694",22,1.05320603986481,0.33445272629732,4.39811647004246e-05,0.0111454397169861
" 8960",60,1.15179276430538,0.203849216383554,0.000851048447275535,0.0111995581330288
" 7736",46,1.09148336578819,0.311940368100661,0.00115943301307127,0.0127169854274714
" 8945",49,1.01590212425675,0.276699507242991,0.000310966630259558,0.0121176153180385
" 9399",41,1.06205223244515,0.0936454270363138,0.00120918078840756,0.0114624013165996
" 6960",63,1.03807229364324,0.170317287354783,0.0007214288111917,0.0116214827317717
" 4851",49,1.16805060930491,0.33354784708099,0.000175838589986238,0.0117381890567016
"10279",24,1.06246494051765,0.20570085572777,0.00157609214871658,0.0124666087719387
" 8516",46,1.0108951187111,0.140221113494947,4.84567431043817e-05,0.00982347907124621
" 8196",53,1.48317021352866,0.693944634786345,0.00288821124041516,0.0137347710930136
"13788",20,1.10796290532519,0.151469929719954,0.000248136394973237,0.0120605357129125
"14043",23,1.15142588022288,0.16582855593959,0.000580620229097973,0.0120481335689071
" 9543",53,1.22501992772126,0.385698604213193,0.00153056174533787,0.0127103623121928
" 4192",41,1.1695019530484,0.253575796603698,0.00352735826402642,0.0135380509417542
" 7133",18,0.883860029566872,0.189584140042713,0.00225956461229011,0.0131068126334642
"10668",26,1.093363373015,0.219342776465882,0.000417175548538078,0.0121866691028995
"  861",27,0.757912736239529,0.223156989526641,6.997394696956e-05,0.0108853676003216
" 8411",52,1.23603861116211,0.459003810925451,0.000586042564471998,0.012464655920834
" 7435",53,1.21162173058969,0.341076926747839,9.77741743633705e-05,0.0102586859852456
" 8981",88,1.01196336989977,0.0575834076248491,0.000125316195310799,0.00836944503047415
" 8626",26,1.16288195115801,0.184454470826821,0.00138648254825663,0.0110919236147201
" 8547",53,1.40584328420503,0.469434640482984,0.0019690823601102,0.0136032093779717
" 5773",46,1.16324542821753,0.355441521268196,0.000871274618908802,0.0123005220256756
" 9141",56,1.17960074409869,0.420493254182885,0.000211815354848816,0.0124693153628149
"  955",52,1.25895543079746,0.376316807097097,0.000750692208448343,0.0118746000761861
" 7680",36,1.06550133978544,0.225570510112314,8.60688154607135e-08,0.0100329411171604
" 8706",33,1.22131162282501,0.294413686416486,0.000676328751890286,0.0123196115596572
" 9390",68,1.20456955203832,0.36594031632285,0.000336873343713232,0.0119692767811067
" 9649",38,1.05230338745918,0.104151706977485,0.00383996020177973,0.0121969121066587
" 5769",52,1.31624312525829,0.473391416707788,0.000638630610718494,0.0120705057200262
" 3116",40,1.21956762550527,0.357268894456377,0.000787960005542832,0.0125420983770752
" 7030",58,1.23376258011155,0.314267592186007,6.22277535780958e-05,0.0114121372042391
" 9866",23,0.99277215241359,0.129064530607025,0.00221756303034528,0.0119369553457125
"12148",13,0.749201553298812,0.181314351724903,0.00187896831032284,0.0129890505790744
" 7439",63,1.27421938378459,0.381928608885651,0.000215430245098166,0.01036690989415
" 9541",64,1.03130746511821,0.0678474544609028,0.00033902506409975,0.00952208083159359
" 6959",47,1.18321052499149,0.276518986713242,5.21577021691924e-05,0.0109465171620807
" 7772",26,0.714797000945792,0.123997038391336,0.00067193924230179,0.0115221869536608
" 7918",30,1.16570480635473,0.204691608127891,0.000212676043003423,0.0107089227731699
" 8627",43,1.12658248179952,0.221263783451716,9.8807000148899e-05,0.0105672462745741
" 7923",37,1.12830332147418,0.317233237199992,0.000373624727914957,0.0123881822338405
" 8599",82,1.03095791283283,0.0677308036694666,1.3512804027332e-05,0.00842254878942938
" 7443",71,1.02508562921646,0.0626794183635529,3.61489024934997e-05,0.00875147643568903
" 9538",41,1.21810187753918,0.278640918367672,0.00237601571960846,0.0128078075952073
" 9723",30,1.05241165078295,0.11603976254186,0.00383772241257775,0.0126407515501947
" 5764",45,1.19300800218406,0.449491263599873,0.000604805566242434,0.0121026647323265
" 5235",55,1.29672194502352,0.40110168331094,0.00104900672283518,0.0125297101036439
" 6897",67,1.06113902682512,0.129997576636575,0.000146403055098674,0.00982606387569607
" 6957",36,1.0246456233302,0.222107118126438,0.000390580284560718,0.0111707023733982
" 7758",39,0.72363663184033,0.13579707034525,0.000534659481641952,0.0120086876270097
" 9142",34,1.16025078496515,0.265636569460191,0.00130574999935448,0.0130714447781832
" 5768",38,0.969909094309497,0.408527442357332,0.00100235742485547,0.0128864513173838
" 6737",60,1.23551102095548,0.367234580441753,0.000152169665734541,0.0121818830743789
" 7908",30,1.05512707124072,0.180021161125277,0.000116106832056502,0.0103912106794071
" 7569",32,1.07811535760972,0.172686858235396,8.18514435031385e-05,0.0101607989061868
" 7205",77,1.00372455873877,0.145847036513907,0.000296507069262158,0.0110455062645891
" 8181",61,1.22857516053439,0.332858305915044,0.000727109353012107,0.0122726083064638
" 8557",50,0.912243814977898,0.234781306051607,0.000677447646491276,0.0123980740156044
" 7936",47,1.33450497791291,0.367742262971216,0.00153460697966452,0.0128846899975808
" 7462",36,0.953634394274436,0.117193405096449,0.000285232054436804,0.0108678023257403
" 8954",46,1.08539724103771,0.160445355939423,0.000620814365918126,0.0121603327188464
"16431",29,0.971584073385833,0.137043839696049,0.000865335870642013,0.0118854191730359
" 5765",52,1.12766349529369,0.398066007099398,0.00050066229953497,0.0122720556733361
" 9151",32,0.710391655416077,0.087084756616581,0.000442824055545371,0.0115302531262004
" 9119",56,1.06908117194663,0.222342012680683,1.1102877194432e-05,0.0109055691926231
" 7974",26,0.44589520432088,0.0799174299169408,0.000272752076195001,0.0114357883404931
" 5774",58,1.33265569432477,0.582164933705861,0.00031733572260365,0.0121970338100788
" 1497",41,1.11326739339109,0.333005252962532,3.52021455234318e-05,0.0103838766644458
" 9296",73,1.02683194828719,0.0643572249375639,2.10007909724141e-05,0.0088373817352767
" 9158",51,1.13442501186244,0.269203684628383,0.00367961399857642,0.0130872718954277
" 6823",45,1.07283734602878,0.260661368903665,0.000461673126131267,0.0122036943770741
" 8570",43,1.04352299223544,0.112142095073213,0.000625289944322083,0.0106048228635526
" 7931",52,1.27174392790843,0.347620374759246,0.00134947295760853,0.0130697756021248
" 7862",36,0.972911989766287,0.193744047278293,0.0021011979918424,0.0132710485127024
" 9602",46,0.890759590331541,0.182860394659692,0.00102215325241143,0.0124585306028751
" 3700",57,1.14574834041044,0.370807787893479,0.000118861034151245,0.0107974775681102
" 5091",36,1.15712718385658,0.373774394601363,1.45456298128606e-05,0.0110843388283568
" 7179",53,1.01346623738615,0.181390548956417,0.000667980076790597,0.0118528536125601
" 9118",44,1.17274348504887,0.252783987393391,0.000512453727253088,0.0118047208678527
" 5783",58,1.33419067509334,0.554569282822758,0.000685968459221886,0.0122932672084494
"  742",43,1.24214430590768,0.38381917557172,0.000313892969985222,0.011370710542621
" 8554",44,1.09896254358982,0.315932868230274,0.000509527387527424,0.0123414595386548
" 9246",79,1.01961063306968,0.0588200207582232,3.01240854112497e-06,0.00840512181845226
" 7869",57,1.18181195861829,0.23448617099507,0.00327534877235745,0.0131450301229339
" 8601",41,1.18577409227989,0.370440961916795,0.000541200711616966,0.0127209262896784
" 8551",45,1.10950034908362,0.178206778875007,0.00018332657693132,0.0109839577996702
" 8561",52,0.986242461344749,0.104362798599256,0.00102705917489269,0.0118363293431558
" 7136",29,0.54252223160548,0.0946593651208456,0.000393420555470921,0.0121703214649795
" 7161",19,0.354471087813693,0.0665916350814289,9.91512754107419e-05,0.0106985248638798
" 7110",46,1.12042340332185,0.333705822601962,0.000322758057977675,0.0110443104959222
" 7170",39,1.173082818216,0.233128397396597,2.11729286033355e-05,0.0103054615646808
" 7181",21,0.29090356115117,0.0578520612011744,1.97958275559641e-06,0.00990076711731763
" 7144",16,0.50183853698045,0.0594998736727512,0.000650508107252072,0.0122198634107572
" 5759",46,1.05265252824993,0.370543724121934,0.0012737324000031,0.0128173186117021
" 6515",49,1.37815298619025,0.621886642564991,0.000947273382960612,0.0129817051185197
" 7111",49,0.96477609859563,0.247402496222259,0.000537413683736695,0.0116798974798888
" 6990",45,1.05767627237278,0.254085077510651,0.000309331322765804,0.011057927546525
" 8950",60,1.24913432876899,0.374725643223452,0.00104255156167562,0.0124902795252912
" 9433",29,1.0706266261848,0.151777110500495,0.000452463762876971,0.0121187807927432
" 8928",11,0.946080398072746,0.194609147560796,0.000497994166255688,0.0116812323249321
" 7267",48,1.14606863713655,0.348828185641022,0.000210352184985984,0.0119208389911274
" 9453",60,1.15631909414397,0.336501077062373,2.4615681221764e-05,0.0102736779978825
" 8145",57,1.1298692995087,0.415915637420514,0.00011817248362756,0.0106678671647896
" 5962",73,1.12972438473718,0.216856325095766,0.00013392307685687,0.0108366281344456
" 7169",40,1.1729316536824,0.233663516613351,4.40672335158853e-05,0.0103248590674435
" 6738",40,1.27399408240526,0.444143519183313,0.00137865028604971,0.0131405907187747
" 7925",78,1.07420616952403,0.179957094758699,2.5820644638214e-05,0.0100213337103121
" 9510",35,0.899103926268494,0.246466135051705,0.00145748932101172,0.0130704658102032
" 8256",34,1.14401585183196,0.49038938248769,0.000122820199662438,0.0115284305327616
" 7421",51,1.20257872940178,0.378494980457105,0.000248997083127844,0.0112646784630945
" 6739",58,1.31709610485086,0.470509146587889,0.000738040092575618,0.0130295666145282
" 3530",56,1.22465956880425,0.342662871031891,0.00156498927152215,0.0129965760280055
" 8913",36,1.12176523047781,0.205625720334401,0.000246673225110405,0.0107058715687341
" 9316",19,0.967411933075694,0.0813207698910791,0.00607800761020466,0.0129971129720665
" 8319",40,1.1128875025044,0.448202215715797,0.00012187344269237,0.0113673165767528
" 8512",50,1.05706332345587,0.157462699114946,0.000158624826894095,0.010104373070734
" 5966",79,1.13212143972916,0.217571163323854,8.43474391514992e-06,0.0107914083944397
" 7159",46,0.791364108658603,0.20503730093845,0.000766873145754957,0.011651951871168
" 8236",59,1.08216570849892,0.394429153604669,8.86508799245349e-05,0.0114990598555276
" 7926",70,1.06458556369491,0.174172337834632,6.23138223935565e-05,0.0101720950695498
" 1076",14,0.404035599064096,0.0807108689166554,0.000239787719873548,0.0118359410566726
" 7686",57,1.1185573804267,0.277287350892187,0.000890898308833845,0.0120908619683527
" 8929",43,1.2919725420966,0.275072508048734,0.00212469477846317,0.0131205594981226
"11730",45,1.20319201537038,0.33490233205653,0.000862925943809113,0.0127923559306768
" 8589",59,1.23431687284836,0.256911849459539,0.00022076651165673,0.0109614165615727
" 9395",66,1.49162520937752,0.422618283065227,0.00521620056099654,0.0135192173073534
" 9293",84,1.03157023051097,0.0597101724888889,1.80744512467498e-06,0.00830890753515524
" 9539",73,1.02158119555124,0.0611274884620145,3.1845461720464e-06,0.00779687971884085
" 8687",30,0.996486907846691,0.140440210969314,0.000905530007462166,0.0122065524876088
" 9871",51,1.01890134181059,0.074245379338125,0.000159141239786859,0.0100269898893967
" 1022",55,1.10517356111854,0.365288726705719,0.00048973155997146,0.0125910631454617
" 6713",81,1.05641497110582,0.127003804344138,0.000255882588364701,0.00937044363971081
"11726",36,1.05297338406347,0.302233799446567,0.000777717816503007,0.0129662350364235
" 8440",27,1.06330492505402,0.177466274704627,9.39871464830991e-05,0.0110452982901081
" 8927",45,1.12585420083192,0.256278195743216,0.00114721124127585,0.0115728914124531
"12606",35,1.10950780588739,0.314857904661826,0.00269240468524204,0.0136491900525886
" 7920",39,1.18653351767918,0.277006625649958,0.000770746242450689,0.0126441873365952
" 7712",52,1.28193485943865,0.336011420492245,0.00022076651165673,0.0118788376664773
" 8893",44,0.981894887490371,0.298911651611526,0.000178076379188216,0.0121129677393443
" 9210",40,1.13905119378086,0.23260052714477,8.21096499495206e-05,0.0117689810406628
"  856",41,1.01253423197661,0.366360163779721,0.000585870426841077,0.0129347220890269
" 6953",61,1.02335665070923,0.10912990279469,0.00027257993856408,0.00992253586572499
" 7185",74,1.08195064605226,0.153192809809222,2.8833053179339e-05,0.00992349301534018
" 8985",79,1.00697581799535,0.0559723186296205,0.000221627199811337,0.00841931851178156
" 8162",42,1.26450113145077,0.577398053822942,0.0015633539640284,0.0135688166268481
" 4766",50,1.24474699497525,0.297986377449884,0.00133596015358119,0.0129223954136849
"12537",66,1.44886958190839,0.452732716616313,0.0026326729273123,0.0134923631563739
" 8953",42,1.19973115890818,0.282014679189484,0.00228633201389839,0.0126117195170243
" 6905",46,1.21422050711017,0.375909842708139,0.000578726715157837,0.0120945644886103
" 9317",42,1.07754004176795,0.225845782339732,0.000671250691778104,0.0120128986398916
" 9372",36,1.17106151224905,0.291440852404351,0.00245743681903429,0.0132711987226148
" 7786",48,0.98766086636958,0.251143460128306,0.0010877376897925,0.0125747670513472
" 9098",36,1.12511371628363,0.241052868336596,0.000580620229097973,0.0125729807083642
" 8683",56,1.40074682684298,0.424721397229223,0.0013845890343165,0.0132581580505187
" 9080",52,1.22842303270327,0.266977865153691,0.00419809254291176,0.0137400109381907
" 6947",53,1.35552336890662,0.358908186763543,0.000410031836854839,0.0129282655973582
"10093",20,1.0539160867059,0.214622432299686,0.000354431382067218,0.0121070881488137
"15983",44,1.12503174351289,0.225224649206859,0.0019176132084647,0.0127032058691897
" 4876",44,1.24415510673447,0.371716425529236,0.000306318914224679,0.0128619432332665
" 9000",68,1.02505573119458,0.0657043931209798,4.07966185283782e-05,0.00909279379136825
" 6973",48,0.837867201848774,0.240648291244506,0.000239271306980783,0.0119429759707678
" 1457",36,1.3260488246086,0.48871129208731,0.00213812151367504,0.0120725198679459
" 4879",43,1.33713168738945,0.405564599955866,0.000922141288846084,0.0129905369674551
" 9473",32,1.1531125724262,0.200472593987925,0.00254221460226309,0.0127645549190523
" 6742",63,1.26168286395759,0.388740830307805,0.000781160569121435,0.0124044227131926
" 8409",39,1.10881828570383,0.231027249258596,0.000328955012690847,0.0109139557696466
" 7096",43,1.03782914639773,0.109510224839057,0.0022438140190608,0.0122921398149695
" 6896",58,1.05172391909635,0.0996185173826886,0.000182551957592173,0.0101461663314082
" 7048",57,1.35735504954428,0.378317956454365,0.00092171094476878,0.0126268885324862
" 7232",51,1.28073978049642,0.377406285638268,0.000360628336780389,0.0121767771056956
" 7175",49,1.19850663092339,0.271457039579738,0.00197708675994805,0.0130273362180063
" 7015",56,0.914925247921699,0.241977502935872,0.000450225973674992,0.0119134008080087
" 7076",26,1.07316447089445,0.273633191818955,8.63270219070956e-05,0.0121599627622094
" 7107",34,1.15495081192418,0.216355578348703,0.00185271732160732,0.0131191072644044
" 7719",40,0.840906714884336,0.204509356823259,0.000252267698115351,0.0119848437218059
" 7059",19,1.04972960927321,0.263828293620987,0.000297195619785844,0.0122410127100261
" 9589",13,1.06976095706216,0.1472377686402,0.00164184872372857,0.0124605656337137
" 7905",56,1.14380417267828,0.228623033964134,1.60948684911534e-05,0.011150503565196
" 8577",49,0.982001799295147,0.0928904248948037,0.000156559175323038,0.0101167123197164
" 7072",25,1.0211556658645,0.250203891139243,0.000402371712278835,0.0122182483312884
" 4733",33,0.952232854616893,0.286750202055447,0.000315442208663515,0.0117446029559199
" 8475",31,1.07327708962805,0.187743725593156,0.000941506772324745,0.0111534747154029
" 9046",73,1.01851146134476,0.068283799870054,1.97097587405034e-05,0.00918955017208286
" 8678",35,1.11617292755755,0.221436482837013,9.02001186028277e-05,0.0106041086358598
" 6321",33,0.753797929369453,0.133435628893053,0.00253438234005617,0.0134509204500172
" 6342",32,1.06184690163767,0.161482085754307,0.00182999515432569,0.0131912042824206
" 4776",57,1.17135923541875,0.36783723248348,0.000120926685722302,0.0106980318467002
" 6040",85,1.11440030312917,0.179128888831379,1.20496341644999e-06,0.00993855040590682
" 7172",56,1.28427836538043,0.262167533593655,0.000396519032827507,0.0117517026127187
" 6821",65,1.01950867593445,0.140949410013348,0.00127158067961658,0.012138586445712
" 7906",51,1.15083585368686,0.230451922930855,4.07966185283782e-05,0.0111640347676653
" 8641",58,1.04747477856824,0.184443945800961,0.000368288461356393,0.0113479400382235
" 9130",50,1.12755858623785,0.340161673052969,4.38950958849639e-06,0.0104178003698751
" 9259",71,1.01860524947145,0.0592727794818409,4.90592248126067e-06,0.00866743492607894
" 6273",36,0.892039729693257,0.131489010634051,0.00281367564622618,0.0133985985256706
" 1910",51,1.22080394777581,0.403549064470998,0.000404695570296275,0.0124474038924919
" 8217",47,1.254857438453,0.490670938446405,0.000161723304250681,0.0115391561699865
" 8972",85,1.01734151813806,0.0570484363969313,9.46756970067848e-07,0.00787159809445931
" 7635",60,1.17109177865159,0.3641320720843,0.000107672088141353,0.0115575405200141
" 9280",40,1.06797400913288,0.126597645434317,0.00191374011176896,0.0116013203618778
" 8705",37,1.06112032060615,0.237452051859617,0.00102731738133908,0.0122701645131785
" 7233",30,1.05824354786267,0.207012027771254,0.000597231510481891,0.0113324834341265
" 7296",63,1.29454116830602,0.346129590764104,0.00105701112267302,0.0128125465842587
" 8580",59,1.17355854848058,0.343134727992303,0.000224295333090619,0.0109679676199834
" 5494",38,0.67969822329646,0.168613794932076,0.0003305903201846,0.0108151414758795
" 9145",44,1.25636724518893,0.424837505874002,0.00160096603638473,0.0128164231931003
" 6043",86,1.11338808713561,0.178183551722488,1.37710104737142e-06,0.00992014666454563
" 6983",53,0.873148079327056,0.186042898039037,0.000602567777040455,0.0119910697681633
" 8194",49,1.29249950502336,0.526225076936725,0.000298830927279597,0.0116755399251785
" 4472",35,1.0999313432987,0.387406429702678,0.000246587156294944,0.0118404515074213
" 9143",54,1.19721240748561,0.419860194472208,0.000157505932293106,0.0123510059604016
" 6740",42,1.14723443511966,0.347848300323175,0.000322930195608597,0.012364755698766
" 7684",52,1.128469481877,0.335515009328705,0.00444855279590244,0.014315524723662
" 7728",41,1.15563231460113,0.247249714821695,0.000338680788837907,0.011820731269272
" 9864",78,1.01498141901838,0.0777659845178406,0.000216549139699155,0.0100520798175662
" 9779",72,1.02548366518318,0.0612984935157149,2.32385801743926e-06,0.0077126751469924
" 9029",39,1.13761589823308,0.213233602990102,0.00371059877214228,0.0131809223560655
" 8486",66,1.35813543811708,0.387738891286854,0.00130635248106271,0.0129767618059079
" 8002",52,1.16752330023761,0.366560036362526,0.000470624282939181,0.0127529682500636
" 5482",34,0.964691818510911,0.299142966922219,0.000511420901467559,0.0109763462252885
" 7417",37,1.10758959860107,0.340937674811676,8.3486750996892e-06,0.0109201460222194
" 3145",52,1.35482418827083,0.445051434912673,0.00233969467948403,0.0135369267831674
" 6068",42,0.855998148513603,0.122475123779294,0.00207658231062063,0.0125919624304966
" 7244",38,0.828615559030529,0.19019567515095,0.000535864445058402,0.0114607417592704
" 1000",41,0.736830199438516,0.236610846362922,0.000907079246140459,0.0130288087437769
" 7430",34,1.08825922618799,0.34275060392228,0.000133234526333184,0.0115163167903915
" 8201",56,1.17916857127454,0.467400386524296,0.000184273333901388,0.0111510566064066
" 7364",48,1.00662017996132,0.305062422183282,0.000891070446464766,0.0126300661770026
" 9252",74,1.01574895744638,0.0573361660293563,6.88550523685708e-06,0.00844576126487589
" 9786",65,1.01231825100693,0.0613578128469326,4.99199129672138e-06,0.00751745876334854
" 8590",49,1.03165818177395,0.0641534200765096,0.00027137497514763,0.0104240860451772
"15393",19,0.997537904080381,0.161852196450368,0.000738470436652921,0.0126962866471902
" 9077",24,1.06095034793836,0.193069576292633,0.000477251581729656,0.0125832616615948
" 5449",57,1.24709246375376,0.376637735675994,0.000711100553336415,0.0111386200427622
" 7143",33,0.821379559056771,0.172438976076236,4.86288807353031e-05,0.010775958014078
" 7463",73,1.03844085939093,0.0930022095719865,5.11248763836638e-05,0.00930687551241674
" 7105",29,1.06187200038757,0.221587233700349,0.00130652461869363,0.0125358976785639
" 7797",31,1.07953359920534,0.217846160186039,3.95916551119282e-06,0.0106938081276969
" 8734",53,1.03984166231424,0.0739959435120252,0.000950285791501737,0.0107982109010976
" 9189",35,1.11835710670523,0.222709261454261,0.000909317035342438,0.0128284431042607
"17090",42,1.04005486111177,0.146129817098367,0.000941420703509284,0.0119048622924755
" 5486",55,1.22948218610488,0.376329743916931,0.00048732163313856,0.0110514023578847
" 6801",35,0.996758437213282,0.22758140897389,0,0.0103628958457194
" 9488",51,1.02386189807727,0.207666142126534,0.00280326131955544,0.0126910032035995
" 7566",79,1.06788819344339,0.13517847749231,0.000199937858315237,0.00908831588778587
" 9540",72,1.03175899136602,0.0649005406690105,6.28302352863208e-06,0.00829175816093765
" 9275",44,1.1700147083485,0.358230563806807,0.000437229582540424,0.0118299173841596
" 9112",52,1.00955302881553,0.113027735993832,9.48478346377062e-05,0.00994427537676004
" 5528",43,0.869429343741374,0.254777820056082,0.000352796074573464,0.0106977180416358
" 7498",17,0.592000332063991,0.0907650668740427,0.000829617312225817,0.0125985511451684
" 7562",32,0.829553499254679,0.123488804012162,0.0018501352571435,0.0130553758243475
" 5062",32,1.13227525212562,0.371108165636052,1.67834190148391e-05,0.0110816443836141
" 8762",72,1.05085301263613,0.114778818840316,5.16412892764281e-07,0.00828659741388584
" 7685",51,1.08057864267193,0.226951503779978,0.00173110208536133,0.0126625820063349
" 2667",49,1.34185156705838,0.407274749470992,0.00204972884019689,0.0134170868589649
" 9449",28,1.07127405493855,0.14020721746484,0,0.0111382518777847
" 7491",31,0.868090714737288,0.110302310970933,0.00283915201560256,0.0128940423075203
" 7606",31,0.937763141417067,0.107867053213844,0.00199619403698033,0.0131673701602201
" 7484",17,0.928063169397146,0.089683277098754,0.00128595417179852,0.012593385901145
" 7494",26,0.635595584806185,0.0732866206531665,0.00194291744021015,0.0130954281201332
" 7497",20,0.788257835836092,0.0878090299141727,0.000990996341214655,0.0125062116443287
" 8764",69,1.05324503679146,0.116417761341974,7.08346351241672e-05,0.00894516261440576
" 7535",85,1.0481302217625,0.11256794979133,1.46316986283213e-06,0.00775238223957489
" 8492",48,1.12378049296777,0.342328878186882,0.00112362838583961,0.0130984585491114
" 9157",36,1.0459486517368,0.131240295157135,0.00350386147740565,0.0129021996558419
" 9133",56,1.2809052465033,0.253108297581197,0.00216919235605636,0.012952508162521
" 7489",25,0.829932597454696,0.099847970241192,0.000148726913116113,0.0122287905035143
" 7556",19,0.857269638383942,0.106418068064862,0.00251863174682686,0.0131966992551012
" 7496",39,0.489711078552957,0.0569335289173506,0.00029194542204274,0.0110917953278417
" 7544",16,0.733236276959475,0.0884418827719886,0.00120169280146248,0.0125171949606759
" 7481",26,0.956400132468306,0.107116718204875,0.00114815799824592,0.0125842466450037
" 6758",53,1.0951148885918,0.332344844392175,0.000254849762579173,0.011089433471032
" 8746",43,1.12507719795696,0.222500817738974,0.000156042762430273,0.0111307079576938
" 6995",44,1.17427932621164,0.275978512574666,0.000533798793487345,0.0114610941515944
" 7053",62,1.23187665898073,0.341452997175822,0.000396174757565664,0.0118957852559979
" 7234",60,1.24145406003272,0.341592155551442,0.00055256179525778,0.0121472164374013
" 7596",20,0.614421849783714,0.0796912145242839,0.000878332261776581,0.0126884954329981
" 1427",44,1.07671816100506,0.332512287678407,6.75640201366601e-05,0.00957826962555371
" 7533",84,1.0472509680643,0.11225913447354,1.46316986283213e-05,0.00777642927976008
" 6988",45,1.179114125024,0.240862034050265,0.000396691170458428,0.0119943172370622
" 4836",90,1.09103995253878,0.157923902237277,0.000235484279100512,0.0103193308663612
" 6684",70,1.07194969519608,0.141965852781597,4.30344077303567e-07,0.00930270105591862
" 8744",43,1.1090310200157,0.220815957973491,0.000516929305657045,0.0112725161342525
" 8959",47,1.15142312255884,0.348575922751291,0.000226619191108059,0.0116356727883664
" 9134",36,1.1137439303307,0.257103049577098,0.00145912462850548,0.0121987624674456
" 9800",36,1.1781000635304,0.224129915727891,0.0017883378476427,0.0124776097121083
" 7548",87,1.01767074940515,0.114839033322942,8.77901917699277e-06,0.00771268218224182
" 7506",80,1.00507747809369,0.107851283408052,1.09307395635106e-05,0.00811145323819491
" 6682",75,1.0611462969818,0.141896746823373,1.19635653490392e-05,0.00937078321559841
" 9260",80,1.02741139844395,0.0618919261355026,1.27381846881856e-05,0.00846927273898992
" 8909",61,1.35049177902952,0.357050865591536,0.00163014336482591,0.0128835685769206
" 8514",45,1.05293725493414,0.162354161980672,0.000594821583648991,0.0102608860608272
" 6113",65,1.17936346740666,0.275945539508321,0.000809046865330707,0.012319309054117
" 6685",71,1.06796910938726,0.142452266879626,3.01240854112497e-06,0.00928208896064122
"10190",21,1.14292168443733,0.221008244481002,0.000145112022866763,0.0119427143335354
" 9455",28,0.839830395570319,0.0969991828080018,0.00197510717719245,0.0123819951381748
" 6675",75,0.977782278114578,0.134428613087828,0.00010018410119627,0.0101849648529536
" 9257",59,1.03498414706793,0.0626439208864473,3.44275261842854e-06,0.00951456304546551
" 6999",40,1.19101322687874,0.270747770610121,1.9537621109582e-05,0.0103262597999356
" 6943",23,0.572006201022117,0.157944763060374,3.92473798500853e-05,0.012154400907246
" 8532",31,1.08839565837711,0.306575096302969,0.00035589455193005,0.0123927299093619
" 9472",73,1.48221213606582,0.37288039604609,0.0030038016595789,0.013326317637428
" 9111",71,1.1703634865272,0.350277649951569,1.72998319076034e-05,0.0108013729143599
" 9062",54,0.974125759922561,0.286187355158518,0.000706280699670615,0.0122527208982133
" 8936",44,1.13330389945849,0.350065006566736,0.0010371292263016,0.0128315169668742
" 4872",35,0.903468683404009,0.233835451833132,0.000544901670681777,0.012596826814995
" 4117",58,1.09247345618425,0.329339957483811,0.000563062190743987,0.0123334544229359
" 9535",76,1.02880643154917,0.0624946542633278,1.20496341644999e-06,0.00834961029601491
" 6986",30,0.902768070586818,0.199582666765306,0.000324737640733272,0.0109656033848977
" 9788",64,1.03479035353172,0.0712275165813612,4.8370674288921e-05,0.00858184715777745
" 3142",42,1.13918732211028,0.350269504961084,0.00109548388318396,0.0130210400480881
" 7026",43,1.07247347341436,0.123960396559123,0.000200023927130698,0.0105876690199881
" 8628",25,1.00646706504921,0.17706438909875,0.000421995402203878,0.0108608388917591
" 9241",49,1.23829717249502,0.392761643669393,0.00169521138931421,0.0131334521559539
" 9595",44,1.17363460308474,0.275900091821715,0.00339317698072317,0.0127497272756381
" 9544",14,1.03080298488904,0.148972289899777,0.00030640498304014,0.0121419841939709
" 9438",33,1.12185522478613,0.233800965436998,2.43574747753819e-05,0.0117384138272227
"13798",34,1.32495272302269,0.173921669503208,0.00236663421872324,0.01280575441741
" 1879",59,1.14788550866668,0.382141221768817,0.00111071806352051,0.0124720655336334
" 8186",61,1.18565448327595,0.504734807359177,0.000240820545659076,0.0113458789110416
" 8533",33,1.06818963063783,0.222191418560426,6.0678514899803e-05,0.0107496081617099
" 9560",15,0.991462191199373,0.141429219513267,0.000566591012177877,0.0121794754616938
" 7410",39,1.06847908890045,0.310359520458487,0.00011094270312886,0.0107982725722234
"10245",42,1.06101872039905,0.127173564405603,0.000980495945728448,0.0116975804861779
" 7034",33,1.06681631610088,0.238843138656002,0.000172137630921427,0.0111616078899058
" 8697",32,0.965376524377469,0.234325778275413,0.000337303687790536,0.0122748103502079
"11163",16,0.896051451142178,0.149348246328687,0.0021285678751589,0.0126094415371616
" 2909",48,1.29498134315389,0.394071615286333,0.000920161706090488,0.0129939465091359
" 6779",23,0.798423410179355,0.133971384095169,0.0011701055461884,0.0123303941755244
" 7681",63,1.01860966644744,0.0754536114720057,9.38150088521777e-06,0.00885760982087327
" 7220",63,1.03114474580843,0.0647758578021742,2.15172038651784e-06,0.00925199642181646
" 7969",71,1.04160101001858,0.0695049138159839,0.000110168083789713,0.00976803182750538
" 9434",46,1.17811461672966,0.296087010264211,0.000443082261991753,0.0124004212124285
" 9155",61,1.14948965813676,0.345581250732492,9.56224539768527e-05,0.010837037782929
" 9653",11,0.955739947425682,0.13088827200383,0.000289707632840762,0.0121118452222112
"16714",36,1.21449657185762,0.240337535889441,0.00189084580685641,0.0127161541815943
" 8752",58,1.03106514497748,0.0734374005288368,7.90972414083957e-05,0.0103208208053022
" 7854",27,1.12313432537791,0.153458148269278,0.00257061731136513,0.0126016046440506
" 8546",33,1.0758203253371,0.221859006140578,8.60688154607135e-08,0.010360718065254
" 6866",53,0.905674467598384,0.0994838219533273,0.000654381203947804,0.0113249744463796
" 7235",59,1.0472123266646,0.0844329004400954,1.88490705858962e-05,0.00918984303580261
"18228",15,0.69553137378002,0.10379746484649,0.00279620367668766,0.0129579491178972
" 7843",43,1.09917777675575,0.167526427619325,0.000575800375432173,0.0121657513767516
" 9171",58,1.09078540117775,0.181804186089561,8.09046865330707e-06,0.00993818492425133
"  927",42,0.946165309129405,0.272377591411985,0.000394281243625528,0.0114511854021522
" 4875",49,1.12720517702701,0.322229035313743,0.000440500197527931,0.0127251497779912
" 7561",83,1.09257758573819,0.145108743202951,0.000209491496831377,0.00932977273959703
" 7811",46,0.938856817779181,0.120428533476372,0.00166568978561119,0.0113157451487131
" 7050",49,1.1038145340872,0.185641751920326,0.00157721104331757,0.012640412241998
" 7669",10,0.146596481552225,0.013913537361549,3.20175993513854e-05,0.00963394970039635
" 7747",19,1.08385307391618,0.201817016986965,0.00063208938074348,0.0124261403017322
" 7856",40,1.05862469547218,0.156375096382942,0.000880053638085795,0.0123372815366411
" 6813",60,1.09349820808066,0.153389419165677,2.32385801743926e-05,0.0101482699845933
" 9172",55,1.09391255818116,0.181680256942173,7.31584931416064e-06,0.0100034629902534
" 9002",58,1.02913780279977,0.0768660532053132,8.99419121564456e-05,0.00942371732985207
" 9308",42,1.1202064827336,0.225429386874492,0.000413904933550571,0.0120102718226065
" 7879",59,1.0060818884097,0.0864201148439992,8.70155724307813e-05,0.00869924167649488
" 1426",38,1.05428990827869,0.299326674047762,2.06565157105712e-06,0.0101956015798453
" 6811",50,0.940868912839751,0.131592847735137,0.000492399693250742,0.0104947498232065
" 7715",27,1.11895440577774,0.210859340967328,0.000596112615880901,0.0123769988522387
" 7119",40,1.11423442676297,0.323696753514693,0.000317507860234572,0.0114899072074226
" 6812",60,1.08326719294712,0.16427363150474,0.000501178712427734,0.0105420129028916
" 9162",51,1.02741768878669,0.171915492908828,2.75420209474283e-05,0.00996782704293719
" 8457",48,0.999894937529224,0.073619521513785,0.000115676487979199,0.0107717823440427
" 4732",34,1.23367372483445,0.367235701704834,0.00426668938883395,0.0138159028686409
" 8503",76,1.43205850953639,0.395595301851591,0.00232919428399783,0.0135650357314672
" 5065",31,1.11861287571579,0.38355235102731,0.000402457781094296,0.0117720245881194
" 7416",39,1.11698377702804,0.34210401573836,0.000210954666694209,0.0109689742938725
" 9247",71,1.01654163477007,0.0580526295480612,7.74619339146421e-07,0.00859168573666849
" 7240",41,1.17782934930159,0.347335726565247,0.000618490507900687,0.0123641107415742
" 6945",65,1.05626678644643,0.110356529438897,0.000105348230123913,0.00998322749001273
" 1750",38,1.15304442492071,0.314018672151928,4.15712378675246e-05,0.011674986956443
" 7537",72,1.05581524148406,0.135960823385308,9.69134862087634e-05,0.00935011939685939
" 8633",31,1.12233838210975,0.208779285238905,0.00228486884403556,0.0127506014811452
" 7659",48,1.06510751457391,0.144369572945374,0.000220077961133044,0.010063208282701
" 8918",48,1.15020144302453,0.235243456734896,7.60848328672707e-05,0.0108330096360459
" 9136",56,1.3697151110748,0.40463507085154,0.00835710984360436,0.0140974282957074
" 8639",65,1.14956318118208,0.348023910356775,4.02802056356139e-05,0.0108469764996759
" 9311",23,1.11453076874832,0.19437027577675,0.000188748912305345,0.0122878308046842
" 7095",28,1.06524248531835,0.201646688142294,0.00012187344269237,0.0114083188832783
" 7128",28,1.07656511464618,0.185487502216372,2.8833053179339e-05,0.0106485761875699
" 8611",54,1.10471071697079,0.221104483370131,8.62409530916349e-05,0.0106624298094707
" 1282",38,1.17040243730147,0.307431452889768,0.00306861147762082,0.0125072926307256
"  822",32,0.919195936644184,0.298904207562857,0.000610313970431919,0.0126300726213265
" 8605",55,1.18904394993284,0.303206707434637,0.000830736206826806,0.0117543127183698
" 7773",29,0.918757204436255,0.223832348289284,0.000596542959958205,0.0120742405787204
" 8956",34,1.0788829858546,0.199812238345006,0.00111803391283467,0.0128604629557952
" 9402",41,1.13533340192252,0.122572772184159,0.00394505022545726,0.0127207202278281
" 1880",38,1.15281947361838,0.569135615012877,0.00226223274556939,0.0128454746808525
" 7883",63,1.01048112839018,0.0853973820203063,5.99899643761173e-05,0.00874371971985923
"  420",48,1.19162992599365,0.39958636633,0.000575800375432173,0.0107447589746819
" 7146",28,0.95344790752878,0.200120670117677,4.30344077303567e-07,0.0105935620291817
" 9787",76,1.03564406962388,0.071139696564156,4.30344077303567e-07,0.0080764881077191
" 7889",68,0.998712521481279,0.0834866408076872,2.32385801743926e-06,0.00846665732722582
" 2627",50,1.43075782962929,0.506884421077089,0.00619523333686216,0.0144260206124643
" 7937",42,1.36925127719316,0.338528352251328,0.00166586192324211,0.0127713833755123
" 9140",39,0.990547940557881,0.259863402469063,0.000425266017191385,0.0123674701425418
" 7713",53,1.22874667592899,0.322713363685443,0.000317852135496415,0.0118928291745456
" 7468",48,1.03532968445206,0.28258229360718,0.000243058334861055,0.0116893069606338
" 8675",56,1.23364497438602,0.369055448802736,0.00064783997397279,0.0126051643838429
"12622",34,0.700378321317157,0.125977462665384,0.00093858043259908,0.0122100809350273
" 7549",75,1.03369263966478,0.109780728018285,0.000366308878600796,0.00878682753872938
"  442",39,1.12070345221496,0.367762521016127,0.00014958760127072,0.010550529916312
" 8840",66,1.02719646016476,0.0877015262084202,0.000875664128497299,0.00940795674821453
" 2813",51,1.38506100442872,0.477443132958441,0.00475762591222186,0.0140467233660253
"11101",56,1.17534318134288,0.23732563044619,0.00126288772925505,0.0124523213813727
" 9737",23,1.10969567737584,0.171629191102506,7.41052501116743e-05,0.0112969752366021
" 9802",32,1.1357869522218,0.2223538314454,0.000297884170309529,0.0118118849810661
"  440",38,1.08010658440031,0.369009333873779,0.000306577120671061,0.0105768911639974
" 8812",52,1.0367651370131,0.141906477764391,0.000651885208299444,0.010562842465843
" 8042",49,1.01118691794365,0.282388870805678,0.000141927476694716,0.0109126287085977
" 9780",67,1.03466736746126,0.0773621575833728,5.67193493886102e-05,0.00863336267653664
" 8914",37,1.08960735629859,0.227948300577633,0.000590173867614112,0.0107044215639122
" 7404",48,1.22756671227694,0.255390712233275,0.00128681485995313,0.0127278996215512
" 7739",38,1.25599889793662,0.285663634116937,0.00361506238698089,0.0133955716905015
" 7738",24,0.915889506946403,0.214878037806095,0.000567279562701562,0.0125953409564312
"10357",45,1.57787479841236,0.410878534717955,0.00558388654064471,0.0139423620911793
" 8725",36,0.884638447704255,0.128931994383084,0.000809563278223471,0.0125459999664458
" 9358",28,0.640367346261416,0.100930751288735,0.000458832855221063,0.0121267078817577
" 9330",24,0.785771208902527,0.119219795571441,0.00137882242368063,0.0125750410077881
" 9343",23,0.888703813060653,0.0984317545768504,0.000425266017191385,0.011006220978957
" 8451",39,1.11659365602706,0.315430724735189,4.44115087777281e-05,0.0112117747658143
" 9266",44,1.02470759657917,0.309854892706576,0.000229631599649183,0.0116575313691406
" 9776",47,1.12082701022801,0.12448335260893,0.00130824599500284,0.0112286649649233
" 7298",56,1.05458156327419,0.161060925699132,3.95916551119282e-06,0.00932152711675826
" 9351",49,1.06541336605943,0.174846739453984,7.34166995879886e-05,0.0100633571727934
" 7222",54,1.02428699500469,0.0701040533189333,0.000100011963565349,0.00935479231620244
"12568",73,1.08089312075721,0.185148296284235,0.00118353228140027,0.0121938795346061
" 9923",24,1.11001273950499,0.171576569422474,0.000230750494250173,0.0113681720689988
"10001",27,1.15159818857999,0.234111598279251,0.000468472562552663,0.0120775482220782
" 9360",30,0.875807390275753,0.123321210875677,0.00194928653255424,0.0126048570653717
" 9362",31,0.599504379690199,0.0955983111468484,0.0010163005729601,0.0121236805835075
" 9364",36,0.618084418628593,0.131919508648253,0.000102335821582788,0.01120884403124
" 9333",24,0.744501706912847,0.0956532334454124,0.000143390646557549,0.0108901545601465
" 8747",30,1.13886171479593,0.173582742618184,0.002439448436603,0.0134112208204054
" 8737",39,0.900569556133395,0.122849852558487,0.00326200810596104,0.0130476851425629
" 8015",9,0.264777015085904,0.0211858793436069,4.73378485033924e-06,0.0106666550705653
" 8739",34,0.729091512663018,0.0799574118162252,0.00274964044752341,0.013257813010064
" 8802",29,1.10637590251891,0.149596554887193,0.00130196297147421,0.0130791629162043
" 8735",29,0.962900550199729,0.144672381929717,0.00156877629940242,0.0132566359158595
" 8839",35,1.27688723135557,0.200832977796653,0.00215240893704152,0.0133383052147359
" 7035",52,1.33558838636242,0.441984004108859,0.000891070446464766,0.0130568015014128
" 7646",52,1.18844102195696,0.227575743703094,0.00249031510654028,0.0131050124051054
" 7727",50,1.17475589031328,0.233838795866622,0.000705333942700547,0.0120078739632594
" 7907",40,1.1321035940887,0.311251638216609,7.55684199745064e-05,0.0104821647328336
" 8770",72,1.05479128577903,0.118411139001883,1.54923867829284e-06,0.00840694006588946
" 7326",41,1.01485443453849,0.149916101557368,5.34487344011031e-05,0.00992242636891091
" 9272",40,1.08842772170116,0.334786804202102,0.000433786829921996,0.0120260819400582
" 3673",49,1.11801025270709,0.346921635567836,0.000652057345930365,0.0125591343032415
" 8844",33,1.02689499924418,0.133102890542478,0.00476287610996496,0.0133005943909475
" 8030",14,0.516900453787351,0.0556615558994763,0.000672455655194554,0.0112684910161199
" 8773",20,1.10805786475099,0.156887755821106,0.0017738782866453,0.0133293356880312
" 8784",18,0.795718814010184,0.109375359373587,0.00103385861131409,0.0129673233949968
" 8726",31,1.22953120312789,0.173414945631991,0.00296730848182356,0.0133028297600809
" 6874",28,1.04708849780236,0.186067991003721,0.00151661859723323,0.0116194670231568
" 7014",69,1.06911581098706,0.144790052597778,1.72137630921427e-07,0.00949686263808964
" 9349",50,1.06669464240521,0.17562633637392,0.000161034753726995,0.0101275708738881
" 9447",24,1.03870995205453,0.13636128206141,0,0.0112498677916869
"10232",24,0.857202128346881,0.198686139512487,0.00191778534609562,0.0128470114843299
"13654",26,0.814273236870502,0.148829614804772,0.00106260559567797,0.0125346610298045
"  963",52,1.16835309028529,0.383574009937555,0.000711100553336415,0.0127007274875438
" 7036",55,1.32672149741483,0.426761082550327,0.000519511370120866,0.012955237672097
" 8763",76,1.05638140481639,0.118755027537523,8.60688154607135e-07,0.00838346775959838
" 8024",44,1.13162177554822,0.309575413609159,6.88550523685708e-06,0.0104840904510214
" 6991",59,1.04818772592262,0.144787885550881,0.000442221573837146,0.0102455262671701
" 7916",28,1.03740118550072,0.178543103665973,0.00017618286524808,0.0107085617378196
" 9570",28,1.11593841612016,0.190985336199164,0.000270944631070326,0.0119370112501765
" 5905",66,1.19409363941982,0.320808801065438,0.000243316541307437,0.0117789592101833
" 8741",74,1.05459582503799,0.116931991372684,1.80744512467498e-06,0.0083035079143915
" 8033",39,1.10808076672263,0.302936921372059,6.20556159471744e-05,0.0104224900866654
" 7013",73,1.06939645663583,0.143822246446995,4.4755784039571e-06,0.00950117160443313
" 9342",44,1.04160564932336,0.174185317953557,0.000153891042043756,0.0103190690250049
"11065",44,1.40682138129819,0.332607495966594,0.00239193845046869,0.0129821625333481
" 9628",26,0.619330647632398,0.0836752975827242,0.000819805467263296,0.0121050138733877
" 8751",67,1.02578979342811,0.120162822458813,0.000233418627529455,0.00955244314502883
" 6987",47,0.889364457150932,0.108397703616093,0.000818170159769542,0.0110270264589187
"18647",44,1.22195819132034,0.226689245804167,0,0.0126945738624387
" 5906",69,1.17986621881781,0.314841293698673,0.000429225182702578,0.0116275608064555
" 9777",72,1.01873405301711,0.0612091749840959,4.56164721941781e-06,0.00775829297040871
" 4852",53,1.26630522183443,0.358200781931068,0.000630281935618805,0.0121521243436468
" 5860",46,1.20833220955786,0.36558895300081,0.000487493770769481,0.0105051924446081
" 8192",57,1.1990665545174,0.512051234036259,0.000253989074424565,0.0114429037418501
" 8061",43,1.14820386464184,0.325687705667002,0.000183154439300398,0.0111517097397652
" 7467",25,1.02327368819559,0.189126850011505,0.00061040003924738,0.0116948072082495
" 9120",56,1.13234837661545,0.241688936675271,0.000473120278587542,0.0115733955849152
" 7047",52,1.13824188199112,0.363991917794465,0.000657996094197154,0.0124785937176538
" 1672",50,1.10072254387286,0.31380192634713,4.94035000744495e-05,0.0105656614432908
" 2819",60,1.25809202459528,0.357023295515796,0.000659114988798144,0.0122614911142081
" 9446",56,1.14795144672596,0.339419981929145,0.00035830447876295,0.011222953938052
" 9078",15,1.00783374418435,0.161717963652893,0.000846056455978813,0.012631805379537
" 9701",38,1.10647966366152,0.214525513897768,0,0.0113952160517027
" 5854",53,1.24938590940933,0.377990180807039,0.000136763347767074,0.0103561500207562
" 7428",31,1.05916516556766,0.324165645910921,0.000843990804407756,0.011474954987621
" 6748",45,1.04124153906911,0.172428405357971,0.000350127941294182,0.0112277399325884
" 7882",54,0.999588592019606,0.0857719818371805,0.000320606337591158,0.00881452459764722
"  823",38,1.14609478679505,0.342092954591917,0.00124076804368165,0.012774240714797
" 9052",43,1.21038789681909,0.366673587499225,0.000394711587702832,0.012290221245579
" 9103",22,0.62636380952547,0.0824841196379022,0.00100072211736172,0.0131004890818434
" 2628",60,1.62946554135332,0.58532939290772,0.00428381708311063,0.0143253846495688
" 9888",27,1.12365771932481,0.174688241451418,0.000224811745983384,0.0121318267638165
" 5856",43,1.1501777959242,0.352851757317634,0.000598436473898341,0.0104508647518224
" 7071",77,1.02171464407463,0.102003218590554,0.000137710104737142,0.0091413280509837
" 7160",36,1.13597215947624,0.231530920480357,0.00015561241835297,0.0110605367077487
" 2606",67,1.33789801966355,0.43523582158847,0.0017160400426557,0.0134062587446979
" 6106",40,0.911534477247253,0.187265842714469,0.0012018649390934,0.0121362136651472
" 8125",43,0.730469861986428,0.159341475575126,0.000313032281830615,0.0117734123883929
" 9050",34,1.17825883098916,0.374843681638441,0.00068157894963339,0.0124236055500071
" 7875",51,1.0400620711114,0.163147226011402,0.000812231411502753,0.0115090619092225
" 5956",51,1.42832742851844,0.424243043202059,0.00381121321741585,0.0135763187587409
" 7155",41,1.14032895047689,0.228142876330548,1.49759738901641e-05,0.0109358990740983
" 7927",66,1.04844350802201,0.176487373433293,0.000116709313764727,0.0100076373299113
" 7354",47,1.06505524631879,0.150488283353409,0.00170373220204482,0.0114370788634255
" 9490",70,1.15536102450236,0.209002703867524,0.000756803094346053,0.0113783642574594
" 7333",20,0.770757701277039,0.101976569818181,0.000369665562403764,0.0121790918375272
" 7149",32,1.03955216215689,0.2120086437414,0.000102766165660092,0.0108374733005866
" 8828",71,1.04688506528379,0.104745761108296,1.79023136158284e-05,0.00828450530818068
" 9262",52,1.03776920792097,0.0633768429469524,0.00110718924208662,0.0105742983041432
" 2289",62,1.40352453723917,0.512157188261336,0.000823506426328106,0.0130573565633978
" 9771",14,1.11390465182957,0.15650346142359,0.000494379276006338,0.0124295591079582
" 7374",29,0.892502730303173,0.11339386680025,0.00284664000254764,0.0127207353922766
" 7291",25,1.00821403243101,0.126831996607779,0.000650335969621151,0.0125481409290239
" 7366",32,1.04240888430882,0.136298563763887,0.00157970703896593,0.0126815567967645
" 9736",16,0.792359393325348,0.164212735562409,0.00347597518119637,0.0136995852823766
" 7368",22,0.984861093328688,0.112823473212819,0.000570033764796305,0.0125285189746315
" 7365",29,0.844500282617126,0.106316254106223,0.00170622819769318,0.012730285863197
" 7338",32,1.03058642321056,0.111244592935264,0.00241793123273782,0.0126252338308066
" 7355",20,0.448013838476774,0.0810485560443384,0.00055617668550713,0.0120668816412878
" 7332",20,0.863422312465878,0.117553122995622,0.000456595066019085,0.012386806552726
" 8038",53,1.25945766630802,0.379127364153036,0.00121563594956712,0.0119439395289566
" 7777",65,1.13211758481272,0.216659797034944,0.000684505289359054,0.0121172119326417
" 7454",70,1.55259316917555,0.372249924754137,0.00544032375645624,0.0136348725103404
" 8797",83,1.08058133422627,0.134693460684319,0.000455304033787174,0.00991802351183952
" 9905",24,1.08565523818711,0.17693528047538,0.000682095362526154,0.0122735750639807
" 7323",21,0.943130341612844,0.142108035606442,0.00145921069732094,0.0125136383516758
" 8485",61,1.21500906336558,0.319435998447643,0.00109694705304679,0.0124073146835794
" 9086",18,0.556928193909585,0.0978615482852316,0.000579157059235141,0.012326856016977
" 7183",64,1.36255845491329,0.467912479750794,0.00131547577550154,0.0131702489220818
" 7305",52,1.06920009950825,0.157933199120246,6.02481708224994e-07,0.00920366221501639
" 7852",53,1.11565484064207,0.183006449976142,0.000480694334348085,0.0120583064282767
" 8045",57,1.18281070224268,0.363910737522745,0.000181777338253027,0.0113052835706218
" 7887",53,0.984677803801163,0.0830992371278291,0.000133492732779567,0.00858410445830207
"15172",49,1.07605457774135,0.229113217814156,0.00088788590029272,0.0123504850697834
" 9211",31,1.1107630102776,0.228706582746579,2.06565157105712e-06,0.0116743994001751
" 9253",71,1.02277331099426,0.0595361796885315,1.9537621109582e-05,0.00909003787370842
" 7307",55,1.06237238084735,0.159034840209258,3.44275261842854e-06,0.00956133170643325
"15164",47,0.998209845722739,0.215937423049684,0.00124937492522772,0.012522946399206
" 7846",45,1.09290918111874,0.12030759600642,0.00114239138761005,0.0120967271753907
" 8016",46,1.12371852325328,0.304050598984072,0.000139001136969052,0.0108564027783786
" 2747",76,1.50975866703462,0.476163927473275,0.00157557573582382,0.013087330094285
" 7052",39,0.813195093887141,0.216209964582795,0.000413991002366032,0.011923768242837
" 9109",72,1.17048248309595,0.354469021359622,0.000111200909575242,0.0109105953895168
" 9378",46,1.1184862863132,0.231234545193106,0.000251665216407126,0.0114952427339526
" 7522",74,1.03188802604234,0.127134207533691,1.34267352118713e-05,0.0093342543615283
" 9213",60,1.07603393932029,0.112535956091977,0.000546278771729148,0.0113693979057855
" 8600",66,1.11909577991621,0.199409012200858,0.000434475380445682,0.0118247657807418
" 1513",33,1.10606464936792,0.342828893816046,0.000161723304250681,0.0108463970881057
"  465",33,1.06221946726041,0.369619364554728,0,0.0104327451348018
" 8614",50,1.05995776032463,0.21308490274862,0.000375690379486014,0.0113701109907772
" 7186",61,1.12804726839604,0.31592591939536,0.000133148457517724,0.0117335525203936
" 8564",48,1.209213486367,0.330184770404239,0.000994697300279465,0.0124320038879161
" 9240",39,1.14644908142952,0.351031626780281,0.00099159882292288,0.0128632817332507
" 9331",56,1.17468878449443,0.255804366466345,0.000427159531131521,0.011577456422614
"  464",32,1.09541801895809,0.378472204061318,0.000772553687575364,0.0109147218665825
" 7904",51,1.14716421646538,0.226784646335135,0.000296593138077619,0.0112750281311899
" 9035",40,1.19734862940453,0.33776501912562,0.000590862418137798,0.0125625378905657
"  479",40,1.13920460448556,0.383567079681193,0.000240820545659076,0.010673463270599
" 7150",38,1.07758577421614,0.208402134415777,2.84027091020354e-05,0.0100842327545524
" 6719",72,1.0422791051367,0.118212073474923,0.000287641981269704,0.00933590324242912
" 6230",28,1.07200318859189,0.206993240931865,0.000767045283385878,0.0125985499023252
" 9950",30,0.946174444361881,0.168527896445949,0.000737007266790089,0.0118335067922162
" 7158",59,1.46618620614353,0.343950018134714,0.00201805551610735,0.0121097164034842
" 8101",47,1.45866412087107,0.456186569669109,0.00162988515837953,0.0131650621752845
" 9984",18,0.819992389114256,0.117945306871655,0.00309684204909193,0.0129271303131966
"11998",44,1.22195089012836,0.226686228229151,0.000282477852342062,0.0126945629949765
"12749",68,1.63291845129141,0.539599049392798,0.00343440394332885,0.0138918881733373
"18601",54,1.45021807000837,0.5770813148906,0.00291971242687378,0.0137127131516613
" 7960",46,0.841095524247938,0.114758285334067,0.000620211884209901,0.0113228703548417
"12801",20,0.537083733005546,0.17433970858923,0.000285662398514108,0.0127934578084286
" 7031",39,1.05157897738853,0.347575175386357,0.000809046865330707,0.0129551073688849
" 7729",56,1.09711540890003,0.261441803471941,0.00136728920240889,0.0122002331226315
" 9038",57,1.13295139487261,0.196701636552888,0.00133027961176079,0.0121614353014608
" 9781",67,1.01570270746108,0.0659640542206571,3.60628336780389e-05,0.00830705533605806
" 9525",8,0.918599315913973,0.120611177288776,0.000150276151794406,0.0121007942050927
"18680",35,0.902314614183707,0.297958604423495,0.00156103010601096,0.013218113734006
"17317",40,1.22632691617629,0.337738706375473,0.00149880235243286,0.0132763876100212
"16756",35,1.28047600196196,0.327298150066612,0.00177095194691964,0.0131591131588228
" 7115",71,1.13377991147704,0.203082068823608,0.000595510134172676,0.0116902700343061
" 7783",46,1.48169915687285,0.502189403016062,0.00162713095628479,0.0133799433842053
" 9088",60,1.46396550421455,0.501596711040107,0.00137073195502732,0.0134466199947507
" 9093",59,1.30123826448953,0.215852798018534,0.00076971341666516,0.0120148628446316
" 8036",53,1.2178118215273,0.351510734829883,0.000257259689412073,0.0113995974209025
" 7769",73,1.27691572603567,0.287314803205861,0.000184273333901388,0.011853221575397
" 7485",68,1.29786528741349,0.301833353690582,0.000295732449923011,0.0118149467560842
" 7899",31,1.0840783492572,0.188418778473045,6.876898355311e-05,0.010379828941117
" 7278",57,1.02704172850958,0.161756002686858,0.00180563767955031,0.0116517351804481
" 7782",32,1.0453463806451,0.390521984967322,0.000741310707563125,0.0131188215768678
" 9200",28,0.963471028870418,0.145186518445357,0.000444029018961821,0.0112136380724233
" 7699",28,0.922220944473568,0.208401685389201,0.00508296603466336,0.013787682756705
" 7770",49,1.12305896195281,0.276966100267774,0.000847175350579803,0.0124300178917586
" 5924",57,1.21647371279408,0.313640528886635,0.000588022147227594,0.0118119471451515
" 7910",31,1.05251995104917,0.189165573896497,0.000281186820110151,0.0107093967246566
" 7224",60,1.02476464374021,0.0671919555786355,4.30344077303567e-07,0.00903590800380433
" 8513",66,1.11935187927634,0.340219569142423,0.000241767302629144,0.0112936617648513
" 7283",39,1.04977764822984,0.304147407465332,0.00137520753343128,0.0128559791056187
" 9309",22,1.08660924253501,0.184250094806392,0.000564783567053202,0.0122482079611542
"10065",30,1.06897727287245,0.156907311235597,5.29323215083388e-05,0.0107696305585366
" 7932",42,1.28971783169434,0.34366636015098,0.000958548397785966,0.0126611643797282
" 6944",71,1.05586369843235,0.10840213497169,1.79883824312891e-05,0.00980561580472963
" 7532",73,1.05307185401864,0.135354862733591,6.78222265830422e-05,0.0092473934323855
" 7007",32,0.97151904019773,0.210361493342359,6.4293405149153e-05,0.010285266196034
" 3283",61,1.45584263749891,0.444936989554464,0.00411899530150336,0.0137724840974299
" 2664",70,1.01730601367958,0.0931387223708481,0.000324049090209586,0.0103261650096943
" 8622",56,1.1256853597874,0.344836084249792,0.000111717322468006,0.0109553908002086
" 5064",34,1.1597529002485,0.371391406406434,0.00024607074340218,0.0113174711412172
" 6732",46,1.14989416888873,0.355515165222536,0.00117630250090157,0.0125522095745725
" 8736",63,1.08947940714219,0.194858565018349,0.00110133656263529,0.0114309356717
" 1511",31,1.24628889504801,0.46577270597905,0.000578468508711455,0.0116594180921103
"  653",29,1.10407286119643,0.347241018078105,1.00700514089035e-05,0.0111393389707567
" 7141",36,1.12438233571503,0.222929000607762,0.000194859798203055,0.0111084705143754
" 7529",66,1.04492853571613,0.131870084317328,2.47017500372248e-05,0.00930496863506181
" 8389",46,1.00192721016375,0.376100926034443,0.000565386048761427,0.0125267010761409
" 9014",48,1.10815143314409,0.264830510989735,0.000978946707050155,0.0122626077417579
" 3961",39,0.871813046068338,0.228572775714266,0.000606182667289805,0.0127004996568002
" 9178",54,1.15375875339616,0.235598684536343,0.000213450662342569,0.0111997494895912
"  652",31,1.12137337314403,0.354537920116025,0.00116580210541536,0.0119034601438577
" 7519",74,1.0348399411046,0.126908035132538,5.0178119413596e-05,0.00918721501752158
" 6693",66,1.06874693099283,0.146390591797665,3.20175993513854e-05,0.0100575462138524
" 7483",33,0.996944207499479,0.244777360325148,0.00119308591991641,0.0129143276791389
"10197",31,1.08723754010326,0.194269300456584,0.000449365285520385,0.0119245387536562
"  640",31,1.15262957773519,0.360637511964074,5.53422483412388e-05,0.0114747242595955
" 7173",43,1.23171942642271,0.254250161459336,0.00017377293841518,0.0109251119955822
" 8663",52,1.19451207509765,0.312401591975475,0.00248136394973237,0.0131901830699486
" 7952",76,1.10158874932704,0.195350614644303,0.000222143612704101,0.0107787442469052
" 9704",61,1.0514627195242,0.108805404840393,0.000459435336929288,0.0101519809906984
"10010",19,1.01490534028609,0.0991337923993746,9.29543206975705e-05,0.0117298935109983
" 9063",58,1.3035226347347,0.381397972353335,0.000726162596042039,0.0126550376353068
" 8801",56,0.993435099217413,0.208212475114738,0.000611174658586526,0.0122225792948607
" 7164",34,1.20408698690186,0.253501120669325,5.68054182040709e-05,0.0109979464097216
" 6989",34,1.10557698991047,0.236968862839209,0.000423028227989407,0.0111400749333201
" 8654",12,0.7265260101088,0.0650605008278865,0.00246449446190207,0.0126871844451486
"10196",26,0.859861179744593,0.187092625591366,0.000450656317752296,0.0121196451884217
" 5957",65,1.36634449336099,0.364179154348027,0.00213596979328853,0.0133576498476516
" 7152",41,1.18939952654865,0.241954944953953,0.000596284753511823,0.011097040087023
" 7934",54,1.07376881006876,0.214219019675432,0.000697415611678161,0.0112476019775123
" 6069",69,1.13587650749364,0.202739074304487,0.000490850454572449,0.0117272063836822
" 7703",66,1.15711430492515,0.235462745614378,0.000512023383175784,0.0117767872608296
" 7464",43,1.15613253321089,0.236863230489443,0.000359337304548479,0.0117819411934286
" 7723",24,1.18022780940369,0.233946969792796,5.97317579297351e-05,0.0121628982353551
" 9876",72,1.06463704377603,0.108748068369948,0.000247964257342315,0.0106643315590357
" 9667",40,1.09416663930898,0.218016230418657,4.73378485033924e-06,0.0112727914742053
" 7167",39,1.19760469792241,0.257206176831499,0.000292203628489122,0.0111209798287646
" 6101",38,0.87995455702677,0.164238915494225,0.000656446855518862,0.0120874208434766
" 9264",42,1.10862091540897,0.330248206461689,0.000487751977215863,0.0119244754054309
" 9319",48,1.29959222670529,0.222604627128228,0.00149484318692167,0.012445029718149
" 6067",58,0.989971758574878,0.165153359882932,0.000358476616393872,0.0117010287307452
" 7693",65,1.2026943065054,0.280770126086924,0.000287297706007862,0.0117850320186273
" 9448",28,1.12959351042791,0.151908274460251,0.000312515868937851,0.0112515894542636
" 7459",57,1.16309166244662,0.349573013309697,0.00111691501823368,0.0128866761674006
" 9672",46,1.07426055877344,0.21220798965797,4.96617065208317e-05,0.0115100531245374
" 9437",32,1.16168550076126,0.236581471206997,0.000305544294885533,0.0119549235777121
" 7142",43,1.06260853465689,0.229791864566011,0.000604977703873355,0.0117931925741138
" 6860",87,0.995687366096552,0.123179057681668,0.000258894996905826,0.0101609552183514
" 9212",23,1.05926373675854,0.216829513201238,0.00010861884511142,0.0117740005013859
" 7285",52,1.22160486765827,0.306415007780887,0.00329152970966406,0.0132002745927381
" 7578",78,1.0214519681261,0.0896826427639046,0.000363985020583357,0.00850374140590522
" 8140",45,1.03346733503655,0.273539919738473,0.000977655674818244,0.0126789916082232
" 7217",56,1.03481015527595,0.0784683361363041,0.000336012655558625,0.0101518515547348
"15371",37,1.13797496926133,0.223576873402841,0.00304941813177308,0.0128149557676256
" 9552",41,1.16824799733177,0.232714296020116,0.00168307568633425,0.0120183601480734
" 6992",39,1.13998734063612,0.256812829414503,0.000591723106292405,0.0117158531592024
" 9519",50,1.12031561584767,0.224590081775359,8.02161360093849e-05,0.0107320840351549
" 8750",58,1.0428527552322,0.140911048777965,8.17653746876778e-06,0.00947448956748517
" 7001",50,1.21062375256006,0.290421863224612,0.000417089479722617,0.0111051283877198
" 6942",37,0.831314368126897,0.224699057274087,0.000502469744659645,0.0123024551108823
" 9175",62,1.09550993254485,0.183205406260665,2.68534704237426e-05,0.0101215236072733
" 7046",44,0.873307023994916,0.287963728768364,0.00025700148296569,0.0119095631868066
" 7270",48,1.25506191951407,0.407366315362206,0.000562459709035762,0.0122867240552507
" 7228",37,0.815003237780758,0.237483669178397,0.000594649446018069,0.0124114919531581
" 7536",63,1.02348537312331,0.1289067810444,7.38470436652922e-05,0.00949913019526282
" 6984",51,1.08120143400239,0.271821328748773,1.42013545510177e-05,0.0111328917394194
" 9668",40,1.15941887545295,0.22877698230943,0.000368632736618236,0.012039929947113
" 9703",50,1.31679375369619,0.217589077722356,0.00255090755262463,0.0125266515458174
" 9389",30,0.927513418987641,0.12701025149639,0.00262096756840965,0.0123224697706056
" 9384",67,0.990534127816889,0.0919775904099878,0.000865249801826552,0.0108156193216799
" 7553",57,1.11774961477194,0.215128266592303,0.00173635228310443,0.0115588236870064
" 6815",42,0.851606666534452,0.122994534346996,0.000421306851680192,0.0106830358681007
" 9164",43,1.05680047316462,0.175076425838248,1.15332212717356e-05,0.010243721552259
" 9702",37,0.65088127959064,0.107736974670515,0.00116020763241042,0.0120862520660139
" 1417",43,1.07136518656465,0.317748030864807,1.54923867829284e-06,0.00933452221695176
"  727",39,1.18137190582248,0.372277980229465,4.74239173188531e-05,0.0111593554141833
" 7902",50,1.10706856098809,0.219464775535584,0.000699997676141983,0.0111380661552011
" 6996",29,1.00180133575975,0.223373079857588,0.000291429009149976,0.0115065247440535
" 7971",54,1.14691335357479,0.258920835107493,0.00428312853258694,0.0132146609474714
" 8089",55,1.13415037727916,0.258471777053285,0.000187802155335277,0.0115549838833528
"14020",34,1.092283305215,0.130705200942894,5.57725924185423e-05,0.0111304679551597
" 9835",42,1.13909413914476,0.196052047897691,0.00025338659271634,0.0109652448189877
" 9359",41,1.03687612991953,0.181244296867715,0.000629249109833276,0.0111663400673763
" 8498",30,1.06647854950569,0.177543182300203,0.000485083843936581,0.0111301429133438
" 9591",30,1.0263792747066,0.182409496057821,0.00139147453955335,0.0124442454488862
" 6452",34,0.964801032716819,0.198895185106391,0.0013199513539055,0.0126611863209806
" 6663",92,1.18898964589532,0.216503574273098,0.000879192949931188,0.011166644784922
" 6980",34,0.829969877627624,0.196921843434587,0.00132743934085058,0.0127927372897172
" 8655",52,1.32049821807571,0.406927667932026,0.00104685500244866,0.0129292110640673
" 8898",49,1.17984174898816,0.37203115493852,0.000851220584906456,0.0129086838573792
" 8059",57,1.25938341832934,0.396191142687154,0.00191924851595845,0.0132121935630566
" 7392",65,1.12620706847534,0.173781750252719,0.000667549732713294,0.0108593674408403
"10103",32,1.15232289607711,0.168106122712992,0.000986004349917933,0.0119047131642182
" 8563",58,1.14647316166016,0.281949783823123,0.000597231510481891,0.0123027645941653
" 6032",61,1.08394169853298,0.219237207193392,0.000787099317388225,0.0121694569557325
" 9493",63,1.09126075992547,0.173217469167877,0.000564008947714055,0.0112392430029745
" 6840",25,1.14230570231099,0.236304429139855,0.00194988901426246,0.0126737751990088
" 9766",14,1.12240382429838,0.156550784297579,0.000431032627827253,0.0123524930293185
"10727",23,1.23376308994718,0.172016229714175,0.00222763308175419,0.0122876266277891
" 9318",66,1.34240654849608,0.315336566091351,0.000477423719360578,0.0120952931787517
" 9810",22,1.12294475045173,0.199133854546526,0.00228082360970891,0.0125876569885892
"10209",24,1.1666117437721,0.208438415127707,0.0003305903201846,0.0117160542205909
"15409",20,0.869034951837156,0.17935513740059,0.00119756149832037,0.0126239566305468
" 7788",24,1.03552638728926,0.200137057138775,2.44435435908426e-05,0.0107065662418699
" 9753",23,1.0509332767795,0.161675056710903,0.000139517549861817,0.0113985101439399
" 9056",56,1.05622051789536,0.12625793498828,0.000482243573026378,0.0114421947025382
" 7539",71,1.03700864372997,0.129910118560754,4.81985366579995e-05,0.00963338906589934
" 9347",45,1.07182773802573,0.181334495100066,0.000146058779836831,0.0106554379871895
" 7949",55,1.01915259078676,0.116131929288762,0.000285834536145029,0.0115831031561295
" 9934",34,1.11014923742659,0.176525931786344,0.000129533567268374,0.0110531279912846
" 7346",40,1.00873061868537,0.160443349362813,9.56224539768527e-05,0.0102382733486031
" 8756",59,1.06555843191939,0.150553778773726,3.76120723563318e-05,0.00979880422167413
" 8025",42,1.1162632872707,0.303696134688709,0.000187457880073434,0.010716500365171
" 7245",58,1.02512296914251,0.088988467942411,0.00130075800805776,0.0111589288570518
" 9229",46,1.0800688756358,0.129539704597991,0.00139250736533888,0.0123910106451009
"16894",66,1.13644983599771,0.286563455795237,0.00124842816825765,0.012720368721964
" 9116",84,1.03660447788086,0.0885174446428043,3.47718014461282e-05,0.00907379822379892
"10323",9,0.902858815766192,0.0834957936918324,0.000334033072803029,0.011835018605487
" 7531",73,1.04884391583069,0.129136395543422,0.000185306159686916,0.00951642309310575
" 7011",62,1.07083027966963,0.151536024692695,7.55684199745064e-05,0.00968940926679931
" 9344",46,1.07604150762143,0.189945181689182,0.000191330976769166,0.0106923320384616
" 7745",52,1.0647837792768,0.0973919048733581,0.00216445857120602,0.0116120906782174
" 7528",78,1.04251003409545,0.120580096699867,9.45896281913241e-05,0.00886030523436914
" 8020",39,1.06633726041529,0.288884231095773,0.000518822819597181,0.0112131637943458
" 8721",61,1.06343759784076,0.154269479690172,1.37710104737142e-06,0.00984079069395919
" 9170",50,1.14478370589546,0.235257565835365,0.000843388322699531,0.0117360985059322
"13802",39,1.08400217620162,0.120205774397761,6.07645837152637e-05,0.0103838137852842
"12186",41,1.05775216047696,0.0954174360270262,0.0003546895885136,0.0105012229704015
" 9332",56,1.19140914862823,0.260002594334867,5.53422483412388e-05,0.0114509221912271
" 8912",73,1.09331721924482,0.124360600169525,0.000257690033489376,0.0100795965461427
" 9069",54,1.08386651421353,0.156066007707013,0.000577779958187769,0.0114221692264536
" 9159",63,1.0503839631574,0.144814574462803,0.000774705407961882,0.0115542433984898
"10581",11,0.889054049814819,0.0784890891937223,3.85588293263996e-05,0.011787353980562
" 7504",51,1.15190964872426,0.185237517875035,0.00216463070883694,0.0119006683107037
" 9670",37,1.2106401736672,0.230037182011358,0.000815932370567564,0.012010349313493
" 1419",37,1.07841378167751,0.303555952375399,0.000232557939374848,0.0104602467355421
" 6689",59,1.02202019863669,0.139879212008604,4.67353667951674e-05,0.00951848663402186
" 7523",72,1.05670014016217,0.135619567361009,8.77901917699277e-06,0.00964754086848226
" 2761",38,1.01004390169809,0.277479755602521,0.000540856436355123,0.0120562454576617
" 8107",55,0.964182318830568,0.159804881813783,0.000323618746132283,0.0117056850921807
" 7838",92,1.06341030887853,0.104097739200843,3.15872552740818e-05,0.00949242068699212
"12158",38,1.03299895512367,0.114008357920173,0.000491539005096135,0.010791956301454
" 9980",27,0.987399860250854,0.150999212815732,0.000149415463639799,0.0108510831535345
" 6688",68,0.96208793519328,0.138816958722269,0.000459004992851985,0.010763164822152
" 7139",44,0.977046920757707,0.185176333186723,0.000210954666694209,0.010594808756752
" 7507",64,1.05744570650162,0.140212976667611,0.000151136839949013,0.0103108681066212
" 7701",61,1.180286625191,0.268723320724416,0.000289879770471683,0.0118117237160695
" 9003",17,0.981380860165323,0.180825193399533,0.0010419490799674,0.0123822957637648
" 7178",47,0.733933640627495,0.182569902073444,0.000244607573539348,0.0118706880728353
" 7109",36,0.695042483496897,0.146266197498758,0.000559533369310098,0.011891922474391
" 7800",66,1.07337613249307,0.161016029399678,0.000156042762430273,0.0107052026831329
"14435",44,1.12616726523325,0.206237142060838,0.00133897256212232,0.0125694467214465
" 9220",50,1.19162901550197,0.342414570987197,0.00127820797840706,0.0130852324863982
" 6072",71,1.18962838125596,0.230034366838035,0.000617543750930619,0.0119062109120272
" 7117",36,0.752635168096793,0.183109727477305,0.000798460401029039,0.0127547287359869
" 7189",42,1.14448871009993,0.295073731114508,0.00146144848652291,0.0128241953477487
"10191",27,1.13295559008145,0.211700506201883,8.26260628422849e-05,0.011750956197799
" 9567",45,1.1815214498287,0.271760538356603,0.000677619784122197,0.0123754121861313
" 9530",66,1.28891275031136,0.305924085104741,0.00145301374260776,0.0126525563804637
" 1747",37,1.11415647678583,0.309505579913854,0.000226705259923519,0.011541809935914
" 6103",41,0.856351800967814,0.177405532271322,0.000991857029369262,0.0127716671700284
" 9202",26,1.01282515464517,0.237793183933141,0.00124309190169908,0.0122006871259575
" 6083",37,0.795243133771664,0.15730182605183,0.000732531688386132,0.0121786959193023
" 9439",35,1.20594787267504,0.234390261684962,3.11569111967783e-05,0.0118772064062442
" 9243",45,1.07704961055922,0.196221762817416,0.000822301462911656,0.0126545824678343
" 9053",46,1.14110753500631,0.330011747247351,0.000409773630408457,0.012049302557658
" 9440",33,1.31584764290065,0.252676107003807,0.00201667841505998,0.0123766786113118
" 9152",50,1.17191202380544,0.27222420080292,0.000278518686830869,0.0114342519246805
"17955",40,0.91961175765813,0.108849123314495,0.00135644453166084,0.0116816616126091
" 9903",20,1.13948342753853,0.175738210667212,0.000699911607326522,0.0122452746235303
" 7153",40,1.15488298950767,0.243652225132781,0.00140378238016424,0.0117936593043318
" 7903",28,1.08195603736167,0.193335637085289,0.000665398012326776,0.0108118223714183
" 8834",72,1.03661901369865,0.0871567246711677,0.000194429454125752,0.00907458346715853
" 8657",41,1.08835550372967,0.306927626514102,0.000353312487466229,0.0124192820125319
" 9101",46,1.11120376816963,0.257104289748967,8.44335079669599e-05,0.0106246248421901
" 9982",30,1.09680807654341,0.162871707334173,6.68754696129744e-05,0.0107692390575058
"10053",34,1.11509875641218,0.21616965876334,0.00411150731455828,0.0133369065881749
"15573",52,0.964538818070117,0.253873010345155,0.00023522607265413,0.0119360513451721
" 7166",37,1.13295564249569,0.231140548232145,1.14471524562749e-05,0.010252630965447
" 7310",56,1.08168775371138,0.178510779940917,3.1845461720464e-06,0.00973515081137351
"10063",35,0.970351068650122,0.162927844468722,0.000126865433989092,0.0108856873804328
" 9173",50,1.13414414623368,0.200893596804491,0.000231697251220241,0.010212446286428
" 9355",45,1.23867577198908,0.277370252382839,0.0023373708214666,0.0118937810177555
" 9005",45,0.938474754437004,0.179569948563386,0.00178721895304171,0.0124919245695484
"11960",51,1.01970406995409,0.0757790085131729,0.000143648853003931,0.0101215353994299
"10282",31,1.09189872359891,0.15816543098759,0.000619092989608912,0.0116625683981397
" 9166",50,1.06116505308133,0.180028966662129,0.000130652461869363,0.00982754855439611
" 8029",44,1.17300694612594,0.322141266413086,0.000373366521468575,0.0110308001107945
" 8781",40,1.1118667819734,0.212907148394032,0.00088427101004337,0.0117917503005583
" 7716",32,1.16817117278842,0.228305405399361,0.000612121415556594,0.0122320006746981
" 7300",60,1.08055100749296,0.180297867531899,3.44275261842854e-07,0.00968946989983822
" 9445",67,1.17612285924923,0.356812198220011,0.000221282924549494,0.01085671534192
" 9761",29,1.10382389801141,0.180358653488649,5.37930096629459e-05,0.0114286898013528
" 9812",30,1.08260281742615,0.205763032164251,0.000843990804407756,0.0120537034441069
" 7319",49,1.05374715350186,0.17148919779097,4.34647518076603e-05,0.0101836244323987
" 7334",52,1.00898581776981,0.199432695799591,0.00136272755518948,0.011485550271123
" 9443",65,1.13277089577022,0.345166341340502,4.5358265747796e-05,0.0101546215247836
" 7707",41,1.05810445382363,0.24922108156987,0.00112466121162514,0.0120166818233667
" 8537",54,1.16606216550224,0.1433165235589,0.000391010628638021,0.0112694972426421
"14023",39,1.00764152167125,0.0980125490166528,0.000649819556728387,0.0108123372001612
" 9177",51,1.14099581808353,0.251651293791361,0.000311741249598704,0.0112979128436796
"10832",38,0.994598554291385,0.16511641275511,0.00111855032572743,0.0121191033866926
"16208",33,1.06134214871499,0.238374196185017,6.02481708224994e-07,0.0121655697236016
" 7525",52,1.04649831944558,0.14618061229705,0.000232557939374848,0.0103890464923833
" 9263",58,1.03535813414981,0.0623960672016188,1.84187265085927e-05,0.00996962584085449
"10018",32,1.10108048333537,0.21945526996349,0.00113180492330838,0.0122528838201427
" 9938",34,1.17042718873945,0.200025090951297,0.000103971129076542,0.0115739280960245
" 6972",48,1.57004235726964,0.554018233139886,0.00551778569037088,0.0141908657535826
" 7084",27,0.604859080327941,0.117285038292039,0.000441791229759842,0.0125997151114765
" 8621",49,1.15654735230373,0.239434009684416,0.00158030952067416,0.0124753815459696
" 7706",63,1.15899552309817,0.243972956901928,0.000895029611975959,0.0117227125708823
" 7951",71,1.07865932715898,0.187357063291248,0.000150104014163484,0.0109028019788918
" 8944",41,1.08712237393236,0.254833347578443,0.000593272344970698,0.0123419176599744
" 8883",17,0.512185489710835,0.0915664790502932,0.000339541476992515,0.0120872224716032
" 6976",25,0.546829082191887,0.193523002408946,0.000472689934510238,0.0124537114160502
" 9515",30,1.22825023774659,0.215548608851176,0.00280205635613899,0.0131240542409746
" 9393",35,1.14214781982791,0.254402045253594,0.000639749505319483,0.0126739276297609
"10359",44,1.24866407780907,0.323166595024186,0.00256837952216315,0.0129600158324848
"10257",26,1.02996690175394,0.179845300366944,0.00129189292006531,0.0119318894290951
" 7248",64,1.01521116854753,0.0739727512193012,0.00114953509929329,0.01110444346935
" 7461",36,0.997677947612648,0.212246842706674,0.000253644799162723,0.0118637662588381
" 7724",21,1.16420167939463,0.229487126613046,0.000432323660059164,0.0123230814064909
" 8661",38,1.01391617459981,0.273723178864699,0.000614789548835876,0.012279740063139
" 9507",59,1.09335078092791,0.181152279779195,0.000310278079735872,0.0111996052575589
"11089",33,1.09079386448937,0.205840957420224,0.000450053836044071,0.0118718121891484
" 1646",44,1.09255694936414,0.318841979361596,1.8935139401357e-06,0.010147271492632
" 7148",42,1.0163096623118,0.192975964233076,0.000502469744659645,0.0110687612437776
"14024",36,1.06628959032299,0.121429036909837,0.000294097142429258,0.0110118697512811
" 9194",53,1.17777738340068,0.230507359087816,0.000326717223488868,0.0113567728869305
" 9371",44,1.29047575948564,0.322708276964929,0.00437177941251148,0.0134963737769229
" 8642",63,1.14967449265196,0.334838075192105,0.000380596301967275,0.0124781155451236
" 7676",29,0.925984578679559,0.208747233977775,0.000265952639773605,0.0121565897720769
" 9425",53,1.0182419928113,0.149231556954262,0.0017353194573189,0.0126563474355804
" 9754",27,1.05968105808222,0.162195702526698,0.000160260134387848,0.0111732362640266
"16903",79,1.37928320878894,0.314486116991554,0.00195840982699307,0.0129118337773216
" 9346",49,1.07224431798117,0.169554346404101,0.000165079988053648,0.00940190298993153
" 7246",74,0.996355576621109,0.0681722831944759,0.000207167638813937,0.00990813427201134
" 8540",43,1.05719268061008,0.228208967808224,0.000137365829475299,0.0116061202876457
" 7963",55,1.09516238207224,0.237529521503264,0.00130101621450414,0.0122947166908628
" 8708",42,1.17340716781734,0.3007831617514,0.00192381016317787,0.0128548788290144
" 9550",55,1.12497746965759,0.224518425202592,5.65472117576887e-05,0.0106304334829097
"11554",18,0.997940311115161,0.104628128722743,0.00103540784999238,0.0121689559293973
" 8757",62,1.04644902497036,0.133661797029528,0.000183498714562241,0.00927044455047849
" 8017",51,1.18544629928649,0.34136261540778,0.000339111132915211,0.0110152896541114
" 9345",50,1.05434744759897,0.163485129031624,0.000348234427354047,0.00965326343924219
" 6978",44,1.05924503570347,0.282714418267992,0.00177129622218148,0.0125179852356135
" 7295",22,0.338467828353145,0.0581365318065263,0.000176355002879002,0.0108650663539498
" 7325",30,0.658835133198165,0.143822733984257,0.000284973847990422,0.0107997162303037
" 9310",70,1.06711302172977,0.11217009621211,0.000590518142875955,0.0111713983938954
" 9424",53,1.02795162832138,0.107650323206736,0.000522179503400149,0.0111828571210839
" 7243",76,1.02919276581846,0.0902632146262283,0.000513056208961313,0.00956323458174746
"10006",31,1.13414042130738,0.180482618535074,6.80804330294243e-05,0.011078805611932
" 9986",34,1.06756535960906,0.160178528485263,0.000585698289210155,0.0112379336276048
" 8026",53,1.16306127114039,0.338692935299728,7.80644156228671e-05,0.0108799817239397
" 8753",75,1.04472885915716,0.110756318606358,5.16412892764281e-05,0.00864301111938773
" 7012",53,1.06041066815568,0.149840367712858,0.000356583102453736,0.00992721522543672
" 7515",65,1.03526470462335,0.132413246950225,0.000137451898290759,0.00977454363539174
" 7320",70,1.12947145129842,0.188298170712677,0.000469075044260888,0.0101442947576851
" 8528",60,1.18049147940617,0.27417830043699,0.000402199574647914,0.0119438817939558
" 7944",35,1.13256092154156,0.247801663598595,4.30344077303567e-06,0.0106815078618211
" 8691",31,0.816303854228035,0.250718785934756,0.00109505353910666,0.0128691819534375
"11735",52,1.01430943916699,0.17031648632849,0.00126787972055177,0.012054180478433
"12090",16,0.725978781316668,0.100371357605927,0.000509527387527424,0.0121766584131272
"13038",42,1.03285500419663,0.131551713190627,0.00191855996543476,0.0118955017541828
" 9340",50,1.04556351746762,0.160429316443997,3.2447943428689e-05,0.00917180066929674
" 7955",30,0.552493821632225,0.101035592119697,0.000105692505385756,0.0105899985196421
"13817",42,1.05747551390951,0.201422402412668,0.000359251235733018,0.0110684931610291
" 8778",61,1.04354451022553,0.13052849675686,2.31525113589319e-05,0.00918405210473287
" 8010",44,1.1410316356428,0.325082329494642,0.000440844472789774,0.0109350030303933
" 7975",42,1.05164987219854,0.165743145191683,0.00117458112459236,0.0119307211566978
"14028",38,1.08355178130652,0.133602104031556,2.75420209474283e-06,0.0109417012722513
" 8529",68,1.26154714923226,0.257600468264086,0.000629249109833276,0.0113809018293701
" 6994",29,1.03584503101699,0.231583475994802,0.000348148358538586,0.0114199696822101
" 9335",50,1.0066544749959,0.157596086126541,4.13130314211425e-06,0.00912122556746567
" 7833",32,1.10699152215164,0.245307865409393,0.00022920125557188,0.0110287023244838
" 8759",61,1.05059576179717,0.136635714765516,7.12649792014707e-05,0.00950027652987971
" 7131",38,0.867535942010403,0.171670435168989,0.000264661607541694,0.0116671650059568
" 7751",52,1.12270981894964,0.314006217160514,0.000474927723712217,0.0128562355793312
" 9951",45,1.08991758922061,0.185123247792326,0.000549119042639352,0.011432817479741
" 7541",56,1.0592551241454,0.169220584524643,0.000346943395122136,0.0106515962339242
" 7055",63,1.02126242909421,0.160054022002756,0.000966638866439273,0.0115765131316404
"14816",59,1.34911407074724,0.439683990130418,0.000388170357727818,0.012579479413451
" 6120",61,1.01261996127284,0.194003797494311,0.000377325686979768,0.0116445507312362
" 9663",44,1.21496403250958,0.256276252992056,0.000865077664195631,0.0119910914467373
" 7733",51,1.15372347071582,0.246366539661078,0.000790283863560271,0.0120895768534669
" 9235",18,0.966597215609017,0.0472859694375105,0,0.00756735051051894
" 9299",18,0.96660536236018,0.0472875634445121,0,0.00756822127677035
" 1480",24,1.0954888223778,0.363069375262289,0.000126865433989092,0.0113272351659946
" 7928",55,1.12128781528704,0.284105890887928,0.00015079256468717,0.0117155603178245
" 8994",44,1.06721170884683,0.104778576801836,0.000200023927130698,0.0115310462187584
" 9042",58,1.18524211425394,0.387312455829835,0.000372677970944889,0.0124095299629757
" 7168",40,1.11715463736013,0.224956076034325,3.05544294885533e-05,0.0103087730581489
" 7512",61,1.05281508249757,0.145722356771983,7.35027684034493e-05,0.0102684264073967
" 6968",30,0.807657431389121,0.269899364590943,0.0025667442146694,0.0137707554794095
" 9048",51,1.25067813702622,0.422361344292378,0.000644397221354362,0.0126843410993737
"13065",48,0.90451048358524,0.272978474108581,0.00120754548091381,0.0127885701896882
" 9040",42,0.971592976995094,0.143246184662009,0.000612637828449358,0.0118420042230304
" 7124",38,0.894171467295694,0.184307487749478,0.000787099317388225,0.0117338342360905
" 8047",38,1.02208405931491,0.174635413161109,0.0039979825469656,0.0135726920156789
"16795",49,1.23155865947869,0.375797272755586,0.000658254300643537,0.0126452517386372
" 7328",50,1.03607394718923,0.164835591801678,0,0.00976245644029817
" 7978",75,1.02351339669235,0.113393104549699,0.00168032148423951,0.0101908640473715
" 7721",23,1.02124483245037,0.206902883992048,0.000144337403527616,0.0121495426091179
" 8617",55,1.03433774098801,0.208321334431552,0.000224897814798844,0.0113643613765522
" 7138",48,1.07425178895295,0.300250540422483,0.0017927273572312,0.0125701916609031
" 7306",46,1.08734955539496,0.171994433811456,5.34487344011031e-05,0.0102677215060034
" 8635",43,1.06064720209429,0.237687926909074,0.000237291724225187,0.0122853266769918
" 9031",49,1.22681670159054,0.334089629051479,0.000299949821880586,0.0124346579124622
"13133",36,1.18727026338761,0.250008427582045,0.00184359402716848,0.013406699394894
"13491",17,0.389084421765088,0.0832730932476074,0.000428192356917049,0.0122047187393821
" 8458",30,1.15764288251981,0.238953138491069,0.00132898857952888,0.012491278564694
"17016",30,1.06585159993539,0.236525144836187,0.000103368647368317,0.0122191343668386
" 8696",48,1.01392537749452,0.212246705549106,0.000672025311117251,0.0122636807625594
" 8578",49,1.16578962704626,0.23729989222731,0.000643106189122451,0.0121618398373319
" 9037",35,1.15110627153219,0.306155359699536,0.000637511716117505,0.0125647866072092
"12210",37,1.08886731671443,0.205337546366311,0.000453152313400656,0.011234243681254
" 7316",44,1.06629914141343,0.172281270361931,0.000159743721495084,0.0105181834523721
" 7655",32,1.15861878427978,0.310188750112452,0.000885648111090741,0.0124897356649694
" 7218",40,1.04325039482296,0.286632029954878,0.00108162680389479,0.0129249887820686
" 8700",47,1.07390205632805,0.196672623436935,0.00200394023037179,0.0127706190197443
" 8593",54,1.18274578717359,0.249926944386719,0.000118602827704863,0.0120107866383778
" 7872",53,1.24054314002692,0.327217433161968,0.000810596104008999,0.0123391618051006
"12222",43,0.99991510418283,0.106557301181271,0.00297023482154922,0.0119444343038214
"10899",39,1.1254686253064,0.165824199478515,0.000288502669424311,0.0123049428842495
"11302",30,1.17571565326237,0.196349871742516,0.00250856169541795,0.0130643935374401
" 7317",48,1.05934603168974,0.176617331103816,1.62670061220748e-05,0.00996674513351953
" 8591",41,1.11809634327388,0.250651185221224,0.000464685534672392,0.0121968847699381
" 9750",50,1.12117982420781,0.273135522478895,0.000275764484736126,0.0120148834209434
" 7774",52,1.24536602404174,0.287315546991816,0.000584149050531862,0.0123531584754561
"12028",64,1.05719111014012,0.129530838244096,0.000580878435544355,0.010650029012625
"12312",27,1.07206495825366,0.158825221249191,0.000981442702698516,0.0122644757391221
"18821",41,1.08482622773196,0.160126590577322,0.00179573976577233,0.0127090167642925
" 7510",74,1.02964238210779,0.125768099765498,2.13450662342569e-05,0.00913714699616062
" 7329",41,1.0341818599609,0.166476937799751,0.000105520367754835,0.0104785899228734
" 7658",35,1.12919861267302,0.303084571499322,0.00056091047035747,0.0126186220706711
"12099",34,1.02217585178805,0.239783076821263,0.00421367099851015,0.013870593951283
"15122",53,1.54367255437451,0.597572831116645,0.0021936358996472,0.0139231810157778
" 7003",36,0.951085902493096,0.216393818161883,8.65852283534777e-05,0.0106608045824669
" 9167",56,1.08353748611305,0.180698119342283,0.000468472562552663,0.0109544947752219
" 5862",33,1.17013491742128,0.303070185051884,0.00158091200238238,0.012921016225486
" 7265",40,0.93322875430751,0.285879259833363,0.000212417836557041,0.0119417015789819
" 9222",38,0.9155731562962,0.208621188421516,0.00193224490709302,0.01298685785729
"16819",45,1.14565850709745,0.339150925743422,0.00232368587980834,0.0132533800707932
" 8552",35,1.10851921041256,0.227813471832277,0.00178928460461277,0.0125140570148368
" 9665",39,1.1503925863866,0.218891371409361,0.000106725331171285,0.0113480181004381
"15110",48,1.20810371302683,0.479429830356335,0.00095424495701293,0.0134137941002951
"14820",48,1.18674150660577,0.397887970946384,0.000673402412164622,0.012798047591829
" 6079",55,1.31706607668237,0.231848988491741,0.00416357894791201,0.0130800380632871
" 1541",31,1.20518121433866,0.429105818975692,0.000859138915928842,0.0114677401213587
" 8631",56,1.2967133115595,0.327727794434199,0.00190616605600842,0.0133523681215536
" 9160",50,1.01797944473065,0.16663041347995,0.000222401819150484,0.0104136353830027
" 9674",42,1.1381202583301,0.236187184600239,0.000359939786256704,0.0115076873723245
" 7809",39,1.12231039558199,0.240295774572642,0.000542147468587034,0.0113354358434206
"13218",55,1.34303054684468,0.41744756417003,0.00278716645106428,0.013825525157327
"11858",42,1.4483409553656,0.397539350862019,0.00860318058700654,0.0138933547473846
"14317",50,1.24725947615255,0.368289888359814,0.000262854162417019,0.0116056767078098
"14453",63,1.08876360984478,0.175522790348615,0.000350386147740564,0.0115491308854324
"13761",34,0.781118368908569,0.196610795594866,0.00108369245546584,0.0131238181092261
" 6276",36,0.790207973432629,0.153575889746219,0.00102602634910717,0.0120209533069341
" 6955",43,1.24737871513872,0.408547230295955,0.0038168076904208,0.0136026544057368
" 9376",49,1.09855396857264,0.189827802881983,0.000821612912387971,0.0122299885192608
" 9458",42,1.10502380065024,0.193503593102933,0.00156559175323038,0.0123080611195393
"14568",37,1.06679830401759,0.25155225787877,0.000647495698710947,0.0118000562197172
"11482",55,1.26962044217769,0.406882373953125,0.00226946252606809,0.0132117164682631
" 7279",49,1.18600448175746,0.293453005806565,0.000496789202839238,0.0116339317013624
" 7881",31,1.17091934537962,0.231422200647569,0.00406356698434666,0.0134980384882871
"12294",61,0.972626159963824,0.109801307011621,5.19855645382709e-05,0.0107438350609872
"12621",57,1.06237148816228,0.12035743282015,0.000191072770322784,0.0110512340318255
"14531",13,0.397899050693888,0.0753069596703076,0.00020389702382643,0.0113405792889452
"15078",41,1.47793875648381,0.485774091022796,0.00304812709954117,0.0138194548860673
"15319",41,0.714794961312819,0.207391726404804,0.00067916902280049,0.0122996810024482
" 7718",22,1.03283271635897,0.207101310375238,0.00107456916102701,0.0130252104811646
" 7269",35,1.01250261529165,0.235727499082901,0.000426384911792374,0.0114777688276528
"14603",53,1.31452082509294,0.413233002783197,0.000668926833760665,0.0125263944398039
" 6711",65,1.26987460332104,0.402327415259583,0.00159519942574886,0.0133888730412749
" 7696",54,1.0773038292777,0.234395687325951,0.000344877743551079,0.0119194570260832
"14599",47,1.15008602055386,0.39879257315027,0.000345394156443843,0.012399995591708
"15682",57,1.41819590787387,0.535535271921444,0.000648528524496476,0.0132147771894145
" 9350",48,1.10490850752868,0.207880408519995,0.000426298842976914,0.0112433184725258
"10211",34,1.11092160231233,0.206961255029913,0.000164907850422727,0.0116010412179944
" 8755",52,1.09741289099442,0.18869886084446,0.000160948684911534,0.0111012244816383
" 8018",51,1.11373254678063,0.316211013651723,0.00053199134836267,0.0113634965029211
" 7819",35,1.04452761226147,0.241600607912544,0.000156903450584881,0.0108441786883725
" 8671",41,0.989430174703307,0.194976040296433,0.00122484531282141,0.0122620471844236
" 9030",43,1.13549338212014,0.315480407026357,0.000619092989608912,0.0127121797249247
" 8582",31,1.12387890748495,0.268454275465033,0.00100571410865844,0.0126364464136373
" 7282",61,1.15788226032387,0.182057159999544,0.000913792613746395,0.0120003749150215
" 9192",54,1.14760344923729,0.234930201835893,5.85267945132852e-05,0.0111781452839075
"15681",52,1.28346403851622,0.474698290343113,0.000590432074060494,0.0130986078996186
" 7514",60,1.06260276178079,0.141892218973827,1.24799782418035e-05,0.00996164021911177
" 8659",38,1.05843621289861,0.216618865473714,0.000754479236328614,0.0123356862674349
"16211",57,0.941838064877773,0.243226108269114,0.000242972266045594,0.0122317473466099
" 6092",52,1.26299982658697,0.236878188438192,0.00288967441027799,0.0129610189126261
" 9569",43,1.11416737009392,0.22480119250704,0.00066470946180309,0.0122626788022507
"14822",44,1.04571435424906,0.333234097407467,0.000250546321806137,0.0122005128765157
"16698",68,1.34638737798263,0.397131190981095,0.000999689291576187,0.0129399238988743
"16813",52,1.36786437343434,0.469427349357683,0.00179100598092199,0.013474640439122
"16520",52,1.09454329975979,0.286923111039647,0.00171431866634649,0.0127831745978113
" 6111",46,1.05317296517401,0.222278839866281,0.000710067727550886,0.0121265288017871
" 9337",45,1.00072200822952,0.157074365874708,0.000122303786769674,0.00960018815387349
" 1431",36,1.03620934475516,0.299572126911194,3.44275261842854e-07,0.00952836801421136
" 6706",62,0.931002462479056,0.137123370890949,0.000470021801230956,0.0107614850808328
" 8776",49,1.04214042353827,0.157720231138956,0.00157118622623532,0.0108757575580012
" 8009",40,1.07996306682424,0.29629677035119,0.000894254992636813,0.0113432617574804
" 8917",51,1.36909480422139,0.371649105530139,0.00370922167109491,0.0136045528526384
"17309",58,1.36993761134435,0.460008095298153,0.00091689109110298,0.0131417165096707
"16934",37,1.10336501249005,0.294478674804242,0.00170631426650864,0.012774223606957
" 6115",40,0.939456838900659,0.17863302467233,0.00124636251668659,0.0126945346731887
" 6969",62,1.31376204719673,0.498782377912243,0.00144466506750808,0.0137322503704971
" 7957",61,1.17598855616047,0.281609168390471,0.000609797557539155,0.0116534479271993
" 7191",41,0.876659657219103,0.19739398451071,0.00051271193369947,0.0122224740918966
"12719",45,1.211678321531,0.339723213489788,0.000375346104224171,0.0119238823572749
"13178",23,0.94753800335863,0.278318672646181,0.000313720832354301,0.0119934976598633
"14681",46,1.54698679038855,0.38954499942184,0.00607318775653886,0.0140078222319954
"14606",36,1.07054615721399,0.299571019132568,0.00149923269651017,0.0132902438145497
"15380",57,1.25034241352868,0.312802528107479,0.000808444383622482,0.0126969571869025
" 7726",30,1.07268258498303,0.249081904218746,0.000410462180932142,0.0121647783077689
"13101",32,0.909484452636644,0.235885959821644,0.000635015720469144,0.0125569612556934
"11372",44,1.05659490506909,0.105519559651226,0.00114480131444295,0.0116087529768388
"11184",51,1.06876411370247,0.121385571107851,0.00106639262355824,0.0111215069534417
"13146",59,0.955951189444315,0.265406568177084,0.000390924559822561,0.0114954238174613
"13937",52,1.05979089685429,0.128584189529539,0.000244177229462044,0.0102052493380925
"14321",32,0.716500596151294,0.0927372668520026,0.00146394448217128,0.0125769452588389
"15679",29,1.37738075068537,0.545732457022048,0.00224071554170421,0.0136614652248867
" 7314",42,1.09175473492386,0.191446699256322,0.000488870871816852,0.0104840573687754
" 8952",38,1.04280248200696,0.211496367918872,5.50840418948566e-05,0.0104523303452225
" 7824",34,1.12015821417374,0.244876294825373,5.12970140145852e-05,0.0107412020226925
" 7688",28,0.629496604457112,0.1327838840772,0.00201555952045899,0.0129999024076602
"12460",50,1.04709532523054,0.111779626967444,0.00177887027794203,0.011787344362956
"15126",56,1.54669319590372,0.620660498263903,0.00355550276668207,0.0142188328290654
" 7389",21,1.06589530814726,0.199381319782744,0.000425438154822307,0.0128532556159069
" 8562",15,0.953279685866077,0.0950134016244337,0.000959236948309652,0.0120734776009918
"10136",44,0.811964564742345,0.203827687646722,0.000573390448599273,0.0124457358929549
"10007",44,1.32289537897323,0.349316812611127,0.00265703040208769,0.0131513187305337
" 8779",65,1.02357936697537,0.132895926878464,1.72137630921427e-05,0.00942154780537135
"16215",36,1.09302323036166,0.250012877301523,0.000358820891655714,0.0126186791530391
" 7249",74,1.06803498094341,0.118225331329487,0.000597833992190116,0.0102115410445255
"13163",32,1.16110453680395,0.287468526085993,0.00123388253844479,0.0134243918574974
" 7299",64,1.11680026468179,0.210783015276754,0.000410892525009446,0.0104008556046648
" 9163",46,1.0765440444423,0.184830977299778,0.000135816590797006,0.0100699676853333
" 9508",46,1.12232132988515,0.198156050927961,0.000566246736916034,0.0117467166010767
" 8676",33,1.10014420487594,0.186020937130751,0.00221024718103112,0.0125036287481273
" 9994",31,1.06404354707475,0.159443988094735,0.000120324204014077,0.0109901671272488
" 8653",25,1.05365301877361,0.223465338449129,0.00248644200984455,0.0126187919758323
"16162",38,1.00970462173916,0.286605913092698,0.00218012309561987,0.0135211464688209
" 7322",51,1.06973741373512,0.17076129240887,5.43094225557102e-05,0.00973010195968972
" 9952",37,1.09022532147908,0.179018985822097,0.000186855398365209,0.0116344325761556
"14030",34,1.09448823512332,0.142108677169166,5.56865236030816e-05,0.0112372001276229
" 8506",49,1.0881340728697,0.198929989913962,0.0015951133569334,0.0127381911117674
"16631",38,1.12481366824559,0.283549092688646,0.00283717243284696,0.0135807946898245
" 9762",25,1.00488325706412,0.174408529300177,1.92794146631998e-05,0.0113855785935106
"12171",41,1.16173663269098,0.328943254201184,0.00135291571022695,0.0129590866447737
"14305",40,1.2470100579929,0.412360500647811,0.00117346222999137,0.0131153496923045
"12182",40,1.00248674715888,0.125437586681184,0.000598006129821037,0.0108270786243277
"13633",49,1.31882542060457,0.399510307561965,0.00271547112778551,0.013313580248718
" 7134",43,1.00196036834263,0.25018728230953,0.000813694581365585,0.0117501695256577
" 9632",49,1.13530704017448,0.18587713422074,0.00152591402930299,0.0120022521657428
" 9480",51,1.0933988328576,0.237090776936846,0.00192613402119531,0.0123785089881674
"12133",62,0.981730418663606,0.135607393369269,0.000423544640882171,0.0104109732516494
" 9943",28,1.12055106019152,0.180901625572838,0.0010355799876233,0.0119702886325229
"10077",54,1.01567933286217,0.121750954740038,0.000159657652679623,0.00948125792279693
"14629",45,1.01504190968127,0.370868959755413,0.0016409019667585,0.0133053049139887
"11648",34,1.22196516047266,0.367396222942236,0.000805776250343199,0.0127142220666298
" 1728",46,1.09871570999784,0.308967978716702,8.9511568079142e-05,0.0110054042618112
" 6248",30,0.816025895331968,0.138424720667813,0.000916977159918441,0.0120044733143875
" 7679",56,1.15648290242374,0.25934950231616,0.000633552550606312,0.0115292535338019
"11650",38,0.880157039887247,0.105830724448187,0.00118034773522822,0.0106995994059578
"14296",47,1.07158233589109,0.317449952469188,0.000258550721643983,0.0119688993007575
"14191",28,0.792392874182078,0.188691153087849,0.000717211439234125,0.01272293843484
"13730",40,1.05645344057839,0.204055857898138,0.00034616877578299,0.0109565577077291
"11304",59,1.06317190592724,0.185103276034745,0.000509957731604727,0.0113484447428195
"10708",50,1.42554826038182,0.429632694475434,0.000623224292751026,0.0129147422806976
"15683",73,1.62999156811054,0.608969118728671,0.00214388812431091,0.0137065722776662
" 8618",15,0.858299515719406,0.0833790897646708,0,0.0118731186393098
"10045",47,1.14605623499102,0.356103538003985,0.0013753796710622,0.0125131636626342
" 9833",46,1.13201450907646,0.269878682182092,0.0011773353266871,0.0125304380160989
" 7822",48,1.172398719938,0.279301667293284,0.000523986948524824,0.0115809517123594
" 7318",46,1.02841978028955,0.16611007849833,1.17914277181177e-05,0.00961913665923692
" 9881",61,1.04283863501231,0.162597277962461,0.000563922878898595,0.010606708936655
" 9341",53,1.06470326110357,0.161872926108566,0.000117828208365717,0.00928428371597475
" 7406",75,1.05784284935272,0.102975851855728,2.08286533414927e-05,0.00932681377952621
" 9107",83,1.04662553968775,0.0875275603228362,2.40992683289998e-05,0.00931051488080702
" 8760",59,1.04345096304144,0.155663163074468,0.000156903450584881,0.0107822380976958
" 8013",37,1.02911838702602,0.285207108606443,6.69615384284351e-05,0.0106427330874932
" 7884",52,1.32411821804691,0.391032176586358,0.00253231668848511,0.013515899462932
" 7830",29,1.12387512946615,0.25654074583503,0.000132459906994038,0.0109580355582428
" 8938",54,1.05359503683186,0.111067112644464,0.000376206792378779,0.0110788232237188
" 9153",44,1.00535461696744,0.11823558316563,0.000871877100617027,0.0117600868292665
"12169",24,0.356505733574182,0.0953420869866434,3.35668380296782e-05,0.0112066971196604
"12432",48,1.1690272647635,0.278933841115751,0.000888918726078249,0.0124769856699795
"11891",67,1.18406832588776,0.263000677231219,0.000600502125469398,0.012040981034711
"11599",65,1.21385235378164,0.305414025785916,0.000608334387676323,0.0120881695676421
"12205",40,1.04759641946148,0.108880684540041,5.83546568823637e-05,0.00995427306092698
" 9021",63,1.1841041307145,0.319086368089366,0.00201142821731687,0.0128726969786773
" 8685",40,1.12179473401853,0.23264643199771,0.0021060178455082,0.0132215712538531
"14805",37,1.18884492204028,0.380455006386877,0.00144948492117388,0.013052490732295
" 7455",77,1.04570791008721,0.133534432328012,0.000151653252841777,0.0109097981320282
" 8066",49,1.2535582709884,0.398459923601442,0.00128681485995313,0.0133253867900238
" 9201",28,1.05687885245755,0.20754800138729,0.000486633082614874,0.0116034835082964
"16670",26,1.24008612614396,0.301247105734337,0.00163892238400291,0.0129827179889319
" 7184",40,0.883743505499715,0.203704896469819,0.000285318123252265,0.0117556095667925
" 2495",41,1.03679089948782,0.279577849910509,0.000311827318414165,0.0119730474229481
"11713",64,1.00413882324534,0.113280847836088,6.02481708224994e-05,0.00953550735969057
"13903",60,0.934854257297522,0.133408769757318,0.000240648408028155,0.0103102087383422
"12177",42,1.09661197927719,0.201987428154742,9.33846647748741e-05,0.0107352494689539
"13079",59,1.09071718399831,0.287586143287421,0.000545934496467306,0.0118579251963127
"13399",42,1.2191908030959,0.339256256850668,0.000408740804622928,0.0127510478652096
"12670",53,1.05144084068356,0.211960930897773,0.000606268736105266,0.0116651249072924
"14168",18,0.880168733537736,0.183856102898138,0.00572168271419731,0.0140331166052425
"14722",65,1.05777832331078,0.119603328698629,2.15172038651784e-06,0.00884016787789975
"11963",42,1.24261459895547,0.26255399138279,0.006965635304051,0.0141580997067493
" 1597",43,1.10730721990016,0.331981113325543,5.07806011218209e-06,0.0102143494745584
"10243",44,1.0761576484244,0.272524664538495,0.000605752323212501,0.0121818314880179
" 9837",52,1.23776424662929,0.311300176407825,0.000669357177837969,0.012626677794316
"10358",47,1.10314074620255,0.250707600986261,0.000298228445571372,0.0119020875790306
"11186",36,1.2549789544566,0.348964612628843,0.00133578801595027,0.0129795745952109
"11880",44,1.37535194980929,0.368928034672679,0.00149458498047529,0.0128546420920811
"11780",42,0.823103945286052,0.189145497826612,0.000751380758972029,0.0123705918833287
"10713",70,1.08785592338741,0.14733635997098,0.000467009392689831,0.00977311827190791
" 7230",30,1.22341153901385,0.31832662436797,0.00225965068110557,0.0129458969148039
" 8745",50,1.18247782296555,0.231328924588997,0.00103773170800982,0.0121806274595506
" 8598",44,1.17729913820464,0.2530240759717,0.00132365231297031,0.0126948962433057
" 9039",50,1.22716503724661,0.365074080072604,0.00164778747199536,0.0129525080257893
"17005",29,1.15490004044494,0.252727648627677,0.00126288772925505,0.0128616602589223
" 7140",26,0.737848892592836,0.1370322005489,0.000182638026407634,0.0104510568378782
" 8566",71,0.974546041669729,0.0744788544168596,0.000456078653126321,0.0100820964224479
"10377",38,1.04919256679214,0.161428371993468,0.00087695516072921,0.0124155597051761
"10151",31,1.12268051143094,0.193113378308471,0.000990738134768273,0.0127611458243478
" 7652",60,1.15787333649137,0.205545191353045,0.000738814711914764,0.0113528234445114
"11116",53,1.26031337650313,0.400100932685836,0.00135911266494013,0.0131142645906704
"11582",38,0.85146431871029,0.107540732513587,0.00175709486763047,0.0116960420368005
"11592",62,1.40347704970559,0.484036356714879,0.00197355793851416,0.0134417719895964
"10638",38,1.17695889331431,0.358014993232629,0.000442049436206224,0.0124113188190834
" 7302",54,1.08221681714046,0.179226578061085,2.66813327928212e-06,0.0095553360110038
" 8571",72,1.08424037750887,0.161117336995614,0.00120797582499111,0.0121966730480937
"10401",37,1.05976611481679,0.176569717644468,0.000426040636530532,0.0110463578957124
" 9084",56,1.05483670765154,0.106386269640176,0.000124369438340731,0.0109033026188506
"11199",40,1.22716431011349,0.366570268910066,8.38310262587349e-05,0.0122939944776806
" 7657",38,1.21491330175033,0.33033196019951,0.00197889420507272,0.0129441068613698
" 9083",68,1.04606721057121,0.106250774995534,0.000458918924036524,0.0115722654434891
"11298",25,0.754918914625479,0.187047340504161,0.00110615641630109,0.0132727465923316
"11195",43,1.156107810706,0.345499145479527,0.000329041081506308,0.0124201748747241
"11915",61,1.27122230593416,0.263424666266659,0.00236336360373573,0.012603971809967
" 7842",61,1.18682017513966,0.306665064913104,0.000532852036517277,0.0116542878777542
" 7677",62,0.987836102505872,0.17292483326826,0.000474583448450374,0.0117255810576303
" 7511",46,1.1280026012151,0.207347089093713,0.00338904567758105,0.0117376540167048
" 7349",50,1.16136356019059,0.255420724634223,0.00198095985664378,0.0119036296025333
" 8275",54,1.32865558712,0.55221998158882,0.000469419319522731,0.0119696451086539
"11711",78,1.20412605911821,0.337791165768453,0.000734080927064425,0.0116970135472718
"16641",17,1.09421972850958,0.200521120935119,0.000940732152985598,0.0122367148711793
"14567",56,1.03207952591929,0.208375811535397,0.00139681080611192,0.0122971340282538
"13348",65,1.04109200976126,0.113691781211068,0.000174203282492484,0.00965851853437945
"12672",52,0.96652164375732,0.125577830373075,0.000597747923374655,0.0109879972593637
"12837",60,1.05549759429413,0.150689543074449,0.000860516016976213,0.01099050351473
"11787",38,0.95110860248802,0.125871947161534,0.00292057311502839,0.0119498088630464
"15036",54,1.16203154004126,0.212241572177054,0.00188361602635771,0.0124840264529375
"16605",23,1.10551749464968,0.207539759314666,3.21036681668461e-05,0.011647810139878
" 7437",47,1.04270617094717,0.316259205531962,0.000564955704684123,0.0129046430110936
"14770",71,1.0667890942209,0.133093477263378,1.54063179674677e-05,0.00937094667800778
" 9872",53,1.30633186203727,0.323290092304703,0.00473774401585043,0.013788442797122
"10805",70,1.07308829243821,0.158070167681085,0.000198130413190562,0.00999968291805074
"10266",51,1.10016372704335,0.220017135869224,0.00125746539388102,0.0117560587235159
"16618",21,1.14963716290729,0.208340156474193,6.28302352863208e-05,0.0118990323418022
" 1528",15,1.08805131161781,0.39138090930247,0.000134525558565095,0.0116500159895256
"14142",49,1.04201708749636,0.159347552451516,0.000351332904710632,0.0106196886708062
"11262",43,1.17422545097594,0.402128471817568,0.000719879572513407,0.0128672660404241
" 7453",83,1.06354991429105,0.139196555038155,6.17974095007923e-05,0.0106873096079363
" 7444",58,1.00877884982035,0.140138175730374,0.00119644260371938,0.0114270976055193
" 9696",47,1.01727945378452,0.215246054271337,0.00255529706221312,0.0123692453089125
"10489",50,1.1244480830516,0.170617634548141,0.00656808344543797,0.0132777790892216
"10344",44,1.05907970387414,0.116550601031965,0.000603944878087826,0.010524082828296
"10056",45,1.12490902739546,0.220432998993024,0.000967413485778419,0.0131068822753733
"15672",45,1.16132188792544,0.394366007216293,0.00123586212120038,0.0134705390756586
" 9712",28,1.0086177759715,0.143823233373974,8.60688154607135e-08,0.0102916842202606
"14804",62,1.1457260255691,0.351805210136806,0.000255882588364701,0.0124995405962172
" 7827",52,1.17599996335922,0.309203617801265,0.000274473452504215,0.0114604558678283
" 7817",29,1.06298181736349,0.241861008758031,5.93874826678923e-05,0.0110045758733223
" 8381",52,1.31077263096269,0.550528308719164,0.000190986701507323,0.0118052826032081
" 8979",67,0.953307680698804,0.227253551490314,0.000502469744659645,0.0117273330125194
" 8966",33,0.74647929745693,0.1427354301978,0.000765065700630282,0.0126296929500104
" 9065",38,0.651285483164201,0.123716397774672,0.000412355694872278,0.0119661798808214
"14022",85,1.02383208193575,0.103135686198055,0.000214225281681716,0.00993051168691368
" 8228",49,1.43446329403683,0.585340099580623,0.00139491729217178,0.0126249885053382
" 7477",67,0.977893672875567,0.114826002982328,0.000568570594933473,0.0110343086885068
"11875",47,0.930686153673923,0.25776945775733,0.000471484971093788,0.0126305749994892
" 7226",56,1.13890788208926,0.267688987692788,0.000145370229313145,0.0113285173552667
"10451",46,1.34384674433206,0.323678063921273,0.00184781139912606,0.0136876181834337
"10626",38,1.15279148532145,0.245418756843992,0.00233143207319981,0.0136478865312625
"14790",52,1.05632558973994,0.258713661912709,0.000805087699819514,0.012229233179158
"16808",59,1.29572538369759,0.424627870702566,0.00112061597729849,0.0130268206135632
" 7545",55,0.991341319915127,0.165864158604663,0.000147091605622359,0.0108406272387442
" 2948",52,1.06760652745386,0.319977925630281,0.000191417045584627,0.0126275036128279
" 9675",27,1.10770820415739,0.207289958753349,0.00259437230443229,0.0131178453951462
"14778",58,1.0453269556486,0.116925291487016,0.000146833399175977,0.00918044739842827
"10085",48,1.05212737536568,0.252719131488541,0.000473034209772081,0.0123458298714009
"10589",43,1.09550269230772,0.198487576567032,0.000788132143173753,0.0120301064015123
" 9641",57,1.47316079171555,0.357756462807978,0.00126219917873136,0.0132789904560636
"14817",42,1.18305038304451,0.371939766592965,0.000533798793487345,0.0124671606403863
"10722",49,1.03668653351297,0.14584922219007,0.000335065898588558,0.0116615002991791
" 9401",18,0.96656297207712,0.047278100933256,0,0.00756106848888376
"12083",33,1.21054127274463,0.224979841550868,0.00509888876552359,0.0137867581889278
"12684",21,1.14857109306187,0.19638167541961,0.00157910455725771,0.0134374330467085
"13048",15,1.04033739321781,0.162362385581612,0.00530553999144476,0.0136487781868784
"13765",21,1.14073900617861,0.179322709602193,0.00334592520103524,0.0134363393373978
"18034",24,1.07002406199729,0.162312150769238,0.00576454498429674,0.0132602781544452
"17313",39,0.716888488469035,0.190225799307657,0.000398756822029485,0.0124850966901308
" 1459",37,1.11509968772518,0.372045769726793,0.000226447053477137,0.0108745642145101
" 9890",43,1.19352691740427,0.341530614109071,0.000685021702251818,0.0126730849097888
"10177",58,1.07169821223434,0.15295430446096,0.000445061844747349,0.0110298120188956
"10425",43,1.20522335620898,0.31817233808447,0.000467009392689831,0.0119254208680929
"10513",29,1.16783283500413,0.2093924297118,0.00223830561487131,0.012893345738556
"10759",36,1.14213742509824,0.214424362281621,0.000750692208448343,0.0125706540140344
"12745",14,0.936776055580179,0.217632929419789,0.00311362546810677,0.0136429312747107
"13460",25,1.13592336477312,0.23075938001269,0.00229907019858658,0.0134210909036998
"13107",32,1.18845827929417,0.243952849996619,0.00191408438703081,0.013334236874225
" 8007",58,1.39714211195226,0.427951009002096,0.00243781312910925,0.0136627365980339
"10718",68,1.16998946242779,0.330510847878024,1.85908641395141e-05,0.0106223972740627
"10712",56,1.15239782268508,0.336026039748922,0.000141927476694716,0.0108410875235276
"11632",47,0.925335877604593,0.128147419319359,0.0022606835068911,0.0124962042133416
"13584",26,1.19362630534539,0.30439089680955,0.00536484140529719,0.0138173848183327
" 9416",47,1.23656122712595,0.245580994303001,0.000238152412379794,0.0113314910188227
"11269",29,1.04212771380396,0.242805106321367,0.000270944631070326,0.0121582719332717
"14821",49,1.16835605198422,0.363786752973298,0.00104874851638879,0.0131962085998555
" 7654",56,1.32445831771125,0.366761441534585,0.00212736291174245,0.0125474270159759
" 9563",31,1.10781019377965,0.220012287312025,0.000527687907589634,0.0122913448649231
"14808",49,1.24559016200164,0.364956039286156,0.000450914524198678,0.0122534750943639
"11490",46,0.884787869307795,0.238873823423762,0.00168453885619708,0.0131364277018122
" 7826",33,1.13839619963173,0.260019113197297,9.62249356850776e-05,0.0111807238643321
" 8246",43,1.27360926114787,0.523744797420467,0.000954847438721155,0.0122663189277242
"10891",71,1.06581257884909,0.134976418482608,0.000248394601419619,0.0100945672832644
"10673",72,1.05064231414071,0.115797288536496,0.000171879424475045,0.00988768918134749
" 9288",62,1.25341402936457,0.330361240379474,0.000568570594933473,0.0127069291017245
" 7790",43,1.16704143096754,0.337002129708041,0.000822473600542578,0.0127343032302041
" 9697",63,1.05929000537548,0.141881268167123,0.000301499060558879,0.0101670913392865
"10246",59,1.0264944454598,0.128117488573663,0.000663848773648483,0.0106604928833117
"10762",67,1.24641609606432,0.341742837477743,0.000798718607475421,0.012245180170422
"10521",55,1.1806483166221,0.354938138597998,0.000458058235881917,0.0120498936460546
"16202",60,1.27038424070662,0.391005767326166,0.00165966496852894,0.0129758047409641
" 6881",23,0.848066117040469,0.185262238322689,0.00579329196866062,0.0141242547846403
" 8417",53,1.26240853048056,0.493441610579979,0.000685882390406426,0.0116948608092763
" 8559",44,1.1172434738235,0.251843499129777,0.00090725138377138,0.0124510701774586
"10147",59,1.3324708088255,0.348126103836983,0.000218442653639291,0.0122114664435702
"10050",33,0.728310585644109,0.126865349637199,0.00122450103755957,0.012566572536581
"10336",43,1.19080756927503,0.341873927512667,0.000391182766268943,0.0124974498990734
"10166",33,0.795399187206474,0.146171268430455,0.00105227733782268,0.0126216505176125
"10041",27,1.09918919537745,0.15746692652375,0.000688120179608404,0.0120202879051076
"10158",58,1.22145000541761,0.308679796737373,0.000591550968661484,0.0122957541659254
" 1430",41,1.04543897572477,0.298448189821046,2.5820644638214e-07,0.00956597782823403
" 8229",34,1.19662235042482,0.506245738547295,0.000405125914373578,0.0123528888673709
" 8462",39,0.960805223462379,0.279735352228457,0.00177232904796701,0.0130951831729753
"10062",47,1.33210262187047,0.244075362505349,0.00489714346208367,0.0136970996560562
"10201",41,1.04274644456522,0.190881458883066,0.00221945654428542,0.012052691692631
" 9699",55,1.05184657717267,0.12729923478552,0.0011343869877722,0.0119880352973479
" 9285",41,1.07448836273833,0.239273305078932,0.000490161904048763,0.0109723089318561
"10711",59,1.13264067073043,0.325216320150525,0.000179023136158284,0.0107546327696978
" 9398",29,1.14209738442229,0.232047608953126,0.00047286207214116,0.0117094038440019
" 9278",71,1.41250613709679,0.45884066953282,0.00301249460994043,0.0136876101451726
"10101",41,1.22807612090343,0.24814783283509,0.000920592050167791,0.0123249158360945
" 8585",39,0.9188080974395,0.19983362226202,0.000646204666479037,0.0119476873351278
"10081",36,0.871777629773917,0.180593245926303,9.59667292386955e-05,0.0117365636216461
"10035",55,1.16301884270922,0.165678372220785,2.17754103115605e-05,0.0107237670731328
" 7301",51,1.18443535303427,0.255482790416038,0.00102748951897,0.0115430844215603
"14829",55,1.23532378636068,0.389645461943696,0.0011166568117873,0.0130774364579571
"11920",47,1.00880565387692,0.0933349641941984,0.00042345857206671,0.0107532230664311
"10530",51,1.05680708521828,0.187558479032735,0.00017136301158228,0.011011888125944
"10305",67,1.03684742026498,0.14818683661687,0.00017850672326552,0.0100360218177691
"11180",24,1.1179813831593,0.218005635522773,0.00656119794020111,0.0139817070286924
"12802",28,1.14846560823696,0.276589971683554,0.000973007958783366,0.0131567199586185
"12317",22,1.04825124693875,0.221849538780737,0.00305819715095007,0.0132102019913597
"13668",30,1.18486496780061,0.286352099285199,0.000536983339659391,0.013024715795198
"13255",25,1.00864102058617,0.232223062545479,0.000843044047437688,0.0130928048190131
" 7656",42,1.12758749291224,0.304517136990929,0.00108068004692472,0.0123112063039086
"11933",48,0.99400792321457,0.0923250236614614,8.27982004732063e-05,0.0107383446216192
" 9816",38,1.21826077210822,0.317613845125822,0.00149725311375457,0.0132172112307833
"10187",49,1.1130670558729,0.211840911940709,0.000189523531644491,0.0111178819586677
" 9976",63,1.06726051221226,0.153810372452592,1.91933458477391e-05,0.00952598634216545
"10808",54,1.23074442674734,0.359298314014682,0.00165811572985064,0.0129582367177152
"11109",48,1.05821258513507,0.294876059891675,0.00115426888414363,0.0127606682710231
"13473",23,0.970091152460094,0.165939888368497,0.000254333349686408,0.0127664592810779
"13781",24,0.970589625278033,0.182250314829775,0.000204499505534655,0.0127536042226259
"13090",15,1.0767232385969,0.164966541413823,0.000702579740605804,0.0128632471464504
"12858",20,1.02925672806968,0.159390000452787,0.00260711048912047,0.0132166304448811
"18155",25,1.29107126582111,0.263589346088109,0.00186597191918827,0.0132376596243981
" 8786",53,1.41338253445259,0.278341650903133,0.00461285816461694,0.0122529626816158
" 7831",35,1.09492288018424,0.265211739749921,0.000763946806029293,0.0116838148470009
" 9743",41,1.17806949252507,0.324425432625962,0.000959925498833337,0.0128233650392597
"10833",30,0.94252462645495,0.15056049232118,0.00199343983488558,0.0128099659230365
"11286",44,1.16701261016044,0.171852875236481,0.00105021168625163,0.0123168801160918
"10550",34,0.887250090904087,0.165067512263959,0.00234924831800017,0.013007631769187
"16155",38,0.941923805440444,0.293968614651006,0.00151498328973948,0.0133720196617021
"10023",38,1.09534730398692,0.19459217736255,0.00288692020818325,0.0133013994405608
"10734",55,1.07538707485719,0.141223233383124,0.000235484279100512,0.0103868691572563
"10474",39,1.06551779488227,0.332430220755194,0.00093617050576618,0.0130300174638908
" 7799",44,1.22046562538509,0.283455294639415,0.000891242584095688,0.0123428352133578
" 9922",42,1.40708785938829,0.457151437765871,0.00245537116746323,0.013516795175638
" 8939",19,1.11731400001416,0.222381316212183,0.000318282479573718,0.0116605582461985
"14102",13,1.11678310610415,0.196249150724249,0.00402311464108013,0.0136345187766143
"11945",60,1.02319836448056,0.097875170245521,5.16412892764281e-06,0.00833753709077921
"10198",54,1.14429310276844,0.291062548250455,0.000309159185134883,0.0122175631681971
"10901",54,1.37635779095877,0.426617831649954,0.00212521119135594,0.0132578094413117
"10369",52,1.07937888773512,0.195699142810566,2.11729286033355e-05,0.010746160576074
"11893",67,1.02463743123491,0.0924903505812844,0,0.00840034035726647
" 9391",43,1.40055113908356,0.388175110913165,0.00478912709868048,0.0139435921151124
" 8889",16,1.05499003445448,0.190062191094253,0.000508064217664592,0.0115326416719496
"13331",25,1.08110570170925,0.193513024776563,0.000649303143835622,0.0131392180434553
"13864",21,1.05555346597875,0.180685290608871,0.000983508354269573,0.0131209279765314
"17963",27,1.1515561522462,0.250783705805359,0.00196512319459901,0.0134493737517641
"10532",41,1.12533106982065,0.327793963429335,0.000410978593824907,0.0124880337318733
" 1605",44,1.08272864818445,0.307204583611608,1.8935139401357e-06,0.0101551357358963
" 9072",45,1.20422139430458,0.2839884319523,0.00209835772093219,0.0127620093667959
"10374",51,1.09622329235717,0.20356087695633,0.000115074006270974,0.0107695002837556
"11900",66,1.02346677034921,0.092496702610618,8.60688154607135e-08,0.00836253495386876
" 9795",54,1.37220760784582,0.349912295557493,0.0051580180417451,0.0137730297877922
" 9708",28,1.04381360050432,0.150053074442973,0,0.0102313325381721
" 7828",43,1.168255681934,0.299219193591754,0.000423544640882171,0.0116311733041031
"10405",43,1.0319709455598,0.183627396292667,0.000296507069262158,0.0109114596920822
"11903",67,1.00571266748532,0.0941069444894746,2.66813327928212e-06,0.00883836247141185
"10950",47,1.09072041276805,0.130869763567499,0.0046129442334324,0.0108915620490452
" 7776",40,0.995474931239033,0.248091413256664,0.00346633547386477,0.013592560108256
"11952",66,0.990674611768458,0.098566224516409,6.02481708224994e-07,0.00779633205856723
" 9797",30,0.977741441700684,0.146047460349869,8.09046865330707e-06,0.00991813435974477
" 9883",38,1.12533170200734,0.154011446167564,0.000896148506576949,0.0114829302961253
" 9827",47,1.09837132382884,0.175196427999178,0.00172645436932645,0.012432339268882
"10083",48,1.14539501962355,0.136561576041088,0.000351418973526093,0.0113493520164499
"18053",22,0.871650718001907,0.140429815013668,0.00839102095689588,0.0139758599170805
" 7813",42,1.11503658717089,0.285986566345632,0.000930403895130313,0.0117808644381349
"10961",48,1.05535412178832,0.117822544535396,6.54983685656029e-05,0.0102883746790289
" 9020",42,1.09289683174663,0.236775008363319,3.73538659099496e-05,0.0103974456166114
" 9501",32,1.10245085848306,0.14087318609066,0.00330693602763153,0.0123816156093682
"10194",24,0.97632559858626,0.147713895695068,0.000414421346443335,0.0118160934000709
"11296",56,1.13842541991963,0.315059521794158,0.000746474836490768,0.0124560088279688
" 7327",54,1.02536252305296,0.166809928202235,5.63750741267673e-05,0.00972020149292899
" 6775",28,0.398134636691969,0.0671990150600178,6.62729879047494e-06,0.0109247122919635
" 7227",50,1.17468987630637,0.273203855626647,0.000144337403527616,0.01135772790476
" 7262",23,0.493763867796666,0.130266193987393,0.000225758502953451,0.0121922440877698
"11275",48,1.39731545328467,0.333007954205699,0.000157161657031263,0.0121896808389067
"11409",42,0.7057978378676,0.178214499331504,0.000311741249598704,0.0123342378639474
" 9842",60,1.04560900420543,0.106823510850637,0.000307437808825668,0.0112914389298623
" 9629",58,1.10490762415078,0.149271539383746,6.90271899994922e-05,0.0105847538125712
" 9571",69,1.13377485171486,0.157724495481416,7.599876405181e-05,0.0103964637008444
" 7666",52,1.23609401250659,0.356193199263469,0.00128251141918009,0.0126878589497206
"11256",40,1.2004922562116,0.314442086354363,0.000974126853384355,0.0127339542364729
" 9959",58,1.0598717682363,0.108046141352807,0.00107491343628885,0.0119791472305468
"10667",60,1.05373573178632,0.171127735047695,0.000222918232043248,0.0117945996338889
"10929",46,1.09806347114966,0.213799624751699,0.00135532563705985,0.012615966440241
" 8437",41,1.19153008193128,0.453679585223548,0.000589313179459505,0.0124032498735858
"15278",60,1.16865215545793,0.351773864631312,0.000647065354633644,0.0128234034060299
" 9730",35,0.993916929166311,0.240158256021031,8.51220584906456e-05,0.0119969204948316
" 9942",32,1.05928185068456,0.269562280515881,0.000481468953687231,0.012290246703989
"15440",44,0.806612295980683,0.155769108090365,0.00122166076664937,0.0122658975524729
" 8207",55,1.28417621314803,0.512242145268781,0.000212503905372502,0.0115446292353201
"10979",71,1.04817064451628,0.118841532240743,6.22277535780958e-05,0.0086220612344052
" 8940",12,0.905712705547527,0.172671428767479,0,0.0126814027524343
"10940",69,1.03318964812036,0.0973532475431693,1.72137630921427e-07,0.0075318863493731
"10598",61,1.00943583541222,0.0971169589279798,0.000125918677019024,0.00925267916275214
"10496",44,1.1079715665016,0.223951381061358,0.000253903005609105,0.0118041721779208
" 8941",18,1.1335635307746,0.215412207004411,0.000569775558349923,0.0126696964326774
"10941",73,1.03523041435231,0.0978934875278435,0,0.00766259013068718
"10602",64,1.00403793248387,0.0984224145415214,0.00012781219095916,0.0091017873869255
" 9312",36,1.08269528218912,0.13527676028389,0.00227565948078126,0.0127591148996381
"10403",47,1.01030582857526,0.129140341027391,0.000459263199298367,0.0108697396037863
" 8713",45,1.06290511389766,0.237053468388364,0.00254032108832296,0.0129228711060382
" 8586",45,1.29606899904264,0.335854236513956,0.00303478643314476,0.0131369898119977
" 9032",63,1.4007832648749,0.421393358871059,0.00147169067556274,0.0129889937133015
" 2933",29,1.10646396571738,0.355652990014507,0.00039686330808935,0.012637423799279
"10942",69,1.03350714026316,0.0972223809440845,4.81985366579995e-06,0.00757880202084303
"11887",61,1.01697365578762,0.0926983113283587,6.02481708224994e-07,0.0102005606803091
" 1447",35,1.12726204625998,0.342846268756084,0.00026776008489828,0.0108992272565251
"13860",51,1.03417247103432,0.136242482041887,0.000320175993513854,0.0102123770385181
"10957",67,1.03084382823884,0.0980887803278293,6.88550523685708e-07,0.00754642246070721
"11879",60,1.03898996801647,0.0997026830627394,0.00360697191832758,0.0110154733547361
" 9414",43,1.08388551396465,0.21599329092001,7.74619339146421e-05,0.0111315618338966
"10162",42,1.02654070059452,0.202575918140514,0.000992201304631105,0.0122349690742122
"11423",53,1.25231049965379,0.337762201875602,0.000737867954944696,0.0123489056855178
"11281",45,1.22450876388311,0.303345020832458,0.000476993375283274,0.0122421631112324
"14835",52,1.21751040553827,0.367377686720362,0.00109927091106423,0.0130843212798958
"11921",66,1.02007867514147,0.0914720494236281,6.88550523685708e-07,0.0104329263890811
" 9713",46,1.09725383303259,0.178750830745135,0.00119386053925556,0.0111917719916439
"11312",47,1.09274769232499,0.251809211658951,0.00025941140979859,0.0121293210303578
"13148",29,1.1016705296163,0.276419528499128,0.000981184496252134,0.0133545959901997
" 7193",36,1.15095729801251,0.252601974870418,0.00010371292263016,0.011042601701511
" 7709",41,0.923936703736325,0.215413610390323,0.000323704814947743,0.0118613304183973
" 7779",53,1.12248446147859,0.313348457501202,0.000477165512914195,0.0121690273037591
"11980",58,1.27078280952517,0.245788466616341,0.000778664573473075,0.0119785643692583
" 7775",60,1.24087440346461,0.324975034096103,0.000861204567499899,0.0127434502828743
"11754",44,0.976583349731725,0.20290952746826,0.000167920258963852,0.0117024324776698
" 7268",51,1.13350415913146,0.296990076351084,0.000983336216638651,0.0127779655103643
"10468",39,1.26648353512854,0.316925294194016,0.000649561350282004,0.0126486476514067
"11295",43,1.08121403295855,0.260626038853496,0.00136341610571316,0.0127153433216275
"13046",24,0.657227558110364,0.118234176480707,0.000592928069708855,0.0123858020997476
" 9122",56,1.0500951818175,0.144843148475714,8.10768241639921e-05,0.0103367531979865
"10030",37,1.07325233474889,0.169995380711114,0.000355464207852747,0.0115594109254819
"10733",67,1.05014662168559,0.220542900753375,0.00108627451992966,0.0126546983420988
" 7832",34,1.00845074284922,0.22012343330396,0.00042225360865026,0.0108932523006016
" 8660",50,0.752688532735227,0.142627993527973,0.000318024273127336,0.0115981112297875
"14915",30,0.56211120128669,0.148279789332917,6.997394696956e-05,0.0112553954219159
"12220",63,1.26997462416438,0.310841249521389,0.00108395066191223,0.0122957273563348
"12233",26,0.952016564602994,0.274595308648822,0.00101371850849628,0.0129929936502377
"12110",33,1.24411771214117,0.335642642753914,0.00147668266685946,0.0130293678203321
"11167",45,1.02794022711074,0.26974722789395,0.00116261755924332,0.0128204137126595
"11712",63,0.979289354418468,0.112476520165945,0.000111717322468006,0.00955461203878656
"10946",61,1.03762278413207,0.106994324611796,0,0.00879739769514786
"16176",42,1.29903195243453,0.393626379354274,0.000685796321590965,0.0126336390882011
"10310",41,1.31112924565093,0.24556483529467,0.00463712957057686,0.0135903436548214
"10104",42,1.13286110985639,0.25621131994443,0.000743204221503261,0.0124429713771044
" 9886",47,1.05640687650072,0.108990909602317,0.000905013594569402,0.0109972070839507
"10472",49,1.04013823904973,0.109919617607874,0.00010138906461272,0.0106485271981113
"11513",68,1.12087636770516,0.147815739830199,0.000415195965782482,0.0109867162178976
"16189",35,0.650127911040386,0.176608884326553,2.41853371444605e-05,0.0112679571487891
"10952",60,1.03775242442502,0.107298385150976,6.88550523685708e-07,0.00883849394041816
"10084",43,1.09669559496343,0.257005326894984,0.000715145787663068,0.0123120839394837
"13328",34,1.01142786376131,0.164274938513067,0.00327836118089858,0.0128494366186689
"16170",41,1.17952370910294,0.332755471762271,0.000661352778000122,0.0124651861433216
" 1446",24,1.15735007030939,0.41872478252609,0.000538360440706763,0.0117010784986317
"10880",46,1.07217705060568,0.219633970078377,3.96777239273889e-05,0.011627683922766
"10985",64,1.03454564755353,0.105890400238157,0.000215688451544548,0.0089795247204759
"10981",62,1.251410348079,0.406741344069619,0.000754307098697693,0.0127691619915017
"10661",55,1.32633034028052,0.421487421534794,0.000265608364511762,0.0127424603588944
"10034",49,1.15706669772398,0.166456746083837,0.000120324204014077,0.0108768994243215
"11287",43,1.01319600820653,0.214942243580483,0.000348922977877732,0.0123127449659948
"10636",51,1.23275064000374,0.40084992722013,0.000975848229693569,0.0129794777788545
"11248",27,1.06662175079853,0.342253516968598,0.000779697399258603,0.0129559918341531
"10886",45,1.04317703909131,0.207367073054293,5.18994957228102e-05,0.0117200451866974
" 7088",56,0.86948264298973,0.145526310918679,0.000361661162565918,0.0106908749245737
" 7447",35,1.29948465582584,0.371257357903998,0.00479842253075024,0.0137371472842865
"11254",33,1.19058377160772,0.280181029928424,0.000743204221503261,0.0126639804086514
"12019",39,1.21782331307026,0.2537127507468,0.000563836810083134,0.0120889064332573
"10208",55,1.14708784798091,0.184772547157021,0.0015392546956994,0.0117076079409071
"11198",61,1.27576934085217,0.399837749920755,0.000807239420206031,0.0129841774960834
" 8623",57,1.068352615416,0.162860207256292,0.00106484338487995,0.011450881579996
"10715",61,1.16131499072174,0.337758230118667,0.000200540340023462,0.0108573600205161
"13067",57,1.09344432252649,0.169232927738488,0.00046201740139311,0.0121629444056895
"13629",43,1.02980690783406,0.195209025210468,0.000305113950808229,0.0106470520088336
"12167",39,1.00134671406381,0.121516296181892,0.00151524149618586,0.0124212497691438
"12962",36,0.870581748299402,0.11242711820989,0.00140481520594977,0.0119351928159936
"13583",43,1.07137178872676,0.30946556103939,0.000680546123847861,0.012526556822975
"16184",59,1.54079340197989,0.567992813943295,0.00333662976896548,0.0141089605912816
"12920",47,0.803426371922355,0.115624877968613,0.000439209165296021,0.0113716143558486
"13541",44,1.04121316407852,0.290451482404052,0.0010982380852787,0.0126989128693202
"12693",54,1.04080405683709,0.122510923601645,1.31685287654892e-05,0.00964395468109969
"12526",67,1.09937899919714,0.1436612359215,0.00081309209965736,0.0110992068578991
"15356",52,1.11632130669967,0.312760555926734,0.000390666353376178,0.0121240612608491
"11465",70,1.01709574103658,0.132903411641904,0.000102680096844631,0.00926103510508804
"16224",28,0.637457524100699,0.182513143933966,0.000572615829260127,0.0126026764307407
"13547",47,0.931883985567206,0.146569472661188,0.00100803796667588,0.0118691004667452
"11691",40,1.38167387461262,0.332453615974501,0.00422881911003123,0.0139747395461751
"14087",54,1.19018489103541,0.321170299406968,0.000261132786107805,0.0117736331297947
"14393",72,1.04973986700582,0.124665332500788,0.000495239964160945,0.0102031974568084
"13356",73,1.05027277890893,0.11326915029331,8.55524025679492e-05,0.00988976694133117
"12014",45,1.28191606017279,0.25669302575653,0.000171965493290506,0.0118771446189036
"14157",71,1.01978409571973,0.10937240501001,0.000112922285884456,0.00975057697667203
"16732",54,1.21572644682121,0.355048492142688,0.00162661454339202,0.0132598006058777
"10987",74,1.03629645939876,0.112481621775044,3.50300078925104e-05,0.00866485404213701
"15249",64,1.38217955563696,0.492501725481877,0.000119807791121313,0.0123076894733202
" 9867",49,1.50435872212761,0.38330643989581,0.00317507860234572,0.0136843453243221
"10071",81,1.07297784322872,0.106129970112985,3.26200810596104e-05,0.00931632500272039
"14530",58,1.29311136963627,0.333592494809285,0.00059232558800063,0.0118301441077581
"12849",40,0.992304113297083,0.174683456549034,0.000471571039909249,0.011599363531789
"15450",48,1.03333987158142,0.271606800948405,0.000643192257937912,0.0121352073808019
"17191",39,1.04318947534263,0.30350496436124,0.00160793761043705,0.0133162615081489
"16248",61,0.962666432291866,0.203973320876811,0.00070326829112949,0.011772865600148
"11095",20,0.706505155458418,0.161542655601029,0.00129404464045183,0.012885511990619
"15493",67,1.25662996264902,0.448630846117463,0.000130738530684824,0.012348686579871
" 1518",42,1.07731417622173,0.344427357147996,0.00026423126346439,0.0105173334111141
" 7008",58,1.19122405812882,0.284429950353291,0.000124713713602574,0.0114071300239465
"10089",48,1.15573820523857,0.137645530332052,6.37769922563887e-05,0.0112117164790259
" 9790",38,1.11290252214788,0.221579539044582,0.00128509348364391,0.0128113595335698
"13892",62,1.02310916245995,0.156510949474776,0.000528032182851477,0.0109312924576826
"15977",57,1.07666198212064,0.310380555031418,0.000811198585717224,0.0128273256493014
"10037",42,1.03499660188621,0.150948691726885,0.00091560005887107,0.0115189315383986
" 9764",47,1.23139354922394,0.242830858657217,0.00260977862239975,0.013253689056714
"10098",36,0.992125201404795,0.126746557718246,0.000799923570891871,0.0117679512107239
"11575",52,1.32377634870878,0.343463924022588,0.00370655353781562,0.0133945119078968
"10729",55,1.07042703544727,0.149733542616573,0.000723150187500915,0.010363903261249
"10044",26,1.03002295446014,0.152903064847955,8.32285445505099e-05,0.0118824915778263
"11588",33,1.07974959244116,0.284023265605751,0.000335926586743165,0.0125923146885616
"11107",52,1.18173076313275,0.227629438211855,0.00122389855585135,0.0119221484355756
"11788",29,0.972084276567939,0.0950694611616263,0.000654639410394187,0.0119582820462163
"10678",57,1.07337869960637,0.102084714435473,2.78862962092712e-05,0.00955756848985189
"11464",24,1.0397152358597,0.103306278705723,0.00392663149894867,0.0127663290302491
"15575",39,0.638381582734988,0.153575109087276,0.000142616027218402,0.0103993541246157
" 7197",31,1.02584550988425,0.239821766002002,0.000284285297466737,0.0111354003880542
"15680",55,1.28175841132628,0.441073131589986,0.00210171440473516,0.0131845332535495
"12805",34,0.824075840906032,0.145961571972786,0.00105287981953091,0.0119508568285092
"12403",55,1.28391982782333,0.253620599735543,0.00124076804368165,0.0121489613014957
"13043",51,1.1058351435287,0.208616222151472,0.00034866477143135,0.0111590570007143
"10924",78,1.0851296726672,0.128091609569202,2.6423126346439e-05,0.00887538824347532
"10578",38,1.0312230113207,0.111922507360166,0.000698276299832768,0.0113415025196103
"12465",34,0.906916200813045,0.177213700430049,0.00106897468802206,0.01153288991864
"10903",54,0.925882135903153,0.132221436091764,0.000408224391730164,0.0106519976045944
"15281",58,1.44543848533126,0.503649160422584,0.00116847023869465,0.0133604500029528
"15689",61,1.15519455191753,0.381437735091414,0.000907337452586841,0.0126669044745446
"10102",58,1.07753918083525,0.146250962656331,0.000844679354931442,0.0116374611577218
"10910",55,0.921445862656101,0.12964900779189,0.000110770565497938,0.0100596580427236
"12707",52,1.04127531445292,0.119548166408094,0.000178248516819138,0.0107898536136057
"12486",39,1.00759270899119,0.129521185508893,0.00164641037094799,0.0120990526214969
"12070",40,1.03360029515171,0.149339957434463,0.000262509887155176,0.0108892882778785
"11821",46,1.01364320534366,0.151569423653557,0.00061762981974608,0.0111742294027275
"11626",18,0.513399260440144,0.0875554612976674,0.00051512186053237,0.0122595000646433
"10186",59,1.14933278074925,0.171963321955853,0.000718674609096957,0.0111840631253621
"14532",68,1.24899023754541,0.33125916467847,7.83226220692492e-05,0.011713629896063
"11276",55,1.07910235814841,0.165476044341437,0.000458832855221063,0.0110491786201465
"10789",75,1.07121448528018,0.119754349957558,1.2910322319107e-06,0.00824194312680443
"16503",33,0.64294582739127,0.161991803301723,0.000546192702913688,0.0123852037904769
"16181",77,2.10468550469245,0.780265399434641,0.00742128361310002,0.014767514159892
"15653",51,0.934724445167903,0.344992912067191,0.00112844823950541,0.0132997904459393
"15405",36,0.634018310298873,0.145249458029498,0.000213622799973491,0.0120081810394259
"12005",49,1.10473693258242,0.168633044845431,5.67193493886102e-05,0.0102574196741724
"12717",66,1.09620692230951,0.123510702239737,9.38150088521777e-06,0.00963533110988707
"14591",60,1.23194379506082,0.33487204349553,0.000352451799311622,0.0120409685974442
"11515",35,1.1205468373998,0.168106215317065,0.00064181515689054,0.0121051123935951
"16220",21,0.465479243428164,0.180627437250927,0.000209319359200455,0.0135663898235615
"15410",27,0.405946515700951,0.0872135004829041,1.2910322319107e-06,0.0110506821597684
"10231",72,1.09580707996524,0.130654111980892,0.000955622058060302,0.0110177840710904
"10499",38,1.26230027363477,0.252156393123637,0.00078658290449546,0.012346988438913
"14483",48,0.981613990140525,0.235232888781389,0.00204568360587024,0.0128756880479224
"12126",55,1.0321074986244,0.146231525171836,0.00101638664177557,0.0117218684445799
"12059",50,1.07362450236026,0.186450671042653,0.00108265962968031,0.0121312800327695
"12673",25,0.81138707893696,0.139903286750703,0.00202235895688038,0.0125693515130034
"13257",62,1.06104507373134,0.122220401473539,0.000394109105994607,0.0107572621499706
"11153",62,1.0813672349662,0.129550683052715,2.7628089762889e-05,0.00861887840709988
"16199",18,0.197158569983602,0.0501836696426127,1.46316986283213e-06,0.0101406971776986
"10293",60,0.973557591430395,0.107080130438509,0.000241164820920919,0.0106247762193884
"14082",55,1.34008330787006,0.379842733973475,0.000863872700779181,0.0128352093130332
"12491",49,1.13715817034473,0.15935038620917,0.000433528623475614,0.0110207782481079
" 7835",53,1.21668806544018,0.358692342866758,0.00300948220139931,0.0136038767073785
" 8567",54,1.45223197626802,0.48178549614742,0.00536544388700542,0.0140844492413574
"10400",63,1.15147290191366,0.151177681912015,0.00019417124767937,0.0104859104831468
"11393",49,1.41103036290169,0.421063588712333,0.00240648408028155,0.0131843120217957
"14952",71,1.16917117526973,0.30276478948011,0.000781332706752357,0.0120778571613226
"13994",49,1.02531548414748,0.127353150144948,0.00411495006717671,0.0125866698094323
"13506",56,1.09871869379676,0.125811898834584,0.00019425731649483,0.0103767073573858
"15725",50,0.915341725892022,0.1873155529532,0.000633552550606312,0.0119837073874052
"12023",45,0.98825522636717,0.165461938230548,0.000690616175256765,0.0115479513931102
"11385",49,1.20267767052618,0.373451731721617,0.000880742188609481,0.0128699551580397
"10373",41,1.01433593814632,0.13937337389172,0.000449365285520385,0.0111025726813489
"11872",36,1.18980638739483,0.325057038384337,9.32985959594134e-05,0.0121761344604983
"10508",44,1.17875701956637,0.270630829877786,0.000649303143835622,0.0123652690237837
"15163",60,0.912983022680721,0.257898245667142,0.000304339331469083,0.0121176935518804
"14826",32,0.908196757067157,0.208384479995506,0.00300035890696047,0.0136204284080909
" 9179",60,1.41082887961764,0.411771066874708,0.00128474920838207,0.0126282922596859
"14834",61,1.40838396067829,0.475161662257091,0.00163341397981342,0.0132650643627109
" 9875",67,1.34310945837454,0.33445132448917,0.00175769734933869,0.0127207484776264
"10078",48,1.02692356236931,0.17370163714604,0.000339197201730672,0.0115897641691453
"10510",45,1.0502424533165,0.14838435214506,0.000990565997137351,0.0115939964456667
"11873",38,1.25063499579067,0.34888286915965,0.000190814563876402,0.0124956954093146
"10497",43,1.06199786849091,0.236651816103294,0.000572271553998284,0.0123139968824346
"14954",60,1.00218901193868,0.255347267767884,0.000273096351456844,0.0119601273730775
"15518",57,1.22019705493049,0.396222922434856,8.88230175554563e-05,0.0122712658576286
"15062",54,0.76121848434237,0.19774890288759,2.4615681221764e-05,0.0113182544118462
"10928",44,1.21791623727142,0.302455183315648,0.000782451601353346,0.0125400626655923
"12615",30,1.18277813170089,0.351886624867877,0.000333258453463883,0.0125586768544661
" 7198",29,0.95956941225424,0.221988171378918,0.000188576774674423,0.01104264501119
" 7280",57,1.01952203395268,0.205026855534909,0.00130170476502783,0.011791501696272
" 8619",29,1.20408472380285,0.265639693100494,0.000458918924036524,0.011812589178987
"13726",17,1.05598035168138,0.243473062926502,0.00113972325433077,0.0134624949797836
"14292",29,1.19695777166447,0.257203875188995,0.00216858987434814,0.0135720531141537
" 9839",39,1.17900830630415,0.205716499516071,0.00519778183448795,0.0133135900833441
" 9601",65,1.12704282365454,0.182226282921528,0.00047535806778952,0.0110083786527105
"10906",39,1.21128837557579,0.318063446134397,0.000832285445505099,0.0131885372357444
"10603",57,1.36061280441169,0.346647904558827,0.00149863021480194,0.0134416711566072
"10902",32,1.10254942229854,0.26744408942662,0.00107749550075267,0.0126406719408921
"12572",36,1.31158508937771,0.393329395017428,0.000158538758078634,0.0125793746741296
"15520",54,1.22906826022629,0.399001830499101,0.000145284160497684,0.0123175639802315
"15462",33,0.806590244455151,0.241129070209209,0.000591637037476944,0.0125542548756778
"16013",37,1.28748995501083,0.384184418515268,0.000258722859274905,0.0123630175112178
"10567",37,0.876268812568974,0.227102042108387,0.000404351295034432,0.0126710505672976
"15973",38,1.02147338733911,0.257287196266851,0.000592755932077934,0.0124154242112547
" 9121",60,1.10727009523508,0.163954398603386,0.000103454716183778,0.0105740961438834
" 9467",42,1.0777702567421,0.159203440053841,0.000217926240746526,0.011916047917979
"16100",48,1.30970641263746,0.393897456697355,0.000681234674371547,0.0125791129741384
"13793",65,1.15121581989533,0.146223089488697,0.000140550375647345,0.0104150788839901
"15961",45,0.863554131476335,0.230403892868555,0.000368804874249157,0.0123441183866021
"16445",37,1.35621122898661,0.380203273052421,0.000199421445422473,0.0124018846724756
"16011",41,1.04536550265859,0.256901514485366,0.000870069655492352,0.0124019140272451
"16482",33,0.552448952714926,0.122226552108035,9.75159679169883e-05,0.0112389875325831
"11948",63,1.02799146676631,0.0965631396502933,2.22057543888641e-05,0.00874599012864414
" 8969",20,1.05521082499367,0.189013837973407,0.000952351443072794,0.0123033255068421
" 9711",28,1.01349631740953,0.143718770183926,9.91512754107419e-05,0.0105458452704384
"10914",40,1.06473650978063,0.123069222234904,0.000843388322699531,0.0113764217799178
"10629",36,0.828029578740563,0.104242091906047,0.000590518142875955,0.0117419046875374
"11874",56,1.10718219255745,0.197071575559317,5.85267945132852e-05,0.0101008966150264
"14475",40,1.1326953357679,0.270679478106776,0.00225810144242728,0.0128009407705573
"15999",41,0.847710450160336,0.223321649102702,0.000145628435759527,0.011937561446594
"16446",34,1.32263619029976,0.383424557148024,0.000350902560633329,0.0125817582619514
"13655",84,1.0924494598703,0.115003588941013,4.5358265747796e-05,0.00916760022568363
"16941",47,1.58832978356316,0.413164900801287,0.000351418973526093,0.0123493260851779
"14596",43,0.822500760344662,0.19720791081628,0.000370784457004754,0.0119263577686815
"16487",18,0.623004190916369,0.135339745695574,0.000397293652166653,0.0123104529188564
"10389",47,1.06298706364818,0.180408452855108,0.000163014336482591,0.0108899662614943
"11899",68,1.02914098038414,0.0960566475908498,4.04523432665353e-06,0.0083438891763273
" 8481",42,1.27775636083829,0.283464660012894,0.00834282242023788,0.0141121308745449
"11251",45,1.23523262793557,0.295650653549843,0.000797599712874432,0.0124755998005594
"10227",36,1.00988144610647,0.098544067049416,0.000468816837814506,0.0112060053696484
"10379",37,0.952155950399726,0.0943542021244541,0.000577607820556848,0.0103549720119771
"10049",65,1.05042895810849,0.129360794172858,0.00040891294225385,0.0109047167263808
"10515",64,1.04323543646677,0.123545410998915,0.000196925449774112,0.0105329259834208
"12577",40,1.05995009200283,0.239816896207157,0.00169899841719448,0.0133348684530909
"10922",68,1.12691646594566,0.125712916093797,0.000211815354848816,0.0107355650094591
"10683",55,0.902253953380178,0.0962380107529564,0.000144681678789459,0.0102753274081531
"11168",56,0.961199555595279,0.116228430890254,0.000668668627314283,0.0112210910742679
"11789",54,1.05994023330047,0.177947628925398,8.69295036153206e-06,0.00936266926150758
"11472",52,1.04103327753937,0.173822628745979,0.000109995946158792,0.0101076630269843
"12155",53,0.894275758365859,0.159814273882025,0.000403146331617982,0.0117839853392418
"13011",52,1.33248780689337,0.261059713012206,0.000142529958402941,0.0120142192437949
"14942",49,1.29885771940782,0.494395677196651,0.000986434693995237,0.0130316878493737
"16943",47,1.50426725207337,0.404844279833102,0.000170244116981291,0.0123651604428527
"10241",45,1.10143779692127,0.10979007958756,9.53642475304705e-05,0.0100880095987012
"10512",41,0.900923197484225,0.101732648090021,0.000733564514171661,0.0118850412657404
"13073",39,1.12353018880829,0.244219726059346,0.00125238733376884,0.012925286288443
"11902",67,1.02992705727331,0.0960024470752666,6.02481708224994e-07,0.00839321184189149
" 9707",30,1.02593351020442,0.149077989636843,8.3486750996892e-06,0.0102297330795135
"10218",54,0.915966090283612,0.0960961986376198,0.000360542267964929,0.0108222277616165
"10277",57,0.918590140106321,0.100517684348277,0.000293322523090111,0.00961039141200503
"10223",26,0.809144189559535,0.145067972964779,0.00293115957933006,0.0127972491838821
"10411",93,1.09265396551899,0.121293942848265,4.54443345632567e-05,0.00922270996887966
"10659",31,0.770804221609108,0.118651644745921,0.000614703480020416,0.0122865336448483
"10060",71,1.09020703222317,0.127212447670055,0.000379477407366286,0.00973855450142626
"11136",73,1.08277590672008,0.103918536042975,1.03282578552856e-05,0.00937478808583643
"11611",46,1.12781063458618,0.162454814258879,0.000601018538362162,0.0116706689097891
"11827",56,1.00021497720492,0.125224066761424,0.000257690033489376,0.0112984352720826
"13136",40,0.959644099811893,0.202332676999485,0.000547483735145598,0.0125686382287691
"15274",70,1.84895263948045,0.757630651413814,0.00589063579894669,0.0144794723149185
"15664",23,0.684273496289502,0.141926570561415,0.000780902362675053,0.0125614612990318
"11923",63,1.00951755639863,0.0963934869505162,5.69775558349923e-05,0.0090117904644412
"14541",54,1.31050461365838,0.369210056566973,0.000600243919023016,0.0126804891298969
"10308",52,0.965161162874186,0.111942096840211,0.00142521351521395,0.0115501058841508
"10702",50,1.01400469515833,0.0941039525536155,0.000422339677465721,0.0103672017458633
"14021",51,0.795471772033671,0.209286175130395,0.000597920061005576,0.012675364967936
"15695",52,1.00336934715379,0.276518461902669,0.000941678909955666,0.0119440144895812
"10210",40,1.0709777263371,0.304088726408064,0.00210343578104438,0.0135057629257791
"13475",40,1.05642181982044,0.190592591930101,2.34967866207748e-05,0.0102951285581876
"12229",45,1.27960116183529,0.257128461858589,0.0039373040320658,0.0133752643636304
"12700",43,1.09173470356552,0.177354217419868,0.00147401453358018,0.0125510455087896
"12999",50,1.17878039351296,0.266069521814651,0.000670131797177115,0.0122667095247202
"12365",40,1.03587539629193,0.206526551390305,0.00272795110602731,0.0133007993687497
"10430",62,0.935262540116664,0.113674384358289,0.000245554330509416,0.0105259187989166
"11215",67,1.0524968407414,0.0974168328699058,3.9935930373771e-05,0.00924696492090038
"10320",36,0.940956056699291,0.169100764060701,0.000540253954646898,0.0120161299231531
"10649",67,0.959752618145514,0.11570560231032,0.000216204864437312,0.0101147278551281
"14516",59,1.0978105625475,0.16250454445151,0.000247447844449551,0.0117202549524304
"16024",47,1.47147937728989,0.622198162071579,0.000720740260668015,0.0132996234532144
"13681",47,0.997112159754684,0.221354036979619,0.000857417539619627,0.0114866107376234
"12925",22,0.877935080531276,0.177493728453151,0.00281970046330843,0.0132784223601374
"10331",43,0.91923649942748,0.145031833934081,0.00100270170011731,0.0122785958008334
" 7722",61,1.3832810753004,0.422930028643444,0.00110348828302181,0.0131030621828106
"10087",45,1.0044268795489,0.152857995676052,0.000746130561228925,0.0118187780554912
"10471",60,1.12214264029867,0.126474542471878,3.26200810596104e-05,0.0104686503569518
"12266",45,1.00592245302111,0.16949249423225,0.000762827911428303,0.0115883871888864
"12881",43,0.824526971887666,0.187626708676439,0.000431721178350939,0.0123332748566028
"13488",37,1.10897389046431,0.215035557857571,1.67834190148391e-05,0.010289687121799
"12230",45,1.12273421689686,0.1940115102482,0.000428364494547971,0.0111411560162703
"14105",42,1.07799439067968,0.213489979619503,0.000170502323427673,0.0106772347665067
"12464",55,1.12140697606781,0.15248368438066,0.000306491051855601,0.0112098628433472
"12559",47,1.04246096492307,0.150287263371481,0.000891845065803913,0.0115835187869006
"12768",79,1.16956232371645,0.181567350118391,0.000388514632989661,0.0109534348052422
"13700",46,1.14498256763367,0.257668835740814,0.00173704083362812,0.0130218829710763
"16448",50,1.49135013762519,0.621289032164425,0.00163952486571113,0.0136189052757256
" 8452",16,0.258192498054633,0.0886043105179425,0,0.00987301629881481
"15753",57,1.01776656977248,0.310763706365823,0.0012448132780083,0.0132252078844608
"16490",32,0.705218697480574,0.144226558502094,0.000226447053477137,0.0117163464401125
"12781",76,1.18343557168764,0.174562394430843,0.000188576774674423,0.0109480400962959
"12462",47,1.14117102655735,0.148517026684007,0.00151610218434047,0.0118106817827123
"14818",46,0.85980807548694,0.114623870359894,0.0011070171044557,0.0117591912296966
"14392",60,1.0639603870517,0.156372026503928,0.00165191877513747,0.0115822894561608
"13342",66,1.08970562685431,0.122341177137105,3.89891734037032e-05,0.00962138135359836
"16467",18,0.325906674280859,0.0729759542888906,9.15772196501991e-05,0.0117031044169395
"16946",44,1.56339391868018,0.652916211553964,0.00305225840268328,0.0140574750860893
"12779",65,1.19244432839263,0.162501748359905,0.000433872898737457,0.0114370580359664
"13315",65,1.04959280353573,0.119457130242725,0.000454013001555263,0.0107710787941329
"16453",15,0.357019151505624,0.0546492370462725,0.000259841753875894,0.0111312120085396
"10960",62,1.02972833349152,0.0970124990241294,8.26260628422849e-06,0.00859533977686637
" 9796",32,1.05358140033909,0.174535821391634,0.00324100731498863,0.0131140988657648
"13335",63,1.01995482168352,0.117524148043863,2.41853371444605e-05,0.00958316567866386
"11308",33,1.07076992562356,0.105883391916884,0.000861462773946281,0.0109375417408686
"11608",58,1.09886633468941,0.193607210920181,0.000280412200771004,0.0111460974287179
"12407",31,1.00324812524409,0.104719352272725,0.000953470337673784,0.012435753652652
"14572",62,0.952629424972581,0.173284742586872,0.00080827224599156,0.0116835986778509
"14010",58,1.03288534052098,0.117319824368636,0.000333086315832961,0.0106030951163264
"12255",39,0.982887557374663,0.261225020694536,0.000786668973310921,0.0124876981174928
" 7196",52,1.23266508699968,0.296858503198984,0.000441619092128921,0.011476993602824
"11914",60,1.02102914996302,0.0923356906861324,1.93654834786605e-05,0.0101955088882392
"10963",67,1.03633959303485,0.105365494565469,8.60688154607135e-08,0.00804780696274137
" 9219",69,1.09295629186619,0.11257214357303,0.000308642772242118,0.01099910174958
" 9036",56,1.44581377800872,0.439999929699617,0.00363941986175627,0.0136760818824797
"14236",60,1.01134463339828,0.113110970518394,7.2986355510685e-05,0.0100238850503212
"13744",48,1.13465426716577,0.191515203890047,0.000569259145457159,0.0113066008953256
"11501",79,1.05976637628365,0.111365186574486,3.80424164336354e-05,0.00854305214560501
"12164",23,0.902553627149956,0.22001426263738,0.00228813945902307,0.0132704501861723
"12783",22,0.718991437954539,0.117796263652136,0.00492494368947748,0.0142621977589853
"11003",84,1.17825535146755,0.132888202202706,0.00330607533947693,0.0111005646360258
" 1649",47,1.10813866513974,0.320163850067277,1.4717767443782e-05,0.00999130361965113
"10617",70,1.0435336839068,0.11042117051029,0.000105434298939374,0.00918121309380215
"10943",66,1.04500474834193,0.105801475015525,2.5820644638214e-07,0.00788569124246054
" 8630",56,1.01376916327957,0.114902812232286,0.000145800573390449,0.0101855656445881
" 9008",47,1.11792196928423,0.176124521754888,0.00526095634503611,0.0135702389970549
"10261",59,1.0456807662121,0.152493313049497,1.57505932293106e-05,0.010488718053587
"12373",46,1.13078359368809,0.173085113741171,0.000171449080397741,0.0110238453096305
"12209",44,1.08877253126514,0.158867895618528,5.07806011218209e-06,0.00989337363634274
"12687",46,1.2971276975599,0.2027859925463,0.00115142861323342,0.0123202326979494
"14100",59,1.05723343986887,0.146123414811244,0.0003305903201846,0.0106210826174022
"13200",44,1.0653075916425,0.169407243532428,0.00224811745983384,0.0124541724354698
"13714",47,1.13862519502874,0.202364256468575,0.00627157637617581,0.0139807720845845
"11123",44,1.12179817901642,0.166744855330262,0.000213967075235334,0.0111678849050566
"10751",50,1.09072225766456,0.130308913110247,0.000105950711832138,0.0104642373297037
"13536",39,1.30385928175398,0.291970601122254,0.00129017154375609,0.0124716121468309
"15300",43,1.17284999136384,0.318974198399342,0.000710153796366347,0.0124374765107002
"11351",72,1.04584007745355,0.102237223545376,1.19635653490392e-05,0.00840783461443357
"12832",64,1.18349810867706,0.171795908826744,0.000150534358240788,0.010424973078818
"10564",61,1.17370241310671,0.189006278609842,0.00277176013309682,0.0123282705405847
"14431",52,1.05747200136397,0.263864696813421,0.00130574999935448,0.0129364806982055
"12211",46,1.06674025312807,0.1675277757789,2.04843780796498e-05,0.0104355230268022
"13186",49,1.09069628770194,0.168270288773389,0.00193792544891342,0.0123931608203119
"10766",56,1.02901620320391,0.125437420322945,0.0011946351585947,0.011901541701418
"15853",64,1.12287651933881,0.292482455723528,0.000708776695318975,0.0125641816824635
"10947",66,1.04753290726679,0.107019704947892,8.60688154607135e-08,0.00785315103181742
" 7192",35,1.134925616177,0.251463184566963,0.000221713268626798,0.0110557810068657
"10699",37,1.1233377189186,0.149057558921487,0.000373624727914957,0.0112826065741534
" 9806",66,1.05675194417211,0.108239824799247,0.000313892969985222,0.0103402908899271
" 9706",47,1.05795304831421,0.115325000591399,3.02101542267104e-05,0.00999040978407754
"10524",44,1.03407235486804,0.121166687904438,0.000373280452653114,0.0112978629722129
"10002",59,1.05662526232847,0.106900638826315,0.000533712724671884,0.0112255901085218
"10043",61,0.996455778736067,0.10411208226582,0.00026173526781603,0.0104927043172675
"10290",59,1.06369753856288,0.136099505425418,0.000238754894088019,0.0108429560136267
"10439",48,0.854877875784924,0.102058950483071,0.000243574747753819,0.010674267500757
"10173",69,1.07376076973321,0.115403398141422,0.000146489123914134,0.010440426952228
"11526",56,1.02825790396398,0.152629403116182,0.00013753796710622,0.00987872365434991
"12723",65,1.09572886815206,0.152740367132962,0.000717469645680507,0.0117614566446019
"13206",60,1.11962846193074,0.254183559626431,0.0010737084728724,0.012205176543852
"13543",61,1.18003059706798,0.274656468595037,0.00205110594124426,0.0128584050966383
"12437",52,1.13428835414878,0.152364587880645,0.00177396435546077,0.0125056434665406
"11078",58,1.10174704726601,0.155931506227665,0.000341521059748111,0.0104455065368982
"11474",76,1.04434732619382,0.129003846862835,1.11889460098927e-05,0.00884642841507924
"11625",78,1.08611584424343,0.148111253751392,0.000198818963714248,0.00956076136959378
"13521",57,0.959636820864652,0.17421207195844,0.000221196855734034,0.0113602606126954
"10953",64,1.04494842677434,0.105892560547076,1.8935139401357e-06,0.00802339526622099
"10704",46,1.04121478787738,0.139381837844603,0.00020630695065933,0.0111772600815981
"10454",58,0.963292549327961,0.101236555212206,0.000246931431556787,0.0101225370177942
"12249",50,1.09066886169011,0.173127329313598,5.13830828300459e-05,0.0106689001582057
"14578",53,1.11668734043477,0.333005053074855,0.00210498501972267,0.0132608605060084
"15862",37,0.895907560565292,0.206297644107056,0.000260874579661423,0.0119824061971851
"12192",57,1.00502519700164,0.128333901769587,0.000341951403825415,0.0114681514491409
"13116",25,0.585438768272995,0.0921965712760757,0.000683472463573526,0.0117060446622249
"13262",35,0.900410509625102,0.197234003434716,0.00238229874313709,0.0133255533453869
"11924",73,1.0280453754502,0.0942211175176528,8.60688154607135e-07,0.00841551036171545
"10989",52,1.01106260228723,0.10950107183554,0.000236775311332423,0.00897728070146494
"11383",33,0.917475551674809,0.20039913486453,0.000507031391879063,0.0122277502087022
"11279",58,1.53813092381811,0.290333584067184,0.00135196895325689,0.0121055533593797
"14198",20,0.99954549127575,0.226100873639615,0.000649819556728387,0.0129775482854682
"11552",52,1.09230334254684,0.228698013762323,3.17593929050033e-05,0.011268343768951
"10362",45,1.04112145717725,0.104042526708765,4.99199129672138e-05,0.0098842531306223
"11242",46,1.0875623561882,0.168875627369048,0.000290137976918065,0.0112633467895317
"10329",39,0.997136043109433,0.117641318310804,0.0019473930186141,0.0123289849017594
"10893",49,1.10494167506674,0.107826265725197,0.000131254943577588,0.0109442737056468
" 9954",53,0.965309373287128,0.0959226062583727,0.000555660272614366,0.0110825702605925
" 9822",63,1.06286331942538,0.116821091306482,6.57565750119851e-05,0.00995971887080517
"10229",55,1.15905620345604,0.142395032601601,0.000140464306831884,0.0104036971731974
"14586",22,0.53468948965675,0.144309573498441,0.00151963100577436,0.012603438288641
"12689",46,0.910490359083263,0.15969861634533,0.00145826394035087,0.0125412761214039
"15808",45,1.2124033805337,0.439046893711866,0.000499026992041217,0.0127043020475471
"11096",61,1.04798235504988,0.148423291901667,0.000512109451991245,0.0106942214535382
"13258",40,0.801165028355744,0.098675620439485,0.000692940033274204,0.0110136674562455
"13685",41,0.667594806182132,0.112039436940425,0.000508150286480052,0.0120677356208069
"14054",50,0.954773833605116,0.174247624963649,0.00208837373833875,0.0127013413380475
"14347",59,0.914447099586791,0.123480844123834,0.000667980076790597,0.0110942243883094
"11371",42,1.06661290795042,0.257707173920412,0.000450828455383217,0.0121463001701962
"10462",36,0.925500953400087,0.100692472523544,0.00220611587788901,0.0122652380300713
"14879",36,0.8613209916935,0.282948061484524,0.00322370748308102,0.012763274917879
"11103",51,1.1246810787553,0.239027655156902,0.000242714059599212,0.0122229398410662
"12497",50,0.95733005437256,0.119588963076334,0.000398326477952182,0.0111568638029311
"12737",38,0.898536401780153,0.122834461543748,0.000935395886427034,0.0121934890425128
"15523",44,1.67730822792613,0.720822322661019,0.00635084575521512,0.0142094774544682
"13645",47,0.894284273212774,0.118720575253941,0.000517617856180731,0.0114392315620553
"11926",67,1.02291222490104,0.0939549194514153,2.32385801743926e-06,0.00841332000303549
"11290",34,1.04159955138581,0.246490575299788,0.000128931085560149,0.0118490107435299
"11731",39,1.13334414467518,0.216035305995212,0.00125109630153693,0.0122895299589798
"13625",15,0.952178248617733,0.138009180260967,0.00113387057487944,0.012768761668225
"10365",45,1.03028593753822,0.102393584672869,9.03722562337491e-06,0.00972913213790204
"11230",29,1.06693337624763,0.193442817220129,0.00287581733098882,0.0131021086433566
"11461",50,1.14442415343958,0.225298563177121,0.000623482499197408,0.012038065615164
"11972",32,1.0719402594877,0.233964009636716,0.00460244383794619,0.0136487782507291
"11678",43,0.947870708369826,0.177435083561765,0.0016091425738535,0.0128575552744433
"12185",54,1.22721520986494,0.234394380719059,0.00167266135966351,0.012409715645852
"10574",52,0.950821694977068,0.099023765368998,0.000977311399556401,0.0122013033924708
"10507",36,1.07057285630068,0.155346671765015,0.00125669077454188,0.0123678708822
"10786",41,1.03484536448027,0.126681046076375,0.000136849416582534,0.0116168403384254
" 9783",65,1.01809567326725,0.104419321064912,0.000703010084683108,0.0108367969756969
" 9690",64,1.01352408391584,0.103050747692041,0.000261132786107805,0.00979835508267972
"15628",23,0.534009552020699,0.114882722610348,0.00028592060496049,0.011975545802391
"15546",28,0.681013980111117,0.123575260414358,0.000839773432450181,0.0124277927793081
"13487",37,0.842402749182068,0.0957125103746142,0.00100743548496765,0.0114942714493619
"16053",36,1.36431189568246,0.425931137998231,0.00092412087160168,0.0130328058103931
"14135",39,0.854845064919092,0.112259380619326,0.00114239138761005,0.0120365431116096
"14597",32,0.864082396092577,0.140827665719036,0.00241207855328649,0.0124244442409874
"16791",44,0.924511052009401,0.262570535407231,0.000517273580918888,0.0125318537207414
"11469",48,1.06406912267764,0.214159808871511,0.000710067727550886,0.0118423281623524
" 9680",55,1.00581823431042,0.124505565306799,0.00195333176688089,0.0114125318042659
"15630",17,0.363908227715421,0.0807785358267945,7.08346351241672e-05,0.0111026034729313
"11557",40,1.09484652308883,0.253438789442711,0.000577435682925927,0.0125103097994318
"16027",74,1.88454138724359,0.812981572550591,0.00570257543716503,0.0143023974728403
"14058",38,0.6042357413325,0.0968346893397775,0.00051632682394882,0.0117528451977233
" 8645",32,1.14205785585083,0.238567399701094,0.000453238382216117,0.011692785681493
" 7731",56,1.13548276119421,0.353839319425195,0.000348922977877732,0.011926837399858
"11422",60,1.25012686440911,0.30906371566465,0.00301912190873091,0.0133462759582338
"11825",57,1.19329623536289,0.198666406744988,0.000110254152605174,0.0103709815057073
"10781",66,1.07044071701836,0.131092847053313,3.50300078925104e-05,0.00942061173349553
"12692",49,0.991493126619416,0.108405215392001,0.000354173175620836,0.0107500953226157
"12068",35,1.08766959750298,0.172816988540252,0.0010588185677977,0.0124461399683572
"11310",37,0.933133872103724,0.157403814074016,0.00160767940399067,0.0123776846513342
"11344",26,0.744053785486444,0.174410257110025,0.000759471227625336,0.0133334630590813
"15531",22,0.55181317076528,0.196989500045475,0.000387740013650514,0.0124555375383016
"14175",58,1.04153921718953,0.116003754857259,0.000197441862666877,0.010105995433621
"16526",33,1.04669517853576,0.31173258286771,0.00135532563705985,0.0130047415815434
"15042",49,0.897404680230549,0.137118150556286,0.00165441477078583,0.0121927170891893
"14779",54,0.920468015021435,0.109332284984527,0.000662815947862954,0.0110067646073034
"11822",61,1.11609187895165,0.188403066112951,5.59447300494637e-06,0.00991247484702752
"16180",20,0.332580977538375,0.0487178916637061,0.000481813228949074,0.0115251107526462
"16441",40,1.21607364262451,0.545160244111941,0.0017136301158228,0.0136453023171987
" 7576",78,1.02755871624584,0.0910290078332056,3.70095906481068e-06,0.00797867645768361
" 7010",43,1.0915056280146,0.252820215738063,0.000388772839436043,0.0118002334615445
"12637",67,1.22437047053226,0.24124575288646,0.00061771588856154,0.0119970807175714
"10784",64,1.06713058380318,0.131299799278312,0.000323963021394125,0.0100105639045334
"11782",55,1.1685705661483,0.191478255088151,0.000139087205784513,0.0104104130211335
"12076",54,1.21076788917569,0.202083611126135,0.00147969507540059,0.0116420743905439
"12680",38,1.06813386268015,0.128184077373491,0.000353828900358993,0.010854703579724
" 9233",18,0.96652653978801,0.0472716016028237,0,0.00755811508505814
"16193",26,0.523602257378462,0.109593712050471,0.000242111577890987,0.0118637653247454
"15986",32,0.736706602493075,0.248632718755072,0.000654897616840569,0.0132173555565146
"16497",15,0.151519015914522,0.027769164816873,0,0.00868395084705682
"17066",35,1.42924147585807,0.335163563368471,0.000977311399556401,0.0129516806960469
"16936",38,1.02494611666519,0.231604489256357,0.000893738579744049,0.012175111974387
"10956",53,1.01967341581428,0.10099842076905,0.000245382192878494,0.00925665699842292
"16454",18,0.414529377333165,0.0583069967144745,0.000157333794662184,0.010741288915276
"16945",47,1.53875679322928,0.675162131153676,0.00351117732671981,0.0140368801932056
"13452",37,0.981793190577964,0.158340866130127,0.0016143927715966,0.0121580139183814
"16494",9,0.155028199623109,0.023494879576385,1.66112813839177e-05,0.0088289360753589
"11917",65,1.02617682282575,0.0983916356907589,3.96777239273889e-05,0.00830179681102811
" 9132",56,1.03234620866389,0.107205618852251,0.000186597191918827,0.0106498816961705
"10675",54,1.07973864711526,0.104004556327762,0.000167231708440166,0.00993983886822244
"10363",47,1.05508657505359,0.106421359111947,7.74619339146421e-07,0.00946717634295009
"11956",48,1.07099750839741,0.161503481889461,0.00216411429594418,0.0124102602970556
"11108",59,1.01260898388601,0.159623972438229,0.000354087106805375,0.0107840929510216
"11666",51,1.10807026948616,0.134053093251228,0.00126865433989092,0.0120384846050469
"11537",60,1.08004298850397,0.10367114461237,9.41592841140205e-05,0.0104205419966256
"11305",42,1.08255642653897,0.199811462396283,0.00199774327565862,0.012512810853147
"11118",52,1.00719101449796,0.156416154473432,0.00110116442500437,0.0117191752879091
"10664",52,1.1047744991526,0.107134004053484,3.79563476181746e-05,0.00940301717890065
"12267",38,1.01545134716636,0.166761148500072,0.000843818666776835,0.0115858172924592
"14645",41,0.84162329197018,0.0942567833395774,0.000414335277627875,0.0105889552304546
"11273",41,1.21144433627718,0.282810504706503,0.00133905863093778,0.0126552945078293
"17650",21,0.882703710521903,0.172392261405217,0.002800937461538,0.0133813690084501
"11944",55,1.02762416711584,0.10523095382841,4.91452936280674e-05,0.00835917222662324
" 8569",54,1.07091739628952,0.115052363919901,0.000201917441070834,0.0109721794181848
"10029",37,1.03468394586905,0.173019854793834,0.000524933705494891,0.0114970460335482
"11468",66,0.981911895150109,0.130397143175787,0.000224639608352462,0.0103235527764496
"12718",42,0.907249402082032,0.15909833735693,0.00216704063566984,0.0131718409996425
"11720",48,1.29770270146356,0.331864809499832,0.00326355734463933,0.0134095066716817
"12295",61,1.39146697307222,0.326908619189876,0.00161714697369135,0.0128552998249203
"12146",41,1.15331300924063,0.318209598698921,0.00157213298320539,0.013261023941501
"11367",60,0.884255046094014,0.0978295378354304,0.000618060163823383,0.0107961987680392
"11133",77,1.08147771723424,0.145751481169337,0.000131254943577588,0.0094388980584433
"11239",68,1.08838819673001,0.168510473180441,0.000489387284709617,0.0110263814674735
"10575",55,1.09669467892125,0.108234838596903,2.96937413339461e-05,0.0101873852359031
"14124",49,0.930502776616442,0.0887575696820093,0.000734769477588111,0.0111643788967914
"10707",71,1.09122341978208,0.119717078812014,6.71336760593565e-05,0.00914088465899817
"11546",60,1.08590650978412,0.100060821280645,3.95916551119282e-06,0.00926060343792947
"13040",52,1.09281182655418,0.20789402690769,0.000159485515048702,0.0109998236771166
"12201",43,1.10156070965432,0.183611190832371,0.00062133077881089,0.011936633200366
"12325",49,0.910792958669302,0.190012927558283,0.000313462625907918,0.0120541682199497
"11894",34,0.649101599241018,0.147655293819817,0.000383952985770243,0.0124808278744702
"11427",67,1.08682157059355,0.176746885953733,0.000347890152092204,0.0114079337979767
"11229",76,1.07633702972055,0.165552464810543,0.000326631154673408,0.0112619756619668
"10850",48,0.921531726263179,0.164104471772742,0.00120642658631282,0.012191152949898
"10546",44,1.04508152180357,0.100764755152737,0.000257603964673915,0.0104571783410255
"15303",55,1.36137414792225,0.3947970236935,0.00324892564601101,0.013415059275755
"11407",62,1.07063260767006,0.0967818989168988,4.09687561592996e-05,0.00961291963787593
"18033",32,1.28878633876317,0.34121480249541,0.00319694008147274,0.0137298317042634
"15654",47,1.28552228809648,0.467293949207612,0.00162472102945189,0.0135115441316838
"10966",61,1.04925473414852,0.113030654312753,9.73438302860669e-05,0.00894010604073654
" 9990",49,0.995271199145801,0.135254978621991,0.00120814796262203,0.0114318229503482
" 9932",64,1.01956844798874,0.108368375098575,8.58106090143313e-05,0.00973838247931672
"10142",62,1.07899702811448,0.144194627917517,8.59827466452528e-05,0.0100112983006296
"10306",49,1.03075910064498,0.102112079300985,0.000318712823651022,0.0111409840799272
"10467",51,1.04592862852652,0.142020616605855,0.000110340221420635,0.0100968166597278
"13020",48,1.16219341662593,0.223999324699353,0.000153718904412834,0.0111904496694421
"12199",42,1.29470044089812,0.242076117695456,0.00227841368287601,0.0122384646499819
"14322",48,1.07203065838611,0.187188624900102,0.000116192900871963,0.010395417562131
"13770",45,1.04754107223176,0.164084704216234,0.000117914277181177,0.0111073567370066
"13369",49,1.26607996910572,0.266511062736381,0.00140963505961557,0.012315206033536
"12067",38,0.945739720695452,0.164154801927137,0.00141686484011426,0.0121381299539891
"11765",55,1.16821835690892,0.186342050504022,0.000452033418799667,0.0113255513339342
"11257",41,0.765123631607646,0.110017515116368,0.000242541921968291,0.0116641859282123
"11417",64,1.21032177373286,0.188503016379904,0.00011335262996176,0.0109410990992108
"12482",59,1.11681788760586,0.131125641298395,0.000239185238165323,0.0106284696288884
"10588",48,1.02649092425226,0.254290958041503,0.000785033665817167,0.0125392484004157
"11589",52,1.20412991543689,0.247506729878009,0.00182672453933818,0.0124414146928379
"10779",78,1.0535458534711,0.122141793358898,7.74619339146421e-06,0.00837748927697962
"11620",29,0.908920058949532,0.142228378500433,0.00105537581517927,0.0124857245795908
"12709",61,1.04721127410111,0.12388863231551,0.000295129968214786,0.0107835788483406
"16538",37,1.37113689533801,0.646229871598646,0.00077935312399676,0.0136340939266543
"11054",64,1.04740177048851,0.11792909412996,0.000223434644936012,0.0084971586503105
"14289",51,1.07312538392383,0.194981241882449,0.000373108315022193,0.0108242441290617
"13816",41,1.08048213491779,0.16428144905515,0.00054774194159198,0.0116183032251837
"13325",65,1.16642873150497,0.212285535740014,0.000192535940185616,0.0118542535559343
"12664",60,1.04190529635486,0.154051884070569,0.00128836409863142,0.012247485624834
"12798",53,1.08955047984124,0.119465851679313,0.000341951403825415,0.0108427261618224
"12002",50,1.00763286977408,0.144390983635405,0.000645860391217194,0.0112500409604932
"11560",54,1.29330910710935,0.342475350908714,0.00224828959746476,0.013042639052978
"11631",41,0.865812632833068,0.124246428616172,0.00140860223383004,0.0120607703454406
"11264",47,1.04256890074544,0.165168936721255,0.000871618894170645,0.0117984791473279
"10670",69,0.997083057339517,0.121523146222377,0.000100011963565349,0.00977610689139855
"15758",43,0.91528909115557,0.215374022469116,0.000511420901467559,0.0123863528091405
"18022",35,1.33232827004698,0.376312089052728,0.00465959353141211,0.014030117275669
"10967",61,1.04962307965959,0.113364089519694,0.000101991546320945,0.00897464342066645
" 7967",41,1.1437398920532,0.23665147811815,0.000183154439300398,0.0107341146579876
" 7390",35,1.3377366093473,0.386815064425503,0.00289879770471683,0.0136882321208199
"10679",56,1.27175863137563,0.408420989511947,0.00104496148850852,0.0130426968686506
"10036",51,1.14772782216195,0.161087629022489,4.4755784039571e-05,0.0107325337023269
"11660",38,1.11472719138569,0.268133445333201,0.00166198882654638,0.0126218353331552
"10495",49,1.07869682056299,0.124528043215403,2.48738876681462e-05,0.0107357030307976
" 9856",53,1.03431778861655,0.104280013959886,0.000563492534821291,0.0113680586866462
" 9992",53,1.06302939346203,0.10346978014765,8.52081273061063e-05,0.0105798597838915
" 9896",59,1.04850302003598,0.0999745489977756,4.96617065208317e-05,0.0104099345056182
" 9732",70,1.09619852060681,0.115899233696466,3.88170357727818e-05,0.00975157012367296
" 9678",70,1.06858511675462,0.118785419746859,1.87630017704355e-05,0.00966356481203498
"13388",58,1.19183365171367,0.249937862975575,0.0017999571377299,0.0126429983280734
"13774",36,1.05052479870698,0.17347884858148,0.00077694319716386,0.012005001447848
"14327",45,1.03100181281737,0.186677517138388,0.000108188501034117,0.0102821829991861
"12599",42,0.977958995392786,0.110311903624731,0.00041373279591965,0.0113924598563078
"11714",36,0.770664166214447,0.146428895259833,0.000702837947052186,0.0127977036321997
"11792",49,0.857783446440289,0.153397473337266,0.000573218310968352,0.0118913557175995
"13653",60,1.1000904284335,0.136386064854992,6.79943642139636e-05,0.00975162055730046
"12163",52,0.991240770230626,0.128833914311172,0.000159055170971398,0.0114076075913533
"13409",43,1.01891441373256,0.111781563679735,0.000339111132915211,0.0106564936317338
"11356",46,1.13090151951807,0.179431300180126,0.00248368780774981,0.0133964737872975
" 9907",43,1.02564688760691,0.120389503306276,0.000782795876615189,0.0120017376074767
"12948",42,0.973079866121359,0.101706014200619,0.000484395293412895,0.0111366425361447
"11154",77,1.11499332820562,0.132730145262344,2.21196855734034e-05,0.00852838734632884
"16469",15,0.237728885280534,0.0587080233778959,2.78862962092712e-05,0.0109968359002779
"16960",51,1.36124038069053,0.54801846277251,0.00169985910534909,0.0139340144084916
"17060",64,1.6283127922026,0.552407341227638,0.00142375034535112,0.0133345518063129
"10933",59,1.0317699769122,0.106680128417094,7.31584931416064e-06,0.00876958228448478
" 9717",62,1.08502434299844,0.119768074403145,8.90812240018384e-05,0.00984629879718799
"13773",47,0.935568219904582,0.147581684205127,0.000438004201879571,0.0111211123297372
"14374",53,1.0544892389299,0.174680119800421,0.000947101245329691,0.0119295459628471
"12260",29,0.821158031678844,0.11981048579444,0.00150284758675952,0.012752167481183
"14046",59,1.18126086189375,0.235944141360623,0.00276969448152576,0.0128203778866648
"13438",37,0.787702504869132,0.117409836372396,0.000769455210218778,0.0118830344940663
"13451",34,0.764026794174194,0.150574632081647,0.000336701206082311,0.0116194527779075
"11157",66,1.10430395610087,0.125150885908308,0.00010009803238081,0.00893231793478047
"16272",29,0.513208046792483,0.143036240175338,0.000380338095520893,0.0131314466822897
"10984",56,1.0229448315933,0.105857825299255,1.33406663964106e-05,0.00884463985386988
"11467",43,1.00827651604721,0.167743228418708,0.00142392248298204,0.012431277177093
"10372",49,1.05032092595615,0.140541499940359,2.87469843638783e-05,0.0108392661759229
"11086",46,1.1384616383621,0.221404175634114,0.00100072211736172,0.0121378933956967
"10627",40,1.06626443240444,0.166404247170398,0.000923174114631613,0.0118636099499843
"12541",22,0.448811517039611,0.0898391287955918,0.000106897468802206,0.0113541612158439
"13044",36,0.856327423767035,0.154064337721587,0.000472431728063856,0.0120991903247686
"12872",65,1.60522278647625,0.385038368988994,0.00353131742953761,0.0135241463308412
" 9720",41,1.01174107537278,0.104159238624332,0.000389203183513346,0.0115209241805014
" 9820",48,1.03409802460271,0.108735382883367,3.83866916954782e-05,0.0103412561084741
"13660",63,1.07848433844821,0.135434585367666,0.000252698042192655,0.010517588078116
"14379",54,0.951930203429912,0.114148755125221,0.000446266808163799,0.0103098734097821
"14114",48,1.09271315261758,0.136353218460301,0.000315872552740818,0.0112520464320915
"13958",64,0.932299807477457,0.0979404091977417,0.000134095214487792,0.00992935563559115
"11538",67,1.0100103490084,0.109217547025268,8.68434347998599e-05,0.0088819497989386
"13253",61,1.04449485255403,0.106093766387609,0.000352537868127082,0.0107398955191653
"13522",56,1.07174338798733,0.123235253353962,9.9409481857124e-05,0.0100419589462515
"11040",34,0.973373879640638,0.189347133438085,0.000933330234855977,0.0123389243344647
"13187",51,1.44220108975162,0.291511992838364,0.00529314608201842,0.0140148408689586
"15227",61,1.09287504790069,0.173687442457066,0.00134628841143648,0.0121536143006979
"14579",54,1.02893314935429,0.1343000147138,0.000423114296804867,0.0113283436554305
"13973",46,1.07522570025429,0.14299961635672,0.000348750840246811,0.01106788969838
"16794",57,1.20017823792649,0.305027150035842,0.00161990117578609,0.0131363915158116
"10585",30,0.897121239670307,0.192571748895086,0.000942883873372116,0.0122080206372745
"11056",34,1.13375979504246,0.235977960961197,0.000252009491668969,0.0124980317425728
"10810",61,1.09148603991159,0.105598519932857,8.18514435031385e-05,0.0101962766165685
"12996",64,1.31660699636559,0.293882342852666,0.00169736310970073,0.0133479899750692
"15114",54,1.05822263821353,0.153337553308283,0.000745958423598004,0.0112204772940004
"14671",65,1.04212911838218,0.0987183278748672,7.60848328672707e-05,0.00972532227203895
"10774",64,1.13950039586115,0.179376348536667,0.000881602876764088,0.0106073423990559
"10994",45,1.07966438529236,0.225562856367522,0.000345049881182,0.0118949464362445
"15321",38,0.89286017603883,0.13892203286661,0.00168436671856616,0.0128078924489215
"15038",56,1.02705772655549,0.133667098553634,0.000305802501331915,0.01072085802358
"14789",59,1.12339077608239,0.189943034478552,0.000612035346741133,0.011299480053613
"10980",70,1.02987826951478,0.100955723647124,1.72137630921427e-07,0.007545312132518
"10852",41,1.00786311783943,0.107206720930753,0.000683472463573526,0.0120490875353585
"13567",44,1.15658439747525,0.226226415331027,8.24539252113635e-05,0.0105674777717118
"15400",13,0.357307681783304,0.0461039164995586,5.32765967701816e-05,0.0122161736014819
"16160",16,0.351893042366828,0.104078022070471,0.000144337403527616,0.0121188301045354
"10951",67,1.02915177616474,0.0982995448904985,0,0.00776944022915148
"10780",72,1.02774727572816,0.118538986569741,0.000379649544997207,0.00940698858426223
"12062",37,0.831234836789462,0.135537261570595,0.000448160322103935,0.0111637184310432
"11823",56,1.205394895876,0.193207722236984,8.5294196121567e-05,0.0107353467787098
"13622",42,1.1526891511736,0.216774084312306,0.000206134813028409,0.0107191352111473
"14050",50,1.1081219657784,0.222449818627688,8.50359896751849e-05,0.0106729924515069
"14211",59,1.15415729427665,0.152214757775498,0.000113266561146299,0.0105716823228908
"13390",45,1.10076023932794,0.155971158731985,5.18134269073495e-05,0.0101803530248295
"14333",64,1.27270680868578,0.304512417816865,0.000199593583053395,0.0114091415015022
"10958",68,1.0298381805997,0.0982151566974497,1.72137630921427e-07,0.00801138269919414
" 9075",47,1.12827756974226,0.231212254867955,0.0043185028157413,0.0132470256624461
" 8910",73,1.05877145898936,0.0991940155338618,0.000890123689494699,0.0114189672787324
"11655",56,1.3527071654346,0.363773522186042,0.00271151196227432,0.0137964654499828
"14076",51,1.06541316488589,0.271408406650718,0.000190986701507323,0.0114405931657836
"12041",56,1.11538868422567,0.180435626750008,0.000278088342753565,0.0108429583694866
"14061",46,0.938993889415753,0.133495356860751,0.00195565562489833,0.0121791216968892
"10148",60,1.05184729303573,0.184686432784296,0.000525450118387656,0.0112550995203502
" 9914",39,1.0965197635189,0.128847810097552,0.000694575340767958,0.0116359530355516
"10005",59,1.00978134795746,0.107713277092983,0.000292289697304583,0.0108019578576702
"10466",43,1.03665078174917,0.100294043265276,0.000397293652166653,0.0107495904684636
"10335",43,1.04615075040787,0.0969560572676288,0.0012857820341676,0.0117717946435584
"11236",51,1.14483584791777,0.144310314060514,0.000418036236692685,0.0114708837122807
"13649",77,1.10064159651559,0.117585055839417,6.62729879047494e-06,0.00897794178877584
"16314",40,0.976501339105845,0.264401624680154,0.000702837947052186,0.0124079486179254
"10974",67,1.03046725886397,0.0977329973929823,4.21737195757496e-05,0.00814116890441
"10364",46,1.06630049535791,0.108170483097288,9.61388668696169e-05,0.0103953389364809
"10898",33,0.975357476588379,0.139423282612307,0.000824194976851792,0.0112433947234727
"15609",45,1.40155510322568,0.600799732978156,0.000593272344970698,0.0132732141867541
"13398",46,1.05274931038404,0.132811549421562,0.000599899643761173,0.0112151521708067
"12020",39,1.24969055539331,0.239723216447977,0.000335582311481322,0.0118455870080116
"10371",44,1.05191070472868,0.123201612392043,0.000752413584757557,0.0113270717716316
"11769",52,1.13273050191496,0.231871250375446,0.00439458764860857,0.0140034672055742
" 9988",43,0.907276287290743,0.0868208488256381,0.000329213219137229,0.0108130751168932
"10455",41,0.813498957922562,0.0775582806357921,0.000864389113671945,0.0119260783213581
"10144",21,0.765130330169401,0.114315798636539,0.00664545931053715,0.0135762064813232
"11061",43,1.22451104270732,0.186883482113538,0.00276831738047839,0.013665989825976
"10583",48,1.06928568033239,0.129512060819709,0.00120014356278419,0.0122827234266997
"10522",49,1.00087807483757,0.163876665574951,0.000896750988285174,0.0122078951902291
"10206",51,1.06254930549864,0.10718926360767,0.000413388520657807,0.0109538152280978
"10432",21,0.81186464408423,0.111438980062671,0.00288175607925561,0.0130612049796174
"11388",22,0.881612177914601,0.135316987127049,0.00384538253715376,0.0141505515028052
"10748",42,1.17849001115254,0.204905771814285,0.00267260885768607,0.0137394229853883
"11007",40,1.12693694187675,0.242704338193568,0.00229184041808788,0.0138631457865681
"10111",32,1.10589647087398,0.132553301630807,0.0113677970084201,0.0143904943136251
"10479",48,1.05614544998991,0.127233915118926,0.000219217272978437,0.0111125963244349
"11703",26,1.13892187193104,0.189465779320647,0.0141004818992978,0.0148607403842868
"11138",58,1.14347796493209,0.170568753441934,9.67413485778419e-05,0.0110293131383464
"11471",64,1.19637995669436,0.230600027889941,0.000963282182636305,0.0126939659704575
"12861",44,1.0525247680966,0.183528672631646,0.000429139113887117,0.0116752536749931
"12549",47,1.01393069512832,0.192768712941023,0.000484309224597435,0.0123472439215787
"13661",72,1.08443011243229,0.117756226902181,1.72137630921427e-06,0.00885703378678204
"14225",50,0.999055153777696,0.099571509966999,0.000729691417475929,0.0106246901189355
" 7194",45,1.16679281662577,0.285447871707979,0.0004125278325032,0.0114040615564621
"11062",54,1.11084713041399,0.176199863757118,0.00141824194116164,0.0121188849125784
"11111",46,0.916633506125709,0.131784897297415,0.000998053984082433,0.0123097054215734
"10079",51,1.09717115278257,0.156699557087766,0.00108489741888229,0.0115933774050434
"10516",30,0.940635906947747,0.120397643955897,0.00328972226453939,0.0131401398349214
"10267",36,0.870496877351152,0.112081015958208,0.000628130215232287,0.0114861925736098
"11083",43,1.20223372813476,0.211812352948183,0.00397216190232739,0.0140461661710779
"11384",22,1.04749172587291,0.152004705971981,0.00654561948460272,0.0146146912807135
"13227",45,1.28942143182277,0.296911321458573,0.00394487808782634,0.0141891658909461
"11316",56,1.05956124895186,0.161556800257226,0.000340660371593504,0.0114467660377709
"10487",50,1.04215796638962,0.119023374128597,0.000989016758459058,0.0117769067328664
"12338",40,0.840202478101327,0.0889297355078731,0.000631400830219794,0.0111156743781577
"13630",72,1.00125293288957,0.107897833932312,5.92153450369709e-05,0.00886388067032284
"16056",45,1.34531785716577,0.57091140041125,0.00192260519976142,0.0136193322496756
"14180",52,0.94288594592606,0.101856022215392,0.000270772493439405,0.0102208560637288
"11259",44,1.16219258141338,0.28661076395852,0.000512109451991245,0.012268052476385
"12010",36,0.966031644655416,0.195749183523462,0.000378530650396218,0.011935037979733
" 9715",56,1.24853889585781,0.231772721660298,0.000305372157254611,0.0116866338343848
"10171",71,1.01428723894461,0.102540014924038,0.000151050771133552,0.00947266714525001
"10911",36,0.790141813398378,0.102424973686864,0.00163014336482591,0.0121010977751136
"10662",18,0.527050271995993,0.132322205387235,0.00257603964673915,0.0134101031305947
"10097",66,1.02932147247175,0.122972073184356,0.000239959857504469,0.0107906371308854
"11830",51,1.01537176591803,0.13614030524503,0.000137968311183524,0.0107609124585323
"10294",61,1.05648427093226,0.106654545131162,0.000144595609973999,0.0100415544156585
"10719",53,1.08323793113506,0.14841578629569,0.0014380377687176,0.0121325761877701
"11110",46,0.93890990915065,0.104758967460918,0.000655155823286951,0.0115352327982008
"10408",94,1.09118749049513,0.121754769639875,3.44275261842854e-05,0.00914204359597012
"11911",39,1.05914701104425,0.143636103437705,0.000452635900507892,0.0115784330764071
"11171",55,0.911919412123489,0.167049437980906,0.0014231478636429,0.0121273136905008
"13339",36,1.00520124322852,0.205738687710269,0.00463773205228508,0.0137864463130994
"12824",36,1.06995770941169,0.215088351286235,0.00100726334733673,0.01334890120327
"11274",50,1.10750370297835,0.135277882985358,0.000323704814947743,0.0117505844822987
" 9882",36,1.04450975642912,0.117954689504448,0.00276229256339614,0.0125015527861962
"13766",42,0.99366231545173,0.159553148549924,0.000238152412379794,0.0113882657802638
"13448",45,1.14819609528926,0.202794934300894,0.00744538288142902,0.0143455842287805
"12346",63,0.938183381753197,0.0969467141251018,0.000124885851233495,0.00977646131431188
"15117",78,1.05819145695313,0.121143236268644,6.73058136902779e-05,0.0102164081784813
"12518",51,1.07565677594511,0.118762948988854,0.000271030699885787,0.0107869724152777
"12063",47,0.975184526970424,0.120514946120043,0.000246931431556787,0.0105394753948828
"11817",54,1.16629259712134,0.180962500641705,7.15231856478529e-05,0.0106215872579758
"11263",44,1.14010097252277,0.243474266713631,0.00212254305807665,0.0126696066145761
"11365",25,0.683688384289664,0.134739333317176,0.000758610539470728,0.012022447949525
"11160",23,0.884645126204413,0.210873006539511,0.000439983784635167,0.0128054314901575
"11604",45,0.917760590512936,0.122557058934802,0.00186683260734287,0.0119688410715928
"11896",56,1.09448627396534,0.139496695715862,0.000211987492479737,0.0111576203866948
"11172",57,1.07458527490478,0.155115513887886,0.000658598575905379,0.0117047320803909
"10724",60,0.861649481053245,0.0906390128864677,0.000100872651719956,0.0105509007342294
"10414",72,1.01129083002576,0.103483729269437,5.63750741267673e-05,0.00904647438648041
"12905",32,0.85356411398447,0.0991628657044893,0.00264541111200049,0.0123889715674209
"16536",40,1.48193499878854,0.587863327560632,0.00197071766760396,0.0135845440259149
"17589",51,1.14555518499973,0.309787491039375,0.000360025855072164,0.0112826871747531
"10082",30,0.966986699614278,0.123984956280387,0.00154880833421554,0.0122000356630105
"11563",51,1.19487717307521,0.239285111098489,0.000352710005758004,0.0115813118641133
"13145",32,1.052012079786,0.192883382766654,0.0020678893602591,0.0126873104075305
"13484",47,0.94054093551539,0.179961279075404,0.000201659234624452,0.0108872924183181
" 9733",45,1.0560608769385,0.105743770258651,0.000971286582474151,0.0125620965063961
" 9516",64,1.06556580068028,0.130806065422989,0.00015079256468717,0.0109030571540508
"11871",43,0.948526048087632,0.129727775358665,0.000219045135347516,0.010702506916802
"12653",30,0.750795494934133,0.0879370466819508,0.000741224638747664,0.0113350392970531
"10773",44,0.99382066854402,0.107443166992996,0.00115624846689922,0.011190563322638
"12827",53,0.96389401483487,0.141527157664904,0.000138054379998984,0.0106518605769377
"11584",31,1.2676960878383,0.270375398995897,0.00602722700908284,0.0138852460855486
"13527",45,1.06536446097454,0.13156543172716,5.90432074060494e-05,0.010838369610589
"11359",66,1.10967672540317,0.167614422732713,0.00135747735744637,0.0116420168717321
"12138",40,1.01154153016366,0.112763273750638,0.00115977728833311,0.012002124170128
"10146",61,1.02551652183413,0.130334953840617,0.000604203084534209,0.0109521591973323
"11205",62,1.05457903252282,0.123504913324312,0.000572529760444666,0.0110217665732458
" 9970",62,1.07272924535337,0.119085917474062,8.65852283534777e-05,0.0106990160922832
"10313",49,1.2270588564478,0.158228389889757,0.00062133077881089,0.0114177116788478
"10486",67,1.25199972607571,0.186861651953118,0.00173420056271792,0.0119170107922658
"10653",78,1.12268967002081,0.142912818223781,0.000170330185796752,0.0104170583772231
"13232",26,0.938921701462137,0.119006445466732,0.00284655393373218,0.0133414130190539
"16502",32,1.26795043195599,0.445127413406412,0.00115495743466731,0.013139992313863
"17050",51,1.21035886149613,0.284164375548178,0.000454615483263488,0.0125597099859175
"11253",48,1.29461099347151,0.324812716508067,0.000617543750930619,0.0124946822864007
"10765",61,1.02791315092089,0.120397440388571,0.000353828900358993,0.0106376874179881
"10800",56,1.01170228065667,0.141249824411836,0.000494981757714563,0.0112617638633635
"12468",43,0.966246791274672,0.156028729911327,0.00112027170203665,0.0119842693759797
"13568",56,1.07893767133367,0.119653519569267,0.000122734130846977,0.0103890695820129
"11270",40,0.93390427270892,0.0975589767012975,0.00246922824675241,0.0130566970212242
"10630",61,0.953304940147783,0.118305197926808,0.000380940577229118,0.0109423181144348
"10319",54,1.01071327803789,0.159973963969933,0.000490506179310606,0.0115902192747647
"16474",21,0.519270514020247,0.190224998041724,0.000153977110859216,0.0123300816077367
"13935",65,0.995079803383195,0.111286896628247,0.000717383576865047,0.0108463311475655
"16968",48,1.04678823791553,0.371675168318099,0.00122897661596353,0.0130149912966113
"17065",37,1.17780030129586,0.523578526775173,0.00119033171782167,0.013331605775494
" 9033",43,1.03110017831498,0.0916691433848125,0.000826260628422849,0.0113163674758148
"10150",47,1.10530423688742,0.145862570189538,0.000283768884573972,0.0109032795933058
"10561",38,1.01032558969597,0.129981465054566,0.00107439702339609,0.0120873199686761
"11629",49,1.13542617773,0.219833381775935,4.24319260221317e-05,0.0114078554601239
"13462",40,1.08402190996414,0.20287083808201,1.37710104737142e-06,0.0100464385492085
" 9805",36,1.03617948112902,0.114950615783506,0.00165596400946413,0.0121719962771093
"12833",59,1.06179040408041,0.156991342483544,1.24799782418035e-05,0.00954786399224071
"13573",39,1.09470995154572,0.157254281050887,0.000885906317537124,0.0116788103799122
"10663",46,1.06653690322665,0.125136964611206,0.000819891536078756,0.0116782232571309
"11690",79,1.11636027217265,0.1444560046171,0.000525105843125813,0.0106548058355018
"16183",56,1.39693593710129,0.46232238634295,0.00120840616906842,0.0135059927229178
"11707",49,1.43440648194918,0.399152552810757,0.000941248565878362,0.0128526386757852
"13537",64,1.04738404842218,0.121663217684038,0.000469677525969113,0.0106061675357949
"14456",60,1.08161853681867,0.118843708419574,0.000300810510035194,0.0106544308951801
"16210",41,0.866015434554028,0.233305057299892,0.000128242535036463,0.0120324346273539
"12018",41,1.19544278089503,0.302809607578698,0.000153460697966452,0.0122126760287971
"14941",61,1.66362678690402,0.787592707686516,0.00202881411803994,0.0134593063791244
"15526",55,1.23333988194216,0.455888860447068,0.000554024965120613,0.0127594025519113
"10143",59,0.995722290438552,0.121862595108775,0.000201314959362609,0.0114349616302051
"14064",52,1.08045366093229,0.263276306195379,0.000204843780796498,0.0114020680906855
"14668",51,1.05964660115681,0.109269591362113,0.000625892426030308,0.0113667727388964
"12021",56,1.31164866420083,0.325923692627339,0.000404867707927196,0.0124048443749357
"11665",61,1.3170070675878,0.226719693902174,0.0017059699912468,0.0125528171210688
"15524",56,1.65278054894391,0.591716730618644,0.00217366793446032,0.0132597373278188
"16033",35,0.741737062576183,0.28790478154186,0.000124369438340731,0.0127672169088982
"10896",43,1.07082878694925,0.114397781895152,2.6423126346439e-05,0.0100678931027937
"11609",67,1.07464377368114,0.159765580203335,0.000515293998163291,0.0106285220371096
"11303",45,1.03167438134979,0.107485029678977,7.54823511590457e-05,0.0102063409971574
"16151",33,1.11038483346354,0.393423269647161,0.00101845229334662,0.0130191455375774
"14938",36,0.812828683652069,0.368837821687438,0.00012781219095916,0.0120534776353526
" 9920",47,1.21872678324991,0.36626107879633,0.00408103895388519,0.0136435501149747
"12013",32,1.01435932160691,0.223815944444178,0.000484051018151052,0.0120377344896383
"15273",49,1.20989405803829,0.47061596634033,0.00489404498472709,0.0142334828930562
"11999",38,1.3111061983868,0.312088010624147,0.00296068118303308,0.0131476900981936
"16026",42,1.70987710898802,0.671300395717813,0.00196701670853915,0.0135221151569591
"10887",45,1.06050369214295,0.112542575386827,2.7628089762889e-05,0.0100525282135902
"13576",22,0.538619734722017,0.0838990219569594,0.000824797458560017,0.0126645479480921
"12936",37,1.16147557082775,0.263746769566986,0.000686829147376493,0.0131686306962418
"13222",46,0.874971199252479,0.20760472159219,0.000597920061005576,0.0127004835050969
"11966",69,1.08972610836922,0.172276913867365,0.000879795431639413,0.0115953072671093
"11176",48,1.10687913280537,0.107225900195879,0.000100270170011731,0.0105126169197351
"11498",88,1.06731925113804,0.10883003280109,1.36849416582534e-05,0.00833415358517832
"16552",30,0.74662030880595,0.267550920266824,0.000240218063950851,0.0125076358422708
"15521",50,1.20849336158415,0.462836918891517,0.000687259491453797,0.013037200087146
"10288",42,0.938878073916665,0.114171192859222,0.00163780348940192,0.0113407505066091
"13391",35,0.723730267347603,0.170546077756061,0.00141187284881754,0.0125070639406612
"13807",50,1.16360898496836,0.172820813771873,0.000603084189933219,0.01126683125845
"13455",37,0.846292659166459,0.131723918209088,0.00542792984702989,0.0135242870798351
"10421",39,1.09380192277846,0.299764282543064,0.00337596321763102,0.0136927218311114
"16471",39,1.74915172909987,0.545740547724943,0.00447256599541597,0.0141243647488109
"11192",42,1.04213958710604,0.16021299041582,0.00118688896520324,0.0124844203567241
"10356",46,1.02939957907811,0.150124290924396,0.000105692505385756,0.0105986586116442
"10605",33,0.998398870381203,0.114226051492639,0.000281014682479229,0.0108100055090157
"10740",52,1.0729716304207,0.122362046257331,9.22657701738848e-05,0.0103410164593435
"13705",36,0.918766590061231,0.137296795197674,0.00156240720705833,0.0120304018960292
"11500",21,0.783044141591854,0.128517935931255,0.0071005912066934,0.0137496700457904
"12821",53,0.995567870467047,0.13935789280673,6.23138223935565e-05,0.0103550780290159
"11597",41,0.990332497420048,0.102385173948807,0.00431953564152683,0.012465899200412
"11156",36,0.881166976905946,0.195885777565151,0.00299717436078842,0.0132940859665717
"12625",47,1.10578076219723,0.150525599576902,0.000594133033125305,0.0118147518149931
"11348",77,1.06293607153974,0.104957297070922,2.84027091020354e-06,0.00810654905422545
"12036",44,0.882118286412255,0.159683288886954,0.00112405872991692,0.0123103108365334
"13557",45,1.1518556102772,0.167631552607158,0.000121184892168685,0.0115861951115601
"12287",36,1.10316813007338,0.20374619320073,0.000999947498022569,0.0124194724757194
"12032",43,0.965871659760045,0.145371010696034,0.000690530106441304,0.0118359494609475
"17051",39,1.31307131346853,0.458043379560988,0.00137899456131155,0.013411473927886
"16022",26,0.735478630746442,0.301366083312314,0.000345652362890225,0.0128594459362781
"16485",21,0.471387202873561,0.111712384634547,0.00109832415409416,0.013077008581725
"10876",41,0.971840601862781,0.131208626124476,0.00140550375647345,0.0120827031852683
"14382",60,0.975911572269198,0.154256446348722,0.000802333497724771,0.0124030768734622
"13632",64,1.09483766109878,0.127996364647395,0.000116795382580188,0.0106364200749812
"12928",39,0.882654593593085,0.114073210292138,0.000751294690156568,0.0116854494799509
"12231",47,1.06320159736261,0.170857459066208,0.00158960495274392,0.0126916486630832
"11987",53,1.07725542168402,0.169282875435801,0.000332483834124736,0.0114099383512561
"11314",60,0.958157064793526,0.105421883298033,0.000589743523536809,0.00974841333955415
"15953",50,1.05291442059801,0.292251616215372,0.00056934521427262,0.0120390525532376
"16335",44,1.08214138884083,0.296601138757448,0.000565299979945966,0.0123594763562703
"10404",59,1.06623446962496,0.126267026275023,0.000136849416582534,0.0102370397291921
"10674",47,1.11770823166968,0.167284397074515,0.00120763154972927,0.0125064557887795
"10509",49,1.00469088043774,0.144176509423546,0.000819719398447835,0.0120742158157491
"10289",67,1.08936089487363,0.130972711264028,0.000204929849611959,0.011133223477331
"10025",66,1.02145646819727,0.118157017840963,0.000760331915779943,0.0111199932108569
" 9834",56,1.07993324676202,0.126663835678193,1.21357029799606e-05,0.0101383627357118
" 9731",43,1.05348894706901,0.135219378430626,0.000421478989311114,0.0112359247792319
"16484",34,0.821602858831375,0.183137005358714,0.00164072982912758,0.0132104502296867
"13627",50,1.06884017541718,0.14511338003311,0.00109075009833362,0.0113930342139942
"11673",70,1.04620436743619,0.116285217182095,6.91132588149529e-05,0.00866991934459205
"14304",45,1.1003722378116,0.174974484519161,0.00122475924400595,0.0118453737232071
"10695",28,0.903565331294722,0.140636854592549,0.000808616521253403,0.0118647484222577
"10244",45,0.966124553548943,0.106134847573845,0.000341004646855347,0.0106564724262115
" 9792",48,0.960428883348489,0.108759330269865,0.000321122750483922,0.0108447445522739
"10641",59,1.06048065849089,0.111709917533587,0.000840548051789328,0.0108535134651032
"12422",61,1.08048851154855,0.120057564309011,0.000313118350646076,0.011247392721985
"11313",81,1.04237191998425,0.105554629190837,6.11088589771066e-06,0.00764033426049431
"14414",64,1.06434367098929,0.127794261365215,0.000647581767526408,0.0109952223962145
"15260",73,1.12711997738212,0.184157341481536,0.00164976705475096,0.0121131858786411
"16787",46,1.10805229015427,0.26470316735741,0.000485342050382963,0.0126499257191987
"11231",45,1.10040184514116,0.165104110188859,6.04203084534208e-05,0.0110500428458398
"10710",42,1.12910122389875,0.189690436495876,0.00290525286587638,0.0125845559682819
"11532",51,1.12060842004486,0.19627075063264,0.000144337403527616,0.0113002531939305
"10798",61,1.02965157908238,0.099168462387905,0.000120324204014077,0.0101612506087587
"10450",51,1.07244463303204,0.122828158536058,0.000183498714562241,0.0111639060702107
" 9686",49,0.93747525668064,0.0989941092686342,0.00135480922416709,0.0119376607547681
"10328",61,1.1095954659486,0.116957712261502,7.76340715455635e-05,0.0102941747796475
"10016",44,0.825580644555195,0.134634501023075,0.00181656841911382,0.0125712604377177
"10238",55,1.11881643022008,0.134184750662147,0.000124455507156192,0.0102857731541516
" 9944",54,0.914166857526362,0.140543400188168,0.000208889015123152,0.0110312846573642
" 9819",51,1.08369278066896,0.120048970320767,0.000933158097225055,0.0119935940130652
" 9945",73,1.07505831699354,0.123951173174765,9.12329443883563e-05,0.0100504683813424
"10847",54,1.00863999110358,0.0972790809354586,0.000497219546916542,0.0112017090118433
"10076",52,1.03317991382798,0.129842178851274,0.000350816491817868,0.0110049938107985
"10428",83,1.0696559663855,0.107062131237651,2.45296124063033e-05,0.00950613229536984
" 9935",42,0.955685803046646,0.111788209974337,0.00118869641032791,0.0120381395264553
"13241",43,0.866788533843715,0.138250848033802,0.00211755106677993,0.0119066541393229
"12219",47,0.936985551899434,0.113707724121868,0.0010371292263016,0.0119085400418322
"15137",58,1.1393724798098,0.180491329581722,0.000744667391366093,0.0115177029971561
" 7195",35,1.09629314020913,0.27917432762635,0.000106036780647599,0.0111960924516412
"11228",32,0.954646245624847,0.152761651346464,0.000658168231828076,0.0117360029090279
"12042",48,1.09724455077704,0.163209959884305,4.61328850869424e-05,0.010661815246052
"11460",50,1.03400288912174,0.193696873330398,0.000339369339361593,0.0109190149524301
"11680",45,1.09593169192542,0.158383090261994,8.32285445505099e-05,0.0104509597755505
"10882",50,1.07835363159084,0.101819324510746,0.000219131204162976,0.0100989718788007
"11390",48,1.03918976454551,0.102670842286471,0.000301240854112497,0.0110779233889709
" 9910",58,1.02764080294273,0.11157588609927,0.000257087551781151,0.0107112927058056
"10069",50,0.899604860694382,0.103075533221583,0.000300896578850654,0.0102986578189131
"10164",85,1.03618661141815,0.113062871820103,0.00023522607265413,0.0101809640904242
"10185",52,0.905016745142775,0.0979500061949267,8.89951551863777e-05,0.0102763792307566
"10465",54,1.18648611069875,0.163422600121119,0.000189781738090873,0.0110484367273656
"10758",47,1.14449597464657,0.171948648718121,0.000512109451991245,0.0119737469742371
" 9981",46,0.950446542912905,0.111940195856374,0.000543438500818945,0.0115386989719311
" 9784",65,1.04053191854554,0.106025591383223,0.000121959511507831,0.0100585069331589
" 9685",66,1.0658599170862,0.113285358578948,0.00017377293841518,0.0100642896430825
"13949",46,1.31579871534578,0.271195614473916,0.000365620328077111,0.0123141468588282
"13273",52,1.02624598749302,0.116975745460893,0.000897869882886163,0.011840482422344
"13652",40,1.0901081907446,0.20261371589288,0.000514605447639606,0.0109199763946924
"12728",51,1.23749525958229,0.256551725723165,3.34807692142175e-05,0.010976619179993
"12995",54,1.04232362076648,0.177990105797653,0.00116890058277195,0.0117007234681173
"10761",35,0.984258761904868,0.14831399391394,0.00136057583480296,0.0125792028783054
" 9688",56,0.986171956626523,0.105797407874119,0.000139087205784513,0.00971270555323919
"13900",43,1.10381826378351,0.162188161833432,0.000985746143471551,0.0122159722760878
"11297",56,1.05631319373548,0.120505257449165,0.00041502382815156,0.0109014419461514
"12413",32,0.561549845913778,0.122497381033169,0.000407621910021939,0.0117977790608442
"12223",43,1.09610860564516,0.169376162304168,4.51861281168746e-05,0.0109872796592757
"12959",25,0.732765273674812,0.13446670692643,0.000918612467412195,0.0120816368569309
" 9767",53,1.15949399989251,0.166497618326593,0.00118533972652495,0.0122204082826886
"13503",39,1.06836066071336,0.193858225672934,6.41212675182315e-05,0.0104808929210385
"12850",51,1.17535584838338,0.240206715038879,0.000163186474113513,0.0111797263010746
"11682",49,1.09127019481123,0.156565586411727,0.000142616027218402,0.0105732630251791
"12043",46,1.09688499590403,0.165997698585294,9.38150088521777e-06,0.0105001484443342
"14329",42,1.09658969013826,0.196151998649137,3.66653153862639e-05,0.0101275704741907
"11277",46,1.16841254273899,0.225088643011906,0.00248867979904653,0.0127125428738744
"15263",62,1.30368001883038,0.425661174776957,0.000428364494547971,0.0127014673397592
"13570",29,1.01194887836314,0.286715805852424,0.00112534976214883,0.0130815715297252
"12947",58,1.18734837678123,0.255678888228478,0.000723322325131836,0.0117234559008065
"13373",46,1.08600795883166,0.204664238606687,0.000365706396892571,0.0108929807925731
"11668",48,1.08717443651628,0.162968130865189,0.000349697597216879,0.0106764199293179
"14263",51,1.03648520965697,0.184250714714337,0.00044876280381216,0.0107191768646652
"16178",64,1.3802104069724,0.436892053255112,0.00157480111648467,0.0131703759623049
"14521",55,1.19735245102245,0.29349882435742,0.000574337205569341,0.0119455631157359
"15373",51,1.03566291044795,0.244835732554486,0.00108506955651321,0.0125294111751745
"12195",36,1.02755260010717,0.159685016744417,2.03983092641891e-05,0.0108534778581892
"12760",66,1.07372619063338,0.120713405282594,9.41592841140205e-05,0.00991388687220009
"12402",67,1.11832573171825,0.127666863248699,0.000250202046544294,0.0102344012822828
"14474",49,1.14717549495378,0.276819975853249,0.000678910816354108,0.012077088074402
"14325",40,1.07690647183206,0.192457914906317,7.57405576054278e-06,0.00989340703170252
"16205",29,0.717606438095922,0.168255057861657,0.00182388426842798,0.012771155037493
"14858",44,1.03511375183165,0.17854665232929,0.000151653252841777,0.0107349569660679
"16200",33,0.764127968500603,0.155618001663422,0.000640007711765865,0.0118972244936338
" 7145",44,1.19776527363515,0.218396540766943,0.000228168429786351,0.0104824262196669
"12485",52,1.14751533467365,0.135621117917286,0.000207339776444859,0.010962296946657
"12763",68,1.07229846681752,0.134100083126658,0.00010009803238081,0.0101673477281684
"11454",40,1.04543030008819,0.123447114079268,0.000561857227327537,0.0108651709135605
"10913",53,1.05350072542066,0.128500135314344,4.63050227178638e-05,0.0097078845492737
"16147",59,1.30978044328149,0.487735319328458,0.00150663461463979,0.0132294063479831
"15514",48,1.52165135739625,0.769678443449666,0.00203036335671823,0.0136698134090259
"11758",39,1.01244514333151,0.151673848195304,0.00101853836216208,0.0121520410480254
"10883",57,0.992133851779754,0.138478031483656,0.000922141288846084,0.0118292069172324
"11684",47,0.936353309684774,0.0982001282490343,0.000150706495871709,0.010350738925358
"11177",64,1.052498701316,0.138408199866384,0.00065506975447149,0.0116827239700697
"10393",66,1.02398782853934,0.113436053761974,0.000150448289425327,0.010443325802269
"10483",47,0.920452217164668,0.0961726380197538,0.000381543058937343,0.0107458546692613
"10796",55,1.04911353064617,0.102806260106089,0.000145284160497684,0.00986694378827755
"10669",62,1.1022910387841,0.109500066707826,1.88490705858962e-05,0.00933244686425991
"11397",57,1.06097213618951,0.10068564450188,0.000385674362079457,0.0106956631864276
"12150",53,1.01348366983165,0.135683928137014,0.00100760762259857,0.0117738611925028
"13856",41,1.03552856465372,0.166568182378234,0.000157936276370409,0.0109950362555766
"11801",65,1.15391488563138,0.193822676379919,0.000156473106507577,0.0111588874402896
"15104",42,1.19344769280791,0.459296904004588,0.00170244116981291,0.0134976485582746
"11555",48,0.918008614810827,0.0973130384749728,0.000286781293115097,0.0106317637214908
"13752",48,1.19034298548339,0.225319819657363,0.000593616620232541,0.012231387057694
"16559",56,1.28678188352738,0.398864925314293,0.00134568592972825,0.0133151934261082
"11936",64,1.03228714835803,0.0988256393827597,1.97958275559641e-06,0.00835812635238323
"15348",26,0.405989546929988,0.0898618517561498,3.2447943428689e-05,0.0104100898067008
"16006",44,1.2023952481841,0.466614463915135,0.00184893029372705,0.0134989218555739
"10230",36,1.04827958023313,0.123007994304297,0.00137598215277043,0.0125918294862371
"10033",23,1.14608866693861,0.122392268894916,0.00223632603211572,0.0126677001340882
" 9925",29,0.97800530423589,0.111821747485259,0.00118482331363218,0.0120781832776751
"11909",27,1.2276703046196,0.258312631451986,0.00151627432197139,0.0124168279803911
"10436",64,1.06458885603314,0.116260210586179,0.000384727605109389,0.0101122341273984
"11849",37,1.20902003060141,0.247584745615725,0.00131082805946667,0.0123709848991069
"10684",68,1.02180014215627,0.104292637171168,0.00018582257257968,0.00999159368822976
"10571",45,0.901889341902867,0.159305329743921,0.00167816976385299,0.0125227665518805
"10856",75,1.09244028279604,0.120617344387061,2.96937413339461e-05,0.0092266416321586
"12435",51,1.13305518954452,0.136117013245303,0.000119119240597627,0.0110399837169597
"11521",66,1.01167559794234,0.1168202156095,0.00045599258431086,0.0107379767273579
"15326",29,0.548476199336062,0.106588354853072,0.0004269873935006,0.0121908557109215
"16002",13,0.391163839846316,0.0928870055021513,0.000310278079735872,0.0120934612942529
"11431",39,1.08581133688694,0.15896995823674,0.00143640246122385,0.0118068087616798
"12857",47,1.16907677629194,0.221222578193984,0.000744581322550632,0.011419768992096
"12545",39,1.04404154535286,0.20286849058138,0.000183068370484938,0.0108197904664578
"12841",50,0.917628674726579,0.134498001221297,0.000292375766120044,0.010996322951567
"13539",51,1.09260682074134,0.167126833808017,0.00121529167430527,0.0120879928210891
"11885",30,1.07447415673531,0.228665950757596,0.00104014163484272,0.0124466676528207
"12449",48,0.97626081900308,0.119671677015335,0.00129283967703538,0.01192288603671
"11391",63,0.990176752986397,0.107793514807663,8.41753015205778e-05,0.0103831727932312
"17054",50,1.07525432516321,0.359447234304185,0.0011985943241059,0.012995317054121
" 9829",36,1.00440869890049,0.118571335932007,0.00162274144669629,0.0128879095090673
"17851",78,1.04906014912837,0.118969017117418,8.31424757350492e-05,0.00985554937797587
"12240",54,1.18209155379785,0.234844691944208,0.00180735905585952,0.0121813057882854
"13987",50,1.0963700172322,0.191700995180699,4.81124678425388e-05,0.0104444467741803
"11369",64,1.10283048569164,0.197232659547756,0.00102077615136406,0.0122850745080882
"11071",46,1.07210066127397,0.142954079055074,0.000332828109386579,0.0116972179766275
"11683",68,1.14834738641475,0.162597366191145,0.000463136295994099,0.0115421846034492
"10286",40,0.83347801741224,0.101943606106095,0.00102464924805979,0.011610521415789
"10572",49,1.03351479711979,0.149534432836575,0.000386276843787682,0.0115251271223584
"10180",51,1.06890949813292,0.134309459468904,0.00106260559567797,0.0116918073446901
"10492",54,1.04043833114111,0.133894932658969,0.00106751151815923,0.0119615332799412
"10321",48,1.09455605382261,0.140710960268599,0.000922055220030623,0.0114729656583225
"13614",45,1.10954646338587,0.146263313204855,0.00054051216109328,0.0111901140273331
"11347",49,0.998705692284306,0.109310694274678,0.000531216729023523,0.0114937419450818
"14340",72,1.31936349677642,0.307911989924395,4.30344077303567e-06,0.0112749617239091
"11045",57,1.07059625634116,0.127219699338402,0.000111717322468006,0.0105008170183564
"10548",41,0.945562801834814,0.122915138908073,0.000483448536442827,0.0114098231539035
"11859",50,1.20708751147904,0.280048175894901,0.000607731905968098,0.0125082458565825
"10717",60,1.11208617865605,0.111285732209113,0.000620814365918126,0.011102442436426
"14351",46,1.43003867744909,0.332295794224276,0.00120048783804603,0.012302599184221
"10216",47,1.04939474119232,0.120840249048979,0.000273268489087765,0.0108166020552671
"10338",52,1.08960641054736,0.139121066231545,7.49659382662814e-05,0.0103964264462504
"15601",34,0.964173124269188,0.417993842666565,0.000568914870195316,0.0130880949250647
" 9894",47,1.04450168642487,0.106824839724503,0.000298486652017754,0.0111534542212651
" 9598",49,0.965690400164295,0.101004335627731,0.000526310806542263,0.0116138123102649
" 9735",67,1.02186221380689,0.106110692885749,0.000299089133725979,0.0113103310591585
" 9635",42,0.986157373555733,0.121235997301937,0.00156869023058696,0.0116983099061037
"10566",39,0.990976036453726,0.127839133355785,0.0022964020653073,0.0123918014001102
"11120",58,1.11468079350537,0.155992143742312,0.00108085218455564,0.0116207109151638
" 9955",52,1.04984744797576,0.144626294377368,0.00173764331533634,0.012555907974112
"10026",68,1.02191254292527,0.0897393556567877,0.00077565216493195,0.0115832298802527
"14356",38,1.16311502748387,0.277407761623367,0.000211040735509669,0.01163975406189
"11661",42,1.16723488112731,0.293386634451943,0.00117363436762229,0.0126282521803776
"15639",27,0.456356510380969,0.083673463680669,0.00055979157575648,0.0115923665044729
"10134",46,1.06254503772899,0.108718810662445,0.00333955610869114,0.0128632548693034
"14523",25,0.940171945528026,0.19504425077493,0.00142409462061296,0.0129937795391088
" 9909",48,1.10790412522416,0.136449856117228,0.000635101789284605,0.0117159579331606
"12564",50,1.15927043296397,0.291824990951215,0.000424147122590396,0.0124196037731787
"11268",51,1.03216909373441,0.104983686459036,0.000282391783526601,0.0113757544563298
" 6062",67,1.0578703583382,0.148940685536616,1.72137630921427e-05,0.0100107703691668
" 8039",35,1.13163605170889,0.321848921689042,3.96777239273889e-05,0.0112934860819644
"10378",37,1.06938370761825,0.106858419546793,0.00116210114635055,0.0116066777939804
" 9640",50,1.30009864490364,0.317534471711499,0.0022727331410556,0.0130428067123602
"10217",42,1.04483414405105,0.133145946768523,0.000722289499346307,0.0113639647967424
"11744",41,0.990115789823753,0.135134970706528,0.000208889015123152,0.0107959592489123
"12117",34,1.01667624670753,0.136833317526099,0.000280412200771004,0.0111314789634292
"10582",35,1.09945236895494,0.168834355541296,0.00116218721516601,0.0119248702730989
"10900",36,1.21882558891034,0.272564414680556,0.00058259981185357,0.0125798503165595
"10502",45,1.06702996955202,0.152412301783152,0.00055015186842488,0.0116123273607982
"10387",51,1.10309293640733,0.172609346183677,0.000205274124873802,0.0111913777881178
"15604",47,1.58841270761033,0.66756698900613,0.00150852812857992,0.0133975045578227
"15441",51,0.888583383725401,0.215702653766118,0.000419929750632821,0.0118334863068857
" 9734",39,1.04477820296481,0.112995996775945,0.00348466813155791,0.0135079559204463
" 9604",41,1.2025469979186,0.163815652078825,0.00376835094731642,0.0130966475564227
"12132",41,1.15494250627566,0.254088630328188,0.0019537621109582,0.0130084960904566
"11770",53,1.06902913313079,0.18676569631352,0.000251493078776205,0.0106531659796262
"11481",64,1.0551167347857,0.17054803705122,4.12269626056817e-05,0.0101838469570628
"15350",47,0.747539389761249,0.197732104247162,0.000300035890696047,0.0125319352675199
"14562",57,1.19520522137126,0.352696869638454,0.000654897616840569,0.0123882824093286
"11387",50,1.06002784890257,0.112747047348913,0.000414765621705178,0.0110940637294134
" 6056",73,1.06122148099436,0.149401610394807,2.10868597878748e-05,0.0101102660606338
" 7201",38,1.07564138085939,0.249258882067688,0.000587419665519369,0.0113905137472635
"12221",40,1.03296739178636,0.15290974936482,1.58366620447713e-05,0.0101169299498865
"16060",63,1.51600733876526,0.512441757210727,0.00336262255123461,0.0137624347770371
"10475",59,0.977766211455697,0.158587919109043,0.000538360440706763,0.0117530398669396
"12524",38,0.973449790824875,0.168179223268738,0.000254419418501869,0.0113651672006993
"12401",44,1.03361604247459,0.163328846977405,0.00105477333347104,0.0114903445683722
"12100",49,1.14596833899284,0.204564027757149,0.000570291971242687,0.011277724368354
"15602",26,0.703537123567665,0.224895954618476,0.00138450296550104,0.0127619134583638
"15396",59,1.33085038541104,0.511123178465374,0.00193035139315288,0.013368112870461
"15716",37,0.844750156990933,0.208387945501926,0.00140163065977772,0.0125945783905299
"15525",62,1.21552145336521,0.391386843454598,0.000391268835084403,0.0126085360811608
"16003",34,1.24440533892789,0.187056782228614,0.0043482826258907,0.0132585712036825
"17686",54,1.17495585012022,0.333490075143204,7.4191318927135e-05,0.0110949107290174
"12314",47,0.89543017494771,0.0938941709472155,0.000261046717292344,0.011381255611899
"11837",49,1.12570615882021,0.166722350303839,2.41853371444605e-05,0.0103537298411778
"12676",47,1.17214019337823,0.184257809194339,0.00462447745470413,0.0132183143792373
"12433",40,1.04006671973985,0.160913463984714,0.00016284219885167,0.0118013732077006
"12863",23,0.574294715833411,0.0887151476572564,0.000915341852424688,0.0123108044992964
"12168",65,1.290693517362,0.248209569626305,0.00150870026621085,0.0120250134397109
"10783",59,1.0809234148156,0.127481841897255,0.000366653153862639,0.0106272795770894
"16481",33,1.4362110354693,0.508594211057002,0.00243239079373522,0.0140311649128268
"15414",14,0.210568854641386,0.0598773886698578,1.42874233664784e-05,0.0111659249284576
"12363",24,0.916920162741525,0.150608772399795,0.000454701552078949,0.0122821074799863
"12873",34,0.793631835216111,0.109019458678844,0.00133355022674829,0.0122415185052333
"16468",24,0.611899934137007,0.18937179835772,0.000427331668762442,0.0133825061767276
"15430",16,0.235673686038544,0.0669356736097758,1.00700514089035e-05,0.0107573588372874
"16025",50,1.40247968129823,0.474680641222351,0.00085535188804857,0.0130493295755943
"17610",56,1.30862900099137,0.351091698627694,0.000820666155417903,0.0128231047455567
"10775",66,1.07348895699844,0.122078618153654,0.000226447053477137,0.00944903369398791
"12778",52,1.0286417706368,0.15555768249113,0.00135721915099999,0.0118212122528719
"12458",63,1.116554063174,0.132629281036538,8.77901917699277e-05,0.00994509472319602
"13243",52,1.13443513319974,0.262295711921349,0.00265066130974359,0.0135508923799483
"13545",46,1.03638988020027,0.173451621033481,0.000809305071777089,0.0116937630083934
"16970",46,1.27378068147955,0.451040969867464,0.00323678994303105,0.0141292732787157
"11260",36,1.22168457932984,0.174578437533122,0.00692621578656999,0.013770952202786
"11382",26,1.11081634685925,0.152766447208285,0.00527068212118317,0.0136059448266876
"14331",62,1.27692916930329,0.297479390444646,4.73378485033924e-06,0.011214080723801
"12202",47,1.07825886557692,0.176851023479729,6.72197448748172e-05,0.0109825593553344
"12603",65,1.09310801487936,0.136841263364974,0.000124369438340731,0.010957091591841
"16447",51,1.32840022714152,0.45711357727845,0.000487149495507638,0.0129181920266101
"10962",70,1.0249978652065,0.0981897149295911,1.97958275559641e-06,0.00782807747783401
"12686",32,0.740168534055986,0.129453686445165,0.00104005556602726,0.0125770109285348
"13212",59,1.12139054800162,0.128121537619965,5.55143859721602e-05,0.00968301804807606
"14412",60,0.982325987086826,0.111527536301311,0.000704215048099558,0.0111037007207155
"11159",55,1.10117414995574,0.175223815402624,0.00112293983531593,0.0120517363108668
" 9961",49,1.06284121428724,0.130986597633974,0.000337561894236918,0.0108661846327305
"10610",40,1.08261375580109,0.114848547184564,0.00134852620063846,0.0128703449475809
"11437",75,1.08756738045514,0.143921249931313,6.02481708224994e-05,0.00991272327604259
"16525",17,0.338996455341599,0.0737634161754011,5.97317579297351e-05,0.0116770098775375
"11227",31,0.957932233218654,0.0981819950330246,0.00210309150578253,0.0120602301795297
" 9956",34,1.04953194795089,0.14218324833849,0.000960183705279719,0.0118658045124182
"13782",52,1.23369254931466,0.230891899134435,0.00021594665799093,0.0114696314412038
"16498",48,0.625331071434587,0.117389347487134,0.00040297419398706,0.0116969024130081
"16947",50,1.52694511937197,0.569507067942199,0.0016356517690154,0.013533437093034
"10969",70,1.02489101359186,0.0983850752422308,4.64771603487853e-06,0.00831473516867257
" 9917",33,1.17015871201692,0.27495469121944,0.00138854819982769,0.0129492723961046
"10118",42,1.29051974715495,0.343180397880188,0.00271288906332169,0.0134182661681947
"14593",39,0.722501607323889,0.119720373433051,0.000636220683885594,0.0120091774486061
"14153",74,1.07250983724326,0.115469190602274,4.09687561592996e-05,0.00969482960351961
"11497",48,1.09166788934779,0.207600796216567,0.00154631233856718,0.0128053116654301
"10478",63,1.11384955883937,0.140097005753052,0.000344705605920157,0.0106555815231882
"11044",44,0.984851361474421,0.149525021635857,0.00146919467991438,0.0121399184259156
"10115",71,1.10999145303139,0.120829854615022,7.238387380246e-05,0.00981220928443644
"10746",53,1.09089620369332,0.120947839077628,5.08666699372817e-05,0.010331218814436
"11252",60,1.15454409608067,0.19556963140045,0.000636048546254672,0.0119991194283684
"13970",46,1.07504511228463,0.168815125427136,0.00106303593975527,0.0126707611236581
"11738",64,1.12525917869119,0.170092264855336,0.000304769675546386,0.0111176794520906
"12617",32,1.15767666301193,0.307510942620903,0.00157187477675901,0.0131275985618691
"11151",55,1.16893490823368,0.190666867918825,0.00121417277970428,0.0116388625737629
"11485",56,1.10358243356616,0.197208978347872,0.000197269725035955,0.0102017275038834
"11796",50,1.07365243977334,0.190032327591818,4.73378485033924e-06,0.00953705462884015
"11400",31,0.932765183821603,0.0962988924474955,0.00173316773693239,0.0126424069126222
"10476",60,1.10199278586309,0.121094866896368,0.000412355694872278,0.0111415471647377
"11102",61,1.3629462667328,0.223163251912301,0.00182801557157009,0.0125893286443024
"16790",32,1.10728591286921,0.289515079212464,0.000927305417773727,0.0125789865428598
"12817",45,1.15927712642602,0.226412006650731,0.000258808928090365,0.0109248513317679
"11991",51,1.13947393741364,0.230046865926338,0.000380940577229118,0.0118942823005392
"12553",47,1.03970039422097,0.164022434161979,0.000731929206677907,0.0116239219254486
" 9891",64,1.03338223734056,0.108674791319938,0.00126684689476624,0.0116651536798229
"10135",39,0.923524700237055,0.0924821687550503,0.00116270362805878,0.0117410908328392
"11213",38,1.10606945095866,0.142196111798842,0.00257905205528028,0.0131490028135771
" 9885",52,1.04205605019526,0.108691046050177,0.00118990137374436,0.0118148210541627
"14610",43,1.26595345533966,0.264708874602776,0.00395968192408558,0.0136478526713258
"14334",36,1.13412028543064,0.198779484076816,0.000408310460545625,0.0109746941587797
"13735",33,1.10016071505297,0.211346783139549,1.9537621109582e-05,0.0106307179642398
"11479",62,1.25537378162601,0.223361330750505,0.0013705598173964,0.0110326417103908
"11518",43,1.15142955560527,0.221933499168024,0.00129920876937947,0.0124166531514394
"11222",44,1.21237330642621,0.286097185527753,0.00134318993407989,0.0126160947825227
"12595",41,1.04747220945455,0.151986708211297,0.00113757153394425,0.0114374140064625
"10599",48,1.00973377435586,0.131363707187748,0.000249341358389687,0.0109786512361628
" 9924",50,1.05219080849676,0.103136648433978,0.00315020471467757,0.0123413346013981
"18512",60,1.21200283712488,0.333408229745244,0.000590948486953259,0.0117559024548525
" 7465",65,1.03286159148363,0.09124200884892,0.000288416600608851,0.00966874706175933
"13881",79,1.02036452534613,0.119072036042265,0.000363812882952436,0.0106882006100326
"13459",54,0.997874120987907,0.142131906502586,0.000524675499048509,0.0114384073202954
"10368",45,1.06576591179664,0.127116499838458,0.00028592060496049,0.0102027686765671
" 9527",69,1.12485628944993,0.146065530593931,0.000239013100534401,0.0101969856088852
"13673",38,1.10738490957947,0.211645899017423,0.000515293998163291,0.0113830447207958
"12555",37,1.01580114300102,0.149920760461553,0.000414679552889717,0.0116245871695295
"11977",42,1.16414894682116,0.218881558919166,0.00186184061604615,0.0122788720044197
" 9745",33,1.1149193319123,0.117079806678763,0.00218046737088171,0.0133170276552988
"17636",55,1.03470126065831,0.284527612750783,0.000306491051855601,0.0113479521474688
"14338",46,1.12237296609917,0.187075488590608,0.000181777338253027,0.0106652495023027
"13686",41,1.02974636583354,0.197046609669624,0.000217581965484684,0.0110096445703378
"12730",45,1.10510060388872,0.184282728954043,0.00113008354699917,0.0126426277347693
"12393",54,1.32185480138404,0.233671245948844,0.00386078885512122,0.0133115672648301
"12238",45,1.23500218215057,0.222478171016369,0.000994525162648544,0.0128013133848779
"10155",48,1.07807665585681,0.142537098644675,0.000176010727617159,0.0107711193665241
"13664",75,1.099713318037,0.113559122763589,6.70476072438958e-05,0.00908656599313747
"17194",26,0.88360909520763,0.221293857413861,0.00227376596684113,0.0132375964743773
"12733",53,0.807838076696511,0.0967793391360738,0.000251579147591665,0.0105994713350931
"12490",38,0.861434776002194,0.128806212706967,0.000795447992487914,0.0120924092642842
"11106",53,1.14349434947287,0.205335957741094,0.000539135060045909,0.0114457418480674
"10361",40,1.0571116725271,0.108677892328386,7.40191812962136e-06,0.0099056767150353
"15616",38,1.24566548379774,0.49991315722607,0.00135635846284538,0.0132069946707849
"10787",72,1.06534874025784,0.132261062961564,9.92373442262026e-05,0.00898777840475833
"12607",39,1.04306491657072,0.137592301361695,0.00130196297147421,0.0121101257169566
"15583",34,0.497730421214065,0.12131100024912,0.000299605546618744,0.0118363340971089
"13363",68,1.09588023493135,0.122968903464148,0.000315528277478976,0.0099588656838184
"18029",34,0.928974891064811,0.274165664094086,0.00102241145885782,0.0136315466233142
"11225",62,0.987668955674223,0.16770895577631,0.000398584684398564,0.011706379689242
"11759",23,0.383487745790287,0.0944643753592558,0.000246328949848562,0.0122358325039039
"12030",46,1.37474691273515,0.361372709885227,0.00229321751913525,0.013527691012636
"12284",37,1.14445037042772,0.259167872920604,0.000734425202326268,0.0128331995905513
"10543",38,1.0533165088046,0.103577438166527,0.000611002520955605,0.0111172615882621
"10918",60,1.0665625251862,0.130876585793347,4.74239173188531e-05,0.0092803045639592
"16054",45,1.32987085840266,0.484795476036956,0.00159898645362913,0.0133477375570371
"13265",62,1.07797672465687,0.118368569963152,6.61008502738279e-05,0.00960201818276858
"10557",65,1.05597943768814,0.107192292022853,5.85267945132852e-05,0.00997033098346643
"14585",44,1.00713003595405,0.186588231800823,0.00339730828386528,0.0131017908089892
"13985",71,1.05554781187699,0.113103565824843,0.000152169665734541,0.00990886242131221
"16786",52,1.10406217947453,0.286114834040984,0.000717899989757811,0.0124505380127947
" 6039",47,1.06841445418931,0.179257524070286,0.000462103470208571,0.0112655793653075
" 7547",87,1.03859285181696,0.0909371854453998,4.64771603487853e-06,0.00782977931683245
"12470",45,1.01303761604797,0.126861460215044,0.000993320199232094,0.0118973449029798
"11750",38,1.01265101281116,0.163549921673214,0.000390580284560718,0.0112163383674477
"12081",43,1.11633355867381,0.184901595784279,0.00100407880116468,0.0116341782604912
"11580",50,0.885873673978318,0.118352469175758,0.000108016363403195,0.0110936664773288
"11249",66,1.16828592109024,0.168394692215764,0.000276883379337115,0.0109173382877351
"10687",79,1.06942163425613,0.118559401620853,2.84027091020354e-06,0.00819739331535516
"11910",35,1.34274273472614,0.314585197991738,0.00230724673605535,0.0131194904244347
"12391",36,1.27874524007683,0.2907299830742,0.000346685188675754,0.0126691468037054
"12060",52,1.0460154605694,0.148510245267752,0.000235484279100512,0.0111201614935018
"11693",25,0.640965406137281,0.110766105545205,0.000431807247166399,0.0119466036971313
"12756",64,1.05631009176596,0.113825076191663,1.22217717954213e-05,0.00981804884481418
"14335",45,1.2165654286523,0.305242166593921,0.000179883824312891,0.0113226522439629
" 6054",47,1.05348294750187,0.167621329381168,0.000723666600393679,0.0113271151288885
" 7597",89,1.03614545859767,0.0937877770313577,4.63050227178638e-05,0.00786313814526431
"11420",53,1.0623381291175,0.151622011161616,0.000234279315684062,0.0111813260949583
"11627",47,1.12905616707529,0.18718046223345,0.000493518587851731,0.0116577923686126
"12694",50,1.05485149698429,0.138362678437314,0.00117501146866966,0.0118353953692447
"12457",53,0.982937554552699,0.113116466023407,0.00151265943172204,0.0122318483284296
"12410",49,1.09648050347974,0.145716442984498,0.00113817401565247,0.0114893123519856
"13318",63,1.11278080142962,0.117468667439572,4.15712378675246e-05,0.00964056493644668
"11161",62,1.03264932303568,0.121318532164356,0.000407880116468321,0.00961601128480101
" 9973",43,0.981068623262862,0.106164690038692,0.000586472908549302,0.0110911418676302
"11614",57,1.0816654682632,0.15092254971294,0.00024486577998573,0.0114291873467464
"11026",54,1.10869804934411,0.155879996892444,5.04363258599781e-05,0.0106499510817834
"12074",50,1.10594784423762,0.162723496558148,1.85047953240534e-05,0.0101741541552531
"12516",51,1.04335529018197,0.125660628317978,0.000432840072951928,0.0110554592764517
"10262",52,1.06384108499579,0.172467486771626,1.30824599500284e-05,0.00976050639824935
"11389",50,1.26009141322778,0.241618122299927,0.00212839573752798,0.0122572258468133
"13516",55,1.0957159920532,0.119714958202061,0.000342295679087257,0.0103499671381536
"14129",55,1.04843216330757,0.103690196544613,0.00048017792145532,0.0109040622829358
"10470",52,1.27265136038536,0.283245161125813,0.000786755042126382,0.0124828692113138
"11533",54,1.02907250831854,0.174637913061265,8.39170950741956e-05,0.00998137700911605
"10709",35,0.98188750734424,0.164575543245445,0.00120530769171183,0.0118547047030762
"10287",59,1.1172442968899,0.212061018484715,2.6423126346439e-05,0.00986031643868889
"10412",51,1.07132230621949,0.184378394840396,5.65472117576887e-05,0.00996915201609507
"11491",60,1.17137801777578,0.234890095964134,0.000151050771133552,0.0105960045513695
"11794",48,1.117746898383,0.224673225927713,0.000280584338401926,0.0108960200238116
"11540",51,1.08551148442583,0.168793037375374,9.89791377798205e-05,0.0109889194206858
"10366",44,1.07033497003996,0.12147975744954,4.32926141767389e-05,0.0102258717985837
"15619",45,1.22020187475333,0.431295182788986,0.000952351443072794,0.0132460750808711
"10541",51,0.99390032426905,0.143927894709734,0.00183472893917603,0.0119183660839
"13114",37,0.963074574164319,0.18322633772982,0.000877987986514738,0.0115522512883868
"15570",52,0.996794303693858,0.247671129341392,0.000932039202624066,0.0128992500267441
"17620",55,1.15471437808872,0.347863477682751,0.000343586711319168,0.011410700037795
"12285",37,1.23615950702552,0.315007837563232,0.00151042164252006,0.0132981023111034
"11908",43,1.27907592574282,0.344960249437427,0.00282615562446799,0.0135118055044614
"15607",23,0.53101199550691,0.119125955565158,0.000266813327928212,0.01194915168703
"16057",65,1.19916068658816,0.380643446818961,0.00122777165254708,0.0130618803795465
"10999",74,1.04318154647218,0.118583255780605,0.000360025855072164,0.00874363697571239
" 7460",71,1.04330931280169,0.092930845612568,7.2986355510685e-05,0.00930106266875865
" 9770",33,1.1002807066075,0.147309810663127,0.00498777392476381,0.0133794757320558
"13386",44,1.08244532493178,0.15580752465143,0.000307351740010208,0.0106461064064832
"13831",54,1.13932240460263,0.151076797537121,0.000201831372255373,0.0106435602676838
"13611",53,0.845031785189948,0.10056202526171,0.000176527140509923,0.0103995074599287
"12283",51,1.00046715502854,0.110245129024772,0.000679857573324176,0.0112176109631368
" 7199",36,1.0280243081471,0.225309074403659,0.000983508354269573,0.0114224297250221
"14926",54,1.10911566308001,0.311111346464236,0.000612121415556594,0.0123852767161061
"12072",33,1.07354644536376,0.187477210086774,0.00184023734336551,0.012736307294386
"11403",48,1.26798895338474,0.225679757845353,0.001565333546784,0.0125746237226141
"11561",37,1.15867827540736,0.358389387539579,0.00278045308345835,0.0132122030460333
"11818",54,1.07260186490234,0.166742661295805,6.50680244882994e-05,0.0103501257777347
"12681",47,0.998581339386038,0.103660999867111,0.000341693197379032,0.0110707695207299
"10782",78,1.08423010238989,0.135548205014909,6.25720288399387e-05,0.00895522215118959
"12307",46,1.05446778952462,0.145319358465509,0.00042948338914896,0.011138979565328
"16540",41,1.29348317556772,0.520812951403417,0.000233762902791298,0.0128940063425553
"10978",69,1.02674451343705,0.10824473053571,0.00010130299579726,0.00823540909769837
"12347",48,1.10627274362518,0.180811669389732,0.000248394601419619,0.010960224979287
"10992",43,1.16970184482238,0.231470777307981,0.00495661701356703,0.0137690784453021
"14207",48,1.01603862650621,0.146005258125106,0.000336184793189547,0.0117211663206132
"13646",56,1.09698942550659,0.123905976677321,0.000451000593014139,0.0102958243460456
"10325",46,1.02033144379111,0.136892238687529,0.00100734941615219,0.0112331331953724
"14014",51,1.09101389284164,0.334193764933929,0.000466751186243449,0.0122927504304301
"16507",41,1.31365617617578,0.489749086547973,0.000391268835084403,0.0127086272296627
"14913",42,1.25567334751212,0.324780212888058,0.000972663683521523,0.0128096369467552
"16962",48,1.19679536981686,0.447114655252079,0.000608162250045401,0.0128403868862909
"16912",47,1.031784978235,0.319418633340721,0.00048009185263986,0.0127188242539916
"17061",45,1.42387669127969,0.471756221761754,0.0015898631591903,0.0133375200105227
"11064",58,1.08243104467758,0.137353133848675,0.000592067381554248,0.0116436922693384
"11414",61,1.0187033941476,0.146058003949944,0.00114471524562749,0.0117565432334452
"10623",66,1.07637806599875,0.117972574307218,0.000261907405446951,0.0108490217818865
"10265",47,1.06534258459165,0.104785596192127,0.000284457435097658,0.0101559567310185
"12188",51,1.05719229411894,0.152374578444551,6.22277535780958e-05,0.00985092497008528
"12453",48,1.20412734148909,0.189606139477997,0.00182818770920101,0.0123153232207166
"12584",38,0.859023992547567,0.164549288735351,0.00107766763838359,0.0127316402337393
"12906",55,1.16556618568806,0.230548530274567,0.000316905378526347,0.012049529987769
"14430",58,1.02646109965557,0.108756365481987,0.00046322236480956,0.0103042714575589
" 9993",50,1.36696990118251,0.394720266512768,0.00307446415707215,0.0137063922583398
"10212",53,1.08361803822378,0.107065502026485,7.44495253735171e-05,0.00976950288296253
"13309",36,0.857006194587348,0.151538046109543,0.00116976127092656,0.0129780011223574
"13642",49,1.03577444911051,0.118151721318008,0.000901570841950973,0.0113100150047165
"14458",64,0.983077122928337,0.103349272362551,0.000186769329549748,0.00982920838132259
"14154",46,1.01333268512664,0.0979649687060619,0.00025218162929989,0.0103395671716746
"10224",52,0.865051218373412,0.0935438637697634,0.00020028213357708,0.0102568193715416
"10270",59,1.08942820371972,0.131851721681274,0.000414163139996953,0.0107830193202658
"10413",82,1.0698974356426,0.113203361371688,4.40672335158853e-05,0.00924355488788102
"11173",53,1.07388791319264,0.168339375990595,0.00109186899293461,0.0117933195337463
"11605",65,1.13754161428347,0.145040847306513,3.39111132915211e-05,0.0104516129771771
"11085",46,1.19313047274551,0.157593619280203,0.0021518064553333,0.0124808937094791
"10700",37,0.992161261595987,0.144481650860635,0.00295629167344459,0.0128085697928901
"10821",62,1.03433315022519,0.101595014256402,7.04903598623243e-05,0.00994812140874721
"11843",56,1.02686133281272,0.143121658807501,0.000222660025596866,0.0113223142930224
"13158",39,0.962914779030078,0.224855924357966,0.00123534570830762,0.0132191286281484
"11652",62,1.1158317220495,0.175889277096197,0.000310880561444097,0.0113888769435376
"10423",57,1.01071495208666,0.11526406954414,0.00150603213293156,0.0112592499721293
"11601",37,1.00873281111304,0.116737088399014,0.00048379281170467,0.0115314514832846
"10771",53,1.00897046438346,0.0914121521482705,8.80483982163099e-05,0.0102525921777182
"12187",48,1.0722112460101,0.192936284881728,3.02101542267104e-05,0.00994048633704028
"13609",40,1.08892723764454,0.223056243407725,0.000769541279034239,0.0112312538253067
"13031",45,1.02538609497659,0.203233242159325,0.00246044922757542,0.0129908380012112
"10652",58,0.920765297161974,0.0980267037194583,9.23518389893455e-05,0.0100558028027084
"10312",46,1.10227782306489,0.149597885198195,0.00147100212503905,0.0121949834394525
"10021",46,1.00701060771446,0.112930389591619,0.000864733388933788,0.0116536646853384
"13741",61,1.28641069512222,0.24580287738301,0.000170760529874055,0.0109207841434566
"12166",54,1.04400869505607,0.199363741794228,0.00059714544166643,0.0109436298169488
"13623",48,1.04403802700329,0.227025223170574,0.000188576774674423,0.0106606628880646
"16179",61,1.19195745815783,0.378042781619705,0.000728400385244018,0.0128076381351227
"10322",37,0.944989611274361,0.127618425358132,0.000430258008488107,0.0117166902504301
"11862",38,1.30918915379166,0.254399402901002,0.00202382212674322,0.0126493482490585
"13505",40,1.08785934958026,0.202543257608213,1.97958275559641e-06,0.0100654476855667
"14051",33,1.032584118868,0.210415501567968,0.00155509135774417,0.0126882079372044
"16206",34,0.685366344290256,0.168024537254024,0.000549635455532116,0.0122612806310338
" 9630",69,1.05544061422511,0.112956276850792,0.000427762012839746,0.0107117051045475
"10057",46,1.0477800852575,0.177139782912529,4.57886098250996e-05,0.0101918799868895
"13387",27,0.9802832197181,0.144665133729226,0.00301111750889306,0.0126715941527754
"13837",47,1.17824039376741,0.179852160877453,0.000190814563876402,0.0109613430653285
" 7518",88,1.03889136390889,0.102808223402409,4.12269626056817e-05,0.00789673791568811
" 6066",49,1.06144168977908,0.163672386058128,0.00025459155613279,0.0107406624657097
"14125",42,0.924891442309834,0.0991229512392702,0.001196184397273,0.0118455898605636
"13662",66,1.09435302646502,0.126545048985764,5.85267945132851e-06,0.00902593994453542
" 7534",95,1.0442405877603,0.103203859971457,5.07806011218209e-06,0.00747170475206927
"10375",40,1.03193587147437,0.099971198804308,0.000304683606730926,0.0104686577230897
"11602",57,1.04550428578803,0.160377760552536,0.000134869833826938,0.0105268051012025
"10897",45,1.06049293957873,0.112118626186863,2.21196855734034e-05,0.00989813967356239
"12901",43,1.17419171302126,0.238468714779106,0.000939957533646452,0.0128338616933737
"14411",68,0.982098728993417,0.104333136454037,6.65311943511315e-05,0.00935095323894971
"10370",45,1.04776596609905,0.108101422342653,5.39651472938673e-05,0.00981503467583074
"12898",35,1.23463387081665,0.278830227377348,0.00202029330530933,0.0134646225579375
"11196",46,1.09338178162794,0.107416671614799,0.000104143266707463,0.0106621120419134
"11504",78,1.06280302615981,0.104640534670544,3.07265671194747e-05,0.00889162447272609
"13119",45,1.08250319432632,0.248470820666025,0.000792951996839553,0.0123903545596905
"14357",59,1.00232273389492,0.11161348070554,0.000418380511954528,0.010054590993047
"12990",51,1.04209687352972,0.207666556542959,0.00208183250836374,0.0135069055551482
"10844",42,1.0202616248335,0.096485700495999,0.000540942505170584,0.0110656766768359
"10660",51,1.08646644236745,0.12402817594792,2.65091951618997e-05,0.0104459722140887
"12860",49,1.12453815689809,0.161626566081998,0.000727711834720332,0.0111658169954474
"13546",37,1.19183913115268,0.210588393704013,0.00214440453720368,0.0126139965259642
"12613",57,1.10605193003166,0.221748136079011,0.000877987986514738,0.0121279240279898
"11350",74,1.0603828566092,0.106591155081183,0.000116795382580188,0.00887848728775059
"12125",44,1.06811332348784,0.186675532717845,0.00213399021053293,0.0125426413164978
"12303",54,0.949347038614529,0.142823548322839,0.00049575637705371,0.0115619475372702
"10767",48,1.03074733081615,0.118948897644464,0.000226447053477137,0.0112123844522374
"11349",70,1.06241453968477,0.106135969859196,1.03282578552856e-06,0.00821777915919442
"13427",56,1.282470121697,0.274315714452655,0.00225698254782629,0.0126865617091038
"13496",50,1.21675015560337,0.239968150651038,0.00164882029778089,0.0116416411543196
" 9808",48,1.06016593249958,0.14408923615175,2.14311350497177e-05,0.0102685995917491
" 9705",39,1.0686414738932,0.130282286428055,0.000984541180055101,0.011507776318188
"10791",75,1.04800198724498,0.108206388043546,2.0140102817807e-05,0.00885535301834379
"11082",59,1.07175167773451,0.144932671929799,6.67033319820529e-05,0.0100411425762953
"11345",75,1.05678389236806,0.104898082962814,0.00019296628426292,0.00901468817298955
"13405",19,1.00101792244408,0.194698522543825,0.00244056733120399,0.0124103932287412
" 6070",57,1.11219627605226,0.177126713419942,0.00018573650376422,0.0107223407941674
" 9769",43,1.26706851989983,0.341830275585566,0.00394005823416054,0.0133878166035575
" 9682",37,1.36370192706923,0.402400201599515,0.00319074312675957,0.0135295666597733
" 9851",32,0.923787170252924,0.12906485295108,0.00801748229779638,0.0126219556174245
"11241",42,1.06890490289321,0.162537306029791,8.79623294008491e-05,0.011029521266791
"10904",43,1.0688320600087,0.103968291416634,0.000254333349686408,0.01114375385456
" 9844",73,1.08924160863807,0.124626934641793,0.00010612284946306,0.0098690316143334
" 9928",52,1.02173796715524,0.10112813064499,0.000459177130482906,0.0106761690656222
"10131",61,1.12572737856787,0.131225522718296,8.03882736403064e-05,0.0102765840638547
"10481",38,1.03038675281993,0.119230066743482,0.00252982069283675,0.0126389526913906
"11099",67,1.08348728865252,0.178070493503116,0.000110770565497938,0.0105009214557194
"11179",41,1.26824827992464,0.219354041219464,0.000605149841504276,0.0118020278721424
"11212",36,0.975645289186225,0.160859531820253,0.000252353766930812,0.0112896230728912
"11410",42,1.10203684264091,0.228589205827889,0.000609453282277312,0.0120836502935336
"12046",42,1.08301216139689,0.149063101413001,2.59927822691355e-05,0.010250854125687
"11685",38,1.07421449194793,0.145502357896888,3.73538659099496e-05,0.0102924802574488
"11194",32,0.917511423133721,0.151657952776034,0.000141411063801952,0.0110673786754168
"14137",58,1.05535531467895,0.131055020873108,0.000604461290980591,0.0107441761236171
"15445",49,1.27164427180928,0.442048529700491,0.00108696307045335,0.0131228291181117
"12040",41,1.07356069816436,0.15019321304679,6.71336760593565e-06,0.0101980898749965
"11677",48,1.05225703404842,0.146619092020289,3.90752422191639e-05,0.0101976753690974
"15283",17,0.278617996124855,0.0632248336305033,3.46857326306675e-05,0.01044840786479
"16999",28,1.0520776987987,0.282862228841529,0.000600846400731241,0.0127538820242595
" 9722",54,1.36726444027842,0.236631985497807,0.00225887606176642,0.0124493993147515
"12878",60,1.1469249560438,0.167397747726829,1.82465888776713e-05,0.0100240298552798
"11353",76,1.04386248919851,0.102841849131656,0.00011094270312886,0.0088161747274195
"13555",38,1.15802787955856,0.195870512957789,0.000480780403163545,0.0120272197103496
"17053",47,1.18728851107919,0.362761963637185,0.00143898452568767,0.0129398610184114
"16942",30,1.21357288614472,0.30468979140746,0.0150143605818596,0.0146992556104625
"14907",27,0.813123133586915,0.350641113063355,0.000477165512914195,0.0131293768372652
"14931",11,0.275641160910169,0.0439454793618183,0.000175408245908934,0.0114457831756304
" 9584",14,0.873496173264901,0.102136980490989,5.21577021691924e-05,0.0111357957108403
"11566",44,1.06447354769179,0.100040043258591,0.000150620427056249,0.0105107270941758
"10671",50,1.06358496205914,0.102057973203948,5.99038955606566e-05,0.00954490042493417
"13828",47,1.22465150542793,0.234475604978514,9.15772196501991e-05,0.0116472309338553
" 9585",14,0.884234332490936,0.10202378967302,6.71336760593565e-06,0.0111442170400237
"10235",38,1.01596569095858,0.291896745070439,0.00373814079308971,0.0135213620534434
"11516",64,1.04961406873867,0.0969117937447568,4.5960747456021e-05,0.00923908877617706
"10865",82,1.07282192951187,0.110145344911723,0.000147521949699663,0.0093596030110661
"11562",60,1.03029492738527,0.105680699616171,5.0178119413596e-05,0.0100208679758832
"10234",60,1.08226365026742,0.175292598574352,0.000148899050747034,0.0104155298208938
" 7538",93,1.03261119412933,0.0946122851257208,1.1102877194432e-05,0.00761307241883454
"12512",40,1.04936906445347,0.200248048300994,6.98878781540993e-05,0.0105872812604595
"12977",41,1.03382620047401,0.201827806841217,0.000283338540496669,0.0114811315379882
"14380",52,1.11032060922945,0.21566833884266,0.000304597537915465,0.0108641729977306
"11135",54,1.14491805404703,0.15002516861899,0.000370698388189293,0.0115947937706036
"10577",51,1.072587885867,0.142753518180741,0.000195634417542202,0.0109302559376414
" 9852",24,1.10083125524519,0.128084849178531,0.00213648620618129,0.0129219609152693
" 7582",88,1.04328453727503,0.0971870319628722,0.000176957484587227,0.0081410077403767
"12935",44,1.08157302009888,0.214955840536199,7.10928415705493e-05,0.0108271239753388
"10580",55,1.04315850731669,0.129911879315936,0.000256312932442005,0.0110316362521488
"14364",43,1.07989285712624,0.203699749353168,0.00143407860320641,0.0114358626553956
"10625",43,1.20500632967084,0.39943566760409,0.00156722706072413,0.0132976995947523
" 9977",73,1.10458845847609,0.139931875069809,0.000190298150983637,0.0103797527622285
"14008",50,1.26829659783803,0.386735159528988,0.000185392228502377,0.0113069907486315
"10597",36,1.22273875631182,0.38370082790621,0.00270660603979306,0.0134494444895423
" 9974",56,1.01152617306478,0.140380059849351,0.000260099960322276,0.0105492119883061
"14953",43,0.940559272501833,0.394336790439351,0.00130764351329462,0.013344994669252
"15535",36,1.07825683026054,0.425568992492553,0.000530011765607073,0.0126195599653492
"11028",48,1.10979207142889,0.206178935627004,4.24319260221317e-05,0.0112426593659671
"14016",49,1.2428848582644,0.373813337129914,0.000140722513278267,0.0111597963823927
"14795",61,1.25138833570494,0.379045224356152,0.000310966630259558,0.011669636041645
"14093",41,1.06768657081218,0.12406863282413,0.000983594423085033,0.0116179527729569
"15529",59,1.51241908657599,0.615041037285927,0.000820838293048824,0.0130439972977646
"16036",50,1.16578391698785,0.349293728589741,0.00180572374836577,0.0131238443619112
"13998",50,0.962563056518363,0.266244516251089,0.000155354211906588,0.0109641151780592
"14793",64,1.22974490992166,0.370719010387122,0.000182896232854016,0.0114278695864136
"16029",44,1.25557113792672,0.281127060849613,0.000778492435842153,0.0130505666878621
"15533",57,1.00245441048848,0.272083845171378,0.000330246044922758,0.0123465811765466
" 7570",83,1.03627200641939,0.0915829545169232,2.60788510845962e-05,0.0080372472664758
"13884",45,1.23724521658364,0.242796836458332,3.89031045882425e-05,0.0116052338245946
"15545",38,0.960376254585487,0.184659488088723,0.00103824812090259,0.012767281124054
"15515",54,1.39627427933823,0.506077357354658,0.000748110143984521,0.0126706102884598
"16015",70,1.36949187621356,0.482156600543056,0.000462619883101335,0.0129348136807462
"12507",59,1.13807140109635,0.135580936324913,0.000439811647004246,0.0114761819317805
"16458",28,0.928345788446689,0.21546456980045,0.00133002140531441,0.013343789045918
"16225",59,1.09378560114637,0.31202709892919,0.000605063772688816,0.0124162383925396
"16983",28,0.640642311843564,0.133757129979998,0.000383866916954782,0.0126977922474814
"16782",19,0.566275733813049,0.103630405481278,0.000718674609096957,0.0125632409877181
"17796",24,0.542000938627624,0.0818470643746887,0.00104728534652596,0.0128744687908546
"15537",41,0.939798953945029,0.324745166648193,0.000319315305359247,0.0124702058729923
"17724",25,0.379472795651345,0.109537739628308,9.12329443883563e-06,0.0110173638726137
"16726",28,0.746241395687242,0.157764303069894,0.000259153203352208,0.0121981958549217
"16329",36,1.06774726812325,0.211633674503412,0.00123267757502834,0.0125457349282829
"16486",19,0.676239138449743,0.110094798964774,0.00055729558010812,0.012310793674101
"16278",28,0.750401917457315,0.196537344682316,0.000881430739133167,0.0124842186958123
"17101",26,0.870545276556849,0.205156709703603,0.00207219280103214,0.0137093119175907
"16862",32,0.972704964761369,0.156295186219652,0.00117716318905618,0.0128210067134178
"16019",53,1.29765820020612,0.400752779018593,0.00131521756905516,0.0130756922347414
"16449",46,1.48415164906573,0.472422396262587,0.0017079495740024,0.0135028675634158
"11396",55,1.08095674980472,0.127824568729765,0.000215085969836323,0.0106886537547715
"14344",66,1.25509187245458,0.292303787784232,9.63970733159991e-06,0.0111783837686279
"12701",60,1.24439068510638,0.249249162393923,0.000252784111008115,0.0111993575739378
"15931",35,1.28665230775827,0.360075017603404,0.0012544529853399,0.0128915337738044
"16295",44,0.976497397359506,0.232584002104692,0.00091086627402073,0.0125219815171611
"16509",28,0.792600416603363,0.139667279082882,0.0015541446007741,0.0132172192036222
"12344",66,1.0793652760166,0.12687391671812,1.8935139401357e-06,0.00894137890084226
"16711",36,0.73357113511253,0.164737660599125,0.000770315898373385,0.0120989656933175
"16702",37,1.26844328200727,0.251598651951236,0.00320993647260731,0.013444895196091
"16809",32,0.9782852263687,0.226903096679602,0.000870499999569656,0.0127488922140315
"16891",44,1.09468098403414,0.245719191212865,0.00109324609398198,0.0132571045367159
"17696",19,0.720961417325285,0.137470089566383,0.000290912596257212,0.0123120046651281
"16987",29,0.754840710065274,0.167197071602965,0.000421651126942035,0.0130471887890433
"17294",21,0.922446312200798,0.161933336944816,0.000824539252113635,0.0126266917361945
"17081",22,0.580479664731839,0.105135632261275,9.03722562337491e-05,0.011809601119639
"17225",36,0.849694595182813,0.174008053359797,0.00017738782866453,0.0121365278780296
"16040",49,1.02621384277699,0.262419746443223,0.000663762704833022,0.0120750737381273
"16493",32,0.7087619432656,0.19815398130545,0.000690444037625843,0.0126448150059899
"14319",46,1.07145846902298,0.187689533438532,8.22817875804421e-05,0.0101991730321042
"16144",41,0.979912271339217,0.233034481150456,0.00079501764841061,0.0123186267506173
"16500",40,0.754282612510068,0.146284659740769,0.000585698289210155,0.0124281782069449
"12364",61,0.909789973570008,0.111806800227671,0.000282908196419365,0.0104208051399756
"16747",44,1.17863597060656,0.266420400114214,0.00102748951897,0.0127428642516408
"16842",32,0.777074930551706,0.162571882061179,0.000508494561741895,0.0121679985539988
"17440",26,0.680998619257241,0.0994435849960925,0.00077453327033096,0.0120011378189974
"17007",26,1.0325440116637,0.184204530040273,0.00256820738453223,0.0134159212359361
"17213",26,0.617390323749262,0.117258427669777,0.000156989519400341,0.0121078601518112
"17181",23,0.943012476572884,0.16886294869356,0.0014110982294784,0.0124888343666455
" 8041",37,1.12495020280675,0.319089142128242,0.00018573650376422,0.0113671066384376
"16461",43,0.970155523533074,0.316360707581903,0.000338250444760604,0.0125584296924181
"16939",52,1.48043352791188,0.48620837112747,0.00256003084706346,0.0137623594969836
"11596",67,1.08628714520006,0.147142462742787,9.63110045005384e-05,0.00997548217379256
"14005",46,1.27068152013989,0.422738219250001,0.000315872552740818,0.0120450864004405
"16624",31,1.24414295407281,0.244015306999675,0.00259815933231256,0.0133322160485823
"16830",44,1.07118292424992,0.22244175914231,0.00146162062415384,0.0128498386130301
"16955",19,0.359708853982587,0.0788980500745004,0.000108790982742342,0.0110631921374697
"17068",21,0.573215703165114,0.112067785013109,0.000695866372999868,0.0125761736667547
"17153",16,0.39899611165837,0.0664847837354964,0.000202519922779059,0.0117862225470704
"17232",46,1.06416144030244,0.241595525820498,0.00168014934660859,0.0128779643952522
"17532",28,0.669235577676012,0.151024144040106,0.000384985811555771,0.0128417618900517
"16834",37,1.19861599119809,0.240842589748781,0.00640790937986558,0.0140874023291838
"16977",20,0.977052809024262,0.19436435055804,0.00450363683779729,0.0136751588040589
"17073",26,0.924095656843364,0.157972287152343,0.0011672652752782,0.0128663196651957
"17695",24,0.734437048540895,0.127017519887751,0.000469419319522731,0.0119423511237949
"17202",21,0.695047163978486,0.157744444252843,0.000770401967188846,0.0126874584414659
"17243",49,1.00245755573445,0.277691226762272,0.000628388421678669,0.0127558265300162
"17577",53,1.09842170238983,0.305748433925668,0.000447816046842092,0.0114758350943553
" 8795",70,1.03656648061581,0.0881460940091063,1.01561202243642e-05,0.00902171276038054
"16965",49,1.20257113373087,0.414416952528735,0.000507719942402749,0.0133198028118589
"11488",58,1.12288469313293,0.163599035079388,0.000615650236990483,0.0119662540686025
"11266",47,1.10499173728739,0.151284575851456,0.00134775158129931,0.0127130618563733
"10493",71,1.07602383367609,0.120651469399201,0.000131857425285813,0.0106110438309593
"10141",61,1.02077957357664,0.108856193109756,0.000276797310521654,0.0112898411772526
"10307",54,1.01105372304622,0.103139644476129,0.00025338659271634,0.0104959227688278
"14766",48,1.13771152615363,0.312237928499952,0.000542577812664338,0.0125681158963477
"17690",38,0.934468374131244,0.168442207337062,0.00120479127881907,0.0128056990259222
"17234",27,1.08427879961458,0.244735189075293,0.00235785519954625,0.0135636503411462
"11162",55,1.04503357021143,0.143093775012708,0.000814469200704731,0.0112098327029529
"11802",54,1.06437743430222,0.17911726756497,5.16412892764281e-07,0.00915005745008411
"11492",51,1.06415125805722,0.187491964941961,2.62509887155176e-05,0.00997010438741457
"13959",38,1.16587618866374,0.412084232822204,0.00010620891827852,0.0118706184270734
"14794",55,1.48201045129273,0.502217518778352,0.00135833804560098,0.0130436342495236
"14452",46,1.16310729509482,0.338340977218106,0.000615736305805944,0.0121040994024812
"15580",38,0.875325405992501,0.155791763831929,0.00125694898098826,0.0123685017805438
"15995",19,0.321651499262504,0.0652880599222335,2.07425845260319e-05,0.0111004495229242
"11220",29,1.23193805552911,0.296438987352978,0.0012862123782449,0.0127442545036819
"15613",44,0.932783743127301,0.254368870689833,0.000770401967188846,0.0125307026072993
"11644",53,1.09574663497169,0.218279070330813,0.000165596400946413,0.0113345733953169
"10022",45,1.09312711479052,0.13693203095887,0.00161542559738213,0.0119782559849478
"16579",21,0.52492168749065,0.129889122834085,0.000148210500223349,0.0117846056704844
"16412",45,0.986966883919766,0.287681267875521,0.000548344423300205,0.0123003056893846
"16691",26,0.76827291198083,0.143908540001009,0.000845367905455128,0.012238659919251
"16769",22,0.365798439207974,0.0868137410406792,6.88550523685708e-05,0.0110686969064592
"17643",36,1.13160863320338,0.35407585212913,0.00153322987861715,0.0130768877556353
"16301",31,0.526573611403884,0.118245957291678,8.29703381041278e-05,0.0112584041642016
"16551",9,0.14617365009986,0.0381824172589379,2.5820644638214e-07,0.0096031903127023
"16806",9,0.183332638949561,0.0318761066595044,1.33406663964106e-05,0.0110215547115567
"12776",55,1.21065558388991,0.219384355320801,0.00205919640989757,0.0124172573310408
"12480",57,1.24950265503854,0.21738203534458,0.000666947251005069,0.0120243824449107
"11640",47,1.08807568271603,0.213649697286665,0.000975245747985344,0.0117252963955374
"16742",52,0.98659694926112,0.233459942316113,0.000532335623624513,0.0121296211040883
"16845",21,0.516209304841417,0.128279930894044,0.000279293306170015,0.0121257123298811
"16951",5,0.14295618605221,0.0295490877488363,0,0.0108044716546717
"17632",48,1.1462065183863,0.377970892156249,0.00161620021672128,0.0130419939667801
"17069",10,0.182150285673802,0.0326656137960902,6.62729879047494e-06,0.0110662942807183
"17201",13,0.291873001751171,0.0744883321699337,7.20395985406172e-05,0.0116968047831798
"14337",70,1.29648801131163,0.301544889757705,0.000231094769512016,0.0115330846374587
"16811",30,0.58596095299739,0.12096769099001,0.000125230126495338,0.0113105006600959
"16971",21,0.24378753378871,0.0355876064476559,0.000227479879262666,0.0109562078242332
"17128",15,0.317268986691679,0.0699313044334022,2.71977456855855e-05,0.0111923018842951
"17216",32,0.704824022013427,0.19154407228142,0.000607043355444412,0.0124587947825493
"12016",41,1.15115043927781,0.286018657868886,8.16793058722171e-05,0.012086443905569
"16931",26,0.573684472066145,0.135243774063063,0.000237291724225187,0.0120057400058499
"17103",31,0.812081488992674,0.190858009661229,0.000389375321144268,0.0124603278290992
"17269",40,0.663471045774144,0.179096936096541,8.77901917699277e-05,0.0117944836291746
"17599",41,0.858407944630963,0.196136271229861,0.000372247626867586,0.0122268527063161
"17136",32,0.849133000969233,0.187807345378592,0.00114617841549032,0.0125938300250965
"17286",40,0.743732368889929,0.238642250112714,0.000109049189188724,0.0118131062295676
"17287",60,1.03979539455615,0.26864446370785,0.000130394255422981,0.0117300268068044
"12009",49,1.18273981048789,0.289759813571248,0.000153116422704609,0.012201417069128
"12576",44,1.06677257390173,0.179921493614384,0.00082996158748766,0.0111914430501143
"10726",67,1.04562519795049,0.113748119315667,0.000146833399175977,0.00959030187479402
"14136",56,1.08061716747791,0.131955214017653,2.39271306980783e-05,0.00931100330558022
"11544",49,1.04299391772022,0.114203295695204,0.00142659061626133,0.0120939436570702
"11301",35,1.00122551385318,0.128869126389135,0.000831596894981413,0.0107744271785576
"10609",79,1.07601134680836,0.123570502468111,2.92633972566426e-06,0.00888200603365133
"12326",64,1.10363944838407,0.111188288928917,5.44815601866316e-05,0.00991154127759216
"14132",51,1.28129114552058,0.40236994341588,0.000524847636679431,0.0123859360410056
"11619",54,1.14203071724028,0.1438558738147,9.41592841140205e-05,0.010569579059751
"13742",39,1.12171433933831,0.204479190449597,3.4857870261589e-05,0.0105771385374804
"16008",33,1.19430403155546,0.349912408447967,8.31424757350492e-05,0.0123692003598241
"11745",40,0.979949813480723,0.116434425329067,0.00138338407090005,0.0115357345771365
"12396",49,0.917764560424816,0.105700011049055,0.000658426438274458,0.0113048216935679
"11165",51,1.11113126707061,0.153971850039887,2.26360984661676e-05,0.010417111061314
"16030",28,1.05067713797769,0.303530859136305,0.000658082163012615,0.0124894935458336
"11698",62,0.933917169596831,0.117592682883991,0.000164133231083581,0.0101858598059786
"11517",62,1.11032980314801,0.140855946300922,0.000463136295994099,0.0105714450394871
"17543",59,1.10565755568234,0.324620856566692,4.0538412081996e-05,0.0108010930009162
"10260",59,1.33737303935715,0.250753858626685,0.0011849954512631,0.0116968057194609
"14018",54,1.41069602750207,0.527503348635076,0.00116339217858246,0.0133290162996056
"11725",82,1.08911500515426,0.159714805408049,0.000279551512616397,0.0105689397840378
"17549",64,1.132652253376,0.332800131893375,6.19695471317137e-06,0.0106290369388953
"14924",50,1.50529051714304,0.576196977877055,0.00263559926703797,0.0139297316796649
"15663",59,1.21255619352636,0.22386283888451,0.00853398125937612,0.0140110788830711
"12039",54,1.03683657782144,0.12917323048842,0.000245640399324876,0.0102934541972297
"10706",37,1.06305048324741,0.165251760736093,0.000679427229246872,0.0116949784072248
"14796",55,1.71489200127488,0.643024529135263,0.00316509461975228,0.0138429274420405
"15098",17,0.291720663332951,0.0614387260884914,3.01240854112497e-06,0.0114321071268614
" 7885",67,1.00634828114868,0.083594532736354,8.86508799245349e-06,0.00846433768119345
"15631",46,1.36498641544366,0.525284163330076,0.000531216729023523,0.0129677636191646
"11530",46,1.03268771803389,0.187333404010423,0.00076842238443325,0.0119133027611764
"15089",41,0.985181088161603,0.283130260911129,0.0031483972695529,0.0136447240260167
"14837",25,0.441775845843375,0.0838703754363223,0.000594563377202609,0.0125611768977263
"15624",12,0.49785935332932,0.0887368761063211,0.000586731114995684,0.0116668900814824
"15684",43,0.989373294884986,0.247594675957734,0.000620470090656283,0.0123588688166706
"16001",23,0.598005783392215,0.131790696452055,0.000735544096927257,0.0124880150041776
"13843",37,1.0178344262013,0.112491100999092,0.00126047780242215,0.0112763746658773
"14293",46,0.974367983186251,0.110798624548651,0.000718502471466036,0.0115018539890406
"15584",41,0.809740212803869,0.263424735829354,9.87209313334383e-05,0.0116454022114273
"15318",37,0.709856367230534,0.153601960211954,0.000300552303588811,0.0121490356025736
"15649",51,0.976705092766778,0.315634860280027,0.000267674016082819,0.0124808064389873
"16049",47,0.961634475417514,0.326148937904734,0.000298314514386833,0.0121457534776941
"13893",47,1.01226103317515,0.104971994911072,0.000100528376458113,0.0108644874115136
"15622",20,0.553507649724319,0.141281270650349,0.000294097142429258,0.0122974260347262
"16052",71,1.3440462377061,0.484789283513441,0.000240562339212694,0.012352152753454
"15003",27,0.34736902252043,0.0753046368273983,1.0500395486207e-05,0.0107882228876211
"15566",54,0.9516099336268,0.237151804559493,0.000344877743551079,0.0118316877647687
"15950",24,0.566046587729294,0.110138323706861,0.000831080482088649,0.0125065372296715
"16117",23,0.388969861900172,0.0734424583132897,0.000220336167579426,0.0112034147731581
"16270",23,0.85523716395366,0.16187765880138,0.00101931298150123,0.0128040925137123
"14122",69,1.09295219946104,0.124777530576048,5.33626655856423e-06,0.00897330314419034
"15661",27,0.783709083409363,0.176964665170008,0.000474411310819453,0.0121260613601702
"15553",28,0.638348654319634,0.179148272257939,0.000530700316130759,0.0128971697031474
"16240",34,0.833414765997749,0.162780075762804,0.000705936424408772,0.0124775168706323
"16802",13,0.233516138794209,0.0540269643525105,1.9537621109582e-05,0.0109073437649741
" 8785",64,1.05114623108232,0.104742633428875,6.25720288399387e-05,0.00853657276983511
" 8021",41,1.11247549454541,0.29928077606164,0.000166284951470098,0.0105862487928022
"16528",51,1.18348067187111,0.378471348315618,0.00146394448217128,0.0134781118825139
"16265",31,0.67578449339462,0.115146906890714,0.000364673571107043,0.0124914592461187
"16800",18,0.47149568115543,0.119479644985118,0.000497822028624767,0.0128783440188975
"14616",64,1.10998086367862,0.163800679511016,0.000568570594933473,0.0115886422672464
"16246",23,0.484596784995138,0.100169426002179,0.00012066847927592,0.0113178224770728
"16671",58,1.16087240770437,0.324418068442228,0.000176871415771766,0.0119759804265446
"16799",38,1.03890245504357,0.221721674321539,0.00054524594594362,0.0123096905485721
"16910",36,0.867355687655335,0.288088722578022,0.00104298190575293,0.0129830227436588
"17009",5,0.155133395178821,0.00684237646540042,0,0.00940399017885021
"17052",16,0.349442463822241,0.0457118017376483,0.000415626309859785,0.0100320755223296
"17210",24,0.680962961282765,0.143789781971303,0.00127829404722252,0.0128043465700714
" 8809",70,1.03626465246161,0.0998362749513945,4.91452936280674e-05,0.00836274810464714
" 8521",64,1.22354761691301,0.27092753837035,0.00348045075960033,0.0134813601461842
"13693",41,1.03874061424756,0.197594225475892,4.20876507602889e-05,0.0107141628098162
"14342",47,0.968363931730455,0.319115333846,0.000523642673262981,0.0123519482455031
"16298",11,0.26211632687044,0.0427014894133811,0.000212589974187962,0.0118722562544081
"16745",48,1.11571187246482,0.260527324822633,0.000751208621341107,0.0121755440826173
"16823",19,0.630233689178053,0.125955554863339,0.000256571138888387,0.0119719450294242
"16921",24,0.62786733545611,0.115206179587627,0.00134663268669832,0.0125951702569978
"17227",19,0.483434652109697,0.14662366576632,6.55844373810637e-05,0.0119954491424757
"17039",23,0.423157406739926,0.0671261340872834,0.000529753559160691,0.0114613698636196
"17133",18,0.311745651144955,0.0693384326760138,1.22217717954213e-05,0.0110877963902078
"16749",41,0.897452690893635,0.246316180396764,0.000324823709548733,0.0126040686974131
"16885",23,0.651998055839688,0.142142002572729,0.000902259392474659,0.0128819776415765
"16997",28,0.893887144104153,0.244238374475095,0.00126004745834484,0.0135388131742571
"17100",54,1.24517673976613,0.354370288691197,0.00130222117792059,0.012954562869857
"17238",45,1.27775242061481,0.324587594013644,0.0020891483576779,0.0133672137940568
" 9958",42,1.06511685626253,0.127294506028965,0.000502297607028724,0.0108616938201427
"10517",29,1.06351886584405,0.107390608285089,0.00154717302672179,0.0124554213455005
"10811",43,1.05231700168664,0.0995628133710612,0.000556779167215355,0.0115441879859429
"10160",46,1.01466919949114,0.109192708439101,0.000296421000446697,0.0106451977074924
"14069",29,1.103314523584,0.137844113741486,0.00182061365344047,0.0122882242738845
"12691",36,0.994355856255402,0.165880742019535,0.000765496044707585,0.0121102177923664
"14891",57,1.75323253573752,0.796054895133385,0.00248463456471988,0.0139087415855144
"15666",26,0.499671293551447,0.11398112546258,0.000223348576120551,0.0116635658274447
"17250",22,0.863288849233997,0.208137217554032,0.000682956050680761,0.0130753984349585
"17108",39,1.10311850789043,0.242113105874025,0.00135446494890525,0.0130793684438749
"15656",30,0.63147591351166,0.142078431707418,0.00040176923057061,0.0121845248031089
"10291",77,1.06313923577763,0.120676456005177,8.4691714413342e-05,0.00954494268914589
"10686",57,1.08762761597729,0.10532644909827,9.82905872561348e-05,0.00994526621137629
"15674",47,0.93510407255823,0.274967554882903,0.000244263298277505,0.0123167404827586
"16050",30,0.586683637387401,0.112663583854953,0.00034625484459845,0.0115350560572218
"12184",32,0.974309249443495,0.169160194164359,0.000291859353227279,0.0109969258993374
"14467",43,1.26341447719887,0.404092865707536,0.00153357415387899,0.0130643986813442
"15632",31,0.448405574028028,0.130592499763635,4.73378485033924e-06,0.0105084708381215
"16007",13,0.230970611003829,0.0383724266846471,1.21357029799606e-05,0.0099441338689568
" 7341",61,1.07387109775236,0.141506857243297,0.00012178737387691,0.0102654179812872
"12245",41,1.12682573764344,0.197359872624347,0.000885992386352584,0.0120667928867925
"13276",48,1.07720145104822,0.184141463381705,9.26100454357277e-05,0.0109534184958011
"12488",45,1.02554952656987,0.177234591976944,0.000420187957079203,0.0118027731584993
"11073",47,1.08628884474232,0.156434329587906,0.000639577367688562,0.0112839788649359
"11565",57,1.07547449945802,0.113963942724849,4.72517796879317e-05,0.00991677821111609
"10247",69,1.14571820431777,0.187215894157825,0.000209405428015916,0.0103055683507078
"14943",27,0.469724993882989,0.0923014322566312,0.00062244967341188,0.0114858731845428
"15678",31,0.76015614827805,0.181785918674548,0.00121408671088882,0.0126357093064248
"17662",38,0.78738459242292,0.232484939713271,0.000545676290020923,0.0129930503100787
"16233",35,0.579396569384301,0.146241173177625,0.00017609679643262,0.0115187478394883
"16460",11,0.182512024977221,0.0416975644563585,4.66492979797067e-05,0.0112374942905204
"16222",32,1.1466274884917,0.253681271942336,0.00231929637021985,0.0132804637200852
"13228",44,1.06704073340318,0.209999154748215,0.000904669319307559,0.0118631378290898
"12342",69,1.1241709235242,0.145808344065697,5.11248763836638e-05,0.00955849539859923
"16849",43,0.792220496119762,0.189571121356193,0.000433356485844692,0.0121713744871947
"17030",15,0.352179054158031,0.0764826773441288,0.000254161212055487,0.0118850110731912
"17226",37,0.655253152584229,0.128535540801577,0.000247706050895933,0.0121144325889061
"17637",60,0.948580556300001,0.241052006661177,0.000186252916656984,0.0117002421420683
"12350",47,0.923879080286793,0.119613395525882,0.000352365730496161,0.0106415266408437
" 7888",59,1.01459064429958,0.0819924977806117,0.000161809373066141,0.00845062069241675
"13665",51,1.08874019872348,0.159329221862432,0.00190694067534757,0.0120212337103795
"12334",63,1.13196769522167,0.16002210204381,0.00080345239232576,0.010757363946591
"13305",38,1.00739186799211,0.142352756390139,0.00160501127071138,0.0124268063580551
"17663",32,0.858736691499939,0.237896267286043,0.00114394062628834,0.0136397458839138
" 7880",70,1.00789975570942,0.0856306361372512,1.8935139401357e-06,0.00864452296358192
" 9396",18,0.966641781004663,0.0472963280642614,0,0.00757353874782623
" 8643",18,0.966647961067705,0.0472978948436036,0,0.00757137295664282
"13172",44,0.955430084093129,0.106587106437411,0.00170726102347871,0.01180639211352
"14073",46,1.04574278265447,0.106792387426843,0.000108102432218656,0.0105940342469565
"14138",79,1.10604107873027,0.123994064554122,3.0038016595789e-05,0.00977426672807381
"14056",62,1.09004442670232,0.128457303741196,0.000927907899481952,0.0111532318875524
"14507",54,1.1035406817735,0.144286910640374,0.000561685089696616,0.0110812751142967
"16984",36,1.1616713188146,0.335709530263807,0.000891328652911149,0.0131093265329876
"14644",65,1.05622256665546,0.150758175764838,4.63050227178638e-05,0.0100345031220371
"12049",44,1.06541915631926,0.124273825109094,0.000200712477654384,0.0102650552854861
"12566",60,1.14267177091561,0.144003691776334,0.00044273798672991,0.010885388796388
"13245",20,1.10671337061845,0.239347434671376,0.000646893217002722,0.0123240962760567
"16070",20,0.863358505012643,0.274039529886766,0.000957687709631359,0.0134017710622781
"12309",67,1.08829107921879,0.123469160684747,9.89791377798205e-06,0.00884497229213446
"13188",52,1.0101588936016,0.169555063813298,0.000637081372040201,0.0117743957188483
"14933",62,1.29689036093616,0.492347855917443,0.000365620328077111,0.012394796377748
"15783",48,1.00314281128794,0.224045768924556,0.00147298170779465,0.0130185050077865
"15703",45,1.08055926000585,0.316169469468962,0.0011512564756025,0.0126551837465718
"16061",33,0.476284967609589,0.137486077456724,3.26200810596104e-05,0.0108114424377226
"12381",58,0.989679275309915,0.124503632238417,0.00056814025085617,0.0112867166174751
"11175",45,1.21600037459888,0.198381102891798,0.000606957286628951,0.0118383811388159
" 9818",47,1.04157456866447,0.120505842477028,0.000117828208365717,0.0104865196563531
"10248",34,1.12070721128487,0.130566517566422,0.0032476346137791,0.0130626587238772
"10737",39,1.05039554490927,0.100094408075096,0.000650938451329376,0.0117030878881602
"10042",55,1.06079333030607,0.109906866139443,8.081861771761e-05,0.0096748135132513
"14970",28,0.562660516996094,0.0964496576459909,0.000611174658586526,0.0120014276795208
"15697",73,1.10891766628712,0.260383040974161,0.000132201700547656,0.0111810155259033
"15781",8,0.217313471806778,0.0315496659598948,4.94895688899102e-05,0.0110264980489462
"16069",15,0.331661322345078,0.0903332127273368,4.63050227178638e-05,0.0112130430797748
"12360",55,0.992929976975011,0.118770465074009,0.00114394062628834,0.0115080488301864
"13279",60,1.01519708226124,0.115787878315125,7.09207039396279e-05,0.00969780922693158
