"node","degree","strength","eigencent","betweenness","closeness"
" 8359",40,0.74512898823601,0.185433008804594,0.000768760425756739,0.0154150986933323
" 8401",79,1.03692884958118,0.262714410311011,0.00428190652585588,0.0164884875662625
" 8668",52,1.24102032901923,0.377024419202648,0.00152030536707568,0.0156655288826105
" 8671",59,1.30338584384458,0.404121797662065,0.00287914136287273,0.0158872368612492
" 4687",48,1.20164084127609,0.375448594719416,0.000569891898630479,0.0142977234715765
" 7662",46,1.23924624382041,0.347662833098201,0.0015393017636967,0.0150768078303688
" 7660",46,1.18494014892481,0.321309385394655,0.00146450345200145,0.0150661048417243
" 7671",40,1.0840012814697,0.309832828116165,0.00134815052269773,0.0151426795098815
" 8159",49,1.2638728920692,0.381305639552564,0.00392513045181742,0.0171199258532958
" 6161",28,1.07654495918986,0.27512160254001,0.00024279769431236,0.0155421410104157
" 9084",38,1.44656275749031,0.425924367603303,0.00609368785358527,0.0171556714616887
" 8548",54,1.13986999421197,0.285465341729578,0.00240779327171377,0.0158887899117869
" 7670",55,1.23756682408308,0.330270226742403,0.000745014929980469,0.0151400824442932
" 7665",34,1.22082118684133,0.326194728488941,0.00100977720788588,0.015194124334326
" 7663",42,1.09660695688947,0.281183221329068,0.000774696799700807,0.0146473675362545
" 8178",40,1.16804159556587,0.335535176960828,0.00172867209251245,0.0160524466750139
" 8176",37,1.21592367577152,0.359439633254574,0.00297827880773866,0.0163278740194527
" 8331",36,0.977309784969096,0.232033051676596,0.00213234552070904,0.015336962612787
" 8325",42,1.02657505011595,0.265056917024752,0.00123476578036604,0.015409195965329
" 1308",40,1.3070828719713,0.465769102691526,0.00112850468676723,0.0159046379170793
" 8460",48,1.08967442527864,0.22556699273116,0.00140454607516637,0.0139802414656988
" 8478",42,0.998221310623252,0.232792390483286,0.000751544941318944,0.0151684823546465
" 7664",47,1.16155717769216,0.294870250967417,0.000461256255454044,0.0139305732984046
" 8386",54,1.15048048532121,0.253440356200602,0.000353214249672015,0.0133810066424138
" 9153",44,1.13464241781041,0.351237634371823,0.00294444147625747,0.016980513613073
" 7682",55,1.10005458768264,0.277907829512531,0.00121280119677299,0.0146075886751166
" 8353",52,1.06228697695718,0.234369406579253,0.000290882323259307,0.013243513332316
" 8166",53,1.17492994486987,0.303168826107233,0.00113087923634486,0.0152378183668922
" 8277",65,1.00810550456871,0.322880277143187,0.00352679976017049,0.0165296767437082
" 8354",69,1.13132727716854,0.259513576787642,0.0033599876523422,0.0146320479771601
" 8355",55,0.875616821473568,0.214136317066534,0.000712364873288098,0.0133635417244711
" 8902",47,1.02900175514928,0.288218577058849,0.00065537568342505,0.0144696391613535
" 8912",44,1.19801078770984,0.374596570141189,0.0111283265955489,0.0178435521054507
" 8656",60,1.12391440244149,0.274458701702369,0.00014247297465762,0.0137294684528232
" 8660",52,1.12519561633473,0.280519290984799,0.000871459694989107,0.0142837107163163
" 8824",29,1.17980312359429,0.436656413984981,0.00215015464254124,0.0167199862576681
" 8825",48,1.30687945146501,0.44794910780271,0.00233715042177937,0.0169046819000453
" 8945",46,0.981799182966054,0.288826138903814,0.00217805560007836,0.0157535808609302
" 6162",27,1.12757993548361,0.280271305745794,0.00119558571233519,0.0156881956296895
" 8380",53,1.15465774627738,0.341744672891754,0.00177141398490974,0.0154105795129876
" 8263",44,1.12620702493065,0.257968086413602,0.000467786266792518,0.0136178400919974
" 8669",53,1.10235648644172,0.291778866698411,0.0013457759731201,0.0147492216620333
" 8663",58,1.2007897119139,0.305721446252356,0.00278415937976765,0.0155762457193557
" 6909",36,1.04093042343821,0.215982692839118,0.00148053166165043,0.0144408664427088
" 7330",29,1.06921235683359,0.210406928193132,0.000254670442200495,0.0131386531007067
" 7331",32,1.07400935963151,0.212513883424947,0.000248734068256428,0.0130653980578011
" 7335",26,1.083049975735,0.236594084177344,0.00183077772435041,0.0139563341575803
" 3295",64,1.36898993898022,0.448952554316634,0.00154939359940161,0.0164006951300655
" 8720",56,1.13495041852515,0.290725540459268,0.000563955524686411,0.0140467553623844
" 8851",83,1.79232289082744,0.607263460014618,0.00551785958101073,0.0170892177091408
" 2946",39,1.23318146179936,0.464530200525396,0.000104480181415588,0.0156174783376588
" 7314",40,1.34152266931323,0.358979829614672,0.00492362854920957,0.0158325996036264
" 7327",45,1.31787571875265,0.436552124790948,0.00306910532908289,0.016176908993505
" 2309",33,1.21316954162509,0.453392423188373,0.000754513128290977,0.0162849637729209
" 7710",29,1.09599927263968,0.234414096645982,0.000972971689432661,0.0139044286865655
" 1362",43,1.37301953540621,0.718507536886421,0.000917763411752833,0.0175064033315203
" 1746",42,1.17669744447221,0.41066634763725,0.00291713415611476,0.0173275854123629
" 5235",44,1.06576700204196,0.267442490114793,0.00101096448267469,0.0134840816276546
" 3164",33,1.08812932852006,0.30887740855485,7.12364873288098e-06,0.0136703363507179
" 4196",71,1.42113275100533,0.516266602982742,0.00689213014906235,0.0174186669825514
" 3160",30,1.08203182505352,0.308627966656648,5.58019150742344e-05,0.01376368983587
" 7328",26,1.05411937682991,0.211248855841636,2.73073201427104e-05,0.0129784381124551
" 7336",29,1.03067041064769,0.204069647028158,8.2515597822538e-05,0.0129008183312168
" 3132",29,1.07550283745091,0.309937972518933,4.33355297916926e-05,0.0137789442307715
" 1359",37,1.22742651779404,0.436705396582295,0.0010822009700035,0.0159768190490216
" 7852",43,1.21218576294432,0.283358868883246,0.000451758057143536,0.0142632854114356
" 7857",40,1.07989961391184,0.25758971567012,0.000150783898179314,0.0142876873556753
" 8192",53,1.06986012183379,0.217928813488998,0.000835841451324702,0.0132277650744184
" 8193",46,1.08873613924407,0.24475271082772,0.00223267024036378,0.0141337980887069
" 7084",34,1.11610751460182,0.229460950316894,0.000586513745673867,0.0141918120239224
" 7085",30,1.12351710480026,0.234885915626586,0.000512902708767431,0.0147269366453454
" 7078",31,1.05944043844979,0.234052117266654,0.000683870278356574,0.0149052965036267
" 4325",34,1.27298026414171,0.49965134689025,0.00983300980095338,0.0184441146180492
" 7915",54,1.01056064700907,0.2064880782166,0.000380521569814726,0.0135492144043127
"  972",32,1.14001557020757,0.287665575812946,0.000489157212991161,0.0137274158501083
" 4941",33,1.00452157554949,0.424902113041849,0.000927261610063341,0.0171266205080019
" 4328",67,1.38956673809954,0.605698663927849,0.00317061732352644,0.0187154874257733
" 2218",35,1.14397166056129,0.417951525778745,0.00063163018764878,0.0158809199509144
" 4560",35,1.21182501835197,0.332277456839648,0.00023923586994592,0.0154489859716219
"10060",48,1.14449026903379,0.289768451277016,0.000491531762568788,0.014730798546899
" 2035",38,1.15789668132016,0.298693884434314,0.00173757665342855,0.0142994382427777
" 2489",47,1.09072235623606,0.408087777457111,0.00281206033730477,0.0170503205375812
" 1360",36,1.4225325742436,0.745429064483888,0.00145322434150772,0.0177835328131544
" 1331",54,1.5184038515957,0.612357098168329,0.00432702296783079,0.0172370335942447
" 1709",41,1.63208806468318,0.724281562401047,0.0101274539485791,0.0191772416477101
" 2367",52,1.16465189206214,0.238587894969161,0.00224929208740717,0.0152259969872514
" 4393",36,0.835782927043451,0.312073264180135,0.00366333636088404,0.0181213259833492
" 5754",40,1.06850524783249,0.354414426165049,0.00112791104937282,0.0157819137849592
" 5314",43,1.12511875431807,0.293727914989011,0.000221426748113717,0.0131632673136774
" 2989",83,1.60335988314145,0.555873465551255,0.00250396252960767,0.0170655973689727
" 2232",38,1.39316804836594,0.485244647091627,0.00301508432619188,0.0171757225954145
" 4198",33,0.890507294094187,0.286602582009207,0.00087442788196114,0.0160356217655436
" 5455",38,1.18778142908044,0.306302694178564,0.00136180418276908,0.0140107464499831
" 7090",32,0.952230026476635,0.217253626987435,0.000569891898630479,0.0140330197237817
" 2410",38,1.29892230619212,0.429212477929276,0.00129828498156756,0.0166790255482151
" 4366",42,1.1011110197487,0.284160208151858,3.08691445091509e-05,0.0138825565467089
" 4524",30,1.22016768386225,0.335697281855211,0.00180050221723567,0.0164064327016762
" 5691",38,1.1059827988773,0.31527216329977,0.000822781428647753,0.0158402702802628
" 4387",51,1.05835553524687,0.324447735565365,0.00198452980950176,0.0162454568552362
" 6753",41,1.08051356693578,0.215470331969236,0,0.0123350054694233
" 6748",40,1.13840842177532,0.236099670979279,0.000141285699868806,0.0124158509392197
" 6750",39,1.10489680830216,0.222312365279062,8.0141048244911e-05,0.0123589099028267
" 6756",34,1.09654736938399,0.225711969142478,0.00264999732863172,0.0133890724927799
" 9913",59,1.07450470922976,0.216423631998522,0.000699898488005556,0.0131619800373357
" 2950",47,1.26757899793868,0.422023087653012,0.00173342119166771,0.0162145156777757
" 6381",43,1.07461897891846,0.187444664539918,0.000134162051135925,0.0120052990755755
" 6390",47,1.07386706930672,0.189091836538437,2.96818697203374e-06,0.0117802077794666
" 6383",45,1.07877266898654,0.191041953190583,0.000842371462663176,0.0124160595753158
" 6380",48,1.07486984327336,0.190197689243216,1.00918357049147e-05,0.0118910264400719
" 6369",42,1.07326328879375,0.193610746477904,0.000515277258345058,0.0124867232050067
" 1662",68,1.55519249994975,0.741626686120103,0.00494025039625296,0.0175313673767878
" 7924",37,1.33512368124734,0.41112750105941,0.0038788267350537,0.0164664629847011
" 4975",50,1.25096672067123,0.393575984376933,0.00271351652983325,0.0163653280989954
" 1460",44,1.08334768399412,0.476790672260834,0.00028672686149846,0.0164902048619348
" 7848",39,1.12927465308301,0.30896785417952,0.00108042005782028,0.0155854915745422
" 1134",66,1.10461164712098,0.331023815553587,0.00400349058787911,0.0167348948016397
" 1224",31,0.845054696214281,0.282862825646034,0.00372744919947997,0.0161297145810119
" 3684",50,1.34517049506783,0.509018839635921,0.00471882364813924,0.0176574419219766
" 6237",113,1.15635033502919,0.355109394484909,0,0.0069753590386405
" 5262",34,1.10278315279993,0.267876676002705,0.000130600226769485,0.0125769531032129
" 4546",39,1.12299647906841,0.340415370448261,0.0010905118935252,0.0157664726220506
" 4379",43,1.07365808009578,0.233534287065016,0.00227600577015547,0.0151393018790829
" 4952",53,1.11731893741821,0.317440124045115,6.70810255679626e-05,0.0158636292389511
" 4424",51,1.25939207563761,0.418339913603078,0.00670632164461304,0.0172182392722733
" 3793",63,1.0496313036934,0.196448756175388,0.00188895418900227,0.013570298540055
" 3475",62,1.27748690196212,0.409694199782377,0.00223267024036378,0.0161563469318333
" 2092",44,1.16035790997118,0.333308403117102,0.00552142140537717,0.0167958905195673
" 4384",54,1.11885527629007,0.218950743696902,0.00169424112363686,0.0145186093241204
" 4360",46,1.14776106314187,0.298639944353592,0.0017328275542733,0.0152503178304984
" 5157",31,1.18056542362999,0.33544448553581,0.00469982725151823,0.0173561012547264
" 2475",60,1.52527232748801,0.594288923715858,0.00531483559212362,0.0175923814130246
" 4353",59,1.58808741111971,0.627281832534749,0.00761874231981621,0.0179896015644152
" 4375",44,1.41409995909654,0.485395291389177,0.00684760734448184,0.017075001241499
" 8040",47,1.1011770945402,0.273716342566208,0.000730767632514707,0.015040966356303
" 3436",61,1.31205465254196,0.441364065787148,0.000637566561592848,0.0146885884425189
" 8128",36,1.14515737827402,0.312963853160442,0.000201243076703888,0.0148308633378337
" 7392",41,1.23840744434144,0.324362118478474,0.00425222465613554,0.0168828186562753
" 7603",34,1.16501827398197,0.341804081061483,0.00133865232438722,0.0164845438867197
" 7079",39,1.12400309819529,0.263288737601621,0.000585920108279461,0.0141115879904182
" 5291",44,1.17900111896981,0.296385722905878,3.32436940867779e-05,0.0130304315340493
" 2930",46,1.07333173187714,0.28490218390673,0.00198037434774091,0.0154575712143238
" 2548",47,1.27404961602218,0.470021053294805,0.00331843303473372,0.018155025219047
" 5305",43,1.04569597886352,0.26314368757078,0.00141463791087128,0.0141314268135814
" 5274",36,1.0582823334286,0.26143668521748,0.000685651190539794,0.012960026670244
" 2893",30,1.23994885678126,0.486096352826608,0.00243510059185648,0.0170360582380966
" 2640",39,1.2485705413786,0.413223773501749,0.00424510100740266,0.0174306566129581
" 4636",62,1.28237271670067,0.423248557739933,0.00946970371557645,0.0177649880347521
" 5469",45,1.14578542382939,0.279886859149009,0.0051895781019038,0.0159437171686359
" 2231",49,1.56508314003002,0.560538555173364,0.00307326079084374,0.0179647842523903
" 8792",31,0.651436165125304,0.185948512382882,0.000498655411301669,0.0146574076639168
" 2464",49,1.27962064549292,0.436476723165917,0.00319970555585237,0.0167214071076017
" 2174",45,1.30436503899134,0.402594376562558,0.000440478946649807,0.015659813980535
" 4608",34,1.46939816452812,0.525205679285823,0.0106189857111479,0.0179040476255751
" 4950",49,1.20686552038591,0.352427829981337,0.00293731782752459,0.0165502431989926
" 7851",34,1.40045090717509,0.46952778396855,0.00236386410452767,0.0168311664095393
" 5808",39,1.10742471156901,0.328948506660368,0.00241729147002428,0.0164778520017126
" 2734",42,1.20168427914332,0.367855029054996,0.000109229280570842,0.0142935196450627
" 2831",52,1.60930233747579,0.711356123291065,0.00769947700545553,0.0184709550504718
" 2843",46,1.14116239685732,0.43349435142544,0.000444040771016248,0.0148756485214201
" 1325",50,1.18226626293481,0.389154149600538,0.00106379821077689,0.015557360911966
" 2939",44,1.78031744789217,0.768770588501356,0.0101238921242127,0.0190581388870103
" 3456",47,1.3045534548783,0.464664099531825,0.00104836363852232,0.0156435103047743
" 2736",39,1.37014629565312,0.425770496855304,0.0114922263183202,0.0180915417995646
" 4559",32,1.2492784377215,0.338222166689193,0.00110179100401893,0.0158451477088654
" 3453",42,0.859572604289215,0.25772751078161,0.000534273654966074,0.0144725229134937
" 3369",62,1.36159226184059,0.468764477126961,0.000357369711432863,0.0149855942600244
" 3300",54,1.22002924652633,0.342836811229205,0.000413765263901504,0.0139341120889628
" 2256",30,1.29431740979953,0.490718006599865,0.00122111212029468,0.0165369632284187
" 4327",55,1.62342042317814,0.680213213799003,0.0113598451793675,0.0190292296611755
" 2273",66,1.36757019586811,0.459106158364042,0.00661965058502965,0.0173889069887403
" 4721",49,1.30539424412361,0.404767438411131,0.0101227048494239,0.0179999826001743
" 1417",53,1.0504611517708,0.207028966873486,0.000368055184532184,0.0131917378848124
" 4561",38,1.17194191928914,0.342530333201096,0.00127335221100248,0.0160889858494769
"  710",39,1.36862432892299,0.616308512307135,0.0019708761494304,0.0170644566678092
" 3004",36,1.25569832790241,0.544964626196711,0.00128225677191858,0.0168083760077232
" 7863",64,1.0918020132493,0.235468516012675,0.00190142057428482,0.0157693713487949
" 2325",36,1.15267125676246,0.432316570113064,0.00133627777480959,0.0163829595842909
" 2560",55,0.973510102573677,0.304559556984409,0.00423797735866978,0.0171812221344389
" 3477",46,1.28457888220213,0.445162727292306,0.000276041388399138,0.0153257581519472
" 3373",62,1.32139433188423,0.45526969528957,0.000428012561367266,0.0147964447916712
" 2204",59,1.45780590165694,0.537597494107076,0.00185927231928194,0.016823555112963
" 2323",57,1.14100446624833,0.227306538184457,0.000558019150742344,0.0148425432098826
" 4413",43,1.38400032844988,0.434787151594676,0.00843440009973108,0.0175525497666422
" 4186",113,1.15637938189788,0.35512512895548,0,0.00697501279007348
" 2509",75,1.58128446782548,0.580364300726386,0.00414180810077588,0.017103385553588
" 4531",39,1.38475940260283,0.660005182157011,0.00162419191109686,0.0177948321334314
" 5755",33,1.13819320587985,0.315990276426116,3.56182436644049e-06,0.0139796211568883
" 1934",39,1.1407574134949,0.430270293487621,0.000570485536024885,0.0152263835288652
" 1220",32,0.952017185181035,0.330649037838694,0.00349593061566134,0.0176538236471558
"   75",55,1.35070412352691,0.406622632253994,0.00247131247291529,0.0164307725946128
" 5167",53,1.26533787901773,0.337535695072132,0.00239354597424801,0.0161953511226712
" 9910",63,1.09844276227935,0.222119825990907,0.00036152517319371,0.0128854585759319
" 3172",73,1.5969774490976,0.719076856228452,0.00382065027040183,0.01772087404432
" 2172",47,1.2396228458663,0.377863006268611,0.000687432102723015,0.0155469527048947
" 4433",40,1.28455308179977,0.456491285667046,0.00229856399114293,0.0163994344832688
" 3005",49,1.13660296918767,0.37831404860631,0.00350780336354948,0.0170084587854471
"   38",36,1.01093837453515,0.289601679637976,0.00749229755480757,0.0165490118038728
" 4308",64,1.23105731753879,0.433981170674756,0.00170967569589144,0.0168285748644845
" 3299",57,1.18199125361077,0.320367440589234,0.00385804942624946,0.0163203830583481
" 5443",20,1.22295724504408,0.28286458373806,0.000869678782805887,0.015753976080893
" 5489",19,1.13029387147459,0.264786938971984,0.000353807887066422,0.0156463136201871
" 2880",50,1.34166655133117,0.595784840623813,0.0059642749016046,0.0181702283231015
" 4293",46,1.24637492589079,0.401788432452019,0.00331012211121203,0.0162812015022323
" 4380",37,1.08077685833184,0.214591397795252,0.00113087923634486,0.0144349384984661
" 1255",39,1.21357984604727,0.427883012964163,0.000959318029361306,0.0161516911185709
" 5009",25,1.28060403108864,0.4174768316217,0.000396549779463708,0.0170188044723971
" 8158",26,1.1586486199846,0.377028933245389,0.00201539895401091,0.0165886397254331
" 8041",41,1.17351385547771,0.309060458915382,0.000250514980439648,0.0146662972028422
" 2920",40,1.38538248794762,0.521208572515529,0.0055772233204514,0.0181284942240344
" 4205",61,1.5408340935785,0.545941030246186,0.00606756780823138,0.0182238120583515
" 5296",38,1.0542786318818,0.267376113748591,0.000881551530694021,0.0132089206505745
" 8451",44,1.0666186496341,0.257590562647218,0.00113800288507774,0.0156485868504754
" 4951",57,1.27830594375108,0.350893803393874,0.00202786533929345,0.016136644769466
" 5013",42,1.2577976216757,0.324147862669505,0.00298302790689391,0.0149239483413052
" 2199",44,1.21774334039672,0.34244140971355,0.00305307711943391,0.016560112763533
" 4004",40,1.44292825690492,0.542521485056671,0.00404741975506521,0.0172698300806907
"   49",39,1.04426125730345,0.289411755693879,0.00650685948009237,0.0166576057362703
" 3408",28,1.14117859496363,0.437920818547979,9.08265213442325e-05,0.0150433761936676
" 8438",51,1.12528837596912,0.267386148571163,0.00115759291909316,0.015329630312371
"  954",51,1.27245856806069,0.407216558003299,0.00310353629795848,0.0141953943967765
" 2413",44,1.2807769046497,0.411741419134982,0.00112256831282316,0.0161429869315205
" 4068",31,1.34694453929327,0.468970640252018,0.0132683894023852,0.0189398355645442
" 2994",40,1.0737553704893,0.293469543584238,0.00407532071260233,0.0168338692891881
" 3415",28,1.14320781033072,0.437850978988653,0,0.0150393697923383
" 4990",38,1.14583081525989,0.350516265273339,0.000771728612728773,0.0146483653921723
" 3385",27,1.15974303056023,0.436988525733266,2.49327705650834e-05,0.0150402408124153
" 1304",38,1.18616317985173,0.438994744469569,0.0015654218090506,0.0164938547527915
" 1235",41,1.25873412329857,0.52314954141375,0.00651101494185322,0.0184739634153748
" 2330",57,1.13629271664942,0.358141932137712,0.0004838144764415,0.0158701878382634
" 2328",44,1.06924429029441,0.346973530945006,0.00183433954871685,0.0165623103707855
" 3018",50,1.24977888176897,0.436122876169135,0.00346981057030744,0.0167295003891458
" 3406",37,1.43385482944307,0.51971377290294,0.00600345496963545,0.0170241496598471
" 4223",34,1.18266476543664,0.399811745957934,0.000125851127614231,0.0141760921712513
" 4337",72,1.49816082633585,0.524508250908874,0.00331902667212813,0.0171525104845862
" 5017",18,1.0706675963586,0.267790424793431,0.000408422527351843,0.0140525364250612
" 5693",52,1.34097180435611,0.445147676127268,0.00399043056520216,0.0173798589934266
" 4215",37,1.14093482561117,0.377193814980051,0.000881551530694021,0.0145280058806761
" 3933",67,1.1563272337685,0.325744266399553,0.00577668548497207,0.0176136203347566
" 5286",34,1.16765205704658,0.294166920183374,0.000204211263675921,0.0131557600478633
" 5687",58,1.3467583995017,0.395412968672766,0.00182840317477279,0.0156849383612299
" 2373",53,1.35238444924066,0.40143653511405,0.00117480840353096,0.0154177961550235
" 3994",29,0.961379434991531,0.273067963258419,0.00371142098983099,0.017081151818199
" 1198",42,0.946123509550079,0.291154840005323,0.00303229981062967,0.0169269567407217
" 5299",41,1.1102012277572,0.28006636725382,0.00038883249333642,0.0136296932948693
" 5686",60,1.24639603275427,0.391328710733842,0.000690400289695048,0.0154489332849228
" 5280",37,1.04979286560253,0.261237493882223,0.000197681252337447,0.0126513178897229
" 5379",46,1.02329495063055,0.307403193271494,0.00192516607006109,0.0153742186566961
" 4753",74,1.43465148886652,0.47422870251714,0.00400170967569589,0.0174780448284916
" 2229",49,1.42187875697986,0.452105576521348,0.0039316604631559,0.0177694465869281
" 4099",63,1.46257460523494,0.511584502058421,0.000724237621176233,0.0154405485448798
" 6743",56,1.23859285809957,0.318272414967413,0.00212700278415938,0.0142789039316299
" 3022",63,1.41717365133089,0.526581291041941,0.00337364131241355,0.0179412581620451
" 2494",31,0.916963299625461,0.290157870235131,0.00101808813140757,0.0165972097541899
" 1213",50,0.982926129116275,0.335242828507062,0.00339501225861219,0.0170249177296412
" 4092",39,0.836184273776829,0.261575151542899,0.00147934438686162,0.0155386668024434
" 2834",39,1.30669034004644,0.508215951136589,0.00409669165880097,0.0171098738425734
"   56",28,1.21847311568824,0.316162232776935,0.00214006280683633,0.0164500200002837
" 4949",51,1.17917119898537,0.336287310803894,0.00397974509210284,0.0167092607235208
" 1717",69,1.46543431548552,0.605396776302163,0.00648073943473847,0.0177691017433074
" 4094",54,1.34520550428064,0.494991391701814,0.000826936890408601,0.0153388195998501
"  982",38,1.08017052440177,0.266240150051789,8.0141048244911e-05,0.0124988805126469
" 5667",50,1.16277183839395,0.37169482965153,0.00358082076306151,0.0165643573568775
" 5880",37,1.29122900801291,0.408824987105868,0.000651220221664203,0.016208423289306
" 4021",25,0.63922044004431,0.185731600055029,0.00980273429383864,0.016808037077695
" 1509",62,1.98671743448923,1,0.0184977412097143,0.0194524025844426
" 4310",46,1.29109774086458,0.428122606763957,0.00258707176482461,0.0166214570356017
" 3138",48,1.20470483871305,0.381181103875715,0.000319376918190831,0.0144401539106457
" 4382",37,1.20903428125078,0.376939058451668,0.00330834119902881,0.016649687326951
" 4160",50,1.05922644511188,0.320424033413031,0.000281977762343206,0.0136927208149862
" 4248",55,1.22016196474044,0.355775897069493,0.00174588757695025,0.0159971239270669
" 2715",60,1.28853914333386,0.475055762309152,0.00212284732239853,0.0166462302537495
" 3135",48,1.25963259258142,0.400534181329835,0.00195662885196464,0.0173816080254583
" 2239",37,1.26205464572007,0.454711318521438,0.00129116133283468,0.0160751759411207
" 2401",40,1.28878182281107,0.424190349398016,0.0015743263699667,0.0164882065143391
" 5377",56,1.29843817306142,0.380123403326099,0.000930229797035375,0.0160380127208623
" 5487",113,1.15615159293221,0.355061205451806,0,0.00697414039909146
" 5417",26,0.464287836558558,0.152849090845303,0.000446415320593875,0.0138618609321744
" 5236",35,1.16781730110549,0.289401461202924,2.13709461986429e-05,0.0125482403142855
" 4971",51,1.15679762208413,0.395021277566024,0.00360990899538744,0.0169221798945402
" 4464",50,1.0541519078631,0.319928871832662,0.000650626584269796,0.0148791873137109
" 4495",40,1.0131112281664,0.269650252809999,0.000919544323936053,0.0144495645416683
" 5707",49,1.18010890606655,0.429051586355201,0.0026654319008863,0.0168714305516136
" 5751",33,1.14041056949588,0.312840491803046,0.00028672686149846,0.0143237241307518
" 4144",58,1.12407381228505,0.255924502689645,0.00426409740402367,0.0158043897763935
" 5237",35,1.14467480993716,0.282179097355437,2.43391331706767e-05,0.0126409773729426
" 5758",24,0.998570498510718,0.286211256570314,0.000948038918867577,0.0149731370923977
"   47",29,1.17373019778417,0.354054382602209,0.00229737671635412,0.016173769846257
" 5329",38,1.15243966482303,0.282293855811776,0.00031403418164117,0.012868117532361
" 5244",41,1.02553329553668,0.274030381900872,0.00148231257383365,0.0138835107518509
" 4577",39,1.07516849851499,0.203580875448583,0.00033777967741744,0.012944221452539
" 3984",62,1.58589345118055,0.555154902546673,0.00762230414418265,0.0176019094901592
" 5211",39,0.857451549575286,0.215379947201805,0.000708209411527251,0.0137673142610099
" 4410",39,1.25765254139789,0.491041333103189,0.0054009130143126,0.0178660818527118
" 4479",48,1.48871624639204,0.634452700329424,0.00372329373771913,0.0176438144243005
" 4432",47,1.22648015420504,0.388189639082891,0.00944477094501137,0.017300682532686
" 2500",53,1.30943631926268,0.405648991088524,0.00183493318611126,0.0146379935489712
" 2292",59,1.21820759653428,0.349261999503909,0.00109229280570842,0.0148376233774331
"  631",44,1.00383934731803,0.310000606298783,0.00118964933839112,0.0158591322487871
" 1727",37,0.728206941532896,0.26100134099602,0.000429793473550486,0.0156950739621143
"   51",26,0.726219875633046,0.189731809197232,0.00155592361074009,0.015916741671589
"  637",29,0.651292638370863,0.202779050285369,0.000191151240998973,0.015109505133949
"  614",47,0.846185544928252,0.247787505207393,0.000958130754572492,0.0156252541236589
" 3152",81,1.76367985722582,0.754199443481326,0.0076614842122135,0.0183796545784716
" 2310",51,1.07889389077767,0.286987371934353,0.000448196232777095,0.0143035930822007
" 1270",51,1.26485236821356,0.47930201717091,0.00212997097113141,0.0170263479855963
" 4350",37,1.24038113976191,0.420016735736899,0.00327391023015322,0.0168152686208111
" 3535",36,1.302882442962,0.491122466763163,0.00123298486818282,0.0156978226048411
" 1302",52,1.37454304543452,0.523566923340744,0.00720913251767555,0.0183479545781779
" 2897",60,1.47260853817857,0.631264089040408,0.00912005129027088,0.0186962434409336
" 4168",26,0.921361709635362,0.27136854474022,0.000943289819712323,0.0151864785025328
" 3141",34,1.0892575952569,0.318696752321629,1.6621847043389e-05,0.0139789501034005
" 1298",45,1.22747190245332,0.406039180011956,0.00113206651113367,0.0159912283749011
" 2892",35,1.26163232500902,0.480351413541697,0.00154048903848551,0.0168184272990506
" 6787",37,0.913239365354493,0.21978909091331,0.00307682261521018,0.0159411442430743
" 4179",37,1.25440297382186,0.426145858485728,0.00152327355404772,0.0156791634766895
" 2659",65,1.24120047370046,0.443307169097639,0.00219586472191056,0.0167177990046768
" 2553",27,1.17667048232768,0.402486127360695,0.00293553691534137,0.0167737716308325
" 5015",34,1.1756182202349,0.298208174194899,0.000238642232551513,0.0140793020262206
" 5638",30,1.04587654736621,0.207984790057464,5.04591785245736e-05,0.0133219513564347
" 5799",40,1.07671818834298,0.203041184931355,0.000303348708541848,0.012734819867262
" 5827",60,1.51033892100182,0.449334136361861,0.00479777742159534,0.0168188507403699
" 2889",50,1.37290281839699,0.51254550817098,0.00247784248425377,0.0171160914546981
" 5795",30,1.31296458919702,0.362296205228253,0.00810789953280737,0.0168584507404758
"10470",23,1.18074628703922,0.385081331961667,0.00238642232551513,0.0169196725050925
"  105",27,1.38517735872927,0.446064465122222,0.00436145393670638,0.0173110256767427
" 5480",56,1.17849012113414,0.295446520749472,0.000815657779914872,0.0158507524000259
" 2601",45,1.12697709763948,0.340839384997335,0.00514030619816803,0.0178483810100296
" 5849",32,1.10349244083776,0.232189413050555,0.00131728137818857,0.015120402910435
" 4554",36,0.934154938763534,0.255881709293903,0.00233240132262411,0.0165641774037855
"   52",28,0.953016289027048,0.276669519941662,0.00106854730993215,0.0161295467696365
"  128",36,0.960963063651375,0.326476174991159,0.000224988572480158,0.0161053226379204
" 3762",35,1.13469001054757,0.350279817097433,0.000546740040248615,0.012677418578901
" 3670",38,1.24025916246532,0.432118657616007,0.00238464141333191,0.0153129403421326
" 2447",48,1.33659516397584,0.524116417827993,0.00344250325016473,0.0173093563403792
" 4456",42,1.23664304209661,0.501016345972606,0.00415071266169199,0.0187209793559486
" 3270",52,1.263339432406,0.420765580005427,0.0007741031623064,0.0162841873255837
" 2417",61,1.22011191223638,0.353447063258093,0.000591856482223528,0.014423371706266
"  759",40,1.40937711542809,0.578090811487358,0.00240660599692496,0.0170598969156199
" 4320",54,1.23769338148425,0.313313625756693,0.00181356223991262,0.015533928102151
" 3759",41,1.16525711915787,0.357600781992971,0.00129709770677875,0.0129397971840347
" 7871",40,1.16302098943121,0.291948900527224,0.00323473016212237,0.0164919495977892
" 3943",69,1.51795555905134,0.498772915371297,0.00480905653208907,0.0173363861217145
" 2961",42,1.17752087644806,0.458577930563552,0.000245765881284394,0.0154338800691917
" 1848",70,1.10594728637727,0.240180568658289,0.00048737630080794,0.0148341569165564
" 3977",41,1.111019007666,0.355212164413338,0.00557900423263462,0.0180564384149551
" 4240",31,1.18258883957905,0.380589229784999,0.000910639763019952,0.0151795993588762
" 2486",43,0.945278093347293,0.268459645501061,0.000842371462663176,0.0143271440520665
" 3761",33,1.13725624464443,0.351026695562722,0.000157313909517788,0.0127054721263578
" 4065",31,1.09210570058792,0.342997885141676,0.00409134892225131,0.0175219307299363
"  715",48,0.925075210330025,0.287911857809399,0.00138911150291179,0.016151943472879
" 2423",28,0.78517936552224,0.27433521665531,0.00236980047847174,0.018245080332111
" 1318",38,1.19577174846277,0.388895324633684,0.00209910182662226,0.0164965583977563
" 4998",46,1.09865970781035,0.310997616646812,0.000666654793918779,0.015491535281321
" 3768",44,1.14403995837205,0.353835800602525,6.05510142294883e-05,0.0124718798896875
" 4082",58,1.43487909048291,0.487617070746125,0.00917407229316189,0.0181668492072001
" 4096",27,1.00336308699064,0.308759243396748,0.00197384433640244,0.0170395009078291
" 3016",40,1.04294233624159,0.256157794478776,0.00197740616076888,0.0156069398216786
"  321",35,1.20611748496751,0.449658173691368,0.001566015446445,0.0154467750548367
" 4361",47,1.12527000542303,0.297471753669096,0.000952788018022831,0.0156249497010546
" 4431",38,1.04015705344006,0.331733392616878,0.00200352620612278,0.0166050821852979
" 4211",39,1.10281929275977,0.369775136681162,9.61692578938932e-05,0.0138987587258806
" 4089",46,1.14136883735571,0.383483356363947,0.00488682303075635,0.0170783445918786
" 3970",52,1.29879482772926,0.39025557545114,0.0080135111870967,0.0175162666729822
" 1211",57,1.52197521669361,0.579234098511142,0.013951072405953,0.018641438709936
" 3820",37,1.30923026435233,0.472507074946016,0.00170789478370822,0.0155538546680597
" 3924",35,1.22858576309439,0.425727205354399,0.00773687616130315,0.0170547900053449
" 4054",60,1.44947310145276,0.542646855587024,0.00384083394181166,0.0173715782144461
" 4525",55,1.23596795436063,0.354488897934301,0.00189904602470719,0.0147624915925474
" 3995",60,1.33142375337578,0.466221931705559,0.00778614806503891,0.0180043155851304
" 5033",19,1.03434159104463,0.188201651517123,0.00235852136797801,0.0154794540400849
" 5395",26,1.13634686339681,0.269858076323287,0.00100027900957537,0.0136343394361646
" 3789",54,1.26140148298142,0.475066077956104,0.000108042005782028,0.0152309696701237
" 4221",28,1.12100171991052,0.377141419737507,0.000923106148302494,0.015082929653301
" 4405",31,1.11464109279107,0.402137323800532,0.000530711830599633,0.0162571926301841
" 5032",27,1.09344257866818,0.23877278166146,0.00571257264637614,0.0163459680945505
"   65",26,1.09568390741066,0.345951753916499,0.00111247647711825,0.0158290676706194
" 3796",41,1.25599892617775,0.475108827927418,0.00118311932705265,0.0154321267944618
" 4217",29,1.16923413186094,0.394227290105955,0.000454726244115569,0.0147653223223068
" 2287",51,1.45857840567582,0.531360339804308,0.00412696716591572,0.0173942400559832
" 2962",44,1.15865988611583,0.417035637136965,0.00513140163725193,0.0172227904212004
" 5002",58,1.09392938310123,0.230402724457524,0.00123832760473248,0.0144798488606398
" 5652",45,1.19022756859466,0.309452588558129,0.00274023021258155,0.0157457513583899
" 5654",44,1.19830199879436,0.312656276186466,0.000763417689207079,0.0155181656956269
" 7901",33,1.20153329456889,0.365234238043146,0.000761636777023858,0.0163490432720711
" 3949",32,1.1899333072097,0.387286401555975,0.0027443856743424,0.0177483323105738
" 5102",40,1.14403774498555,0.262962344998832,0.00031581509382439,0.0146771360257305
" 5431",46,1.12194608634938,0.247425411645824,6.70810255679626e-05,0.0140780895882491
" 3978",32,1.19851647470246,0.445484862928811,0.00142888520833704,0.0160924827135189
" 2816",62,1.58011219368915,0.595015085823054,0.00376069289356675,0.017437620131095
" 2935",78,1.77425307434708,0.684509141826739,0.0071871679340825,0.0179601482683381
" 5111",32,1.28333942534964,0.389829392116113,0.00634123464705289,0.016983526194652
" 3954",36,1.14995716651101,0.365028997804186,0.000546740040248615,0.0158471183078688
" 3260",38,1.11797463094322,0.306342390621034,0.00191032513520092,0.016987537795083
" 4141",37,1.12796840560063,0.350963519429348,0.00268205374792969,0.0172978233643469
" 3047",35,1.01906888944574,0.325853445254776,0.00513318254943515,0.0171945556568687
" 2248",57,1.57186770059448,0.680203436637808,0.0062367544656373,0.0188604512519573
" 3232",76,1.42917359580416,0.569963540108255,0.00481796109300517,0.0177487755764279
" 2442",77,1.25983784079314,0.511742579702,0.00215787192866853,0.0180818713567383
" 2068",43,1.1677162612066,0.435233569769829,0.000240423144734733,0.0153871540904555
" 2313",63,1.31712762853353,0.486455728900776,0.0033427721679044,0.0178978628331228
" 2157",46,0.874979592036177,0.281595688731746,0.000287320498892866,0.0146574705543156
" 5908",26,1.04860005560387,0.185762021383938,0.000234486770790666,0.0127916751287492
" 5907",26,1.05249835653788,0.187441143872053,1.54345722545755e-05,0.0125925783411594
"  923",29,1.1868709023599,0.365182955219359,0.000679714816595727,0.0136533044346825
"  101",30,1.17550423479682,0.426231816903083,0.0128480941271453,0.0190443317017392
"   57",26,1.18750247467034,0.309540621898922,0.00152624174101975,0.0165073383334171
"  120",40,1.09456973610269,0.355973788478017,0.000159094821701009,0.0163510999122387
" 4547",33,1.1262041293515,0.350012782891807,0.00161706826236398,0.0161699016062177
" 2216",48,1.10043513385603,0.363013553934393,0.00055327005158709,0.0161389464571371
" 4877",46,1.13675369322348,0.321132933898083,0.00442259858833028,0.0162351041329592
" 5965",53,1.32028622943255,0.338808889099843,0.00107032822211537,0.0145685573718053
" 2419",42,1.10555656642352,0.393278492873709,0.00110238464141333,0.016175294927432
" 3119",35,1.14929519231842,0.358383541494977,0.00110713374056859,0.0145917533327308
" 4213",24,1.19236082740453,0.379660841100251,0.000337186040023033,0.0149332939881554
" 3537",45,1.25977500242278,0.416228022469546,0.00108932461873638,0.0149052168102299
" 1159",45,1.11273563791128,0.364564212099431,0.0011611547434596,0.014816261006499
" 1309",31,1.09509015126733,0.368453105767875,0.00216143375303497,0.0164869074871767
" 2810",52,1.2449435672714,0.434703328509295,0.00318783280796424,0.0166012055774035
" 2471",28,1.18591177437068,0.434951801886702,0.000357369711432863,0.0150719802777566
" 3043",68,1.86604258437545,0.68274055860973,0.00761043139629452,0.0181472428474938
" 5720",46,1.31452023417727,0.439230319559007,0.0144526960042267,0.018327111515506
" 4111",62,1.31195261602565,0.501476407967704,0.00166871471567737,0.0169328710963779
" 2797",31,1.21694377647964,0.443813562179335,0.00104539545155028,0.0152576868402751
" 4176",38,1.20327412264586,0.342782654300367,0.00267018100004155,0.015965130084849
"  360",32,1.20152187136152,0.435389635747258,0.000202430351492701,0.0152262882112712
" 2318",50,1.13312156598701,0.356986887910558,0.00403020427062742,0.0165078809630591
" 3236",36,1.06003376260082,0.215446493881018,0.00321514012810695,0.0148281965285444
" 4069",45,1.30767690818644,0.466055264801302,0.000568704623841665,0.0152432180494451
"  341",33,1.1784740619756,0.418621049575257,0.000159688459095415,0.0148818277928781
" 4178",24,1.15959773690286,0.333515748986724,0.00127335221100248,0.015577544888991
" 7877",42,1.10317714493715,0.269804615939492,0.00187945599069177,0.0161011622897406
" 4180",35,1.23147717945492,0.432512265032858,0.000869678782805887,0.0153076395042511
" 3757",42,1.57269119587069,0.74673662988282,0.00523944364303396,0.0181204981966493
" 4175",34,1.23942159547905,0.344429996837406,0.00033777967741744,0.0155323987904649
" 4172",32,0.983403893229662,0.333446317393932,0.00021727128635287,0.0145588159548319
" 2977",38,1.24691119622609,0.494072526236462,0.00111485102669587,0.0158427359526302
" 5027",49,1.78559483276901,0.556408510088341,0.0100395956142069,0.0172636576440833
" 5685",37,1.04100510004223,0.184280542176722,0.000528337281022006,0.0135930603130089
" 5732",34,1.03505993382553,0.172463479650698,0.000162656646067449,0.0130235355933866
" 7872",51,1.13895470989377,0.273023796795669,0.000895205190765377,0.0155439376021235
"  958",48,1.15520497556149,0.336826999455972,0.000414952538690317,0.0134590670290103
" 4652",47,1.11322279208857,0.2672764861442,0.00193407063097719,0.0154906652617442
" 4336",35,1.2105405307767,0.368431631402418,0.00118430660184146,0.0156705130875171
" 2944",55,0.955248000208211,0.303697496735293,0.00145856707805738,0.0166644184408384
" 3953",39,1.01281682888173,0.308074357718764,0.00173698301603415,0.0158849339975846
" 4719",52,1.07739784459845,0.231663762955673,0.00130659590508925,0.015562958759585
" 4449",41,1.21563427616184,0.361205557928149,0.000298005971992188,0.0155363439100298
" 3309",44,1.06016137264369,0.345090520694553,0.00089283064118775,0.0149463592706186
" 2600",48,1.24935575478427,0.411914136071278,0.00228787851804361,0.0163778643963653
" 4528",57,1.15980962189531,0.35433079482417,0.0015393017636967,0.0151089335918456
" 4451",41,1.19344166214078,0.354468123258962,0.000320564192979644,0.0156060839815907
" 1165",66,1.17252405749284,0.452731460810476,0.00264287367989884,0.0171016831495517
" 3951",40,1.14768581067543,0.351245691463794,0.00207298178126837,0.0157622152406206
" 1314",43,1.27310551367399,0.48814259115477,0.00308453990133747,0.0174002458214538
" 3307",63,1.32937712623595,0.504800624396129,0.00246715701115445,0.0165834111915294
" 4311",43,1.04669661648825,0.357619252309111,0.00079606774589945,0.0161625095272229
"  616",34,1.19907114593708,0.413713247745111,0.0012228930324779,0.0147854108436237
" 3267",30,1.03970720568011,0.350156875590944,0.00682683003567761,0.0179282891422904
" 5839",32,1.14504062812683,0.236120739493124,0.00292128961787561,0.014955938481231
"  929",26,1.15345075438033,0.403919870770537,0.000230924946424225,0.0147048018014928
" 5485",33,1.65507781613991,0.476839254286045,0.0170504532421506,0.0177882785345022
"  558",32,1.1864518975612,0.40858172524388,0.000166812107828296,0.0143177293791916
"  493",34,1.11834751659117,0.39002266299785,0.000324719654740491,0.0145195209192329
" 5987",38,1.0856117281086,0.200274583534949,6.64873881735558e-05,0.0130822587773891
" 4435",38,1.28571006020502,0.452766378794636,0.000593637394406749,0.0162363015032288
" 2353",55,1.32522271683466,0.440300781894914,0.00086730423322826,0.0164253378297029
" 5676",42,1.06857017766161,0.176255807723565,2.55264079594902e-05,0.0125812258489915
" 5988",31,1.08375146059825,0.203552556792023,0.000272479564032698,0.0133105484552532
" 2396",52,1.20026680483326,0.409275747680473,0.000569891898630479,0.0163748380876104
" 5892",44,1.29007013660829,0.387633404554971,0.00343419232664304,0.0172494574481288
" 4394",48,1.1423721260042,0.338257596573655,0.000496280861724042,0.014783496456556
" 5675",40,1.06539205728226,0.173844081188561,1.78091218322025e-06,0.0125664411096091
" 2438",40,1.06815536172792,0.286830333309356,0.00225522846135124,0.016381068400101
" 5673",36,1.06884721141174,0.177036909366133,5.93637394406748e-07,0.0124048352067255
"   87",29,0.97933269262113,0.266416107368657,0.000582951921307427,0.0132810498111676
" 6131",35,1.07598003335189,0.284215599518182,0.00122586121944994,0.0160371997378167
" 4070",53,1.27523968447337,0.450766575989125,0.000439885309255401,0.015254616930001
"  978",40,1.08848186796025,0.271549616635237,1.78091218322025e-06,0.0123404100371589
" 6014",113,1.15590079260411,0.355011391587576,0,0.00697241407671725
" 2674",39,1.14099802443516,0.348012972789851,0.00377909565279336,0.0176826449885238
"  985",37,1.10120837870743,0.27448758319159,1.06854730993215e-05,0.0122843096472109
" 4365",41,1.12970704910774,0.293318591910407,0.000163250283461856,0.0141780093596426
" 2997",52,1.08112314743758,0.205094761915232,0.000539022754121328,0.0130438842369378
" 1334",38,1.44158018506408,0.716730536669467,0.0044332840614296,0.0183817235819153
" 4807",52,1.37442023417807,0.37426558392016,0.0065009231061483,0.016507642894581
" 4368",43,1.09946368493953,0.286827493270319,4.92719037357601e-05,0.0138884296926667
" 4629",30,1.19398788587146,0.298715449545088,0.002673742824408,0.0164933313946783
" 5430",37,1.04612748509974,0.230450305955776,5.93637394406748e-06,0.0146678587967334
" 5109",41,1.0859229032143,0.233947480989022,7.30173995120301e-05,0.0142474732993428
" 3976",59,1.21684383479198,0.443557189903793,0.000228550396846598,0.0152832332680671
" 4954",113,1.15585572611269,0.355001670295341,0,0.0069720996535731
" 3124",39,1.21283933764249,0.397551642048253,0.0022783803197331,0.0154643133876717
" 1622",42,1.06135497323046,0.240318150291205,0.00191448059696176,0.0156083008584804
" 4631",23,0.994345686212898,0.283662057242041,0.00952075653149543,0.017434643777052
" 2443",55,1.55333407462963,0.563726028417016,0.00472594729687212,0.0174544713377338
" 5803",35,1.03785332369801,0.17329817043166,0.00023923586994592,0.0127965777809626
" 4001",33,0.532919393695036,0.162640204427884,4.74909915525399e-06,0.0142612618992813
" 3979",57,1.21457255011186,0.446651765618991,5.52082776798276e-05,0.0151549760590295
"  602",38,1.29826061591195,0.43563046251951,0.00345437599805287,0.0157486962578164
" 5101",56,1.11482396985525,0.231703399774032,9.08265213442325e-05,0.0138746132625365
" 5890",30,0.996734122599736,0.178167615784967,0.000576421909968953,0.0143366131178839
" 3963",53,1.13028584924926,0.4048735746544,0.000559800062925564,0.0152896820236608
" 3741",42,1.45841338617775,0.706668727469764,0.00333564851917152,0.0177391694634616
" 2912",65,1.00788057312812,0.305251348593331,0.000358556986221676,0.0148760937019512
" 3002",37,1.13421110451932,0.407662527171738,0.00233062041044089,0.016688382995647
" 5414",49,1.05846441392812,0.174476036024506,1.54345722545755e-05,0.0116683574466291
" 5833",34,1.15049698450953,0.256818871206077,0.00167287017743822,0.0149879613967291
" 5855",47,1.0816190256961,0.188550579511272,0.000306316895513882,0.0129038422536506
" 5894",41,1.07899997499908,0.269915969025567,0.00146569072679026,0.0158815544805702
" 2227",76,1.22378703881014,0.451421240835413,0.00124248306649332,0.0164074540541229
" 5415",51,1.05232351634436,0.171750765736228,9.4388345710673e-05,0.0117350300108508
" 2143",41,1.19165097290591,0.455737973397121,0.000852463298368091,0.0165155548064404
" 4630",45,1.25203175140363,0.33347836408767,0.00750298302790689,0.0173356005745377
" 4943",41,0.903806077288797,0.165793808857792,0.000738484918641995,0.0143389960179987
" 2606",39,1.11433891932728,0.412187895095233,0.00196850159985278,0.0167634073742966
" 5410",48,1.04953416446328,0.170522925805635,0.000194119427971007,0.0118023822975076
" 5413",47,1.0353087653494,0.178640753753258,0.000330062391290152,0.0119651272908992
" 4402",47,1.08537614633636,0.350364458580302,0.00246715701115445,0.0173655397972599
" 3009",43,1.23244256830135,0.37201559619454,0.0094738591773373,0.0174563118844235
" 5082",40,1.22694811581421,0.369937318266534,0.00551904685579954,0.0173710004924011
" 6051",57,1.12861711065981,0.257267412492038,0.0014336343074923,0.0157973045521585
" 4439",36,1.18080273403482,0.35480330466658,0.0021026636509887,0.0164621723640125
" 2953",42,1.07220878220923,0.310673741463287,0.00193347699358278,0.0160945776182517
" 5920",43,1.09408098228539,0.288122743861019,0.00304298528372899,0.0166711608976364
" 3240",44,1.49962310356499,0.689405393588838,0.00346149964678575,0.0177530340747579
" 1426",49,1.62614262235137,0.671388434883733,0.0102313404926003,0.0188913644293676
" 6016",113,1.15580874876636,0.354995774581865,0,0.00697219176473496
" 4295",49,1.04018265990178,0.216537471774717,0.000935572533585036,0.0139590997742283
" 4407",49,1.48351755163206,0.66188344518289,0.0137563593405876,0.0188818438701564
" 1410",58,1.55697095238916,0.62553498149113,0.00631927006345984,0.0185350460509946
" 4558",49,1.2222857639151,0.314742550132681,0.00295750149893442,0.0160717706880799
" 1350",40,1.40933043537047,0.612252884253613,0.0018824241776638,0.0171752172292195
" 4332",41,1.12281268766943,0.318682656350292,0.0010732964090874,0.0152652639994624
" 4446",37,1.10219306264148,0.27239353503773,0.000991968086053677,0.0153778680232622
" 5648",56,1.43176831086805,0.465129802018594,0.0105014455070554,0.0176850512944873
" 4580",113,1.15581328437247,0.354999791528874,0,0.00697203799086796
" 4226",30,1.16581492428583,0.367813244433455,0.000809721405970805,0.0149803095368513
" 4555",44,1.07191403328297,0.287816353441202,0.00162656646067449,0.0158801262898692
"10140",34,1.27277672812936,0.431924806593077,0.00281087306251595,0.0167145803347584
" 3086",34,1.2033415722555,0.3230606240366,0.0034573441850249,0.0164357457086775
" 5418",37,1.05377130452653,0.265958376276545,0.00124723216564858,0.0153354704849785
" 2735",47,1.4196043260919,0.552598209769871,0.010064528384772,0.0185443662750481
" 3006",37,1.29995726508732,0.509984674749396,0.00783067086961942,0.0185838725416594
" 5798",27,1.01935433577131,0.177407756657063,0.0018034704042077,0.0147795465623889
" 3841",58,1.23208884608137,0.456564597902863,0.00374882014567862,0.0167019070870284
" 2484",50,1.07283663382124,0.350267891728925,0.000966441678094187,0.015511148488339
" 4552",42,1.19888216099596,0.317861306806601,0.000876802431538767,0.0153428100855403
" 4136",65,1.16022382938934,0.260964825711358,0.000774696799700807,0.0145865322824129
" 5615",37,1.09220429841798,0.208292180110351,0.00262506455806664,0.0141641089831573
" 4153",52,1.35520524340702,0.466355704803304,0.00197206342421922,0.0167688218230864
" 5245",46,1.12499086045461,0.285271575107722,0.000255857716989309,0.0132985696570385
" 4553",26,1.11084762457162,0.286049854524374,0.00164140739553466,0.015645240938379
" 1785",32,1.30057549035007,0.611645905659149,0.0026125981727841,0.0170163226921659
" 4323",51,1.29625592953859,0.421282754117867,0.00068090209138454,0.0158759586826934
" 4595",40,1.19500602196996,0.402722106705472,0.00221842294289802,0.0163988020994484
" 5608",51,1.23418890509063,0.368949863109872,0.0074679584216369,0.0172894986777648
" 2985",49,1.02746681459345,0.387209969760379,0.00165209286863398,0.016485059868976
" 4322",50,1.28645031833297,0.440022772761056,0.000137723875502366,0.0158640489368176
" 3648",32,1.08881997224548,0.376048268902376,0.000544365490670988,0.0148386527652023
" 4533",41,1.19065227227143,0.369849343640744,0.00349889880263338,0.0173151451492519
" 6474",49,1.30969426293297,0.434071297882942,0.00274854113610325,0.0169207658696355
"10138",45,1.1726894991318,0.285178710831497,8.31092352169448e-05,0.0139269931893
" 5100",50,1.14226813062078,0.274530204756088,0.000794880471110636,0.014632163638478
" 2582",57,1.45274002809984,0.534412969242637,0.00582477011391902,0.0180325972487935
" 4356",62,1.11346772132213,0.219905988440089,0.000474909915525399,0.013774218289844
" 5785",25,1.15611982807819,0.368328364652849,0.00219705199669938,0.0161181070046627
" 4355",63,1.04741754385727,0.216115053049259,0.000348465150516761,0.0138265981139823
"  698",41,1.07537791043307,0.288673457955052,0.000104480181415588,0.0147736789256135
" 5412",52,1.05008989144255,0.173443386849053,0.000188776691421346,0.0116478110077157
" 3716",47,1.09544904939632,0.237561940414965,0.000613227428422171,0.013272257474416
" 4467",50,1.05434857832446,0.19693654060415,0.000174529393955584,0.0135407799994741
" 4658",40,1.29537333990269,0.393356668473783,0.00325906929529305,0.0164556246113086
" 4882",113,1.15581400002626,0.355000368051572,0,0.00697194834574224
" 4243",81,1.26682285424167,0.470231699468106,0.00333802306874915,0.0171664597077191
" 4452",59,1.135040600566,0.269521013682666,0.00223623206473022,0.0151537966379723
" 1408",57,1.51253753678123,0.625117814823367,0.00292188325527002,0.0176072772143122
" 1485",47,1.41303151107143,0.617351984377506,0.00446474684333316,0.0174521323531906
" 3234",45,1.39537832546775,0.618407809751449,0.00366630454785608,0.0171031338351825
" 4117",44,1.30521923378203,0.52442152295904,0.00576540637447834,0.0184530837765784
" 3479",33,0.973001987322168,0.309506325515726,0.000728986720331487,0.0149902898214276
" 4192",18,1.20430221461579,0.386432341559236,0.000611446516238951,0.0150568966676213
"  911",36,1.11346988273867,0.275260965281546,1.54345722545755e-05,0.0124804982122957
"  148",39,1.30807853066591,0.430332561367528,0.00390257223082996,0.0177221935043573
" 3037",42,1.35165903067742,0.534225920533368,0.000398330691646928,0.0155323635428351
" 5104",41,1.14542377912418,0.263526305182048,0.000837028726113515,0.0150342589165194
" 5432",33,1.07773627939932,0.240904531456911,0.000188183054026939,0.0149573846925391
" 2534",42,1.15533796018325,0.429544832061322,0.00214718645556921,0.0169065313467214
" 3034",41,1.31013460216993,0.527059894240421,0.000676746629623693,0.0155222586330714
" 5112",34,1.14906032246365,0.312631579887104,0.00109585463007486,0.0157079081308969
" 3473",39,0.982797101236004,0.303608445583061,0.000322345105162864,0.0147832740073367
" 3665",42,1.26613251974401,0.440731253587166,0.000712364873288098,0.0150114136491076
" 3036",46,1.24943333597707,0.486281734058537,5.69891898630479e-05,0.0149092069381726
" 2435",54,1.19613400900951,0.430372922830287,0.00313262453028441,0.0168387017530342
" 5457",30,1.25657838051048,0.362085308604954,0.00307741625260458,0.0159458832433636
" 4028",73,1.31100924897853,0.490700012702017,0.00492422218660398,0.0175184842853814
" 2603",49,1.27658162964755,0.380704872010943,0.00571554083334817,0.0178646117412397
" 4319",50,1.14711191750706,0.341429575841838,0.0020148053166165,0.0157963796522543
" 5769",38,1.15486912776664,0.341880303320985,8.84519717666055e-05,0.0147656023153172
" 5386",47,1.25335599439716,0.382752720047048,0.00276872480751307,0.0157927669750484
" 3021",30,1.16206577008659,0.293819258441929,0.000875021519355547,0.0154222158109251
" 5737",41,1.15303648284573,0.342128325342863,0.000415546176084724,0.0147871996874069
" 5238",38,1.18901607701262,0.317360484698386,3.02755071147442e-05,0.0127020151245195
" 3023",36,1.13642335086919,0.282446781690459,0.00031759600600761,0.0151921520052205
" 5753",33,1.17036832567199,0.329315905760565,2.55264079594902e-05,0.0142975820307646
" 5229",35,1.17892682008862,0.312523565133553,0.000133568413741518,0.0128973561396536
" 5752",28,1.14491082540521,0.318878460943167,0.000195900340154227,0.0144097533136395
" 2828",38,1.01928250856708,0.342486862376822,0.00350839700094388,0.0168091111641206
" 5316",43,1.1353464920121,0.288007202177175,0.000527743643627599,0.0129626759510944
" 5224",39,1.13824010970817,0.29836789726389,0.00136239782016349,0.013389672102648
" 5714",35,1.03879285418842,0.323504454626597,0.000444040771016248,0.0154673112626217
" 2984",42,0.852100496410162,0.308332163405391,0.000174529393955584,0.0155794190208538
" 5759",34,1.06819973460795,0.309791121793982,0.000134755688530332,0.013789176309871
" 4886",44,1.19813747948368,0.301921150341121,0.000486189026019127,0.014964494225981
" 5765",56,1.18868971209906,0.371931015706092,0.00340094863255626,0.0166229688537013
" 4140",68,1.46730690509947,0.554143758680307,0.0212041340908146,0.0180568314339353
" 2928",49,1.3998706506694,0.509146797664344,0.00922453147168647,0.0183495522708888
" 4888",43,1.11114778374136,0.282944159098235,0.00127988222234095,0.0153669515949199
" 4159",63,1.13371943023898,0.344769771343096,0.000546740040248615,0.0144833103328268
" 1193",32,1.35742105318049,0.408626136016498,0.0125524627047307,0.0183511733742055
" 3081",59,1.29336179020664,0.412692399548071,0.00208307361697328,0.0158870450358605
" 3945",70,1.49201590983624,0.52275661486312,0.012557211803886,0.0183508340098744
" 4303",55,1.14689462936578,0.34442996922063,0.00232705858607445,0.0162012906645984
" 1508",41,1.4668926223377,0.750943627846412,0.0126878120306554,0.0191396974737295
" 2375",52,1.30586905309117,0.460454877899516,0.00792862103969653,0.018202487535557
" 2368",45,1.17033469180901,0.464639077986743,0.00234249315832903,0.0170372435720364
" 2904",47,1.08130040907707,0.246268031655698,0.00134874416009213,0.0152045031216259
" 5179",54,1.10205751733777,0.245465957362428,0.000426231649184045,0.0148543562097969
" 3151",34,1.20973869038323,0.409430455165473,0.00218221106183921,0.0154262155829419
" 5901",21,1.06434299374377,0.260600673111536,0.00169958386018652,0.0152439892327233
"  927",31,1.26877033580679,0.422442667329187,0.00345259508586965,0.014737128193034
" 5770",32,1.05776085891852,0.212188654126256,0.000464224442426077,0.014503039999119
" 5794",26,1.1013630849246,0.261686319048446,0.000220239473324904,0.0135201236562011
" 5164",47,1.3437160374261,0.494185960646692,0.0041168753302108,0.0170492200527084
" 5670",46,1.21104872099803,0.361057649078851,0.000717707609837759,0.0157361586656856
" 4654",39,1.24326918633407,0.373589212448266,0.00184918048357702,0.0156968946823907
" 5793",23,1.09269725447444,0.258836168786479,0.000835247813930295,0.0135784952169503
" 5668",33,1.16542912468872,0.354855663794184,0.00120389663585689,0.0165088673943151
" 5633",41,1.05833171006661,0.215363240590012,0.00011872747888135,0.0127824075923147
"   95",43,1.15412963166048,0.365974977870504,0.00130125316853959,0.0166288419372787
" 3640",33,1.17303021939908,0.406629473341385,0.000834654176535888,0.014966329514247
" 4450",32,1.04806254620919,0.351897183859571,0.00182840317477279,0.0162107870850903
" 5706",39,1.12690830062416,0.424258280621016,0.00260547452405122,0.0170897147304402
" 5716",38,1.1886720368631,0.374954850073704,0.00151377535573721,0.0155243080046167
" 4656",41,0.991835231010779,0.285705065713908,0.00082159415385894,0.0151896505820366
" 5788",26,1.05276058459562,0.251660654577756,0,0.0129564478488964
" 5850",32,1.09754617172198,0.226393705044808,0.00102817996711249,0.0147814369327023
" 4593",35,1.0945114084487,0.361783810140662,0.00214778009296362,0.0163250090613283
" 5239",43,1.1737325729956,0.301097764774683,0.000396549779463708,0.0132239370820008
"  895",38,1.19094805761849,0.408722741205222,0.00410440894492826,0.0173734703347054
" 2595",44,1.02495935928603,0.233618312881945,0.000257638629172529,0.0150492825070686
" 4411",56,1.13547836774142,0.332697490577902,0.00201539895401091,0.0161852964229833
" 4914",50,1.24917919723732,0.356219623729863,0.00341875775438846,0.0159212337807391
" 5427",33,1.16736582038897,0.310218829367007,0.00558315969439547,0.016563701922646
" 4437",51,1.25666526096543,0.398785943317817,0.00221426748113717,0.0167913348605347
" 4312",64,1.07378869308628,0.186200617109735,2.13709461986429e-05,0.0118707820045234
" 4915",48,1.13972005108354,0.349168010534099,0.00214481190599158,0.0167515488991056
" 4313",62,1.05994946856737,0.189000972669031,1.6621847043389e-05,0.0114413088373626
" 5674",34,1.05956663528429,0.167515864388037,7.47983116952503e-05,0.012640056786497
" 5756",33,1.20247271940644,0.324309860389746,0.00102996087929571,0.0144573074921979
" 4988",33,1.16157157687105,0.369841350961107,0.000954568930206052,0.0148732947649121
" 4991",35,1.02075801061916,0.312153773436328,0.000187589416632533,0.0143046075154832
" 1163",28,1.01221233498099,0.251620392918114,0.00102164995577401,0.0141651672088991
" 3674",31,1.17804894243542,0.40953770682471,0.00107151549690418,0.0150685255144707
" 5475",36,1.00118285891543,0.183221724148759,0.000269511377060664,0.0137710188663012
" 5862",34,0.958473431497842,0.302457724740659,0.00239592052382564,0.0163808584828291
" 2352",51,1.1858647152135,0.329605438568721,0.00177082034751533,0.0160216766120667
" 5684",31,1.1188581843113,0.261546090056868,0.000839996913085549,0.0152502561077843
"  969",34,1.0953274726729,0.291491320701852,0.000140692062474399,0.0130307446204669
" 3659",55,1.04684071097249,0.172558309210278,0.000230331309029818,0.0132202106847957
" 5809",35,1.08098866447484,0.321411655062366,0.000760449502235045,0.0149640605714917
" 5683",34,1.11061894554789,0.261672123021257,3.68055184532184e-05,0.0150567648869313
" 5699",35,1.06224135186681,0.234324720507468,0.00128581859628502,0.0144574215779676
" 5766",27,1.15238805889442,0.245914344828872,0.00286251951582934,0.0154880880612123
"  970",31,1.04995635223851,0.277957488364795,4.63037167637264e-05,0.0130538574527001
" 4367",43,1.18890088600693,0.320789511999479,0.00144372614319721,0.0146891704046094
" 5175",31,1.11500528740403,0.292570687298894,0.000356182436644049,0.0137123802904352
" 5704",46,1.17501153596401,0.29000174573132,0.00109882281704689,0.0143138825330362
" 4942",43,1.2126829997012,0.37128459011389,0.00146687800157908,0.0163123990873488
" 5397",30,1.20521314228656,0.309666768823084,0.000856618760128938,0.0137158183898631
" 3127",34,1.18898226623203,0.362212164117398,0.0020581408464082,0.015183382007799
" 1440",51,1.30041323282368,0.511720491899126,0.003606347171021,0.0168901003650417
" 4978",49,1.2000859941221,0.408798553024992,0.0017684457979377,0.0157674024591211
" 4349",45,1.305246498919,0.329159040254022,0.00661430784847999,0.0166342932802809
" 5477",31,1.15463865902014,0.277689173013288,0.00742818471621164,0.0164308457728976
" 4649",32,1.18642000485867,0.376288586956006,0.0040901616474625,0.0176197527367776
" 4974",48,1.16605417995304,0.388375998814763,0.00147459528770636,0.0158125266921794
" 5403",51,1.2917963680832,0.396883948944734,0.00229203397980446,0.0160459866589475
" 4599",24,1.18041941190229,0.317223256947889,0.000119321116275756,0.0135365737165165
" 4571",30,1.16221395329761,0.302798617366296,5.46146402854209e-05,0.0137061843346949
" 4415",43,1.53600961277684,0.706429516807427,0.00530949285557396,0.0185126158641706
" 4569",22,1.02590375051868,0.261709711757391,0.000804378669421144,0.0141270529975658
" 4600",24,1.14301303389296,0.301318985109791,5.16464533133871e-05,0.0134765877146397
" 4455",29,1.1318358817893,0.306599438821104,0,0.0131367654828483
" 4492",45,1.29772605932471,0.585084493761245,0.00115284381993791,0.0173462686249396
" 4987",38,1.121789002538,0.244543007202781,0.00535639020973209,0.0161041213380059
" 5846",38,1.12460786730799,0.255485791261037,0.000972971689432661,0.0147870141930779
" 4137",59,1.26585581049447,0.398038720037738,0.0012407021543101,0.015104289446675
" 3146",76,1.31168377193526,0.478451764273289,0.00190498239865126,0.0160416096832145
" 5001",28,1.11474402612446,0.291406169184615,0.00196731432506396,0.0160638992298145
" 2943",41,1.06846648349607,0.255415542448227,0.00124307670388773,0.0142757218635359
" 5425",43,1.23995041336782,0.478629343571179,0.00825630888140906,0.0180628227604322
" 5859",28,1.1158941396922,0.309133047385384,0.000690400289695048,0.01542640737165
" 6013",113,1.15596162650763,0.355063374191411,0,0.00697872410395091
"  658",41,1.18298427052074,0.342632231307559,0.00307563534042136,0.0168598396993789
" 7002",47,1.14369600769672,0.359036419407136,0.00129234860762349,0.015791387307161
" 5486",31,1.23658839765262,0.497871861712299,0.00519254628887583,0.0175450843689892
" 5011",63,1.21806161685254,0.394017778025737,0.00525428457789413,0.0173803989335349
" 5825",42,1.25054472017977,0.409581193529453,0.000800223207660297,0.0153979685801659
" 5860",30,1.38629387628663,0.394178923637024,0.00256213899425953,0.0158531787854311
" 4335",40,1.16895038567925,0.352137709287776,0.000599573768350816,0.015281395476173
" 5801",40,1.23294904122382,0.391821708956553,0.000566330074264038,0.0152536180370931
"  979",40,1.12569944228567,0.28890291469275,4.15546176084724e-06,0.0124124672020361
"  668",43,1.22743029971826,0.347611075963187,0.00303348708541848,0.0165164034253599
" 5411",42,1.26251412409706,0.42668838736962,0.000279603212765579,0.015243375859943
" 6428",45,1.30900426045409,0.493614490275436,0.00844924103459125,0.0187048838561664
" 4513",34,1.19003172540442,0.310822454808046,0.000173342119166771,0.0148504371534026
" 4460",32,1.21064537361657,0.347936731412092,0.000834654176535888,0.0151767505126449
" 4889",26,1.15157060643165,0.308428839987859,0.000718894884626572,0.0140314497837925
" 5438",40,1.30332839484927,0.372194650638095,0.000858399672312158,0.0156191035431859
" 4638",40,1.09259814940779,0.303021881208381,0.00149834078348263,0.0155015540690848
" 4511",34,1.203928469535,0.314253553681821,0.000170967569589144,0.0148916396543397
" 4770",31,1.05717733145105,0.286725564418549,0.00160222732750381,0.014690661679726
" 5437",41,1.01340610203319,0.286446487344764,0.000210147637619989,0.0150308461989789
" 5153",32,1.08947692872587,0.236897947807471,1.84027592266092e-05,0.0126588359632249
" 4512",34,1.11548379720293,0.312464285844958,0.000980095338165542,0.0152429790162757
" 4334",38,1.1638924984197,0.35049473932625,0.00300617976527577,0.017533416330031
" 4470",35,1.06450877034539,0.214774749006511,0.00140929517432162,0.0143090126513601
" 4572",21,1.07269284519409,0.278473534084079,0.000375178833265065,0.0144927152491087
" 4611",38,1.28345110818098,0.355067747610807,0.00197562524858566,0.0160898637438171
" 5470",47,1.21841197324237,0.390929985391587,0.000830498714775041,0.0149240345284072
" 4917",34,1.1203010747967,0.236746229153103,0.00197206342421922,0.0143551459953576
" 5158",33,1.05853546164851,0.231964934024833,0.000583545558701834,0.0132184146226747
" 1167",69,1.43690928910938,0.496931814402366,0.00498002410167821,0.0169802557103131
" 4331",35,1.02681201235078,0.267413602716743,0.00110594646577977,0.0170500194243552
" 4520",67,1.368002123128,0.42031130646211,0.00299490065478205,0.0165051934237904
" 4612",27,1.10434453259894,0.324201517528212,0.00269926923236749,0.0163374039960773
" 4453",51,1.25001897354503,0.312925200922906,0.0021376882572587,0.0153886563957289
" 5471",49,1.1992595983464,0.383889135755102,0.000745608567374876,0.0150459215270603
" 5396",50,0.99638665786422,0.323061221454859,0.0010816073326091,0.0147677750524791
" 5678",34,1.05481041741149,0.181137795302567,0.000113978379726096,0.0130632070290505
" 5346",46,1.11700790401465,0.296895290262215,0.000753325853502164,0.0137001964359647
" 4326",44,1.19482019310373,0.411969124002692,0.0027800039180068,0.0166508948409096
" 5677",36,1.07574329410067,0.180219296143077,5.93637394406748e-07,0.0125438424394108
" 4972",57,1.11438060629684,0.255656182330122,0.000398924329041335,0.014435619885357
" 4976",49,1.04300659615216,0.256906718918614,0.000972378052038254,0.0142945262863799
" 5442",33,1.16061037393256,0.260898937303181,0.000463630805031671,0.0139628568771719
" 4209",68,1.3663741781873,0.471173615215346,0.00128344404670739,0.0154493434054597
" 5444",25,1.08180576724327,0.231980579373296,8.7264696977792e-05,0.0136173910621599
" 5006",31,1.24365775608505,0.349716869512612,0.00218399197402243,0.0147559233677783
" 5035",36,1.12020711027505,0.365285648274226,0.00169424112363686,0.015711879384066
" 8447",47,1.2500496023152,0.3252550469621,0.0055327005158709,0.016264080663627
"  685",64,1.03800461587458,0.326864137738249,0.00186342778104278,0.0168759299327166
" 5005",28,1.12100336709401,0.320116983746049,0.000115759291909316,0.014478957167567
" 5014",34,1.09044692727111,0.279464845754723,0,0.0139780798365948
" 4956",71,1.19574822904284,0.350111444118134,0.000939134357951476,0.0154445573657782
" 1143",70,1.61596647553284,0.591101276097528,0.00750120211572367,0.0174243969712231
" 5804",39,1.06744888963127,0.188572966496315,0.00092013796133046,0.0130708583883588
" 4551",48,1.16205488344885,0.27793638899681,0.00490581942737737,0.0160394043355566
" 9468",32,1.35071036795656,0.47111800570029,0.00372626192469116,0.0172010066576576
"  879",30,1.0994066816087,0.251609972712891,0.000251702255228461,0.0132333817555173
" 3130",43,1.20547522257175,0.349382682736137,0.00112672377458401,0.0145279920449652
" 3031",46,1.50380321462472,0.572169930034368,0.00221426748113717,0.0164159946395942
" 4730",57,1.75660768995176,0.771209673843769,0.00717648246098318,0.0188121248461114
" 7133",81,1.66719165337701,0.596995536500711,0.00901497747146088,0.0180781187272559
" 4944",36,1.11166396567725,0.321396076363732,0.00156067270989534,0.0151088890426266
" 4493",35,1.66429068073503,0.509742198966388,0.019053385810879,0.0184345899886479
"  536",29,1.10581521307092,0.386751302953298,0.000183433954871685,0.0140145157479994
" 3155",34,1.09147770136912,0.322429328833245,0.000140692062474399,0.0139939311255964
" 5454",49,1.13741465626169,0.265217086586138,0.000923699785696901,0.0152237600298032
" 4047",55,1.31136166545662,0.422167887981996,0.00202786533929345,0.0154223704635357
" 4122",44,1.27692062571726,0.471347763048339,0.00195484793978142,0.0158429423340652
" 1155",52,1.12532098489164,0.340120753659099,0.00157195182038907,0.0161744119603288
"  526",33,1.10175345679384,0.377877973781725,8.90456091610123e-06,0.0135633011079406
" 5451",52,1.1338067856821,0.286028387523258,0.0011172255762735,0.0155192761625869
"  520",29,1.12971257029575,0.392838373914744,0,0.0135477868098147
" 5671",45,1.15447249858944,0.305297686914495,0.00402426789668335,0.0164938840729247
" 6078",75,1.17768020008183,0.315258576101557,0,0.0125465915578106
" 6153",23,1.01054895096087,0.383290138315486,0.00634657738360255,0.0186760321454385
" 5310",55,1.27814767471744,0.344953716465091,0.00157848183172754,0.0140818972281589
" 6154",113,1.15589972569003,0.355047259927269,0,0.00697876637349789
" 5249",53,1.13559000149198,0.30471380514454,0.000882145168088428,0.0139906407782515
" 6267",39,1.76299258788127,0.616751727538173,0.0242471193745436,0.0193266012832129
" 5757",47,1.11145518858822,0.322622173855594,1.24663852825417e-05,0.0142985153222206
"  713",36,1.14111528642288,0.306979047818135,0.0013196559277662,0.0149575936798462
" 5629",48,1.1945787263138,0.36575328888095,0.000252295892622868,0.0148704443348118
" 3602",43,1.15744880579763,0.371184737025439,0.00225997756050649,0.0156761084406597
"  702",43,1.11052200937375,0.282443972727564,0.000813876867731652,0.0140401724273948
" 5093",39,1.32864688645441,0.460501915025396,0.00186342778104278,0.0159783285157198
" 5681",113,1.1558137447074,0.355026107609838,0,0.00697864619468608
" 4651",59,1.40204605046477,0.354328162097244,0.00134696324790891,0.0147246358818782
" 5460",49,1.11966371950056,0.271201079883757,0.00116946566698129,0.0144813203958691
" 5911",45,1.40751271311654,0.4436513607338,0.00368648821926591,0.0166838133651705
" 3592",44,1.16724471864009,0.37633296608484,0.000583545558701834,0.0150082740597022
" 5094",26,1.22208275117517,0.42506782744932,0.000917763411752833,0.0157577757546906
" 3621",31,1.15950575402045,0.404332247066496,0.00383845939223404,0.0170453552968876
" 5429",44,1.20490183924097,0.368781817296652,0.00224632390043514,0.0161042102989768
" 5105",40,1.13240926317253,0.330561687006231,0.00212581550937057,0.0165990379724277
" 8941",63,1.16329432823756,0.289850759900942,0.00197859343555769,0.0161847692637194
" 3573",44,1.23971588013886,0.397367622794565,0.00128938042065146,0.0152774679448975
" 5121",75,1.20414274672432,0.378675628996847,0.00202430351492701,0.0163614156238768
" 8942",60,1.14092435302126,0.287450093637052,0.000117540204092536,0.0160485368581321
" 3608",47,1.42463914051874,0.468961305466838,0.00201064985485566,0.0164109821242493
"  909",37,1.13381134951864,0.299038098388805,1.78091218322025e-05,0.0126011871683144
" 5449",36,1.08498499836107,0.219023050005396,0.0003870515811532,0.0135690520744881
" 3134",43,1.09370062673228,0.316560304427241,2.25582209874564e-05,0.0134392173846544
" 5727",48,1.10395995985225,0.312243357247128,0.00129887861896197,0.0154443867065662
" 3617",68,1.45851916901619,0.472185419891822,0.00380580933554166,0.0166051791929519
"  457",42,1.21346672584359,0.404164528537642,7.59855864840638e-05,0.0151003739426452
" 5445",39,1.1963112388523,0.331058854747049,0.0028322440087146,0.016393505374421
" 5792",21,1.07639520060752,0.25408704621423,0.000617382890183018,0.0133995932462253
" 5004",50,1.16937263563936,0.3192899790587,0.00178328673279787,0.0158042703638998
" 5483",48,1.11077025254644,0.354099230709744,0.00060788469187251,0.014620788380127
" 4590",39,1.03448144249723,0.142642066815405,0,0.0100432640599157
" 3618",47,1.11935119741924,0.385547052114797,0.00429615382332164,0.0167902503863979
" 4108",43,1.41249844699509,0.541099526410406,0.00321573376550136,0.0163719484531404
" 4589",39,1.02704700061417,0.138886855298261,0,0.0100744965527992
" 4499",36,1.18138421414775,0.352797026301372,0.0133425940766861,0.01787657729218
" 5888",44,1.20039058986339,0.325952123370789,0.000115165654514909,0.0129593515064578
" 4591",40,1.03379322876543,0.143693464835029,0,0.00992407097194407
" 4324",48,1.25262278026109,0.387940456563832,0.00203498898802633,0.016259762923895
" 5066",66,1.08467870959641,0.192457100665393,0.000425638011789639,0.0139888924706285
" 5259",42,1.2408069622944,0.357250982338271,0.00323829198648881,0.0148838978712774
" 4588",35,1.01377125857424,0.131605573343216,1.1872747888135e-06,0.0108538244915014
" 5065",56,1.07088958303073,0.191439684135358,0.000281977762343206,0.0140727420800012
" 5416",47,1.04234302418694,0.173347184138189,0.000262387728327783,0.0116252483588551
" 5064",67,1.05723791494215,0.242891785370301,0.00283521219568663,0.0153065986492196
" 9464",41,1.32647440374221,0.461274614445767,0.00493431402230889,0.0171513024375107
" 6649",40,1.31122136206219,0.400432219887564,0.00177616308406499,0.0164053814016492
" 5802",39,1.052829530264,0.171771914307029,7.95474108505043e-05,0.0124699993649521
" 5909",26,1.04479967551095,0.190393914992974,0.000174529393955584,0.0130724055014611
" 6648",44,1.08133167062556,0.330029140442062,0.00179397220589719,0.0162528704172784
"  806",57,1.34649069403622,0.451490358859114,0.00726671534493301,0.0172516835868669
" 5407",32,1.19992365106365,0.417199734047369,0.00111425738930147,0.0156776248194726
" 5747",113,1.15594103845899,0.355068589257056,0,0.00697858077992102
" 7003",49,1.46916312338829,0.50672627370143,0.00295750149893442,0.0169237529711959
" 4963",51,1.21323184971965,0.386795172174878,0.000653001133847423,0.0149410442731935
" 4604",62,1.11096347183039,0.219315623322582,0.00240838690910818,0.0142784209489578
" 5408",46,1.34384658618624,0.454991766237059,0.000757481315263011,0.0154312804529905
" 5301",56,1.16933068823744,0.338793488585131,0.00324897745958813,0.0148128300283998
" 7001",42,1.3060911018816,0.455275421465107,0.0016978029480033,0.0167073312171548
" 5106",54,1.1322204299613,0.346398050493155,0.00247962339643699,0.0157451364742007
" 5669",58,1.3167561119253,0.404551361605804,0.000841184187874363,0.0155449922938723
" 4448",45,1.26277227253396,0.383846380981178,0.00168118110095991,0.0156308902987439
" 5807",49,1.39696259181312,0.676854423889006,0.00275507114744172,0.0179702323311512
" 5734",40,1.46649658820026,0.505133736448228,0.00377790837800455,0.0174777003244875
" 5726",65,1.76977114275141,0.722423895244231,0.0171282197408179,0.0189428329032649
" 4463",51,1.13472975703212,0.337475290539614,0.000592450119617935,0.0148489927735169
" 4670",39,1.16613552458251,0.325360953375889,7.12364873288098e-06,0.0141174383223996
" 4539",42,1.2525843541081,0.366003098669375,0.000676746629623693,0.0152861556488452
" 4641",39,1.21901884479558,0.331916182224482,0.0015303972027806,0.0156730661673174
" 4484",48,1.19388806938621,0.338142599971675,0.000683276640962167,0.0145055159658373
" 8816",49,1.33757189701048,0.408946720217066,0.00953500382896119,0.0179712155849629
" 3032",41,1.28726686259039,0.468682966682353,0.00084355873745199,0.0154959017358902
" 5399",51,1.10612700384452,0.341150540413126,0.000968816227671814,0.0157908673587021
" 4538",49,1.18746459694308,0.349372260307908,0.000501029960879296,0.0152430561850923
" 4640",44,0.609858640652451,0.164358644575926,0.000243984969101174,0.0147594591287621
" 4672",38,1.18701572198907,0.33356245395891,0.000992561723448083,0.0147025404754881
"  955",38,1.40899333443665,0.464281206909172,0.00178625491976991,0.014507432462277
" 3033",44,1.24791693398076,0.441889319882778,0.00048203356425828,0.0150142246540935
" 5853",48,1.01065897631423,0.257334833266579,0.00249683888087478,0.0166624423927983
" 5420",31,1.15846383272366,0.264224248050373,0.00106854730993215,0.0138584010650654
" 4671",41,1.10007163904218,0.317397224266339,0.000406641615168623,0.0143753779604758
" 4579",32,1.07424994104657,0.321147777019698,0.00521154268549684,0.0171061942995222
" 4557",42,1.30648439065185,0.428544219632902,0.00535460929754887,0.0178763789743734
" 5024",35,1.01849059519017,0.135805195156247,0.000204211263675921,0.0112474283986014
" 4556",31,1.19052943724102,0.403875000256278,0.00298065335731628,0.0174808518186268
" 5023",32,1.02020102738929,0.135465828449819,1.1872747888135e-06,0.011280440991706
" 5918",26,1.31164220510064,0.547276898259804,0.00357072892735659,0.0173958432948462
" 2334",39,1.13676328529161,0.424734347841832,0.00140039061340552,0.0165285875098555
" 5022",35,1.01398048020259,0.133793742087325,0.000105667456204401,0.0113572840386646
" 5736",39,1.17684947379035,0.354565878404689,0.000558019150742344,0.0149249576514735
" 5288",62,1.12965301170986,0.33859854309024,0.000201243076703888,0.0137654766007909
" 5289",55,1.04260984721922,0.312283116808724,0.000512902708767431,0.0143912853461964
" 5672",42,1.07135495953167,0.174933391048855,0.000108042005782028,0.0128516623805605
" 4879",46,1.25404139068286,0.433831194230043,0.00264228004250444,0.0171132370579193
" 5632",25,1.12694596939227,0.257503517687271,0.000197681252337447,0.0137644910350208
" 3547",39,0.958674070331654,0.289850171655782,0.000745608567374876,0.0150766261228485
" 5750",39,1.25042303786155,0.365957272380906,0.00218399197402243,0.0157350516149088
" 5637",17,1.0868746796612,0.233308786525865,0.000139504787685586,0.0137130032735945
" 5240",39,1.20179070803662,0.349073345661705,0.000828124165197414,0.0142997065896865
" 5749",41,1.20650800995364,0.364204473994431,0.00207891815521243,0.0153773742488081
" 3838",55,1.10298596285802,0.255002555344856,0.000330062391290152,0.0142039440620917
" 4924",43,1.21407948718593,0.473498455495584,0.0117065294177011,0.0185263365261719
" 4986",28,1.09894166207515,0.274297433882844,0.00180643859117974,0.0141546678652634
" 5984",27,1.0436027908973,0.203086301808432,0.000505185422640143,0.0134343329493006
" 3490",45,1.09992634160567,0.334933643808646,0.00108516915697554,0.0156400750029873
" 5322",66,1.17714231144039,0.350222156840674,0.00111841285106231,0.0151544987091563
" 5247",39,1.18388908950602,0.337305020091247,0.000208366725436769,0.0137617339499509
" 5248",31,1.17022357905417,0.350438224770548,0.00144906887974687,0.0144713770778256
" 3539",58,1.23984121298044,0.401168927075075,0.000715926697654539,0.0153077221659401
" 4904",43,1.04632938801126,0.206887616263755,0.00021905219853609,0.0141997480599154
" 5016",45,1.20536827735945,0.316374783228235,0.000127038402403044,0.0139128324103143
" 5636",40,1.0642759931551,0.198551144289851,5.93637394406748e-07,0.0130967292021746
" 9063",65,1.16702117486607,0.292309465714365,0.000713552148076912,0.0155589343579653
" 4907",34,1.11720786703936,0.271376493820519,0.00256332626904834,0.0152288291162454
" 3522",46,1.16083901078073,0.381561843117283,0.00203320807584311,0.0160018741985565
" 4364",35,1.12650043800329,0.307849942581885,0.000907671576047918,0.0145794161356994
" 5635",35,1.06800243657168,0.204183302180078,0,0.0132677232894897
" 9066",67,1.14098365308398,0.285378744211934,0.000642909298142509,0.0156213568355037
" 4866",60,1.04990323112268,0.15796217551879,1.36536600713552e-05,0.0102198474318576
" 5733",27,1.06595945247044,0.256400834626927,0.000463630805031671,0.0147165625896282
" 7503",45,1.46944053165153,0.608172326721193,0.00416199177218571,0.0179692826242543
" 3510",41,1.11694150194332,0.347719149517431,0.00107448368387621,0.0156175772151229
" 3133",43,1.09100314248373,0.312802613726438,3.20564192979644e-05,0.0134558481227223
" 4861",56,1.06054454099446,0.171067834477717,0.000474316278130992,0.0120995558003674
" 7509",44,1.24829865800733,0.534068722454489,0.00284886585575799,0.0178001023663374
" 4767",60,0.979230177389366,0.233265660252499,0.00500139504787686,0.0160063052326634
"  645",39,1.0742689052245,0.281263675798395,0.00243510059185648,0.0147894396511017
" 5556",56,1.08007198520599,0.205824112317342,0.000154345722545755,0.0119230690401884
" 4842",65,1.05221554733132,0.147315811767407,3.56182436644049e-06,0.00997967959981975
" 5424",51,1.34737019675957,0.379433473261993,0.00882738805482835,0.0177930965771546
" 5760",46,1.37928482509271,0.382717780301319,0.0143600885706992,0.0176334702736595
" 4768",52,0.922755856034059,0.253554515990238,0.000641128385959288,0.0156226611718828
" 4845",62,1.05397647350688,0.147741365267719,5.93637394406748e-06,0.0100591167928341
" 5501",42,1.05294067639176,0.156694935433792,0.00195187975280939,0.0118733217206541
" 4510",48,1.12929572090129,0.299718339404669,0.00125494945177587,0.0148005402948536
" 4674",74,1.33187656453867,0.394894834480877,0.00190795058562329,0.0152538290471157
"  990",35,1.10752611208339,0.284709271248057,2.19645835930497e-05,0.0125240771081288
" 4841",63,1.05234669990762,0.147639626599158,4.15546176084724e-06,0.00986412371506346
" 4867",35,0.766409813773026,0.243672299048756,0.00132143683994942,0.0163688083839337
" 5492",32,0.993179699847451,0.130516121374858,2.90882323259307e-05,0.0108792392959744
" 4500",38,0.907378008926276,0.226852083045362,0.00162003644933602,0.0157765756535452
" 4849",62,1.04773521574118,0.148210322194419,2.25582209874564e-05,0.0101392603120974
" 4276",54,1.12532888777406,0.241575010180308,0.00048559538862472,0.013752446012597
" 5491",33,1.0007828488476,0.147901714038417,0.00191863605872261,0.0126631831956788
" 4782",53,1.03044330211261,0.146624998031193,0.00358794441179439,0.013326955647966
" 4274",54,1.12681631255021,0.244635825753461,0.000413765263901504,0.014034901590613
" 6130",32,1.2545381250173,0.424726190796219,0.000327687841712525,0.0154430478957018
" 4507",46,1.23875479031951,0.334615656531897,0.00087264696977792,0.0152600204120836
" 5433",28,1.09583790191676,0.338791813189943,0.00300736704006459,0.0164058726195303
" 6129",34,1.31251496235195,0.439821599895453,0.000942696182317917,0.015711380881062
" 3035",30,1.1712139538425,0.447285089432187,0.00142651065875942,0.015836771794493
" 4501",45,1.08090861583161,0.371827401347826,0.00261081726060088,0.0170313507386796
" 5680",34,1.09452977579418,0.2055317501819,0.00247962339643699,0.0147029169262659
" 1964",64,1.33558984908002,0.471645980846137,0.00112078740063994,0.0153111704420774
" 5912",25,1.0703053155522,0.277606615236513,0.000252889530017275,0.0140739919309297
" 5876",49,1.34920565748246,0.46415532938301,0.0019085442230177,0.0173146967334025
" 5266",39,1.34488700369663,0.426039119022078,0.00105430001246639,0.0152589647053991
" 5913",26,1.13262130949621,0.286225511725669,0.000224394935085751,0.0140675183196857
" 5192",62,1.14250028284435,0.342677128177226,0.00388535674639217,0.0157506483801358
" 4583",80,2.32049946833551,0.800856096781622,0.0293713973630627,0.0189634487188854
" 5628",46,1.18748400850688,0.362199502764341,0.00092013796133046,0.0150065342909072
" 5931",15,1.08379896820061,0.26406532704923,0.00203439535063193,0.0148173146981816
" 5921",16,0.977677292471923,0.241224388580534,0.00149893442087704,0.0148409957734165
" 4635",25,1.09345371293736,0.241993970463668,0.000879770618510801,0.0139880463656818
" 5761",56,1.24122597574901,0.385288394188659,0.0014075142621384,0.0155022607516622
" 5857",28,0.900898915435597,0.289424722509092,0.00279781303983901,0.0161463540673914
" 5165",56,1.59915368228258,0.589680341494761,0.0164318830771788,0.0184231394125677
" 1889",43,1.3190404944821,0.486498974575994,0.00161113188841992,0.0160918771802116
" 5630",40,1.14524510999938,0.247747867995476,0.00159688459095415,0.0142366444452699
" 4633",40,1.17379800352562,0.283718320130091,0.0011083210153574,0.0144272123338328
" 4868",42,1.0259533354315,0.195087438220734,0.00203914444978718,0.0143985578388974
" 1628",60,1.22904901185974,0.436835788001016,0.00217330650092311,0.0165658038417884
" 4645",47,1.40684924500095,0.371989102024834,0.00216855740176785,0.0152816268972551
" 5746",52,1.08147696884063,0.175651956765524,1.1872747888135e-06,0.0102746587280716
"10107",35,1.22086337422044,0.401357967388882,0.0018028767668133,0.016868228296616
"  655",45,1.10837747105765,0.336464279920386,0.00184502502181617,0.0164906016001435
" 5221",51,0.995502612709741,0.220546586195255,0.00553151324108208,0.0164936917283972
" 4862",64,1.05319957775456,0.173010594378367,0.000569891898630479,0.0117355116171439
" 4995",73,1.04854438178864,0.213442964508683,0.000548520952431836,0.0143288236133681
" 5744",49,1.07902262914521,0.176041563764985,0,0.0102189411093438
" 4863",60,1.06996399463853,0.173748575803667,0.000281384124948799,0.0114126308427312
" 4370",44,1.21202487315548,0.340487626621962,0.00162656646067449,0.0145124615021592
" 5745",53,1.08397765499444,0.180198488311455,0,0.0102979075560327
" 2909",16,1.20959925351859,0.39567862853177,0.00235852136797801,0.0169288963705428
" 5086",49,1.26038315000809,0.348398345368784,0.00166574652870534,0.016093737715735
"  996",41,1.13556960318428,0.297916031250241,0,0.0124524236295485
" 4858",57,1.07775389241153,0.180990841673182,0.000211334912408802,0.0110406618323847
" 5741",41,1.04121971260204,0.160907375780253,0.000904703389075885,0.01138142935314
" 8469",57,1.19163290355942,0.28041510863253,0.00152327355404772,0.0152574269877639
" 2927",46,1.1204086537258,0.299833043968494,0.000690993927089455,0.0130548891982869
" 5426",50,1.35388459842253,0.477103169007791,0.00392987955097267,0.0173576945154854
" 5790",24,1.09345711626887,0.270645778134463,0.000817438692098093,0.013536026448357
" 4462",57,1.03719799971057,0.180642450857209,0.000298005971992188,0.0121429554681364
"  848",25,1.11562194541941,0.258626400752975,0.00296106332330086,0.0139030073150812
" 4840",60,1.05576817666775,0.164997994739338,1.4247297465762e-05,0.0104120684242868
" 5708",36,1.4074143577141,0.456748097474807,0.00684523279490422,0.0171654195982207
" 5764",45,1.13485378514646,0.309607199922075,0.00244637970235021,0.016559656176658
" 4598",31,1.12004154495196,0.299280344767165,0.000610852878844544,0.0137626647342183
" 4570",33,1.06676704104332,0.28864208029219,0.00202786533929345,0.0152887718976046
" 2771",68,1.75635831687478,0.812210861822523,0.00704706950900251,0.0184149688073524
" 1933",54,1.28324320546207,0.454729435256607,0.00433592752874689,0.0175955207550373
" 5087",32,1.14436905865643,0.285051464575474,0.00362296901806439,0.0158495558404351
" 5088",32,1.3322313537289,0.484018064478877,0.00709634141273827,0.0176605604325399
" 1788",41,1.77690863068515,0.978142100629346,0.00596605581378782,0.0186782671427276
" 5098",43,1.04548478157903,0.29424919382932,0.00161528735018076,0.0151563056468357
" 4962",48,1.22277863754307,0.391988089979784,0.000835841451324702,0.0152531216902305
" 1770",39,1.36421256921658,0.569007040404838,0.0114281134797243,0.0189905526684315
" 6001",24,1.1364999276985,0.349482583928741,0.000149002985996094,0.014947917223082
" 5605",55,1.06109650778755,0.183271546398293,0.000220239473324904,0.0120025434588333
" 5147",30,1.06886599781618,0.234354951107636,0.00160222732750381,0.013766855651433
" 5664",20,0.996174695197349,0.218399078277321,0.000424450737000825,0.0134876926690683
" 4876",35,1.14387099997055,0.299172064141784,0.00175004303871109,0.0161772458911179
" 6000",24,1.02094093012597,0.286925472397944,0.000204804901070328,0.0150343437133766
" 5145",36,1.0899860745666,0.234505138715302,0.000109822917965248,0.0124048590225408
" 5821",55,1.09888404351632,0.204627445482575,6.17382890183018e-05,0.0119486130887026
" 6069",25,1.20897028014198,0.368957856820772,0.00172748481772364,0.0159431357216782
" 5150",32,1.09830048975373,0.240955160768738,0.000126444765008637,0.0124928309533918
" 5132",50,1.19473142695647,0.277574713516533,0.00268739648447935,0.0145363261906197
" 4731",56,1.3512423359785,0.478961261369119,0.00250574344179089,0.016766915158235
" 5136",51,1.19162780725244,0.334703562341108,6.23319264127086e-05,0.0131326575964953
" 5822",54,1.09770473006084,0.204339603862599,0,0.0119448608842374
" 2233",44,1.19257197667609,0.412895622872261,0.0025769799291197,0.0165215847803178
" 6061",26,1.08173578806308,0.30058221475454,0.00116649748000926,0.0155265740251947
" 5134",49,1.17965083006214,0.332004612621478,0.000276041388399138,0.0131600679057886
" 5823",50,1.094842242967,0.201018812188768,0.00234189952093462,0.0124870996045898
" 7457",40,1.00527473046652,0.268684847250331,0.00405869886555894,0.0156491480347892
"  703",50,1.04737558450988,0.312269939050456,0.00524003728042837,0.0174262929209802
" 4850",58,1.07244085197921,0.169646614284821,9.49819831050798e-05,0.0111672913288377
" 5133",46,1.1630465656195,0.324356449368746,0.000556238238559123,0.0132644705176954
" 3760",54,1.30299111073763,0.433941217381518,0.0011700593043757,0.0154244055840526
" 5128",38,1.1851347729551,0.32987268524971,0.000936759808373849,0.0133367607537531
" 2995",39,1.24429364592263,0.46781559428002,0.000730173995120301,0.0164981406370769
" 9911",39,1.19295442639429,0.34081635473676,0.00355529435510202,0.0171703538283654
" 3758",55,1.32163744171697,0.440812543001215,0.00125969855093112,0.0154080071375358
" 5985",33,1.07203570804761,0.216231385998359,0.000970003502460627,0.0142725427665628
" 3020",43,1.16343028795135,0.315547549745202,0.0014336343074923,0.0154853107901389
" 9924",37,1.25274338553867,0.360774830592175,0.0067644981092649,0.0175554433999137
" 3734",39,1.165677756234,0.395918212994134,0.00050755997221777,0.0145080265932386
" 3030",35,1.04955500263898,0.400006172076165,0.000900547927315037,0.0154397366738211
" 5306",39,1.40302084545551,0.448113706763551,0.00185511685752109,0.0158088367302309
" 5144",40,1.10517746959994,0.241641417563284,0.000160282096489822,0.0129078375009595
" 4883",46,1.24052944282973,0.325322903294234,0.00126385401269197,0.0144061013442244
" 5434",30,1.10487138486981,0.328161859169689,0.00294859693801832,0.0163122358931567
" 5155",47,1.14408612599564,0.261733819189156,0.00109585463007486,0.0128757981268492
"  891",32,1.10481942391076,0.261999998398408,0.000159094821701009,0.0126543844643132
" 5251",51,1.28514340857683,0.411536336777405,0.000751544941318944,0.0152809209165742
" 1786",44,1.3016290200005,0.69169775545818,0.00086908514541148,0.017816983869416
" 3767",38,1.20399847703999,0.406639155341975,0.0001935257905766,0.0145152467499248
" 4333",47,1.23354822785736,0.372100870029944,0.00354995161855236,0.0175751544467936
" 1767",44,1.27834709762763,0.687633409473414,0.000803191394632331,0.0177383819457532
" 5719",41,1.29514689850211,0.396950364933894,0.00111069556493503,0.0156054306875988
" 6032",24,1.25649682158447,0.311092613835349,0.00193466426837159,0.0145299737060616
" 3755",35,1.19788988467553,0.395936164832422,0.000237454957762699,0.0143025840673468
" 4586",36,1.01630729540748,0.135531711115727,2.96818697203374e-06,0.0103863355035026
" 5718",45,1.26500044454683,0.40480010095484,3.56182436644049e-05,0.0152308383247962
" 1664",42,1.21248797119254,0.455737446000331,0.00535995203409853,0.018273507954207
" 3922",54,0.991047042200737,0.253104350947134,0.00428724926240554,0.0162984289289091
" 3800",83,1.4655694314418,0.48647172146619,0.000762824051812672,0.0157004627321534
" 4690",31,1.04189414108316,0.315807376482754,0.00100087264696978,0.0161743249010511
" 4704",34,1.12116808660883,0.362881420288352,0.0024190723822075,0.016524864464794
" 4717",50,1.03417171274017,0.327613675304173,0.00236505137931649,0.0169136596573151
" 5143",39,1.13920765585065,0.24989948236256,0.000150190260784907,0.0133064531038325
" 5609",56,1.07659639952678,0.189592840820452,5.52082776798276e-05,0.0117654749169065
" 5141",36,1.09969495599867,0.239375899273885,0.000477284465103026,0.0136651228973946
" 5711",65,1.20195285986487,0.398322520533878,0.00529643283289701,0.017952642778477
" 4715",42,1.15031690078163,0.363555214651765,0,0.0141049824920904
"  748",40,1.20235471782447,0.352302288160643,0.00386042397582709,0.0163249796395273
" 5151",33,1.05986895279261,0.259675387829979,0.00435789211233994,0.0149178212336112
" 4712",36,1.15510047950671,0.367842744435883,3.26500566923712e-05,0.0141283480059775
" 8440",46,1.17394438651616,0.269196965282497,0.00120923937240655,0.0160422135283001
" 5791",24,1.03223916158639,0.239754860900371,2.37454957762699e-06,0.0129641123432733
" 8437",36,1.02670501139763,0.261221125925671,0.0023573340931892,0.0163853667757258
" 6650",70,1.17316776089847,0.262206568490976,0.00163012828504093,0.014355853763312
" 5031",46,1.25978137071904,0.326771265762689,0.00129412951980671,0.0155782345714623
" 4822",57,1.05912059266537,0.158467730269216,3.56182436644049e-06,0.0110924428411344
" 5466",51,1.12308991241755,0.252069156426963,0.00218043014965599,0.0153350918794765
"  919",38,1.19971233785694,0.349731179287072,0.000182246680082872,0.0133164725817228
" 5468",40,1.1680221427847,0.317984080325801,0.000343716051361507,0.0148835865029624
" 5020",39,1.04729007903579,0.157803122946142,0.00750595121487893,0.0127229954924955
" 5467",48,1.10806457924788,0.305618913409107,0.000506966334823363,0.0149616888951043
" 1720",27,1.15192294115216,0.415074943905082,0.000271292289243884,0.0157625318731867
" 5349",43,1.32825572415427,0.380734044689366,0.00319020735754187,0.0159663180650387
" 6619",52,1.30871191031676,0.470775814871092,0.000270698651849477,0.0165964850317858
" 6525",68,1.48624608182037,0.483593672785703,0.00276278843356901,0.0166470895353144
" 5402",39,0.861288922234996,0.23817059380996,0.00363959086510777,0.0160912218107352
" 6155",113,1.15585725922029,0.355038873777982,0,0.00697971096554557
" 6620",50,1.2800678267621,0.46701812181555,0.00122645485684434,0.016626638859468
" 5084",50,1.44694662289772,0.48581758550583,0.00424747555698029,0.0175437840789999
" 6621",73,1.36906684590712,0.484268615936448,0.00337007948804711,0.0169848284599848
" 9912",49,1.16310977024585,0.351447306771537,0.00261378544757291,0.0165602489350268
" 4574",39,1.05811737300332,0.281785564551134,0.00507441244738889,0.0167038325657883
" 4993",62,1.24397062687544,0.375377006104552,0.00622369444296035,0.0178039967929704
" 9927",39,1.38360498990712,0.46304011010726,0.00774518708482485,0.0173646721421537
" 5295",58,1.30596893958313,0.418850023502084,0.00086908514541148,0.0153788516044182
" 5130",46,1.19638567306872,0.275019530352967,0.00165506105560601,0.0141662215060154
" 3777",51,1.20869763447409,0.353582042745232,0.00205398538464735,0.0154425940195431
" 4727",38,1.25968501659715,0.413705051175488,0.00297946608252747,0.0165344486084512
" 4461",55,1.04311633465287,0.187860168403715,3.14627819035577e-05,0.0119212460104872
" 4844",56,1.05127585261033,0.151366236661307,8.31092352169448e-06,0.00990915213779714
" 4502",48,1.2945279449333,0.401910384239801,0.00599870587048019,0.0176417627552407
" 3111",34,1.12855907267268,0.347013032563953,0.00221011201937632,0.0150930107580257
" 4847",55,1.0507160363521,0.152357148197177,8.31092352169448e-06,0.010392670861652
"  967",46,1.42247781922497,0.45841002123022,0.00275032204828647,0.0146475780657811
"  472",46,1.28958247854811,0.437322477086578,0.000314627819035577,0.0138637276571091
" 5697",44,1.10032520906117,0.30943889845017,0.00182840317477279,0.0166366759382461
" 2565",38,1.11552393598602,0.32000521461993,0.00943586638409527,0.0172318305268239
"  503",37,1.1566595538786,0.401105546959108,0.000742046743008436,0.0139329595152045
" 4802",58,1.04657867417692,0.153669767656703,4.27418923972859e-05,0.0112999659496321
"  488",40,1.21623141733454,0.420636086908575,0.00128166313452417,0.0143105191945868
" 4587",42,1.04702875386457,0.151695159201568,2.37454957762699e-06,0.0101916166572404
" 5702",48,1.13190702231832,0.341859732974456,0.00267789828616884,0.0163246010058546
" 4585",37,1.03210092015595,0.144150862450873,0.00121339483416739,0.0116330715722629
" 5476",10,0.265617577147888,0.100938853490443,0.000160875733884229,0.0148566102443917
" 3799",70,1.31994482627191,0.418521099463423,0.00132381138952705,0.0156638500963265
" 4894",49,1.25576464719686,0.348957042870938,0.000319970555585237,0.0146872086291341
" 4982",43,1.1668385654025,0.329113773064285,0.000937353445768256,0.0150400173026215
" 4898",32,0.720437524699223,0.220008243033409,0.00050577906003455,0.0155207739405921
" 4920",61,1.09840456026043,0.253296374121452,0.000784194998011315,0.0142209704377391
" 6968",39,1.08274761734277,0.218741625863246,0.000446415320593875,0.0134799563520221
" 4509",54,1.27940303009504,0.325416294522228,0.000908858850836732,0.0148383999833547
" 5742",50,1.06228997616281,0.171001004112191,1.1872747888135e-05,0.010260545296204
" 4669",51,1.14184847948924,0.325801356340363,0.00101927540619639,0.0144992991765
" 4515",40,0.877660846939983,0.239866696483787,0.000603135592717256,0.0151339391487475
" 5959",37,1.22094990583899,0.358457131109295,0.000470160816370145,0.0153929026473349
" 4831",54,1.08299561524373,0.192060534619313,0.0011350346981057,0.0123579009361287
" 5958",32,1.190098564781,0.341323121267486,0.000143660249446433,0.0153323372237084
"  983",31,1.09076158338294,0.274971556186652,0.000134755688530332,0.0124258466269768
"  521",42,1.19709705121562,0.417188268212661,0.000534273654966074,0.0144933744509033
" 5021",37,1.03813740296581,0.152987395524321,0.000341935139178287,0.0117519531146927
" 4518",38,1.06875806857178,0.28479420869574,0.000628662000676747,0.0146372870585155
" 5391",39,1.21183401394959,0.40293850770282,0.00123832760473248,0.016088362105587
" 5957",30,1.12418979293334,0.34347732463351,0.00350780336354948,0.0159626267153845
" 6012",37,1.09262664598385,0.331431895565352,0.0017328275542733,0.0157751520775752
" 5255",51,0.861208495347123,0.287369785650145,0.00121814393332265,0.0155841671110094
" 5081",44,1.07484562278875,0.366703725566169,0.00129591043198993,0.0163322770286748
" 3989",61,1.05076186170692,0.35266109718145,0.00265534006518139,0.0164929297666334
" 4220",45,1.20064713736017,0.334185012343008,0.00137723875502366,0.0144492298124511
" 5169",48,1.08179965712706,0.297351963862718,0.000865523321045039,0.0160672453730766
" 5482",53,1.18240769109051,0.352626091574762,0.000895205190765377,0.0147909558354394
" 5481",52,1.20928918868675,0.374042513899852,0.000223207660296937,0.0144133208183219
" 6141",38,1.28468312903331,0.406016232407607,0.00072839308293708,0.0150337545503524
" 8517",42,0.972263553153627,0.252423102508703,0.00184443138442177,0.015370717010872
" 6142",37,1.20716300838952,0.393844038293121,2.67136827483037e-05,0.014888774265041
" 5012",18,1.00333114074413,0.252486111993837,0,0.013847519357036
" 5631",29,1.10416396894768,0.231568375536917,0.000955756204994865,0.0143018424251773
" 4801",63,1.03377203970494,0.154522081737035,0.00067555935483488,0.0119632900411991
" 5140",43,1.25635859939888,0.361472922781356,0.00115046927036028,0.0134399532015626
" 5811",41,1.06193044907594,0.182297791840534,0.000481439926863873,0.0119751492772927
" 7549",31,1.21257411484702,0.48054280308552,0.00298005971992188,0.0175605355647546
" 4848",60,1.05285782871822,0.151252044093562,2.96818697203374e-06,0.0106807172865735
" 4852",53,1.05684660179529,0.152024484787276,6.41128385959288e-05,0.0109413765386672
" 5700",49,1.05829975753575,0.190891610234239,0.000747389479558096,0.0134173181537597
" 4792",57,1.00440533544181,0.156377011744635,5.93637394406748e-06,0.0109043953254912
" 1015",36,1.16765197045549,0.315483297487398,0.00234546134530106,0.0133828962070302
" 4288",65,1.01734716629462,0.196046882250857,0.000199462164520667,0.0130888554599036
" 4834",69,1.05317414139509,0.153472715284628,8.78583343721988e-05,0.0110573369536086
" 1703",29,1.16127745848476,0.423683157345775,0.000767573150967926,0.0158013490598501
" 5026",56,1.02637092153041,0.179396771492553,0.00107210913429859,0.0140837345372958
" 5172",53,1.27082458907203,0.331147975698361,0.0024719061103097,0.0162157470413101
" 5619",19,0.804787908876179,0.227865378547966,0.00549055226086802,0.0175880683561342
" 4584",34,0.859385476834264,0.266645128043488,0.00188004962808617,0.0161390459309301
" 4609",42,1.15363637792038,0.343776507242435,0.00917822775492274,0.0174089797215534
" 5722",38,1.28021231911918,0.37316546981968,0.00873418698390649,0.0177167942499132
" 5018",48,1.02254047036108,0.261760564632923,0.0006773402670181,0.015106751841814
" 7811",50,1.22119588546656,0.372590267138406,0.000952194380628425,0.0158256477404553
" 5308",58,1.1634186039178,0.403780878583805,0.00171679934462432,0.0158742488390324
" 6127",40,1.24594050687871,0.379715460640185,0.00283758674526426,0.0158753448714758
" 5893",45,1.25427390786219,0.409178629392901,0.00584436014793444,0.0175392150081539
" 7810",50,1.18297947639789,0.375288062380173,0.00124188942909892,0.0157440844960961
"  871",29,1.10238043678767,0.252888861302228,0.0001935257905766,0.0133828145151165
" 5170",29,0.885716748677817,0.245909415322667,0.00413883991380385,0.016890435027498
" 5712",44,1.07209729235901,0.340246351354628,0.00112909832416164,0.0153434104092719
" 5748",37,1.15011863657134,0.29590435692206,0.00197443797379685,0.0160389882185958
" 7922",68,1.47011661300737,0.452458397776461,0.00557128694650733,0.0176136564683869
" 5730",34,1.10875490851816,0.280155097145439,0.00284827221836358,0.0162932765177179
" 6088",33,1.02761879326654,0.294733742329051,0.000733735819486741,0.0150748680509359
" 6060",38,1.19474189181334,0.342921635501904,0.00150546443221551,0.015610121378102
" 4708",41,1.24172266385452,0.413915250083658,0.000400111603830148,0.0142828250588266
" 6059",26,1.15258338732328,0.328903892240897,0.000804972306815551,0.0152612282205149
" 5743",47,1.07109377391626,0.18076357029244,4.51164419749129e-05,0.0104445309771068
" 5810",41,1.03025464583748,0.170390407791033,0.00164853104426754,0.0124506610717229
" 5983",32,1.17037859884683,0.342671980030693,0.00364493360165744,0.0163535318239814
" 6004",26,1.15351333915663,0.352308125957535,0.00116709111740367,0.0153701396193321
" 4966",43,0.850394723476666,0.160107711876407,0.00103233542887334,0.0129260639050537
" 5995",22,1.08843436648291,0.312226672386049,0.0011878684262079,0.0157793475566272
" 8881",26,1.1856978742031,0.270940491586212,0.00168771111229839,0.0159476918442714
" 4790",47,1.03746462964269,0.156693033388696,0.00014425388684084,0.0118131408145562
" 6074",40,1.19638369229669,0.373056530039234,0.000420295275239978,0.01504629433059
" 4468",62,1.58467558644113,0.587701764793301,0.00589660023864223,0.0185569542167568
" 4968",45,1.28236921163535,0.390502858072445,0.00433474025395808,0.0168658237816928
" 6045",26,1.11582174757561,0.327703810687662,0.000439885309255401,0.0151155327499745
" 4212",57,1.14383943297063,0.293937797106487,0.000430387110944893,0.0140052855260601
" 4967",49,1.25310660105749,0.387662409635939,0.00175776032483838,0.016654344697606
" 4835",56,1.05062499104521,0.166792787252294,0.000503404510456923,0.0118408213354723
" 5171",43,1.17775969504713,0.308220069971507,0.00282690127216494,0.0166110118255605
" 4892",47,1.20027776750348,0.343140396035565,0.000742046743008436,0.0148085554734921
" 5173",33,1.1207704212566,0.330611195908273,0.00301983342534713,0.0170905304314858
" 5895",54,1.19634860017661,0.331008344093543,0.00309878719880323,0.0156738089155083
" 6423",38,1.20108891669643,0.382743181330204,0.00119439843754638,0.0151277894595714
"  921",37,1.11989167575474,0.281029920159988,1.36536600713552e-05,0.0121056653468128
" 5856",47,0.929454539541007,0.300330186964081,0.000803191394632331,0.0152091845578859
" 5819",48,1.10292901853986,0.212994423591919,0.000791318646744196,0.0120457178230644
" 5135",42,1.21018834051544,0.352287488724052,0.000795474108505043,0.0133103807328714
" 5814",48,1.07387301986337,0.198168399014469,0.00065181385905861,0.0119447975704131
" 4657",40,1.37737842841968,0.400166675919383,0.0133170676687266,0.0171271188257164
" 5059",35,1.08344868732205,0.154693852344615,1.78091218322025e-06,0.0113033672622239
" 5441",58,1.1235215259455,0.364784692503329,0.00338729497248491,0.016715203422781
" 6540",18,1.07387383062997,0.364092538996039,0.00406344796471419,0.0169741397171796
" 5816",45,1.03563292356123,0.177040606076789,3.08691445091509e-05,0.0109474098359525
" 5055",35,1.08500612385392,0.154814654812289,1.78091218322025e-06,0.0112134307201073
" 7512",49,1.13535544141072,0.303270530616406,0.000560987337714377,0.0153385071874525
" 5586",58,1.09987535912023,0.203753203483989,0.000163250283461856,0.0126425720364361
" 5056",35,1.06858817983905,0.150993726343983,0,0.0114863709128112
" 5177",46,1.12254583903098,0.216924185802011,0.0011344410607113,0.0137303576098849
" 4503",60,1.18218570805701,0.331551861715613,0.00507797427175533,0.0167405913243378
" 5050",31,1.02789982382564,0.1494525305075,0.000277228663187952,0.0121067420829369
" 5176",48,1.062250116011,0.213386341184501,0.000125851127614231,0.0134500913905722
" 4910",46,0.882730876856486,0.226314278745498,0.00065003294687539,0.0149116671639878
" 4843",56,1.05823757365102,0.176672985586109,0.00102580541753486,0.0116364301210983
" 4541",48,1.16525922186595,0.332922795046326,0.00807821766308703,0.0172996477562931
" 8202",43,1.31279791453042,0.368696236376778,0.00123417214297163,0.0158911160405162
" 8212",33,1.12842780523389,0.309516377853358,0.00157195182038907,0.0157357487523797
"  944",35,1.24858892734361,0.391041842152775,0.00130481499290603,0.0141896770200645
" 5710",35,1.10184579055815,0.334640093241591,0.00156482817165619,0.0156542990349831
" 4582",47,1.00444294548014,0.162195757755184,0.00121695665853383,0.012253124380131
" 4813",57,1.0355885733362,0.156301707370235,0.000125851127614231,0.0120465559154722
" 5073",58,1.28861703923575,0.4310977559786,0.00708862412661098,0.0181425967669
" 7189",46,1.3631101214834,0.582234593873072,0.00698355030780099,0.0183658343365024
" 5115",59,1.20663030678727,0.329718748623137,0.00486723299674093,0.0168171356590668
" 5642",39,1.09589910213352,0.241815094426202,0.000486782663413534,0.013414821789736
" 5462",39,1.0699523275857,0.222973854578651,0.00170492659673618,0.0141265948650502
" 5713",36,1.20670790024929,0.335267790084709,0.00238582868812072,0.0159140223516053
" 5421",42,1.36328891801815,0.440618536162311,0.00151733718010365,0.0161453693788342
" 9025",20,1.12691907735264,0.278188129209009,0.00359150623616083,0.016420539898276
" 5641",42,1.09587522296385,0.220010517413315,0.00127988222234095,0.0138313993098748
" 5464",46,1.06178503444844,0.203959543061698,0.000115165654514909,0.0135149101922474
" 5717",46,1.21285947511485,0.322376764454109,0.00190320148646804,0.0157463309752469
" 5419",42,1.17128666700062,0.376071720705998,2.90882323259307e-05,0.0153075214219736
" 4932",42,1.12155922640514,0.177899338837789,7.30173995120301e-05,0.0126733689209695
" 4643",59,1.29828144075579,0.394410842180153,0.00724296984915674,0.0165551508573507
" 5640",51,1.11348900488796,0.243207377859897,0.000684463915750981,0.013469636235783
" 5715",46,1.18780889444559,0.322538862384969,0.00404563884288199,0.0160908435342311
" 5463",44,1.04683663878244,0.198169615762391,0.000149002985996094,0.0133029534045548
" 5070",36,1.2372464349316,0.318743428314776,0.0040201124349225,0.0161237278899109
" 6259",37,1.15330288565949,0.374321707645342,0.00234071224614581,0.0174013645046652
" 4929",40,1.12898919186428,0.18051736003435,9.14201587386393e-05,0.0127057303106571
" 6258",39,1.41908975190109,0.465312000002537,0.00856974942565582,0.0179447085794666
" 4927",39,1.10661507896535,0.17669910619572,0.00019530670275982,0.0126999943121489
" 4814",60,1.01515969151057,0.149380707940559,3.56182436644049e-05,0.0113973056043375
" 4676",36,1.13287245977526,0.361723434096591,0.00213056460852582,0.0158074710785631
" 4925",39,1.02671934489344,0.160550907408828,0.000381708844603539,0.0124254907003475
" 4800",60,1.08520921080746,0.180042281021185,0.00134696324790891,0.0124438312400896
" 4504",49,1.10601849226726,0.326409505533167,0.00196731432506396,0.0159628300856602
" 3909",53,1.49266532981589,0.504850665608779,0.0102533050761934,0.0183054401334923
"  977",43,1.26070434916965,0.392373549340663,0.0005805773717298,0.0140289498354653
" 5272",49,1.25915235143291,0.446735286711628,0.0030524834820395,0.0165255765510796
" 5484",37,1.14128254938696,0.309852680370056,0.00187945599069177,0.0159652927735474
" 4864",74,1.1706887735101,0.32299069822562,0.0033255566834666,0.0162394032854619
" 7179",75,1.17745908428554,0.31523856864648,0,0.0125454431372346
" 5038",56,1.07950334945082,0.173231948288358,0.000280790487554392,0.011834985186115
" 7895",44,1.18145664125382,0.297324270979108,0.00129887861896197,0.0147615820595543
" 7180",75,1.17748961070033,0.315234998876109,0,0.0125454638779089
" 6622",42,1.27517461454319,0.394796179718864,0.000758074952657418,0.0157876713487208
" 6623",43,1.16716063732329,0.27459289808542,0.00491413035089906,0.0158911463251021
" 7844",48,1.09493149655147,0.245903417630452,0.000137130238107959,0.0144893152728271
" 6759",113,1.15596116424465,0.355066423981384,0,0.00697966859069228
" 7492",52,1.1182662227568,0.394779901829226,0.00199937074436193,0.0163567521160095
" 7990",75,1.17754326422773,0.31525014081525,0,0.0125455323866992
" 4457",50,1.1449655156333,0.432556365652735,0.00480846289469466,0.0183238997995179
" 5851",50,1.22571480126186,0.344098531866707,0.00309997447359204,0.0161837593544198
" 6618",57,1.20967216623006,0.408209326044303,0.000736110369064368,0.0158472813969462
" 8028",32,1.27901333630496,0.400152019689638,0.0105780247309339,0.0179561724656929
" 7843",37,1.18644976719276,0.277847279652412,0.00407947617436318,0.0162979094694672
" 7978",75,1.17749902379183,0.315228678206813,0,0.0125458652668478
" 7004",55,1.08813291919706,0.217106995690826,0.00177853763364262,0.0142959368208386
" 8038",35,1.11732006771472,0.245860709632806,5.69891898630479e-05,0.0147278437523436
" 8148",34,1.22469727162039,0.318991427088945,0.0041251862537325,0.016488380100577
" 7000",56,1.09211407795053,0.222923557711599,0.000167405745222703,0.0143137611394972
" 7881",33,1.10052479234636,0.25067188492441,0.000222020385508124,0.0144203068924094
" 8019",58,1.06794282515956,0.204732918066289,0.000149596623390501,0.0125032244099778
" 4725",40,0.908643800308102,0.164564554235177,0.000318189643402017,0.0127886985740628
" 6139",50,1.20817296108707,0.366608938509367,0.00164615649468991,0.0152601525709683
" 5063",60,1.26076373311338,0.257890800960321,0.00539082117860768,0.0142542159977181
" 5643",46,1.14700598496288,0.263927273388487,4.98655411301669e-05,0.0135650298343894
" 5461",41,1.07773561068789,0.220905573917967,0.00099493627302571,0.0138425453888899
" 4728",47,1.06496421651906,0.284960328324374,0.00192575970745549,0.0160500500532694
" 4836",60,1.06185739710685,0.159873048861169,9.49819831050797e-06,0.0112453361441238
" 4778",66,1.14304115883876,0.217183988666137,0.00498833502519991,0.0142856948799994
" 1005",34,1.08829694106056,0.276611380475558,0.000202430351492701,0.0128712641160846
" 7520",75,1.17761657501551,0.315270626820323,0,0.0125455880242508
" 4780",55,1.06575728798597,0.16783018350503,0.000644690210325729,0.0123132043043163
" 5446",76,1.69728706560272,0.614414420401793,0.0145369925142325,0.019121203529231
" 7530",75,1.17758042053929,0.315251968523618,0,0.0125462516368705
" 7074",38,1.19870550830622,0.271043637798153,0.00154108267587992,0.0153839804195048
" 7217",16,0.926036082948705,0.223191642727354,0.00542228396051124,0.0165103479772969
" 8001",55,1.3956037444718,0.416039919150346,0.00332021394691694,0.0165195828088139
" 4977",46,1.13967200028959,0.320467090631759,0.000676746629623693,0.0147363763227894
" 7075",36,1.20843787413705,0.283648423855036,0.000299786884175408,0.0143468108889969
" 7221",39,0.898176752137255,0.262644474636991,0.000897579740343004,0.0151053339711643
" 7999",52,1.20771826847906,0.369337772586644,0.00251761618967902,0.016538264696503
" 5091",45,1.34172021603618,0.511481760334195,0.000373991558476252,0.0171132362687608
" 7080",47,1.18751248826535,0.281177989850176,0.000170967569589144,0.0142754056111737
" 7896",30,1.08960149594627,0.250626346664844,0.000829311439986228,0.0148601794207891
" 7581",52,1.11212976947858,0.220969701862412,0.000439291671860994,0.0127021398266188
" 7764",75,1.17757123828561,0.315245497328488,0,0.01254640499914
" 6670",37,1.29131883440665,0.408824222730186,0.000237454957762699,0.0162086924112216
" 5092",46,1.36099456040093,0.539002749317351,0.00532670834001175,0.0178050316001835
" 7578",64,1.11663210894876,0.223309062893583,0.000502810873062516,0.0127207375942103
" 4959",38,1.04331754518241,0.148341487532029,0.000151377535573721,0.0120424243968615
" 7575",62,1.10514589526389,0.228156982263433,0.000901141564709444,0.0129600524823062
" 5037",36,1.03156207724703,0.149947922791211,2.90882323259307e-05,0.0117015420319239
" 4663",43,1.16534584699872,0.276787016034728,0.00221367384374277,0.015599011830219
" 4667",35,1.11333790819522,0.259054505800274,0.00031225326945795,0.0148431156363366
" 4664",35,1.19411450612234,0.343102411141392,0.000811502318154025,0.0159575387857432
" 5622",30,1.09137400251044,0.273336796355779,0.00220417564543226,0.0158749581693816
" 8896",46,1.29654375113088,0.36295886014537,0.00507263153520567,0.0164752508491076
" 7838",51,1.35309460473063,0.446740189328059,0.00487554392026263,0.0173117352617712
" 7452",42,1.36387432435744,0.492205228297386,0.00746142841029842,0.0177643508000349
" 6827",71,1.24689668885862,0.323919874291988,0.00188420508984702,0.0146756988777003
" 7856",45,1.28898059565389,0.383996097642567,0.00212581550937057,0.016389108798218
" 6625",33,1.25344257687326,0.489688875484636,0.00347634058164592,0.0172507137074248
" 4710",45,1.18307469574949,0.318309181462214,0.000592450119617935,0.0133872009129218
"  886",29,1.10389497274964,0.255000773928026,0.0002902886858649,0.0130802149979061
" 4969",40,1.16702911867214,0.398130790450278,0.00168414928793195,0.0168341667178679
" 7873",34,1.04584972663559,0.261862942086284,0.00094566436928995,0.0148550508651321
" 7517",49,1.15121059981586,0.302935372018162,0.000182840317477279,0.0150974316799816
" 7515",48,1.1393436960031,0.305452069386788,0.000780039536250467,0.0158150479562613
" 6011",57,1.43596787992332,0.459672734776885,0.00177497580927618,0.0159104316787877
" 5061",49,1.11297110083272,0.170420362418846,8.37028726113515e-05,0.0113450394474652
" 6009",52,1.40082903472513,0.454172057450186,0.00203617626281515,0.0162005136552465
" 5060",37,1.12146606636501,0.176575366390486,3.08691445091509e-05,0.0116104509730238
" 5053",48,1.090465655191,0.167766754551384,0.000406641615168623,0.0120631495503247
" 5817",38,1.02452587989762,0.167626868756776,2.01836714098294e-05,0.0109817064000499
" 4945",34,1.30569548033807,0.527539339268577,0.00411628169281639,0.0176061375590025
" 5122",47,1.1687262151907,0.35288468236787,0.00179159765631957,0.0136288636669458
" 5079",39,1.22151552067938,0.343074548181864,0.00238642232551513,0.0146981656706181
" 4946",67,1.85062707265432,0.628008867722232,0.00636438650543475,0.0175387480529948
" 5080",41,1.14857096391996,0.320392885333389,0.000140692062474399,0.0142027160049071
" 5547",55,1.11148571606695,0.221247833906566,0.000661312057369118,0.0135684203171227
" 5062",35,1.08696416327113,0.166207223313216,0.00192991516921634,0.0129665199938574
" 5078",35,1.18906777264228,0.34411297620477,0.0015749200073611,0.0145746369249469
" 4939",43,1.05171921407625,0.213766980003031,0.00147578256249518,0.0130679418868296
" 5047",44,1.08009205527706,0.17355049226829,0.000477284465103026,0.0126320359640776
" 4505",40,1.10105869226173,0.333222703757422,0.0040551370411925,0.0173152266965549
" 8221",43,1.01854395759827,0.323667340318545,0.000917763411752833,0.0154750021635375
" 5573",48,1.13867761163151,0.241941093253849,0.00116412293043163,0.0134629544838614
" 4901",36,1.04735842040882,0.217590314425791,0.000644690210325729,0.0147196187171106
" 5624",56,1.37639691823007,0.430662050633267,0.0111942203463281,0.0176905739219184
" 7821",50,1.21857303364328,0.373324301959558,0.0013285604886823,0.0153036977077792
" 6631",38,1.28734871058826,0.50502733018481,0.00241788510741869,0.0171170115805504
" 7177",47,1.14831441259766,0.377040051276335,0.00564489798341377,0.0172988354885189
" 6846",58,1.15025452024199,0.266946001873792,0.0014253233839706,0.014793429235057
" 7761",51,1.05739365295793,0.208719935042341,0.00467014538179789,0.0147320993318201
" 8126",55,1.11249895718731,0.202379555367111,0.000223207660296937,0.0131452678058525
" 6844",38,1.11846898734611,0.264422151298654,0.00222139112987005,0.0147972869806085
" 7937",54,1.10164747156348,0.19931926805141,0.000144847524235247,0.0130471207296896
"  937",41,1.15489304471495,0.312794715388476,0.000114572017120502,0.0127360471021838
" 8118",50,1.05972292344461,0.187674388159885,9.14201587386393e-05,0.0127909831500348
" 6283",52,1.11948138163951,0.222991743564872,0.000320564192979644,0.0122226524099147
" 4659",37,1.13235137283381,0.30954366890756,0.00331309029818406,0.0150367483026632
" 6282",46,1.11397699308258,0.221451507971349,2.73073201427104e-05,0.0120581236664672
" 6280",48,1.1076879874177,0.237470493222269,0.00114928199557146,0.0127963298528934
" 4931",41,1.11237760511981,0.172865250858557,1.36536600713552e-05,0.012000436488309
" 4935",41,0.987120601170132,0.15662277009334,0.000179872130505245,0.0124046108814762
" 4698",41,1.17143642587464,0.358692340253758,0.00127691403536892,0.0149727753716217
" 6462",35,1.3103722595597,0.548338027793629,0.00345200144847524,0.0174370402956066
" 4934",47,1.18198468600996,0.209324484881001,0.000850682386184871,0.0129600493340691
" 4936",44,1.13308856467803,0.209606560787932,0.00422788552296486,0.0136350986507435
" 4818",48,1.06907516456982,0.174281568528641,0.00173520210385093,0.0127435302286263
" 4718",49,1.20250087803811,0.382441669629422,0.00339916772037304,0.0162179940736687
" 5435",33,1.17636580789016,0.383367846883319,0.00333624215656593,0.0169977588227121
" 7325",43,1.08137569516762,0.194898657435247,0.000280196850159985,0.0121098017880607
" 7071",42,1.09910080193897,0.228056225564823,0.00468914177841891,0.0148282729438884
" 8387",48,1.40769304337779,0.428354467786331,0.014237205630057,0.0182975601199797
" 7322",41,1.07466918798657,0.193383458167475,0.00024101678212914,0.0121329764503861
" 7059",36,1.0272181542669,0.238148285447927,0.00342053866657168,0.0143592909506724
" 7181",75,1.17771955891716,0.31527844276387,0,0.0125464058238973
" 8772",32,1.13739886504502,0.340255018791862,0.00133627777480959,0.0169135493954183
" 7313",41,1.00933158083976,0.209179570803313,0.000284352311920833,0.0130674121381735
" 6312",47,1.35032345118085,0.405872240137014,0.00532136560346209,0.0163235215089494
" 6136",59,1.59103603930244,0.584532886312109,0.00627593453366814,0.0179415132856971
" 8760",23,1.07456784099903,0.344487795876559,0.0021816174244448,0.0173632672631107
"  964",34,1.2598735963291,0.413115357742294,0.00167643200180466,0.01449813326663
" 4902",35,1.07710389527776,0.223792927394807,0.00055861278813675,0.0145730041930789
" 4893",31,1.18654249145552,0.316280303097824,0.00169483476103127,0.0157549028056818
" 6133",54,1.3127408412215,0.416669941491682,0.0108101369521469,0.0173173154250565
" 6222",54,1.13491399175046,0.313406422955177,0.0075831240761518,0.0177418336032092
" 5044",36,1.07312078381586,0.155097533341834,0.000384677031575573,0.0120936742836759
" 8194",38,1.17566118470745,0.322835926489552,0.00186698960540922,0.0156010173531099
" 5052",37,1.05911141397913,0.18763346807852,0.000128819314586264,0.0130412579443709
" 5041",31,1.02706962666408,0.156193834645857,0.000635192012015221,0.0125048442873245
" 5369",44,1.17162593528158,0.345494506895566,0.00113206651113367,0.0150680362310685
" 5627",47,0.938984786493436,0.319855688181163,0.00166752744088856,0.0170866086264679
" 5370",45,1.19386332477923,0.350441303265657,0.000808534131181991,0.0147645569182535
" 5409",50,0.934042546093458,0.30403981406975,0.00112791104937282,0.0155893555324628
" 5241",58,1.23305060099446,0.371215412394957,0.00101333903225232,0.0146546961715739
" 4912",46,1.24567566323475,0.369734679374967,0.00272776382729901,0.0162862677926619
" 5252",54,1.18541561169897,0.352364747050894,0.00218339833662802,0.0149342600718015
" 7373",42,1.32297162957121,0.4873057508963,0.00115581200690994,0.0164320937067942
" 6304",67,1.44090581147762,0.498760594591377,0.00349711789045016,0.0177653654485194
" 9593",25,1.04368621950189,0.243582012856152,9.2013796133046e-05,0.0146944633471573
"  989",38,1.17327780897568,0.334773567920786,0.00231518583818632,0.0137141995992624
" 6230",42,1.1358516366619,0.342646778575941,0.000756887677868604,0.0151718462403353
" 9553",40,1.15492073660761,0.325342016670532,0.00435076846360706,0.0166797700876381
" 4985",47,1.33127024606234,0.54957260485209,0.00436620303586163,0.0175835493333419
" 6295",35,1.11378582466547,0.250085390156106,0.000963473491122153,0.0150076213340996
" 4926",37,1.05050883049885,0.163551182574016,0.000300974158964221,0.012319795326584
" 4928",37,1.12086033559869,0.18464582025325,8.54837847945718e-05,0.0122562275722466
" 5561",50,1.1358587397768,0.227202617930368,0.000755700403079791,0.013353953011667
" 4933",44,1.02883202974186,0.170884089091493,0.000112791104937282,0.012169637170075
" 5436",25,1.00869784565544,0.224952294454782,0.000724237621176233,0.0150497030787071
" 5054",39,1.10547036386072,0.173345399266032,0.000333030578262186,0.0127046646015953
" 4675",47,1.88478604497102,0.755140617017057,0.0187072952099399,0.0195455480427881
" 5048",37,1.08527514458469,0.180013022364413,0.00404029610633233,0.0140981157946116
" 5381",56,1.1996800400745,0.35681789638279,0.00156779635862822,0.0148789074198097
" 6081",36,1.13652853044157,0.333106035846603,0.00133212231304874,0.0152665741746445
" 1033",34,1.1072547014181,0.283656072890415,0.000776477711884027,0.0129673638748805
" 5253",39,1.12159800811807,0.307116779421518,0.000646471122508949,0.0140928456619316
" 6086",104,1.89524670663821,0.716273707579783,0.00839818821867227,0.0181869458794546
" 6923",56,1.37684937436434,0.503524335969561,0.00191922969611702,0.0168052923967646
" 9497",36,1.28509202448178,0.399225217173106,0.00614533430689866,0.0173702057061089
" 7819",34,1.0985842819126,0.258214124177584,0.000562174612503191,0.0146776374774003
" 7622",20,1.14256708122993,0.254949241227447,0.000137130238107959,0.0148995242411635
" 7356",26,1.22332594386035,0.300666000991254,0.00265296551560376,0.0155361782040498
" 9513",26,0.920600025002864,0.227822897106747,0.00108398188218672,0.0155512422686279
" 6778",37,1.36427259234908,0.367933807022365,0.00654722682291203,0.016049643614979
" 4930",41,1.08948047161777,0.168481761050057,0.000725424895965047,0.0125294332002397
" 6773",54,1.34518578682448,0.379436029599905,0.000198274889731854,0.0156561022811307
" 4940",39,0.998314475520338,0.180534335982353,0.00187233234195888,0.0130548526030387
" 8870",51,1.06648506759685,0.28706242062773,0.00121755029592824,0.0155501925537446
" 5034",46,1.2470524444428,0.428783095086425,0.00277703573103477,0.0168224885594025
" 5659",18,1.08352602670446,0.297503141492106,0.00202608442711023,0.0145824551823398
" 4960",57,1.77607147136998,0.801736627558703,0.0142609511258333,0.0193316880791192
" 6772",44,0.943786343355413,0.178223621881282,0.00212047277282091,0.0140146875728533
" 6765",49,1.08961695418313,0.175814771688161,0.000160875733884229,0.0115040111860571
" 4899",26,1.06965176894038,0.289097467913656,0.00362890539200845,0.016626374263553
" 6762",46,1.08934878040339,0.176235640913214,7.12364873288098e-06,0.0114971670532265
" 5725",24,1.0874424415453,0.263094666244274,0.00309047627528153,0.0158005570123029
" 6763",44,1.08278888877687,0.175076855917374,8.31092352169448e-06,0.0114215689583465
" 5996",62,1.01643800258249,0.28615244942505,0.00396193597027064,0.016719212005508
" 5967",41,1.20939305386949,0.34773230345783,0.000520619994894718,0.0148080639705242
" 5057",41,1.09049429567217,0.182760238163782,0.00126860311184722,0.0135919731498823
" 6764",45,1.08828893243745,0.178472512827273,6.17382890183018e-05,0.0117435787422275
" 5966",35,1.20558332854785,0.344175703746402,0.000487969938202347,0.0146254206805124
" 5045",36,1.07643870026502,0.189447150670653,0.00151436899313162,0.0135605571944901
" 6402",44,1.31503690505133,0.347964131530515,0.00431396294515384,0.0156013281767318
" 6741",42,0.979370976502,0.175544051606394,0.000140098425079993,0.0118535172566465
" 5968",31,1.02398550564223,0.306593220991224,0.000395956142069301,0.014800385268476
" 6410",37,1.09698002302838,0.319275872168215,0.000380521569814726,0.0153837674423143
" 5703",28,1.13819814174153,0.259063077958833,0.0013279668512879,0.0147206384727021
" 4711",37,1.25513290898524,0.339987410212077,0.00349414970347812,0.016246825361514
" 4647",46,1.11999962498326,0.309557912453478,0.00177082034751533,0.0154189800129763
" 5393",46,1.3743757708477,0.459369682672666,0.00821000516464533,0.0176749738745882
" 8531",55,1.10808694615659,0.284428300609402,0.000963473491122153,0.0150276874865369
" 8479",33,1.11498340107435,0.30077421001835,0.00743946382670537,0.017175110230628
" 5228",49,1.26986559992111,0.406312384696387,0.00230865582684784,0.0152572735240288
" 6384",54,1.053489881687,0.172925163183233,0.000352620612277609,0.0117026344742331
" 5226",45,1.22863363299002,0.394097778781282,0.00063163018764878,0.0147300626800481
" 6396",57,1.05456764540566,0.160325471120523,0,0.00984085499815804
" 6257",55,1.08663144104412,0.213920950494935,0.00151733718010365,0.0120729755496624
" 6398",53,1.0519214017067,0.160182211009087,8.31092352169448e-06,0.0099053683654651
" 6255",51,1.07393349352075,0.214067242027142,0.00112019376324553,0.0124571074693784
" 6386",55,1.05692809841519,0.161645549111341,0,0.0098554094199332
" 5644",51,1.10238985272245,0.240775834242429,0.000301567796358628,0.0132084322395398
" 5465",52,1.05511240256232,0.197246693100443,0.00075213857871335,0.0137222869734347
" 6387",48,1.03965152191811,0.162248555129238,1.60282096489822e-05,0.00990138970768288
" 6664",32,1.04138674996596,0.222102623008375,0.00117184021655892,0.0139851537686437
" 7514",48,1.15385782636112,0.317348295554329,0.00331368393557847,0.0156265557864459
" 6395",53,0.996692683124204,0.188866828361018,0.00329112571459101,0.0134129883491099
" 6758",37,1.11112038127047,0.238612323356171,0.00300321157830374,0.0140187738447172
" 6754",39,1.14803146565519,0.251782859314817,0.00187470689153651,0.0145363654029216
" 4621",48,1.14298063590102,0.184850185953726,7.24237621176233e-05,0.013051582014027
" 4973",46,1.13481056557761,0.271141299651936,0.00372804283687438,0.0154284675874958
" 4620",49,1.15025066031479,0.18875132022289,0.000121102028458977,0.0130551778722406
" 4619",44,1.13008321979449,0.182554893632133,2.90882323259307e-05,0.0130441085482578
" 4613",39,1.06226173908052,0.207786431104925,0.00179990857984126,0.0145287787405113
" 6632",23,1.30474698203972,0.52799517144779,0.00376544199272201,0.0170634796168263
" 6116",113,1.15640816702234,0.355167192937064,0,0.00697948262942055
" 6170",25,1.11077748217252,0.408758151450044,0.002199426546277,0.0167309449700309
" 8871",34,1.04643464415993,0.253144136863729,0.000804972306815551,0.0143322288034783
" 6118",113,1.15638205651948,0.355149839224278,0,0.00698029959331926
" 6171",113,1.15634924335034,0.355138025118721,0,0.00698047643443539
" 6190",113,1.15635620490661,0.355129751141519,0,0.00698074862294904
" 8876",46,1.1535379098371,0.296128713084724,0.000330062391290152,0.0144120289942557
" 7718",49,1.03579960213111,0.243415163112936,0.00123773396733807,0.0146845345055204
" 4890",53,1.21117310915319,0.269574775579694,0.00298837064344357,0.0147249374955145
" 8236",42,1.11171126217287,0.320650316546427,0.0060254195532285,0.0182806704955088
" 4564",75,1.17748670860836,0.315182146402525,0,0.01254715586102
" 4885",49,1.0967048347383,0.236805165807612,0.00287914136287273,0.0145082792501608
" 6994",44,1.06917377888297,0.262652942481514,0.00411984351718283,0.0154298091905612
" 7045",43,0.972141982168148,0.234914316007676,0.00330834119902881,0.0158640121625508
" 7407",40,1.25508673184258,0.453584390637617,0.00187886235329736,0.0160221302096983
" 8875",56,1.20554253799414,0.331707254109712,0.000668435706101999,0.0153796017626353
" 7412",53,1.22027768314912,0.434920554517609,0.000787163184983348,0.0158140654930011
" 8877",53,1.20263283192226,0.329057254667835,0.000214896736775243,0.0152943568940747
" 8868",38,0.927068929120849,0.258543795347201,0.0010287736045069,0.015868815878581
" 7711",41,1.2570240880291,0.388729194801858,0.00592509483357376,0.0171762070913639
" 4623",49,1.16928875440686,0.315094205956474,0.00781761084694247,0.0150762953373836
" 8534",64,1.08543341704577,0.20047414135312,7.65792238784706e-05,0.0118706389727679
" 8013",49,1.05526963919037,0.202373959330333,0.00115818655648757,0.013294131302042
" 8549",57,1.08303590814556,0.1970931985922,5.28337281022006e-05,0.0112016794760476
" 8543",59,1.08417788227969,0.198193110354293,3.73991558476252e-05,0.0119135387546033
" 4506",40,1.05470624988998,0.291388403567434,0.00281562216167121,0.0163625833350822
" 8814",53,1.26997763569007,0.375629215133352,0.00384261485399488,0.0160469465541106
" 8475",38,1.0490591567873,0.224982662916505,0.000306910532908289,0.0137771605130328
" 8672",61,1.10265527175921,0.297210341449061,0.0012407021543101,0.014121284635592
" 8461",49,1.25738866884675,0.291201635265618,0.00603788593851104,0.015800986208013
" 8004",54,1.2932805631036,0.376675675031246,0.00333208669480508,0.0166973814907268
" 8537",57,1.1024652993899,0.327696199891341,0.00212997097113141,0.0158673099700095
" 8015",48,1.15479833480019,0.330603430849093,0.00368530094447709,0.0163580409497066
" 6951",40,1.09484320958924,0.219992602566341,9.61692578938932e-05,0.013482444699929
" 9475",20,1.14722569799977,0.334433468424116,0.00350305426439422,0.0166257242214982
" 8336",66,1.09134940081113,0.202743468593142,3.56182436644049e-06,0.0113831749084378
" 6476",37,1.25128905360628,0.372522344955907,0.00322226377683983,0.0162074370960108
" 6725",37,1.25944043760613,0.487322414428705,0.000501029960879296,0.0156566953892936
" 8239",68,1.08993317126613,0.202734276101617,3.02755071147442e-05,0.0114422952320796
" 4668",43,1.15986625907292,0.407716311740526,0.00239473324903682,0.0170004317357124
" 8334",69,1.08488383187494,0.200900484030424,1.1872747888135e-05,0.0115140035194321
" 6728",43,1.22344900984833,0.453691033044894,0.00012050839106457,0.015155084882889
" 8631",66,1.09030586011325,0.207873510055461,7.12364873288098e-06,0.0109904225052188
" 8337",65,1.07659934106918,0.207452656073637,0.000236267682973886,0.0117118598397189
" 7011",26,1.25405764818563,0.51411967783089,0.000345496963544728,0.0159399683076478
" 8632",72,1.07587143884434,0.201612785683879,0.000265949552694223,0.0122054481159175
" 5478",26,1.10467920353912,0.326747950801878,0.00125376217698705,0.0147112316678742
" 7012",31,1.21995598490114,0.492808411097824,7.71728612728773e-05,0.0160474924909189
" 8634",63,1.09634873206212,0.209149232420616,1.72154844377957e-05,0.0111524496288517
" 8833",48,1.13409118992631,0.251845708901651,0.000162656646067449,0.0126625652414184
" 8648",60,1.06621490288938,0.201168843114728,8.7264696977792e-05,0.0114700888870655
" 8831",48,1.09565660769528,0.237171203979584,0.000379927932420319,0.0130258005737637
" 6745",31,0.970228460220593,0.181162166611034,0.00159629095355975,0.0138025722358838
" 8829",49,1.12879052454034,0.25300994766698,0.00046006898066523,0.0128711081372172
" 7534",33,1.1194791925531,0.248042564649264,0.000225582209874564,0.0133598442021877
" 8840",49,1.01005542869356,0.21170220381382,9.9137444865927e-05,0.0129900008108887
" 7508",35,1.04338029604813,0.235872996213198,6.47064759903356e-05,0.0128997814409103
" 8950",38,1.05576733327714,0.245738793667752,0.00409312983443453,0.015291085411864
" 6761",63,1.11158430340876,0.181219753351761,0.000125851127614231,0.0117897560976479
" 6760",60,1.10152793859889,0.178263785018697,2.37454957762699e-06,0.0118045155334698
" 6767",64,1.10372784758405,0.179611863292797,8.90456091610123e-06,0.0117683098470822
" 8642",46,1.15612973241764,0.292977450512377,0.000367461547137777,0.0141890850310503
" 8497",58,1.09254956074476,0.212066195128179,0.000674965717440473,0.0138159253940964
" 6749",55,1.08145372413782,0.170602853737731,1.6621847043389e-05,0.0119625117423552
" 8021",56,1.14233362217125,0.25819864115674,0.00149418532172179,0.0143664560124233
" 8641",38,1.10839176252519,0.281354282311643,0.000607291054478104,0.014155133695924
" 8495",56,1.09280972532086,0.215441166343263,0.000395956142069301,0.0137932002771616
" 7040",46,1.35670333634118,0.405353096295023,0.00543475034579378,0.0162247006843679
" 7652",65,1.30072728213498,0.429116035625174,0.00132321775213264,0.0164263369743429
" 8638",45,1.09653716218637,0.281614172483962,5.93637394406748e-05,0.013594904824574
" 8839",37,1.23974476703942,0.407290952137529,0.000376959745448285,0.0144740629527129
" 8511",66,1.09674959818858,0.2183521428712,0.000527150006233193,0.0137968732969591
" 8650",35,1.05489443425112,0.284432608393909,0.000886300629849276,0.0145623796933335
" 8838",35,1.24833318362536,0.408622539750182,0.000135349325924739,0.0143937371955996
" 4989",55,1.19546813968655,0.410312493663442,0.00325610110832102,0.0169093817621289
" 6953",40,1.22475796869247,0.354996752266633,0.00250633707918529,0.0155302279705615
" 8837",35,1.21906862040113,0.406442053873996,0.000106261093598808,0.0141365305627027
" 8952",54,1.27680220980565,0.456890625341596,0.000283758674526426,0.0141023799607432
" 8841",41,1.05506967711724,0.326056186526555,0.00153692721411907,0.0150072141512562
" 8951",55,1.27080006891906,0.454130563572196,0.000299193246781001,0.0142628357934519
" 8953",48,1.29223723670768,0.460119794700296,0.000414952538690317,0.014264563935798
" 9034",34,1.21587715972981,0.491512406271189,2.96818697203374e-05,0.0138695111559682
" 9579",46,1.40052024415304,0.523083212168899,0.00198690435907939,0.0169599637516464
" 8947",33,0.927503542311265,0.273537159490745,0.00241313600826343,0.0158965407071586
" 9029",35,1.21379917705156,0.489064128805453,1.24663852825417e-05,0.0138606993324878
" 6382",58,1.04886192343947,0.165099941827005,0.000471941728553365,0.0109532493447209
" 7691",62,1.13600722964516,0.263146716573624,0.000236861320368293,0.0140279177539889
" 9535",51,1.24123729545532,0.440893538366766,0.00057879645954658,0.0161997076697246
" 9033",35,1.22658715155898,0.486092344350718,0.00107626459605944,0.014227903058099
" 9104",44,1.22939257866792,0.487958365316993,0.000127632039797451,0.0140569892165561
" 4617",47,1.09671573464307,0.185081300466095,0.000214303099380836,0.0129904541278786
" 6358",54,1.00523215368663,0.155950618904871,0.000222614022902531,0.0117404680885291
" 9036",60,1.09695948330837,0.394185644891431,0.00249268341911394,0.0161916663924345
" 9106",46,1.23747349470147,0.487127156756368,0.000151971172968128,0.0140206041666136
" 6373",48,1.04885181065693,0.163643130599059,0.000126444765008637,0.0112725768087427
" 4624",35,0.940549153008051,0.171842251461123,0.00094566436928995,0.0132996461310314
" 9107",43,1.23522937929883,0.485966531611946,0.000173935756561177,0.014045035537535
" 6397",58,1.06592479657849,0.163217109873924,0,0.0111000440881045
" 7038",41,1.23518926709645,0.300771511165283,0.00110654010317418,0.014773176036575
" 6388",57,1.06398583285664,0.16228789806312,5.93637394406748e-07,0.0111115724402562
" 6903",39,1.068601167466,0.268633329668137,0.000260606816144563,0.0141576557508701
" 6391",60,1.06281821998928,0.160796834477002,2.67136827483037e-05,0.0112222895468856
" 4622",50,1.19673194689688,0.238891244232531,0.0045217360331962,0.0149540296148366
" 6867",50,1.08673611947111,0.268633797975928,0.00155473633595127,0.0151409413935795
" 6426",32,1.05700463024468,0.236574271165853,0.000477878102497433,0.0147325066606213
" 6368",58,1.06882528224019,0.164947493401664,2.73073201427104e-05,0.0111782973593031
" 4625",48,1.02468860281791,0.193641515670936,0.000595418306589969,0.0131104038330917
" 8320",61,1.09767530675287,0.215234978400334,5.34273654966074e-05,0.012349872565451
" 6948",29,1.10441346038377,0.243065683219393,0.000804378669421144,0.0144696823422761
" 6770",37,1.08523106067655,0.236888302859702,0.00585089015927291,0.0149575984605289
" 6363",54,0.952333131865123,0.164542679626379,3.50246062699982e-05,0.010919162718339
" 6788",37,0.946891199426943,0.276531562628879,0.00168949202448161,0.0161478907408644
" 8316",61,1.09851018976597,0.215272223642537,0.000115759291909316,0.0123762222382702
" 8705",62,1.09378993152748,0.208156447270416,0.000194119427971007,0.0121095678872509
" 7348",49,1.13336095236313,0.255657585410051,0.0013279668512879,0.0145254166241543
" 8315",58,1.1055654545825,0.214061898428348,0.000102699269232367,0.0117390523187831
" 8637",45,1.12911530554275,0.237410785289796,0.001970282512036,0.0133246221708747
" 8327",53,0.941259301030655,0.204355785658864,0.00115046927036028,0.014484906794164
" 8635",59,1.03402528429337,0.213350604050965,2.73073201427104e-05,0.0122487322929875
" 7694",50,1.32449515574414,0.503568235394485,0.00190260784907363,0.0169598356199124
" 8633",45,1.19247573568091,0.3115351908029,0.00295334603717357,0.0144974427798552
" 8834",49,1.41956791372399,0.552379802997463,0.0017417321151894,0.0161106688394549
" 7693",48,1.33451208194057,0.48993386362306,0.0019180424213282,0.017064979170222
" 9097",32,1.05011871988297,0.31518115586483,0.00244994152671665,0.0162449527855799
" 8652",35,1.05351492671971,0.342977740134486,0.00446415320593875,0.0172514506220483
" 8830",49,1.49813436613615,0.562047694560406,0.000807346856393178,0.0160676286694293
" 6971",34,1.19068058327993,0.338043030331258,0.00291713415611476,0.015249989423317
" 8832",46,1.37060681446965,0.504157316549858,0.00307326079084374,0.0165864746197601
" 8954",65,1.34796314457505,0.510689580502816,0.00169720931060889,0.0151539106841474
" 8955",42,1.28489392106139,0.469644486853628,0.00202430351492701,0.0154982691501961
" 8959",31,0.901202203954212,0.30835915195154,0.00256035808207631,0.016396367371777
" 9032",50,1.47981661579126,0.631818210689299,0.000918950686541647,0.0152767812120389
" 7293",36,1.46697728423357,0.579887205779176,0.00152683537841416,0.0165712316281727
" 9035",48,1.55270357589811,0.645402862652706,0.00286014496625171,0.0155236647874057
" 6002",36,1.46126674582479,0.578532821441864,0.000261794090933376,0.0165601212078655
" 9031",46,1.27332510681034,0.557022963096339,0.00128522495889061,0.0153416970949661
" 6744",51,1.07064561199336,0.173077378236332,0.000254670442200495,0.0115460788545951
" 8701",48,1.14028694667033,0.254533429387615,0.000109822917965248,0.013131950086276
" 9112",67,1.42289647538689,0.496291942961012,0.00280196850159985,0.0150999051863994
" 6742",51,1.08157494525183,0.178535188751805,0.000403079790802182,0.0119202726566067
" 8698",52,1.13722083163749,0.254357257265852,0.000325313292134898,0.013246350921829
" 6738",53,0.999944473696473,0.165192518821776,0.00060788469187251,0.0122787395935602
" 6672",38,1.33473046246821,0.450710033885902,0.00104480181415588,0.0156409944236459
" 6887",41,1.19322554052835,0.39512958522883,0.00357191620214541,0.0163615998240549
" 8696",53,1.10744317111836,0.240546560274828,7.71728612728773e-05,0.0126627182666715
" 8863",68,1.38456192604702,0.532321723994621,0.000356776074038456,0.0162006665032932
" 7031",36,1.13683955220416,0.318658473386487,0.00116471656782604,0.0152925180051801
" 6885",40,1.28806763258019,0.416327555395963,0.00362949902940286,0.0161806962015203
" 6848",44,1.27678294993605,0.408751835291337,0.00057701554736336,0.0156111768215663
" 8702",59,1.04366376768039,0.245322887460316,0.00151852445489246,0.014374579858745
" 8864",62,1.37594034513404,0.53571821203516,0.00150487079482111,0.0162841987764676
" 6403",60,1.07680838989823,0.161423337530498,0.000343122413967101,0.0117885878310348
" 6624",39,1.14791052730886,0.252564163217971,0.000706428499344031,0.0137003427267058
" 6251",25,1.09415565073665,0.338354898154819,0.00516642624352193,0.0163039112392805
" 9509",38,1.05810559044219,0.339962207142371,0.00538785299163565,0.0175451055004102
" 8964",45,1.35699680984377,0.575345748544321,0.000876208794144361,0.0152504235130646
" 6407",60,1.06675859178485,0.16168006493424,0.000138317512896772,0.0115790397272825
" 8967",50,1.34954706488136,0.578317331257718,0.00033956058960066,0.015053565411856
" 6401",53,1.06977861589063,0.158927323066758,0.000331843303473372,0.0119300170660499
" 4874",43,1.16546167905407,0.321740557828715,0.00173401482906211,0.0138495363092706
" 7467",45,1.09553781163148,0.319579968067982,0.000863742408861819,0.0149763730528742
" 8961",36,0.66580473698549,0.255957125769173,0.000990187173870456,0.0162827697329762
" 9056",49,1.43477216886433,0.53644312151479,0.000641128385959288,0.016641972428342
" 6409",47,0.918470030181349,0.151799659672217,0.00416436632176334,0.0136031357394267
" 4873",44,1.13978773215006,0.299927976076158,0.000642315660748102,0.0132676383297865
" 9055",45,1.45260386630908,0.541868093916005,0.0011344410607113,0.0165273605591396
" 7207",33,1.20219009706111,0.342836848622769,0.00112256831282316,0.0151038475951285
" 9517",59,1.33148922533908,0.503501502553465,0.0028939822977329,0.0169195947188421
" 7107",29,1.18625850599729,0.344032385480903,0.000907671576047918,0.0150358436627003
" 8486",44,1.18790979755587,0.339705865344688,0.00382243118258505,0.0172082788109596
" 9449",24,1.41218092644225,0.464644128010996,0.00879829982250242,0.0175244536751815
" 6393",55,1.05784391305685,0.15656284614593,2.96818697203374e-05,0.0105678128618041
" 7525",48,1.10830204161512,0.247206904321234,0.000639347473776068,0.0135067193062944
" 6400",53,1.06193539824046,0.163246934412175,2.67136827483037e-05,0.010264275501215
" 7362",43,1.07421917213078,0.236050247567271,0.000776477711884027,0.0138120980232755
" 6370",56,1.07338069473376,0.17042040745978,9.49819831050798e-05,0.0106169848433682
" 6377",48,1.0390608506414,0.168194162563442,2.07773088042362e-05,0.0107142241847741
" 8697",63,1.13345554731247,0.25619558277018,0.000562174612503191,0.0140410262297341
" 7464",35,1.11196746423996,0.242507538597485,0.000333624215656593,0.0141137063319039
" 4615",43,0.968666986000505,0.183917188944549,0.00252117801404546,0.0146784120902094
" 9346",44,1.08891728318015,0.38693676448352,0.00340272954473948,0.017143376886363
" 6494",39,1.25013515198899,0.362301950335865,0.00252711438798953,0.016005388682492
" 7110",28,1.16924001484467,0.276044232785249,0.00177497580927618,0.0154658569574855
" 8693",63,1.12891520650814,0.256659628090016,0.00070286667497759,0.0140284191677769
" 4618",38,1.16100600716787,0.197670361385932,0.000338966952206253,0.0133595745063112
" 9344",56,1.51794347237937,0.513496836799376,0.00626406178578001,0.017453232974218
" 8690",65,1.08656102663856,0.289270522415244,0.000966441678094187,0.0142274079950588
" 4616",35,1.02593192207168,0.197919717164665,0.000907077938653512,0.0141743838316228
" 8692",51,0.817201741503679,0.191049961422933,0.0005805773717298,0.0141615664934858
" 6964",38,1.1392804532689,0.254178979728323,0.00123654669254926,0.0140512104920123
" 8966",59,1.56307279413312,0.67666713228732,0.00169839658539771,0.015795336740035
" 9192",50,1.45829347219101,0.516477880649258,0.0124942862400788,0.0186879465122212
" 6182",41,1.16757351459254,0.35991037319822,0.000871459694989107,0.015386027824403
" 8965",61,1.50033272365901,0.661054811215996,0.000845933287029617,0.015683799916245
" 9196",45,1.08010697905333,0.283955671268322,0.0024101678212914,0.016511870669721
" 6491",69,1.74165017732233,0.722938806384859,0.00633945373486967,0.0183444521856021
" 7450",38,1.14394671822363,0.329751137810715,0.00336592402628626,0.0154584534272393
" 9054",47,1.48233750543062,0.565286213449124,0.0060871578422468,0.0177413218284869
" 8324",42,0.934826219358094,0.192255066173621,0.000303348708541848,0.0130056486823246
" 8332",49,1.17137645267805,0.248934279300687,0.000428012561367266,0.0136488325640281
" 8330",52,1.16017715331184,0.244396829665253,1.95900340154227e-05,0.0132422376692101
" 8328",50,1.08796441058823,0.222980421701608,0.000423857099606418,0.0134219219947659
" 8639",57,1.14519320881659,0.304339253660622,6.94555751455896e-05,0.0138125882522168
" 8888",52,1.22162268684011,0.395838847905855,0.00342528776572694,0.0163568269508888
" 8321",48,1.03619081598754,0.225108223916693,0.00142591702136501,0.014046812959823
" 8640",52,1.13100212525422,0.296545031417297,0.000141285699868806,0.0139636057545652
" 8553",58,1.161506762044,0.27982899489646,0.00110179100401893,0.0155075693711669
" 8630",45,1.08161410649353,0.291300854523032,0.00132499866431586,0.0144121313001784
" 8457",48,1.05122580507546,0.277732836841243,0.00312193905718509,0.0165911865251068
" 6345",34,1.17281915099122,0.304755780891498,0.00242500875615157,0.0161135722096368
" 7137",31,1.18961043965196,0.35594769248303,0.00198631072168498,0.0155776936352465
" 8970",53,1.3413210512634,0.51573283976216,0.00495627860590194,0.0177540613600203
" 9215",46,1.26897346530599,0.381035234429579,0.00539438300297412,0.0175574937950124
" 8958",46,1.04450026586779,0.293217133726888,0.000800223207660297,0.0150772720414869
" 7445",45,1.12861663936844,0.236071304992555,0.00022083311071931,0.0134173297335824
" 7116",40,1.16422276032206,0.256485790131249,0.0014603479902406,0.0144398534566932
" 9059",47,0.843740640915505,0.283830508550738,0.00104361453936706,0.0158743909776743
" 8960",31,0.998357409945085,0.314866446627048,0.00359150623616083,0.0171635432410661
" 6424",36,1.09948296301572,0.240425562164768,0.00107151549690418,0.0145722054793168
" 7449",41,1.08013623856332,0.220655447761701,0.000235080408185072,0.0134044483627799
" 7102",25,1.16969387934297,0.298847447507949,0.00080141048244911,0.0151131381414527
" 4614",45,1.14577351909325,0.224273167520726,0.00542050304832802,0.0151564562410638
" 4626",38,0.987041826232225,0.182800667853506,0.000777071349278434,0.0141419752415185
" 7408",52,1.44941478377182,0.52846682148913,0.00435136210100147,0.0176246704941611
" 8879",55,1.10728374686418,0.323236567117731,0.00262090909630579,0.0153226229900126
" 9194",54,1.22975780711464,0.359064608936318,0.00212462823458175,0.0151829391269997
" 9190",43,1.08439989571266,0.276322149040781,0.00277703573103477,0.0164365728691044
" 8357",50,1.09848061650968,0.241135263214773,0.00190201421167922,0.0146306621731687
" 8352",41,1.09299681110745,0.232928625898103,0.000919544323936053,0.0139845304553619
" 8623",58,1.12600315882473,0.301577353370421,0.00126385401269197,0.0147448470499679
" 6752",44,1.08701369347449,0.190876927394626,0.000150190260784907,0.0120183127106832
" 6751",38,1.00818079674658,0.186189656485737,0.000151377535573721,0.0117508520319529
" 6746",46,1.07194072520573,0.196764795643437,0.000102105631837961,0.0121020900762488
" 7431",29,1.0897786567955,0.243315382239259,0.00151377535573721,0.0142581059860558
" 6719",47,1.3011395359772,0.489197665513631,0.00173817029082296,0.016792715313404
" 8687",50,0.990712221562856,0.228772135687032,0.00155592361074009,0.0148621585106958
" 6998",42,1.34993020209342,0.522950395522835,0.00205695357161938,0.0168074392469559
" 3848",64,1.14068442151709,0.232276243924085,0.000116352929303723,0.0135796034865672
" 5139",32,1.107545028825,0.234386215600132,5.93637394406748e-07,0.0126969609030259
" 8700",62,1.16639781984925,0.248660950131138,0.000243391331706767,0.0130263760033444
" 5138",35,1.14646672667318,0.253409815561725,0.000939134357951476,0.0131761670933785
" 8695",66,1.16834888642255,0.247395671760358,1.1872747888135e-05,0.0127343109665302
" 5142",31,1.10398256186735,0.237637718222953,0.000182246680082872,0.0125880940656585
" 8691",66,1.14477369040291,0.240187639338788,0.000170373932194737,0.0126352708435637
" 8858",48,1.15616136584414,0.318954149596202,0.000122882940642197,0.0136546082543507
" 8689",56,0.973371780885557,0.214180708371533,0.00141879337263213,0.0142568585004783
" 8855",50,1.14618307737673,0.316192697546584,0.000128819314586264,0.013578969391901
" 8536",70,1.13772666085182,0.246857839482542,5.63955524686411e-05,0.0128490369808318
" 7005",51,1.20689302206747,0.267447214132506,0.00114037743465536,0.0142778592029904
" 8852",42,1.13365678314048,0.312085213647097,0.000852463298368091,0.0140408691501936
" 8962",55,1.21761092362852,0.360636207854214,0.00158441820567161,0.0156968866915139
" 8538",72,1.13880324756556,0.24928404858354,0.000143066612052026,0.01263589512323
" 7037",51,1.18657946238869,0.275520499984754,0.000358556986221676,0.0139251964609128
" 8541",45,0.985084483148678,0.235028931424726,0.00281977762343206,0.0153561198410774
" 9122",41,0.990904425154954,0.247282774338824,0.00072661217075386,0.0141900520455759
" 6399",60,1.04997603377198,0.161642401047469,1.78091218322025e-06,0.0103468699764419
" 6379",64,1.06787120161309,0.182664072572244,0.000812095955548432,0.01133967954676
" 7645",19,1.0841810901156,0.275068534502939,0.000902922476892664,0.0153006866027542
" 6376",60,1.04527465969195,0.160088873639869,9.49819831050797e-06,0.0104847517836017
" 9088",33,1.25417832990956,0.364070764053757,0.00437332668459452,0.0174011373335814
" 6366",47,0.99088467526144,0.159497961323392,0.000952194380628425,0.0117502004427314
" 9089",30,1.08930987701625,0.306633523609535,0.00248615340777546,0.0171134128116179
" 9006",32,1.40496671600132,0.381047303356198,0.00441072584044214,0.0172857099158402
" 9129",36,1.14578241201654,0.344713779275537,0.005401506651707,0.0174984785005773
" 9128",57,1.27177601941906,0.379268857645834,0.00147518892510077,0.0160446547807424
" 8709",38,0.951517346822621,0.249821635743304,0.00213293915810345,0.0159088562609284
" 6411",43,1.27032545734675,0.373726969019838,0.00410500258232267,0.0162615665955618
" 6781",41,1.21824622962319,0.376143463181403,0.000834654176535888,0.0156153780299242
" 3852",58,1.09868678993733,0.238944116256632,0.00224751117522395,0.0151610745586553
" 4821",68,1.07457839640301,0.174890515427088,0.00112731741197842,0.0124307493329756
" 6963",39,1.07466161336879,0.217984233023362,0.000546740040248615,0.0140821384578071
" 7053",31,1.12496701317034,0.232626890613019,0.00222732750381412,0.0147523822157093
" 6967",38,1.12261096053071,0.227008227903083,0.000681495728778947,0.0136812713225756
" 9202",34,0.937802528225519,0.312428985672345,0.00218755379838887,0.0165899707487188
" 6367",46,1.17484703895643,0.269574098143683,0.00457991249784806,0.0134853091214773
" 4905",47,1.07591186188588,0.217461660593061,0.00031759600600761,0.0142785756561927
" 4627",49,1.1378312218038,0.246885017575923,0.00175657305004957,0.0144337192159037
" 8340",38,1.18322509729582,0.281202148620142,0.00229440852938208,0.0157291195216003
" 6374",56,1.07600592759935,0.188428760004562,0.000597199218773189,0.0121258271633099
" 7666",40,1.10748097501435,0.277991608654561,0.00163369010940737,0.0151007911599663
" 7687",35,1.11002897078988,0.301493026164815,0.00239413961164242,0.0158176813479299
" 6355",51,1.04493066074924,0.18568255778577,0.00469329724017975,0.013471450231388
" 4824",64,1.06321673082388,0.161228394263159,3.38373314811847e-05,0.01147047840649
" 4817",63,1.04864687332735,0.15302809981699,0.000140098425079993,0.0114027006068057
" 3850",46,1.2018624843033,0.345268073915965,0.00185867868188753,0.0154258362222273
" 7436",48,1.12186238973835,0.223354969025373,0.000394768867280488,0.0136910786052716
" 6454",39,1.19746657112017,0.291441905514098,0.0025953826883463,0.0150869832934208
" 8481",49,1.02237446977168,0.286511818449536,0.00107745187084825,0.015079843541979
" 8294",44,1.07480990372842,0.26388841244207,0.00241788510741869,0.0143018290839059
" 8293",41,0.961260224288055,0.28266706098845,0.00179634675547482,0.0159964812582244
" 7679",63,1.07728042518581,0.196321197890255,0.0002902886858649,0.0117521056147166
" 7675",61,1.07169118291193,0.196211149700902,0.000151377535573721,0.0117896090985036
" 8363",58,1.1882402721262,0.27918160577047,0.000213709461986429,0.0134580023608883
" 7672",70,1.08125673843369,0.197166706250407,4.15546176084724e-06,0.0112580735738072
" 8180",57,1.07870007586711,0.199728073599448,5.93637394406748e-06,0.0108341143919585
" 8361",53,1.19646984346271,0.286291422967054,0.000566330074264038,0.0135926559342092
" 7686",64,1.0588555905048,0.184522197225982,1.6621847043389e-05,0.0101665407976905
" 8191",59,1.07209354294899,0.196460180985317,1.1872747888135e-05,0.010570032925758
" 8356",43,1.00977528319676,0.263333724984266,0.00162122372412483,0.0146741853065322
" 8628",58,1.17906059310219,0.29830643219595,4.33355297916926e-05,0.0131602839156905
" 8190",55,1.08698185919222,0.205344683089989,1.24663852825417e-05,0.0108365632302185
" 8602",58,1.10480584414746,0.213335230562312,0.000569891898630479,0.0124897040826086
" 8821",32,1.16957240112963,0.347740705730022,0.000667248431313185,0.0159241733342187
" 8627",53,1.17228018899277,0.293558040127677,7.36110369064368e-05,0.0131158089922398
" 8197",58,1.06953490690599,0.202558479066226,1.78091218322025e-06,0.0110796377270298
" 8582",36,1.01019797688097,0.206545221020701,0.00284292948181392,0.0152997441689747
" 8624",54,1.15421881250719,0.303888620091033,0.0012050839106457,0.0137962982092003
" 8827",48,1.24883331904665,0.35374574012318,0.000908858850836732,0.0144508188191026
" 8889",54,1.00686295477496,0.219687973836087,0.000285539586709646,0.0141747708827409
" 8826",46,1.27842454537707,0.365703666958709,0.00116174838085401,0.0144593190030965
" 8893",45,1.04199104602484,0.236236641037669,0.00147400165031196,0.0148970905769562
" 8891",51,1.08630084319214,0.239136765617555,0.000394175229886081,0.0142464815824096
" 8990",50,1.08224142490618,0.268498814113571,0.00136061690798027,0.0147715522764116
" 9242",50,1.64302457001603,0.568817578798929,0.0136144800033244,0.0182950180639657
" 5131",31,1.07719246099161,0.233818281573362,1.24663852825417e-05,0.0127812773497614
" 7669",43,1.3625549838233,0.350003844553837,0.00166040379215568,0.015160626935517
" 9068",30,1.0372989523479,0.266192265724506,0.00316230640000475,0.0156636458485399
" 7667",42,1.3531561157837,0.346886727838783,0.000302755071147442,0.0149541176522085
" 9179",49,1.62114316661166,0.494209566249623,0.0147441719648804,0.0182451203515145
" 7674",38,1.04704093376416,0.269821755270228,0.00122408030726672,0.0147751359335345
" 8175",40,1.17587712659582,0.324804963054601,0.000552676414192683,0.0147666783027574
" 9182",49,1.19034699707112,0.316958485077214,0.00421601277507673,0.0170726984281944
" 7678",35,0.995953962921364,0.265129568885962,0.000647658397297763,0.0145398332868907
" 8173",43,1.18904073417382,0.308325619547003,0.00124188942909892,0.0144597888882542
" 8172",46,1.14967233071303,0.32250927099673,0.00216202739042938,0.0152608104206602
" 8822",55,1.28755633334475,0.389856982553874,0.00494559313280262,0.0171964151797454
" 8609",41,1.07072829400753,0.282068140892742,0.00215193555472446,0.0157852620190382
" 8605",51,0.988164091236444,0.206185542070527,0.000666061156524372,0.0142946088768498
" 8929",63,1.16591226258238,0.305798639485724,0.000180465767899652,0.0138986486217546
" 8974",38,0.87517927804923,0.256881024288289,0.00171205024546906,0.0166442471233569
" 9199",48,1.1964256511209,0.361976355265161,0.00263456275637715,0.0164055134885773
" 8936",52,1.19271696460206,0.30887844575292,0.00127216493621366,0.0147083792853468
" 8882",43,0.948508997823361,0.288326237391889,0.00330418573726796,0.0172359128786844
" 8985",45,1.25198111040846,0.41600637330834,0.00223741933951903,0.0163280783629495
" 9238",42,0.988402178382342,0.303327665161436,0.00100918357049147,0.0160820062757621
" 9019",36,0.600724564136729,0.157172216678936,0.00077054133793996,0.015059107949804
" 9221",39,1.0436638751185,0.303681519502524,0.00151555626792043,0.0159024136079707
" 8987",53,1.28219045986427,0.40713926863109,0.00153870812630229,0.0160262305629282
" 9024",28,0.760013706419432,0.214625191307792,0.0028672686149846,0.0168696751908735
" 8995",34,0.945224366275068,0.259686624683234,0.00342053866657168,0.0170284124450953
" 9067",62,1.10278295801593,0.308970348172473,0.00113206651113367,0.0158048162753798
" 9219",48,1.06212021323682,0.379690201041305,0.00217983651226158,0.0163906700064898
" 9092",38,0.69265279993278,0.237865623140615,0.000205992175859142,0.014684464909932
" 9223",55,1.15806061883142,0.393906694741093,0.004204733664583,0.0165682342009792
" 9071",44,1.16719699404499,0.329055286495158,0.00338135859854084,0.0160852210148422
" 7949",49,1.13868423602544,0.348147165571362,0.00197562524858566,0.0162953985132685
" 7676",53,1.16725731521617,0.255457136645748,0.000548520952431836,0.0135420809770156
" 7673",48,1.14832875220909,0.247931992536762,0.000906484301259105,0.0133209075417459
" 8305",78,1.06324600588828,0.210876353719342,0.000457694431087603,0.0123101098438066
" 7684",45,1.06400302085041,0.230266882341024,0.000900547927315037,0.0136536536611575
" 8711",45,1.16358011205604,0.307587844544676,0.00065537568342505,0.0141965940225594
" 8198",47,1.02582816273491,0.25260683389931,0.00148468712341128,0.0157608123178134
" 8347",49,0.996596427525947,0.230915941570182,0.000575828272574546,0.0139085110133592
" 8662",56,1.03959053605786,0.204919050053159,0.000236267682973886,0.0131518138542913
" 7609",31,1.19568159158566,0.315304871291029,0.00233180768522971,0.0157992156944606
" 8712",50,1.1517263298628,0.303533620028007,0.00050755997221777,0.0142814722238053
" 8309",41,0.92298781482666,0.211843984426288,0.000473722640736585,0.0143743588467033
" 8618",56,1.00562952197118,0.198051538954667,0.000228550396846598,0.0134735480816023
" 8710",46,0.98908551411954,0.266448256590275,0.00171442479504669,0.0152716368192008
" 8654",61,1.07711316009221,0.232265386714206,0.000674372080046066,0.013982339296984
" 8977",36,0.987377115169021,0.277106682336375,0.00362593720503642,0.0172985991212742
" 8878",47,1.11427284698993,0.335646352116984,0.00268680284708494,0.0167911158094395
" 8980",55,1.33498818047764,0.476808810480175,0.00392869227618386,0.017270109089772
" 9023",36,0.855044020088388,0.25747879963595,0.0012222993950835,0.016396471754852
" 9008",31,0.721810747138136,0.280864332136134,0.00107567095866503,0.0164039623878828
" 8991",58,1.44462643680288,0.470659001301848,0.00571494719595377,0.0174920383442869
" 9081",58,1.11717809403288,0.419115992787626,0.000548520952431836,0.0158733122695055
" 8286",59,1.19679357730775,0.311347294619176,0.00262506455806664,0.0137940614515384
" 8283",57,1.1817779159986,0.310489111229094,0.00287854772547832,0.0140618588577537
" 8666",53,1.0383793648823,0.261408176533719,0.000597199218773189,0.0148101314030425
" 4681",39,1.06591702149765,0.319870300768931,0.000325906929529305,0.0142246357976775
" 8884",40,1.08309703283439,0.283370079774656,0.00107448368387621,0.0157753359136126
" 8622",44,1.39624016087316,0.448972643380771,0.00432286750606994,0.0173929468189768
" 8996",32,1.08804585655403,0.340775850321921,0.00627415362148492,0.017706334273759
" 5090",30,1.18421284094758,0.332282553478106,0.00163547102159059,0.016053956957125
" 6991",32,0.962272313258812,0.255677326052199,0.00116471656782604,0.0147186772387904
" 8285",58,1.12393683817575,0.252803855145639,0.00167227654004381,0.0131543376780479
" 8510",60,1.12387201331362,0.258675959355881,0.000524775456655566,0.0130280970975996
" 6892",43,1.03801115122928,0.228722178248859,0.00310116174838085,0.0153990523830598
