"node","degree","strength","eigencent","betweenness","closeness"
"JA",38,0.948117499029394,0.196142893503325,0.00442620436628476,0.0119158019542116
"SA",58,1.10449310977233,0.548518410993712,0.0014746088680227,0.012425505431819
"ABA",37,0.896909939637687,0.450790497367871,0.00297101388969799,0.0132392548251197
" 5539",62,1.0318287760159,0.195403913819941,1.22851047859994e-05,0.00860097818772482
" 8359",26,0.515885742170642,0.165055545122536,0.000294842514863986,0.0105615587604091
" 8401",59,0.871708768227447,0.295172853661124,0.000738295168268288,0.0105607544254759
" 8670",59,1.02577385984123,0.417976810275636,0.00264605305342317,0.0118782297152429
" 8297",33,0.815738471908103,0.26331753946361,0.00139574642117064,0.0112595766880306
" 8668",47,1.14289001438908,0.470376390115591,0.00216772655417474,0.0118871036695516
" 8671",49,1.04358751956602,0.437057800533971,0.00304432822471121,0.0123562795561082
" 4687",52,1.11033609647209,0.415780735318654,0.000288501815619599,0.0101037198606692
" 7662",48,1.11156691673455,0.518626951150825,0.000867883209075443,0.0119924520015754
" 5542",53,1.03441227176756,0.195430655450557,0.00144647201512574,0.0101980328435054
" 7660",44,1.02569477607717,0.473045394475545,0.000718084189426805,0.0118474279605457
" 8159",51,1.00928787923605,0.403995547998272,0.00717172713910424,0.013224830047902
" 6164",37,1.01836304169011,0.20302687416415,0.00134343565240445,0.010286501307389
" 2991",38,1.08486767883074,0.549998489442336,0.000396293702774175,0.0109051584831871
" 6163",38,1.02261427586587,0.204137455908514,0.000198146851387087,0.00975463376926051
" 6161",38,1.04363482420276,0.21657243561463,0.00118055894056427,0.010885386248965
" 6904",52,1.03803526558958,0.221020976029679,3.8440489169095e-05,0.0089299069987968
" 6604",26,1.04943623342807,0.208458655822806,0.00272174515065303,0.0114989328934827
" 6906",48,1.0306357142706,0.217426125688091,6.53884609577388e-05,0.00907607763526425
" 6918",45,0.953721426370004,0.186586784608888,0.0008286501325008,0.010377146223861
" 1488",32,1.11329341209972,0.719329255348151,0.00262940871790665,0.0139225438414596
" 8548",61,1.14683926279138,0.447266011523117,0.00140605005744277,0.0120744875172297
" 7670",50,1.19925324388316,0.540626139267317,0.00109892243779279,0.0120270426694162
" 7665",43,1.18076545848275,0.53420079738556,0.000414919506804561,0.0120255103567522
" 7663",38,1.03429995117903,0.454695625759061,0.00121741425492226,0.0117763786079512
" 8178",34,0.99490614625386,0.461085516832562,0.00138068726046522,0.0127265566572957
" 7032",47,1.00579690978937,0.170518618470695,0.00083538712544796,0.0105560522104999
" 8176",36,1.029725084482,0.475885874690153,0.00250338732042446,0.0128188794101742
" 7029",34,0.89156105145139,0.149513978924909,0.000953482648874665,0.0101206957349216
" 8331",40,0.859437623922769,0.309977081581633,0.000876601670536475,0.0111131599304503
" 8325",45,0.841455757213361,0.343371156501752,0.00132441355467129,0.0119207856619491
" 8649",41,0.865335352826227,0.372804563729443,0.00310337598642456,0.0128546307271935
" 1308",60,1.20360810920992,0.637909386114536,0.00110169649371221,0.012171612711053
" 8460",64,1.05616648913874,0.388692309952921,0.00107791887154576,0.0107117986217492
" 8478",47,0.975295023931895,0.361889536135341,0.000447019296729269,0.0113403151762761
" 2314",45,0.869011471825829,0.417799236007965,0.00223985200807964,0.0119028447669206
" 9161",32,0.886502804581661,0.209275595244873,0.000309901675569405,0.00999144871803623
" 9160",26,0.825585334758686,0.199166442050889,0.000171595173301218,0.00996040993487775
" 7664",58,1.1664253861567,0.513338925474873,0.000603951603027842,0.0113132145148958
" 8386",67,1.12623120224272,0.424440248792191,0.000301975801513921,0.0105251831652432
" 7682",57,1.0849934103355,0.466310925871934,0.000601970134513972,0.0114532318057523
" 8353",62,1.0290221944229,0.399146211763797,0.000298805451891728,0.010477307816411
" 8166",53,1.10224159545524,0.470022849500242,0.0010664263541653,0.0120099846839685
" 8277",34,0.87812402159157,0.365377154144586,0.00343745157786319,0.0128466780977895
" 8354",61,1.04982393213932,0.356564245004104,0.000587307267511327,0.00954455580094435
" 8355",57,0.822094301809122,0.322856253266834,0.000642392092196937,0.00996506229572085
" 8902",53,1.06049732894556,0.473604942384598,0.000959427054416277,0.0121131755912605
" 8912",24,0.661180806444069,0.25010592880779,0.00414126919399013,0.0125595199092701
" 6893",31,1.02799491102378,0.206330782215937,0.00175320334107295,0.0110196686825233
" 6899",39,1.00474110965188,0.191983774632407,0.00172387760706766,0.0110663949136441
" 8656",65,1.118260914184,0.465646293710503,0.000387575241313143,0.0111497300651736
" 8660",59,1.1178472605719,0.462115936317957,0.000519541044336943,0.0110532411334612
" 8945",44,0.945664384041391,0.357574809365129,0.00226442221765163,0.0122073905452588
" 6162",30,1.02301158763215,0.197436838856616,0.00138940572192626,0.0109278319501115
" 8380",58,1.11990934466099,0.494235875839382,0.0030352134695474,0.0127820086220648
" 8263",46,1.0606644354791,0.403011730236296,0.00048506349219559,0.0109548175805905
" 8275",57,1.04171425435276,0.405196379267598,0.00202783487709545,0.0122141199255924
" 8669",58,1.09282522251033,0.442843124294257,0.00299201745594502,0.0125226406285491
" 8663",59,1.04135927908829,0.407340586009988,0.00386465618945375,0.0125856787354652
" 6908",51,1.02041709838797,0.204553321139921,0.000474363562220687,0.00956240645472702
" 6909",44,0.968041815004888,0.185008940062189,0.000650714259955195,0.00973401751317811
" 5000",28,1.05502560844324,0.246020573710396,0.00229810718238744,0.0119726434647376
" 7330",37,1.02450092457581,0.20386010058492,0.000311883144083276,0.0103063378418239
" 7331",37,1.02750526770134,0.196872224137191,0.000316638668516566,0.0104275056745902
" 7335",27,0.998314930699996,0.182456225870789,0.000116510348615607,0.0101993762409935
" 8718",59,1.13964760228454,0.483574959970807,0.000877790551644797,0.0112925391174859
" 3295",58,1.04406549477123,0.418155957752359,0.00432316800356347,0.013606999061427
" 8720",67,1.09857126378499,0.462903235742491,0.000450585940054237,0.0109704267403874
" 8851",44,1.27814193556764,0.590551645962178,0.00464297702170223,0.0133853954481586
" 8846",30,0.810986554941778,0.408162398294792,0.00145796453250619,0.0129768226425136
" 2946",42,1.12040763063778,0.606437490639262,0.000385990066502046,0.012521138101962
" 7316",41,1.16100830828247,0.317309958941235,0.00139535012746787,0.0115761932401374
" 7327",28,0.992175468783162,0.276318312266314,0.000750976566757061,0.0116339198248463
" 2309",35,1.14212579227905,0.629025008089865,0.00045375628967643,0.0126362626018725
" 7710",30,1.00894793940374,0.181349474536077,0.000433149017132173,0.0102582338150977
" 1995",42,1.0694793422847,0.556779505685305,0.000158121187406896,0.0105831649024199
" 1362",36,1.19777166878852,0.750272393794644,0.00107593740303188,0.01398012067209
" 1746",45,1.06853548498271,0.53243450353295,0.00122930306600549,0.0132099372922848
" 3200",42,1.06822905037557,0.607119808453341,0.000355079157685661,0.0109566411640846
" 3164",41,1.06863615092721,0.590085204011472,0,0.0106138734350966
" 4196",17,0.447432239630852,0.177192808634807,0.00153801586046657,0.0123512448911335
" 3160",42,1.06352166002934,0.588274083829216,7.9258740554835e-06,0.0106124423392116
" 7328",31,1.02197856481399,0.186569691038183,0,0.0100922732944464
" 7336",36,1.00352956512833,0.182685418916082,3.96293702774175e-07,0.0100458437872758
" 3132",37,1.06202161434059,0.58772290232027,6.89551042827064e-05,0.0108718870940478
" 1359",51,1.15664387664785,0.632460530116254,0.00187328033301352,0.0126267364545708
" 1935",44,1.08141378048232,0.568089509722619,0.00018506915919554,0.0101799923171141
" 7852",39,1.10162268805722,0.467315448857745,0.000276613004536374,0.0116731790094056
" 7857",31,1.01865921647351,0.443816561418247,0.000950708592955245,0.0119001411265301
" 8192",66,1.07740155313993,0.424372946532564,0.000701043560207515,0.0103439004206008
" 8193",57,1.05556421312985,0.407788242654643,0.000382819716879853,0.0103766942854895
" 7084",39,1.08622585413482,0.433170094721352,0.000428393492698883,0.0114596506713017
" 8914",41,1.05691657561144,0.385453930846533,0.00157328600001347,0.0125442091928372
" 2360",35,1.1610475573717,0.649082974865907,0.000886509013105829,0.0127859122653132
" 7085",32,1.11291209832793,0.439176683365078,0.000408975101262948,0.0118171733580819
" 8913",21,0.74365572121259,0.254473360868293,0.00249863179599117,0.0125098855443323
" 7078",32,1.04117752055593,0.369577497235558,0.000858768453911637,0.0116609831857568
" 8268",10,0.141353934122604,0.0543388898356766,7.2521747607674e-05,0.0099700920607448
" 8267",1,0.0209876979392124,0.00943687701966664,0,0.00812133615753127
" 4661",27,1.04799159123169,0.26786958009018,0.000406993632749078,0.0122978691277073
" 8674",61,1.02835903494319,0.441306577603968,0.000140287970782058,0.0107467985882194
" 4325",37,1.22292571837589,0.691124504834234,0.0076603572746248,0.0142873426860317
" 1340",43,1.31351202937686,0.878059950011106,0.000262346431236504,0.0125613602084252
" 7915",67,1.01274295904507,0.375835458183456,0.000466833981867978,0.0107217273537437
" 1471",51,1.23568369064117,0.794518973040376,0.00263059759901497,0.0136901970770949
" 2796",42,1.15308859022977,0.689539599351054,0.00135770222570432,0.0126918070606105
"  972",31,1.11674702288412,0.591112833098641,0.000713328664993515,0.0110126613092535
" 4328",34,0.915207466568149,0.41947090557495,0.000930101320410988,0.0136777507959895
" 3283",18,0.185139897077921,0.0732340753361353,0,0.0103714242217612
" 2429",43,1.14883956274718,0.686635377476105,3.96293702774175e-05,0.0126105789249614
" 4560",43,1.18579883956,0.428287134656067,0.00048981901662888,0.0127976411033999
"10060",59,1.14063557903659,0.432886647122661,0.000889679362728022,0.0118547545486032
" 2035",34,1.11416195364922,0.587566397946767,0.000940801250385891,0.0109847713396831
" 1360",37,1.2284159195554,0.770389668182381,0.00601573840811197,0.0140679477686364
" 2367",68,1.11266794406172,0.297561005175298,0.00340019996980242,0.0124292323630747
" 4188",34,1.15426411917629,0.593334857434277,0.00470123219601004,0.0128503368578289
" 5204",45,1.23047997857553,0.539708869263774,0.002737596898764,0.0125544152475013
" 2280",35,1.14644243646634,0.594891424246671,0.000164858180354057,0.0120677823424106
" 4762",51,0.964847050889994,0.472430626904163,0.00331975234813926,0.0128402569561069
" 4393",15,0.313999277536687,0.128698016784657,0.000206469019145345,0.0111158891980848
" 5754",41,0.973258343172984,0.471498271208912,0.000954275236280213,0.0124120481635463
" 1380",12,0.210236195535674,0.070515580986129,3.48738458441274e-05,0.0108935222668103
" 2700",36,1.12069457139501,0.583724283927868,3.64590206552241e-05,0.0119804880055635
" 4748",32,1.17294013398637,0.724279604397559,0.000452171114865333,0.0122121841126531
" 1228",28,0.918501971697187,0.238426804936603,0.000804476216631575,0.011564457732772
" 2705",35,1.11161853411577,0.578627865916366,2.97220277080631e-05,0.0119929226675177
" 2232",47,1.36222371172162,0.716853078027209,0.00300430256073102,0.0139630620029694
" 4198",34,0.84926228961142,0.422728433672502,0.00149481984686419,0.0130887929852447
" 7090",23,0.810210456446645,0.345878653443867,0.00016802852997625,0.0112503022054997
" 2410",48,1.2539311399957,0.640628538944697,0.00165175215316276,0.0135457432287627
" 2286",73,0.96373095913858,0.251128082420694,0.000962993697741245,0.0114324645257071
" 4366",49,1.10963010034238,0.560864629712574,2.37776221664505e-05,0.0109851165717379
" 4524",30,1.1559656245303,0.565290664247966,0.00160380061512709,0.0124721178152849
" 5691",39,1.05444090819061,0.514530638550031,0.00207380494661726,0.0123511987697443
" 4387",54,1.00586516067482,0.383415564657631,0.00550293435672219,0.0134586702367264
" 6753",40,1.05194059781332,0.384336164525177,0,0.0100261070455175
" 6748",40,1.06511262124502,0.395524234621707,5.94440554161262e-06,0.010095900859904
" 6750",37,1.06435325751353,0.396957392916882,0.000857975866506088,0.0104646814593861
" 6756",36,1.06352096400042,0.395983745719268,0.000708573140560225,0.0105498093336465
" 9913",72,1.07756362035279,0.397592992165597,0.000634466218141454,0.00982234488584518
" 2950",48,1.17435914412228,0.478747300453927,0.00383453786804292,0.0133351199962621
" 2363",46,1.21248861853514,0.662302136906088,1.42665732998703e-05,0.0124041372497494
" 6381",52,1.05475067347142,0.339328338446207,4.7555244332901e-06,0.00958026758429285
" 6390",54,1.05348624404828,0.340922505340168,1.86258040303862e-05,0.00949116326666963
" 6383",51,1.05752339672848,0.339013003861266,5.54811183883845e-06,0.00950681862326866
" 6380",55,1.05165123676411,0.339584225970433,4.7555244332901e-05,0.00977849171909335
" 6369",49,1.0374654333147,0.334770065346581,0.000529844680609072,0.0103674031339688
" 2975",36,1.05892185454752,0.550016972984638,0,0.0104642903318422
" 1662",29,1.31016238919878,0.842972526629559,0.0115428466807034,0.0144046578417982
" 7924",33,1.12666861635276,0.449063701443802,0.0025473759214324,0.0128284481679925
" 7577",38,1.12307771277919,0.424700162266352,0.000699854679099193,0.0119786146328152
" 2379",30,1.03044990562945,0.571773473477348,4.27997198996109e-05,0.0121234361181503
" 1460",41,0.762229885991746,0.521643273015579,1.54554544081928e-05,0.0115136673503401
" 1345",42,1.31596817863165,0.889915276908434,0.000518748456931395,0.0126143371531778
" 2986",35,0.808566962895664,0.416026603882261,0.00216297102974145,0.011812578020025
" 7848",38,1.08733255777298,0.415931245814944,0.000408975101262948,0.0116585695897207
" 1134",40,1.00471472968696,0.507084658681806,0.00254182780959356,0.0123009714312258
" 1337",39,1.3060150263207,0.886080441637909,0.000543318666503394,0.012414851691819
" 4747",30,1.12536942577784,0.700807520277461,0.000331697829221984,0.0121171925525416
" 2211",43,1.24012815797809,0.62597661014624,0.010343265642406,0.0146374347008584
" 1226",19,0.995216960298595,0.262332962875371,0.000776339363734608,0.0120049360159039
" 4379",64,0.964135316721648,0.207358134542674,0.00262703095569,0.0119174790859061
" 4952",51,1.03691715793186,0.46597894547196,0.000282557410077987,0.0129443919704972
" 3793",80,1.03081797901088,0.258021735880417,0.00244275438390001,0.0115114945714158
" 3475",47,0.916378945868289,0.412689733886989,0.00235160683226195,0.013065315341004
" 5649",35,1.1351042448366,0.467940752762182,0.00133075425391568,0.0129608199110074
" 2092",57,1.08156075746231,0.382371287095813,0.00752244706605939,0.0135980386718584
" 4384",76,1.04146037662872,0.219514950751083,0.00140446488263168,0.0117904793688162
" 4360",49,1.07014350689071,0.368107208200031,0.00286282570884064,0.0127834259146553
" 3991",18,0.63095459417002,0.255258647973843,0.000491007897737203,0.0128202881741898
" 5157",29,1.04823293367858,0.527892080728877,0.00245741725090266,0.0127383558370889
" 1974",39,1.04762732421686,0.552335778498048,7.52958035270932e-06,0.0102494032509372
" 4353",41,1.32017839474883,0.752859766273638,0.00935372026657885,0.0144635890900058
" 2917",42,1.18304642019282,0.50515937938216,0.00630027728670383,0.0139275601132116
" 4375",25,0.797054021302467,0.180093117804616,0.00888569740360255,0.0128443519994258
" 8040",51,1.09428789023469,0.401080458599279,0.000571059225697586,0.0116820926731999
" 3436",37,1.404098498133,0.770539220548393,0.00172229243225656,0.0132866806243409
" 8128",47,1.14280334290156,0.442783948538572,0.00022588741058128,0.0119990854454255
" 7392",28,0.96419607345131,0.331871522946869,0.00334194479549462,0.0122088109191538
" 7603",33,1.00261077574172,0.374864307439687,0.00228265172797925,0.012510792325658
" 7079",51,1.10899054726648,0.42498849211674,0.000639221742574744,0.0111468709665719
" 2348",23,0.998063496102729,0.599954603987756,0.0116296350016109,0.0149045520847852
" 2930",50,0.99780709176892,0.278856648254343,0.00340614437534403,0.012583268663175
" 2548",36,1.08104832958706,0.538525093216014,0.00782838580460105,0.0148684318968492
" 2893",23,1.06997873169326,0.438610049556024,0.00234486983931479,0.0133335655942041
" 2640",33,0.990087262987046,0.317183887224513,0.00363203178592531,0.0119452702117715
" 5469",30,0.925187002181791,0.402365579083229,0.00399662199247755,0.0122665423809453
" 8792",23,0.534962375713637,0.18273559938038,0.00109535579446782,0.011974460548469
" 2464",36,1.0953026499674,0.527513807027466,0.00548827148971955,0.0134485521837728
" 2174",56,1.23032501014841,0.414656435540955,0.00119046628313362,0.012091254381497
" 4950",56,1.16946542350168,0.533400809168908,0.00515855512901143,0.0136243037691624
" 2987",36,1.04489747789086,0.470843662483915,0.00394034828668362,0.0142538938736176
" 1713",52,1.20670670987612,0.536993484584796,0.0012736879607162,0.0131452049932792
" 7851",35,1.09928763756185,0.429315370339565,0.00201951270933719,0.0126567832525247
" 4891",78,1.05140632891447,0.246124552074362,8.04476216631575e-05,0.0084495675738604
" 5808",38,0.940217636443191,0.483244128730532,0.00159191180404386,0.0126967376585133
" 4422",11,0.731931936378588,0.311092967403278,0.00257511648062659,0.0136538194777022
" 2734",49,1.15203144643419,0.622080653204438,0.000224302235770183,0.011533937183332
" 2831",38,1.12037545416811,0.661529638918662,0.00246494683125537,0.0139488220818075
" 2843",48,0.986851605950377,0.506470673358315,0.000550451953153329,0.0112090340717075
" 3495",35,0.803424698495064,0.454705883445008,0.000466833981867978,0.0108310969166391
" 1325",57,1.13704395236006,0.587018990984467,0.00324366395720662,0.0125608788658076
" 2939",29,1.18859115348831,0.636873053432502,0.010541412493793,0.0148477609835586
" 3456",46,1.21805606474554,0.675072841457686,3.80441954663208e-05,0.011048630555646
" 4559",35,1.20703806868856,0.437716680590666,0.00183365096273611,0.0129834930139035
" 3453",37,0.75905617124901,0.369622997767635,0.00133986900907949,0.0118902943496472
" 3300",53,1.17433794881841,0.609972954697928,0.00107237075970692,0.0116966016335039
" 2256",38,1.17877266973716,0.65504424323036,0.000482289436276171,0.0126268252756376
" 4327",29,1.21650940271592,0.510817035889257,0.00759972433810035,0.0141695035798654
" 2394",40,1.07419050859764,0.344904601541529,0.00463544744134952,0.0124936081517092
" 2273",53,1.17791101429791,0.624790129256993,0.0113696663325911,0.0139547205264365
" 2636",33,0.961483027989368,0.627350133700892,0.00119442922016136,0.0133569558170904
" 3454",49,1.21312765615521,0.67668508418833,0.000292464752647341,0.0111103514349378
" 4721",25,0.995362969716875,0.428010424707232,0.00187090257079688,0.0128880267149371
" 1417",82,1.02407809806111,0.216216339141339,0.000609499714866681,0.00996763001567491
" 4561",32,1.06380335080359,0.392974142241831,0.00222558543477977,0.0133317052978525
" 3004",24,0.908525918206,0.571099825282005,0.00165175215316276,0.0134166411403865
" 7863",73,1.08972889575458,0.395909960010705,0.00114370362620627,0.011345544059925
" 2325",41,1.09334011615822,0.567392857172585,0.00145796453250619,0.0124047674481006
" 3477",50,1.19894193732026,0.658983933809951,0.000339227409574694,0.0111067627717955
" 2204",52,1.41305643358967,0.758001104393699,0.00450150016981185,0.0137604675625556
" 2323",70,1.0867414006144,0.273935449056843,0.00175756257180347,0.0121118738394303
" 4413",27,0.571721620291942,0.239939351703811,0.00100103789320757,0.0121127203107183
" 4531",30,1.19441823018287,0.635670950201986,0.00123445488414155,0.0138377451714988
" 1968",40,1.08428582303371,0.560516520857835,5.54811183883845e-06,0.0102240778674125
" 3010",30,0.534818312371355,0.250753549141779,0.000972504746607825,0.0127195242706841
" 5755",34,1.1223924279787,0.57017383679039,0,0.0115482628509141
"   73",24,0.809313634963696,0.430800546506429,0.00241699529321969,0.0130217678808662
" 1934",40,1.03416377082893,0.54439798224708,5.15181813606427e-05,0.0102557626579059
" 4436",60,1.41474475484745,0.574895700817084,0.00448683730280921,0.0135783882391375
" 5167",57,1.12462443081953,0.497686304847076,0.00116589607356162,0.0122063491778611
" 1975",50,0.961994254688699,0.45855521021839,0.00180075858540585,0.0125389386130941
" 2915",81,1.06935267796627,0.307229716574496,0.00179005865543095,0.0111024772184044
" 9910",71,1.08573124413042,0.401371830271896,7.2521747607674e-05,0.00934598659043972
" 2172",54,1.16031410880008,0.38809027416015,0.000538563142070104,0.0121905800878825
" 3005",31,0.532496980137977,0.174725073144726,0.000699062091693644,0.0117225931233431
"   38",24,0.936332052898545,0.269184123801786,0.00386861912648149,0.0125441513886177
" 4308",60,1.25062343039177,0.697897483169379,0.0018015511728114,0.013692932150876
" 3299",54,1.2520298639488,0.457466180020962,0.00427442387812225,0.0135136979467202
" 2880",42,1.25752988316996,0.724168148673259,0.0050915814932426,0.0138804405938751
" 4293",43,1.08227958905653,0.420713945266404,0.00422409457786993,0.0132081346498988
" 4380",43,1.02257317078861,0.183347961415835,0.00129786187658542,0.0111138062579333
" 4429",29,1.02255053588061,0.450140686907365,0.00193232809472688,0.0135143659149033
" 1255",43,1.17414550579187,0.624270899870058,0.00214196746349441,0.0129620658560225
" 3026",65,1.17264067393758,0.609903101726378,0.00113934439547575,0.0124998312366752
" 2948",75,1.03262900486898,0.20416661070784,0.000359438388416177,0.0102111717207887
" 8158",37,1.03062375786958,0.406315438262669,0.000937630900763698,0.0126021301888364
" 8041",46,1.17770395063587,0.450421273922383,0.00015376195667638,0.0114905224770031
" 2920",44,1.34535007483187,0.623071404355247,0.00621626302171571,0.0143374907206455
" 4205",36,1.08180406331277,0.39662840394574,0.00836338230334619,0.0140713716033641
" 2225",21,0.681290815645189,0.310485388382262,0.00194500949321565,0.0131703082202274
" 2835",70,1.05608183403365,0.301893938256265,0.000636051392952551,0.0111178206194751
" 8451",54,1.05794105307238,0.397630538201788,0.000999849012099243,0.0117668162273083
" 4951",65,1.18857052234983,0.506845355042823,0.000560359295722683,0.0129938191600697
" 5013",15,0.99310908275908,0.258845784207595,0.00242254340505853,0.0115723729018684
" 2199",50,1.12528907339657,0.320320309677073,0.00956296334164361,0.0135486869177384
"   49",39,0.999670535318279,0.375174831031689,0.00336849647358049,0.0126459336701804
" 2813",43,1.17716555977385,0.666998064604235,0.00107554110932911,0.0124187086156665
" 8438",61,1.08593293870453,0.4117788131267,0.00137513914862639,0.0116329565607733
" 2413",41,1.19506450978533,0.399263599917262,0.00304710228063063,0.0124080768259831
" 2994",34,0.888124196104509,0.276136452645549,0.00272333032546413,0.0128769899137596
" 4420",17,0.531464954148915,0.259314782286537,0.000974089921418922,0.0129323233854307
" 4990",44,1.05657743274642,0.590093031770864,0.00100381194912698,0.0124271498116692
" 5663",17,0.95830137445669,0.394879185716099,0.00208529746399771,0.0128978861547309
" 1304",38,1.05210563889968,0.554662952802297,0.001442509078098,0.0129265969304486
" 1235",34,0.792135912226205,0.421020184262274,0.00145796453250619,0.0131322166812961
" 2330",42,1.09674996565014,0.544675730602111,0.00092455320857215,0.0132461153299083
" 2328",26,0.939071597545996,0.49100283613683,0.00389754856678401,0.0138281400422686
" 3018",58,1.15740638260535,0.592712597305275,0.00206231242923681,0.0126278800326248
" 4337",56,1.0914686408826,0.411153922035255,0.00298686563780896,0.011832946405977
" 3028",13,0.442245232780942,0.111056986133131,0.00342754423529384,0.0126445266067093
" 4472",31,1.08532807275128,0.294607109305024,0.00206350131034513,0.0114560647047847
" 4508",30,0.647703833206747,0.197542036273862,0.00113300369623137,0.0110330761239417
" 5693",40,1.18053062679248,0.494009863202071,0.0068301219673129,0.0138277362918303
" 3933",65,0.966700924867645,0.362418967060334,0.00212730459649177,0.0124962592049561
" 5687",55,1.20618033794313,0.537504081072355,0.00276771522017484,0.0126610830618007
" 2373",60,1.30759694246215,0.630123598616425,0.00135532446348768,0.0126106943855359
" 3994",10,0.745760836945504,0.2134458417455,0.00018982468362883,0.01259323946255
" 1198",22,0.529941374231377,0.262347263375607,0.000538563142070104,0.0118677701962811
" 4749",28,1.12433866450954,0.699835047106714,0.000660621602524549,0.0122807874096629
" 5686",52,1.14599251120824,0.511498909065064,0.000591666498241843,0.0125962137903927
" 4753",63,1.32682545370175,0.706360713343895,0.001356513344596,0.0121094851304118
" 5360",63,1.18157125873035,0.5169289066955,0.000275027829725277,0.0114758213606419
" 5776",33,1.04172589061488,0.191697257786176,0.00399503681766646,0.0119930539627049
" 6743",52,1.11595632657027,0.421545285220186,0.00231594039901228,0.0115529634906539
" 2494",27,0.722505071474351,0.267618416397554,0.00323692696425946,0.013024425566038
" 4092",25,0.534228771609004,0.188672484425171,0.0019228170458603,0.0121782414771807
" 2834",42,1.12670237074742,0.6305384722699,0.000697873210585322,0.0124774548783906
"   56",28,1.24905251091377,0.482866932091113,0.00297299535821186,0.012877574543823
" 4949",46,1.07310885301992,0.441636654907995,0.0025596610262184,0.0129080743827023
" 1717",48,1.42229354226078,0.787663510188968,0.0124218261134565,0.0144527764077782
" 2404",22,0.883263661590105,0.465292610098912,0.00439291569525173,0.0136429197519293
" 3971",20,0.835201278060923,0.307094865701456,0.00260880144536239,0.0131858071846671
"  982",38,1.08173148538199,0.562717060725715,2.02109788414829e-05,0.0101679752051541
" 3178",42,1.07767266932923,0.575517577345698,0.000701836147613064,0.0109730671905824
" 1245",29,0.944027448059124,0.526405410532814,0.00326149717383146,0.0135555851729092
" 5667",58,1.09653096952954,0.394226986158396,0.00855518845548889,0.013394699210372
" 4438",17,0.788765153780322,0.394022509743993,0.00126179914963297,0.0135086506689088
" 4310",53,1.13494521156285,0.568982837750546,0.00317233109070727,0.013199615308685
" 3138",54,1.15213301149191,0.625407748183179,0.000746617336026545,0.0117755822897133
" 2959",52,1.12277775782197,0.553993060285071,0.00290086990430696,0.0119424195611604
" 4382",37,1.16517529602107,0.441980551374503,0.00569791085848709,0.0135101010805453
" 4160",51,1.0321916738326,0.569956426038337,0.000361816150632822,0.0112176155311825
" 2841",34,0.995710605382994,0.510668046048924,0.0039407445803864,0.0131836091300818
" 4248",55,0.804579885693884,0.323799359789204,0.000959427054416277,0.0121855631308248
" 4423",30,1.31238088664579,0.565683635977741,0.00741505147260758,0.0139819771651906
" 2715",57,1.1774094950209,0.626865733665141,0.00721571574011217,0.0137514439159958
" 2519",38,0.756450150135776,0.329321118645762,0.00353890276577338,0.0129304459636361
" 2401",44,1.25111324461103,0.613099486505731,0.0035924024156479,0.0140852484606321
" 4381",52,0.989738692642087,0.19128147155059,0.0007565246785959,0.0114235175853467
" 5417",7,0.121352525883629,0.0505530524437475,3.96293702774175e-07,0.0086073751253312
" 4971",35,0.851221842076663,0.447943133588065,0.00354960269574828,0.0136832857058314
" 4464",41,0.956578143854346,0.48319674034887,0.000445434121918172,0.011803105523204
" 4495",32,0.843409245535753,0.271647568410045,0.00118214411537536,0.0117795082024094
" 5707",33,0.905797442365198,0.416760128994055,0.0026040459209291,0.0131870044443711
" 5751",30,1.12488470775558,0.563831546063734,0.000836179712853509,0.0119585184356966
" 4144",63,1.03175385694123,0.277078464215986,0.00459344030885546,0.0123112819069716
" 5758",26,0.975972739025816,0.494026487310861,0.000772772720409641,0.0122946943420286
" 4745",35,1.15292683731157,0.718444576748362,0.000225491116878505,0.0120787424626132
" 3008",30,0.383443617666857,0.140845625991504,0.000206072725442571,0.0107443766418508
" 1809",57,1.10750455851904,0.57361970655763,0.000463663632245785,0.0110220230594667
" 4577",62,1.06663656453307,0.198798192201769,7.13328664993515e-05,0.00955808007585678
" 3984",48,1.52303062692953,0.867228613093812,0.0147512404983631,0.0145666551422316
" 4759",32,1.14819440737941,0.704009889191149,0.000929705026708214,0.0123000565677537
" 4576",37,1.03170904820063,0.203442830557375,0.000489026429223332,0.0104397688218843
" 4479",17,0.896527290408854,0.458811545358726,0.00149402725945864,0.0134490982890005
" 4432",26,1.04372651441684,0.449702218076311,0.0040465549990271,0.0134049151822673
" 2292",65,1.17932862331605,0.516441493647361,0.00133947271537671,0.0116788546303001
" 1871",48,1.20254621800848,0.652270036370416,0.000660621602524549,0.0123149326414942
" 1727",23,0.584491158592989,0.317144596746038,0.000436319366754366,0.0125983590235078
" 1735",49,1.12267955323754,0.513258355413849,0.0003360570599525,0.0129358585079333
"   51",7,0.247562859354871,0.101163117908431,0,0.0114871667901876
" 2537",23,0.384799006727804,0.169278170274394,0.000567888876075392,0.011740284278727
"  614",13,0.159894621787204,0.0718211111714386,3.96293702774175e-07,0.0099418336883676
" 2310",67,1.05751685334838,0.466528976930351,0.000567492582372618,0.0112833859113707
" 1270",48,1.20783974586906,0.733765372506945,0.00262980501160942,0.0134924758171144
" 1254",44,1.10693330519065,0.65637390180841,0.00230444788163183,0.0131470475801456
" 4350",35,1.16271726754092,0.636079287264389,0.00456292569374185,0.0137480808441396
" 3535",54,1.22115614333308,0.702931874591982,0.000703817616126934,0.0113005005732012
" 2897",48,1.31081421825517,0.715199277010304,0.00498933771792686,0.0143537160917223
" 4168",20,0.821340909426905,0.370232282493657,0.000712139783885192,0.0121417277870555
" 3141",45,1.08665558790107,0.60932456758125,1.54554544081928e-05,0.0110051962379951
" 1298",51,1.20400369133285,0.613169628268552,0.00112547411587866,0.0124982180144788
" 3360",47,1.09747775919593,0.643946607653209,0.00227472585392376,0.0131238604249787
" 2892",23,1.07386760368743,0.444042156143101,0.0020270422896899,0.013203142629903
" 6787",25,0.420325321245042,0.156010742145454,0.00064358097330526,0.0111793790815142
" 8229",27,0.854343701152895,0.302059641447265,0.00373942737937711,0.0129014014102624
" 2403",48,1.12869303209544,0.586418645956619,0.00121424390530007,0.0122505775136132
" 2659",41,1.04970545771241,0.523965188327014,0.00283389626853812,0.0136027827747279
" 2902",34,1.20921354772036,0.561114154094722,0.00403664765645774,0.0129803407089229
" 2553",24,1.05560041233425,0.511813278637325,0.00538800918291768,0.0138246138046518
" 5015",17,1.07606981091658,0.277232096892331,0.000118491817129478,0.01142586936848
" 4314",20,0.661438739275331,0.317473578497418,0.00357813584234802,0.0134250860812659
" 5638",37,1.03745854914998,0.179433283560429,0.00010818818085735,0.0104365662459225
" 5799",52,1.07788007478103,0.193148056428392,0.000483874611087267,0.0100908020308786
" 5827",36,0.78958044752314,0.199110043201934,0.00576131785093095,0.0118748393736058
" 5795",22,0.962909323697474,0.160789740864578,0.00355713227610099,0.0116306336486939
"10470",17,0.970707632038952,0.3545451503357,0.00270153417181155,0.0125500411944976
" 4958",39,0.994290211541915,0.194512330261148,0.0064940649073604,0.0121267288889611
" 5480",54,1.10606155641613,0.346003249134869,0.00221330032999377,0.0130937894228938
" 5940",33,1.00741921990989,0.298874458812967,0.00567175547410399,0.0126441333754565
" 5849",37,1.05035313079309,0.260684177161424,0.000860749922425508,0.011761934179452
" 4554",27,0.788437989153576,0.275641335234196,0.003360570599525,0.0130326136342324
"   52",27,0.863130653678735,0.386501582628877,0.00184950271084707,0.0128244875800227
" 4948",55,0.97810257165569,0.242195447387009,0.00289651067357644,0.0123784314776659
" 5258",49,1.18667989942348,0.537629740336715,0.000708969434262999,0.0122882712553314
" 4601",82,1.0510804802947,0.204476952810955,6.97476916882548e-05,0.00871517869936109
" 5858",36,0.986882419340282,0.189548251706049,0.000742654398998804,0.0112166116114135
" 4426",19,0.722339190060423,0.308775257178826,0.00548034561566406,0.0134475958635134
" 3670",35,1.15575533130711,0.689255656028103,0.00121265873048898,0.0126028610658426
" 2447",38,1.20089321026277,0.621758826956462,0.0033391707395752,0.0133667334594562
" 4456",31,0.738708895032917,0.357309940082695,0.00159111921663831,0.0137633862481177
" 3270",56,1.26185435572547,0.669499878062336,0.000779113419654028,0.0130189499088002
" 2417",64,1.19059397318726,0.533416759921073,0.00109773355668446,0.0117849136100896
"  759",44,1.24653156179304,0.708613496145581,0.00335898542471391,0.0136459053095115
" 4320",48,1.14348692228415,0.243506767019169,0.000833801950636864,0.0108536565644788
" 7871",59,1.13495835197145,0.404866990978508,0.00227631102873486,0.0118385587618796
" 4441",22,0.997326910276461,0.463366356135571,0.00105651901159595,0.0135438554042367
" 2961",35,1.04661095093412,0.535435137620543,0.000140684264484832,0.0113760983166073
" 1848",60,1.07798150287648,0.320728583449863,0.000579381393455844,0.0121083608602681
" 3977",25,0.531368345291883,0.235519005703996,0.000889679362728022,0.0121325640032578
" 2486",37,0.875435089528583,0.437487901854253,0.000152969369270831,0.0107994584671721
" 5459",47,1.04447148171672,0.211743450108222,0.000907908873055635,0.0115413646678043
"  676",30,0.596638666292111,0.279680148397713,0.000458908107812494,0.0112176398242671
"  715",24,0.495496896619723,0.240465462462945,0.000129984334509929,0.0108857444564281
" 2990",45,1.07785792381192,0.370921252118517,0.00305819850430831,0.0125835893057064
" 2423",4,0.289514540894172,0.0955764893213088,0.000464852513354107,0.0122250807470255
" 1318",47,1.12714381289054,0.555393241518321,0.00161648201361586,0.012694647839448
" 4998",52,1.12333272049861,0.53991001853087,0.00133313201613232,0.0123214604879531
" 2427",30,0.894009578651948,0.392062854282471,0.000604347896730617,0.0135579924868602
" 3016",53,0.985369142515808,0.271887807093608,0.00112190747255369,0.0118463735124339
" 4080",48,1.06067271336294,0.358685549555257,0.00444918940104566,0.013102282551382
" 4361",51,1.12588573698284,0.548679457326934,0.000461682163731914,0.0117470342200309
" 4427",28,1.54688419173505,0.6998818573926,0.012692891006154,0.0143941035352369
" 4038",19,0.228127947870729,0.0920098063457786,1.98146851387087e-06,0.00979863966791515
" 4421",18,0.874510112144741,0.38331759627196,0.00490373827812764,0.0137154226516424
" 1211",30,0.799537373752309,0.324443686933538,0.0102984844539925,0.0132510851897825
" 3891",61,1.15128548930708,0.417779108133423,0.00977854711595276,0.0141445721812844
" 4525",35,1.07628175070725,0.323898559621981,0.00204408291890919,0.0116157704959775
" 5033",22,0.976895847582799,0.162836949257084,0.00152057893754451,0.0110188636015078
" 5395",25,1.03908814437928,0.174674857751266,0.000702628735018612,0.010469755210785
" 4221",36,1.34016171816559,0.75602529382131,0.00215108221865822,0.0134813244851883
" 4405",38,1.10896673351928,0.622676606819812,0.000500915240306557,0.0132207177025626
" 5032",27,0.934285003128352,0.1580140691439,0.00150551977683909,0.0114025890332314
"   65",10,0.62183868452833,0.0954291818264988,0.000724424888671192,0.0107832484260286
" 3115",40,1.0790643259332,0.569575299481056,3.92330765746433e-05,0.0108778743370381
" 3123",36,1.08606600259383,0.575330422571643,6.38032861466421e-05,0.0107267788105523
" 5002",66,1.04810484851043,0.278430695390379,0.0015867599859078,0.011713788974575
" 5652",43,1.11778145331868,0.371054532270348,0.00326268605493978,0.0126445571989888
" 3969",17,0.599294963214156,0.177157096085577,6.10292302272229e-05,0.0121909475178262
" 5003",57,1.00365377021323,0.209616144459567,0.00133471719094342,0.011655266885391
" 5654",48,1.10305754245519,0.368847913885904,0.00170287404082063,0.0126697729139791
" 7901",32,1.12345442287031,0.404014715732869,0.00102758957129344,0.0122992940050752
" 3949",34,1.25602798774772,0.504740221851293,0.00453359995973656,0.0135066921155111
" 2849",44,1.11374492494219,0.581607610482015,0.00136047628162374,0.0122534857619648
" 5102",35,1.12289253010644,0.344189470442985,0.000577399924941973,0.0119625581601199
" 5431",43,1.07730559106526,0.318296916271532,0.000117302936021156,0.0114837664659391
" 2816",59,1.38136768548588,0.796450419162738,0.00451180380608398,0.0136889034940177
" 2966",43,1.15702367696861,0.590252157062984,0.00492949736880796,0.0141414992259953
" 5111",31,0.97679880588243,0.247817403401877,0.00201039795417339,0.0116802356456044
" 3260",41,1.03450515142676,0.370280558522109,0.00185623970379423,0.0130484180695807
" 4141",30,0.783283029531346,0.335339584017819,0.00160380061512709,0.0131032499597046
" 4376",9,0.101102053673875,0.0419740198684734,0,0.00843941802306005
" 3047",35,0.915592343371927,0.393166405285132,0.0020761827088339,0.0134646701035813
" 2248",37,1.12875161481518,0.586803066370113,0.00993429054114301,0.0147345575208235
" 4026",21,1.18765627892125,0.404642967007271,0.00755494314968687,0.0134598960181529
" 2068",40,1.07092888531272,0.541666857027453,0.000204487550631474,0.0111588548449
" 2313",44,1.16631835701677,0.465368531473026,0.00838517845699877,0.0143722009162467
" 2157",42,0.687094441908002,0.329526068378057,0.000175954404031734,0.0115997227239213
" 5930",65,1.04039366306376,0.193567150477996,0.000311090556677727,0.0102284589902787
" 5908",30,1.03100125101537,0.18325030580445,0.000120473285643349,0.0105610642494997
" 5907",29,1.03355972073401,0.182151884605581,0.000266309368264245,0.0107598079737177
" 2321",36,1.18426581656431,0.610408963542305,0.00978369893408883,0.014282115682963
" 5621",35,1.03826014411027,0.288104122154743,0.000370534612093853,0.0107305119444558
"   57",30,1.20331255344501,0.47491076634063,0.00105374495567653,0.0128054188644775
" 2216",48,1.05604148701788,0.483234069213001,0.00158398592998838,0.0121593448558497
" 4430",65,1.31020076680965,0.593752641704683,0.00960576306154322,0.0141661181331143
"   32",18,0.773742336052153,0.222338870939241,0.00216574508566087,0.0125830112825176
" 2837",37,1.06748745533606,0.654767685636806,0.000948727124441375,0.0130413466962966
" 3119",46,1.13348056598096,0.655379716573928,0.000833009363231315,0.0116884130003312
" 4213",16,0.991987246260993,0.162897436558066,0.000248872445342182,0.0109353478998189
" 3537",51,1.23276648439721,0.669262855336692,0.00099667866247705,0.0118257933507405
" 1159",38,0.979773891171782,0.436046737050305,0.00164382627910728,0.0116054648450221
" 2767",41,1.06141178610785,0.579948774220052,0.00454945170784753,0.0135315337330877
" 2605",39,1.16566286673322,0.563269940450776,0.0027360117239529,0.0130509855771284
" 3567",47,1.07774893295686,0.567557876302367,0.00067013265139113,0.0114463975357536
" 1309",33,0.98821919597813,0.470338354097089,0.00368236108617763,0.0128008531683467
" 2810",48,1.10702847293422,0.593078710849771,0.00100143418691034,0.0118393473537858
" 3073",41,1.09425456338224,0.576496730139574,0.00271976368213916,0.0129281591221016
" 3043",52,1.52788719656958,0.691759344407593,0.0144135982635995,0.0145873607673985
" 5720",46,1.22651583259981,0.569234112031716,0.0151788414036564,0.0148362237926959
" 2476",17,0.558112018350889,0.287228453312419,0.00278000032496084,0.0132073837870961
" 5617",54,0.996381941267795,0.286982577341682,0.00628957735672893,0.0125325802160573
" 4176",24,1.02471087012317,0.447404488022687,0.00264209011639542,0.0126580757167889
" 2318",42,0.850115490740191,0.395313115212139,0.00941554208421162,0.0134729294911209
" 3236",59,1.0183399536157,0.220481797413126,0.00234645501412589,0.0113953872721409
" 3301",33,0.908883800822159,0.476106074063316,0.000358249507307854,0.0128243260961348
" 4069",45,1.27373265374052,0.676152130259033,0.002139193407575,0.0135761752133814
" 4178",13,0.894503588177963,0.375304969248816,0,0.0119976407291037
" 6655",37,0.929314623984765,0.338117061739877,0.000554811183883845,0.0125954114928707
" 7877",54,1.0505916822307,0.410357994850443,0.000925742089680472,0.0116619708428317
" 4180",33,1.23723264360231,0.694982240825436,0.00322503815317623,0.0135488604687016
" 3757",28,1.06955237777069,0.575277436810001,0.00395421856628072,0.0136875000989163
" 2095",47,1.11927324241013,0.546959161070464,0.000527863212095201,0.0112080610406023
" 2972",19,0.353253056135274,0.157589156431586,0.00022786887909515,0.0122176899095644
" 4175",17,0.956975487679038,0.391446509370692,1.98146851387087e-05,0.012087929472004
" 4172",25,0.964235080108657,0.563470166406335,3.13072025191598e-05,0.0129689928220608
" 2977",48,1.1434035671883,0.580770472231478,0.00249863179599117,0.0123695621384001
" 2787",38,1.1394177983595,0.661939679766755,0.00214434522571106,0.0129493908779036
" 5685",40,1.0402421293822,0.176434650189809,0.000265120487155923,0.0107858094908127
" 5732",44,1.02423359181271,0.188173725398793,5.70662931994812e-05,0.0103960804700971
" 7006",38,1.09534983940272,0.496266694244894,0.003520276961743,0.0136423710982731
" 7872",61,1.13463335689995,0.443049513578259,0.00112547411587866,0.0116081552982209
"  958",33,1.07464964489485,0.565748267979534,0.000476741324437332,0.0115278883047124
" 4652",63,1.02958738683645,0.31084935005731,0.00282517780707709,0.0128020625096393
" 4336",38,1.19821204393047,0.617741557657616,0.00122969935970826,0.0124821584815265
" 3472",59,1.36042958215193,0.654419507771088,0.008274216220222,0.0140643113657841
" 4465",47,1.02106409777174,0.197875349785882,0.00113498516474524,0.0106651996962343
" 2667",41,1.1766236751349,0.603656346258621,0.00915715859000286,0.013182830191269
" 2784",35,1.26347302429843,0.747875323632433,0.00667913406655594,0.0140482987852385
" 4294",22,0.932758280586482,0.51740821451745,0.00606725658947262,0.0141984042815202
" 2944",23,0.29282356730185,0.100043754368261,0.000197750557684313,0.0107385227460788
" 3953",34,0.925833503317217,0.46159572937782,0.00284776654813522,0.0132928916879027
" 4719",71,0.978490318188236,0.195837579505761,0.00184791753603598,0.0112790388671889
" 4449",53,1.20498816425249,0.608985153811286,0.00030474985743334,0.012058854642355
" 4529",38,1.12956685328845,0.574686634086641,0.00123762523376375,0.0123038084827914
" 3309",56,1.07971684296885,0.556667361618261,0.00178411424988933,0.0125277268976913
" 2600",43,1.17525502421586,0.581265443892079,0.0036597723451195,0.0134608477410545
" 4528",31,0.983553984787833,0.489045070033092,0.00263139018642052,0.0124620048747032
" 4451",53,1.19596489641328,0.602164754500047,0.000630503281113712,0.0121184719424044
" 2665",33,0.920996362444827,0.4703799781202,0.00103828950126834,0.0129505907184201
" 2495",42,1.0991708651081,0.566930482910278,0.00133788754056561,0.0131721492228365
" 1314",37,0.975234937360684,0.576491171105569,0.00191449487810204,0.013419424929589
" 3307",41,1.17316872971857,0.690673694411626,0.00273085990581684,0.0134311665583151
" 4311",45,1.0229742740975,0.573749410264998,0.00134185047759336,0.0134537113138722
" 2713",40,1.19942605191211,0.612922647349481,0.000603159015622294,0.0120502321939545
" 3267",26,0.797586662622925,0.306576461524715,0.00437428989122134,0.0135925405002559
" 4722",49,1.00739955856877,0.488145396535859,0.000895623768269635,0.0117932592381656
" 5839",28,0.993261378091182,0.168479463952933,0.00493147883732183,0.0113466744376075
" 2668",28,0.762188784067488,0.351892988027929,0.00416385793504825,0.0133627940754731
" 2203",13,0.329490478837888,0.143311829385795,0.000706591672046354,0.0119136769255114
" 2628",36,1.06204225080042,0.652427354941209,0.00211184914208358,0.013157269375431
"  493",34,1.30292137513783,0.809336732559919,0.00129984334509929,0.0137011725026071
" 5987",53,1.06068646903831,0.203366092095245,2.57590906803214e-05,0.0105059496607814
" 6115",17,1.00244894431521,0.247213126780771,0,0.0115832072202549
" 6022",67,1.051004856652,0.222166888179096,0.000771187545598544,0.010571569569446
" 2353",64,1.28582186815894,0.664272271726167,0.00188199879447456,0.0133891653224307
" 5676",59,1.05947737175932,0.194085978235345,5.54811183883845e-06,0.0100338487077377
" 6098",19,1.00238083441139,0.243060822241864,0.00115915908061446,0.0116012674432544
" 5988",48,1.05195497767792,0.202685123974646,0.00020884678136199,0.0105830110186145
" 6023",62,1.02260720122152,0.213364995915934,0.000525089156175782,0.0104999373910605
" 2396",40,1.08647286010271,0.600013953241199,0.00196759823427378,0.0134128561147686
" 5892",28,0.901860964362228,0.429884609057305,0.00247287270531085,0.0129366911659623
" 4394",57,1.12358349687227,0.569007029485912,0.000313864612597146,0.0116076324104287
" 5675",57,1.05815420100437,0.192480039909894,0,0.0100303580370653
" 6207",29,1.03842365334455,0.274796188626413,0.00158438222369115,0.0119925774835233
" 6052",26,0.882929910676418,0.23164450585766,0.0024613801879304,0.0120745171616274
" 6007",23,0.752668955023344,0.177212148579266,0.00605180113506442,0.0125799715098663
" 2438",39,0.874881931261371,0.250151894165984,0.0079120037758864,0.0136550661574485
" 5673",45,1.04940150941863,0.187315655440218,6.3406992443868e-06,0.00997494664329535
" 6212",23,0.976462264339408,0.256817597189287,0.000193391326953797,0.0117109652106836
"   87",35,0.971702836976719,0.420167379790508,0.000191013564737152,0.0105843223461043
" 6131",39,0.970126034721032,0.245735768621647,0.00198344998238474,0.012489311927375
" 4070",52,1.27453445432341,0.690394052013136,0.000211224543578635,0.0131932737329444
"  978",44,1.09012076972526,0.565712757351931,3.96293702774175e-07,0.0100997063998827
"  985",43,1.09251966066192,0.566022324404058,0,0.0100391614874077
" 2838",42,1.1364286971361,0.649827587243705,0.00182810285089727,0.0131935214840673
" 4365",50,1.12530504925397,0.569635427623572,0.000128795453401607,0.0111533528699567
" 2997",83,1.06221766999376,0.249670618801635,0.000364590206552241,0.0102397638534149
" 1334",35,1.3386639651737,0.706485072471443,0.00943931970637807,0.0142025536851641
" 4807",44,1.05919801785645,0.211384021995173,0.00576607337536424,0.0118126208961274
" 5509",44,1.15113853826482,0.243950394231518,0.00997629767363708,0.0119526442445855
" 4368",46,1.10976559178939,0.564872603390345,4.9933006549546e-05,0.0110125010583599
" 4629",36,1.19260469097885,0.443078821533889,0.00322067892244572,0.0132271340638248
" 5430",42,1.03292523334586,0.295453823163736,1.18888110832252e-05,0.011554007152431
" 5109",53,1.04810485311587,0.2953574345411,1.78332166248379e-05,0.0112188432639399
" 3124",41,1.10205903175712,0.572364147289128,0.000192598739548249,0.0110334733802676
" 1622",44,1.03153277431504,0.320326543323063,0.00183721760606107,0.0126155793763272
" 4631",11,0.631453787579715,0.188255338730036,0.00595352029677643,0.0130796427639429
" 2443",39,1.294978187501,0.760558806694069,0.00863088055271875,0.0142340207396722
" 5803",48,1.03343479189623,0.18227790191368,0.00040342698942411,0.00995917545796986
" 4034",5,0.115161672089901,0.0518301619379933,3.1703496221934e-06,0.0112456873167783
" 3179",49,1.2530929658256,0.715180474616729,0.00798611069830517,0.0142926555285189
" 4056",4,0.0987268525009031,0.00524830516854668,0.000154950837784702,0.0059348358984186
" 4023",2,0.0967092142097458,0.00331586397390163,0.000321394192949856,0.00602303569673902
"  602",29,1.18260428738134,0.757561338952279,0.00271817850732806,0.0133885137102341
" 5101",86,1.07664078050761,0.219122042766023,0.000416108387912884,0.0104860298259923
" 5890",38,0.978175554162772,0.165599196304046,0.0013335283098351,0.0111084052743659
" 4214",10,0.66291421569805,0.100873778470382,0,0.0105524458581103
" 3741",29,1.18310007428221,0.621783056404406,0.00442025996074315,0.0135554831789416
" 2912",40,0.794246132949875,0.377682771822508,0.000608707127461132,0.0125934939968965
" 5103",71,1.06650646757002,0.209865820642245,0.000179917341059475,0.0106946741170456
" 3002",43,1.07984683771361,0.590987365933426,0.00173180348112314,0.0131839745850015
" 5108",63,1.05283581255649,0.207764437838238,0.000246494683125537,0.0110296485289986
" 5414",70,1.04621325647762,0.236312380050102,2.06072725442571e-05,0.00960986668624964
" 5833",35,1.03716647932162,0.174276651886268,0.00222558543477977,0.0114237563763911
" 5855",65,1.07862187508051,0.205431148828629,0.000167632236273476,0.0103341512396337
" 5894",41,0.989255758066802,0.228171116245793,0.00509078890583705,0.0125555448831155
" 2425",53,1.10662075962549,0.511603605129196,0.00577677330533915,0.013295405199765
" 5415",71,1.04044100695166,0.231168582243793,1.06999299749027e-05,0.00964220830092907
" 2143",42,1.12611931642398,0.622928539907772,0.00166839648867928,0.0130813270867112
" 4630",18,0.77109145955283,0.135929666064449,0.0066997413391002,0.0125472458513523
" 4943",48,0.875047038801201,0.157240264922607,0.00157645634963567,0.0112126082686377
" 2606",18,0.64155289884137,0.239811141555154,0.00124991033854975,0.0127024284594556
" 5410",71,1.03776445926215,0.230975946985512,4.3196013602385e-05,0.00955143452325827
" 5413",60,1.02063853711658,0.210886315071438,0.000414919506804561,0.00985908215166279
" 3009",22,0.643923166382716,0.182073857781164,0.00228582207760144,0.012372147313819
" 5082",32,1.1636576052597,0.555867132315954,0.0100527823582725,0.0138171414176281
" 6051",63,0.982907335110872,0.2204800303064,0.000982808382879954,0.0118057820613195
" 4439",23,0.885143988458168,0.276539908014826,0.00542486449727568,0.0133023810596642
" 2785",43,1.18491340217686,0.649629787668358,0.00039391594055753,0.0124081201854155
" 3001",31,0.715173001579276,0.262748736084255,0.00125664733149691,0.0125500861808923
" 2953",40,0.86926932550052,0.391965655960189,0.00179758823578366,0.0125782463874355
" 5920",52,1.00622631987064,0.297372743985189,0.00382344164436524,0.0131576112634035
" 3240",35,1.12125840917636,0.536594319704528,0.00137632802973471,0.0132812408416294
" 1426",18,0.652474456665779,0.386726033097873,0.00476979100658997,0.0138314894771317
" 3139",37,1.086769688343,0.583703013049483,1.86258040303862e-05,0.0106582669652789
" 4295",38,0.916334812038345,0.159517485222277,0.000693513979854806,0.0103343166426954
" 4407",34,1.1841215253018,0.697657393413915,0.00713724958696289,0.0145788026653747
" 1410",45,1.256479113539,0.687936599032654,0.00259017564133201,0.0134259517478118
" 3166",41,1.04433490197969,0.505710215898311,0.0033130153551921,0.0128526515519859
" 2779",41,1.16099498263607,0.637186809521519,0.00315172381816301,0.0136607168658957
" 4558",50,1.16517418217901,0.391986116217259,0.0050055857597406,0.0132835222645885
" 1350",59,1.22954185889143,0.749410199036718,0.00371882010683286,0.0128520885738375
" 4332",47,1.1250542615252,0.553580723106148,0.000791002230737253,0.0117562208852942
" 4389",30,1.04562895703016,0.525073706713723,0.00189150984334114,0.0120758145697483
" 1507",42,1.23335680802959,0.683485459073272,0.00518272904488066,0.0143806356216003
" 4446",62,1.05010025918368,0.220787736515029,0.000255213144586569,0.0104974164060365
" 4419",32,1.20115289893127,0.515441494166671,0.00244949137684717,0.0138277315716745
" 4226",25,1.02551320872962,0.195931934763874,0.00231078858087621,0.0112329211324107
" 4555",33,0.798670852959354,0.284900874242703,0.00166324467054321,0.0129017582286831
"10140",35,1.12052680457559,0.44482117442769,0.00428829415771935,0.0133845393805083
" 3086",39,1.09646792491282,0.301335647146723,0.00387099688869814,0.0126751199713609
" 5418",43,0.974901769768892,0.257001537970513,0.0011385518080702,0.0117580064035224
" 2735",33,1.04727422590835,0.458857455206657,0.0115464133240284,0.0141833528998818
" 3006",33,1.1755135348511,0.659195199932547,0.00567373694261786,0.0141929136160421
" 5490",50,0.953673556597239,0.286704625686638,0.00493544177434957,0.0132454519842946
" 3230",39,1.09690093197425,0.5777871002433,0.000682814049879903,0.0121503346013878
" 5798",32,0.996592241443917,0.179999074915809,0.00214513781311661,0.0115010795743118
" 3841",41,1.08398526987791,0.654033591331694,0.00343507381564655,0.013827322733232
" 2484",43,0.965307338897733,0.524953611757988,0.00274512647911671,0.0136641452009032
" 4552",45,1.17739982656745,0.563774000080194,0.000456134051893075,0.0119840469726133
" 4136",71,1.07186088137907,0.342585707151663,0.000934856844844278,0.0119987718551814
" 5615",42,1.0491890142098,0.192426204846874,0.00125149551336084,0.0108382666590357
" 4153",43,1.17342945881966,0.628253172737538,0.00363401325443918,0.0133578286493495
" 4553",33,1.08357514779814,0.52320084695873,0.0017753957884283,0.0124784007521289
" 1785",30,1.13974169420921,0.69216041431731,0.00551561575521096,0.0136901628135791
" 4595",36,1.1062537531228,0.581030358674033,0.00278237808717748,0.0131740936478464
" 5608",43,0.966011945657012,0.306207208021582,0.0119201182857444,0.0133643689614851
"   34",18,0.920527696623529,0.283655589184939,0.00363322066703363,0.0127309682123077
" 2102",48,1.08694268283732,0.547243898614945,0.000235002165745086,0.0111675513543552
" 2985",17,0.353247098097728,0.155267063208887,0.000121265873048897,0.0118082089261287
" 3648",35,1.07158338603935,0.615031377129412,0.000380045660960434,0.012020387781123
" 5367",57,1.15384568044351,0.504189724675823,0.000385593772799272,0.0114855564406382
" 4754",59,1.24631729675953,0.684350139737711,0.000456134051893075,0.0120341894824412
" 2965",22,1.03136692930112,0.468732816340269,0.0170786734147558,0.0148951397228089
" 4343",44,0.850517344757907,0.357269391516174,0.00398948870582762,0.0132795008056555
" 4533",46,1.15046576050622,0.557226533195763,0.00296903242118412,0.0131888847893881
" 6474",24,0.934186013778557,0.235728850843023,0.00523622869475517,0.0121674460513758
"10138",50,1.20079489745204,0.449597909209395,0.000395897409071401,0.0112998085319573
" 5100",68,1.06428596178062,0.212526066528696,0.000324960836274823,0.0107814800187673
" 2582",50,1.30859013695423,0.654382905321835,0.0120493100328488,0.0148191899937869
" 4356",72,1.10464015622336,0.327900224367014,0.000600781253405649,0.0111260329677188
" 5785",26,1.11446263731923,0.307406757599733,0.00242135452395021,0.0125657565041675
" 7421",33,0.842186372210432,0.268206454594835,0.00484350163530596,0.0131507733472843
" 4355",63,1.00549948371456,0.248306550181809,0.000609499714866681,0.0109061717825136
"  698",38,1.08344775235291,0.553916424253768,0.000164461886651283,0.0119277404410303
" 5412",71,1.03981978650035,0.23135702283065,0.000181502515870572,0.00965640711316329
" 2760",40,1.22517571510812,0.793274878300304,0.00193113921361855,0.0126318640602609
" 3716",82,1.05681288803457,0.223752658679182,0.000538959435772878,0.0100913651592266
" 4467",75,1.03897579392603,0.216154754215249,0.000173972935517863,0.0103506917822726
" 4605",82,1.11666053428649,0.293691092683206,0.000658243840307904,0.0118372481961322
" 4658",33,0.982362185896918,0.445556003555176,0.00140723893855109,0.0123673820633521
" 5830",25,1.09523278312167,0.319824373950678,0.00490056792850545,0.0130356427928141
" 4243",50,1.00479824911622,0.479393681903507,0.00319927906249591,0.0130147505823804
" 4452",66,1.0951975894132,0.448821420218017,0.00108782621411511,0.011423618064158
" 1408",50,1.24159145239161,0.781853282108976,0.000742258105296029,0.0128499879308912
" 4603",83,1.03187421836361,0.267968386048714,0.000536581673556233,0.0116040314329786
" 3190",38,1.08679463658985,0.543260307146009,0.00094357530630531,0.0116313812721422
" 1485",51,1.36383777933016,0.838272239087378,0.00555405624438006,0.0142756774106112
" 2938",54,0.993548542159764,0.212326465897594,0.000382423423177079,0.0101312955589536
" 3234",27,1.11013996611933,0.600293930870647,0.00448168548467314,0.0135711285987191
" 2369",34,1.17445714908137,0.589505029648756,0.00242809151689737,0.0125931210152421
" 4117",38,1.15929622076487,0.688713210261847,0.00377628269373511,0.0142518053072309
" 3479",26,0.865939079907598,0.344919995459393,0.000562340764236554,0.011090385236883
" 4192",7,0.953054997844312,0.13585337453714,0.000518352163228621,0.010919704612936
"  911",35,1.15815328587305,0.50449528380533,0.000118888110832252,0.0105951911755113
" 5104",39,1.10257064143311,0.338703692514281,0.00204725326853139,0.0119845797319273
" 5432",37,1.04170496933033,0.299297575109654,0.000233813284636763,0.0116885829497472
" 2534",53,1.1340854305109,0.615563570162927,0.00238132885997002,0.0133336290009198
" 5112",35,1.03486835521599,0.232038475346442,0.000880564607564216,0.0113570456494121
" 3473",24,0.724787084621846,0.296936180510475,0.000665773420660614,0.0110219566913104
" 3665",35,1.22185200594869,0.732732344869414,0.00105136719345989,0.0126617135973274
" 2435",37,1.09087708788964,0.505741705617635,0.00730052259250585,0.0136929181757457
" 5457",20,0.909338192047991,0.153498166313889,0.00121662166751672,0.0109929878541755
" 3511",24,0.725422488531727,0.309310464705665,0.000835783419150735,0.0111711107622063
" 2603",38,0.794986792541226,0.311667758469519,0.00313706095116037,0.0132625920088448
" 4319",50,1.08223173315826,0.512295281640968,0.00270034529070323,0.0127087724518668
" 5769",49,1.1672022336053,0.612402501941897,5.38959435772878e-05,0.0120153731656368
" 3021",35,1.15280631146925,0.535732481065083,0.000878583139050346,0.0121823688188485
" 5737",47,1.15352985632222,0.604984030160425,0.00022311335466186,0.0121395451940676
" 5625",37,1.01324012998532,0.185958687381198,0.000869072090183765,0.0107277728272171
" 3023",39,1.07921173789374,0.499493869487544,0.000925742089680472,0.0120583679386124
" 5753",35,1.14825672859747,0.584221184900882,9.39216075574794e-05,0.0119183049515194
" 6414",26,1.13138538571477,0.293199573010674,0.00324207878239552,0.0124101469399084
" 5752",35,1.13954815459258,0.567406743755039,0.000327734892194243,0.011945795184507
" 6413",24,1.03662977189876,0.256937915565703,0.00240193613251427,0.0122702588920317
" 2828",25,0.769940980807738,0.359655804066411,0.00523622869475517,0.0135124135612872
" 5714",34,1.09379890827678,0.567352592191664,0.000879772020158668,0.0127400877029542
" 1899",39,1.09567692254171,0.64334125946086,1.98146851387087e-06,0.0111336341719071
" 2984",28,0.517379134573899,0.229422644344762,0.000228661466500699,0.0111931516265308
" 5759",38,1.08712367639116,0.526668915065964,0.000130380628212704,0.0114620020729486
" 4886",52,1.20240194908598,0.488675222592991,0.000253627969775472,0.0118118423387281
" 2993",31,0.73702647460235,0.361653508750628,0.000928912439302666,0.0123816307197519
" 1883",39,1.08275157780195,0.634679290948605,0,0.0111450483530029
" 4888",53,1.12175036154054,0.447810171088917,0.00115757390580336,0.0121736681977433
" 3550",50,1.22326208343913,0.640136679748334,0.000725613769779514,0.0111216283954617
" 1893",40,1.09548479360535,0.638600216335496,0.000684399224691,0.0116496745606908
" 2048",56,1.32202201840924,0.553641875939714,0.00495842680911047,0.0125937129664038
" 4159",57,1.14861801517266,0.570484910304418,0.00076128020302919,0.0124847897958576
" 3081",63,1.0801567792434,0.461867918488169,0.00271817850732806,0.0125226543710203
" 3945",58,1.25214114612681,0.426118601183207,0.0157514858041651,0.0141425976060214
" 3557",56,1.19953774724611,0.630649114326584,6.26144050383196e-05,0.0108684568828238
" 3000",88,1.05271501662964,0.263315242684684,0.000276613004536374,0.0106439142449318
" 5095",39,1.01827291973071,0.482086845692574,0.00564956302674864,0.0135479685980005
" 4303",49,1.09547397303525,0.473454117043154,0.00184435089271101,0.012544830772128
" 4390",43,1.0076049103902,0.243334475751252,0.00524573974362175,0.0126346323921377
" 2375",33,0.750432271127483,0.332466478259697,0.00259770522168472,0.0131106388002639
" 2368",35,1.06910763543854,0.560844742292513,0.00044900076524314,0.0125625488855423
" 2904",64,1.09490393914287,0.353924124494068,0.00133154684132123,0.0126103488023605
" 5179",77,1.04268544059899,0.253019153851999,0.00037211978690495,0.0110515073529848
" 3151",38,1.11034575798558,0.590922770790015,0.000309109088163856,0.0117316197395405
" 5952",44,1.13395610692508,0.311990550177739,0.000304353563730566,0.0107901940088367
" 5770",41,1.02643016846847,0.181666877442503,0.00132916907910458,0.0115129327241971
" 5794",28,1.0610891872547,0.192148362427376,0.000342794052899661,0.0105586026994165
" 5164",51,1.31111563430995,0.759671899313413,0.00535947603631794,0.014071865331155
" 5670",33,1.1738392208911,0.613054096016928,0.000771187545598544,0.0128584314603259
" 5953",24,0.959164383776263,0.266022565116597,0.00032654601108592,0.0107062069872981
" 4654",47,1.18755085916549,0.57034932127267,0.00205914207961461,0.0125646023486733
" 5793",27,1.05860873058507,0.189337781627194,0,0.0104964635930547
" 5668",36,1.17101068730202,0.596766834417124,0.000282953703780761,0.0129818824542022
" 5633",76,1.03659272394922,0.203230651890272,6.49921672549647e-05,0.00924467095381014
"   95",47,1.09596091509032,0.52016998697742,0.00252914641110478,0.0132787019616205
" 3640",32,1.16536320758268,0.664390195168976,0.00160776355215483,0.0122520451622995
" 1457",27,1.2185995117228,0.771709187435943,0.00662127518595091,0.0144702945228064
" 4450",36,0.976346165560228,0.494083466266619,0.000437904541565463,0.0118461287161085
" 5706",28,0.851283047896824,0.392516917906424,0.00304036528768347,0.013640718491616
" 5716",46,1.27511430733855,0.680989624105919,0.00190538012293823,0.0130010380678766
" 4656",40,0.891272042025748,0.436979652002599,0.000564718526453199,0.0121000659522395
" 7131",30,0.827578175501184,0.466950644648844,0.00185029529825262,0.0134022335613081
" 5788",26,1.00798875390146,0.180994578941249,0,0.0103740781529062
" 5850",36,1.06257596434047,0.288012300615816,0.000287709228214051,0.0115715409459481
" 5634",65,1.02886366383657,0.198790325610907,0.000113339998993414,0.0093069772469182
" 4593",37,0.999220104247354,0.461151579968009,0.00105533013048763,0.0123109814896541
" 3003",33,1.26527190745018,0.540951989317749,0.0178451054359211,0.0149595029768755
" 5848",33,1.03916378666358,0.25379968171615,0.00111596306701208,0.0117402669395963
" 5239",54,1.19623079450506,0.534625262402544,0.00159627103477438,0.0122352750837105
" 2533",39,0.80255239043167,0.319776790624062,0.00408261772597955,0.0129091852994828
" 3289",27,0.981908812631336,0.521436761669748,0.00218555977079957,0.0132062515027193
" 2567",58,1.18567571535068,0.58593023719755,0.00348778087811551,0.0131467996298373
"  895",31,1.137411024595,0.657787345735159,0.00584018029778301,0.0139218254905318
" 2595",60,0.972580772315571,0.238191475222106,0.000424430555671141,0.0118946095287874
" 4411",42,0.705132154840773,0.175197253181613,0.00152810851789722,0.0120285049560983
" 4914",59,1.15584367204378,0.487872709969419,0.00195967236021829,0.0127998932357682
" 3042",28,0.954096735427634,0.413300873694993,0.00638191378947531,0.0137095227166712
" 5427",35,1.10258155568288,0.218108364308802,0.0076849274841968,0.0127484240783553
" 4312",98,1.05077150912896,0.247684805064653,7.52958035270932e-06,0.00898589145255475
" 4915",44,1.03792118371624,0.476245220637917,0.000556396358694941,0.0119058027804045
" 4313",97,1.02936081517594,0.246749953426161,2.02109788414829e-05,0.00922346450179594
" 5674",54,1.05041173249118,0.190313216091411,0.000156536012595799,0.0102084049893654
" 5756",35,1.13294591912536,0.568291032921726,0.000404219576829658,0.0117349483927045
" 4988",39,1.126962482691,0.610184867698396,0.000729576706807256,0.0123996585838007
" 4991",36,1.00052170294187,0.541588887472406,0.000399860346099142,0.012168981868952
" 1163",35,1.00731371198186,0.434273408406054,0.000313468318894372,0.0105752003020044
" 3674",25,1.06955413576086,0.665431934582468,0.00133749124686284,0.0127388850787234
" 5475",33,0.98360284992807,0.171839534443593,0.000941990131494213,0.0107166498709627
" 2352",55,1.12905149996601,0.476987518541632,0.00163193746802405,0.0124861662780799
" 5684",37,1.08458876739768,0.187758144740959,0.000660621602524549,0.011060704200914
"  969",44,1.06789428687371,0.566479692168945,0.000150195313351412,0.0111790164702211
" 3659",94,1.04595272144022,0.219564564159085,8.79772020158668e-05,0.0100430265421951
" 5809",33,1.04870382731658,0.534469148896244,0.000963786285146793,0.0122915722253253
" 5683",38,1.08475209639728,0.188549437557107,4.35923073051592e-05,0.010961202403571
" 5699",31,0.985194388069458,0.215603636526981,0.00229533312646802,0.0113289409002217
" 2073",48,1.06437734521681,0.541525532949695,0.000533807617636814,0.0115832535925715
" 5766",30,1.07722167100866,0.287421893647468,0.00443413024034024,0.0120826541684266
"  970",36,1.02579993163771,0.543393866867273,0.000173180348112314,0.0111576175130105
" 4367",47,1.11203650497805,0.564984438594581,0.000656262371794034,0.0113949842656393
" 2071",52,1.07480707113894,0.546305695883762,0.000187843215114959,0.0115922158011697
" 5175",20,0.954810569500124,0.163631052897839,4.04219576829658e-05,0.0105385456592466
" 5704",52,1.06286255814202,0.206508584263929,0.00203457187004261,0.011349855362106
" 4942",43,1.1592198077525,0.598822275406362,0.00392489283227543,0.0136110331501203
" 2573",31,1.0472157329943,0.524072058377223,0.00149640502167528,0.0122250126685858
" 5397",18,0.96784232021838,0.168595433414973,0.00107316334711247,0.0107446907752787
" 3127",43,1.18952327711953,0.670641229216017,0.000833801950636864,0.011879131135759
" 1440",52,1.2897805166699,0.787705989525324,0.0052128473662915,0.013926374936787
" 4978",50,1.09078686273191,0.540451701092068,0.00247564676123027,0.0126255222490585
" 4349",48,1.09605615358122,0.353067422439652,0.00750461384943455,0.0127459364608128
" 5477",26,1.0380045878026,0.345620661730294,0.00738929238192726,0.0127086160209824
" 4649",29,1.0500350600661,0.481578288323516,0.00367285003731105,0.0132986284544083
" 4974",43,1.09310397700167,0.530691180830661,0.0032440602509094,0.012673108890603
" 4330",50,1.16671612354921,0.654592716891815,0.00364154283479189,0.0136576785026698
" 5403",52,1.27638225767322,0.623898296856999,0.00376399758894911,0.013592481286179
" 4599",17,1.18846101643354,0.519100413504454,0.00142427956777038,0.0121206772895629
" 4571",17,1.12770535972303,0.492667385773248,0.00032179048665263,0.0118742113112592
" 5166",31,1.06313342424618,0.297630175861989,0.00130816551285755,0.0110022962464972
" 4415",31,1.28814546867998,0.666321584881641,0.00812679496279,0.0144410166897642
" 5458",60,1.01818590672284,0.222370070803521,0.00361974668113931,0.0115876995349836
" 4492",44,1.18079826770565,0.548838023100556,0.00202981634560932,0.0133542411807616
" 4987",57,1.07585455133859,0.260252079278972,0.00614374127410803,0.0126512403415905
" 3142",37,1.10047659601745,0.588328838637965,0.00131569509321026,0.0119379069728516
" 5846",36,0.994275598660401,0.179457701221435,0.00343943304637706,0.0119271494701849
" 4137",51,1.33709438049737,0.674069481051675,0.00512169981465344,0.0133749297475619
" 3146",40,1.06882783712567,0.584071733727154,0.00455975534411966,0.0134908536577606
" 5001",36,1.06098438359681,0.502070133486454,0.00239757690178376,0.012512984670087
" 1863",61,1.32328987790621,0.631362390532877,0.00517757722674459,0.01260972258693
" 2943",39,0.983792098537973,0.211448905113715,0.000884527544591958,0.0107867719409983
" 6645",45,1.11891706500525,0.374069776629735,0.00543596072095336,0.0130563208888992
" 4726",53,1.08255867941732,0.207456432436909,0.00223747424586299,0.0119578002968628
" 5425",37,1.00150159877327,0.512652029589865,0.00400375527912749,0.0125206315651973
" 5859",21,0.91716920007185,0.161437994280627,0.005426053378384,0.0123944852605422
"  658",27,0.953911316323439,0.37492132047021,0.00180908075316411,0.0123622503811174
" 7002",39,1.13108228113927,0.513079308085556,0.00253310934813253,0.0133244951781238
" 5486",28,0.858605634599165,0.384602891370114,0.00275463752798329,0.0130487094086201
" 5011",34,0.973394975084499,0.188302240703055,0.0035293917169068,0.0121991973294384
" 5825",52,1.2354032224617,0.689417909806735,0.000622181113355454,0.0125327370720228
" 2480",38,1.05269225109644,0.548881142373548,0.00175637369069514,0.0122179430436787
" 4335",50,1.18978092865871,0.601844943812965,0.00025917608161431,0.0121909447454703
" 5801",43,1.23001556533569,0.682748976386991,0.000603951603027842,0.0126130094447878
"  979",46,1.11179675101789,0.57413747714133,3.96293702774175e-07,0.010180907128787
"  668",33,1.00580527345965,0.391115552784475,0.00300192479851437,0.0124467388197389
" 5411",27,1.03204951057086,0.459615875274625,3.96293702774175e-06,0.0124923968300543
" 1129",21,0.614521710056107,0.266701068388481,0.000424034261968367,0.0112661406164886
" 3187",35,1.06375706132456,0.572396417313468,4.47811884134818e-05,0.0109709287591249
" 5378",69,1.10683356292647,0.449735421767878,0.000971315865499502,0.0120559856121936
" 5099",40,1.04624788233344,0.213764214183039,0.0011983921571891,0.0110731988530035
" 3128",40,1.04941972347353,0.523000871954494,0.00162876711840186,0.0123072094061368
" 4513",35,1.18715217355613,0.393828868053839,0.000473174681112365,0.0120959967223835
" 4460",46,1.22919040919123,0.597281058985973,0.000682814049879903,0.0120201981624132
" 4735",34,0.822089088874846,0.383740561358866,0.000448208177837592,0.0119052496918999
" 5438",50,1.25045648975517,0.586711571202206,0.000968145515877309,0.0123637775895265
" 4638",43,1.06221993328064,0.493701716270446,0.00206310501664235,0.0127810089471048
" 4511",37,1.18563311678794,0.392102289128324,9.5110488665802e-05,0.0121130872138052
" 4770",19,0.957681923826234,0.419859610139408,0.000277009298239148,0.0118374943553329
" 5437",47,1.01508695054797,0.485696329010407,8.44105586908992e-05,0.0116747742470765
" 5153",39,1.09421947881224,0.445892799187942,0.000146628670026445,0.010392397516578
" 1877",39,1.07148188215701,0.611423415707749,2.37776221664505e-05,0.0111372477759865
" 2974",19,0.333907641588571,0.153250595514146,0.000176746991437282,0.0113146699821117
" 4512",35,1.0595078802422,0.360233822789458,0.000668151182877259,0.0119017760675527
" 4334",38,1.12917323732027,0.386584032918091,0.00805902873961562,0.0141041645610663
" 4523",63,1.05509465678839,0.207646740960816,0.000190617271034378,0.0103131678093815
" 4470",45,1.05080158499352,0.210266472903099,0.00116232943023665,0.0104895846313282
" 4572",13,0.951390291386443,0.429553905674668,7.64846846354157e-05,0.0117781758100558
" 5470",51,1.18730692422914,0.668109416743932,0.000728387825698933,0.0122964232754907
" 4917",41,1.10899278336913,0.314166632991334,0.00291236242168741,0.0118386929268427
" 5158",32,1.02348075399356,0.413483861562423,0.000193391326953797,0.0105817555622331
" 4732",56,1.22661274635311,0.490299105309636,0.00237419557332008,0.0122654871578187
" 1881",37,1.07540613085266,0.616615267975414,0,0.0111591520211528
" 4331",46,0.984829306931296,0.278294031619275,0.000339227409574694,0.0134829821592844
" 4520",50,1.14631510086771,0.244968693541175,0.0012352474715471,0.0112530915255469
" 4453",38,1.09476741381534,0.218137299295753,0.00198701662570971,0.0111669593513223
" 5471",49,1.20598199515177,0.661637047138815,0.000636447686655325,0.0122852325085459
" 4733",50,1.11218023982024,0.431986553873697,0.00303006165141134,0.0123410174890086
" 4548",95,1.06918688733158,0.269225863923119,5.58774120911586e-05,0.00934470418954811
" 1888",42,1.07781647723128,0.617746455839906,4.081825138574e-05,0.0112578435120411
" 5396",36,0.720540001616355,0.339829244912139,0.00154633802822483,0.0127687397894986
" 5096",41,0.759787831509995,0.316089274983883,0.00239361396475602,0.013039208150778
" 4734",51,0.878958595448917,0.309039023726375,0.00226085557432667,0.011705930415814
" 5678",43,1.0484300526983,0.185096868441525,9.86771319907695e-05,0.0106216421905142
" 4740",41,1.08591381353483,0.613577132054564,0.00136325033754316,0.0122135087152417
" 5677",46,1.05712196237485,0.187616493262055,3.96293702774175e-07,0.0100049989804736
" 4972",70,1.11901212196229,0.517255086174523,0.00039391594055753,0.0116017102848422
" 4976",70,1.07687314810027,0.487193721883273,0.000768413489679125,0.0114300905825356
" 5442",29,1.11046982368106,0.40255042140881,0.000482289436276171,0.0110925887436773
" 5444",21,1.02949893101146,0.366348905274421,0,0.0107348494100213
" 5006",32,1.15096244828441,0.384307053889126,0.00316004598592127,0.0117010584426878
" 5035",39,1.07593022521113,0.595835282948457,0.00115955537431724,0.0126794219436539
" 8447",37,0.943030282782268,0.310331795489462,0.00132837649169903,0.0119424134080973
" 5005",29,0.967186573507517,0.316557743088195,0.000378460486149337,0.0113633561613741
" 8453",32,0.866691162798603,0.289773724574337,0.000678454819149387,0.0118009743176147
" 5919",7,0.203063880052551,0.0360876395406516,0.000363005031741144,0.0117862824321358
" 5616",51,1.11049221682612,0.256834727274974,0.00334907808214455,0.0123880930490034
" 5014",16,1.01011755934822,0.264792856741841,0,0.0112759321077773
" 4956",65,1.10313813149965,0.556188103989772,0.00159230809774663,0.0126686277865148
" 5804",48,1.01902614363075,0.17836605354835,0.000397878877585271,0.00989471192278936
" 5178",63,1.00856881004105,0.205750000877694,0.00138306502268187,0.0115582259686666
" 4551",51,0.982119391776258,0.221982913351606,0.00500201911641563,0.0123794170379451
" 5647",38,1.13416593217634,0.330670462978218,0.00168305935568192,0.0108344517039476
" 5646",30,1.06716693555094,0.306026694293157,0.000418882443832303,0.0106059809707167
"  879",35,1.08349748920731,0.471808967232015,0,0.0101282635299543
" 3130",50,1.11598694942301,0.5884912556298,0.000898397824189054,0.0114477105417723
" 4730",34,1.25863917550168,0.645413151578403,0.00537057225999562,0.0146020408480351
" 5696",75,1.09677563053155,0.356502445902616,0.00147262739950883,0.0119615014645575
" 5453",58,1.10613233902205,0.365612959782457,5.70662931994812e-05,0.0108112634251425
" 3155",39,1.05829446000056,0.588144311633558,0.000227472585392376,0.0107502871895708
" 5775",41,0.962791960267829,0.180078865506669,0.0035539619264788,0.0120548792815705
" 5454",56,1.08801199275911,0.343994442473648,3.96293702774175e-07,0.0106674874101625
" 4047",56,1.26721850057629,0.659624865941648,0.0039038892660284,0.0131089752340572
" 4122",39,1.29301430483604,0.735227057922942,0.00268726759851168,0.0136820373101221
" 1155",46,0.923938923666704,0.472558812592549,0.00110684831184827,0.0123654667495145
" 5451",47,1.06437333876526,0.340841185411793,0.000360627269524499,0.011021598791908
" 1852",45,1.08419005600936,0.568007276128952,0.00127091390479678,0.0122558488449299
" 1878",47,1.04058690568818,0.541824996194623,0.00139455754006232,0.0121708393991523
" 5671",49,1.04986888448315,0.330484158053339,0.00646473917335511,0.0133103046605599
" 4469",53,1.02040690280411,0.398804740927391,0.00604189379249507,0.0106452938623366
" 4755",43,1.09950360375985,0.613135871892668,0.00050408558992875,0.0120496227303133
" 5757",46,1.07651722777191,0.537282472618029,9.86771319907695e-05,0.0119938578130163
"  713",35,1.12293860399827,0.559395236273521,0.00242412857986963,0.0121000347563562
" 5629",54,1.17762996586967,0.67227356673825,0.000305146151136115,0.012375512176713
" 5836",49,1.04751649681643,0.516416717773636,0.0036752277995277,0.0138642636272825
" 3602",34,0.895695133767506,0.406839169063025,0.00178966236172817,0.012311600996504
" 2981",29,1.04616438113894,0.539439030799115,0.000498933771792686,0.0111993407203225
"  702",39,1.08930926499039,0.55265641513234,0.00018229510327612,0.0109842885481125
" 4473",51,1.2529133842686,0.34556762410553,0.000622973700761003,0.0111562617305649
" 5093",27,1.17966050358298,0.499331283314661,0.00215742291790261,0.0130901820179063
" 4651",25,1.02800046838315,0.173325938636871,0.000756128384893126,0.0107985209585041
" 5460",62,1.05804329038976,0.204747494253971,0.000730369294212804,0.0107844398263148
" 5911",31,1.19936863375553,0.501803446101418,0.00425659066149741,0.0132782291571993
" 3592",34,1.02192440227113,0.503459005524867,0.000897605236783506,0.012919359218916
" 3108",48,1.40191864524316,0.822502067484356,0.00403823283126884,0.0137111911137018
" 4447",53,1.04452951413183,0.208263045006332,0.000208054193956442,0.0107422772214932
" 5094",16,1.10733781455641,0.460547197871723,0.00352622136728461,0.0132855391916598
" 5762",19,0.942238431785989,0.252530517566922,0.000601970134513972,0.0109356218595003
" 3621",25,1.03224670187688,0.4696964087942,0.00192717627659081,0.0131527391251735
" 5429",37,1.09838219791458,0.530721275316999,0.00227829249724873,0.0129207604793708
" 5105",47,1.15872896087984,0.517008313885369,0.00159825250328825,0.0124166291842202
" 8941",50,1.02108618822286,0.211727956760241,0.002040912569287,0.0114397734376399
" 3573",38,1.18374395746326,0.565315037327273,0.0019687871153821,0.0129047718146238
" 5740",55,1.08298519530359,0.396716038724533,2.06072725442571e-05,0.0108521950311901
" 5394",37,0.970237339258737,0.394273356827284,0.00204329033150365,0.0128144645627292
" 5121",25,0.767979881881168,0.30283939174525,0.00224183347659351,0.0128165121306956
" 8942",46,1.02291044535359,0.211970159273605,2.21924473553538e-05,0.0112468769134218
"  909",39,1.19714927717101,0.514109427787049,0.000308316500758308,0.0109227337998613
" 5729",43,1.03822756839479,0.387645578154835,0.000730369294212804,0.0113948793707182
" 4388",29,0.861701217876337,0.361453069360713,0.00139812418338729,0.0121547645256387
" 5449",57,1.06411615010111,0.200448444385549,1.18888110832252e-06,0.00925645481249117
" 3134",51,1.06514622408535,0.592055213619682,0,0.0105928817724972
" 4594",73,0.874563792712333,0.193111148933922,0.00046604139446243,0.0106875138084466
" 5727",50,1.05394126716389,0.397939873639531,0.00049457454106217,0.0111786672401369
" 5452",55,1.04895756384067,0.196832368300573,2.37776221664505e-06,0.00954074281211715
" 3617",39,1.13537932940065,0.524639096707658,0.00211937872243629,0.0131722736466465
"  457",27,1.17559948455733,0.784973816355858,0.000414126919399013,0.0133225154937832
" 5445",31,1.06766770382508,0.540743626399838,0.00353969535317893,0.0130191578627516
" 5792",29,1.04239213653643,0.193071437211867,0.00256243508213781,0.0111124982803533
" 5004",49,1.00783443950021,0.305196585894972,0.00481417590130068,0.012999137877351
" 5483",44,1.14202034715424,0.538938959846288,0.0010941669133595,0.0122778462580668
" 4590",43,1.03261234204467,0.363896455102981,0,0.00819082171704557
" 3618",24,1.07248937786864,0.499611988370334,0.00441867478593205,0.0134456844593286
" 4108",38,1.46292291230979,0.844185593487223,0.00446741891137327,0.0139883748404437
" 4589",43,1.02689489434404,0.360436919615018,0,0.00826448177611899
" 3782",73,1.11113970545082,0.37614687677095,0.000288501815619599,0.0115015032939662
" 4591",43,1.03239110811563,0.364219838795699,0,0.00818972606772318
" 4324",53,1.11609701558745,0.389100888404464,0.00495565275319106,0.0135730798331999
" 5066",80,1.06801620644243,0.263251249493494,0.000273838948616955,0.0106621332408306
" 4746",56,1.21788132756589,0.731117749233395,0.00139693530227897,0.0126688250608695
" 3783",70,1.10921633013002,0.375103340527904,5.54811183883845e-06,0.0114204170201536
" 4588",38,0.998898739079822,0.343205962344816,0.000325753423680372,0.00880233451513538
" 5065",77,1.0634765414381,0.264557914800723,1.8229510327612e-05,0.0105681551703945
" 2661",44,0.912327426506145,0.423567671479567,0.00113736292696188,0.0117551609057013
" 5416",68,1.03299935128317,0.212194256256776,0.000194183914359346,0.00936354680251242
" 3781",63,1.11178607846488,0.380878427145575,0.000311883144083276,0.0114269551568575
" 5064",65,0.893090293267802,0.214633057795003,0.00140763523225387,0.0112681719255989
" 9464",30,1.07309028713767,0.448807382027239,0.00886905306808603,0.0139294484573176
" 3774",63,1.09334514765088,0.360177691004504,0.000384801185393724,0.0116735756432226
" 6649",35,1.20754660035756,0.448459333774707,0.00346756989927403,0.0131562114739413
" 5802",48,1.03881584480603,0.179487075423458,3.28923773302565e-05,0.00975726754026006
" 5909",28,1.00947127469077,0.173833544876167,0.000672114119905,0.0110054414556142
" 6648",33,0.972798113331365,0.368196891441709,0.000722839713860095,0.0126991948557016
"  806",26,1.08780633166128,0.60105446510726,0.0112234339562674,0.0140329483911405
" 6644",41,1.14546738883903,0.445785683329711,0.00151780488162509,0.0130169832185886
" 5407",19,0.987553516261028,0.441780252962521,0.00110367796222608,0.0127124135913526
" 7003",39,1.32026459347184,0.632443067707562,0.00482685729978945,0.0135324233748332
" 4963",52,1.22876033348266,0.69724806125117,0.000777131951140157,0.0125553157730631
" 5782",30,1.07902085273303,0.282960082727438,0.00012245475415722,0.0105195622938022
" 4604",68,1.06863373384727,0.303910456473519,0.00149640502167528,0.0114372807351861
" 5408",25,1.13483060783817,0.497063068198963,0.000491800485142751,0.0125768058632216
" 5780",30,1.06368360922431,0.276465132362678,5.94440554161262e-05,0.0105061882117922
" 7001",31,1.10247669080352,0.550293505960609,0.00192004298994088,0.0133513352361716
" 5106",47,1.02505041257272,0.5065242239924,0.00186535445895804,0.0125308453955378
" 5669",42,1.21829545225641,0.528890293952606,0.0027114415143809,0.0128830196163091
" 4448",43,1.2467922172975,0.619012235746652,0.00351235108768751,0.0124252161532366
" 5807",40,1.29147398956138,0.688365766096055,0.00369623136577473,0.0138586325952264
" 5734",30,1.145996883968,0.312351912700068,0.00305383927357779,0.0115107705099869
" 5726",38,1.36063711941075,0.690395376925488,0.0159282327956024,0.0150092676250656
" 4463",46,1.02625137613417,0.531215068888414,0.00034556810881908,0.0116614491925425
" 4670",48,1.1479452947324,0.612165599769731,4.20071324940625e-05,0.0116840946522359
" 4539",48,1.27162231860939,0.62747839773768,0.0004204676186434,0.0119528275346878
" 4641",51,1.22817177215744,0.593393488500627,0.000743843280107126,0.0123841652255359
" 4484",53,1.1734178212462,0.613030993208578,0.000605140484136165,0.0118988325190293
" 8816",38,0.811871757263948,0.24491867670621,0.00356228409423706,0.011905552377362
" 3032",46,1.21810214603624,0.645984082280889,0.00124277705189981,0.0130470406341551
" 5399",49,1.0470531797523,0.49912503910362,0.000469211744084623,0.0125202857855699
" 4538",47,1.17608691136064,0.574656508867721,0.000460889576326365,0.0120130608376836
" 4640",19,0.232639678482537,0.0780786337514633,6.73699294716097e-06,0.0113644176524089
" 4672",44,1.15286131436703,0.612604528305653,0.000739087755673836,0.012160015727336
" 3033",47,1.26444942312608,0.66735759793047,0.00142269439295929,0.0131872725729478
" 5853",21,0.747359733291924,0.173078918918908,0.00528933205092691,0.0125315255206435
" 5420",27,1.102539989734,0.397007670609564,0.00212334165946403,0.0112641301494437
" 4445",44,1.07839685183957,0.214648475662159,0.000124039928968317,0.0105577442082606
" 4671",48,1.09079308300548,0.581859859133964,0.000368156849877208,0.0120150751127183
" 4517",40,1.05895060635203,0.455698869243026,0.00459621436477488,0.0133014004694795
" 4579",32,0.934649630786997,0.413788042880988,0.00304432822471121,0.013235447182012
" 4557",27,0.899609609901981,0.3665604509162,0.00272253773805858,0.0128349968135361
" 5024",43,1.01431161210574,0.348018249415684,0.00193906508767404,0.00869507862497094
" 4556",21,0.846491227508595,0.359859170792353,0.00194857613654062,0.0127875325926454
" 5023",39,1.00187087726991,0.340348692915364,0,0.00809035668466235
" 2334",36,1.09508962433219,0.548888504105597,0.00391260772748943,0.0131221735385645
" 3837",84,1.12898310179767,0.344974596615611,6.73699294716097e-06,0.0100128604169328
" 5022",39,0.996485471154982,0.33925909776439,1.38702795970961e-05,0.0081116305729537
" 5736",42,1.15130720455622,0.610982992383124,6.38032861466421e-05,0.0119983668422825
" 1216",43,1.22897270137224,0.527305839844745,0.00682179979955465,0.013234484067525
" 3836",87,1.12622547619514,0.344567438467491,9.90734256935437e-06,0.00998229637091689
" 5672",57,1.05418459337993,0.190206709966462,0.000227076291689602,0.0104524592122844
" 4879",43,1.1793376475725,0.620792641832294,0.00413017297031245,0.0137399746662495
" 5632",29,1.09137671058436,0.402347584409585,0.000340416290683016,0.0108854265982515
" 5750",37,1.21498897114064,0.587543073677385,0.00316440521665179,0.012965939137813
" 3840",79,1.05300141580568,0.309854205931254,0.000208450487659216,0.0104635875506958
" 5637",15,1.03716180681718,0.359495658571837,0.000109773355668446,0.0109017118395928
" 5749",42,1.17737892969598,0.586247566915581,0.00136007998792097,0.0123123176072464
" 3838",88,1.0420727724416,0.30603976695297,4.9933006549546e-05,0.010184679082078
" 1891",43,1.05812237304019,0.592233787581821,0.00083063160101467,0.0119536073047803
" 4924",32,0.938083958493046,0.492535925311602,0.00812124685095116,0.0145208246327908
" 4986",33,1.02574484586672,0.394737173534528,0.00167552977532921,0.0109852656120027
" 5984",31,1.01080671717122,0.194526440748856,0.000557981533506038,0.0109075956973205
" 4739",39,1.13235946603773,0.686599673997468,0.000592855379350166,0.0123538299036826
" 2971",20,0.4177421387193,0.175148341762841,0.000293653633755664,0.0121600698571843
" 3905",68,0.802421457374099,0.222430390991536,0.00107197446600414,0.0116927335631862
" 4904",52,1.02800741406339,0.228251945586884,0.000173972935517863,0.0104918650189154
" 5016",23,1.10899373052303,0.288602945610041,0.00172467019447321,0.0113862857172966
" 5636",52,1.05168665279291,0.182924191387807,1.5851748110967e-06,0.0101697205622895
" 9063",67,1.01627260509208,0.207362867309342,0.000508444820659266,0.0109842799914421
" 4907",31,0.991727361273468,0.196257524196483,0.00171159250228166,0.0114186891857284
" 4364",41,1.07176816693101,0.545791828597953,0.000313864612597146,0.0114494463468382
" 8480",60,1.0469266988028,0.37946810580216,0.000142269439295929,0.0106509610134212
" 5635",44,1.05168928579049,0.182228400662564,2.61553843830955e-05,0.0104642045308819
" 9066",61,1.00948087081039,0.211721663497919,0.00101609705391298,0.0111985965820887
" 4866",86,1.05432830300685,0.255762522494223,6.73699294716097e-06,0.00861102741144123
" 5733",32,0.986899105206182,0.179906199202397,0.00262782354309555,0.0113929026407938
" 7503",36,1.35276776551703,0.667558042674005,0.00475156149626236,0.0141249895289461
" 7234",32,1.21517258343851,0.538413113667601,0.00157685264333844,0.012932952095974
" 3133",50,1.06006069930043,0.588185616990005,8.32216775825767e-06,0.0105352046610996
" 4861",72,1.0597414044743,0.249112058724762,0.000126813984887736,0.00969104251912827
" 5567",83,1.0275332298517,0.207535705121685,3.1703496221934e-06,0.00727699493108216
" 8476",62,1.04681173220693,0.381028792733603,2.61553843830955e-05,0.0103679771903799
" 1879",48,1.161286134175,0.62699455538224,0.000315449787408243,0.0115939775371938
" 7509",22,0.821968770244917,0.458408971518861,0.000872242439805959,0.0138275566327277
" 7266",37,1.17102067796953,0.531303865132843,0.00115519614358672,0.0127331683952194
" 4870",27,0.929143512216216,0.221872240917552,0.00260206445241523,0.0127522608582756
" 4767",57,0.772159191132152,0.153439609127298,0.00155664166449696,0.011492264540603
" 4786",17,0.742164191005899,0.137864474249277,0.00594400924790985,0.0122803744425822
"  645",28,0.956775164188009,0.403153589038055,0.00222479284737422,0.0111784993928846
" 5556",87,1.02734110424598,0.208874271776487,7.52958035270932e-06,0.00748224974312708
" 4842",94,1.0436867803283,0.230657505149088,2.37776221664505e-06,0.0074230666113133
" 5424",19,0.966201931106236,0.149154240433736,0.00870696894365139,0.013258180705243
" 5760",40,1.10365945675089,0.357025813410044,0.00658640134010679,0.0124417449283062
" 9717",42,1.13061750373773,0.516098065788475,0.00527308400911317,0.0129325066519505
" 4768",48,0.7978240628364,0.220393924511399,0.00139455754006232,0.012673555543759
" 4787",31,0.862261277022138,0.159868511265722,0.0042736312907167,0.012384181443065
" 4845",91,1.04433696952931,0.230201424996868,5.15181813606427e-06,0.00747123141992005
" 5501",44,1.02058921635664,0.367315430930921,6.73699294716097e-06,0.00795242154882977
" 4510",48,1.09374557694552,0.360729411629565,0.00148808285391703,0.0119693302841756
" 4674",63,1.1856038829718,0.459804198503357,0.00240589906954202,0.0123178800712666
" 9755",22,0.9099412992045,0.396889071706556,0.000975675096230018,0.0126310981392438
"  990",38,1.11293094902794,0.586051746289961,0.000136325033754316,0.0108606127195628
" 4841",95,1.04325719953595,0.230162424108507,6.73699294716097e-06,0.00736246158041778
" 4867",10,0.265181212858918,0.0878461762619323,0.00017753957884283,0.0111386187404168
" 5492",35,0.980163607380366,0.339816930695639,1.94183914359346e-05,0.00820186631722919
" 4500",41,0.883867619117886,0.19107488756472,0.00336849647358049,0.0124009947243171
" 4849",87,1.03828952672783,0.228990670609335,3.48738458441274e-05,0.00755128348547709
" 4276",75,1.10121974529567,0.327818044150687,3.1703496221934e-05,0.0100383009557315
" 5491",36,0.989610209665215,0.352430120202071,0.0014623237632367,0.0093180864202127
" 4782",70,1.02093419373227,0.217282218810969,0.00177975501915882,0.00981102857627857
" 4275",73,1.10095340461775,0.326227868525361,8.32216775825767e-06,0.0100163120357069
" 5789",30,1.03185897596113,0.190308406422169,0.00112309635366201,0.0107502542050344
" 4281",31,0.965101473244948,0.183314796861441,0.00319610871287372,0.0121771152770885
" 4274",74,1.10484889796848,0.329031779928125,5.07255939550944e-05,0.0101340688058471
" 6130",36,1.18164561944668,0.37489585551487,0.000270272305291987,0.011833673263359
" 4306",5,0.705378596961785,0.0844695215132053,0.000248476151639408,0.0116609773272825
" 4271",65,0.93668785153911,0.269230657370584,0.0010204562846435,0.0109522291171269
" 4507",47,1.23803210304585,0.441122279942096,0.000964578872552341,0.0120011759126062
" 5433",27,0.976207514499386,0.511511754501554,0.00145281271437012,0.012831756618018
" 6129",35,1.1727547424153,0.368123310956159,0.000445434121918172,0.0117977592571181
" 4307",10,0.733304304064956,0.0877553729026889,0,0.0116356127222941
" 4501",33,0.782033835472144,0.28657353185415,0.000938423488169246,0.0122258756841411
" 5680",32,1.05281374381402,0.183319396838448,0.00172348131336489,0.0112278132582019
" 1964",58,1.14838824378304,0.599917942654493,0.0018245362075723,0.0121927001741109
" 5876",36,1.08682232730981,0.274469595940221,3.44775521413532e-05,0.0107218048827259
" 5875",36,1.10064044933553,0.279102660879574,0.000951897474063568,0.0108547190107387
" 5628",50,1.17535014827256,0.668453504525517,0.000721650832751772,0.0123775686260831
" 5873",15,0.952808061924106,0.236661664216887,0.000473967268517913,0.0106980120909263
" 1840",47,1.16516354216213,0.604058667029632,0.00204764956223416,0.0125226399067335
" 4635",28,1.05834276248877,0.17809060493883,0.000685588105799322,0.0104007239591967
" 5761",53,1.10970269448759,0.541390019648991,0.00137632802973471,0.0120509035812924
" 5857",16,0.654986677560792,0.305121307358118,0.000821516845850864,0.0123840079640494
" 1889",41,1.15478051258563,0.639980158894838,0.000395897409071401,0.0117254978101031
" 5630",34,1.02434798235897,0.182349121524826,0.00132718761059071,0.0107197740934032
" 4633",23,1.04287533773449,0.179067383716066,0.00249308368415233,0.0107558518093388
" 4999",61,0.98190216106993,0.19327303699356,0.00127289537331065,0.0104457021560877
" 4868",62,1.0109421341459,0.198134047210421,0.00208529746399771,0.0103859161769516
" 1628",43,1.09903602320741,0.536581814965751,0.00386108954612879,0.0134590656433737
" 4645",24,1.03082678721871,0.181366909317769,0.000999849012099243,0.0108964523573062
" 4996",90,1.05080881520089,0.248124027161257,0.000206469019145345,0.00979491968892711
" 5746",63,1.05762621027137,0.391738239774691,0.000103828950126834,0.00800978231604031
"10107",38,1.17252814460149,0.452033878853466,0.00227472585392376,0.0129068755674607
"  655",31,0.667900081897891,0.306966069730269,0.00136166516273206,0.0123956065292965
" 5221",68,0.927166105254071,0.176136226029718,0.00480823149575906,0.0123943310531746
" 4862",79,1.05755626162286,0.256366060483493,0.000272253773805858,0.00956193479102826
" 4995",70,0.986200998403195,0.242562209272497,0.00101807852242685,0.0115789330127377
" 4542",34,1.01837868655666,0.244684156743414,0.0152485890953447,0.0138011961664295
" 5744",58,1.05317149890793,0.390550425119744,3.56664332496757e-06,0.00798604130299888
" 4863",73,1.06739359282598,0.261948872776972,0.0012721027859051,0.0100052363325544
" 4370",53,1.17452899096267,0.438204257222833,0.000998263837288146,0.0116656542533819
" 5745",59,1.05596110623069,0.393611277134754,0,0.00799690530398377
" 5085",42,1.05111567808219,0.203570394140451,0.000517559575823072,0.0113931730265471
" 5086",30,1.03187049653558,0.204736426569614,0.00123762523376375,0.0115050766798603
"  996",40,1.11036651041234,0.573681143436511,6.93513979854806e-05,0.0102022632063115
" 4858",72,1.06868740359774,0.26770706892108,0.00241897676173356,0.0105151412515686
" 4372",48,1.0062259937044,0.377246352354337,0.000471985800004042,0.0115292089742186
" 5741",48,1.03390759019111,0.385638315434022,0.00106682264786808,0.00894392902639384
" 8469",56,1.13957662638603,0.44351087911771,0.00186416557784972,0.0120679510539142
" 4371",53,0.94909965910627,0.330357525701395,0.000559566708317135,0.0115014766455152
" 5426",46,1.24565872767943,0.687223470823618,0.00601296435219255,0.0142364521595554
" 4738",51,1.19402453841648,0.687711716011858,0.000650714259955195,0.0123620847778446
" 5790",21,1.02431903967723,0.188287447644764,0.00042522314307669,0.0105813838339381
" 4462",64,1.03845720442896,0.203277972631937,0.00015851748110967,0.00920440506021689
"  848",24,0.991778588164328,0.430284984627038,0.00013672132745709,0.0104147245763384
" 4840",82,1.04190384927246,0.254740705783538,2.37776221664505e-05,0.00818709144272641
" 5764",49,1.12059582661325,0.532379881143891,0.00489898275369435,0.0135634945467165
" 5450",45,1.01053442752377,0.317624953424161,0.000395897409071401,0.0109120703154591
" 2771",34,1.14429064959094,0.771458928415784,0.00290126619800973,0.0137640325573679
" 1933",65,1.22990107359517,0.698242980473503,0.0042522314307669,0.0132426920944392
" 5087",34,1.00207077883134,0.192971600286089,0.00252161683075207,0.0114804468174899
" 2070",51,1.22229803168937,0.652991138205227,0.0014163536937149,0.0121153219976037
" 5098",33,0.917769721190304,0.48912124304989,0.00166443355165153,0.0125017039277034
" 4962",54,1.23082331075155,0.698891272516881,0.000652299434766292,0.012717419215409
" 4804",96,1.04204477856339,0.21535914802904,6.10292302272229e-05,0.00813999639311714
" 4854",94,1.03303161012854,0.206745515184532,0.000133550977834897,0.00865451443262098
" 5525",73,1.03277429041682,0.204812946166958,4.04219576829658e-05,0.00783096938235666
" 5974",23,0.953398684413676,0.254353040405281,0.00264407158490929,0.0122387543547598
" 6001",31,1.11628121104593,0.322752933195836,0.000608707127461132,0.0114927060743777
" 5605",87,1.04341516132527,0.219190572141022,0.000435130485646044,0.00890502989234158
" 5147",30,1.03939927993555,0.418778492534783,0.0023876695592144,0.0108873773433339
" 5664",16,0.905516188845699,0.324948369443794,5.15181813606427e-06,0.0107102335270944
" 4876",39,1.12647994260272,0.457099249682458,0.00245702095719988,0.0130941163205819
" 6000",28,1.00774251499113,0.282549430312923,0.000497348596981589,0.0113465671774243
" 5145",39,1.07352612079444,0.443136313786504,1.78332166248379e-05,0.0102894368632621
" 2931",44,0.995026715034026,0.34359633831769,0.0100626897008418,0.0133833983888246
" 5821",59,1.08233395785696,0.422953222280701,0,0.00907134255531399
" 6069",34,1.17849474825186,0.332549359655666,0.00261910508163452,0.0119799617390913
" 6041",25,1.10314228727443,0.291779018931028,0.00376479017635466,0.0120723991804895
" 5150",36,1.0748692399818,0.432300331457006,0.00049933006549546,0.0104581290342683
" 5588",42,0.868400666035763,0.170503187202806,0.00186852480858023,0.0106189634825877
" 5614",33,0.849616905381609,0.173757693460257,0.00466160282573262,0.0122621647222292
" 5132",42,0.963299056803871,0.394301334425665,0.00180908075316411,0.011501791881147
" 4731",52,1.28318929424731,0.665495017845642,0.00817197244490626,0.0143548485578685
" 5136",44,1.1091943494373,0.50179858177113,7.13328664993515e-06,0.0110866922052335
" 5595",76,1.02905208365707,0.208374440731316,7.9258740554835e-07,0.00755824513567361
" 5822",59,1.07826204227568,0.422573883205689,0,0.00893921576842257
" 2233",53,1.19897318546631,0.65024694590465,0.00749827315019016,0.01336630780203
" 6061",27,1.06386126477023,0.289281375111057,0.000890075656430797,0.0115528734076905
" 5579",42,0.824920602629525,0.18628259115738,0.00230048494460408,0.0115651799579704
" 5511",54,0.852141005080576,0.183926150498579,0.00235041795115363,0.0119568121669936
" 5604",47,0.964362307281914,0.20938418717581,0.0052604026106244,0.0125391563326679
" 5154",32,1.00604025217547,0.407842183575448,0.000223509648364635,0.010300982622234
" 5590",80,1.02860049521713,0.208098664413504,1.98146851387087e-06,0.00748314407488702
" 5134",46,1.10839391944862,0.496243213850284,0.000289690696727922,0.0111027791171497
" 4490",67,1.14794050934948,0.411780853706315,2.2588741058128e-05,0.011249608914364
" 5823",59,1.0740420702172,0.42098230709515,0.00223826683326854,0.00954886969304859
" 6180",26,1.0424094669081,0.31872950724674,0.00233139585342047,0.0120005617233976
" 4850",79,1.05116967961266,0.22081361919114,7.41069224187707e-05,0.00824815821776328
" 5133",42,1.09027753597933,0.495707551600368,0.00037964936725766,0.0111005729336518
" 5598",78,1.03044152395824,0.207749534065333,0,0.00749001980711182
" 4488",65,1.14526813560033,0.409507996047105,1.66443355165153e-05,0.0112009674279386
" 5818",56,1.06698445927538,0.418144727394928,0.000584533211591908,0.00917959609378285
" 3760",41,1.35037471700575,0.744289308592428,0.00327219710380636,0.0137410772503507
" 5128",37,1.12654709273169,0.502025663347698,0.00121781054862504,0.011260560352456
" 5594",79,1.03072402697427,0.208845067977214,7.9258740554835e-07,0.0078236250310244
" 4487",67,1.15106572914603,0.412363050251306,0.000365382793957789,0.011320285856826
" 2995",50,1.140982708737,0.628638952664416,0.000846483349125637,0.0126875842572079
" 6420",32,1.11707768680331,0.382416199512166,0.00172149984485102,0.012074974142633
" 5544",75,1.03896050301388,0.209534814574096,4.47811884134818e-05,0.00825877459342502
" 4486",55,0.856800150715724,0.270390058973417,0.0013089581002631,0.0113985708353793
" 9911",34,1.18711215362119,0.365336474760281,0.00562618169828496,0.0132446102828097
" 3758",38,1.25621432389323,0.716210893841176,0.00197750557684313,0.0137283065540663
" 5985",44,1.04483581576112,0.201951956884825,0.000248079857936633,0.0106039875001491
" 3020",43,1.13844461205585,0.522302611977541,0.00122732159749162,0.0120978248652874
" 4514",31,0.966719426824268,0.300091636703563,0.00423003898341154,0.013118369828978
" 2554",49,1.16075851556293,0.624557823053015,0.00351036961917364,0.0138281823385021
" 9924",36,1.19292146229017,0.34982342467966,0.0103809135441695,0.0135206306271976
" 3030",24,0.911294372735938,0.498846779651388,0.000960219641821826,0.0131064226914366
" 5144",43,1.11017439348921,0.454417762213849,0.000723236007562869,0.0106810604484577
" 4883",38,1.15668062166692,0.501342365516964,0.000418486150129529,0.011970989122471
" 5434",25,0.948958865517108,0.457472713084683,0.000873827614617055,0.0124386191970143
" 5155",48,1.12760184610514,0.457775274958352,0.000587703561214101,0.0105080611526229
"  891",35,1.11051079440119,0.484502313476874,0.000110565943073995,0.0102383309270005
" 1786",43,1.22735935280627,0.816217629043378,0.0019473872554323,0.0138114882916847
" 4333",37,0.965452551807602,0.272092610514966,0.00418605038240361,0.0135552573346941
" 5089",25,1.00684455433393,0.184451806568178,0.00166205578943489,0.0117087018721815
" 1767",41,1.20941002276295,0.812948585969123,0.00124238075819704,0.0138175660594932
" 1802",36,1.40117048992683,0.999689028369517,0.00157606005593289,0.0136066086494909
" 6032",16,0.784274999915746,0.140974410035429,0.000615444120408294,0.00964306876202201
" 4586",39,1.00599084605776,0.347835927206075,0,0.00790512941737207
" 5718",43,1.38574786677918,0.736734871136049,0.00105968936121814,0.0129527395947169
" 1752",29,1.38747936805344,1,0.00226917774208493,0.0137768147601722
" 6031",11,0.751858663140783,0.130474599618522,2.37776221664505e-06,0.00955166544969256
" 3922",36,0.764971405590279,0.198687749075512,0.000813987265498155,0.0113004217490707
" 5071",35,1.0305111265457,0.360026276119574,0.00174963669774798,0.0127013342054674
" 3800",48,1.09721616870749,0.410879245380469,0.00497903408165473,0.0132107581077293
" 5043",65,1.00859638903555,0.249886870517567,0.000765639433759706,0.0109209028775208
" 5601",65,1.01799326115314,0.195716566476737,4.04219576829658e-05,0.0081425366454662
" 4690",24,0.766444399460086,0.189471497796245,0.00147540145542825,0.0117857574163949
" 4704",21,0.749829482984282,0.174736807466369,0.00242135452395021,0.0120694906145164
" 4717",32,0.494521616041154,0.183401618003745,0.000603951603027842,0.0122217964880069
" 5143",40,1.10450940823716,0.453497563484916,7.88624468520608e-05,0.01054456211654
" 5609",89,1.04694698700917,0.227930240100981,0.000572644400508683,0.00869312771815648
" 5562",82,1.0410511548365,0.209516478572703,0.000890471950133571,0.00863315792816885
" 5141",35,1.05070598904377,0.419085251224308,0.000294842514863986,0.0107635205726788
" 5711",34,0.52626311143767,0.184566276379308,0.000799720692198285,0.0121339574428811
" 4715",49,1.09017300171603,0.407819637637617,3.76479017635466e-05,0.00995564083380396
"  748",38,1.1861884396874,0.563457095239133,0.00368989066653034,0.0131854614813413
" 5151",33,1.00924526220973,0.407612641569605,0.00104463020051272,0.0109289774871203
" 4712",49,1.08928511807296,0.410837229576111,3.96293702774175e-07,0.00982036935963308
" 8440",53,1.07045902419705,0.375768641728063,0.00129429523326045,0.0121512374183286
" 5779",13,0.928144144737283,0.235623940087813,0.000233813284636763,0.010358280362486
" 5791",28,1.01083779040788,0.180959737751127,0,0.0103654359902732
" 4700",46,1.05916805188314,0.406627384554159,0.000102243775315737,0.0100047690247317
" 8437",45,0.953348518307219,0.346113919765629,0.00201990900303997,0.0123230247200023
" 6347",39,0.983860834687953,0.463460027446259,0.00215583774309151,0.0130337394850847
" 6650",81,1.1520646188739,0.411505425088029,0.00465209177686604,0.0125107849031333
" 5645",16,0.898121425916171,0.243104255784209,0.000356268038793983,0.0104515817050846
" 5030",54,1.08032417341712,0.201214149075053,0.000627729225194293,0.0103740453449867
" 6999",64,1.13031116767546,0.468618893581411,0.00296506948415638,0.0125609047850859
" 1741",67,1.43191822704103,0.861177687515785,0.00544349030130606,0.0137623946653198
" 4822",91,1.04789832035168,0.251262752123873,1.98146851387087e-06,0.0081664983779541
" 5466",64,1.07164257480799,0.317137229529769,0.00181502515870572,0.0125016644877952
" 5448",50,1.07308094363649,0.37434535510229,0.00222717060959086,0.0116062980924629
" 5468",51,1.15646923412094,0.530027733472651,0.000437111954159915,0.0119972645102167
" 5020",29,0.918012278116602,0.307214181720356,0,0.00841956305683139
" 5467",46,1.07291630831497,0.504206727874886,0.000756128384893126,0.0121404538366945
" 1720",38,1.16004260637076,0.566461299646504,0.000839746356178476,0.0131781085967248
" 5528",56,1.01638904541154,0.19206482991804,0.000343190346602435,0.00857674013574147
" 6619",52,1.25267508691847,0.655923926801925,0.000955464117388535,0.0134531879976217
" 5402",28,0.528841829256136,0.25482046414866,0.000640014329980292,0.0119477442256632
" 6620",49,1.23219717517956,0.649550750682856,0.00245503948868601,0.0134722535325561
" 5084",50,1.35460819566754,0.746194038306583,0.00577399924941973,0.0139045534283005
" 4919",54,1.14007781429501,0.35454645217311,0.00608786386201687,0.0123260352261572
" 6621",46,1.19974330147149,0.608025190604382,0.00438142317787128,0.0134245106685937
" 9912",54,1.11668035212058,0.528305390666488,0.00209044928213377,0.0129931116658297
" 4574",27,0.940374300252719,0.225056315796187,0.00588139484287153,0.0127755045729407
"  880",6,0.0649881819331755,0.0460697964546499,0,0.00909800079806357
" 9927",41,1.17367199507462,0.514368687148082,0.00565986666302076,0.0133904152933101
" 5295",55,1.182112669695,0.535588554453153,0.00129984334509929,0.0128625757712744
" 5130",44,1.13278949176191,0.463524672641584,0.00162361530026579,0.011345457965376
" 3777",37,1.14353212360785,0.539788024463957,0.0032440602509094,0.013460718603148
" 4727",43,1.17668678136998,0.61967461976289,0.00261117920757904,0.0132945122694978
" 4461",73,1.02986775703653,0.200334346040071,2.61553843830955e-05,0.00891900192226151
" 4844",81,1.04620757924556,0.249979514428039,3.56664332496757e-06,0.0077427078142032
" 2147",52,1.10128495763554,0.631595643091419,0.00167790753754586,0.0128697558305615
" 3111",48,1.11167950812483,0.631332006935919,0.00217644501563577,0.011947889903175
" 4847",81,1.04526077492493,0.248790054386844,1.14925173804511e-05,0.0080264348218973
" 4838",82,1.03210617678381,0.24821208169916,1.70406292192895e-05,0.00824366842168385
" 5697",49,1.11726285890551,0.449997830591549,0.00362093556224764,0.0131756197359759
" 2565",39,0.874255848180059,0.371893000522486,0.00692126951895096,0.0132917183210979
" 4802",86,1.04010084520842,0.242778257810829,6.93513979854806e-05,0.0088160580495837
" 4290",63,1.09075551136054,0.357947122085515,0.00060276272191952,0.0105532754115301
" 4897",40,1.00938508850078,0.378337836002678,0.00473055793001532,0.0134925841014411
" 4587",45,1.04234404538795,0.373989482565424,1.34739858943219e-05,0.0086675699582326
" 5161",61,1.17105532320809,0.442774618410772,0.000622973700761003,0.0123065555211807
" 5702",42,1.07494468715797,0.499693211288837,0.00812758755019555,0.0136841132588777
" 4585",42,1.01990256286368,0.357081619679476,0.00044900076524314,0.00918622227000665
" 5160",55,1.1081899382234,0.41777312977783,0.00127566942923007,0.0125958456435306
" 3799",52,1.03207619539007,0.36513486545596,0.004778509468051,0.0132188918033653
" 5068",56,1.04225357065797,0.25908749228723,0.00182374362016675,0.0112071913667184
" 3900",56,1.12693479601496,0.359302686072917,0.00244949137684717,0.0118330766177655
" 4894",49,1.2765287398568,0.62601180233,0.000394708527963078,0.0126317153752514
" 3772",65,1.14820451290829,0.413775033063678,0.00194183914359346,0.0129031771013208
" 3916",41,0.916326453290007,0.271393375604517,0.00116391460504775,0.0118722927063932
" 4982",44,1.2134150431441,0.608472787603284,0.000868279502778217,0.0127985692412251
" 3919",34,0.902317608543028,0.243770787220117,0.00140525747003722,0.0121256794577226
" 4921",75,1.02228002217538,0.260575189516319,0.000865901740561572,0.0109752784637699
" 4920",72,0.988925266201854,0.272551828947099,0.000276613004536374,0.0110712606637604
" 4785",75,1.02824696281998,0.202930609848801,1.10962236776769e-05,0.00816456071540386
" 6968",46,1.04078096293207,0.240179713585693,0.000126813984887736,0.00912686167776291
" 5570",71,1.03987630226813,0.239129502960076,5.15181813606427e-06,0.00858192681340516
" 4509",43,1.23165257391564,0.372657684767871,0.00406438821565194,0.0128314422145459
" 5742",51,1.05084133261493,0.385916493471009,5.54811183883845e-06,0.00810454078922955
" 4669",55,1.11099197086153,0.57834895873399,0.000884527544591958,0.012040457704998
" 4515",32,0.801267040950319,0.246115175179278,0.000244513214611666,0.0119100613915881
" 5959",27,1.13941449982966,0.407585651075646,0.000809231741064865,0.0120651008225865
" 4831",86,1.06114758230414,0.274257786151193,0.000372912374310498,0.0090442429986753
" 5958",24,1.12055924513654,0.400924028059454,0.000203298669523152,0.0121324575010283
"  983",37,1.09754196861198,0.58098763808635,0.000699062091693644,0.0109232671012535
"  521",35,1.35355084829896,0.87935037471958,0.00244354697130556,0.0137073012228274
" 5021",35,1.02523113555263,0.355817583633684,0.00233654767155653,0.00920096241964326
" 4518",25,0.819807273534418,0.258896666217974,0.00126496949925517,0.0125089860432321
" 7625",40,1.00466892704053,0.219261191527576,0.0034679661929768,0.0120440526305262
" 5957",17,0.938733211227911,0.345046187933088,0.000578588806050295,0.0120328179799525
" 6012",21,0.938513412236643,0.365154526414371,0.00246494683125537,0.012371340388923
" 4220",52,1.10745245811821,0.38397350877332,0.00169494816676515,0.0112643395733708
" 5169",48,1.00663068986078,0.362396223094395,0.00112071859144537,0.0132455281391676
" 5482",57,1.22656120847831,0.607225286247419,0.00038163083577153,0.0120544442049341
" 5653",21,0.324163349936153,0.133173378256694,5.03293002523202e-05,0.0110552309785874
" 6101",28,0.998854156688434,0.335267273257335,0.00256441655065169,0.0124227946116166
" 3842",57,0.847816186241136,0.269558099811563,0.00148451621059206,0.0124938375198335
" 5481",54,1.21316589449123,0.598521765873258,0.0011662923672644,0.0123124361520753
" 6141",29,1.05012904691241,0.329262912689107,0.000202109788414829,0.0119419628522779
" 8517",11,0.603990439136824,0.162576131318484,0.00343309234713268,0.0123561728632379
" 6142",27,1.053983913451,0.342115633308713,0.000224698529472957,0.0118904967902444
" 5631",33,1.02121360780074,0.179344948330152,0.00104066726348498,0.0110429931775501
" 4801",85,1.02135455478126,0.233474918773656,0.000536977967259007,0.00934096324302249
" 5820",59,1.08356295552498,0.424007232729668,0.000231831816122892,0.0094041593146103
" 5029",48,1.05618313377382,0.202071304447684,0.000356664332496757,0.0104278216269557
" 5589",71,1.04380841387217,0.24190714392,2.77405591941922e-06,0.00840283957474662
" 5140",35,1.1083931763129,0.501111931469786,0.00105097089975711,0.0112088867199737
" 5811",51,1.04327816536877,0.397258902499653,1.5851748110967e-06,0.00855896518235445
" 7549",25,1.15180762623962,0.559012017760199,0.00595034994715423,0.0140050790535222
" 7292",31,1.13000393979922,0.502860673543909,0.00190102089220772,0.0128061792732064
" 5774",39,1.01907602266575,0.19190687928956,0.00118452187759201,0.0108850076460677
" 4848",95,1.04827096686933,0.243126815846746,1.98146851387087e-06,0.00823520225931229
" 5600",74,1.04245047975574,0.239735090406753,3.1703496221934e-06,0.00847946782057784
" 4489",43,1.01591136721894,0.383593848874304,0.0029309882257178,0.0126510765909571
" 4992",30,0.980934797045507,0.202450440002442,0.00120076991940575,0.0114805896034003
" 4994",29,1.03615326248981,0.246015189960738,0.00583938771037747,0.0127644370817172
" 4852",90,1.05481904921252,0.240752180657961,5.19144750634169e-05,0.0084629611535503
" 5574",67,1.0320486885175,0.235486486081022,2.21924473553538e-05,0.00881549282983144
" 7477",27,0.823228467853109,0.20464338399136,0.00216851914158028,0.0119459609056201
" 6829",42,1.05242867937013,0.198357359441431,0.00024490950831444,0.0104991703711524
" 5700",68,1.04442676435836,0.22064073279748,0.000432752723429399,0.010219418277314
" 4810",90,1.01253683384805,0.227731722998863,0.000119284404535027,0.00860653304761136
" 4792",76,0.991487208928848,0.240536997186648,2.41739158692247e-05,0.00870360981767896
" 5587",68,1.031411520269,0.230968842816509,5.50848246856103e-05,0.00838569951747089
" 1015",36,1.11347481551148,0.575748865861845,0.000278198179347471,0.0104437162153774
" 4288",90,1.03304524000565,0.279424327898261,2.33813284636763e-05,0.00976120362097906
" 4834",85,1.04743763339253,0.248345172457152,5.15181813606427e-05,0.00844247780200028
" 1703",29,1.13135390174995,0.56231282008041,0.00164580774762115,0.0133453763932978
" 5026",85,1.01537823369457,0.214921250466302,0.00126100656222742,0.0109516402097071
" 4282",67,0.922924612403948,0.25683833531483,0.00101292670429079,0.0110581252862455
" 4812",90,1.02292571900786,0.24181469097266,2.89294403025148e-05,0.00809795063605023
" 5172",46,1.20117920972542,0.462918382271975,0.00331895976073371,0.0133788060637544
" 5619",7,0.598479530979919,0.114310688309349,0.00901409656330138,0.0133756253665941
" 4584",21,0.751171842487258,0.371172498778314,0.00137117621159864,0.0132358928884606
" 5018",48,1.01844354349561,0.335249743109023,0.00209163816324209,0.0125237369612555
" 7811",51,1.11955823084694,0.438170210983791,0.00128319900958278,0.0123981385278243
" 3918",67,1.00808919909269,0.276607089654144,0.000247683564233859,0.0115608503444875
" 5168",59,1.19297776799147,0.457883492136902,0.00173140718742037,0.0130016241286563
" 4581",28,0.39814396506653,0.111475113261238,0.000171991467003992,0.0108615538527685
" 4610",38,0.642750779322118,0.238965001845642,0.000695099154665903,0.0120856595879274
" 6127",47,1.12473795085591,0.341221458972199,0.00412898408920413,0.0125217583218801
" 5893",46,1.20907538659292,0.470988729093079,0.00842401523987063,0.0135896294364119
" 5923",56,1.02798862869142,0.381832870483424,0.00667596371693375,0.0130248746019101
" 7810",41,1.08616361825253,0.427448671321886,0.00107197446600414,0.0123965751457795
"  871",26,1.02235184487356,0.445357312908788,0.000482685729978945,0.0104698379584005
" 3926",45,0.935088827976652,0.279890117892125,0.00148015697986154,0.0116441731737697
" 5170",22,0.69364941723313,0.232626695102499,0.0039237039511671,0.0132433919972444
" 3929",45,1.07252931376029,0.282158415767468,0.00414800618693729,0.0122243058242797
" 5748",40,1.14554636024245,0.49567879674859,0.00336136318693055,0.0122287963935683
" 7922",52,1.18950201751937,0.413574911046901,0.0142923323905506,0.0141691195276585
" 5523",50,1.03822230171152,0.196105333710153,0.000962597404038471,0.0101395580423198
" 5730",39,1.14094545892307,0.465338409086312,0.00229057760203473,0.0117595602600429
" 8329",58,0.895486565545963,0.335732530009878,0.000891264537539119,0.0112048903455365
" 6088",26,0.928662647654668,0.328832126549846,0.00107038929119305,0.0120534736710655
" 6060",33,1.16106135966372,0.388016922840435,0.00246019130682208,0.0124401433711742
" 4708",52,1.12391763258689,0.448650856241137,7.9258740554835e-05,0.0103073954933535
" 6059",31,1.13675104378383,0.372632374418206,0.00113815551436743,0.0122584166663584
" 5743",51,1.05676992888991,0.395503383588974,1.18888110832252e-06,0.0079669995962104
" 5810",45,1.01713530255538,0.384771220036379,0.00235121053855918,0.00965673682961609
" 4706",44,1.1047078471046,0.442164975890134,0,0.0102215351319599
" 4869",74,0.974184635438965,0.221345894053809,0.000980430620663309,0.0100163290589785
" 5591",66,1.05643244668289,0.276916086167068,0.00201673865341778,0.010568851799944
" 4701",47,1.11205717117751,0.470213417819935,0.000411352863479593,0.010706574299391
" 5983",17,1.0227107920192,0.268769795677439,0.00166126320202934,0.0118373109040988
" 6004",23,1.07767284897019,0.306212679262801,0.00098439355769105,0.0114764121039752
" 4369",33,0.773044300332744,0.23791920512682,0.00146430523175058,0.0120729018455432
" 4692",35,1.02025202352047,0.391427896905966,0.000248079857936633,0.010362450955259
" 5488",30,0.971325021817241,0.187578824217657,0.00869983565700146,0.0126509097849118
" 4966",44,0.842316219300079,0.322511011733553,0.000286520347105728,0.0101543779342596
" 5995",24,0.98357315134785,0.266240279103721,0.000559566708317135,0.0114160724643116
" 8881",14,1.00051754739104,0.211293040396504,0.000561151883128232,0.0106778025672458
" 4790",64,1.0341389556852,0.255582809603518,0.000291672165241793,0.00904852709720536
" 6074",25,1.07239651722471,0.321008400682774,0.000478326499248429,0.0115227269023319
" 6046",14,0.99436362050183,0.264062818402563,0.000756128384893126,0.0118130887964559
" 4468",41,1.36019003798957,0.597730292714534,0.0094512085174613,0.0143491819864065
" 4968",45,1.2687260521854,0.588537048941772,0.00487322366301403,0.0134474727357366
" 5159",52,1.0962945774951,0.431704451611448,0.00186931739598578,0.0125240240602948
" 7411",47,1.2015195676864,0.457944971540532,0.00246613571236369,0.0123684478212151
" 5651",48,0.956555792680526,0.466814175245203,0.000880960901266991,0.0123618471956854
" 6045",21,0.992169327881478,0.274138594716928,0.000397878877585271,0.0114045293743943
" 4212",70,1.01667538329218,0.321671521642177,0.000591270204539069,0.0106608243925507
" 4458",18,0.686401474580403,0.241768672352194,0.00290562542874025,0.0129807397121998
" 4967",53,1.24534056280013,0.602111061156552,0.00216931172898583,0.0133359341127862
" 6191",28,0.954286027685429,0.321659632038273,0.0044547375128845,0.0121633131629183
" 4835",79,1.03384404110603,0.258543019048744,2.65516780858697e-05,0.0081979338046986
" 5171",50,1.13590204058407,0.409085050142876,0.00319293836325153,0.0136319206087642
" 4892",36,1.11131282951841,0.574497151183885,0.00144409425290909,0.0128870964974851
" 5173",39,1.01931091298436,0.383969199191679,0.00593330931793495,0.0140311901210628
" 5895",54,1.11991016150839,0.422024317654472,0.00181502515870572,0.0118069427204616
" 6423",34,1.09628991755529,0.352772220125168,0.00259413857835975,0.0122622425049096
"  921",35,1.15135628108554,0.50641075331219,0.000223509648364635,0.0106656673256166
" 5856",39,0.699105235160837,0.26635821363787,0.000361419856930047,0.0116052852010419
" 1978",52,1.08876187773918,0.570455956299519,3.4081258438579e-05,0.0104743677666048
" 5819",56,1.07844831419959,0.427270571261126,6.38032861466421e-05,0.00900333605035682
" 5596",70,1.04734592221321,0.239534810971982,7.13328664993515e-06,0.00855089900908738
" 5135",43,1.14948902036283,0.52749119093083,0.00108544845189846,0.0112406133701071
" 5814",55,1.06030388512769,0.417559412453719,0.000462474751137462,0.0092644795980979
" 5797",59,1.03547990431963,0.23212804365301,0.00238727326551163,0.011653595268448
" 5597",71,1.0363418756753,0.216342403429188,3.64590206552241e-05,0.00804259821852661
" 5125",51,1.11861234887529,0.513848226670662,0.000255213144586569,0.0108882565622446
" 4485",59,1.03882850841237,0.339732071024201,0.00145915341361451,0.0107755348968674
" 4683",50,1.05506452723069,0.390841919255503,0.000553622302775522,0.0106144905147129
" 5059",44,1.07856169963917,0.402820591949239,1.18888110832252e-06,0.00975113087344717
" 5441",30,0.76575259631926,0.350721723754625,0.00286361829624619,0.0132118386576407
" 5536",59,1.03212375818068,0.205132466171761,0.00042997866750998,0.00858908038629392
" 5816",50,1.03445279372078,0.402451758884705,8.32216775825767e-06,0.00850998020735029
" 5055",44,1.08112055373725,0.403590419283349,3.96293702774175e-07,0.00966847389060413
" 7512",61,1.125971137581,0.410909268019134,0.000985978732502147,0.0122528063963043
" 5586",70,1.04203711585025,0.228808153911625,1.18888110832252e-06,0.00816379927550319
" 5056",40,1.05922107697334,0.396011791706555,0,0.00979581701254259
" 5177",42,1.06813192040284,0.289260820282574,0.0015237492871667,0.0111384262474077
" 4503",40,1.09166514672262,0.270208227854333,0.00541416456730078,0.0127799051354952
" 5050",33,1.02397799193952,0.379292187870552,0.000124039928968317,0.0102395867611561
" 5176",42,1.02607694176033,0.287759639540691,0.000389953003529788,0.0110656041965399
" 5540",66,1.03212034669255,0.233696824253258,0.00053063726801462,0.00880141161901887
" 4910",59,0.850813552681831,0.22897625060967,0.000909890341569505,0.0122940985649118
" 4843",74,1.05896281289146,0.273469611681319,0.000373704961716047,0.00899210080587036
" 4541",30,0.988764527472457,0.306793401189676,0.00504164848669305,0.0129411383522421
" 8202",47,1.27649627583484,0.527018040219385,0.000944764187413633,0.0120552219608928
" 8212",43,1.11169429710272,0.474763827269131,0.0004204676186434,0.0120462169736715
" 5710",44,1.07874034122997,0.589980665444631,0.000968938103282857,0.0128653039154131
" 4582",49,1.01567966784813,0.373018017352519,0.00023064293501457,0.00959191850620963
" 4813",83,1.0329674926307,0.249394023924451,2.53627969775472e-05,0.00833079176187111
" 5073",56,1.14821393465542,0.601972926828057,0.00341089989977732,0.0131348014112877
" 7189",42,1.32428361861402,0.774702866355081,0.00675522245748858,0.0141272121251051
" 5117",73,1.09320439378591,0.355957764186595,0.000909097754163957,0.0110628096104859
" 4686",29,1.00098553091541,0.365721365952127,0.000394708527963078,0.010765357455171
" 5116",72,1.09451979807473,0.358168474817883,0.000186258040303862,0.0107653525878334
" 5359",43,1.00946797106893,0.209507957148103,0.00162520047507689,0.0115253072864808
" 5401",38,0.961789140813503,0.184193151765156,0.00148530879799761,0.0116350936933525
" 5115",70,1.07359970931781,0.359749742802988,0.000301975801513921,0.0107579496214036
" 4703",42,1.09767204092276,0.410486945900515,0.000346360696224629,0.0105818119381853
" 5642",53,1.10399254832607,0.381786628122832,0.000120473285643349,0.0113190452417961
" 5462",47,1.04401199242748,0.319970452469487,0.000983997263988276,0.0119256346186366
" 5713",42,1.13352660832241,0.489783345545328,0.00235477718188415,0.0127689525502689
" 7203",71,1.05602494199001,0.230912005860358,0.000651506847360743,0.0111838886127251
" 5421",27,1.30802398679131,0.57751820800622,0.00347430689222119,0.0131325470228926
" 9025",7,0.737878507813502,0.160546436834913,0.0011032816685233,0.0107662624924776
" 4705",46,1.10264808631458,0.409069809328501,7.68809783381899e-05,0.010502727772048
" 5641",55,1.10763142294958,0.343631103916047,0.00062654034408597,0.011507419030264
" 5464",53,1.07172995595951,0.327354503537895,0.000137513914862639,0.0115951166056381
" 5717",46,1.14619120583448,0.487021409521198,0.00183285837533056,0.0127317875477433
" 7208",56,1.03918775410354,0.223532859295715,0.000108980768262898,0.0110272512769255
" 5419",28,1.09717381015828,0.505056006193946,5.15181813606427e-06,0.0125897642282562
" 4714",44,1.06842190596971,0.39968049540232,3.56664332496757e-05,0.01023763215402
" 4932",43,1.10287351957107,0.431977805418064,4.59700695218043e-05,0.0103234320797703
" 4643",43,1.05423647554483,0.514159676381024,0.0059570869401014,0.0136188583829274
" 5640",52,1.11685175639376,0.384858952599481,0.000870260971292088,0.0118312643186927
" 5715",45,1.14430066934809,0.496272469423438,0.00416068758542606,0.0128680126093071
" 5463",52,1.02169967544474,0.298344478822462,0.000111358530479543,0.0113787728159704
" 5070",41,1.21830087743973,0.56823545602763,0.00449238541464805,0.012727780121916
" 7205",68,1.05914857907523,0.239436294216775,4.59700695218043e-05,0.0108597198131146
" 6259",28,1.0522249729105,0.294906126904074,0.00244711361463053,0.0128468535195224
" 4696",44,1.07274175398745,0.391977424594308,5.58774120911586e-05,0.010473922711447
" 4929",48,1.11222675185192,0.432586960831281,6.45958735521905e-05,0.0103470343363265
" 6258",28,1.10264719106977,0.313599028054682,0.00281210011488554,0.0128063912093026
" 4927",40,1.0893590778353,0.428045546116982,0.000232228109825666,0.0104138274998747
" 6564",26,0.951409016054549,0.274992274210259,0.00219110788263841,0.0128860378253789
" 4814",86,1.01400579042957,0.241867938440573,5.6669999496707e-05,0.00807629310181561
" 4676",40,1.04540417255669,0.400329777746588,0.00133511348464619,0.0110304230221822
" 4925",44,1.04993765000565,0.389733575544655,0.00142269439295929,0.0106360702173586
" 5546",71,1.05231142946223,0.266027078055045,0.000599196078594552,0.00977789019214038
" 4800",72,1.0368219390123,0.253442587412992,0.00232188480455389,0.00993464042284856
" 4504",29,0.859680754014452,0.269744557989729,0.00288065892546548,0.0125066583624431
" 3726",40,1.03577181963097,0.375974344191404,0.00898556341670164,0.0140782120359595
"  977",41,1.12780025010329,0.565121914380107,0.00300588773554212,0.0120122878538211
" 5272",39,0.966865055533096,0.46677481832038,0.00297735458894238,0.0132821042201822
" 5484",42,1.13279356899508,0.465233032938851,0.00203893110077313,0.0128440762168472
" 4864",66,1.08105335907303,0.311015345792374,0.00504283736780137,0.0127329992305662
" 5038",47,1.08249217246752,0.383102855068582,0.00162163383175192,0.0109752686656731
" 7895",44,1.09546426548819,0.492193207619756,0.00111913341663427,0.0119309967627301
" 6622",42,1.2251227077414,0.580217017618057,0.00150987900756961,0.0130113417800143
" 6623",41,1.04138884484004,0.235873365544466,0.00423519080154761,0.0117372870644962
" 7844",46,1.15931385521973,0.473229165214713,0.000896416355675183,0.0118287863976183
" 8026",25,0.602402785781008,0.246993047809061,0.00140208712041503,0.011833063989496
" 7492",45,0.926795941609278,0.415848586185493,0.00417495415872593,0.0129670027232209
" 4457",38,0.982080317325971,0.415489176116925,0.0134648711391581,0.0149103829670384
" 5851",51,1.16682603484595,0.43560435588918,0.00832058258344657,0.0136425234908692
" 6618",29,1.06540239269987,0.520971994777735,0.000861146216128282,0.0127929041159206
" 8028",23,0.720419983656007,0.272796621735953,0.00678851112852161,0.0132130760169943
" 7843",41,1.17147026222919,0.480200093663973,0.00257154983730162,0.012572000404318
" 4723",32,0.852719114708545,0.282758861644005,0.00155267872746922,0.0113664707114699
" 7004",65,1.07037645018578,0.323771907474098,0.00275344864687497,0.0114854889525741
" 8038",39,1.107268891389,0.474877538187615,0.000170009998490121,0.0118861658003888
" 8148",32,0.994592884238002,0.357580256371551,0.00045851181410972,0.0114428647635518
" 7000",68,1.0718340998284,0.325075567767369,0.000723236007562869,0.0115136729925398
" 7881",37,1.07996293085693,0.465780765966804,0.00024490950831444,0.0118097236170166
" 4724",41,1.01510209117608,0.361405127261111,0.000474363562220687,0.0108381897468402
" 8019",69,1.06870640336052,0.396477520870316,4.081825138574e-05,0.00955744127801235
" 4725",32,0.898265486453858,0.327612416895977,0.000375686430229918,0.0107445927783109
" 8680",68,1.05960187441237,0.399243910806437,0.000723236007562869,0.0103846986593874
" 4693",39,0.962084216398685,0.355714875678291,0.0011385518080702,0.0108171770384721
" 6139",47,1.0958075128288,0.336633993513284,0.00394153716779194,0.0124992588416227
" 5584",76,1.04270740197656,0.25626193918627,1.78332166248379e-05,0.00947780445234526
" 5063",70,1.27170262627686,0.513242642059048,0.0044670226176705,0.0117406061919386
" 5643",57,1.15056921535157,0.418801734265483,0.000401049227207465,0.011682890840168
" 5461",45,1.05957490546334,0.328525516071218,0.00162282271286025,0.0121950245380584
" 4728",46,0.972193529391712,0.354420530322063,0.00222479284737422,0.0126907591252996
" 4836",92,1.04700818912934,0.254442624941789,2.77405591941922e-06,0.00832566724076695
" 8901",45,1.049860440777,0.425373877596195,0.00400296269172194,0.0133372856901122
" 3913",68,1.00986710825534,0.295268864211524,0.0021376082327639,0.0121155228465738
" 4778",66,1.00474428828994,0.242842879923781,0.00172546278187876,0.00984455303953846
" 3914",58,0.98255815264335,0.319654387350308,0.00320363829322643,0.012334179714962
" 1005",37,1.09907944109772,0.576021789194927,0.000242928039800569,0.0109095594300941
" 5582",71,1.04418813965571,0.260438544994381,0.000216376361714699,0.009697596724066
" 4780",73,1.05164192816939,0.268445583221065,0.00160459320253263,0.00980733217742516
" 3915",56,0.931940303950636,0.264476857764085,0.00328091556526739,0.012374698796506
" 7074",40,1.17642152963369,0.497754144720862,0.00123564376524988,0.0120649365153156
" 7217",18,0.968369153647667,0.350376792181994,0.00389081157383685,0.0126920147113484
" 4977",43,1.08924685742212,0.552372824202099,0.000683606637285452,0.0126602846807325
" 7075",49,1.22209601408317,0.52481972459178,0.00115123320655898,0.0117582487179346
" 7221",36,0.804320610202658,0.393511395710937,0.00084291670580067,0.0117783283545526
" 5091",42,1.23432844862495,0.637391938284047,0.000985582438799373,0.0125454131750712
" 6518",53,1.03615952238547,0.258103086999358,0.00217525613452745,0.01199982948973
" 7080",49,1.2144598560878,0.520448201650179,0.000301579507811147,0.0116208493767984
" 7896",42,1.08650183095793,0.46249537411795,0.000615047826705519,0.011975772416818
" 7581",55,1.08228890592627,0.370696593428583,0.000259968669019859,0.0100559867560868
" 5092",36,0.959379327211186,0.518961664357604,0.000183483984384443,0.0122172644553131
" 7578",52,1.07248760591443,0.360933432146707,9.66956634768986e-05,0.00996218531488283
" 4959",45,1.03953460233352,0.389152084819841,8.163650277148e-05,0.0102904285251235
" 7575",47,1.04302274795237,0.358092083478362,0.000563925939047651,0.0104714743960667
" 5037",42,1.02223617152472,0.378259812201484,2.53627969775472e-05,0.0101319784780613
" 6070",57,1.20216838116698,0.528248812964887,0.00655271637537098,0.0146728686011439
" 5572",64,1.02925033690741,0.242184921777729,0.000486252373303912,0.00929019527464477
" 4663",45,1.10341673716143,0.271992300675683,0.00128716194661052,0.0119053282274266
" 4667",46,1.09927206407633,0.257352382796042,0.000121265873048897,0.0114285957087083
" 4691",51,1.18378552804981,0.518543101200374,0.00433822716426889,0.0116532702461887
" 4662",25,1.16321318055907,0.338166652859322,0.00441233408668766,0.0131727084864082
" 4664",22,1.1102351396624,0.306387826391057,0.00248555410379962,0.0126998233890239
" 5622",33,1.05911311923386,0.411233971446556,0.00273720060506123,0.0127306576464004
" 8896",50,1.20463125294339,0.453384544836725,0.00287709228214051,0.0129932050703834
" 4684",37,0.977759099292145,0.372884189924902,0.00144766089623406,0.0108947169398379
" 7838",51,1.32403225172289,0.574824950910875,0.00985384291947986,0.0136039292460854
" 7452",39,1.14352390388695,0.486867105867513,0.00808320265548484,0.0136796778904199
" 6827",47,1.07933298550822,0.377816454704463,0.000383216010582627,0.0117222047656197
" 4709",35,1.01260586754367,0.238564484054699,0.00279426689826071,0.0122425886632276
" 6866",54,1.10996509537154,0.38674837555352,0.00174805152293689,0.0119597538522432
" 7856",49,1.2879629631176,0.57796643976849,0.00465169548316326,0.0131184266780657
" 6625",23,1.04366939631928,0.490820090984169,0.00381749723882363,0.0133092853062823
"  886",37,1.10212748121563,0.47602886966022,6.97476916882548e-05,0.0102468662899236
" 4969",44,1.14702938932415,0.573172834922971,0.00134938005794607,0.0125091280444888
" 7873",41,1.01587304153818,0.455439713803921,0.00114568509472014,0.0122107013925389
" 7517",55,1.14254655886724,0.41935771894297,1.10962236776769e-05,0.0118801969823692
" 7515",56,1.12241374121827,0.415786409927358,0.000352305101766241,0.012275427540465
" 6011",43,1.24565774141894,0.512026174790228,0.00475433555218178,0.0134343436541542
" 5061",38,1.09438139829542,0.39259719029997,9.7488250882447e-05,0.0100778667990185
" 6009",46,1.20272261933552,0.500751929877115,0.00374656066602705,0.0134523179008525
" 4694",39,1.00069224567263,0.378567159482484,0.000122058460454446,0.0100105728183876
" 5060",40,1.09321108023663,0.391663438682894,6.61810483632872e-05,0.0102697773391437
" 5053",39,1.06276818923721,0.381755543543412,0.000235002165745086,0.0104278336592073
" 4679",49,1.09349369331946,0.40650816691734,0.000658640134010679,0.0106519082191962
" 5817",47,1.01902438656514,0.390685150576562,7.52958035270932e-06,0.00849818468180488
" 4945",28,1.06067377607428,0.374534787668635,0.00797501447462749,0.0136597149319037
" 5599",68,1.05950528103953,0.26464321177345,0.00010541412493793,0.00959609033642062
" 5122",43,1.11178252066953,0.513324460714203,0.00174924040404521,0.0114356577790029
" 5079",31,1.06814433745102,0.294836242283477,0.000147421257431993,0.0111390743009556
" 4946",25,0.777595529473441,0.264153909294242,0.00440757856225437,0.0130962426195686
" 5080",32,1.0424950859733,0.294366825695039,9.82808382879953e-05,0.0111661342674085
" 5547",72,1.05688599710984,0.272996444115942,0.000176350697734508,0.00958264591821877
" 5062",44,1.07559641930582,0.414541031934301,0.0010311562146184,0.0106389179153478
" 5078",25,0.963673828421479,0.280241507123075,0.000440678597484882,0.0111800104079696
" 4939",36,0.954257695984357,0.367851095897642,0.00137791320454581,0.0105447542560287
" 5047",44,1.06699133921923,0.408690033747711,0.000511218876578686,0.0106458561060505
" 4505",32,0.836115821799678,0.223472776840392,0.00231118487457899,0.0127155913932208
" 5623",37,1.02743712075885,0.354548809108681,0.00649604637587427,0.0133250135271044
" 8221",39,0.968261263897972,0.424160619794972,0.00113062593401472,0.0121066509690353
" 5573",58,1.07157398291707,0.274587277033454,0.00298845081262005,0.0100388722132103
" 4901",50,1.06363766545112,0.229534949393452,0.000349531045846822,0.0109147355090093
" 5624",28,0.82787900527991,0.271002184751722,0.00597571274413178,0.0132687192256928
" 4906",39,1.05223909316723,0.230747166984461,0.000410163982371271,0.0113682548461118
" 7821",48,1.1129992553694,0.435794894050117,0.000961408522930148,0.0121525385099281
" 6631",34,1.12201505333572,0.537623372186391,0.00718995664943185,0.014158316303831
" 7589",32,1.04629544102752,0.449369252815639,0.00710396091592986,0.0137634273358755
" 7177",41,1.0313253303627,0.436540300228359,0.00735719259200256,0.0141727785595558
" 6846",39,1.05748852422268,0.356021164208075,0.00198622403830416,0.0115388027967625
" 7761",46,0.947595046724156,0.328219411698805,0.00159706362217992,0.0110823413881651
" 8126",56,1.08505451501344,0.37687529529057,0.00019458020806212,0.010628456243764
" 6844",40,1.04778272846698,0.350964116761994,0.000211620837281409,0.0108739782674349
" 7937",55,1.07121751966779,0.374578370260445,1.18888110832252e-06,0.0105376076877153
"  937",39,1.21866765238228,0.526699150296411,0.00168860746752076,0.0113393877118506
" 8118",48,1.04759815973388,0.364758832967865,8.44105586908992e-05,0.0104953880820048
" 6283",43,1.10218247030825,0.413853280480829,0.000363401325443918,0.0111220147410013
" 4659",29,1.26199452483404,0.351372956866608,0.00569751456478431,0.013071586178942
" 6282",40,1.0884561125821,0.405734394608244,9.11475516380602e-05,0.0110680035954905
" 6280",41,1.08082724707357,0.408175175530477,0.00010343265642406,0.0110407624011452
" 4931",46,1.10897807424215,0.422866651243108,3.1703496221934e-05,0.00983869703022916
" 4935",44,0.994633421715359,0.385481342559041,1.30776921915478e-05,0.0101866436508836
" 4698",46,1.08906883855502,0.409562243446554,4.35923073051592e-06,0.00977179726332298
" 4689",41,0.889044232520334,0.354110229969002,0.000163669299245734,0.00996460069015117
" 6462",32,1.04879618205592,0.514631994943799,0.00493702694916067,0.0135229895533914
" 4934",53,1.16120283091387,0.459253982497517,0.000556396358694941,0.010470654516437
" 4936",54,1.10559086204775,0.452488648868933,0.0024597950131193,0.0109073718922292
" 4818",74,1.05285349863216,0.269053400291955,0.00155505648968586,0.00957277704091531
" 4718",44,1.120111606464,0.449115378321379,0.00297616570783405,0.0115572562389829
" 5435",41,1.07918765245065,0.20576051513111,0.00116946271688659,0.0117220720583459
" 7587",39,1.04265336556204,0.378017316453145,0.0106769449401418,0.0127345228783763
" 7325",50,1.04880357232491,0.342832673130644,0.000704213909829709,0.0100747514262177
" 7071",43,1.06719692007783,0.348000156955848,0.000536185379853458,0.0113667837661903
" 8387",45,0.999972419379737,0.371318800931857,0.00252954270480756,0.0126341470393756
" 7322",52,1.04219767412133,0.341681838840627,0.000105017831235156,0.00954503308714299
" 7059",33,0.959106300023973,0.317825108968595,0.00436160849273257,0.0119065285981252
" 8772",16,0.762684165096561,0.197249240673099,6.18218176327713e-05,0.0111487313250556
" 7313",43,0.943835014691071,0.310716088050506,7.33143350132223e-05,0.0103503197019941
" 6025",22,0.764498543436757,0.364283270349032,0.00240193613251427,0.0142079331301595
" 6312",45,1.31854610047195,0.558305214496964,0.0121024133890205,0.0135943878125292
" 6136",46,1.12268324494659,0.447959843197532,0.00858213642727753,0.013762328700103
" 8760",13,0.751357448407634,0.192056364963812,0.000875016495725378,0.0113738954369776
" 4902",54,1.05983527893039,0.238327520722956,7.72772720409641e-05,0.0107554192321422
" 4903",62,1.06480933366313,0.234325227002875,0.000150987900756961,0.0109206447670468
" 4893",31,1.04317948229312,0.226844393992344,0.00129588040807155,0.011928927267752
" 6133",36,0.739857539771513,0.273887339435249,0.00170961103376779,0.0114911429698165
" 6222",53,0.896637442801063,0.254448226748999,0.00853061824591689,0.013690897613497
" 5044",37,1.06141677490449,0.3901096344188,0.000175161816626185,0.0103258269169211
" 8194",38,1.04557531307462,0.435480911512727,0.0011278518780953,0.0119902415143004
" 5052",39,1.05171979253995,0.428094766456005,0.000466833981867978,0.0112945069092862
" 4660",25,1.0467972488437,0.28521455982957,0.00177024397029224,0.0127819824658419
" 5041",37,1.02821697729833,0.377971954104435,0.000716102720912934,0.0108565261118889
" 4665",27,1.05091615334025,0.280311329681168,0.000385990066502046,0.0123361404912977
" 5627",15,0.253774830945367,0.0943784221015711,4.16108387912884e-05,0.0106411349544908
" 5723",11,0.349112664191148,0.121471456419165,0.000455737758190301,0.0116042131214151
" 5705",9,0.310039466772323,0.106609500663322,0.00111120754257879,0.0135599357202879
" 5583",6,0.075622811452678,0.0339620703789148,0,0.0092695894654308
" 7646",39,1.07631231706662,0.267421936657109,0.00715785685950715,0.0130330601649971
" 5409",35,0.473764100449215,0.189951310830516,1.38702795970961e-05,0.0100520200258102
" 4911",61,1.05778395796594,0.19948054648288,0.000584533211591908,0.011267695119813
" 4912",29,1.04647505772771,0.290591249352056,0.00271698962621974,0.0131127837968791
" 7373",38,1.14899149822616,0.609537097205025,0.00169336299195405,0.0134997930683208
" 4646",53,1.15539299650357,0.48792295585324,0.00193074291991578,0.0122138984825823
" 1867",37,1.09125452286499,0.616491206236745,0.000484667198492816,0.0115405471992216
" 6304",67,1.17811771676151,0.463449246082753,0.00340574808164126,0.013370251195086
" 9593",9,0.797631309805314,0.1409275846767,0.000622181113355454,0.0105637259454913
"  989",41,1.12924451326048,0.582375551658136,0.00232386627306776,0.011715028717127
" 6230",38,1.08187585736474,0.459375437583422,0.00280536312193838,0.0129488121159417
" 9553",22,0.719339159711336,0.267629423884926,0.0027146118640031,0.0125874783037535
" 4985",43,1.21898738856449,0.471393887313494,0.00773486049074634,0.013821394677203
" 6295",41,1.00918153979837,0.360135325906736,0.000862731390939379,0.0117029036441959
" 4926",46,1.04114441407785,0.403374328247589,0.000177935872545604,0.0100436141051714
" 4928",44,1.10007678846511,0.431924211746706,0.000172387760706766,0.00989567260194535
" 5561",58,1.09136691067763,0.273905252540111,0.000609103421163907,0.0099188068099333
" 4933",49,1.0230460764772,0.408430021152275,0.000164065592948508,0.00999970702726723
" 5436",39,0.959399293337778,0.196210140953188,0.00122811418489717,0.0115324253963408
" 5054",45,1.10391945010303,0.422900952102934,8.79772020158668e-05,0.0107524685815677
" 5048",38,1.08031011481716,0.411042604151754,0.00259017564133201,0.0118280854408089
" 6112",51,1.06303974635577,0.386721636639127,0.00491285303329145,0.0129702097018918
" 6081",35,1.08793142763613,0.444302201409627,0.00192479851437417,0.0121469172552183
" 5390",41,0.713587481295268,0.322462265072879,0.000428789786401657,0.0116786096912746
" 6109",46,0.836474623639501,0.254873767215849,0.00359478017786454,0.0122480026089004
" 1033",42,1.10465065175496,0.572393978178231,0.00105334866197376,0.0107691165827623
" 6086",33,1.12069532663098,0.516632407343639,0.00975358061267799,0.0142098923583347
" 6923",51,1.17374921011118,0.605597808718945,0.00346836248667958,0.0137592968913693
" 4688",42,1.10646211044988,0.419729331216056,0.00108901509522343,0.0111210609049912
" 7622",14,0.838187663319285,0.146694739059475,0.000594440554161262,0.0105567986562838
" 9513",8,0.382936247087904,0.0982827185464693,0.00252518347407704,0.0124064577701354
" 4930",46,1.07041305948477,0.406224265739909,0.000459700695218043,0.0100972807475312
" 5577",65,1.0774462464618,0.328606935508287,0.00230088123830686,0.0111210211392359
" 4940",42,0.972544213673155,0.395788717935313,0.000551244540558877,0.0102336959822396
" 8870",54,1.02462106394688,0.378212908393162,0.000440678597484882,0.0116991124670793
" 6284",41,1.16617170856578,0.455446317254424,0.00698705427361148,0.0126003088423238
" 5034",47,1.25940505337524,0.690720533746097,0.00724345629930637,0.0140487608066799
" 5659",9,0.886833002017782,0.285969360581917,0.00184712494863043,0.011422302632993
" 6772",41,0.949697461672748,0.341008442428585,0.00190458753553268,0.0111444472119027
" 6202",51,1.09215970773804,0.355286239403013,0.000236587340556182,0.0109867245550532
" 6765",55,1.08552886069015,0.38641371318735,9.7488250882447e-05,0.00937073333504892
" 4899",31,0.983340221603681,0.211828944490195,0.000683606637285452,0.0113778284544332
" 6196",52,1.08920684525443,0.356581093317839,0.000664188245849517,0.0110501813376743
" 6762",56,1.07835884180114,0.383550533754273,5.82551743078037e-05,0.00945101190872069
" 5725",20,0.919109309367998,0.359481068915461,0.00101847481612963,0.0114082717259563
" 6197",53,1.06820389181607,0.348195311557019,0.000815176146606478,0.0108573562729359
" 6763",53,1.07534338901891,0.381993046601333,1.18888110832252e-05,0.00939208398206077
" 5996",16,0.245374613517773,0.0913522965235165,8.48068523936734e-05,0.0106280454423529
" 5967",32,1.13491640559217,0.464721217353494,0.000626936637788745,0.0118068702735842
" 5057",42,1.09053111111821,0.436013138826627,0.000946745655927504,0.0115972069598094
" 6764",49,1.07100438466855,0.37848023515491,1.26813984887736e-05,0.00939544673884142
" 5966",39,1.15235849890765,0.47091467908596,0.000859561041317185,0.0118778218470912
" 5045",34,1.03193670095834,0.408681764214539,0.00226402592394886,0.0116957374750201
" 6402",33,1.19884495290509,0.494970385537947,0.00609024162423352,0.0128527677739849
" 6741",45,0.984148853261361,0.355144598639153,1.5851748110967e-05,0.00922888003004223
" 5968",32,0.953503583576899,0.407940187932886,0.000282953703780761,0.0118374841444678
" 5703",22,1.06988468502443,0.372439257009709,0.000738691461971062,0.0110795969455528
" 4711",45,1.2435630012252,0.57737137070814,0.0023999546640004,0.0125975461855172
" 4647",54,1.08954698716448,0.498994993861198,0.00188477285039398,0.0122313777278497
" 5393",51,1.12402134875578,0.538600299094316,0.00363163549222254,0.0132448714269014
" 8531",51,0.996677335671835,0.381804293441879,0.000976467683635567,0.0116647972727995
" 5387",29,0.825515334718102,0.374545977376368,0.00252637235518536,0.0123718959878764
" 8479",32,1.06316272185837,0.3875660854761,0.00796074790132762,0.0132029733435682
" 6384",60,1.05156410846798,0.350431651262888,5.46885309828361e-05,0.00906763440120746
" 6396",70,1.05252851059251,0.342311726452523,0,0.0082762514527683
" 6257",58,1.00067090587997,0.33635737464317,0.000804872510334349,0.00981419139821341
" 6398",67,1.05054499231918,0.341321031916194,1.90220977331604e-05,0.00833983792782843
" 6255",62,0.967938510312164,0.326276335630053,0.00106840782267918,0.0099728743054388
" 6386",68,1.05303725228375,0.341467029139249,0,0.00825496965100969
" 5644",58,1.09415248548492,0.365638464045126,0.000176746991437282,0.011183181446573
" 5465",58,1.03512097646731,0.285343931495028,0.000454152583379204,0.0115362054250889
" 6387",59,1.04311078118831,0.339435570266744,5.54811183883845e-06,0.00812779313076208
" 6664",33,1.0285386256786,0.396966864295629,0.00201039795417339,0.0113193822966514
" 7514",40,1.07196852233392,0.37070100147185,0.00123604005895265,0.0118686095808705
" 6395",55,0.933751647833972,0.298017776567393,0.00034556810881908,0.00932434635381206
" 6758",36,1.10001924113043,0.425429682635209,0.00134858747054052,0.0112577997392232
" 6498",36,1.09647326624853,0.274293856204648,0.00105850048010982,0.0110829456137562
" 6539",34,0.845505684142891,0.212994928730012,0.000827857545095251,0.0112465037115459
" 6754",33,1.10833933835216,0.43755801226068,0.000792191111845575,0.0117521018546146
" 6524",39,1.05786598324456,0.280677769378346,0.0010204562846435,0.011175250743397
" 4621",53,1.13884166829409,0.42297459565775,1.5851748110967e-06,0.0104177673706834
" 4973",52,1.09867303289379,0.516855315327064,0.00286678864586838,0.0121543262425769
" 6500",37,1.08115793537383,0.268037070321843,0.00219705228818003,0.0110916313776541
" 4620",54,1.14667512260431,0.426387233396775,0.000124039928968317,0.0105529670512931
" 4619",53,1.12521195095717,0.416508962605835,2.33813284636763e-05,0.0104254008908426
" 4613",44,0.934292883801909,0.34967299926522,0.000334868178844178,0.0110508674086158
" 8317",40,0.838700781573173,0.28983560867261,0.000708573140560225,0.0107495204641785
" 6842",41,1.02954080066026,0.584472700342879,0.0040235699642662,0.0140059357712728
" 6826",40,1.12362259015042,0.490644401806378,0.00114806285693678,0.0123296235488165
" 6823",43,1.08615441594746,0.460580100301667,0.0005524334216672,0.0121157609959427
" 6392",42,1.05329599511356,0.38370369789905,0.000989941669529889,0.0115541880663815
" 8872",53,1.104899524133,0.420001063473509,0.00108465586449292,0.0117350329750742
" 6385",41,1.0531451057064,0.383438845455094,0.000275027829725277,0.0114174480065237
" 8871",48,1.09180739854411,0.382329584211448,0.00118293670278091,0.0118203282997123
" 6389",44,1.04843356993736,0.381669604650997,0.000435923073051592,0.0114609436439301
" 8876",52,1.10877456791281,0.418644014665228,0.000291672165241793,0.0114283672373411
" 6394",44,1.05275020491914,0.383076940715545,0.00231831816122892,0.0113928844515065
" 6285",40,1.06323782559443,0.289623708810472,0.000517559575823072,0.0104510419570314
" 7718",62,1.03636962560679,0.398014313194702,0.00134779488313497,0.0114151887104549
" 6286",37,1.01611347406416,0.284472531888353,0.000717291602021256,0.0104487495715869
" 4890",61,1.19899622590633,0.511191062209715,0.00262187913755394,0.0116752509027015
" 4563",41,1.10535573344856,0.328976269901589,0.00178847348061985,0.0121271908757783
" 8236",46,1.02636326201686,0.339935505384383,0.00144528313401742,0.0126016873432523
" 4885",49,1.07615999467958,0.415662977217787,0.00268924906702555,0.0112603713375576
" 7109",43,0.947199608583323,0.218184529725382,0.000309109088163856,0.00995304712035564
" 6994",25,0.860657881692763,0.156451240268788,0.00880247572601997,0.011981571764343
" 7045",38,0.837305687146865,0.188022564546413,0.00403268471943,0.011438369917042
" 7407",42,1.17749552979581,0.611231694170166,0.000685191812096548,0.0124264353617343
" 8875",62,1.17916752691516,0.447866992557814,0.000378064192446563,0.0119133395381247
" 7412",42,1.1197235881001,0.573032992861658,0.000909494047866731,0.0122189880777715
" 7063",52,1.06903399877017,0.237960811714677,8.71846146103185e-06,0.00948978189505764
" 8877",57,1.20935421804496,0.456899347385572,0.000945556774819181,0.0122281067799499
" 8868",39,0.791352462489953,0.276295104480549,0.000696684329476999,0.0117642186478744
" 6799",58,1.08476363148712,0.25539590706672,7.88624468520608e-05,0.00993816188964953
" 8235",50,0.991524546794932,0.423304042798382,0.00128121754106891,0.0120455472700145
" 6800",51,1.0262470668147,0.239616213501202,7.80698594465124e-05,0.0100326439149129
" 8534",83,1.08656150911117,0.399376444496329,2.41739158692247e-05,0.00907584352463935
" 8013",72,1.06115263590782,0.389222440574691,0.00065784754660513,0.0102515625822852
" 8597",50,1.15336998370251,0.483154261947237,0.00287312934511277,0.0125172795625803
" 8549",78,1.08699019012006,0.392594463038835,1.98146851387087e-05,0.00881667430774606
" 6436",22,0.944262426332127,0.440520869996917,0.000866298034264346,0.0123525726161364
" 8543",75,1.08068885012937,0.393916016465589,1.42665732998703e-05,0.00896051714607074
" 4506",39,0.951548892298722,0.229353510136813,0.00375567542119085,0.0128416044555012
" 8475",48,1.05383883299809,0.393185774227717,0.000182691396978895,0.0106799044990239
" 6587",36,1.08740073928848,0.507636338222057,0.000384008597988175,0.012311237117163
" 8815",62,1.17727379936961,0.489025237060023,0.0037580531834075,0.0127507830704038
" 8672",64,1.04006524510111,0.433144671084751,0.00420348730532567,0.0120587713345774
" 8461",60,1.192350452048,0.45612192001574,0.00441748590482373,0.0123056233931444
" 6698",34,1.06337910200683,0.177541575919505,0.000429582373807205,0.0108288831308577
" 6812",33,0.992807591553943,0.182517350885701,0.00308950570682747,0.0117165678622922
" 7051",48,1.00345031676214,0.191076681334801,0.000532618736528491,0.0097283211754831
" 8874",31,1.00582347980998,0.36213463291061,0.00860076223130792,0.0131808457465993
" 8537",36,0.902104992859394,0.345426825574884,0.00413651366955684,0.0125998648435359
" 8015",55,1.1159083614972,0.46820959966417,0.00557347463581599,0.0130099524890175
" 6697",30,1.03694379259719,0.174313043796043,0.000517955869525846,0.0110767534386533
" 6809",30,0.951572510807549,0.182263935558213,0.00607597505093365,0.0118360409318833
" 6951",48,1.042402448447,0.227796449515417,0.000122851047859994,0.00924780611097698
" 8873",32,1.09871050952246,0.416157434523499,0.00546885309828361,0.0130816291671349
" 7720",61,1.05965894519627,0.399305495819486,0.000900379292702925,0.0112907388073506
" 6545",42,1.08794733104718,0.326007719633497,0.00638548043280028,0.0125987204288098
" 8336",79,1.0936546907833,0.39893387366261,5.54811183883845e-06,0.00828659471975307
" 6725",35,1.18935989936135,0.651357169282349,0.000301975801513921,0.0122198242488757
" 8239",80,1.0940376548244,0.398403809840524,1.62480418137412e-05,0.00826243151933608
" 4668",48,1.18298928011001,0.633231985612528,0.00126932872998568,0.0124238411619381
" 8334",79,1.09319638601119,0.397486398945153,1.98146851387087e-06,0.0084041669418238
" 6728",45,1.19613342624893,0.63038375035275,0.000277405591941922,0.0121958037766999
" 8631",81,1.08841305330774,0.39833014541978,6.73699294716097e-06,0.00873575996151868
" 8337",83,1.07649026151822,0.403435487046601,0.000256402025694891,0.00905305933908834
" 7011",25,1.16098990171412,0.638868787857921,0.000676869644338291,0.0127766953090426
" 8632",84,1.07691751780888,0.386298468744265,0.000169217411084573,0.00955609465869389
" 5478",21,0.941129463198076,0.315128580653724,0.00053063726801462,0.0114137551407444
" 8335",48,0.942473100920642,0.303640895459991,0.000923760621166601,0.0115366407168359
" 7012",35,1.17366949312755,0.645316909121442,0.000416900975318432,0.0127009459082133
" 8634",83,1.10175485560218,0.398616587714893,1.30776921915478e-05,0.00883209077300341
" 8833",62,1.09953289905656,0.390037986088688,0.000429582373807205,0.01068929689318
" 8648",76,1.06806093644369,0.388221164410223,4.04219576829658e-05,0.00886635003823507
" 8831",65,1.07670246289683,0.38051868979129,4.081825138574e-05,0.0100936852608298
" 6745",32,0.971638412313504,0.355687226342595,0.000911871810083376,0.010662936253922
" 8829",51,1.0876428824349,0.3865469517552,0.00168702229270966,0.0110706811933808
" 7534",49,1.04742881581668,0.25280031562093,0.000289294403025148,0.0103085118536191
" 8946",45,1.12025387474869,0.370198893286067,0.000139891677079284,0.0106107402865309
" 8840",59,1.03231929394605,0.359083561541943,0.000129191747104381,0.010313723743847
" 7508",51,1.01193623376619,0.237157735687243,0.000108584474560124,0.0101306045236325
" 8949",45,1.1123635435309,0.369227640029732,0.000179521047356701,0.0107306077661462
" 7963",44,1.03457206992422,0.421900155273303,0.00348500682219609,0.0127696066122584
" 8948",38,1.05671544525362,0.350060463909313,6.26144050383196e-05,0.0106020048161112
" 9037",36,1.07697956346224,0.34952090924914,1.5851748110967e-06,0.0109943328449771
" 8950",46,1.01685634044636,0.337974070530475,0.00150314201462245,0.0110859898459628
" 9030",34,1.08399904732648,0.34795821260029,0,0.0110029799744158
" 6194",50,1.06314217637559,0.36276322224683,0.00118412558388923,0.0111230821319653
" 6761",66,1.11175516334352,0.393830129910427,7.52958035270932e-06,0.0096575887007061
" 5423",54,1.01583836993631,0.25131890207997,0.0022909738957375,0.0124145010726662
" 6350",21,0.902626282693502,0.161502448512428,0.000889679362728022,0.0106426023312595
" 6160",39,1.04537031279145,0.17091995838851,0.0011048668433344,0.0106270372597579
" 7202",31,0.900058328549405,0.141433224204398,0.00522909540810524,0.0106791964138366
" 7105",35,1.04713622670206,0.18131537318803,0.00172031096374269,0.0104315004500281
" 9028",32,1.07872025652221,0.346384755016692,0.0010787114589513,0.0110426729961083
" 9109",30,1.05787922303451,0.358112676343763,8.63920272047701e-05,0.00954530650419466
" 6760",64,1.10116882293158,0.389979683058121,8.32216775825767e-06,0.00968376411812491
" 7209",39,1.05018952631015,0.196361860107584,9.35253138547053e-05,0.0100202439801991
" 9038",33,0.99414273541269,0.323263136215224,0.000692325098746483,0.010922365978427
" 9110",28,1.0433204978613,0.352935771341923,0.000172387760706766,0.00955021357506799
" 6767",67,1.10096111692583,0.388636710832335,9.11475516380602e-06,0.00964375835566124
" 6333",38,1.07198581878378,0.1848494001825,0.000196957970278765,0.010352520702813
" 7096",41,1.02990547156202,0.201154039405426,0.000301183214108373,0.0100758732685342
" 8642",48,1.18348935470658,0.453135511264351,0.000609499714866681,0.0114773406780696
" 8497",73,1.09966088971733,0.400383965287662,0.000360627269524499,0.0107446580829364
" 9108",30,1.05503279273846,0.357927628430276,0.00018982468362883,0.00957300685241411
" 6749",63,1.08241688761474,0.377559086943768,4.71589506301268e-05,0.00972740346027626
" 8021",61,1.1846118109474,0.448502158150502,0.00222320767256312,0.0117710180136921
" 6330",38,1.03578567517123,0.175669545503701,0.000127606572293284,0.0103841394285106
" 7649",55,1.16503204297879,0.558917119422096,0.0020270422896899,0.0128673251525995
" 8641",58,1.13824252636576,0.441808371458647,0.00056669999496707,0.0113358049207512
" 9113",23,0.84910424163823,0.27257514769102,0.000836179712853509,0.00966926876945502
" 8495",67,1.09853018473747,0.402129462013367,0.00022786887909515,0.01075947069953
" 7040",40,1.16807589581353,0.465469921008682,0.00961923704743754,0.0128107570814609
" 7652",57,1.19644371852121,0.59091621811398,0.000740276636782159,0.0126298660799845
" 8638",59,1.12664374556221,0.439910697963519,0.000209243075064764,0.0108448515128361
" 8511",81,1.10536008491319,0.375645259259782,0.000493385659953848,0.0105161626832492
" 8650",41,1.03390203161871,0.404088988452356,0.000369742024688305,0.0112728429622987
" 4989",50,1.03371586567051,0.483784992605133,0.00370851647056073,0.013243859120746
" 6953",42,1.17138039549122,0.439927910482701,0.00259810151538749,0.0121204234415952
" 8841",37,1.09462890527235,0.443157113637513,0.00319848647509037,0.0120581554391341
" 9579",47,1.25656114992374,0.620361677824419,0.00414087290028735,0.0140096685822146
" 8947",39,0.795597477082277,0.289668582707487,0.00147421257431993,0.0117176372047609
" 6382",65,1.04108618258726,0.342114365467795,0,0.00830490216008001
" 7691",73,1.12458105790134,0.43686073533963,0.000154158250379154,0.0107435790243727
" 9535",50,1.13037535562379,0.57277527329775,0.00303600605695295,0.0133465506811637
" 9104",51,1.25139661923792,0.63759075677726,6.65773420660614e-05,0.0114332981851521
" 4617",52,1.08811154217886,0.393718088051278,0.000267894543075342,0.0105636697801905
" 6358",68,1.00849724770919,0.328620730086889,0.00013672132745709,0.00899222236188876
" 9106",51,1.2435292473604,0.632135383644641,0.000380838248365982,0.0114131626113117
" 6373",61,1.06073452688177,0.36046351186182,7.9258740554835e-06,0.0093620996659947
" 4624",42,0.930895633649903,0.351140338030766,0.000636051392952551,0.0107767036854566
" 9107",52,1.24920333965193,0.632264999971152,0.000427997198996109,0.0114612606117569
" 9115",26,0.730821235101317,0.354821739796398,0.00149442355316141,0.0110366889844157
" 6397",64,1.0668189581597,0.361971635562519,5.15181813606427e-06,0.00917724840352278
" 8346",22,0.36001799285667,0.120768722226899,0.000663395658443969,0.0116749264845243
" 6910",25,0.901250166727417,0.162962360194384,0.00216495249825532,0.0111477480695843
" 7038",43,1.09688495398676,0.314863559245303,0.00099192313804376,0.0114669428079559
" 6870",40,1.04159587681799,0.17382867234216,0.000288105521916825,0.0104535152752959
" 6297",35,1.03799153788906,0.161347249047981,0.000195372795467668,0.0101074218891571
" 7442",55,1.03381200947389,0.231439862807008,0.000198146851387087,0.00904827774939796
" 7111",32,0.972383722149506,0.15986846109953,0.00132599872948239,0.0107487862902284
" 6388",64,1.06728989167864,0.361215326878712,7.9258740554835e-07,0.00913337488856523
" 6872",33,0.999391034289942,0.171093486346397,0.00196561676575991,0.0107324115969786
" 6903",49,1.03091791589964,0.315935826193733,0.000396689996476949,0.0114373465430945
" 6299",28,0.940231897773355,0.145028177810898,0.00100698229874918,0.0105784934648107
" 7435",54,1.0080509397443,0.218840808334955,0.000148213844837541,0.00914159757022545
" 6391",65,1.06695223567196,0.359369973545662,1.34739858943219e-05,0.0091911601002479
" 4622",61,1.15724095744211,0.444966401549192,0.00198344998238474,0.0113915510396547
" 6867",44,0.953620314031555,0.166339090946381,0.000313864612597146,0.00988401743560796
" 6950",54,1.04178301876735,0.238281517188903,0.000673303001013323,0.0105400477276737
" 6426",54,1.01816779206382,0.174147398067756,0.000201317201009281,0.00929476780542551
" 6368",62,1.06652934523649,0.359435402168164,2.06072725442571e-05,0.00925638120495268
" 4625",54,1.03407750739867,0.402377247330939,0.000313468318894372,0.0105228037531196
" 8320",71,1.11093947471114,0.391365792634654,6.97476916882548e-05,0.00972721577078885
" 7068",34,0.64003259235753,0.179553256573365,0.00199573508717074,0.0115388783802847
" 6948",52,1.08717403036524,0.250559827033525,0.000243324333503343,0.0101123222157236
" 6770",34,0.953281930658431,0.322312798841088,0.0058726763814105,0.0116139157259706
" 6363",69,0.957386365613542,0.315638500180121,0.00028097223526689,0.00938547707883525
" 6497",38,1.05158659236664,0.271903906815378,0.00518629568820563,0.0117464868656616
" 6788",33,0.797417093268061,0.275520851452326,0.00181185480908353,0.0124896880130015
" 6220",37,0.990181672829206,0.16499273996613,0.000589288736025198,0.0102310214927024
" 6113",25,0.974657733784952,0.160367751223425,0.00161925606953528,0.0109003544781636
" 6352",23,1.03543637359976,0.188322928081677,0.000536185379853458,0.0106882545907148
" 8316",73,1.11460012733,0.390709966323787,1.62480418137412e-05,0.00973111629881737
" 6988",41,0.982256136621035,0.212419926248319,0.000847275936531186,0.0108161588224831
" 8705",79,1.09059302115385,0.39772947514081,3.8440489169095e-05,0.0089219740245937
" 7348",66,1.08985289797077,0.266384703095588,0.00272491550027523,0.0107823395165141
" 6351",27,1.05062897825979,0.195457644694018,0.00288303668768212,0.0109876430256476
" 8315",71,1.12334581204583,0.390822112641113,6.53884609577388e-05,0.00950694068381955
" 8637",62,1.12898933364174,0.41125198733252,0.000415712094210109,0.0099961810419581
" 8327",68,0.936840015514775,0.333328394666194,0.000484667198492816,0.0106309270368574
" 8635",67,1.04464401156111,0.380563339333317,1.42665732998703e-05,0.0094749692331586
" 8857",43,1.15428743245151,0.468209331600989,0.0132041098827327,0.0134378309425258
" 7694",37,1.2160379337161,0.722826508929653,0.00353771388466506,0.0135562266168315
" 8715",38,0.686190347430845,0.244197696465628,0.0012736879607162,0.0124794127221094
" 8633",44,1.13208146061871,0.417416596679469,0.00194699096172952,0.0110704114479373
" 7693",41,1.23044499330362,0.68296883326497,0.00286242941513786,0.0133871782733568
" 6970",41,1.13292374808676,0.403226235071996,0.000110962236776769,0.0110747211600993
" 9097",25,0.853269534226781,0.303209477134438,0.00234962536374808,0.012523633035769
" 8652",28,0.737746880644802,0.322447229575811,0.00333243374662804,0.0128920206840013
" 8963",35,1.03864109161076,0.346818817819163,0.00568483316629554,0.0122438947830691
" 6971",30,1.09338318880733,0.37988997911976,0.000827461251392477,0.0111132902478451
" 4793",71,1.03605064353033,0.20345047164053,0.000358249507307854,0.00905950731432193
" 6969",33,1.0988923120564,0.382975693232375,0.00244552843981943,0.0112477027400515
" 9043",30,1.00120475913281,0.301134686112043,0.00188516914409675,0.0111375668240313
" 8959",33,0.779140297811294,0.251922768545266,0.00197671298943758,0.0120259307127631
" 9032",33,1.25177465719619,0.593628872095346,0.00224381494510738,0.0124068372521757
" 9035",25,1.20530517581386,0.576551917770992,0.00210630103024474,0.0125667271789694
" 9031",26,0.959456957345923,0.483267675523286,0.00106603006046253,0.0122778242514075
" 9111",49,1.25206285737757,0.630358651239713,0.00132203579245465,0.0120240443461867
" 6744",63,1.0751622937108,0.381323042511958,0.000142269439295929,0.00955329701753968
" 6203",43,1.05721196387534,0.202975839823019,3.56664332496757e-06,0.00951951286878938
" 7642",54,1.02553545533427,0.178827823457163,9.9866013099092e-05,0.00915703032027543
" 8701",60,1.11085668220266,0.417422105478417,8.55994397992218e-05,0.0100565670345383
" 9112",50,1.24824100984955,0.628459029477076,0.000200128319900958,0.0118824975348861
" 6742",51,1.0644933736303,0.374328392279077,0.000405012164235207,0.00978778910248172
" 6201",47,1.0574046864332,0.204171495352821,1.90220977331604e-05,0.00960843871604857
" 7639",52,1.02142394946752,0.176404080478159,0.000456530345595849,0.00933350216716488
" 8698",64,1.11355541318707,0.419569240851691,0.000150195313351412,0.01007223628712
" 9105",37,1.15067545807811,0.559037337674021,0.00149164949724199,0.0117428102880553
" 6738",57,0.998849652042544,0.339550107965279,0.00011294370529064,0.00970443072282894
" 6199",51,1.05987395244824,0.206663649813096,0.000641203211088615,0.00973507423865583
" 6672",32,1.24392351976786,0.612780945558481,0.00567056659299567,0.0135764748693386
" 6887",41,1.01525824107557,0.482098886315163,0.00160697096474928,0.0129672423555331
" 6252",29,0.980750963006953,0.168393308970086,0.00476186513253448,0.0116144865156332
" 8696",61,1.0895647757141,0.410263251307067,1.5851748110967e-05,0.00981276294482957
" 7031",33,1.04531330771446,0.362853467036312,0.0038563340216955,0.0124928764990704
" 6885",38,1.19706536387354,0.55651892331028,0.00603713826806178,0.0133849684325126
" 6848",48,1.21616779822642,0.584309781469595,0.0006245588755721,0.0130571531260407
" 8702",67,0.997791420343968,0.349613122992606,0.000250457620153278,0.0100770442137282
" 6403",64,1.07092000615678,0.350532450546877,0.00050408558992875,0.00967389731281023
" 6714",40,1.02967316349033,0.196622090544715,0.000267894543075342,0.0102555673709922
" 7049",52,1.09605343739733,0.248338907703397,0.000224698529472957,0.00895522968453898
" 6624",55,1.09367034283837,0.261460453064653,4.87441254412235e-05,0.0102269139080719
" 6510",51,1.05026306332715,0.185759488019974,0.000198146851387087,0.00949470375524197
" 6251",39,1.01626619516013,0.15854657907338,0.00033130153551921,0.0100602848358592
" 9509",24,0.660319661752397,0.278728479691309,0.00166443355165153,0.0125427219047442
" 6407",62,1.05460087084135,0.346359823998428,0.000434337898240496,0.00999052683988393
" 6957",52,1.04043639153578,0.231068565293606,0.000170406292192895,0.00905238372834811
" 6813",25,0.730287511195533,0.272051656331349,0.00519976967409995,0.0128844581124062
" 6692",42,1.00553889266196,0.209476698555896,0.000680832581366032,0.0104559255155461
" 6439",49,1.0251982217337,0.178750960879264,0.000625351462977648,0.00992533318991932
" 9545",33,1.1190363375604,0.554056686721373,0.00540544610583974,0.0142299659924657
" 6401",57,1.06540602903707,0.344675589122881,0.000446226709323721,0.0101027311355375
" 4874",27,1.09362219259472,0.308291948824897,0.00134422823981,0.0117019065071574
" 7056",47,1.05879677605053,0.210951499378043,0.00107950404635685,0.0103499774982948
" 6696",37,0.959650285920855,0.175088837481483,0.00105929306751537,0.010806468509128
" 7467",42,0.94241144253319,0.359012331971334,0.00148372362318651,0.0114695294317478
" 7320",53,1.00670642516763,0.266455670363794,0.000660225308821775,0.00974090762169858
" 9541",51,1.15071078577748,0.543989014154515,0.00342754423529384,0.0139013292251265
" 6409",51,0.89827925559753,0.287954615113718,0.00173140718742037,0.0103545933975896
" 4873",29,1.06022800589112,0.31191484066548,0.00194976501764894,0.0120556612352037
" 9544",55,1.30682195029712,0.604127713347355,0.0101685001194826,0.0145392953031978
" 9040",32,1.02804406604245,0.463666026518828,0.00564005197788206,0.0132806528401981
" 7207",33,1.14397511543804,0.383126224553812,0.00285331465997406,0.0116907735599781
" 9517",28,0.907947132964047,0.468250624392188,0.00274076724838619,0.0138642306308359
" 9123",15,0.285834759409656,0.136742390639215,1.5851748110967e-06,0.0116244820061194
" 7107",31,1.06542114249673,0.354343074509276,0.00271381927659755,0.0117143318936016
" 7100",29,1.08745826120735,0.376005382727778,0.00468934338492681,0.0117167419051297
" 8486",39,0.873194501284167,0.327120239425797,0.00234447354561202,0.0126966475343987
" 6393",63,1.05448770479614,0.347659487955223,1.10962236776769e-05,0.00876036567902496
" 7525",53,1.03415795267062,0.246460681134121,0.000859957335019959,0.0108045723281943
" 6400",61,1.05548707098759,0.351527351669408,1.5851748110967e-05,0.00859983949779217
" 7362",51,1.02698697919877,0.235058734507314,0.00123802152746652,0.0112443352613847
" 6370",62,1.06738189108042,0.360516256266666,8.63920272047701e-05,0.00884223391889269
" 5661",39,0.997155133006448,0.218832872330907,0.00116589607356162,0.0120509664453541
" 7461",53,1.07983165475972,0.235886908537833,0.000104225243829608,0.00979304276879063
" 6377",53,1.03837006374499,0.343876397107957,8.12402090687058e-05,0.00885103894426686
" 6204",40,1.04511236413903,0.197768012697677,0.000201317201009281,0.00980471032590633
" 8697",49,1.06969845491279,0.37930238808838,0.000715310133507386,0.0107797059773043
" 7464",51,1.05723199455754,0.242176881639635,0.000573833281617005,0.0101239275182352
" 4615",47,0.99428060434041,0.353332611469754,0.0022695740357877,0.0121788014212335
" 6159",40,1.05967173563165,0.177141815106445,0.00127527313552729,0.0107329931348381
" 6266",31,1.04687041762645,0.164389860652379,0.00429384226955818,0.0114589282978379
" 9346",50,1.04156437234863,0.414076327996905,0.00648970567662989,0.0131503452105213
" 6494",31,1.06029718212747,0.181259329639614,7.37106287159965e-05,0.0102708897652276
" 7110",47,1.06653827850564,0.189049561657233,4.79515380356752e-05,0.00952576645960161
" 8693",52,1.06677835744446,0.380683553274721,0.000421656499751722,0.0107757108137749
" 7466",50,1.03190285879247,0.230365059604413,0.000901171880108473,0.0103820064617979
" 4618",40,1.1354694666458,0.431534047891343,0.00043473419194327,0.0112367669956077
" 9344",46,1.14046558563539,0.46058547897637,0.00496318233354377,0.0131485501376828
" 7199",43,1.06873488999538,0.191906445499267,5.6669999496707e-05,0.00968166900161487
" 6492",30,1.03370751458538,0.184803644065339,0.000548866778342232,0.0103830701911787
" 8690",43,0.920227965824727,0.338448067413704,1.30776921915478e-05,0.0103720164547278
" 4616",42,1.01021309192323,0.381649963511459,0.00126853614258013,0.0119399979588618
" 6668",55,0.95206063970895,0.193503836065237,0.00132599872948239,0.0106680099858082
" 6334",39,1.03269726549696,0.188870967655787,0.00197869445795145,0.0107949578725666
" 9335",35,0.768401126370988,0.258965945556455,0.00430612737434418,0.0126377565215613
" 7101",44,1.04861705940318,0.183005060945599,0.000145836082620896,0.0098250120627326
" 6488",22,0.973657921662077,0.155547266623233,1.18888110832252e-06,0.0101899736067271
" 8692",45,0.691007964006911,0.24006551778346,0.000898794117891828,0.0111155923246403
" 6964",42,1.06210784669299,0.271854585218333,0.000727991531996159,0.00980445517595739
" 6699",34,0.847329792900387,0.178747470267511,0.00122652901008607,0.0106588203988349
" 6331",21,0.944583773670263,0.163869520494567,0.00265754557080362,0.0109329873335766
" 6962",44,1.06682910105664,0.269965156194887,0.000343982934007984,0.00982352166659692
" 7444",39,1.1229309756841,0.391843284511518,0.006085882393503,0.0114396053778028
" 6182",33,1.15843790870313,0.490796312352139,0.00468815450381849,0.0131403927103008
" 9196",45,1.12359497209808,0.415867885732611,0.00586435421365224,0.0135387487779114
" 7450",34,1.0289536863377,0.340518307604578,0.00121305502419175,0.0109405732691345
" 6177",23,0.85755806809453,0.329629036832948,0.00310971668566895,0.0129221416979471
" 9041",17,0.59211967025794,0.243796564617325,0.00168305935568192,0.0130800257108164
" 9054",42,1.07233837544655,0.429663261834582,0.0043089014302636,0.0134715133286257
" 8324",58,0.90784135293537,0.330522933735949,0.000567492582372618,0.0105797195567793
" 6642",28,0.858417706832127,0.479800475780856,0.00572723659249237,0.0140505710421835
" 3788",59,1.06090018739792,0.336223806881931,0.00253786487256582,0.0122296231415934
" 8332",53,1.1062174809857,0.419485827486979,7.80698594465124e-05,0.00997818781057321
" 8330",53,1.0951779812982,0.414454948255662,3.4081258438579e-05,0.00997874088071934
" 7113",26,1.00844210045931,0.224578481110594,0.00320165682471256,0.0109496712792902
" 8328",56,1.07696284034128,0.393789366744135,0.000264327899750375,0.0101224576385429
" 8639",53,1.08305935810015,0.457902567166953,0.000215583774309151,0.0111982647865827
" 6343",45,1.04105331070929,0.20901074988789,0.000966164047363438,0.00977749149001111
" 8888",50,1.22769655401478,0.556574492318159,0.00917697327514157,0.0133375455719424
" 8321",60,0.962107640867178,0.364253368151781,0.00133590607205174,0.0110772692777516
" 8640",50,1.082652876824,0.466870049765153,0.000297616570783405,0.0112838832797029
" 8553",57,1.14394975392032,0.437798152754661,0.00140446488263168,0.0123056559231816
" 6342",39,1.04397795652797,0.209705308648126,6.02366428216746e-05,0.00949987632773218
" 8630",48,1.06514659416083,0.455960694234205,0.000693117686152032,0.0113790867385883
" 8836",33,1.06607841117149,0.486875068529715,0.000631692162222035,0.0111817732812565
" 8457",46,0.962820850317799,0.366003025787953,0.00248912074712459,0.0126574539785616
" 6345",35,1.0216946451495,0.197273545373721,0.000148213844837541,0.00988611658207091
" 7137",29,1.13474299105482,0.446174326509783,0.0040112848594802,0.0130172972338998
" 8970",32,0.784327619819562,0.449792409597167,0.00122415124786943,0.0129999712214969
" 8835",36,1.07297795593725,0.489901575700734,0.000565511113858748,0.0111622860022819
" 9215",45,1.17155926789556,0.443559764333599,0.000995886075071501,0.0123007212677255
" 8828",29,0.959257467461988,0.43742630955994,0.000700647266504741,0.0110330173870527
" 8958",47,1.0182545039001,0.449993757318197,0.000749787685648739,0.0120724202238392
" 6298",45,1.02869176126467,0.161769979761601,0.000233416990933989,0.00994930933749369
" 7445",55,1.0684963245424,0.245575208915701,0.000416900975318432,0.00926035849162539
" 7116",57,1.0883808621034,0.233140635790088,0.000525089156175782,0.0107902513184452
" 6603",44,1.02355801558859,0.16626342040057,0.00254816850883794,0.0106646355950937
" 9209",42,1.13346946088045,0.451643124779481,0.000985978732502147,0.0123723575956663
" 8960",36,0.952054417633689,0.471570550062156,0.00298646934410618,0.0133637059875862
" 6303",33,0.98933204991249,0.155271757777666,0.000664188245849517,0.0105694675085842
" 7447",61,1.06434568040765,0.240643081007255,7.13328664993515e-06,0.00893209149066169
" 7009",54,1.01922365717767,0.213216773046029,0.000538959435772878,0.0111058459504676
" 9213",27,1.15260866036778,0.456782168266018,0.00178569942470043,0.0126740261598886
" 9027",40,1.16352586202012,0.531777051363764,0.00110367796222608,0.0117778616186848
" 6424",57,1.03438624012943,0.190593685823983,0.000905927404541764,0.00992950969906735
" 7449",62,1.04429975090274,0.236095366989496,2.97220277080631e-05,0.00893064597816604
" 9026",43,1.02293359375123,0.4713895039421,8.91660831241893e-05,0.0115850583530918
" 7102",37,1.06303525864876,0.23391528077891,0.000638032861466421,0.010454400945824
" 9103",40,1.05960871222189,0.491896675827937,0.00292345864536509,0.0122087546271958
" 7098",41,1.03549382246856,0.230532105315265,0.000296427689675083,0.0104369755978553
" 6406",32,0.949442294251132,0.190251918593995,0.00300271738591992,0.0114584530124199
" 6415",37,1.02672132014567,0.236485815293987,0.000875809083130926,0.0110361651067598
" 4614",45,1.0996724347055,0.41286717342099,0.0066997413391002,0.01289283337692
" 4626",41,0.993259736289065,0.356484466772624,0.0017385404740703,0.0119451317077744
" 7408",43,1.22719105450099,0.611842827679779,0.00350521780103758,0.013488043467329
" 8879",45,1.02159212300616,0.476945904672382,0.00159428956626051,0.0123098333517868
" 9194",45,0.6926693148846,0.247096603133087,0.000837368593961831,0.0112516684531077
" 9190",54,1.03913108168683,0.391747846016277,0.00736709993457191,0.0132213346169889
" 8357",65,1.07129046445974,0.401090877096877,0.000467230275570752,0.0102458209156577
" 8352",50,1.06489131167574,0.395039869872698,0.00066735859547171,0.010588214802446
" 8623",70,1.10743374760071,0.46920078916004,0.00137236509270697,0.0117924093935997
" 6485",30,1.07195201612557,0.179802215419687,0.0048367646423588,0.0116718544235996
" 7643",53,1.0543475558951,0.180873080886718,3.72516080607724e-05,0.00928204714685662
" 6682",30,1.03856762198687,0.164059486635428,0.000318620137030437,0.0100424412597857
" 8551",28,0.581156043467566,0.267232624470764,0.00118650334610588,0.011947898649532
" 7641",47,1.05744723311383,0.181979755349654,5.98403491189004e-05,0.00905470010106652
" 6679",22,0.913604424302891,0.142251466745727,0.000988356494718792,0.0102715310995452
" 3803",64,1.05743426194216,0.343180285161888,0.0012229623667611,0.0124988391316058
" 6752",54,1.08363105671268,0.390423716422693,5.46885309828361e-05,0.00946998070503041
" 6937",37,1.02768441665305,0.195819420650909,0.00120750691235291,0.0110327602946772
" 6538",47,1.01653401352369,0.173039044225845,0.0010541412493793,0.0104502580772607
" 6751",41,1.00408260396018,0.362047182294373,7.09365727965773e-05,0.00965495410150667
" 7439",56,1.0813249620371,0.287672283828294,0.00159072292293554,0.0101136344179646
" 6746",51,1.0501103632563,0.388337612695065,4.55737758190301e-05,0.00965459748401267
" 6438",45,1.06057810684882,0.184335738924664,0.000101054894207415,0.0098308363968876
" 6254",31,0.949407260685614,0.160309516789569,0.00365462052698344,0.0109307874617471
" 7431",46,1.02858663215228,0.256451618669449,0.00140803152595664,0.0100446179898279
" 6440",48,1.04471173207369,0.180093409996058,0.000144647201512574,0.00960504386772981
" 6719",39,1.15168600014028,0.577528620726596,0.003995829405072,0.0131000221852747
" 8687",59,0.884696787831987,0.316512223925133,0.000387178947610369,0.0101041922946262
" 6432",38,0.912970770229949,0.184983954136351,0.00528576540760194,0.0110787227836769
" 6998",32,1.02355932729189,0.52695151673924,0.00127725460404117,0.0123953440354029
" 3848",90,1.0902215752036,0.30245063783962,4.59700695218043e-05,0.00981827328771906
" 5139",37,1.07325960312686,0.432496125767698,0,0.0103495411163835
" 8700",68,1.14037060499921,0.431522629273881,0.000311486850380501,0.0105785989336174
" 5138",35,1.05935479197092,0.427240467073953,0,0.0102914924349425
" 8695",75,1.14394465951952,0.430846717670641,1.70406292192895e-05,0.0104428545367128
" 5142",32,1.07853075760028,0.425694376768413,0.00062654034408597,0.0106081125912849
" 8691",69,1.11968358052865,0.419159285880506,0.00010343265642406,0.0101077708733752
" 8858",54,1.14144374329832,0.517139964778659,9.23364327463827e-05,0.0110265230394678
" 8689",64,0.85209047693799,0.31101965788315,0.000287709228214051,0.0099270609873299
" 8855",53,1.13588374154702,0.515025319298346,0.0002762167108336,0.0111230273256411
" 8536",84,1.13347430791819,0.444973199034437,4.43848947107076e-05,0.0100937495128588
" 9217",26,0.888983246475044,0.340665890229716,0.000815572440309252,0.0122384548074554
" 9127",74,1.04432740835966,0.362454834807587,0.000141873145593155,0.0103476323311109
" 9132",39,0.655806044397791,0.265476631327485,0.000327338598491468,0.0117560442359756
" 6873",61,1.05519253217919,0.188601522692687,0.000269479717886439,0.00978011698255661
" 7005",49,1.14937185983555,0.304590185171057,0.000282953703780761,0.0111128100879123
" 8852",47,1.11120115005032,0.504742520653737,0.000362212444335596,0.0111672415788077
" 8962",62,1.12104122605764,0.488124470673722,0.00252795752999646,0.0125012614483177
" 8538",82,1.14444970076523,0.455605407061409,4.83478317384493e-05,0.00998339459649386
" 9126",51,0.966659168712279,0.350128494574886,0.00212571942168067,0.0113593971998816
" 9210",21,0.683354636428689,0.224964381608163,0.00225808151840725,0.0127346677428138
" 6869",57,1.05900873754008,0.185192650322086,0.000517163282120298,0.0105977469094684
" 7037",56,1.12702265017767,0.315577794656109,0.000287312934511277,0.0110889276952406
" 8541",47,0.899977611839577,0.323530780783318,0.00199533879346797,0.0116903736471667
" 9214",33,1.00970966891362,0.340043212992269,0.00295991766602031,0.0128475225366433
" 9122",44,0.977252958256429,0.352983645961369,0.000492989366251073,0.0111083023008998
" 7066",44,1.02996761768112,0.272712130579085,0.00318659766400714,0.0114538475097138
" 6944",52,1.08441426062536,0.236280902480102,0.000473967268517913,0.0102209531045012
" 9212",34,1.28743497543232,0.478303162909246,0.00264763822823426,0.0128285890489097
" 6981",58,1.05816844944261,0.241666995734638,0.000222717060959086,0.0106012867028889
" 6399",68,1.04641927589874,0.342704223016127,0,0.0080842028263541
" 6586",50,1.01307004125128,0.167443034620667,0.000174765522923411,0.0100222020677219
" 6379",73,1.05535068853487,0.355379291969076,0.000264327899750375,0.00857033388352748
" 7645",37,0.994463966863855,0.197297066203555,0.00175597739699237,0.00988711490154149
" 6376",71,1.04614931547365,0.34258872143465,7.13328664993515e-06,0.00822105713992083
" 6490",29,1.04233516677896,0.170310021231209,3.4081258438579e-05,0.010279158748863
" 9088",18,0.752035426693355,0.208376928616929,0.00202466452747326,0.0123587278553043
" 6659",33,0.948654045577226,0.206585851653567,0.00282398892596877,0.0116316438231082
" 6366",57,0.988051560200035,0.320305124971796,0.00132163949875187,0.00941591808469829
" 6493",27,1.03042318494956,0.17169822338284,0.000792983699251124,0.01039227465991
" 9089",34,1.04285391760882,0.309818601162479,0.00318540878289882,0.012665517827187
" 9006",27,1.15355040827931,0.330208851293887,0.00530161715571291,0.0127375269800891
" 9129",37,0.929300426639252,0.358541140437074,0.00295278437937038,0.0129607433656315
" 4900",31,1.02782591802593,0.202772210949338,6.81625168771581e-05,0.0110073330295087
" 9128",47,1.03134624393054,0.395838292749391,0.00585405057738011,0.0132831040774152
" 6198",42,1.04465745270353,0.196906380902951,6.65773420660614e-05,0.00921499706433407
" 8709",30,0.706605174879503,0.258397744349692,0.00148213844837541,0.0119084073159717
" 6200",45,1.04670933165701,0.202880957645231,0.000179124753653927,0.00921833611060835
" 6781",40,1.11493975719062,0.541098083044781,0.000882149782375313,0.0128760248854326
" 3852",73,1.05616168493051,0.274454580531532,0.000413730625696238,0.01066899264282
" 4821",96,1.05213761199616,0.207949082734741,0.000120473285643349,0.00841965260818183
" 6810",28,0.934043924562667,0.280074901255643,0.0121345131789452,0.0130753552304601
" 6963",49,1.01989386336691,0.193250790621437,0.00143775355366471,0.0101079784478138
" 6635",34,1.07196813091057,0.18039142045823,0.000757317266001448,0.0106596838745345
" 4774",80,1.03589087066927,0.202300798957565,3.1703496221934e-06,0.00837715947461276
" 6700",46,0.95672584070877,0.193455687625807,0.00207301235921171,0.0107240866766927
" 7053",47,1.03980453510285,0.19957849771004,0.000727595238293385,0.0102549690160846
" 6967",50,1.06270300727937,0.238900067629012,0.000757713559704222,0.00954969172301322
" 6606",51,1.03981728361677,0.171672167161484,0.000187843215114959,0.00970280812656046
" 6486",38,1.04870055075416,0.179252054141845,0.00215028963125267,0.0104246879458253
" 9202",21,0.621610077709265,0.267304535134704,0.0036138022755977,0.0132471482434314
" 9142",46,1.1669947885162,0.426899546442926,0.00756920972298674,0.0135046589827957
" 9125",40,0.838449814336722,0.316067990720856,0.00275344864687497,0.0120702410203448
" 9193",26,0.609380356657126,0.208667930849846,0.00226204445543499,0.0130092138027068
" 6367",47,1.11885474426075,0.437779119600921,0.00550174547561387,0.0111862052543322
" 4905",48,1.04402281703256,0.229262109505448,0.000448604471540366,0.0107212825917992
" 7544",44,1.05691613572518,0.269521212138458,0.000967352928471761,0.0113890139291823
" 4627",49,0.978017916146348,0.350165352189856,0.00106603006046253,0.0112925276114391
" 4909",36,1.04641833465649,0.20689742090656,0.000134739858943219,0.0112563634990526
" 8340",45,1.1411581754135,0.389274220223136,0.002028627464501,0.0117700048317224
" 6374",65,1.0757222773824,0.381824212390246,5.07255939550944e-05,0.00975405188567187
" 7463",56,1.07344690022748,0.236883993742362,0.000143458320404251,0.00978300179373895
" 7458",48,1.02478074741136,0.23319628334266,0.000756128384893126,0.0102115658319018
" 6355",55,1.04251086546086,0.370046657953589,0.00176865879548114,0.0105309468783326
" 7206",48,1.06410865855756,0.196749650406057,0.000331697829221984,0.00982937369739744
" 7204",45,1.06693001719042,0.196532401946432,0.000914645866002795,0.0100230607490536
" 6332",29,1.01923856272151,0.169617907278988,0.000978052858446663,0.0105214430376783
" 6681",20,0.956503904143647,0.148587843979336,0.000197354263981539,0.0101776479942319
" 4824",86,1.04219669874128,0.216025758758718,1.5851748110967e-06,0.00801436931336473
" 4817",82,1.03476540310097,0.218479807972039,2.73442654914181e-05,0.00810142395388334
" 3850",69,1.04451639669146,0.338809170313295,0.000609896008569455,0.0113221056073981
" 4784",80,1.03322143401902,0.213999887072567,2.97220277080631e-05,0.00832549851627683
" 6344",43,1.01519204179181,0.199557595775752,8.67883209075443e-05,0.00961910997570508
" 7436",55,1.04505681168628,0.21987185526425,5.38959435772878e-05,0.00915836336249396
" 7440",56,1.05508495201674,0.237111926543268,0.000594836847864036,0.00949040742594486
" 3857",86,1.10013992158362,0.299980408704313,0.000334471885141404,0.0106809498879025
" 6024",16,0.614558268413832,0.282075233248333,0.00768254972198015,0.013088719567234
" 6454",40,1.02950893216945,0.246608732330778,0.000687965868015967,0.0110862469340555
" 6458",39,0.92030612422626,0.196998716872866,0.00148768656021425,0.0110196599502792
" 8481",48,0.819720136948549,0.36843590007546,0.000518748456931395,0.0121490410520915
" 8293",34,0.561633249886041,0.229470995877006,7.80698594465124e-05,0.0110865481447014
" 7637",50,1.0477988563316,0.176288682705874,7.17291602021256e-05,0.00894472610944574
" 7635",49,1.01930076664996,0.166119484287552,0.000117302936021156,0.00910571662859716
" 4795",90,1.040337230339,0.209396579177119,2.37776221664505e-06,0.00814829173616117
" 4808",83,1.04642904852189,0.206462312251588,0.000140684264484832,0.00825271490227028
" 6442",36,1.03255374611761,0.169546525581159,0.000818742789931445,0.0103078544509366
" 7679",84,1.08058024338358,0.39797726210338,3.96293702774175e-07,0.00956436855831643
" 7675",81,1.07505730048808,0.398704296708292,0.000167235942570702,0.00962895059790442
" 8363",64,1.17427129094095,0.48450214358835,9.23364327463827e-05,0.0109988452799651
" 7672",87,1.08952900575115,0.400989409579572,1.5851748110967e-05,0.00934733618945843
" 8180",73,1.07720177703653,0.395822026430149,4.7555244332901e-06,0.00873206469176724
" 8361",60,1.18858409648066,0.492338920352516,0.000616236707813842,0.011323441008879
" 7686",79,1.07451592478011,0.391961670470692,8.67883209075443e-05,0.00876154264343733
" 8191",74,1.07302761923935,0.393397750334238,1.10962236776769e-05,0.00852983679465717
" 8356",50,0.963341299969327,0.419361642996923,0.00169534446046792,0.0122278338056836
" 8628",69,1.14962853276643,0.494609626917566,2.53627969775472e-05,0.0106524870632742
" 8190",70,1.08144604702673,0.396256965105119,3.56664332496757e-06,0.00898278663513546
" 8602",75,1.10991934884556,0.396819300781821,0.00014900643224309,0.00951589796023691
" 8821",33,1.15278346907818,0.436980919052259,0.000539752023178426,0.0121913151086051
" 4798",68,1.05856486715,0.20385001408836,0.0023753844544284,0.00966048204991688
" 8627",66,1.15127379889845,0.493770372779281,8.20327964742542e-05,0.0105802684225649
" 8197",72,1.06653894350844,0.394910587995498,2.77405591941922e-06,0.00896512572169966
" 8582",44,0.994846636384334,0.346654334174527,0.00176786620807559,0.0114459902094849
" 8624",67,1.12626746417572,0.491839043680916,0.000521918806553588,0.0108017463491001
" 8827",48,1.15086979202035,0.560417444770878,0.00059800719748623,0.011586946588665
" 6972",35,0.940137528180488,0.219337344672711,0.0023769696292395,0.0117516305470952
" 9260",28,1.15286021141421,0.501029953918513,0.00327140451640081,0.0134761767151921
" 8889",67,1.04362955239734,0.378922337940427,0.000226679997986828,0.0105894596127926
" 8969",3,0.04382726763659,0.015324287438274,0,0.00761117244104978
" 8826",49,1.14215830397784,0.539119269293132,0.000267101955669794,0.0112905318551594
" 8893",62,1.07456399652276,0.38766722995739,0.000923364327463827,0.0110117539313654
" 9268",18,1.09714729606394,0.460315323744407,0.00552314533556367,0.0135756168138105
" 8823",42,1.10171605592611,0.519475884561721,0.00108861880152066,0.0117655941045769
" 8891",67,1.0567733104494,0.395300080709912,0.000204883844334248,0.0105473367724446
" 6911",45,1.03746304632536,0.216490934526714,0.00353612870985396,0.0112864089813888
" 9255",20,1.03426397920728,0.456051220853066,0.00223152984032138,0.0133364310445882
" 8990",61,1.08638745002024,0.403247466852992,0.000594836847864036,0.010870181107748
" 9011",19,0.617594319658246,0.195402913719318,0.00295714361010089,0.0119869604084006
" 9044",33,0.738321505052651,0.244603748175762,0.00249585774007175,0.0123730348780816
" 8897",28,0.966988093932495,0.313742668287042,0.00187803585744681,0.0116320398660819
" 9242",25,1.08726280254284,0.455096135917446,0.00197869445795145,0.0133068523874974
" 8978",54,0.970997717108789,0.326151503908567,0.000800513279603833,0.0109097996546177
" 9017",16,0.491198160033259,0.162653416365166,0.00106325600454311,0.0113102928419883
" 5131",35,1.06681902434357,0.426611332413026,0.000104621537532382,0.010599724469827
" 8971",54,1.0210063017649,0.334074608084876,0.00120394026902794,0.011427839862177
" 9253",31,1.08719970808863,0.515038195373745,0.00233020697231215,0.0133432229415937
" 9068",31,0.89013905008864,0.284891881182116,0.00200009431790126,0.0115062760731195
" 5123",31,1.01288090056376,0.4132315683139,0.00207380494661726,0.0109771294950287
" 9179",35,1.15221318302984,0.420545447517954,0.0160328543331348,0.0139877452990667
" 5530",51,1.03813104471374,0.196258431478075,6.38032861466421e-05,0.00981732183041844
" 6487",28,1.09419954432975,0.193162162493439,0.00473333198593474,0.0109821749077981
" 8175",43,1.13906890972932,0.509075864931258,0.000705799084640805,0.0118875571061866
" 9182",53,1.1423600615813,0.428347999333489,0.00711743490182418,0.0136968080306477
" 5553",61,1.03260398450525,0.195752206435497,0.000146628670026445,0.00961715307220611
" 6489",17,0.97111616007775,0.158557476522883,0.000252835382369924,0.0104204317293682
" 8173",44,1.1585792726555,0.515002738265189,0.00168622970530411,0.0118180297237522
" 5526",51,1.0214737352914,0.192788692182358,0.00142546844887871,0.010096365531455
" 8172",48,1.14584103649432,0.526454856552261,0.00151106788867793,0.0123901662471178
" 8822",57,1.13045540657894,0.446733132743499,0.00429463485696373,0.0126143806307867
" 8609",45,0.839729911230008,0.300178874143176,0.000862335097236604,0.0115212966288049
" 8605",63,0.919961144803248,0.317679859738319,0.00012245475415722,0.00972885443255539
" 8929",54,1.21019408448635,0.510933354271233,0.00035785321360508,0.0113868577940081
" 9199",41,1.07016489306044,0.444098811235187,0.00270787487105594,0.0124806181252156
" 8936",51,1.21816299133518,0.48554731220986,0.00164580774762115,0.01181882934165
" 8976",16,0.247635387830556,0.103251203010158,5.03293002523202e-05,0.0108700177692258
" 8882",43,0.728239793644607,0.252328365866856,0.00130618404434368,0.0116757295025329
" 8985",43,1.12132755453415,0.494226426337653,0.00194659466802675,0.0127847148108569
" 9238",35,0.717736331613572,0.356817856062358,0.000342794052899661,0.0119674282263245
" 9019",6,0.0831515662506865,0.0241786501616978,0,0.00907053935264444
" 9221",35,0.841749550195996,0.386672907554564,0.00129112488363826,0.0124710291329863
" 8987",54,1.18928795225032,0.502245237969042,0.00134660600202665,0.0126463104289196
" 9024",10,0.222384697036084,0.0714683226380759,0.000462474751137462,0.011511935124893
" 8995",33,0.860689712401461,0.290544051843279,0.00201594606601223,0.0122377817455463
" 9067",49,1.02238420554328,0.402069830511388,0.000901964467514022,0.0118239128938183
" 9219",31,0.644056831058929,0.292960601552335,0.00117302936021156,0.0118805511661929
" 9092",22,0.347502351870593,0.184529718527224,2.06072725442571e-05,0.0107585248968796
" 9223",38,0.929745832589447,0.443514548898612,0.00126972502368846,0.0123765456320144
" 9071",43,0.98189612671898,0.361552536080395,0.00306255773503882,0.0122011628886966
" 7949",54,1.12789716936103,0.475263596336079,0.00481140184538126,0.013012233583265
" 6913",53,1.02836449123617,0.224982253752013,0.00016802852997625,0.00911031824906143
" 6917",52,0.981685645735944,0.191109063849403,0.000474363562220687,0.00942713740726393
" 7676",62,1.16364638070279,0.461105538619297,0.000471193212598494,0.0108553759989921
" 7673",60,1.13314919973596,0.443695862945782,0.00127725460404117,0.0109003810080991
" 8305",86,1.05730735411593,0.388390159801427,0.000423241674562819,0.00958413132121595
" 7684",52,1.04603198899401,0.409699649178267,0.00102719327759066,0.0109197760111194
" 8181",38,0.938109789608341,0.317947631848636,0.00180828816575856,0.0121463576440115
" 8711",53,1.12537320324312,0.518023966139329,0.000754146916379255,0.011308093731006
" 8198",45,1.00043566416095,0.360484489380021,0.00221448921110209,0.0124349569073046
" 8347",57,1.00512168231311,0.376286472500401,0.00158913774812444,0.0118605760515886
" 8662",80,1.06542529015627,0.37374078848099,0.000231039228717344,0.0103078788850739
" 7609",35,0.953426362833516,0.190268771792117,0.00382463052547356,0.0117488810990026
" 8712",57,1.13702735845287,0.516497718166446,0.000265913074561471,0.0112972434526872
" 8309",56,0.936531364740634,0.336947066156101,0.000420071324940625,0.0114685106423254
" 8618",75,1.0066441287173,0.357164290954826,0.000110169649371221,0.00966785208525326
" 8710",43,0.93970780746797,0.417172223150701,0.00185108788565817,0.0120649458208824
" 8847",53,1.23997147042315,0.600111692564449,0.000607121952650036,0.0124601428497738
" 8654",70,1.03964310398362,0.39053674761677,0.000687965868015967,0.0107399364545849
" 7741",43,1.01044438230858,0.206247252053783,0.000424826849373915,0.0106152150223348
" 8849",60,1.29877190126894,0.607135591726878,0.00260325333352355,0.0129890939380054
" 8673",54,0.898500905882483,0.307596755126846,0.000851635167261702,0.0111871736384299
" 8926",29,0.793955072235661,0.288400606794107,0.00211779354762519,0.0121951647078967
" 8977",3,0.0613035866199018,0.0194207581473134,5.54811183883845e-06,0.00952656261500523
" 5545",75,1.0266267561353,0.197150744385324,1.5851748110967e-06,0.00809942409078134
" 8917",34,0.859833627810558,0.314354054268274,0.000479515380356752,0.0117808822299395
" 5543",67,1.03246546588948,0.197136631357309,4.35923073051592e-06,0.00800269931001261
" 8878",35,0.73861081487755,0.260677570359295,0.00138900942822348,0.0124366147559306
" 8980",38,1.11910520258308,0.488942212082493,0.00613898574967474,0.0137735787177268
" 9023",13,0.140521375018411,0.0508093500303053,0,0.00985755511535124
" 5555",75,1.0318422365935,0.197611398462638,7.64846846354157e-05,0.00817051734972401
" 8991",36,0.98241050283238,0.39589933546102,0.00572327365546463,0.0138071554663829
" 9058",14,0.386050567686667,0.127981951117135,0.00105295236827098,0.0113666969856805
" 9081",27,0.616438335673357,0.258864651096375,0.000768809783381899,0.0130552244756245
" 9093",17,0.388104506999741,0.152525574609345,0.000734332231240546,0.0116681075640432
" 7028",39,0.899817963852532,0.156273894854245,0.00142824250479813,0.0105467466016988
" 8666",48,1.00834929359314,0.403904695736477,0.00106444488565143,0.012361688240979
" 8713",51,1.11145392062082,0.443368445689865,0.00215227109976654,0.0120746471943531
" 4681",45,1.02292124173114,0.37386231528387,0.000294446221161212,0.00984113986326919
" 8661",52,1.03469003219351,0.419044419171898,0.00149283837835032,0.0122598846462936
" 8916",34,0.874251614627569,0.378512492095574,0.00196839082167933,0.012574687333272
" 8884",41,1.01212753436423,0.358797613214187,0.00184633236122488,0.0122347927836078
" 8996",27,0.807923894054915,0.324122732321081,0.00129905075769374,0.0121419134830506
" 5090",30,1.04774768768803,0.215694170351527,0.00259730892798194,0.0118727823616985
" 6991",37,0.923281434559138,0.301933811450528,0.00251527613150769,0.0125196536959933
" 6811",50,1.09365060891428,0.207075499358474,0.0035785321360508,0.0117288687535329
" 6896",42,1.05015084069456,0.228065387112062,0.000330905241816436,0.0102567694017486
" 8285",47,1.11519277686048,0.398418570039044,0.00112032229774259,0.0109089410760241
" 6898",47,1.03610973443576,0.224174799017635,0.00190617271034378,0.0111083676686169
" 8510",48,1.13134967692635,0.399521662407351,0.00136919474308477,0.0111181108812273
" 6892",54,0.987836886213245,0.225772513802962,0.00254777221513517,0.0111643207623025
