"node","degree","strength","eigencent","betweenness","closeness"
"JA",42,0.955065907230932,0.154995433904766,0.00260842060106092,0.0118178928994214
"SA",58,1.10114122134707,0.436549151483485,0.000951312575381844,0.0124444187010179
"ABA",39,0.916145276182752,0.346832620960053,0.00263944166330163,0.013047053980952
" 5539",62,1.03033919765151,0.142873256585098,1.00752167961288e-05,0.00863390683246069
" 8359",29,0.535783414240665,0.149075844393269,0.000362707804660636,0.0107378646727229
" 8401",61,0.910951743200716,0.267399308838026,0.000743179807356552,0.011002965773592
" 8670",53,1.11762719766096,0.434473711664157,0.00181327388601907,0.012010919904117
" 8297",37,0.82562882160077,0.245495594384644,0.00122466911529786,0.0112405454207425
" 8668",52,1.16466866317812,0.441544413055846,0.00125993237408432,0.0119534018151199
" 8671",53,1.08839819463538,0.387734868757609,0.00187955820704624,0.0121120867428251
" 4687",55,1.11797172784911,0.317936303193194,0.000508533310920395,0.0105533115219977
" 7662",51,1.17865167520655,0.453612701285637,0.000975174930951623,0.0120027655190433
" 5542",57,1.04207700177455,0.150378740854654,0.00206303320764942,0.0103814212972198
" 7660",43,1.04493031333141,0.394187496306579,0.00061379281271153,0.0117877799879335
" 7671",40,1.0177150543573,0.371694264798564,0.00116792973649861,0.012175728995755
" 8159",50,1.05828705561437,0.35386567035461,0.00568692960684648,0.0132845610460988
" 6164",36,1.01853079508683,0.147529897909641,0.000924003435118653,0.0100973455172293
" 2991",37,1.08449187747671,0.433982095061415,0.000245782262368721,0.0108132397949178
" 6163",39,1.02284500838977,0.147838240844733,0.000133629191190761,0.00956609302430827
" 6161",37,1.04065286540748,0.158969480434306,0.000719317451786773,0.0106044016462987
" 6904",51,1.03834398251073,0.158281550798312,1.80293353193883e-05,0.00884783090045043
" 6604",26,1.06034136520554,0.156587068714882,0.00182520506380396,0.0112641570028502
" 6906",49,1.03032899347829,0.155631136908276,5.06412212647526e-05,0.00899551848020233
" 6918",45,0.958606997095723,0.135183228733891,0.000489443426464572,0.0103405835141704
" 1488",33,1.2056694529861,0.671331199233882,0.000497927819556049,0.013378045680703
" 9085",26,1.09228863816043,0.199437493893099,0.00269512049296445,0.011393560096433
" 9084",24,1.01843151199928,0.184940676604699,0.000279189560166411,0.0111980779719135
" 8548",63,1.14037607718603,0.379948852851981,0.000890331000036854,0.0116925802104564
" 7670",52,1.21787031099538,0.453968421335393,0.000809464128383715,0.0119398128944743
" 7665",43,1.19956929446749,0.449256844463569,0.000649851483350307,0.0119580291271343
" 7663",41,1.05802591149175,0.389427046793101,0.000904383276094613,0.0116741122032524
" 8178",38,1.03346093575479,0.369113936014406,0.00153037240387514,0.0125372369414829
" 7032",47,1.00588355652931,0.12239590655007,0.000672123015215433,0.0104236289242421
" 8176",42,1.06823728747032,0.397552502525195,0.00202034610490793,0.0125892144420338
" 7029",34,0.891612671852998,0.108344101429794,0.00077711737972246,0.0100986746546982
" 8331",43,0.873211540308667,0.269004719071983,0.000776587105154242,0.011340227426911
" 8325",51,0.888361575621731,0.293410471831363,0.00110191055275556,0.0120129138802551
" 8649",43,0.876023786431001,0.314463664439102,0.00246789784048333,0.0128776831196203
" 1308",59,1.21214378904697,0.506182727982934,0.000809198991099606,0.0120282433297788
" 8460",64,1.05563187004427,0.327127145951398,0.00080840357924728,0.010677169922689
" 8478",51,0.977998581589803,0.308893689146413,0.000355814235273811,0.0114697269395099
" 2314",45,0.950097706521075,0.339911197599708,0.00209829646643587,0.0121360902561281
" 9161",30,0.998152230176001,0.16756401158886,4.45430637302536e-05,0.0105953883623045
" 9160",27,0.961306328418155,0.161113026199721,0.000134689740327195,0.0106366824695926
" 7664",62,1.16902527825562,0.438180248132089,0.000449672833848274,0.0111655792502068
" 8386",70,1.1446162964392,0.372077490820689,0.000225101554208246,0.0106563896371574
" 9153",10,0.811403248686974,0.13117192688625,0.000254796930028415,0.0106037114144818
" 7682",61,1.09201214856152,0.400901102992095,0.000440393028904471,0.0112573417886019
" 8353",65,1.08154110438215,0.347273429098978,0.00123872139135562,0.0113215112995914
" 8166",61,1.1166550503275,0.399285628130779,0.000660456974714653,0.0118486470741066
" 8277",46,0.895991256490986,0.351309076999833,0.002672053549247,0.0129425181752558
" 8354",68,1.10922720413728,0.364143792212922,0.00183713624158885,0.0113863612704665
" 8355",61,0.850030244970089,0.293524482766182,0.000412023339504846,0.0102335272320659
" 8902",58,1.0623150833644,0.392686544888044,0.000636064344576657,0.0120053726727039
" 8912",27,0.734123523124195,0.21524626035406,0.00337917468596477,0.0123757166837339
" 6893",32,1.02751802849549,0.152561413305315,0.00123103241011647,0.0109860806754749
" 6899",40,1.00807317500344,0.140614721458942,0.00107141976508306,0.0110555858668131
" 8656",69,1.11962390489933,0.403295194034348,0.000281840933007497,0.0111006173233814
" 8660",63,1.10712379054164,0.398183832529012,0.000416000398766475,0.0110152670711243
" 8824",19,0.868105852133156,0.38450657826029,0.000968811636133015,0.0120822103760509
" 8825",42,0.975076509401859,0.373388239294552,0.000554932335639409,0.0118013350857366
" 8945",43,0.946652267222744,0.337388677429333,0.0025742178914109,0.0123674228054744
" 6162",30,1.02195094342857,0.143940290331322,0.00102130881838653,0.0106785832777701
" 8380",64,1.16504769570325,0.440611764909,0.00248407121481396,0.0128336665834216
" 8263",53,1.06803952756788,0.347782253517329,0.000326914271305968,0.011000240752256
" 8275",58,1.0433728984468,0.352130909780367,0.00124667550987888,0.0121095132040033
" 8669",57,1.10865525013137,0.383131279773749,0.00242017312934378,0.0125274005987119
" 8663",63,1.06566358403289,0.353647718043488,0.00257183165585393,0.0125068921725482
" 6908",50,1.01951249254312,0.145803376669743,0.000289795051530757,0.00947686345136336
" 6909",45,0.970726006061495,0.132057430276392,0.00047406546398627,0.00969039906904157
" 5000",31,1.06526290752194,0.178685185530414,0.000720908275491425,0.0114185380974638
" 7330",36,1.02911067972256,0.154429514746095,0.000276273050041216,0.0101560748816376
" 7331",37,1.03831488407958,0.150290936231342,0.00020070892407025,0.0101931569200758
" 7335",30,1.0294731285096,0.142486196204502,0.000754050436005007,0.0104152789139993
" 8718",64,1.15724900356337,0.430870555346068,0.000559439669469256,0.0110806571783986
" 3295",54,1.00842472397958,0.323076102863198,0.00268265904061134,0.0131069286620258
" 8720",70,1.10560978341782,0.405387766923948,0.000297484032769908,0.0107378900219467
" 8851",73,1.40414532538594,0.687520737210496,0.00301089899833785,0.0132195515756078
" 8846",38,0.965675739174066,0.502543881615923,0.00163748786665504,0.01277008173009
" 2946",38,1.16571232353611,0.541860285170302,0.00020256488505901,0.0123720886690333
" 7314",34,1.0639176790266,0.158403493945785,0.00424537819314774,0.0117399169269437
" 7316",43,1.19242409251473,0.257696264596978,0.0012501222945723,0.0115264135066228
" 7327",30,0.995922193360182,0.217586033914653,0.000189573158137686,0.0115230759359918
" 2309",34,1.1502958130686,0.545116934871034,0.00036986651133157,0.0125405280630328
" 7710",34,1.01992665028089,0.138619746255129,0.000217677710253203,0.0103167776072068
" 1995",44,1.07047581639998,0.442993151148418,4.10962790368411e-05,0.0104943362698508
" 1362",43,1.31703498783332,0.752463366946003,0.00149829079249799,0.0140229586008984
" 1746",41,1.08415698466055,0.41175225558624,0.00236926677079492,0.0134510163870488
" 3200",42,1.06824559230085,0.447540897346069,0.000305968425861385,0.0108505729056773
"  351",41,1.03948775063335,0.4080346846266,0.00313922544384644,0.0131877105096474
" 5235",40,0.989342861138408,0.354721693985084,0.000405925181970347,0.0100966486326383
" 3164",42,1.06834765892005,0.43813953495605,0,0.0106702252727498
" 2704",10,0.438834349745031,0.120419772537856,0.00223802381516113,0.0135396433832269
" 4196",20,0.699081082868472,0.247932661656358,0.00399535373423328,0.0130850343929521
" 3160",43,1.05914686341594,0.437036747435259,7.42384395504226e-06,0.0106940190307757
" 7328",35,1.026543297569,0.141288150666215,0,0.00998900872984972
" 7336",38,1.0050149596148,0.138456067066139,2.17412572969095e-05,0.00981580269212578
" 3132",39,1.06381919126414,0.436379233753216,0.000100487030677179,0.0108390986525125
" 2857",30,1.19973645858123,0.582332063411251,0.00364404683278932,0.0145834349308026
" 1359",50,1.15674903498128,0.4961897841759,0.00114168114537186,0.0124211661727823
" 1935",45,1.08356848501023,0.448745786625884,0.00010817601191633,0.0101159265511557
" 7852",43,1.13971840896755,0.385909276023019,0.000162794292442712,0.0114921805201053
" 7857",40,1.07303357092995,0.37771820499623,0.000536903000320021,0.0115993049993804
" 8192",69,1.07379512886401,0.347070003011433,0.000517547978580089,0.0103076114346065
" 8193",56,1.07297183794519,0.342617765799924,0.000891656686457397,0.010775632540853
" 7084",38,1.08228734544387,0.348482795808514,0.000437741656063385,0.011458167671674
" 8914",44,1.05894662218365,0.337949365630733,0.00102130881838653,0.012508790954436
" 2360",37,1.1723734865307,0.551311076200077,0.000558909394901039,0.0124773592250333
" 7085",34,1.11056314722811,0.356735779970062,0.000321346388339686,0.0117559272157182
" 8913",25,0.98364216637671,0.283134332631027,0.00772344908608504,0.0135210287394352
" 7078",32,1.03952369047337,0.308774419997468,0.000639776266554178,0.0118211911569266
" 8268",33,0.292365431260139,0.112077603526326,0.000109766835620982,0.0118621409840722
" 8267",1,0.0209602116410761,0.00734434960242106,0,0.00807139130551221
" 4661",41,1.05447499977531,0.189416708321817,0.000222715318651268,0.0116125658471741
" 4666",37,1.11611454196518,0.189410873507062,0.00147230733865535,0.0120390189915758
" 8674",68,1.03848549731971,0.380872523439905,0.000124349386246958,0.0106007649509612
" 4325",38,1.23922114707899,0.52460474531662,0.00710594435139599,0.0140601644007568
" 1340",41,1.32207829913268,0.75047817788749,0.000241805203107091,0.0124223185895787
" 7915",66,1.02253561206815,0.314906244208352,0.000299605131042777,0.0106823145880049
" 1471",46,1.25163984002051,0.682232459260766,0.00116792973649861,0.0131391248177301
" 2796",40,1.15042746338959,0.557412042126689,0.000758557769834854,0.0124770572241145
"  972",35,1.13494867734566,0.491831776297348,0.000432173773097103,0.0110813104453948
" 4941",19,0.743279163805792,0.206497602475919,0.000878930096820182,0.0130912194724191
" 4328",39,0.960433857222899,0.370630781186196,0.00057826441664097,0.0135791038351439
" 2218",32,1.13515504107138,0.494588424428045,0.000150067702805497,0.0124963614733579
" 3283",12,0.260138631441225,0.0902530868101827,0.000378881178991264,0.011560173109088
" 2429",44,1.14662047805137,0.555190763364956,2.57183165585393e-05,0.0124047825661187
" 4560",37,1.18085146545345,0.360096426686772,0.000227487789765224,0.0124834624158404
"10060",58,1.16043852268109,0.393444095821173,0.000603187321347184,0.0118177349330165
" 2035",36,1.15374487438853,0.490862548294189,0.000830940248396516,0.0112228742592098
" 2489",39,0.862020782772515,0.370728337077925,0.00177297301883456,0.0132281400933245
" 1360",46,1.34295569961533,0.779401664109719,0.0039131611761596,0.0141514708548958
" 1331",30,0.904288838024584,0.41683559961633,0.00197527276660946,0.0130517141655411
" 1709",27,1.23101908373839,0.679250912069874,0.00918806744350123,0.0146240196304373
" 2367",67,1.11391642701695,0.222772734081858,0.00245039877973216,0.0121203340807165
" 1218",31,0.753630415133673,0.315131569282561,0,0.0126881947081855
" 4188",36,1.17799129022034,0.506891832397616,0.00313524838458481,0.012861440367865
" 5204",57,1.27308189209468,0.482677579297491,0.0048541333974612,0.0128534484913647
" 2280",38,1.14260940607974,0.488418612401969,8.37833817783341e-05,0.0125447269380955
" 4762",50,0.942314967687619,0.365138744086285,0.00248910882321203,0.0130865405870518
" 4393",16,0.497972938822293,0.125473682454553,0.00181380416058729,0.0132111832909582
" 5754",44,0.97107188463818,0.369756839690807,0.00083809895506745,0.0123036636961196
" 1380",15,0.350882328736596,0.0935995701666965,0.00056659837614019,0.0125804828100272
" 2700",42,1.13319975179299,0.482757325465157,5.46182805263824e-05,0.0125662790994504
" 5314",48,1.09082782150134,0.405579879133338,2.30669437174527e-05,0.0103597369573839
" 4748",35,1.14524727058425,0.488909232311333,0.000435090283222298,0.0113341044690043
" 2989",43,0.878864267396324,0.367369673105505,0.000662578072987522,0.0125577776496274
" 1228",29,0.919391536055583,0.184669442902015,0.00056659837614019,0.0114068231843006
" 2705",38,1.10868814158888,0.474234059154373,3.97705926162978e-06,0.0124463964251661
" 2232",52,1.35907341529621,0.560949438807022,0.00241301442267284,0.0138212142892581
" 4198",34,0.870537669316515,0.342016733346193,0.000941237358585715,0.0129515864308953
" 5455",38,1.08324536443383,0.400049969649853,0.00103668678086483,0.0111477108560671
" 7090",23,0.797039521683489,0.272770662156316,0.000128591582792696,0.0112263018011593
" 2410",47,1.30827308562011,0.506992335847127,0.00248857854864381,0.0135388544622736
" 2286",72,0.952833377268001,0.181804210771334,0.000689091801398387,0.0112008414766511
" 4366",48,1.10528433970742,0.436365960583851,1.27265896372153e-05,0.0110942098826755
" 4524",32,1.19933245544742,0.446049198793262,0.00143200647147083,0.0125369163232303
" 5691",41,1.09819222877243,0.40453056881993,0.00232233747150768,0.0126359470871066
" 4387",49,1.03138054278984,0.322692610565603,0.00472129961812277,0.0135376132909111
" 6753",41,1.07076790621717,0.30312702554239,0,0.0101231816725062
" 6748",42,1.08433341012318,0.311681714746802,4.00357299004065e-05,0.0101869255544856
" 6750",38,1.0786744182042,0.31055195993124,0.000358200470830789,0.0104235568565386
" 6756",38,1.08450237888422,0.31510624006219,0.00169078046076088,0.0109664190859323
" 9913",71,1.07634654952864,0.339543690904605,0.000587279084300665,0.0101420484308793
" 2950",53,1.21172485495993,0.40960797082605,0.00345155716452643,0.0132569315099592
" 2363",41,1.21292418236526,0.558446108454413,0,0.0121031859498583
" 6381",51,1.05488661907152,0.2529939319655,7.42384395504226e-06,0.0094600302508883
" 6390",54,1.05340407895937,0.254591488912707,1.8294472603497e-05,0.00937577865871813
" 6383",51,1.05772428104731,0.252430751919533,1.03403540802374e-05,0.00942571615208059
" 6380",55,1.05209158185065,0.253371980549605,2.54531792744306e-05,0.00966009804637172
" 6369",49,1.03781853900603,0.250327271618566,0.000422628830869192,0.0101784401073284
" 2975",37,1.05871656111886,0.435446041627127,0,0.0104235545182413
" 1662",57,1.37022114359626,0.791892582819122,0.0101839230826133,0.0145198039979317
" 7924",38,1.15462688055177,0.430663072167524,0.00168097038124885,0.0128163793894519
" 7577",42,1.15418583054188,0.402213590961042,0.000603187321347184,0.0123801801824088
" 2379",32,1.04771563664388,0.487173703907321,1.37871387736499e-05,0.0117462645903112
" 4975",50,0.944969364231766,0.163427694988016,0.00190633707274121,0.0120400774070638
" 1460",40,0.759607133580723,0.440634102971742,3.71192197752113e-06,0.0113521113024103
" 2215",59,1.27594266891554,0.553500178797006,0.00254796930028415,0.0137521142937334
" 1345",44,1.32420749077238,0.759639382030248,0.000184270412455513,0.0124157137343617
" 2986",37,0.817309770411403,0.371065893729126,0.00172498317041089,0.0116957260222695
" 7848",38,1.10438084989678,0.371404730601846,0.000486261779055268,0.0121544865891087
" 1134",46,1.03806015836108,0.445627998031692,0.00184747659566909,0.0127057026950937
" 1493",30,1.0926302317392,0.63439865878135,0.000665229445828608,0.013401575838904
" 1337",44,1.33296395971229,0.766248355470338,0.000557318571196387,0.0123633383566077
" 1224",7,0.616659251546004,0.235688064019729,0.00354992309693074,0.0128413516267016
" 2922",30,0.793910920777646,0.270879432891729,0.00415072418272095,0.0135613412260383
" 1498",27,1.08376005079188,0.626287302605004,0.000152188801078366,0.0132611484602027
" 3684",47,1.26016103511273,0.602212598157893,0.00421806905288455,0.0139375377787707
" 6237",95,1.12878620748065,0.538927205341059,0,0.006511271147015
" 5262",33,1.05142359587923,0.389390982605199,2.41274928538874e-05,0.00965970976139196
" 4747",33,1.08385647121563,0.469638912994171,0.000230404299890419,0.0111481717397352
" 2211",40,1.29508772929856,0.525943636468714,0.00807740736037009,0.0146061533741998
" 4029",9,0.216448128280059,0.031409559179928,0.000399827024435848,0.0111489827638613
" 1226",21,0.995982865738559,0.204570310429045,0.000530009430933196,0.0118406874372324
" 4546",26,0.997202550615008,0.307121667353368,0.000685379879420866,0.0124153515324308
" 4379",66,0.963554990541005,0.15247633284561,0.00139568266354795,0.0116636644600739
" 4952",53,1.04224786808906,0.368790433140453,0.000108441149200439,0.0129357123806114
" 4424",25,0.939801792780505,0.347167914963389,0.000455240716814556,0.0128748550387048
" 3793",78,1.029727652115,0.189755884505531,0.00193894895868657,0.0114328398305671
" 3475",50,1.08471017749747,0.414092635948517,0.00255115094769345,0.0134014608990732
" 5649",37,1.12516887397554,0.372779030797537,0.000799919186155804,0.0128096199823285
" 2092",58,1.08785370443906,0.300909145490941,0.00585741288052834,0.0134712992290373
" 4384",79,1.05949143937,0.163479482580817,0.00101653634727257,0.0115499363883163
" 4360",45,1.10887389213159,0.315862573371751,0.00158180903699222,0.0122863157383419
" 2242",16,0.461632281640498,0.262471370434879,0.00125569017753858,0.0137819032871677
" 3991",24,0.690477435829311,0.253224062838623,0.00135882858105684,0.0132721238671317
" 2477",52,1.33310776096015,0.552344168763238,0.00658203307799729,0.0140256061931752
" 5157",31,1.15902154103643,0.423700744650249,0.00238994747895539,0.0128816919973979
" 2475",50,1.28277302627033,0.543175226642593,0.00219878349711305,0.0134796716202081
" 1974",40,1.05333368566275,0.438505682730508,3.71192197752113e-06,0.0101933883068681
" 4353",53,1.37715031083282,0.650879836499659,0.00450335677058546,0.0138641578722401
" 2917",38,1.22565767915846,0.428774583671955,0.00596903567713809,0.0140968145683742
" 4375",30,1.05658753694078,0.194891199559591,0.0101868395927385,0.0132638793001937
" 8040",56,1.10112066910432,0.354757022380065,0.000437211381495167,0.0117572210084783
" 3436",47,1.24375281634353,0.523996843936824,0.000499253505976592,0.0119263106313472
" 8128",47,1.15299305613772,0.40201367534643,0.000192224530978773,0.0120950983681511
" 7392",32,1.17092041387463,0.318084509824957,0.00396751431940187,0.0126528916986617
" 7603",36,1.04858104664647,0.342703686034269,0.00170880979608026,0.0127081079553886
" 7079",54,1.13376692463279,0.380961818679015,0.000478307660532009,0.0112371189612087
" 2348",28,1.07109367870447,0.506668402943797,0.0109910009754401,0.0150576261774448
" 5291",45,1.16134091607705,0.424565894768727,5.4883417810491e-05,0.0105550153237695
" 4741",31,1.08570971405814,0.472882561777619,0,0.0109952981938561
" 2930",50,0.99371798726606,0.207559471804288,0.00255698396794384,0.0124363445505899
" 2548",43,1.14646987449478,0.455314273241812,0.0045659291696351,0.0145134316501253
" 5305",46,1.01634211400559,0.373000690839968,0.000470353542008749,0.0105007029699916
" 5274",39,1.01570164853474,0.376052451908004,0.000699167018194516,0.0101293353662088
" 2893",25,1.10575392581281,0.388580406378123,0.00263652515317644,0.0135412812578903
" 4440",30,1.41864382394545,0.550577887090781,0.00391952447097821,0.0138711869039293
" 2640",37,1.04583596501622,0.26605416546394,0.00412023339504845,0.0128064664936844
" 4636",36,0.882709896692805,0.296437651622836,0.00869809374246844,0.0138553172451257
" 5469",30,0.945602059889162,0.311094274579633,0.00324581063205812,0.0121694965851287
" 2231",38,1.28373804593467,0.452032321720688,0.00739573940292674,0.0146589223240859
" 8792",21,0.565138946976976,0.172103630883589,0.000701818391035602,0.0119849307719447
" 2464",40,1.1336040075376,0.479291800535826,0.00387286030897508,0.0133537331805788
" 2174",54,1.23188744086507,0.330387142699111,0.00112179584906371,0.0123109675076482
" 4608",23,1.07028266586635,0.20197971196006,0.00487799575303098,0.0128459219424479
" 4950",63,1.17826616642042,0.421702527216883,0.00340701410079618,0.0136015772549429
" 2987",40,1.09200404281939,0.396185510417917,0.00206038183480834,0.0143022957664227
" 1489",49,1.34181792041375,0.735815075635638,0.00760731895564545,0.0146112803325161
" 1713",57,1.22844600504261,0.48793336401183,0.000885558528922898,0.0131116330022204
" 7851",37,1.27356858610493,0.42345646981919,0.00372544397901067,0.0134901484637271
" 4891",79,1.05212159429251,0.175461453093797,6.1776987197316e-05,0.00829213928857031
" 5808",40,0.92782447455243,0.381507322875995,0.00105073905692259,0.0125529415918883
" 4422",12,0.820949475112073,0.250764891588287,0.00119735997503467,0.0129955154119968
" 2734",48,1.15590535460908,0.492016655698648,0.000345739018477682,0.0115967385370904
" 2831",44,1.27247112688491,0.564331992195762,0.00318562446856546,0.0142194648785835
" 2843",46,0.99841213801987,0.428759378488197,0.000358200470830789,0.0111208214746227
" 3495",39,0.81381845655052,0.381499698650923,0.000169422724545429,0.0111020008812361
" 1325",59,1.14868322475658,0.487679407392011,0.00155900723055888,0.0124497062814068
" 2939",31,1.19124067420844,0.512254936378728,0.00709056638891769,0.0144732947125091
" 3456",42,1.20152793690091,0.545516350468591,2.94302385360604e-05,0.0115062767562291
" 2736",15,0.641971475003567,0.132418230679442,0.00436893216754237,0.0130383318256749
" 4559",36,1.21704499689271,0.368656411299606,0.00138931936872934,0.0126623057603332
" 3453",43,0.762968010016671,0.296190324560515,0.000687235840409626,0.0117296184168389
" 3369",49,1.28352437136393,0.548912920103268,0.000901731903253526,0.0123940861839074
" 3300",53,1.17962091276701,0.469477150477526,0.00172445289584267,0.012456193923959
" 2256",38,1.18292038511223,0.552986574460161,0.000338845449090857,0.0123509729297629
" 4327",38,1.29101568976331,0.449788706751736,0.00642242043296388,0.0141279412942461
" 2394",42,1.08819996594413,0.268049126328857,0.00296847703288047,0.0124551758920456
" 2273",59,1.16476293637262,0.48952938217369,0.00754580710573224,0.0136988898601651
" 2636",37,1.00472555494746,0.524685755011937,0.000955819909211691,0.0135163589607249
" 3454",42,1.19725951068418,0.546293737262064,0.000204420846047771,0.0115090928497798
" 4721",28,0.984388087621194,0.343138916739999,0.00102793725048924,0.0127705248184385
" 1417",83,1.0247632029023,0.155426910667857,0.000463725109906033,0.00994418948291903
" 4561",35,1.0849251061286,0.351765007394703,0.000970932734405884,0.0127781804925633
"  710",32,1.20801337998291,0.624512253826186,0.00224650820825261,0.0133596388669771
" 3004",26,0.981366320985518,0.50301436151292,0.000286348266837344,0.0130158146902189
" 7863",75,1.08929036461719,0.335051180907692,0.000933813514630673,0.0117231125656567
" 2325",38,1.12426451619709,0.489413772397536,0.00100990791516986,0.0123730322601166
" 2560",38,0.658836400321496,0.243270640412682,0.000760148593539506,0.0123207836723539
" 3477",48,1.1800794600364,0.531966803224521,0.000199648374933815,0.0115291328212769
" 3373",49,1.27551251930796,0.545143018024205,0.000303051915736189,0.0122980751159545
" 2204",59,1.41951253193236,0.632387922844651,0.00358783772855828,0.0137626887529743
" 2323",73,1.09028364286444,0.206699998198442,0.000958471282052778,0.0118288096732328
" 4413",34,0.614454078767529,0.193592746200504,0.00075935318168718,0.0117615947726555
" 4186",95,1.12874613004209,0.538913607423273,0,0.00651114431992142
" 2509",42,1.40688596564233,0.574387053808321,0.00408019766514805,0.013861842574326
" 3484",30,1.00383649069287,0.405672238490455,0.00345182230181054,0.0129346853456566
" 4531",33,1.23894117887628,0.539774327597731,0.0021940110259991,0.01408739832035
" 1968",42,1.08441784123648,0.442710230979374,4.24219654573844e-06,0.010219308368094
" 3010",35,0.587057748377423,0.20894432983673,0.000606103831472379,0.0126045473925256
" 5755",36,1.1299140796457,0.441019724858987,2.65137284108652e-07,0.011387735868364
"   73",34,0.779348850754042,0.353263499725087,0.00160911817725541,0.0130117139252224
" 1934",39,1.03400610591554,0.429255308162792,0.000109236561052765,0.0106161885965681
" 4436",67,1.39902726770853,0.497831284273466,0.0028406808619401,0.0135244087255767
" 1220",9,0.711305996185864,0.148218186173016,0.00551220413661888,0.0132212793608849
"   75",57,1.44282968197464,0.592255837976415,0.00396035561273094,0.0134447168265956
" 5167",58,1.15353266080507,0.398897794854219,0.00178622988303999,0.0125081004644983
" 1975",53,0.983672607715658,0.377109480533121,0.00140098540923012,0.012325449602184
" 2915",81,1.0735331369277,0.2310104212335,0.00127822684668781,0.0110701511857614
" 9910",70,1.08548699314626,0.342024407867611,3.47329842182334e-05,0.00940532263273524
" 3172",54,1.39499649695823,0.713298223654161,0.00477379680037628,0.0139967691627443
" 2172",53,1.15503386210071,0.303132747336406,0.0005331910783425,0.0124089225220813
" 4433",19,1.06123892014985,0.274076905149351,0.00173638407362756,0.0127622234264949
" 3005",36,0.676313772916235,0.149643102015991,0.00206409375678586,0.0120349989282754
"   38",28,0.960071597835773,0.258934223824426,0.00213859733362039,0.0126055486115615
" 2867",44,1.40594172667599,0.639690176884406,0.00693201429302071,0.0146097311850936
" 4308",65,1.22937773815116,0.527230160638783,0.00129652131929131,0.0132531409817388
" 3299",54,1.23097422599093,0.345890830710459,0.00284147627379243,0.0130691764985149
" 5443",8,0.938888713403816,0.115084756180821,0.00120823060368313,0.0121977802884931
" 5489",6,0.915885407929365,0.111194664934928,0.000605043282335944,0.0121619554353736
" 2880",45,1.23825174434356,0.583229349700172,0.00489469940192983,0.0141375055306366
" 4428",25,0.920525221856998,0.385469051972116,0.000710833058695297,0.0133565042246859
" 4293",49,1.09179371170009,0.357523771594443,0.00272905806533036,0.0130783646743228
" 4380",45,1.03350132296246,0.135889341528683,0.000777912791574785,0.0107735195963997
" 4429",27,0.994469123133643,0.361719930773055,0.00222874401021733,0.0132727550434393
" 1255",42,1.14105947087771,0.471307137363165,0.00127928739582425,0.0126760362582171
" 3026",66,1.18355499549748,0.525632735563775,0.000637124893713091,0.0126048658115049
" 2948",74,1.03214593443225,0.146387824583928,0.000240214379402439,0.00998169350206446
" 5009",7,0.846436330017897,0.17194171478665,0.00121989664418391,0.0130596484499803
" 8158",39,1.10469062575678,0.393091611085761,0.00170774924694383,0.0130737676323443
" 8041",47,1.18109369970457,0.402759465718846,0.000160408056885735,0.0117884627627928
" 2920",44,1.31813688345952,0.467813395129851,0.00347435897095978,0.0140974042626355
" 4205",41,1.03887771561479,0.289405548738935,0.0051237780153997,0.0137613158095493
" 2225",29,0.755525452667383,0.267511226528993,0.00263811597688109,0.013254938354977
" 5296",36,0.972601722173386,0.345223174048634,0.000125409935383392,0.00978965742613041
" 2835",71,1.06209141904204,0.223868930126485,0.000441188440756797,0.0108553393768637
" 8451",54,1.0595187276925,0.336267283606787,0.00076120914267594,0.0119291313690418
" 4951",64,1.21282922501292,0.401206668917942,0.000612732263575095,0.0130168791192903
" 5013",19,1.02683285609661,0.184388407832816,0.00037967659084359,0.0109140279862798
" 2199",51,1.13146807612257,0.26810719269254,0.00630231324326266,0.0132589541455174
" 4004",58,1.29986079102149,0.674188661245331,0.00956959999533358,0.014421416410037
"   49",41,1.00191237821075,0.33822252273454,0.00260099675710588,0.0126572348046232
" 2813",43,1.17628463244185,0.542488422839313,0.000718787177218556,0.0124141544955545
" 3408",20,0.985847506191767,0.330802947688449,0.000199118100365598,0.0120542273571806
" 8438",66,1.10414902085752,0.354686670101252,0.000914458492890741,0.0117372548523208
" 4434",26,1.03014700565511,0.335627641585314,0.0030368824521805,0.0134991101286121
"  954",51,1.1641661816218,0.564299419249964,0.00216245968919017,0.0119851397995552
" 2413",41,1.20043965368483,0.3212128698319,0.00130129379040526,0.0126341430052666
" 4068",27,0.98953692332299,0.34047507465553,0.0083136446805109,0.0140463416889778
" 2994",35,0.892024033294866,0.212057241294002,0.00228468797716426,0.0126683042819
" 3415",20,0.984844895517654,0.330706311199721,0,0.0120497540632622
" 4420",25,0.543887314269753,0.199933410693318,0.000316043642657513,0.0122191882393636
" 4990",40,1.07878531071912,0.47524815321183,0.000891391549173289,0.0122442811696806
" 5663",20,0.956724602120714,0.318195266648114,0.00111490227967688,0.0126983228673923
" 2866",40,1.26719330740054,0.536285345868243,0.0059695659517063,0.0145501162036277
" 3201",46,1.28070498444365,0.63249215817487,0.00517150272653926,0.0138581927437468
" 3385",20,0.985746310588045,0.33048830851245,2.12109827286922e-06,0.0120040505595875
" 2850",42,1.01129745580572,0.467846468804518,0.00224544765911618,0.0138214348780959
" 1304",43,1.11510676781267,0.448974453138884,0.000888475039048094,0.0125944872466993
" 1235",40,0.976307052682403,0.445761869941952,0.00153567514955731,0.0133282434966425
" 2330",46,1.10153653419928,0.431881189370422,0.000681933094727453,0.0130701614375381
" 2328",30,0.969914912660298,0.39415624502085,0.00281363685896102,0.0136073822135774
" 3018",60,1.180441009045,0.502061634927564,0.00231014115643869,0.0128751870306667
" 3406",29,1.22568788736047,0.423575777287153,0.00451502281108624,0.0131051115547642
" 4223",35,1.15567214263408,0.515105143177127,0.000106585188211678,0.0114936952779335
" 4337",59,1.09814432623243,0.329587157792345,0.00172074097386515,0.0120713400073332
" 3028",14,0.461001276462908,0.100518785172042,0.00297192381757388,0.0126701408765345
" 2336",59,1.22916347147613,0.53455661163501,0.0011430068317924,0.0132906350129913
" 4472",36,1.09157564444702,0.21131589050705,0.00149935134163443,0.0113800066469038
" 5017",13,0.984403370528465,0.178208268229964,0.000905708962515156,0.0107978637404964
" 4508",33,0.711948173856916,0.180432519462123,0.00168335661680583,0.0115210289116052
" 5693",47,1.22949778987531,0.41394450705867,0.00576355428195388,0.0136387338043979
" 4215",35,1.09348856336767,0.45717321558016,0.000638980854701852,0.0117579655658838
" 3933",71,1.05640772020336,0.355430370747607,0.00291597985062696,0.0134036274280997
" 5286",41,1.12484568176583,0.417449502012699,0.00041706094790291,0.0109180938249818
" 4744",31,1.10015139606977,0.474338055891319,0,0.0109694009885164
" 5687",54,1.19028722460994,0.412901166831413,0.00217120921956575,0.0125438794066978
" 2373",61,1.34343630279593,0.51890855186148,0.00107751792261756,0.0125447259998693
" 3994",20,0.86061288459755,0.246758603443155,0.000952373124518279,0.013090968771937
" 1198",26,0.532741221053768,0.218977389161202,0.000261955636699348,0.0122511543143392
" 5299",42,1.08065709211958,0.397290597513715,8.56393427670947e-05,0.0106867282039836
" 4749",30,1.08496380872183,0.463808110913415,0.000458687501507968,0.0111425982465935
" 5686",56,1.15860947612356,0.396663229816506,0.000554932335639409,0.0124331969127641
" 5280",35,1.03459279362386,0.37947274755543,0.000143439270702781,0.00998987974860207
" 5379",28,0.50546584925665,0.189935323416368,0,0.00976743672919227
" 4753",71,1.31932404026621,0.509389924752287,0.00173664921091167,0.0117233947375739
" 5360",77,1.18201284464379,0.439367575160713,0.000503760839806439,0.0111675092121058
" 2229",54,1.38278263310552,0.465437883924844,0.00708871042792893,0.0142393903919894
" 5776",39,1.07057734135288,0.15279334449396,0.00229025586013054,0.0118572914580194
" 4099",57,1.18584667132922,0.400464276498551,0.000693333997944126,0.0117085984638911
" 6743",57,1.14455422487789,0.364478464644914,0.00250183541284924,0.0116191962975352
" 3022",29,0.717677690048673,0.293238427563142,0.00228972558556232,0.0139469838870924
" 2494",25,0.720630821766873,0.237470877734233,0.00074556604291353,0.0130351295741067
" 1213",36,0.570139960743714,0.21874923037057,0.00167089516445273,0.0132691471347042
" 4092",23,0.625370232161476,0.192312830490369,0.00154866687647864,0.0117168872637083
" 2834",38,1.13231495063049,0.51158854640387,0.000290590463383083,0.0125926198999693
"   56",29,1.22677455110946,0.41161268398406,0.00223272106947896,0.0127313199768996
" 4949",46,1.11901981334794,0.359425003608817,0.00380127324226575,0.0131307193175491
" 1717",73,1.46611193753021,0.689728006792038,0.00836826296103728,0.0144356625651792
" 2404",25,0.918372539419383,0.396539976347986,0.00312596857964101,0.0135558052492699
" 3971",27,0.963003820539907,0.326744064221699,0.00122652507628663,0.0130565907953824
" 4094",43,1.09257547462248,0.375969469916254,0.000938585985744629,0.0115972310725158
"  982",45,1.08720748200199,0.468996126120426,1.2991726921324e-05,0.0103183539329446
" 3178",43,1.08983213591594,0.462611425233291,0.000948926339824866,0.012133428072207
" 1245",31,0.980225065878537,0.47792289107106,0.0020407616757843,0.0135506423034028
" 5667",58,1.11746805207344,0.327753275331176,0.00466641620031228,0.0132659806167262
" 5880",17,1.09721362659319,0.134774404287555,0.00176846568500471,0.0124547455692199
" 4438",22,0.861465466793326,0.342748982616212,0.000565272689719647,0.0133257314706918
" 4021",8,0.32838753761385,0.0354128582568842,0.000362707804660636,0.0109518125011949
" 1509",65,1.79508415105557,1,0.0164552152636353,0.0153426081175079
" 4310",58,1.21093426782921,0.459697960751179,0.00315115662163133,0.0132328090396033
" 4287",28,0.848134363290619,0.307612196537298,0.0050898404430338,0.0131959553878635
" 3138",53,1.15458134737653,0.495352722064434,0.000228813476185767,0.0116703589330165
" 2959",52,1.1246158418512,0.443916094550668,0.0016976740301477,0.0117513726625992
" 4382",38,1.16354778166145,0.363933245093454,0.00386464105316771,0.0134304586893845
" 4160",54,1.04945412278681,0.442868948462405,0.00024392630137996,0.0111770044377381
" 2841",34,1.01550952301508,0.445388383501639,0.0024485428187434,0.0132312579085424
" 4248",60,0.820121922918264,0.278610576298742,0.000312596857964101,0.0117503033785308
" 4423",36,1.24507504695768,0.443958924371901,0.0022276834610809,0.0134726119136903
" 2862",28,0.964053897181134,0.443055505615995,0.00183501514331598,0.014312343470409
" 2715",65,1.20186992786292,0.505762220001554,0.00483371782658484,0.0137062863127842
" 2519",44,0.81408963242469,0.27745083708496,0.0020468598333188,0.0130222429770791
" 3135",52,1.17757521635114,0.385141373820961,0.00476160048530729,0.0140601047007148
" 2239",37,1.19729314935439,0.5398495012448,0.00202670939972654,0.0132298955004791
" 2401",46,1.26385810521661,0.507437507157395,0.0026200866415617,0.013882324924425
" 4381",53,0.999620466464768,0.140645190670541,0.000576143318368101,0.0111091976555155
" 5377",51,1.19053073105442,0.43609128003484,0.00133841301018048,0.0124170380139952
" 5487",95,1.12885557541844,0.538967184865604,0,0.00651198010368795
" 5417",8,0.140303623011342,0.0520450170247425,3.97705926162978e-06,0.00921624030689141
" 5236",38,1.14483544420007,0.420431566245023,1.93550217399316e-05,0.009853268773226
" 4971",40,0.957284218143408,0.399830282495389,0.00290060188814865,0.0134773365160931
" 4464",43,0.958385414823322,0.379206636468262,0.000335663801681554,0.0117842651034346
" 4495",30,0.84435745335239,0.218026484362881,0.000852416368409317,0.0116742162804041
" 5707",43,0.984355479398557,0.406118594890947,0.00273674704656951,0.0129565695290333
" 5751",32,1.12632883756509,0.434529246557904,0.000722499099196077,0.0117670018578132
" 4144",66,1.06498038635701,0.21826496955072,0.00389698780182897,0.0121242105778211
" 5237",37,1.13017027833713,0.413136088993496,1.53779624783018e-05,0.00994837196492619
" 5758",26,0.975210207222643,0.380524130740632,0.000644813874952242,0.0122037926771506
"   47",14,0.72683697100572,0.0982874967872892,0.000116395267723698,0.0102316402170065
" 3657",26,0.548981240702136,0.242581956354751,0.000462134286201381,0.0127716865605364
" 5329",49,1.14402889292305,0.415368946507102,0.000394789416037783,0.0105586955622818
" 4745",37,1.11144069629892,0.4760447171544,4.63990247190141e-05,0.0109767744647905
" 3008",30,0.394333038623988,0.119848655526778,0.000155900723055887,0.0107502970760896
" 1809",58,1.11817532290523,0.448345975219197,0.000427401301983147,0.0113224732671401
" 5244",35,0.927385716659125,0.336521710562671,0.000532395666490174,0.0102843257119197
" 4577",63,1.06465985609841,0.147432069575339,9.78356578360927e-05,0.00940106007438168
" 3984",65,1.46592730120104,0.685706320340098,0.0111304631868812,0.0142868605715923
" 5211",40,0.82064795089585,0.282481303280183,0.000341231684647835,0.0107215777298473
" 4759",35,1.10587513587258,0.467136415507905,0.000642957913963482,0.0112475246756082
" 4410",39,1.10913935251306,0.474714957520792,0.00329459589233411,0.0136855133950807
" 4576",38,1.0317035732167,0.155822251023476,0.000667880818669695,0.010658224684644
" 4479",24,1.07732070200845,0.41292572358031,0.00232207233422358,0.0136531576454762
" 4432",28,1.03693216807204,0.382345208248226,0.00227779440777743,0.0132129168561046
" 2500",50,1.19686773220592,0.502988803482445,0.00233029159003094,0.0127837877045145
" 2292",71,1.19214057080714,0.458982597774327,0.00103430054530785,0.0120309597088842
" 1871",51,1.19218512384629,0.524444038817681,0.00054088005958165,0.0122267707503703
"  631",37,0.622542799281707,0.256432021023535,0.000126470484519827,0.010978288064361
" 1727",27,0.582653341928553,0.249914121054512,0.000155105311203562,0.0122931622806594
" 1735",53,1.17069520665113,0.47844072476366,0.000381267414548242,0.012933164248944
"   51",7,0.244260056964136,0.0846127970431582,0,0.0113581478028059
"  637",20,0.520436039645182,0.175921043296669,6.86705565841409e-05,0.012120292876828
" 2537",31,0.454509232681825,0.146922458261845,0.000452854481257578,0.0114605934702509
"  614",14,0.166252524989973,0.0627051643105393,0,0.0098126467062656
" 3152",55,1.13456963752129,0.524103846743784,0.0037662751207634,0.0142125810612072
" 2310",68,1.06586944358862,0.406755818175359,0.000341761959216053,0.0114939554984411
" 1270",52,1.12679501752578,0.571129977015807,0.00252649318027135,0.0138544906709751
" 1254",47,1.12538934466987,0.554535802133604,0.00170006026570468,0.0130898718300098
" 4350",37,1.22431458772021,0.474266458713976,0.00409292425478526,0.0135160082243567
" 4398",50,1.17785851916198,0.5073324658359,0.00183395459417955,0.0131945306704031
" 4881",17,1.04089206832804,0.186780892961692,0.00762375746726019,0.0130077088916937
" 3535",56,1.22745671056497,0.57395107528411,0.000331421605135815,0.0113179279934891
" 1302",26,0.63765208780375,0.245897597216567,0.000791434793064327,0.013164118965455
" 2897",53,1.3363390379302,0.592029166070458,0.00364934957847149,0.0140023011235107
" 4168",17,0.773655702655627,0.248814187573116,0.000733900002412749,0.0119220519094189
" 3141",45,1.07847272112742,0.446095342898785,1.59082370465191e-05,0.0107421032974227
" 1298",53,1.20434686012258,0.494677586014911,0.000875748449410878,0.0124888804876552
" 4250",16,0.390233368452446,0.0600551675620922,0.000203095159627228,0.0105220035970892
" 3360",54,1.13909736777845,0.548454514088194,0.00178622988303999,0.0133503827154062
" 2892",27,1.09592861638165,0.382589800287711,0.00150730546015769,0.0133758157006514
" 6787",28,0.4245237547633,0.129937653888001,0.000407781142959107,0.0110817358075634
" 8229",31,0.929715519788923,0.276759282025572,0.00445059445104784,0.0134284912931978
" 4179",35,1.16601575213346,0.471903745225455,0.000111357659325634,0.0117269112446398
" 2403",48,1.12778071901397,0.481149453084712,0.000751133925879812,0.0123922815541792
" 3266",23,0.445723078089074,0.164989780178163,0.000321346388339686,0.0119314091936176
" 2659",50,1.16124042012026,0.470434784404157,0.0017345281126388,0.0134538993445585
" 2902",35,1.21292496921292,0.445249009045212,0.00296237887534597,0.0130503653683009
" 2553",25,1.10556211211875,0.435958686969904,0.00304934390453361,0.0136984872456673
" 3219",25,1.12160323117245,0.520336065753278,0.00585370095855082,0.0135128919170191
" 5015",23,1.11727465952243,0.201315422483223,0.000347594979466443,0.01073169470654
" 2903",21,0.924565878811157,0.159797932270738,0.00250872898223607,0.012004786973699
" 4314",27,0.733599380597616,0.306364316811589,0.00325084824045618,0.0132441789246122
" 5638",36,1.03724299417072,0.13132176381333,8.32531072101168e-05,0.0103239403666449
" 5799",53,1.07957448187399,0.138842740734239,0.00037569953158196,0.00995829265262751
" 5827",39,0.834930937919165,0.176036503464672,0.00608967314140752,0.0122149715241265
" 2889",37,1.20764633708481,0.477155767592174,0.00305119986552237,0.0137046037241062
" 5795",23,1.0011658696938,0.121212234859753,0.00346004155761791,0.0116466075584933
"10470",22,1.03366507867251,0.338082507332093,0.00485042147548368,0.0134038960723102
"  105",33,1.30680437146084,0.493496658278934,0.00424617360500006,0.0136991985063317
" 4958",40,1.01012790629218,0.151130422139081,0.00536187129652927,0.0120035196855493
" 5480",56,1.11122483470065,0.269292690842386,0.00147336788779178,0.0126714282892126
" 2601",9,0.264596569866089,0.0693091015496019,0.000355018823421485,0.0124847597061448
" 5940",37,1.16207956902792,0.268298689203897,0.00240373461772904,0.0121028309030975
" 5849",37,1.05042646030579,0.193782697110317,0.000584097436891361,0.0115401471650799
" 4554",29,0.779238222057325,0.226171095866052,0.00161150441281239,0.0125830953851783
"   52",31,0.853112132034331,0.331164120315205,0.000280250109302845,0.0122573999689585
"  128",21,0.716214033244135,0.279273880576598,0.000115864993155481,0.0127174654987823
" 4948",57,0.976848446719738,0.18570739101045,0.00184562063468033,0.0121036169609694
" 5258",46,1.18569565001988,0.455222671184836,0.000656214778168914,0.0113063299539621
" 4601",82,1.05032458291761,0.148372087360267,3.95054553321892e-05,0.00859301341363041
" 5858",38,0.988109864912729,0.139682094602528,0.000623868029507659,0.0110301440605124
" 3762",34,1.06504408157398,0.412687195936724,0.000717196353513904,0.0102159146057849
" 4426",25,0.82522067614503,0.277426427213663,0.00111039494584704,0.0132930463895555
" 3670",41,1.16017824013077,0.531162605754609,0.00148291283001969,0.0125055245895021
" 2447",47,1.20243992220843,0.5326711042067,0.00161336037380115,0.0129532969941184
" 4456",35,0.77568076516193,0.325570360106003,0.00193391135028851,0.0140173905118106
" 3270",60,1.31038067496115,0.54928493556165,0.000816622835054649,0.0132114101294144
" 2417",66,1.20201895272653,0.471577401181265,0.000390547219492045,0.0118174075981918
"  759",40,1.27689050529929,0.603923101938505,0.00229317237025573,0.0134392223547963
" 4320",62,1.20919212160095,0.204879785963358,0.00069041748781893,0.0109653288279702
" 3759",36,1.06309341984057,0.409159569893633,0.000648525796929763,0.0102666188834069
" 7871",61,1.11931409700441,0.348854943528355,0.00180081243366597,0.0121890153697149
" 4441",31,1.08659205644392,0.396435090490398,0.000349185803171095,0.0132431553797029
" 3943",57,1.44196019456731,0.597063809555076,0.00909898131604073,0.0141869483844535
" 2961",36,1.06788550351757,0.448256834869193,0.000111357659325634,0.0112808534794486
" 1848",61,1.07877125368303,0.246513556049749,0.00045630126595099,0.0118886333313598
" 3977",28,0.560765522890689,0.206222678409693,0.000734960551549184,0.012120159668392
" 4240",10,0.878208320926178,0.127791887834388,1.93550217399316e-05,0.0105335173501865
" 2486",39,0.96856051480455,0.379296475650953,0.00113505271326914,0.0116004898457419
" 5459",48,1.04354808336328,0.153818461954893,0.00086355213434188,0.0113213444670441
" 3761",35,1.05900185671643,0.407724249372987,0.000175255744795819,0.0102313683470891
" 3065",55,0.870637191471199,0.321917636238752,0.00273462594829664,0.0134501900437411
"  676",31,0.843047975972403,0.260189513756073,0.00107725278533345,0.012110946855277
" 4065",21,0.898804971750453,0.293576566497444,0.00194769848906216,0.0135896078755659
" 4146",5,0.174640786006422,0.0259230329926888,0.000190368569990012,0.0112996673574369
"  648",33,0.780761417126157,0.22424826152407,0.00234673010164568,0.0122100515612074
"  715",31,0.533669618597465,0.206324086548642,0.000152188801078366,0.0108614685932452
" 2990",47,1.11372952365859,0.317730861285962,0.00198322688513272,0.0126028141611841
" 2423",5,0.293449111917434,0.081869347922583,0.00027335653991602,0.0122142355038075
"  305",16,0.761820034406009,0.311828930188511,0,0.0112078398148431
" 3102",50,1.24491831486312,0.608041516238279,0.000862226447921337,0.0126775896669022
" 1318",49,1.13761196652933,0.455271587270754,0.00140628815491229,0.0127523092625251
" 4998",51,1.11717322763184,0.416080521534323,0.000944949280563236,0.0124126845103395
" 3768",51,1.04341276718464,0.416119440086572,5.67393787992516e-05,0.0100368456466929
" 4082",41,1.40089967543873,0.522520781656619,0.00595551367564855,0.0140235016073678
" 4096",19,0.880077108569791,0.273796350390857,0.00181433443515551,0.0133789245246607
" 2427",31,1.02788449153334,0.364482177283923,0.00397732439891389,0.0141570520502577
" 3016",54,0.982279057659631,0.206097252242817,0.000956615321064017,0.011678280439042
" 3103",46,1.19239464369071,0.591179560036789,0.000353958274285051,0.0127125983520071
" 4080",43,1.17932183823791,0.387868529951228,0.0060827795720207,0.0139114432462188
"  321",24,1.02253003372985,0.41111042213159,0.000124614523531067,0.011377617264494
" 4361",50,1.1112228728042,0.42696115564943,0.000199383237649706,0.0116845045972525
" 4427",36,1.50856578430528,0.579086719417107,0.00807449085024489,0.014302765287177
" 4431",23,0.784911253940977,0.163400469043811,0.00243236944441278,0.0129822120747736
" 4211",37,1.09474819493928,0.478448950837162,3.15513368089296e-05,0.0113955204789189
" 4089",43,1.12527480705918,0.39546091030531,0.00243661164095851,0.0130740721111972
" 4038",17,0.354122918637189,0.135440654747663,0.00032055097648736,0.0122572800934355
" 2539",36,0.386185943729755,0.139125333423538,0.000522585586978153,0.0123166651485244
" 3970",26,0.65459903043642,0.232931395002232,0.00185781694974933,0.0125476089167147
" 4421",24,1.0088262442259,0.349992325071069,0.00488648014612246,0.0137451265581598
" 1211",40,0.936502116073819,0.405949104757544,0.00874740927731265,0.0140517820360105
" 3820",17,0.955103209066818,0.271805617291136,0.000438006793347493,0.0117397610417926
" 3924",30,1.07907244219203,0.447765347336184,0.00175626936993571,0.0123560858966651
" 4054",64,1.53285186732036,0.676737759194182,0.00690019781892767,0.0141048085789766
" 3891",67,1.32333257173755,0.397242227062586,0.00790400757656303,0.0142342247151628
" 4525",38,1.08205787289896,0.243633854385738,0.0017803968627896,0.0114575863628629
" 3995",56,1.06777496977609,0.386798854463441,0.00301620174402003,0.0131994006739469
" 5033",23,0.974671787198588,0.118652755814359,0.00204447359776182,0.0112894193936319
" 5395",25,1.03930405918934,0.129527478634773,0.000474330601270379,0.0103342073786802
" 3789",23,0.978029709994905,0.308407611907433,0.00059205155541462,0.0118060843320479
" 4221",29,1.09540325101757,0.488103587772612,0.000188247471717143,0.01151112378467
" 4405",39,1.11811033217816,0.468743020867453,0.000304642739440841,0.0129023613038015
" 5032",26,0.960350814725653,0.121059502126002,0.00159453562662943,0.0116973767582475
"   65",9,0.803109513127101,0.110799261878017,0.000830675111112407,0.0105027583267084
" 3115",42,1.08939949701826,0.443892620550553,9.81007951202013e-06,0.0112169235420719
" 3796",19,0.896263434775938,0.267926730193972,0.000906239237083373,0.0118367393752817
" 4217",34,1.14560126554703,0.505820642444513,4.58687501507968e-05,0.0115600393747727
" 3123",39,1.09162993653752,0.442717330450616,4.24219654573844e-05,0.0111462509559868
" 2287",36,1.00156927702469,0.375278966645363,0.00144261196283518,0.0133932875710791
" 2962",38,1.05816309477991,0.426993587849008,0.00258773989290045,0.0133057521191071
" 5002",67,1.04952873492348,0.20834123034875,0.0012718635518692,0.0115698835173221
" 5652",44,1.12911515313169,0.288491543078284,0.00208848638692385,0.0124794492319282
" 3969",19,0.723656602042836,0.205020629710423,0.00074371008192477,0.012920240329495
" 5003",59,0.998635879240802,0.160998641975402,0.000675569799908846,0.0111959030118176
" 5654",48,1.12615340323384,0.289642502673192,0.00220779816477275,0.012640286649918
" 7901",37,1.17425636158893,0.378199535146229,0.0014799963198945,0.0130138954086358
" 3949",39,1.22937630956684,0.462052262869324,0.00228256687889139,0.01373110312502
" 2849",43,1.18524513953007,0.479576516465711,0.00141503768528788,0.012785931699326
" 5102",36,1.1199800290688,0.261732028110786,0.000459217776076186,0.0120324522994228
" 5431",45,1.08343761985862,0.242413007684447,7.2382478561662e-05,0.0115257731318185
" 3978",34,1.19113026231284,0.608970079344817,0.000948396065256649,0.0131749284814498
" 2816",60,1.39069833781711,0.679036853869491,0.00458952638792077,0.0140475491698839
" 2935",48,1.13449028880187,0.533849703069193,0.0027733359917765,0.013249055556362
" 2966",48,1.24052918463055,0.520240003490809,0.00474913903295418,0.0142374889227924
" 5111",35,1.05287745530284,0.222005338143924,0.00707677925014404,0.0131182711550667
" 3954",40,1.10784512452053,0.490536537596447,0.000284492305848584,0.0123578297282543
" 3260",42,1.04361289942378,0.313626045848669,0.00136094967932971,0.0133300418255556
" 4141",31,0.817412435830021,0.277974880708912,0.00130659653608744,0.0133575003477277
" 4376",10,0.101297191945415,0.0353261973297866,0,0.00840047168227685
" 3047",34,0.926358843442557,0.345175277828105,0.00259781510969657,0.0139343857702899
" 2248",41,1.23186623843965,0.483023058688139,0.0115774846478884,0.0149183560040803
" 4026",31,1.24694004751966,0.387895944288713,0.00791859012718901,0.0138140200708733
" 3232",60,1.10905043368884,0.491133269438822,0.00457123191531727,0.013857853532612
" 2442",57,1.02942086478744,0.395985917271345,0.00573465431798604,0.0142911039558916
" 2068",41,1.08019511710214,0.444908066418415,0.000256387753733067,0.0111594636942437
" 2313",51,1.11212585263361,0.369304215976811,0.00440472570089704,0.0138448408723653
" 2157",43,0.677628734898799,0.260707352386651,0.00021635202383266,0.0115587551238302
" 5930",67,1.03899938286926,0.139437337265026,0.000226957515197006,0.0100372126930632
" 5908",31,1.03456465009477,0.129949822326516,0.000119311777848893,0.0100684222034279
" 2594",42,0.895279666390832,0.304784649592618,0.00413879300493606,0.0130512392322702
" 5907",31,1.03900673843145,0.129230621047192,2.91651012519517e-05,0.0100801233032172
"  923",33,1.22475006113491,0.558810341250984,0.00174142168202563,0.0121198304686166
"  101",22,0.740524581121915,0.242360003540277,0.00641208007888364,0.014016766376096
" 2321",46,1.31355718723209,0.539151265888229,0.00568799015598292,0.0137968167743899
" 5621",40,1.12475990059086,0.233591458062173,0.00540800518396418,0.0128996340923098
"   57",33,1.19189505571917,0.409789426841898,0.00120690491726258,0.0127534759704172
"  120",33,0.983860761818995,0.379986416867362,0.000304112464872624,0.0131004978270941
" 4547",19,0.909321415595475,0.290422870452906,0.00141715878356075,0.0127122703133497
" 2216",49,1.07514207137093,0.411929028668498,0.00182679588750861,0.0131469409248943
" 4877",31,0.71106528402565,0.269577995567716,0.000798858637019369,0.0129987017873367
" 5965",42,1.07110680247352,0.188345677254102,0.00086752919360351,0.0113407908786296
" 4430",71,1.38545565583956,0.527547085118539,0.00718628094848091,0.014149229590123
"   32",20,0.775383229331597,0.208517356538671,0.000941767633153933,0.0125777992695024
" 2419",39,0.951673309811136,0.329383857079862,0.00160673194169843,0.0130682700940419
" 2837",38,1.18084313012488,0.598731055888681,0.0018906939729788,0.0135408785104214
" 3119",48,1.13586075706875,0.4867857090646,0.000509328722772721,0.0112675742395066
" 4213",16,1.06261132781563,0.217114610255621,0.00140787897861694,0.0114577942371018
" 3537",54,1.2006958255279,0.520287374112338,0.000498723231408375,0.0116697842376654
" 1159",47,1.05820775744296,0.448996125735812,0.000911541982765546,0.0122388746415348
" 2767",49,1.0843410201807,0.488683255159222,0.00329486102961822,0.0133964706760438
" 2605",45,1.25872457183164,0.492793674536528,0.000988962069725273,0.012871894209533
" 3567",49,1.0826127983536,0.456018743689281,0.000522055312409936,0.0113371507868016
" 1309",32,1.01457904039899,0.404521944440976,0.00270837735716988,0.0129748810713531
" 2525",33,0.514045600810478,0.140421084303022,0.00270413516062414,0.0121558472807152
" 2810",55,1.0961470315467,0.470530545823247,0.000684319330284431,0.0117486917640689
" 2471",21,1.18713906522172,0.477470816849193,9.54494222791148e-06,0.0116541460351179
" 3073",42,1.21689877221916,0.542427556038685,0.00350484975863227,0.0138747686813923
" 3043",50,1.52730866168831,0.584610776492623,0.0103257715296115,0.0144919048487222
" 5720",50,1.22500740421344,0.451851324433432,0.0175104616543877,0.0146871755583639
" 4111",55,1.31002496146775,0.684810709469525,0.00191270036755982,0.0138910180484896
" 2476",19,0.665898242390975,0.268768496132027,0.00317873089917863,0.0136646809961922
" 2797",24,1.11158913374515,0.448577242213877,0.000350776626875747,0.0116408704636332
" 5617",55,1.02285292797649,0.225243323425265,0.00598388336504817,0.0125034541469087
" 4176",33,1.02246215521181,0.316186510096455,0.00194319115523231,0.0124437702276049
"  360",22,1.13754449712666,0.462780616265882,0.00154654577820577,0.0120858267398301
" 2318",37,0.829619550121335,0.321855329192552,0.0056476892887984,0.0131623017158708
" 3236",60,1.03531952760165,0.162422331264981,0.00185861236160165,0.0112898946105338
" 3301",37,1.01433391837988,0.373144699026818,0.000183475000603187,0.0121894420261041
" 4069",47,1.25750166966765,0.61867793892932,0.00144128627641463,0.0131029699204696
" 1093",30,0.658041652295598,0.229183159197971,0.00374983660914867,0.0130958990607605
"  341",27,1.08530299100902,0.442240790710625,0,0.0111952586711748
" 4178",19,0.964095369058868,0.271401605444469,0.00124534982345834,0.0121365076504759
" 6655",37,0.932205208272456,0.258895785342895,0.000394789416037783,0.0122435215385337
" 7877",55,1.06482848133117,0.347963146738826,0.000920821787709349,0.0118869504134444
" 3302",33,1.00141448508496,0.36634887119179,0.000183475000603187,0.0121334855045417
" 4180",38,1.17184615939525,0.490664361101787,0.00075352016143679,0.0121802236257739
" 3757",40,1.26565252665581,0.66013794125776,0.00236502457424918,0.0140791328590337
" 2095",48,1.11727605515903,0.453035385895922,0.00035607937255792,0.0111917738005007
" 2972",17,0.383580597668801,0.128708328798183,0.000379411453559481,0.0120843819644486
" 4175",20,0.977559625734656,0.27794578272977,0.000126205347235718,0.0120699457179775
" 4172",30,0.885258147329998,0.376693090611365,0.000186126373444274,0.0117677556482621
" 2977",50,1.16229903248259,0.50048955253109,0.00160434570614145,0.0123539102627995
" 2787",38,1.14122746051125,0.536200095022797,0.00142060556825416,0.0128616871832267
" 5027",21,0.873483100820683,0.140511757104951,0.00531547227181026,0.0128941247734087
" 5685",42,1.03737427530601,0.125830152953291,0.000410962790368411,0.0106373711926755
" 5732",44,1.02558765318069,0.133272554933222,7.37081649822053e-05,0.0102134495411546
" 7006",38,1.09117703947793,0.39400149386184,0.00254505279015895,0.0132946891257972
" 7872",64,1.12453504746564,0.369196754350329,0.000736551375253836,0.0116801084985178
"  958",37,1.13540832964905,0.520122725096455,0.000336989488102097,0.0113590391499829
" 4652",64,1.03813943642874,0.233700070286331,0.00186974812753422,0.0123901618851453
" 4336",38,1.19828115201571,0.478623690441927,0.000893512647446158,0.0124255260643485
" 3472",67,1.52212423597429,0.621470220849218,0.00873017535384559,0.0142364484876742
" 4465",49,1.02512491145042,0.151143519610577,0.000797267813314717,0.0106178289810179
" 2667",48,1.19846603501052,0.551103586193573,0.0060491071369389,0.0132744790460293
" 2784",35,1.25906313685442,0.628289727892829,0.00512086150527451,0.0139910286863489
" 4294",29,1.05020204572091,0.434321822505098,0.00484432331794918,0.0142161915100498
" 2944",24,0.370749165303332,0.110751869793565,0.000599475399369663,0.0114909993781685
" 3953",40,0.961330734265054,0.396638713261918,0.00147416329964411,0.0126013955209483
" 4719",66,1.02330120495183,0.149677922529697,0.00214469549115489,0.0117373406131247
" 4449",50,1.20713067512445,0.479324394473003,0.000181619039614427,0.0124996092549452
" 4529",39,1.13253341361447,0.45099286315368,0.000924268572402762,0.0123678768439009
" 3309",59,1.07208219391774,0.43248764764355,0.00109766835620982,0.0121473825896509
" 2600",50,1.16984927907699,0.486903224428698,0.00207735062099129,0.0133518877502041
" 4528",33,1.00596718192815,0.391567743794542,0.00195353150931255,0.0124019970431273
" 4451",54,1.20117879353939,0.472316270819735,0.000352367450580399,0.012528431449732
" 2665",37,0.930371706687854,0.419913746680194,0.00057057543540182,0.0128636449910642
" 2495",42,1.11081813301653,0.506776299186425,0.000967485949712472,0.0130953151741818
" 1165",45,0.644188431513305,0.304116165154061,0.000106850325495787,0.0131246899777707
" 3951",39,1.0478001259347,0.438017405013434,0.00122440397801376,0.0122660709749263
" 2552",15,0.480153125891904,0.11626912991961,0.00117270220761257,0.0125732091781319
" 1314",38,0.996689198965348,0.45425772506477,0.00140575788034407,0.0133270181603051
" 3307",40,1.19950298562542,0.57301575642976,0.00311589336284488,0.0134757666827734
" 4311",45,1.01209137482601,0.425610443075008,0.000822986129873256,0.0130161229616154
"  616",37,1.19813906383691,0.635812419247812,0.000518343390432415,0.0121612036003455
" 2713",38,1.17431607926659,0.506278929081969,0.000173930058375276,0.0125772958906697
" 3267",26,0.803783439613282,0.271413383740853,0.00397944549718676,0.0140341164342009
" 4722",52,1.05424959572681,0.402335839343309,0.00175149689882176,0.0128168008866619
" 5839",30,0.999528726718366,0.124434931586149,0.00345235257637876,0.0110773523663941
" 2668",30,0.803758047272193,0.30035549537137,0.00341099116005781,0.0133527668755483
" 2203",22,0.411215287564341,0.163869075488957,0.000600535948506097,0.0122324226075881
"  929",32,1.12627984428402,0.607746060064983,0.000393728866901349,0.0120705966434885
"  289",21,0.634118579948886,0.30826897879598,0.000543796569706846,0.0134768631057423
" 2628",36,1.06574475115701,0.538726304224932,0.00159374021477711,0.0132952609377905
" 5485",25,1.02428527176081,0.142332823920677,0.0083751565304241,0.0127639332352872
"  558",30,1.16263823211817,0.61918488678616,4.61338874349055e-05,0.0118081246175398
"  493",34,1.08823080517879,0.577502814512022,0.000348390391318769,0.0116470727794822
" 2295",35,0.999654165115502,0.297640751139845,0.00761606848602103,0.0138686096895866
"  291",54,1.34586556986805,0.560643684275256,0.00554163437515494,0.013959081342659
" 5987",55,1.06414052371129,0.145702127481524,0.000156961272192322,0.0102372397100073
" 6115",19,0.997651128968114,0.190213131232445,0,0.0114729061353809
" 6022",67,1.048434545413,0.162166493737826,0.000504025977090548,0.0103998627255596
" 4435",20,1.04791320541827,0.272587867778009,0.000127000759088044,0.0127160817253303
"  296",49,1.20631739483859,0.517405573513981,0.00273515622286486,0.013782537414036
" 2353",62,1.29321390709329,0.500166464730787,0.00193629758584549,0.013309669034553
" 5676",59,1.05790432090557,0.138086167534788,3.97705926162978e-06,0.00978618462071221
" 6098",19,0.994132419046315,0.186805455666003,0.000720112863639099,0.0115107076794893
" 5988",51,1.05677320242682,0.145590889398987,8.06017343690303e-05,0.0103117237994566
" 6023",62,1.02059184530557,0.155624620455993,0.000353958274285051,0.0103130597813686
" 2396",41,1.14778893718975,0.46258873985972,0.00150597977373714,0.0133451324945641
" 5892",31,0.930560887771721,0.333219660653219,0.00153567514955731,0.0128849821615304
" 4394",61,1.13624657516352,0.451098521189548,0.000255857479164849,0.0116522501806768
" 5675",57,1.05620512319428,0.137082527597218,0,0.00978937941407404
" 6207",27,1.06209566350847,0.218493706169245,0.000842076014329079,0.0117836598394457
" 6052",25,0.920331467084389,0.181481442935485,0.00266489484257606,0.0118591276666005
" 6007",34,0.764304531978245,0.135754846673217,0.00483080131645964,0.012475501009918
" 2438",42,0.89805905112044,0.209229456580754,0.00496151399752521,0.0134112801007869
" 5673",45,1.04724562047838,0.133450529105953,4.50733382984709e-06,0.00979725062065837
" 6212",21,1.00849253971641,0.203718745207789,0.000883702567934138,0.0119169670575792
"   87",42,0.999722262758919,0.400279550788208,0.000460013187928512,0.0115603423636636
" 6131",39,0.981102223087763,0.192197297168439,0.00147204220137124,0.0123127000824352
" 4070",59,1.29436558678915,0.63542330533908,0.000209458454445835,0.012724592032441
"  978",44,1.10009982335817,0.474694083423454,0,0.0103272266799906
" 6014",95,1.12867615092633,0.538882693929185,0,0.00651215676391075
" 2674",38,1.01273529012441,0.32492023696169,0.00268690123715708,0.0135297688907681
"  985",43,1.09989534268545,0.474164847968842,1.59082370465191e-06,0.0103470856027076
" 2838",44,1.15981981278418,0.55161000200773,0.00117190679576024,0.0131153678278093
" 4365",50,1.12492743748152,0.443743844983701,6.81402820159236e-05,0.0112210573699067
" 2997",84,1.06526972352126,0.179169364234445,0.000265932695960978,0.00998251655951006
" 1334",40,1.35789278766126,0.694358600264616,0.00539580886889518,0.014454334773046
" 4807",53,1.08518815203717,0.166737910997118,0.00479527292038908,0.0117401954254569
" 5509",63,1.17278901064211,0.221219242082525,0.00850878572161487,0.0123799203888062
" 4368",47,1.12098407982307,0.444308885575964,1.48476879100845e-05,0.0111041713350203
" 4629",34,1.18394999064482,0.341784146812682,0.00227222652481115,0.0129655613978235
" 5430",42,1.03138521629095,0.223910294961214,6.89356938682496e-06,0.0118865286354944
" 5109",53,1.04686702473318,0.221994032909396,2.4392630137996e-05,0.011520981292643
" 3976",39,1.22500085791992,0.612718581296931,0.000103933815370592,0.0126488803373783
" 4954",95,1.12864657522172,0.538868028364529,0,0.00651209539072594
" 3124",40,1.12280483424096,0.466258911885861,6.84054193000323e-05,0.01102113443978
" 1622",47,1.05166940004884,0.252643130500667,0.00162051908047208,0.0124162186118078
" 4631",11,0.632211752800913,0.143815810434112,0.00477697844778559,0.0128399895047444
" 2443",49,1.45765390828646,0.664678012671375,0.0060186163492664,0.0143189071063621
" 5803",48,1.03161458298676,0.128872623290638,0.000282106070291606,0.00973430633697792
" 4040",6,0.300027695524736,0.0278539169205525,0.000115334718587264,0.0103140682456318
" 4034",14,0.46092134601781,0.11637185218913,0.00146196698457511,0.0125432481947413
" 4001",5,0.292734341821262,0.0357693440002909,0.00114565820463349,0.0119959559138665
" 4084",8,0.25727045794329,0.0248560189229824,0.000375434394297851,0.0115210668087362
" 3979",59,1.23769772047459,0.610948319457865,0.000135220014895413,0.0125845909996677
" 3179",53,1.27348126122863,0.62794324244009,0.00738195226415309,0.0143577475798526
" 4056",5,0.320877210703035,0.0118309624874479,0.00049580672128318,0.0105726460789526
" 4023",4,0.379849571080622,0.0211847208225313,0.00172153638571748,0.0119545812974752
" 3986",14,0.935741226980042,0.3666563341288,0.00163271539554108,0.0130866888072609
"  602",34,1.23136354917142,0.582090112548509,0.000996916188248532,0.0120831932164507
" 5101",85,1.07500144635288,0.162429557872388,0.000311536308827666,0.010422126257891
" 5890",38,0.976628899353095,0.120080308095214,0.000941237358585715,0.0108376519781538
" 5928",20,0.850726239128648,0.18689499543092,0.00407834170415929,0.0127457174014946
" 3963",52,1.08427675701302,0.541010706694478,0.000119576915133002,0.0124400533752823
" 4214",12,0.845864557265614,0.13202921110943,1.32568642054326e-05,0.0105251346655344
" 3741",39,1.29885598776104,0.711572863414262,0.00405368393673718,0.0138592069388484
" 2912",39,0.823685234552516,0.309083959743,0.000691743174239474,0.0126790650459255
" 5103",72,1.06367043530838,0.160011966501901,0.000101282442529505,0.0105943264537051
" 3002",45,1.06949198750774,0.454737458195644,0.00136545701315956,0.0130637743749125
" 5108",65,1.05580646286079,0.16178054943152,0.000126735621803936,0.0107535886385325
" 5414",70,1.04616161660183,0.170972323127652,1.53779624783018e-05,0.00942931580944414
" 5833",38,1.05845566279137,0.132894923179755,0.0012350094693781,0.0110862453350226
" 5855",66,1.0789963692963,0.146553759543677,0.000141848446998129,0.0101967187300366
" 5894",43,1.05794178229987,0.194155032457926,0.00517707060950554,0.0125161257493477
" 2425",63,1.15799077458112,0.446767767154009,0.00328531608739031,0.0132417623499152
" 2227",67,1.01902207399315,0.403691096288431,0.00327603628244651,0.0136456615259592
" 5415",70,1.04060876410043,0.166936432295045,7.68898123915091e-06,0.00946501110572907
" 2143",43,1.12126781233756,0.486718799792556,0.00119126181750017,0.0131990651848425
" 4630",19,0.834978146425065,0.11517923764324,0.00495965803653645,0.0125217110351617
" 4943",48,0.871105191131468,0.114294326475123,0.00104623172309274,0.0109453655977934
" 2606",20,0.654002845653694,0.205737143104102,0.000758822907118963,0.0129194186853458
" 5410",71,1.03785451495306,0.166479727799317,2.9695375820169e-05,0.00937153530013703
" 5413",60,1.02131938720214,0.152556187750874,0.00026566755867687,0.0095391318356881
" 5701",34,1.02002461018841,0.367907738574886,0.00311934014753829,0.0133057053384872
" 4402",27,0.713646792682154,0.254980022691559,0.00161150441281239,0.0133199567478005
" 3009",37,0.788017010831779,0.151433461486344,0.00497795250913995,0.012445054962612
" 5082",34,1.15747947108551,0.427264100909945,0.00721597632430108,0.0136033243069274
" 6051",64,1.03175284644101,0.176210116020909,0.00156086319154764,0.0120591221269425
" 4439",27,1.02879758865601,0.241758798585897,0.0030612750823185,0.0132518715547457
" 2785",44,1.16010847210565,0.516941070623431,0.000321346388339686,0.0123427774484503
" 3001",33,0.713639749400524,0.214502763984226,0.00122466911529786,0.0122135888497682
"  657",18,0.804482363054375,0.188941518271899,0.00252278125829383,0.0130371860069945
" 2953",37,0.859606942493658,0.303552884621751,0.00075352016143679,0.012270101861352
" 5920",53,0.997928942256417,0.223840041752692,0.00302389072525918,0.0128465967876337
" 3240",41,1.3792726338934,0.666916609402606,0.00253842435805624,0.0138782776008465
" 5656",9,0.437206222415869,0.0813153225608961,0.00287249733603314,0.0128185563203246
"  669",10,0.360723816761704,0.0915334322595405,0.000307294112281928,0.012289419373133
" 1426",24,0.872072937410018,0.443067019878702,0.00218605690747584,0.013753123854466
" 3139",39,1.11105414633584,0.457293788698906,1.72339234670624e-05,0.010771045040968
" 6016",95,1.12862156411348,0.53885345606511,0,0.00651217670759405
" 4295",48,0.949828032392213,0.123041551084592,0.000750338514027486,0.0104414936174574
" 4407",37,1.27198718047191,0.58882720223756,0.00745168336987367,0.0148914806091082
" 1410",44,1.27801572868735,0.609150504404117,0.00232764021718986,0.0135067703353712
" 3503",47,1.22188868924858,0.554071899037262,0.00465421988524328,0.0129876861908672
" 3166",45,1.11426134270416,0.462131726766056,0.00251323631606591,0.013163079207176
" 2779",40,1.1788613808935,0.532202348402034,0.0043238588292439,0.0136889825588068
" 4558",55,1.17452587868979,0.328362226963638,0.00434772118481368,0.0130362947494543
" 1350",57,1.22065705877469,0.64077066654812,0.00260232244352642,0.0128618733937732
" 4332",49,1.12328417520667,0.431419990630313,0.000717196353513904,0.0121457498875357
" 4389",32,1.06441218744081,0.423717249039542,0.00229052099741465,0.0123456732004814
" 1507",36,1.30630320790008,0.717728788664334,0.00677478788354428,0.0146055590895819
" 4446",66,1.04901771123376,0.165844908802758,0.000164385116147364,0.0102308613281079
" 5648",18,0.333768651342247,0.0845612743639441,0.000390016944923827,0.0107995528194883
" 4580",95,1.12856085731889,0.538827753459553,0,0.00651198797459687
" 4419",35,1.1151060317891,0.399297181147347,0.00144605874752859,0.013446111827622
" 4226",21,1.01382828530329,0.215290473474259,0.00199144614094009,0.011531531384643
" 4555",35,0.833846635071662,0.238110929830608,0.00185145365493072,0.0127671155495972
"10140",38,1.1447155785569,0.427898733145342,0.0025832325590706,0.013344929013916
" 3086",38,1.09438969294954,0.228359239122415,0.0027579580292982,0.0126083207041209
" 5418",44,0.974086119104731,0.196668490916449,0.000701022979183276,0.0116414536853561
" 6703",26,0.89311215584815,0.202660166237322,0.00146753486754139,0.0120279268438615
" 2735",41,1.12178850838572,0.424925531438735,0.00921033897536636,0.014449403129462
" 4400",28,1.02665603276495,0.410723353374021,0.00309574292925262,0.0140837151691202
" 3006",30,1.26472262646439,0.515193692780293,0.00628004171139754,0.0144289850803509
" 5490",51,0.979020060366247,0.247556968868664,0.00359367074880867,0.0133385478050092
" 3230",38,1.09736862525662,0.472314195077075,0.000825107228146126,0.0126489393242172
" 5798",33,1.00208156011152,0.13104721909502,0.00192807833003812,0.0112808930515872
" 3841",46,1.02835282517011,0.464914170739437,0.00205534422641027,0.0130057767806947
" 2484",42,1.02425811308465,0.448031589626207,0.00246551160492636,0.0138096007537554
" 4552",48,1.18048927503189,0.433167147627069,0.000404599495549803,0.0119131605146048
" 4136",71,1.08233297980294,0.26719547535429,0.000753785298720898,0.0116927177968675
" 5615",43,1.05302857484429,0.139481974642305,0.000449142559280057,0.0104550240567874
" 4153",48,1.33911736841194,0.555949136835781,0.00337148570472562,0.0135251233408592
" 4459",17,0.26873623047625,0.112983360683203,2.12109827286922e-05,0.0114067061847351
" 5245",48,1.1285259682845,0.418909032112636,8.43136563465514e-05,0.0104918331695152
" 4742",33,1.06899355916852,0.466436729128232,0.000273091402631912,0.0113286254497362
" 4553",35,1.10242289409197,0.403786778044268,0.0013882588195929,0.0122901722547822
" 1785",31,1.1854003236599,0.637730335210171,0.00409239398021705,0.0137216407304571
" 4323",51,1.2712428862672,0.43529250915764,0.000487057190907594,0.0128375877572646
" 4595",42,1.13041326554494,0.47675354108022,0.00161998880590386,0.0129775143343472
" 5608",45,1.04817493119524,0.256478807989601,0.00876623402448437,0.0132830862372274
"   34",19,0.929537698375589,0.258259630708723,0.00286162670738468,0.0128340669405515
" 2102",53,1.08809944881779,0.438781449242497,0.000217677710253203,0.0112773245753777
" 2985",18,0.410673911947584,0.189262024074362,0.000230404299890419,0.0118129475268832
" 4322",48,1.23947514218856,0.431338750550477,0.00101176387615862,0.0129695245834876
" 3648",34,1.04977625135265,0.485640214712873,0.000442779264461449,0.0119593774658729
" 5367",65,1.16386256211317,0.427660881787943,0.000281045521155171,0.0109693467632158
" 4754",70,1.22982851412801,0.485692497032422,0.000314983093521079,0.0114135943573285
" 2965",42,1.10243861430762,0.424181300268082,0.0119621988471301,0.0149622365861996
" 4343",44,0.852552331526777,0.290655641496489,0.00325217392687673,0.0134716964748398
" 4533",51,1.17373824135366,0.434931300407571,0.00149590455694102,0.0130807559891483
" 6474",37,1.00622521982141,0.184759800522858,0.00504291114374656,0.0123558290086467
"10138",52,1.20381483898242,0.396248941185803,0.000275212500904781,0.0113931221424437
" 5100",69,1.07262600372857,0.164887667978269,0.000233585947299723,0.010542554856768
" 2582",51,1.30078481742916,0.522525616600495,0.00753732271264076,0.0145939011960306
" 4356",73,1.10346841794932,0.248256068938675,0.000451793932121143,0.0108480757112229
" 5785",27,1.11088469283831,0.23975386191183,0.00186842244111367,0.0123564770680309
" 7421",34,1.01479406106465,0.221212864511414,0.00817444760635386,0.0132320822784808
" 3233",56,0.965673877308829,0.446080285891303,0.00326781702663914,0.0141374539493723
" 4355",64,1.00688922624316,0.18089953684356,0.000492359936589767,0.010718430660986
"  698",43,1.11447585088143,0.475679173923544,7.66246751074005e-05,0.0119280508875834
" 5412",71,1.03969644615425,0.167471497417287,0.000128856720076805,0.00948081768665689
" 2760",43,1.23173436254146,0.679016137277323,0.00143015051048207,0.0125246158930811
" 3716",82,1.05703404504897,0.164032469630375,0.000274947363620672,0.0097322140882604
" 4467",76,1.03921780635449,0.159135053254694,0.000144499819839215,0.0103088927894237
" 4605",83,1.11463992529972,0.215805327024119,0.000689887213250713,0.0117995809453966
" 4658",43,1.19124845402072,0.376862074184643,0.00383388512821111,0.0130629094158568
" 4882",95,1.12851326232954,0.538811175030142,0,0.00651207644208945
" 5830",26,1.10994040318544,0.255798499715141,0.00434400926283616,0.0129083727326445
" 4243",54,1.02097507505779,0.40433806675209,0.00204792038245523,0.012865150558954
" 4452",66,1.1088905812236,0.384419612866162,0.000870180566444597,0.0114747524567561
" 1408",51,1.26345964450511,0.666429955259136,0.000304377602156733,0.0124331306552169
" 4603",86,1.03112247903432,0.195337379675723,0.000439067342483928,0.011513832907146
" 3190",40,1.13348972334636,0.461698920932922,0.00128220390594944,0.012350131953951
" 1485",54,1.36694626845304,0.744759816708917,0.00298412013264288,0.0139153417711678
" 2938",54,0.993843186959495,0.154487075666858,0.000275742775472998,0.00993336300771307
" 3234",44,1.23823256538561,0.664230806433826,0.00304987417910183,0.0136227484281636
" 2369",31,1.18139292064323,0.49115578708555,0.00417167002816553,0.0135614405466312
" 4117",37,1.19503771906791,0.529307632760257,0.00372146691974904,0.0144229031395114
" 3479",27,0.876587267485664,0.288830294129836,0.000481489307941312,0.0112615441209092
" 4192",12,1.07954322375285,0.208015033341029,0.000848704446431796,0.011269349350405
"  911",40,1.14009658144599,0.476645960005321,4.37476518779276e-05,0.0108080017769376
"  148",34,1.19233586496638,0.442785695211852,0.00418492689237097,0.0137036324033519
" 3037",33,1.22305550460289,0.612038898529018,0.000474330601270379,0.0124724459556785
" 5104",38,1.11396991044012,0.25951947139112,0.00123580488123043,0.012151540577989
" 5432",41,1.06103252770406,0.232102316777484,0.00010817601191633,0.0120369808244593
" 2534",53,1.11194263453694,0.459208388411218,0.00220965412576151,0.0133046454298603
" 3034",33,1.2095360171652,0.602745230921097,0.000210784140866379,0.0124333474117581
" 5112",38,1.04615828679094,0.186685666997231,0.00227646872135689,0.0121367675453129
" 3473",30,0.753935728735972,0.2495983394833,0.00051542688030722,0.011206907680469
" 3665",34,1.19176835824302,0.548119939034861,0.00115440773500907,0.0124669010201537
" 3036",31,1.14655092759596,0.566378547090265,0.000110562247473308,0.0121569809619061
" 2435",39,1.1453414885124,0.441053421056371,0.00462028231287737,0.0137636812640096
" 5457",20,0.915522623239008,0.114625193940947,0.00110217569003967,0.0109311142620332
" 4028",54,1.00899244258178,0.493130768947157,0.00291969177260448,0.0135092253009027
" 3511",26,0.730239268885844,0.259634809028946,0.000533456215626608,0.0112454545555437
" 2603",42,0.974388080217675,0.261292015247743,0.00392774372678557,0.0135207434368858
" 4319",52,1.07717973119415,0.402001913336956,0.00217041380771343,0.0126552052944712
" 5769",47,1.17050327766029,0.474147172807622,3.92403180480805e-05,0.0118650471052283
" 5386",48,1.23819523537601,0.484570846244627,0.00271686175026136,0.0125901295041984
" 3021",34,1.15240861598991,0.407857724125867,0.00062545885321231,0.012220553647239
" 5737",48,1.15127587292301,0.466096727203946,0.000176581431216362,0.0119783798430951
" 5625",41,1.04003973793951,0.146183557381702,0.000356874784410246,0.0104845816319076
" 5238",41,1.17490406427029,0.44950092566771,6.94659684364669e-05,0.0103587479338918
" 3023",40,1.08106417380618,0.379175725416135,0.000645079012236351,0.0120630353420444
" 5753",38,1.15437336924915,0.450935287949945,7.52989886868572e-05,0.01173861681041
" 6414",26,1.1330118326767,0.222495840659748,0.00226931001468595,0.0124124544634171
" 5229",40,1.15698571872386,0.436922403195705,4.82549857077747e-05,0.0103772026464275
" 5752",36,1.13754878811026,0.437283584162949,0.000187186922580708,0.0117771903863808
" 6413",30,1.0487627431973,0.193340679344454,0.00188353526630787,0.0122333443150915
" 2828",29,0.845332855920382,0.296057270653607,0.00676895486329389,0.0136765548323758
"  617",43,1.09562260234225,0.387326761713442,0.00449195586736879,0.0135872843186724
" 5316",51,1.12937910418121,0.417381248232244,0.000232260260879179,0.010582050167498
" 4750",33,1.0805925308384,0.470350402181581,0.000110827384757417,0.0111768526516898
" 5224",37,1.09749364717616,0.420028881795923,0.000414674712345932,0.01038217801213
" 5714",32,1.02982488773128,0.41473742505031,0.000246577674221047,0.0122666673492337
" 1899",40,1.09817470681222,0.510787658677054,1.59082370465191e-06,0.0109428204535827
" 2984",32,0.546800065262109,0.195740786460181,0.000207072218888857,0.0115383465223813
" 5759",43,1.07984609619705,0.413097981802458,6.89356938682496e-05,0.0113463885641048
" 4886",53,1.21156618477136,0.378320378521995,0.000178172254921014,0.011722789586166
" 5765",49,0.757761164754523,0.222583050269335,0.00107088949051485,0.0114102058450948
" 2993",34,0.827519055020344,0.311893572443246,0.000971197871689993,0.0128429278351067
" 4140",61,1.36334434947005,0.634581220628012,0.0232657966805342,0.0147076124985374
" 2928",36,1.05708041233023,0.2959840699225,0.00565140121077592,0.0137956599752417
" 2992",61,1.20784504565315,0.426341446842926,0.00111172063226758,0.0126322247449915
" 1883",40,1.08204287735605,0.50218300188313,5.5678829662817e-06,0.0108926511921895
" 4888",54,1.12840590599381,0.345858293779559,0.00079276047948487,0.0121026162257181
"  834",32,0.811496872859189,0.363049996103153,0.00254717388843182,0.013825441117576
" 3550",51,1.23591780816649,0.543603341253246,0.0006098157534499,0.0117132453556315
" 1893",41,1.0979964800847,0.508361026641209,0.000318960152782709,0.0114246075825112
" 2048",58,1.30709044237316,0.439742228784563,0.00365306150044901,0.0124985602423022
" 4159",64,1.15553473925926,0.501613786103264,0.000377025218002503,0.0120283028407838
" 1193",17,0.697643751756721,0.210483649773863,0.00163191998368875,0.012491947552882
" 3081",66,1.18557251569882,0.412307661026033,0.00307479708380804,0.0127944570111082
" 3945",55,1.27947559842096,0.369635213034478,0.0117243707032846,0.0143541667991362
" 3557",56,1.19022400629154,0.530818584842235,0.00024975932163035,0.0116005875789492
" 3000",88,1.05323767383785,0.189689089805779,0.000230404299890419,0.0104395291983835
" 5095",43,1.00752150256183,0.373803523470961,0.00308222092776308,0.0130538237071025
" 4303",55,1.13933030656504,0.393219284014995,0.00180081243366597,0.0127850481757956
" 4390",44,1.00519402483381,0.184172235262132,0.00400542895102941,0.0123938142017779
" 1508",40,1.34468449321636,0.753169398292792,0.00923128482081094,0.014979335709692
" 2375",38,0.879580964446924,0.349950950291613,0.00590752382722488,0.014125837419647
" 2368",38,1.08129849827055,0.486712238566887,0.000466641620031228,0.0125179335543961
" 2904",64,1.09299734083012,0.264476594604891,0.00107619223619702,0.012248796477778
" 5179",75,1.04215289706459,0.191134366075929,0.000286613404121453,0.0110426815699494
" 3151",39,1.1204630077422,0.480036140889576,0.000213435513707465,0.0117925578105532
" 5901",19,0.940743737258933,0.112681419041202,0.00141981015640183,0.0116313910360031
"  927",29,1.22556751586731,0.578704699326991,0.00103032348604622,0.0122733067254763
" 5952",50,1.16527792581432,0.240404322296808,0.00049766268227194,0.0120582289377765
" 5770",40,1.03162558856251,0.132248114089884,0.000301991366599755,0.0109993696426926
" 5794",28,1.06462874790148,0.144244828114945,0.000265137284108652,0.0104355199977798
" 5164",57,1.28523086345533,0.592469758241751,0.00402823075746275,0.0138352367023167
" 5670",35,1.17615443627621,0.465033042178317,0.00056845433712895,0.0126321929327709
" 5953",27,1.02715034713151,0.20932818372436,0.00180850141490512,0.0121136660479579
" 4654",46,1.19035697074709,0.449645443115492,0.00157279436933252,0.0125789735207585
" 5793",28,1.06117685886413,0.142843816464733,2.81045521155171e-05,0.0104195434809299
" 5668",37,1.17067434737975,0.452248695326761,0.000490238838316898,0.0128863702250841
" 5633",76,1.03577229283635,0.148128262933601,4.24219654573844e-05,0.009080321596111
"   95",50,1.24526760018773,0.493006231466475,0.00217704223981614,0.0135496065334566
" 3640",35,1.13446120996293,0.520954379813922,0.000876543861263204,0.0121673828029075
" 1457",37,1.29209703818586,0.759536992829923,0.00347621493194854,0.0144054243400692
" 4450",36,1.0054287855331,0.410037334835227,0.00195088013647146,0.0129519673771806
" 5706",33,0.862652861357917,0.329697351781043,0.00264978201738187,0.0133979102315361
" 5716",45,1.1816021747713,0.493554363864503,0.000729127531298794,0.0122095373909762
" 4656",41,0.89625916552488,0.345323107023642,0.000450998520268817,0.0120491545318921
" 7131",36,0.862183790473964,0.391585250579481,0.00158180903699222,0.0136721619883771
" 5788",27,1.01640059581099,0.137872043420101,0,0.0102231280171458
" 5850",35,1.06229587671203,0.214553755238246,0.000256652891017175,0.011390779940153
" 5634",66,1.02721901741384,0.147592086886051,6.49586346066198e-05,0.00908807099999509
" 4593",37,1.04230184936022,0.376339869458225,0.00147151192680302,0.0125331499781598
" 3003",35,1.27733360365072,0.485659740132321,0.0121488554951426,0.0149499071743327
" 5848",34,1.04091561719488,0.188350316842508,0.000930631867221369,0.0115302035839735
" 5239",53,1.13724713074065,0.430485633360357,0.000201504335922576,0.0108267288804815
" 2533",44,1.13163187206691,0.338754943980119,0.00643408647346466,0.0137065917366255
" 3289",30,1.07903045358715,0.404049060444888,0.00170324191311398,0.0126268263327892
" 2567",58,1.16778899826038,0.482499773461816,0.00362972941944745,0.0134949555297932
"  895",43,1.17873850311913,0.547536222348861,0.00291067710494478,0.0135036205761689
" 2595",60,0.972358032780348,0.176018834676905,0.000317899603646274,0.0116978884492611
" 4411",44,0.734860419122716,0.145127403498031,0.00118808017009087,0.0120299247845598
" 4914",55,1.15998321521838,0.394251059824324,0.00158843746909494,0.0125240330040096
" 3042",31,0.964373141303133,0.352350978304201,0.00463751623634444,0.0139606660667666
" 5427",35,1.09501016980151,0.172290294792985,0.00631026736178592,0.0128042903619779
" 4437",24,0.831583115352327,0.19226998224165,0.00292552479285487,0.0131923521955473
" 4312",98,1.05111842818064,0.177354113530116,5.30274568217304e-06,0.00877770740424566
" 4915",46,1.02987878949851,0.368931971209176,0.000384979336525763,0.0119723490815292
" 4313",97,1.03130549486097,0.177625636250696,1.48476879100845e-05,0.00901225276715762
" 5674",55,1.05009660759539,0.135382878562036,0.000110562247473308,0.00997477377273733
" 5756",37,1.17023035777482,0.448623300662075,0.000394259141469566,0.0116353804251324
" 4988",38,1.13666682868653,0.494841238116571,0.000539289235876999,0.0122097096974834
" 4991",40,0.997873765014176,0.42573057550183,0.000274417089052455,0.0119454529458442
" 1163",38,1.04800209251791,0.40574357104062,0.00114937012661101,0.0119043463945696
" 3674",32,1.10605548923821,0.512793233890523,0.000833591621237603,0.0123676810551211
" 5475",33,0.982729646484828,0.123154277578619,0.000832265934817059,0.0107236975860343
" 5862",16,0.616153241159638,0.134988413579208,0.00210174325112929,0.0125045017608577
" 2352",55,1.13154251183213,0.382972224364625,0.00121512417306995,0.0126239683500634
" 5684",37,1.08191270945328,0.136020966039954,0.000551485550945997,0.0110302747266374
"  969",47,1.09308796027422,0.494680621914632,7.37081649822053e-05,0.0109891116078568
" 3659",94,1.05332867736726,0.15709666251974,6.76100074477063e-05,0.00985119057495969
" 5809",34,1.05425961161578,0.416130496745491,0.000614057949995638,0.0119669742958359
" 5683",38,1.08195789842523,0.137164267428932,1.51128251941932e-05,0.0109157291905988
" 5699",35,1.00250226051512,0.166963480412846,0.0012625837469254,0.0110632098610812
" 2073",48,1.06493414487789,0.438243964923058,0.000371457335036222,0.011454197940204
" 5766",31,1.07784114243906,0.216599221677046,0.00308222092776308,0.0118992233652629
"  970",35,1.0476021673641,0.476677574944629,7.74200869597264e-05,0.0110329285276655
" 4367",48,1.12061488724558,0.444322793946289,0.000736021100685618,0.0115669872558224
" 2071",53,1.07702953699713,0.442321494185991,0.00014370440798689,0.011468893630625
" 5175",22,0.956250135027835,0.124285463148101,0.000106054913643461,0.010408251540946
" 5704",56,1.06316801430964,0.150965249675111,0.00232631453076931,0.0111847550349687
" 4942",42,1.19551778158884,0.470599199728831,0.0029202220471727,0.0134464873310469
" 2573",35,1.20350633631524,0.421301939119593,0.00372146691974904,0.0133056333350201
" 5397",19,0.981562600195404,0.12982366523202,0.000427931576551365,0.0104793098924695
" 3127",51,1.18459833344732,0.489733054228907,0.000496867270419614,0.0112096372699907
" 1440",52,1.2804264864312,0.659659945175706,0.00227726413320921,0.0133907707578316
" 4978",48,1.13802371449836,0.458984804609071,0.00223563757960416,0.0124312689579874
" 4349",50,1.1108673255428,0.272207000295714,0.00540270243828201,0.0124152467138361
" 5477",25,1.03720845468716,0.262129926703919,0.00577681114615931,0.0125599851789265
" 4649",24,1.09345209098619,0.381095884150707,0.00371377793850989,0.0133494764663387
" 4974",48,1.08369158266459,0.426473491639322,0.00244615658318643,0.0124016446855069
" 4330",59,1.08200218792672,0.471392955617469,0.00258190687265006,0.0132802125518264
" 5403",53,1.2727884698474,0.492523243662902,0.00281416713352923,0.0132788466224862
" 4599",26,1.16154215179934,0.367359525955396,0.000135485152179521,0.0109465177326673
" 4571",27,1.12236997928546,0.347611311152736,1.32568642054326e-06,0.0110289761713587
" 5166",34,1.07048196134648,0.225183388772372,0.00121538931035406,0.0120599202868037
" 4415",37,1.40911457575734,0.588384067517089,0.00570124702018835,0.014634783076135
" 4569",23,0.999746083101639,0.290911897064423,0.000591256143562294,0.0112886402027943
" 4600",23,1.10887727533629,0.347053847409104,0,0.010825836347154
" 4455",28,1.11696106385303,0.345326695191012,0,0.010681311212294
" 5458",75,1.03908846468225,0.17154047919736,0.00249600239259885,0.0115368395694125
" 4492",45,1.19840688617165,0.459776170170546,0.00189148938483112,0.0134835233175196
" 4987",57,1.07550262422913,0.194281391814603,0.0045691108170444,0.012412667384794
" 3142",38,1.11104818913847,0.482616879120176,0.000572961670958797,0.0119976060771984
" 5846",42,1.02498824903075,0.13302475768126,0.000872831939285683,0.0112057384152626
" 4137",54,1.25623836578829,0.472490053470349,0.00233612461028133,0.0125084522086385
" 3146",68,1.13338237498292,0.526533045871561,0.00214363494201845,0.0135892729269054
" 5001",34,1.05887947184108,0.383874120498445,0.00212162854743743,0.0126088996177036
" 1863",67,1.280234507611,0.513720078684892,0.00280197081846024,0.0125792444475547
" 2943",39,0.981885248196446,0.155614458374822,0.000526032371671566,0.0105718547235229
" 6645",50,1.12946722892562,0.294036418919897,0.00362416153648117,0.0126548186189379
" 4726",55,1.09439058525601,0.180554994747045,0.00172365748399035,0.012190569779471
" 5425",41,1.13042418958818,0.434551476389341,0.00738380822514186,0.0137332443310675
" 5859",24,1.03542124693367,0.128861278225373,0.000682463369295671,0.0119086879517619
" 6013",95,1.12854681163206,0.538818510015013,0,0.00651074494754141
"  658",36,1.17241917638457,0.393198650966846,0.00147522384878054,0.013050145378346
" 7002",43,1.13204682395835,0.400828719153157,0.0014770798097693,0.0128963815981251
" 5486",30,1.05134740494221,0.401384460544367,0.00185277934135126,0.0133798815058946
" 5011",36,1.0248503935175,0.181313868783586,0.00294965228570876,0.0125784103346769
" 5825",50,1.2168261200506,0.5501990418195,0.000648790934213872,0.0124492849526638
" 5860",19,0.956434902792122,0.120004251323961,0.001569082447355,0.0121583156156757
" 2480",39,1.0672072768388,0.433275964998655,0.00195618288215364,0.0126778044414151
" 4335",49,1.18523303046894,0.470009829792806,0.000313127132532318,0.0121061516523863
" 5801",45,1.21949953381179,0.543791365940316,0.000463725109906033,0.0124369341845055
"  979",46,1.13844184970252,0.484666139035755,2.65137284108652e-07,0.0104071344825666
"  668",38,1.15701278426079,0.399352575713541,0.00293453946051456,0.0131897605245191
" 5411",31,1.06868643842352,0.42477346435153,5.19669076852958e-05,0.0122917690612572
" 1129",31,0.680342985981536,0.29713502893711,0.00015139338922604,0.0114573921565912
" 3187",38,1.07968166683021,0.460058736711764,0.000335133527113336,0.0116726530995455
" 4878",46,1.29660244037965,0.486878724861374,0.00938082224904822,0.0145765523772369
" 5378",72,1.10674656984172,0.386280165256864,0.000593112104551055,0.0119445969976056
" 5099",44,1.07696411290612,0.169894644462147,0.000974909793667514,0.0111784113351814
" 6428",16,0.990390343849654,0.225370341836409,0.00961255223535919,0.0137120090886799
" 3128",44,1.05173929648665,0.421482125516063,0.00137102489612584,0.0125355971698012
" 4513",36,1.21021759104271,0.32990588899594,0.000229343750753984,0.0121541765882212
" 4460",44,1.22385525092168,0.465739360767686,0.000552015825514214,0.012047252615863
" 4735",33,0.820147077048386,0.303281459552528,0.000237297869277244,0.0118236941524117
" 4889",22,1.0938017030734,0.348230854301089,0.00067079732879489,0.011278515065754
" 5438",51,1.26242897320275,0.458230153104668,0.00077499628144959,0.0122465324107725
" 4638",45,1.06072215830687,0.389338062238361,0.00139011478058166,0.0124978779034191
" 4511",37,1.20931192360877,0.328107304161059,0.000187452059864817,0.0122141466554791
" 4770",28,1.00021859353215,0.319198470176767,0.000406455456538564,0.0113265869343966
" 5437",49,1.01700405129683,0.377451420168299,6.7875144731815e-05,0.0115691884834495
" 4150",14,0.603230187271934,0.084958424735804,0.00191270036755982,0.0122290260569882
"  355",21,1.1349991271742,0.493599422801791,0.00030490787672495,0.0114097871763706
" 5153",39,1.08564284842324,0.338449236675978,7.42384395504226e-05,0.0100718222584195
" 1877",42,1.07148380903837,0.482233728430896,7.68898123915091e-06,0.0109677011995302
" 2974",24,0.422825132324542,0.143201936562204,0.00106187482285515,0.0114778002575798
" 4512",39,1.0943623811409,0.308358864675255,0.000603452458631292,0.0121932137569773
" 4334",44,1.13020845315012,0.29541210361663,0.00678724933589739,0.0139823370694757
" 4523",65,1.0594472883286,0.158948425339564,0.000175255744795819,0.0102430111333416
" 4470",46,1.04916398904733,0.157406039200302,0.000787988008370914,0.0103666968998495
" 4572",19,1.04841433990524,0.316333590117286,0.000304112464872624,0.0114479731532785
" 4611",28,1.13885241911392,0.31221371466139,0.00143041564776618,0.0125559725919107
" 5470",54,1.19998542505788,0.532488313788381,0.000599740536653771,0.0120809118504673
" 4917",41,1.10870961564588,0.237534755148208,0.00246551160492636,0.0116409255612159
" 5158",33,1.0155608803147,0.311289121232509,0.000177376843068688,0.010361918178599
" 1167",53,1.11190999056737,0.474789221798906,0.00678539337490863,0.0136710774673966
"  334",22,1.11013411690955,0.486070825098239,1.59082370465191e-06,0.0110530678369437
" 4732",56,1.2197124329257,0.378812819882889,0.00219295047686266,0.0121297271397666
" 1881",39,1.07568197596875,0.487084391559226,0,0.0109859535798332
" 4331",47,1.01810510486977,0.210709221112442,0.000613527675427421,0.013388048228502
" 4520",78,1.22198221935057,0.224165847119083,0.000776056830586025,0.0115820610305167
" 4612",15,0.9225538697971,0.262252374592216,0.000859840212364359,0.0125631304263242
" 4453",52,1.13811001266652,0.174065912226251,0.00143624866801657,0.0112438448734271
" 5471",51,1.20320621697419,0.520831703564694,0.000700757841899168,0.0122264499553123
"  343",23,1.11689647747766,0.489589199552677,0.000571370847254146,0.0114884163054755
" 4733",49,1.11200777332112,0.335662334145647,0.00226904487740185,0.0122384635086332
" 4548",95,1.06596699595069,0.193057403581597,3.5793533354668e-05,0.00882682630603047
" 1888",43,1.07787731242333,0.488151258604747,7.95411852325957e-06,0.0110367979856459
" 5396",39,0.785882238737934,0.284848710148385,0.00213011294052891,0.0131379436051402
" 5096",45,0.791477522720248,0.267218190492,0.00164517684789419,0.0124792486387196
"  456",71,1.55663635824305,0.631986285197606,0.00722366530554023,0.0140871628201799
"  318",28,1.07714490638097,0.470034249144483,2.04155708763662e-05,0.0111110697050762
" 4734",51,0.892538305696904,0.237074619820768,0.00142908996134564,0.0115398942875781
" 5678",43,1.04296022816175,0.132463703275152,5.5678829662817e-05,0.0102989990867481
" 4740",41,1.09805646886684,0.426192764241007,0.00109528212065284,0.0114248925486171
" 5346",45,1.08951043896668,0.399185549783761,0.000255857479164849,0.0107293463953636
" 4326",33,0.923570118145605,0.346104795513955,0.000791169655780218,0.0126190866258013
" 5677",46,1.05472448137161,0.134340283553721,7.15870667093361e-06,0.00982215413892064
" 4972",69,1.11426523916942,0.388705676770632,0.000276803324609433,0.0114035614066014
" 4976",69,1.07263825992437,0.380728916803257,0.000575613043799884,0.0113299866304624
" 5442",33,1.11525324448383,0.3166805780334,0.000263281323119892,0.0112008496172508
" 4209",39,1.07442598653442,0.445454696893599,0.00125807641309555,0.0124040447431156
" 5444",18,1.03646111914735,0.283202468918035,4.69292992872314e-05,0.0108810669921913
" 5006",39,1.20454622865663,0.334411605579919,0.00189864809150206,0.0117542802756385
" 5035",42,1.08118680665597,0.485512330933274,0.000889800725468637,0.0124711042961062
" 8447",40,0.949793576044664,0.238339713073609,0.0017069538350915,0.012272657013056
"  685",41,0.525117476927978,0.156134195200482,0.000720112863639099,0.012546252050283
" 5005",28,1.00704333941647,0.27696437863745,0.000259834538426479,0.0114692247851542
" 8453",32,0.906391419205165,0.224632575328407,0.00148158714359915,0.012264787067315
" 5919",8,0.222915908881939,0.033315708196107,0.000241274928538874,0.0117825188474542
" 5616",51,1.11065554075053,0.188617188952899,0.00304563198255609,0.0123255556111019
" 5014",22,1.04317647730456,0.191462450678379,0,0.010628855423447
" 4956",60,1.10034235158521,0.427300540771608,0.00105975372458228,0.0124545140557147
" 1143",57,1.44655076191089,0.576813654666573,0.00926919945243848,0.0137577733009947
" 5804",48,1.01813202056357,0.126410600720227,0.000251085008050894,0.00969384298664968
" 5178",65,1.00256997829554,0.152335880161636,0.00086752919360351,0.0114751735096846
" 4551",63,1.04206039409372,0.177934621910685,0.0041276572390035,0.0123334385521875
" 5647",41,1.13621419282011,0.251880316105461,0.000862226447921337,0.0110397861405302
" 9468",17,0.741002377765575,0.278132088733745,0.00516434401986833,0.0136333026921867
" 5646",36,1.07428276525277,0.233753523374724,0.000340701410079618,0.010806315018818
"  879",34,1.11707625461869,0.438759367470365,6.36329481860765e-06,0.0114772643716963
" 3130",51,1.12120007762777,0.45349686508246,0.000388160983935067,0.0116873103417894
" 3031",48,1.34777638892235,0.616247323077314,0.00174327764301439,0.0129990766837656
" 4730",36,1.32104534566794,0.554232692013091,0.00443654217499008,0.0147171433791231
" 5696",74,1.09822403523223,0.270305759894327,0.000947600653404323,0.0118757968864307
" 7133",64,1.43915743484858,0.617537095229918,0.00952691289259209,0.0144187671836365
" 4944",30,0.98841418968821,0.316703627660271,0.00133284512721419,0.01219755799218
" 4493",23,1.11225285504136,0.26206607210487,0.00151976691251079,0.012428016784034
" 5453",60,1.10561904485085,0.273872440012612,4.74595738554487e-05,0.0105927345906647
"  536",35,1.09373074616658,0.60267093885397,0.000239684104834222,0.0118145227185083
" 3155",39,1.06011887195897,0.4457077977055,0.000248168497925698,0.0108175289640771
" 5775",42,1.03049432543149,0.142398045706952,0.00400012620534724,0.0123903374741387
" 5454",57,1.08812737223826,0.259426806188167,0,0.010442830647393
" 4047",66,1.27966427710778,0.590001409642866,0.00284094599922421,0.012869973167311
" 4122",52,1.30764966973357,0.669375463111056,0.00129201398546146,0.0131519079097238
" 1155",48,1.00848741259792,0.437201050882272,0.000760944005391832,0.0126724195178577
"  526",41,1.09745161358313,0.594990490127348,1.32568642054326e-06,0.0113633795995041
" 5451",46,1.06596562618079,0.261833264287998,0.000256918028301284,0.0107684010993831
" 1852",45,1.12853734705371,0.480338270648444,0.0010756619616288,0.0125827824740106
"  520",40,1.12029286509079,0.606102135199113,0,0.0115315179097515
" 1878",50,1.08634614164816,0.458332505365338,0.000710833058695297,0.0124669895490442
" 5671",46,1.04975153098438,0.258418722759632,0.00691212899671256,0.0134163087972698
" 6078",52,1.1271184582994,0.237906550113807,0,0.0097279436741384
" 4469",56,1.02547927467557,0.29336405397087,0.0041767076365636,0.0106385186116796
" 6153",10,0.735940702374974,0.163069382646051,0.00656294319354147,0.0138585661241861
" 5310",35,1.14785972123312,0.422519506761435,0.00308937963443402,0.0117417358748054
" 6154",95,1.12847830134057,0.538788695924774,0,0.00651089328829714
" 5249",45,1.0087258964456,0.365690237402837,0.000465846208178902,0.01155341581208
" 6267",15,1.20557512768574,0.272265970139272,0.0182682240123702,0.0142093532922345
" 4755",43,1.09218003775638,0.426296836716069,0.000299870268326886,0.0111191488813335
" 2010",40,1.0691972221354,0.468304391504887,0.00174566387857137,0.0128678592858098
" 5757",47,1.08870773297765,0.426823968136866,9.99567561089619e-05,0.0118620496319454
"  713",38,1.15723086749946,0.482850177443237,0.00114353710636062,0.0122264375845106
" 5629",52,1.19138741837754,0.535684402903473,0.000352897725148616,0.0122014865802511
" 5836",52,1.07646708523307,0.423545118474331,0.00291385875235409,0.0137311258844432
" 3602",39,0.913574033553612,0.357446369232462,0.00111304631868812,0.0121940562980206
" 2981",34,1.0727313957643,0.437756422989517,0.00027335653991602,0.0111734890827702
"  702",43,1.13059718759609,0.46953553541713,0.000516487429443655,0.0114990541810689
" 4473",52,1.24188144486261,0.251858312770031,0.000543531432422737,0.0112767161067257
" 5093",36,1.24509054542346,0.467476579271829,0.00169184100989731,0.0129341176464093
" 5681",95,1.12852501250064,0.538802834167142,0,0.00651092841366466
" 4651",35,1.02625666125907,0.12768985651566,0.000427401301983147,0.0106693011836383
" 5460",60,1.05646515077023,0.14981602203991,0.000531335117353739,0.0106065948444156
" 5911",32,1.20407164724772,0.393664628437693,0.0038426346585867,0.0131693900413673
" 3592",43,1.08761569485054,0.429865514919708,0.000821925580736822,0.0123486763023208
" 3108",55,1.33532731729581,0.626742696477604,0.0025495601239888,0.0132114518737394
" 4447",56,1.04211722923242,0.15556938546971,0.000189838295421795,0.0105400080250155
" 5094",22,1.15503074928225,0.430131599214673,0.00230086135149488,0.0131158630961559
" 5762",25,1.04627134290445,0.18902090420007,0.0032299023950116,0.0114708315224357
" 3621",33,1.11995348241968,0.452283286506836,0.00321001709870345,0.0134197517850687
" 5429",41,1.12640226690211,0.420383362397282,0.00154071275795538,0.01267356908161
" 5105",49,1.15981458682749,0.404443051288022,0.00176077670376556,0.0123676991257628
" 8941",70,1.07707774073024,0.212223738348328,0.00167460708643025,0.0120846590954773
" 3573",50,1.20825622964836,0.470915773146521,0.00136227536575025,0.0124189200408302
" 5740",56,1.0827241999382,0.30083317115501,1.08706286484547e-05,0.010674428463528
" 5394",41,1.05976931830545,0.351420973034646,0.0020837139158099,0.0128694323082019
" 5121",30,0.805626988541638,0.26121477209721,0.00179842619810899,0.0128642023111207
" 8942",70,1.06361041326645,0.207484872987124,4.71944365713401e-05,0.0119030950361055
" 3608",50,1.35576280001401,0.561861065258934,0.00268902233542995,0.0131914848270078
"  909",44,1.15902469363186,0.498977100275999,3.81797689116459e-05,0.0109555955538824
" 5729",44,1.03685000759342,0.294549180950594,0.000462134286201381,0.0111383628068726
" 4388",33,0.87098539031899,0.281234817417753,0.00113876463524666,0.0120852759929199
" 5449",58,1.06329440204344,0.150781490095311,7.95411852325957e-07,0.00924046649056632
" 3134",53,1.06419589861674,0.441179861686644,0,0.0104514538459978
" 4594",72,0.875358966967406,0.142576097218235,0.000470883816576966,0.0108745655476153
" 5727",50,1.05735192194453,0.302375142661862,0.000476716836827357,0.0110131669466568
" 5452",57,1.04912245157704,0.148391019504675,2.12109827286922e-06,0.00939207953488591
" 3617",48,1.34744078332396,0.520990210991523,0.00348310850133536,0.0132701792519929
"  457",36,1.1431942199469,0.568507973614786,0.000110827384757417,0.0118024057587753
" 5445",30,1.06489645325355,0.420511648773176,0.0025066078839632,0.0127718344604869
" 5792",29,1.04908383271159,0.147355331864754,0.00197394708018892,0.0109141109029134
" 5004",49,1.01548045664635,0.239229032199601,0.00339667374671594,0.0126806254699673
" 5483",43,1.13455148671996,0.436954373231433,0.00129042316175681,0.0126129933376976
" 4590",45,1.03394828709531,0.259557134797418,0,0.0082126611534923
" 3618",50,1.1569016208542,0.475677096731776,0.00503310106423454,0.0133170652369777
" 4108",47,1.43264983950764,0.742400086307327,0.00266118292059854,0.0136791113285961
" 4589",44,1.02646321600801,0.256112976987727,0,0.0082815314706296
" 4499",13,0.693272784190379,0.201973439326102,0.00380180351683396,0.0131331867361067
" 5888",39,1.09493572463225,0.23089139438521,7.3177890413988e-05,0.00981548806643442
" 3782",70,1.10800180353581,0.283404859386198,0.000156430997624105,0.0110738772924715
" 4591",45,1.03324618623013,0.259823496119224,0,0.00821133124013765
" 4324",50,1.20168510295153,0.377365517960984,0.0030920310072751,0.0133092725652548
" 5066",80,1.06830307421763,0.190362010933293,0.000193285080115207,0.010312543556677
" 5259",46,1.25304558697171,0.468803078552207,0.00167513736099846,0.0116051569073416
" 4746",63,1.20402329117127,0.525910478509184,0.00163987410221201,0.0122279255859696
" 3783",69,1.10593273249266,0.281771161287506,4.24219654573844e-06,0.0110490020997692
" 4588",37,0.998474578027579,0.242097753336088,0.0001869217852966,0.00882759792334708
" 5065",80,1.06360761543129,0.19132262160028,1.16660405007807e-05,0.0102319344273258
" 2661",44,0.934920784823804,0.342514932006163,0.000876808998547313,0.0117955627880468
" 5416",68,1.0332177812408,0.15283668056882,0.000148742016384954,0.00914664052830827
" 3781",63,1.10981621764923,0.287606054221985,0.000199118100365598,0.0111016010846295
" 5268",56,1.10685779269593,0.460949347502251,0.00482178664879995,0.0131082496749058
" 5064",67,0.884888433227703,0.160484192584784,0.00117720954144242,0.0110151599458413
"  855",18,0.168625232337813,0.0425844822931307,0,0.00818481947501529
" 9464",36,1.14398733364637,0.443338926471021,0.00520491002433695,0.0137576509869938
" 3774",65,1.09212749674836,0.272233619096474,0.000289795051530757,0.0113861392000246
" 6649",35,1.20088680949619,0.342894965406614,0.00247187489974496,0.0127510110079981
" 5802",48,1.03754014906263,0.127314008377233,2.81045521155171e-05,0.00953427183258029
" 5909",29,1.01686558459577,0.123306124729886,0.000450203108416491,0.0103735637251497
" 6648",32,0.978644227772241,0.287847805212783,0.000433499459517646,0.0123309721141953
"  806",30,1.23107962531434,0.53166393674068,0.00847246191369198,0.0140281967533983
" 6644",42,1.13173494471561,0.338347710905724,0.0010632005092757,0.0126963272503225
" 5407",30,1.06606165955777,0.411128220501729,0.000718522039934447,0.0125305874044539
" 5747",95,1.12852245493545,0.538811370614614,0,0.00651082665076266
" 7003",42,1.33059486733938,0.512723736680976,0.0033370178577915,0.0132467320094363
" 4963",53,1.22758027621686,0.555807297143925,0.000598945124801445,0.0123573655836019
" 5782",36,1.08667133315177,0.203558273444486,1.45825506259759e-05,0.0105666021069085
" 4604",67,1.0663874529285,0.222776443406046,0.00131985340029287,0.0112460416466804
" 5408",34,1.19584289894072,0.457711443144492,0.000349450940455204,0.0123286260997117
" 5780",37,1.06695638449188,0.196411526411281,7.26476158457707e-05,0.010552780926646
" 5301",58,1.03439184249958,0.38466569972426,0.000926124533391522,0.0110821001469658
" 7001",33,1.12516655306226,0.453138005391858,0.0014341275697437,0.0131479410829017
" 5106",53,1.04808840657853,0.38650590782327,0.00199780943575869,0.0123765641579035
" 5669",55,1.24993983116055,0.411928231330047,0.00246153454566473,0.0127027509202125
" 5778",20,0.963464026676579,0.162658064304703,0.000260629950278805,0.0104996075443311
" 4448",46,1.26231181428179,0.494177200233452,0.00245676207455077,0.0127492323900389
" 5807",42,1.33496398446755,0.585634512753975,0.00221707796971655,0.014045227545808
" 5734",33,1.12171139083352,0.235487499537334,0.00297749170054016,0.0118286200266105
" 5726",41,1.35381385753768,0.570811870504538,0.0122511984868085,0.015082550884821
" 4463",61,1.05714958203723,0.412765591602512,0.000615913910984399,0.0118733057483138
" 4670",51,1.15216878369629,0.474985332363515,4.50733382984709e-06,0.0114610762099782
" 4539",50,1.27857462132385,0.485406949828008,0.000322937212044338,0.0117784791097304
" 4641",52,1.22838754048067,0.458122848982746,0.00060000567393788,0.0121717615780809
" 4484",50,1.2001138030839,0.476691920934016,0.000598414850233228,0.0116963819278523
" 8816",40,1.0538304323678,0.260467002068357,0.00620951519382463,0.0130913873615742
" 3032",45,1.19328900067429,0.524837068280831,0.000323202349328447,0.0119846828658316
" 5399",52,1.02309756362357,0.386206752350892,0.000260629950278805,0.0122590931791206
" 4538",49,1.16422749521813,0.4429938168204,0.000313392269816427,0.0117748172723786
" 4640",19,0.23209768091077,0.0630292772047668,4.24219654573844e-06,0.0112292230894716
" 4672",45,1.15322321296047,0.480038104682363,0.000568984611697168,0.0118822468868874
"  955",21,1.22693393183139,0.611366460209445,0.00152772103103405,0.012372629298063
" 3033",49,1.20923449566668,0.52754412641282,0.000265402421392761,0.0119052215422386
" 5853",22,0.748333722814704,0.131046801395797,0.00456221724765758,0.0125336456847572
" 5420",30,1.11141521944161,0.309508101395092,0.00134742767784017,0.0113202978666361
" 4445",47,1.08821748729449,0.169538677377336,9.1472363017485e-05,0.0104952148073225
" 4671",50,1.10047554469275,0.455417322137466,0.000200443786786141,0.0117349418916792
" 4517",44,1.03660643428755,0.365102105563654,0.0025649380864671,0.0128978631143687
" 4579",33,0.944110077726886,0.328222067157901,0.00197792413945055,0.0128601884658488
" 4557",31,0.907244826384942,0.298856961705292,0.00221999447984174,0.0127034183440947
" 5024",42,1.01222408585189,0.246555672051629,0.00148370824187202,0.00871996491581738
" 4556",24,0.921555321851274,0.297933433331039,0.00181433443515551,0.0126729007809884
" 5023",39,1.00020959022486,0.240390374560686,0,0.00808399497183843
" 5918",18,1.17778195134871,0.423601716919582,0.00533429701898197,0.0136347259842101
" 2334",39,1.09588670201774,0.4701571636807,0.00257236193042214,0.0131853472862481
" 3837",84,1.13255900389179,0.257839019723801,4.24219654573844e-06,0.0100230413818912
" 5022",40,0.9979251404348,0.24033958209909,9.54494222791148e-06,0.0080932372612053
" 5736",48,1.17736295043355,0.482314061607482,0.000109766835620982,0.0118693409510826
" 1216",79,1.52865922180763,0.651218625743299,0.00819274207895735,0.0139634022582754
" 5288",40,1.05711221434114,0.428748206985021,0.000158817233181083,0.0112184091414942
" 3836",82,1.12928801885149,0.257177376902184,9.27980494380283e-06,0.00996029078930981
" 5289",47,1.01212341858316,0.417459390989018,0.0013911753297181,0.012259041147552
" 5672",56,1.05335581736926,0.135833850493387,0.000166771351704342,0.0102105139378606
" 4879",46,1.20275591931037,0.499950584604286,0.00319357858708872,0.0138109396222988
" 5632",29,1.09202761699375,0.315356860132517,0.000260099675710588,0.0110556079846564
" 3547",32,0.835297841830725,0.329873929186834,0.000401948122708717,0.011954269026459
" 5750",40,1.21694667122136,0.457393806994783,0.00279958458290326,0.0128783106171979
" 3840",81,1.05833716186081,0.234618331377058,0.000142378721566346,0.0102895146224501
" 5637",17,1.03607384643035,0.278249323401835,6.07164380608814e-05,0.0111030896129045
" 5240",39,1.16278621694359,0.467895679135891,0.000306763837713711,0.0113277387267875
" 5749",42,1.1752340458303,0.457996135734794,0.000846583348158926,0.0120674047918022
" 3838",87,1.05495059832766,0.236325857277185,4.03008671845151e-05,0.010164975936321
" 1891",41,1.05989642157758,0.479575743470951,0.000694924821648777,0.0120580638374468
" 4924",32,0.959354912010845,0.410181109418823,0.00660350919801009,0.0145718877350337
" 4986",35,1.02305179071205,0.31666297447056,0.00107327572607182,0.0111256430902779
" 5984",33,1.0175870586323,0.140511846836345,0.000502700290670005,0.0104158067078939
" 3490",35,1.04350027894931,0.403099508702666,0.000578529553925079,0.0121947073289449
" 4739",39,1.11447553104052,0.485541863718065,0.000936199750187651,0.0118526564081965
" 5322",56,0.951393907116749,0.385792821957692,0.000433499459517646,0.0114950443637609
" 5247",39,1.13149288696043,0.449831258857414,5.72696533674689e-05,0.0109126159818409
" 2038",46,0.907085637247024,0.411076198533483,0.00216988353314521,0.0133265877091974
" 2971",39,0.518944875897576,0.190591355782109,0.00020256488505901,0.011955010893429
" 3905",68,0.800886333830031,0.170924981158223,0.000725415609321272,0.01154453526426
"  636",41,0.834738472738597,0.347118730494549,0.000386835297514524,0.0116670220633358
" 5248",38,1.19003363374154,0.480665046504305,0.00144844498308557,0.0117981709618635
" 3539",51,1.11945436847917,0.453854409059417,0.00032850509501062,0.0120418628605623
" 4904",52,1.02729469977777,0.163699368838917,0.000130182406497348,0.0102529443830937
" 5016",30,1.14117719193418,0.21978822490284,0.000511980095613807,0.0107618834709001
" 5636",51,1.05050351100823,0.133522034535264,1.06054913643461e-06,0.0100528319006897
" 9063",72,1.07313851312315,0.191020531940698,0.000296158346349365,0.0115305119996728
" 4907",30,0.991162300108016,0.143683759950034,0.00127610574841494,0.0111716487197534
" 3522",48,1.12230593134715,0.448502657161732,0.000872036527433357,0.0123125091663892
" 4364",42,1.08391959049672,0.433606276251029,0.000199383237649706,0.0115217464240737
" 8480",61,1.04451621948612,0.322829369075266,0.000134159465758978,0.010856969571751
" 5635",44,1.05038075221109,0.133581669353647,2.25366691492354e-05,0.0103317983066144
" 9066",59,1.06683400710843,0.196031634008914,0.000682728506579779,0.0117035515046931
" 4866",87,1.05403546956934,0.183205921589227,1.03403540802374e-05,0.00856283244115976
" 5733",37,1.02516660422144,0.143575275184901,0.000571105709970037,0.0109884817609637
" 7503",37,1.35306100638883,0.584435237487912,0.00281363685896102,0.01423307596496
" 7234",33,1.21410158116793,0.437807508879428,0.000983129049474882,0.0129305490762361
" 3510",30,1.0260333417485,0.395791841352192,0.000433764596801755,0.0121451333805866
" 3133",49,1.05651870376302,0.438681304738819,6.098157534499e-06,0.010429283197639
" 4861",72,1.05911613888911,0.181470127443696,8.82907156081812e-05,0.00961745437204367
" 5567",83,1.02752281066459,0.147075450375085,2.38623555697787e-06,0.00717595705256675
" 8476",61,1.04675902354033,0.325032450307631,5.03760839806439e-05,0.0105644976104064
" 1879",49,1.16040002136725,0.490230199659275,0.000234381359152049,0.0114055366329947
" 7509",24,0.977741329858052,0.45027728275028,0.0043360551443129,0.0142400690363944
" 7266",37,1.18040350820268,0.43320897540336,0.000708977097706536,0.0128153832817605
" 4870",28,0.922014879528735,0.169511127239317,0.00198110578685985,0.0124411944550957
" 4767",57,0.787211531072562,0.119409776032078,0.00117031597205559,0.0113680106685327
" 4786",18,0.752017169190774,0.117851942576658,0.00447419166933351,0.0123571737782453
"  645",33,1.02195076358439,0.381273001460391,0.000401948122708717,0.0115306740054634
" 5556",88,1.02855141684987,0.148221685971651,6.6284321027163e-06,0.00732572962001065
" 4842",95,1.04437845133426,0.162590667987209,1.59082370465191e-06,0.0073765703868038
" 5424",19,0.994635054660467,0.154511712454244,0.0125388724400664,0.0137748934566714
" 5760",45,1.15501838601483,0.294316881846497,0.00543664001064791,0.0126747295984131
" 9717",45,1.1355343198417,0.422501484893972,0.00413852786765195,0.0128657376044139
" 4768",49,0.794126476044992,0.167740987181791,0.00108388121743617,0.0123585890785256
" 4787",32,0.857366268852435,0.131706191255689,0.0031471795623697,0.0124023617964729
" 4845",91,1.04428395097845,0.162186270805211,3.18164740930383e-06,0.00741954161390889
" 5501",44,1.02158571923872,0.261667224838491,5.30274568217304e-06,0.00818529480479308
" 4510",50,1.10734025748552,0.300112360378437,0.00143598353073246,0.0120769097211847
" 4674",74,1.2460939771325,0.427228729332364,0.00220196514452236,0.0126608117023367
" 9755",24,0.951884131094996,0.335640499977121,0.0011400903216672,0.0127415628509723
"  990",44,1.11442768124759,0.494003090502943,6.33678109019679e-05,0.0105881641016092
" 4841",94,1.0442666756205,0.16229531864846,4.77247111395574e-06,0.00731037577906436
" 4867",12,0.275644726724646,0.0769079399476178,0.000114539306734938,0.0110743160797503
" 5492",35,0.980161827046667,0.239922585977791,1.45825506259759e-05,0.00848238525103758
" 4500",40,0.885662507930671,0.146780364134639,0.00238888692981896,0.0122776470438629
" 4849",88,1.03888265412175,0.161529505035214,2.25366691492354e-05,0.00745584638428354
" 4276",74,1.1023671268503,0.242732707689514,2.4392630137996e-05,0.00990709858288547
" 5491",36,0.991161865729773,0.251815478380979,0.00235733559301003,0.0099106920904969
" 4782",69,1.02088730914322,0.153554637715285,0.00189520130680865,0.00990399553871262
" 4275",74,1.10175902472396,0.241629413341168,1.11357659325634e-05,0.00989462724223375
" 5789",31,1.0327157361525,0.145592216473146,0.0010939564342323,0.0107459638916265
" 4281",32,1.02158176705499,0.187847802717614,0.0022003743208177,0.0125130622626339
" 4274",74,1.10644868058193,0.244008420861128,3.89751807639719e-05,0.0100102817647999
" 6130",39,1.17564442619689,0.299584088524096,0.00021051900358227,0.011743464409719
" 5882",2,0.0110961266340157,0.00153182303371539,0,0.00431388197814266
" 4306",8,0.824796208352578,0.114600442615447,0.00109740321892571,0.0122785997297416
" 4271",67,0.938775189405147,0.199705203879627,0.000825107228146126,0.0109209908996692
" 4507",41,1.24742064552273,0.36784106180705,0.00146673945568906,0.0123740273692904
" 5433",32,1.02786302965473,0.403606168879335,0.00181353902330318,0.0127625012756166
" 6129",37,1.16939003147769,0.29452697176097,0.00024392630137996,0.0117308577775862
" 3035",24,1.00322383904139,0.467220671099182,0.00157358978118485,0.0126140250133017
" 4307",14,0.812823799637428,0.127454560688855,0.000374108707877308,0.0122573040026585
" 4501",35,0.804439074607236,0.252557978768429,0.000685379879420866,0.0121945279228562
" 5680",34,1.05447624431425,0.136323183669187,0.00170668869780739,0.0110563330942056
" 1964",60,1.17332845953664,0.505693916855594,0.00117031597205559,0.01229399135519
" 5912",17,0.894417584521995,0.0975816002142286,0.000441188440756797,0.00962539758648521
" 5876",43,1.121234031433,0.194666375692194,1.03403540802374e-05,0.0108399000157742
" 5266",44,1.33639831731821,0.538504105648814,0.000904648413378721,0.0123863268730828
" 5875",43,1.13001690877798,0.19717579332691,0.000258243714721827,0.0110056685494154
" 5913",11,0.880600164993641,0.095616560946029,7.45035768345313e-05,0.00959180802007175
" 1166",39,1.23026436279219,0.532574573110493,0.00408603068539844,0.0135650541665711
" 5192",39,0.879299729856992,0.365299181199384,0.000990022618861707,0.0123254382692153
" 4583",57,1.57233055359876,0.370481587677311,0.0202360729350247,0.0138723085692763
" 5628",50,1.17658504176728,0.532570641615687,0.000320816113771469,0.0121158838724917
" 5873",23,1.06863630437496,0.177147631942151,0.000231729986310962,0.0111992914435167
" 5931",8,0.905591919895631,0.0883480475026057,0.00195909939227883,0.0101829215897037
" 5921",6,0.752244740085469,0.0779780977261124,0.000902527315105852,0.0102741566109724
" 1840",48,1.20384077495228,0.508363538625664,0.00146382294556387,0.0127536979255031
" 4635",28,1.05842600106378,0.1296097186165,0.000516222292159546,0.0103186742271276
" 5761",55,1.13690246895401,0.443119459268162,0.00106001886186639,0.0119112051306416
" 5857",24,0.702983095349538,0.233006348015124,0.000791699930348435,0.012105353828115
" 5165",50,1.09164153589257,0.231762973090015,0.00702613802887928,0.0135595910639496
" 1889",41,1.14041052719746,0.492047732665844,0.000390547219492045,0.0114780048138335
" 5630",37,1.04515098335548,0.139970258094956,0.000716666078945687,0.0105400063638901
" 4633",25,1.05160368720075,0.134069830408007,0.00150730546015769,0.0106048457915721
" 4999",59,0.984525003833912,0.145624097171508,0.000974114381815188,0.0106121793660694
" 4868",62,1.01020933698941,0.146035285052415,0.00188910314927415,0.0104301355677341
" 1628",44,1.18028535869006,0.44368837171993,0.00501374604249461,0.0139626982427961
" 4645",38,1.05775170364981,0.138632292488718,0.000655684503600697,0.0107728797028578
" 4996",90,1.0509662165664,0.180624701514345,0.000163589704295038,0.00966080179189702
" 5746",60,1.06932169856552,0.285633008845042,4.37476518779276e-05,0.00793273399892254
"10107",39,1.19298309383526,0.433723422182005,0.00132356532227039,0.0130706380802718
"  655",38,0.831541558289762,0.291808646059863,0.00114671875376992,0.0129177875102578
" 5221",68,0.923775201210438,0.138022061581758,0.0050468882030082,0.0126422221636743
" 4862",79,1.05606573764915,0.186033329296301,0.000203095159627228,0.00943658276194366
" 4995",70,0.988147529322171,0.179253787287851,0.000723294511048403,0.0112304453504316
" 4542",37,1.09058457183294,0.217779058396515,0.0111970126451925,0.0139890023211939
" 5744",60,1.06600700985404,0.284753649406204,5.30274568217304e-07,0.0079274222445935
" 4984",19,0.899190383897962,0.139979535157613,0.00122997186098004,0.012493680115326
" 4863",73,1.06697947942601,0.190338973835051,0.00110111514090323,0.00987088806339552
" 4370",53,1.17063109138801,0.337871467725133,0.000750603651311594,0.0114943634864347
" 5745",60,1.0684347949935,0.287280509122949,0,0.00802372691160426
" 5085",43,1.0544199394806,0.155414167017256,0.000336989488102097,0.0112069392472094
" 2909",9,0.943765527896393,0.188806949753493,0.0024424446612089,0.0131000848117789
" 4980",19,0.887823605973366,0.145444871470171,0.00207072218888857,0.0123748950293104
" 5086",44,1.16341194576646,0.190421883375552,0.00101812717097722,0.0115744714127165
"  996",43,1.14379975129374,0.486513039773927,3.71192197752113e-06,0.0104283522134873
" 4858",73,1.06738378898595,0.195756522908923,0.00168759881335157,0.0103319749457241
" 4372",53,1.03205760368627,0.301921987927442,0.000366950001206375,0.0113721324857103
" 5741",49,1.03077242823583,0.2741021466293,0.000650116620634415,0.00896762578968402
" 8469",60,1.11779970348593,0.36264927013388,0.00114698389105403,0.0119366682174227
" 4371",52,0.971896371175765,0.256061314105945,0.000458157226939751,0.0113030142461573
" 2927",45,1.04064937981212,0.219175266997779,0.000979417127497361,0.0103938595039344
" 5426",46,1.21541916485672,0.53577827783782,0.0030737365346716,0.0138418021021358
" 5337",53,0.907685350639392,0.35471726602147,0.00083412189580582,0.0119604000242525
" 4738",52,1.18474234213825,0.495168813660018,0.000997181325532641,0.011841938796469
" 5790",22,1.02955039635037,0.144282715664944,0.000362972941944745,0.0104383140835499
" 4462",64,1.03721912476586,0.148099802065372,0.000109501698336873,0.00907189325809702
"  848",25,1.08414133885859,0.403437946294106,0.00262459397539155,0.0119207987509751
" 4840",83,1.04230703989196,0.182305318053761,1.64385116147364e-05,0.00803969441432896
" 5708",21,1.00003645604175,0.282929983033777,0.00327444545874185,0.0128501049452254
" 5764",48,1.12198123741752,0.423580256484841,0.00269856727765786,0.0132083863063649
" 4598",27,1.06012156883151,0.324223773637129,0.000255062067312523,0.0109392719643017
" 4570",29,0.990354766207782,0.308750567204556,0.00104331521296755,0.0119284755217639
" 5450",46,1.02123315229041,0.239691844579899,0.000285022580416801,0.0106328837827042
" 2771",37,1.28128846125353,0.734564164695199,0.00290776059481959,0.0140309875486467
" 1933",59,1.23227852543192,0.547894772777447,0.00355018823421485,0.013552512188805
" 5692",21,0.944603495343734,0.164086840423101,0.000636859756428983,0.0110388581704697
" 1141",22,0.544782964946478,0.204436163306615,0.00128856720076805,0.0131464192809947
" 5087",34,1.00109991622415,0.148784631240922,0.00224571279640028,0.0116166487904068
" 2070",49,1.20913621877457,0.505404207620691,0.000758292632550745,0.0117353381062019
"  365",27,1.05040405148185,0.484316789015,9.57145595632234e-05,0.0111465668161771
" 5088",38,1.09292128649003,0.206394371458072,0.00394312168926388,0.0129228102540609
" 1788",28,1.54030016259779,0.995440484363489,0.00623072617655333,0.0147167733796993
" 5098",35,0.938056597722155,0.380037767932609,0.00126735621803936,0.01228443828464
" 4962",52,1.23683034270172,0.562598632642128,0.000534781902047152,0.0125197104171219
" 4804",96,1.04195032813354,0.152294807634978,3.95054553321892e-05,0.00812904686976397
" 4854",94,1.03220614605091,0.146998404908381,9.33283240062456e-05,0.00864547710717626
" 5525",74,1.03481341983339,0.146163234340194,1.80293353193883e-05,0.00784578676949304
" 1770",42,1.28694708889207,0.580620399744967,0.0110662999641269,0.0146831932220878
" 5974",25,0.948323392637414,0.21000410006816,0.00175547395808339,0.0121093398772055
" 6001",33,1.10970776938643,0.258368084416786,0.000306763837713711,0.011362857990151
" 5605",86,1.04306740654935,0.15457838203679,0.000348920665886986,0.00873928488548407
" 5147",31,1.04405048957103,0.317198934824586,0.00180850141490512,0.0106421415129772
" 5664",17,0.911092841669737,0.249705777546241,3.18164740930383e-06,0.0108266769558242
" 4876",42,1.12664525722844,0.353151254589221,0.00145905047444991,0.0128579482164099
" 6000",28,1.00734324097376,0.228078825948593,0.000274682226336564,0.0111919482980557
" 5145",42,1.06562450180569,0.330915279113205,4.66641620031228e-05,0.0101105807001863
" 2931",44,0.987265485371514,0.27650551943169,0.00896137506558834,0.0133153474407287
" 5821",62,1.09208507290021,0.31152720370579,0,0.00885188507503737
" 6069",35,1.1827154518257,0.266887977191145,0.00139806889910492,0.0118072441269309
" 6041",29,1.1494769294817,0.259610937773332,0.0034719727354028,0.0120116303523463
" 5150",39,1.06926975580904,0.327154877588718,0.00020468598333188,0.0102074037533383
" 5588",44,0.903624256493705,0.148697518901636,0.00275371583275246,0.0113496268968181
" 5614",33,0.859167642617213,0.13291736503626,0.00384528603142778,0.0120988006043262
" 5132",47,0.952112181630449,0.310465932764268,0.00154309899351236,0.0113381951351161
" 4731",59,1.27693087257983,0.53495133061069,0.0047711454275352,0.0140350780304988
" 5136",46,1.11023335242619,0.391232025451753,3.97705926162978e-06,0.0109755126119043
" 5595",76,1.02868685384232,0.148127404834281,7.95411852325957e-07,0.0075539912845632
" 5822",62,1.08979255185047,0.310510777753961,0,0.00876986626187426
" 2233",54,1.19014530836767,0.493968084217812,0.00512908076108188,0.0133196793009504
" 6061",29,1.0615923082959,0.237240543621274,0.000673978976204194,0.0114095734787805
" 5579",44,0.91556676390646,0.150305155020826,0.0037691916308886,0.012225657369497
" 5511",54,0.863652161698838,0.136697479997893,0.00221495687144368,0.0121459689753092
" 5604",46,0.960692657092705,0.155740948953076,0.0044187779769548,0.0124175614494157
" 5154",34,1.01589521255123,0.306797133208024,0.000355018823421485,0.0101855579324108
" 5590",80,1.02785857303267,0.147815962361653,1.06054913643461e-06,0.00748133721352027
" 5134",49,1.1157267078172,0.390424128777352,0.000297218895485799,0.0109767506783269
" 4490",66,1.14489296087003,0.315150929447402,1.85596098876057e-05,0.011154974971876
" 5823",60,1.08424461852331,0.308812627571453,0.00117164165847613,0.00930608230425864
" 6180",29,1.06611057322055,0.270877439148321,0.00193099484016331,0.0118462371483221
" 7457",15,0.524928941147673,0.135083595633871,0.0050715459704303,0.0127986098489933
"  703",42,0.740570805775243,0.208316979110536,0.00191773797595788,0.0130249275026243
" 4850",79,1.05073107561074,0.159338264571626,5.85953397880121e-05,0.00814533114999707
" 5133",43,1.09237404645637,0.387276276316659,0.000270705167074934,0.0109825590996247
" 5598",80,1.03019836495325,0.147812853438461,0,0.00749957745882786
" 4488",66,1.14235683523246,0.313133384298715,1.11357659325634e-05,0.0111002514834088
" 5818",59,1.08277862033559,0.309439503355444,0.000437476518779276,0.00898646053457972
" 3760",60,1.29390527229548,0.526121176016369,0.00134875336426071,0.0129230926381955
" 5128",37,1.12572378927056,0.39295892825015,0.00109899404263036,0.0111232045204979
" 5594",79,1.03040940120183,0.148553557963433,5.30274568217304e-07,0.00787091784491961
" 4487",62,1.14739409706568,0.315204445442551,0.000228018064333441,0.0112490657154887
" 2995",50,1.14813055076666,0.501487799647055,0.000659396425578218,0.0127631558786316
" 6420",33,1.13325245714923,0.312268344359537,0.00125462962840214,0.0119205649775919
" 5544",75,1.03806938303889,0.149528215318497,3.34072977976902e-05,0.00837829602768837
" 4486",55,0.892878517072851,0.217758988235137,0.00149166236039528,0.0117805920140103
" 9911",38,1.19631731209344,0.288129120360816,0.00375752559038782,0.0129979817695649
" 3758",52,1.22621646004627,0.50346071741978,0.00175070148696943,0.0129926720024106
" 5985",45,1.04419891749787,0.14501623268295,0.000178702529489232,0.0102961913828158
" 3020",46,1.16110891381519,0.405870994588879,0.000862756722489554,0.012247197793034
" 4514",31,0.972979678089472,0.249873711348741,0.00324766659304688,0.0129418819617534
" 2554",49,1.15417088778885,0.504496003018023,0.00241937771749145,0.0135249551885498
" 9924",38,1.19413538680234,0.279019482094906,0.00716586537760454,0.0132348827805389
" 3734",41,1.21462369661442,0.52984577580403,0.00144473306110805,0.0122676840327629
" 3030",26,0.910828791421369,0.415024005422162,0.000401948122708717,0.0122443453124415
" 5306",37,1.34695278509636,0.545245087630008,0.00224120546257044,0.0127001514184989
" 5144",46,1.09910526915215,0.345765229910767,0.000284757443132692,0.0102827339621359
" 4883",42,1.17141291352987,0.369026034604739,0.000548569040820801,0.0114621772086267
" 5434",26,0.959796784336022,0.35704777155011,0.000835712719510472,0.0123148029117139
" 5155",50,1.10074844845968,0.347958677413736,0.00060398273319951,0.0103074936634244
"  891",37,1.10242194151388,0.453984255686207,0.000126470484519827,0.010920433356961
" 5251",45,1.16656346903597,0.474621412344783,0.000508003036352178,0.0122897162113511
" 1786",45,1.23436546765598,0.764776865187196,0.00099346940355512,0.014084226854936
" 3767",40,1.21591124376791,0.522825281049573,0.000413349025925389,0.0120511533075056
" 4333",43,0.98930282956802,0.209276074165684,0.00331792797333567,0.0134002763509191
" 5089",27,1.00663199213252,0.150199882909201,0.00118648934638622,0.0116263356283154
" 1767",43,1.23048919391296,0.767657358957396,0.000999037286521402,0.0140578168380923
" 5719",44,1.30573874189335,0.534677509917107,0.000567924062560733,0.0125532379788221
" 1802",45,1.47022045042588,0.92257796241784,0.00144817984580146,0.0139127898420264
" 6032",17,1.01811612147248,0.106713053237297,0,0.0097854292190933
" 3755",38,1.20139648686237,0.521135047396144,0.000172869509238841,0.011810993816619
" 4586",41,1.01325509826326,0.248610916508155,0,0.0079896912196627
" 5718",48,1.28354064771646,0.53868699986768,8.06017343690303e-05,0.0123646442853528
" 1664",43,1.18162582513483,0.532081909223088,0.00639749752825767,0.014328121444721
" 1752",39,1.48066072061021,0.93315002818224,0.00178092713735782,0.0140458437575258
" 6031",12,1.00443862094887,0.096791131346653,0.000914193355606633,0.00980521058166921
" 3922",36,0.786831682770491,0.164680104126104,0.000821395306168605,0.0113030472258832
" 5071",38,1.06379616063236,0.266841098259597,0.0017069538350915,0.0125821067052761
" 3800",61,1.1130667276466,0.327743888155291,0.00250713815853142,0.0127297064750097
" 5043",65,1.00724113756207,0.183910173388939,0.0005546671983553,0.0105702451403581
" 5601",66,1.01920258668106,0.140710626105555,2.4392630137996e-05,0.00816288577460547
" 5979",22,1.0527924683636,0.140801962894104,0.00186524079370437,0.0115285843873596
" 4690",25,0.780443279034255,0.149530300899099,0.00100009783565784,0.0116986269402109
" 4704",22,0.848723646224466,0.144177720194885,0.00202909563528352,0.0119804583515218
" 5981",18,1.03242912500902,0.133173123051753,0,0.0111790699030848
" 4717",35,0.524111312095735,0.156846325773479,0.000465846208178902,0.0123541215706285
" 4685",26,0.617561609255079,0.15720349437695,0.00160142919601626,0.0120943080939039
" 5143",39,1.09976826736629,0.342489032221492,6.33678109019679e-05,0.0103030419794007
" 5609",90,1.04684477016091,0.16187631700882,0.000319490427350926,0.0086174082950079
" 5562",80,1.0403130529047,0.149107724272767,0.000467702169167662,0.00843300084756977
" 5141",38,1.0659087075157,0.320824172192657,0.000169422724545429,0.0103712261004102
" 5711",39,0.585842747716433,0.173740810606496,0.000321876662907904,0.0119153562822185
" 4715",50,1.09966052983081,0.31191738890467,1.88247471717143e-05,0.0099099340253737
"  748",41,1.16614525582071,0.492787686501265,0.00410697653084302,0.013190623219645
" 5151",33,0.992775621062756,0.303264872511109,0.00028714367868967,0.010447395205601
" 4712",50,1.10031404000614,0.31522556799135,1.2991726921324e-05,0.00987300241263162
" 8440",52,1.07487935756623,0.299814007165002,0.00101415011171559,0.0121100292826631
" 5779",17,0.975083784940531,0.165717507288815,6.89356938682496e-06,0.0102611516241118
" 5791",28,1.01159148702811,0.135927532310964,0,0.010220155689237
" 4700",48,1.07993803538968,0.314559779806037,8.82907156081812e-05,0.00990402850630995
" 8437",45,0.957775531974021,0.279402433470969,0.00161442092293758,0.0123104330627266
" 6347",39,0.988608590541127,0.361961731724161,0.00154522009178522,0.0127622706002548
" 6650",88,1.15430428748536,0.325840660242013,0.00317660980090576,0.012199377887096
" 5645",15,0.92104084765451,0.175693028013164,0.000256122616448958,0.0108594956459044
" 5030",55,1.07655842207383,0.150062280895988,0.00070234866560382,0.0103132222676034
" 6999",69,1.13224855387839,0.385466364216559,0.00212268909657387,0.012143038507709
" 5031",47,1.11509996402328,0.171484748511121,0.000122493425258197,0.0107202718794677
" 1741",64,1.38951123177415,0.728105473002799,0.00230855033273403,0.0137623552151493
" 4822",91,1.04909992885891,0.178924136591449,1.06054913643461e-06,0.00794298175141035
" 5466",66,1.07066109236208,0.235828736154843,0.00164199520048488,0.0123428260533266
"  919",43,1.21104037693323,0.543120322885562,0.000211049278150487,0.011460097325762
"  382",33,1.10020708765667,0.512252673148336,0.000217412572969095,0.0112704501547738
" 5448",52,1.07389567525724,0.285590482396113,0.00147442843692821,0.0112402904079713
" 5468",52,1.15782019087158,0.410931923223975,0.000385774748378089,0.0118642155722344
"  391",37,1.15534443636059,0.52966986856049,0.002120567998301,0.0118309244566232
" 5020",31,0.920242923386213,0.220171854547862,0,0.00833522212628305
" 5467",51,1.09241238892758,0.397106232204646,0.000579590103061514,0.0119724433081717
"  388",41,1.15306624552591,0.519898321216667,9.04118138810504e-05,0.0114024050977299
" 1720",42,1.17959524004083,0.441913325772932,0.000711893607831731,0.0130680953082459
" 5528",55,1.01387782985979,0.140747929320759,0.000337254625386206,0.00861130920740411
" 4113",31,0.594266600233457,0.110164230123015,0.000864347546194206,0.0122498694125923
" 5349",51,1.37957217178955,0.514601596917871,0.00193550217399316,0.0126780665615557
" 6054",18,1.04088373992759,0.171469233437976,1.27265896372153e-05,0.0125472005400361
" 6619",56,1.25714027088102,0.507323393623012,0.000605573556904162,0.0133842304238189
" 6525",41,0.701553791304907,0.257927092333869,0.000620686382098355,0.012293602784098
" 5110",39,0.911061522567471,0.285367644046185,0.00279640293549395,0.012046183634332
" 5402",27,0.576901680068962,0.210337940155041,0.000755641259709659,0.0119722802145413
" 6155",95,1.12879722623077,0.538906139854743,0,0.00651253265816559
" 6620",52,1.21683005038857,0.501985040575072,0.00195962966684705,0.0134610964395841
" 5084",60,1.3738622017801,0.606383941336109,0.00268212876604313,0.0135495830822292
" 4919",56,1.14358574129532,0.27098573096116,0.00418439661780275,0.0120004176266712
" 5904",17,0.879031497218066,0.118276489352759,0.000407781142959107,0.0112446847026598
" 6621",49,1.13365852379304,0.454750328361638,0.00298597609363164,0.0132676514117405
" 9912",56,1.1345872493604,0.453132360564526,0.0015200320497949,0.012968235716433
" 4574",26,0.935825775540306,0.171821929648826,0.00519589535667726,0.0127888787801694
" 4993",39,0.550110869756186,0.14911147143826,0.000499253505976592,0.0116599362168658
"  880",14,0.207213520261329,0.0775263329081505,6.41632227542938e-05,0.0114727084859954
" 5129",49,1.14587432874764,0.372053808275965,0.00105683721445709,0.0112312335253294
" 9927",44,1.20196260080938,0.447216961105319,0.00401179224584802,0.0132008998636073
" 5295",63,1.2589660802376,0.547241684366537,0.00051542688030722,0.0124506010527838
" 5130",50,1.16014044243291,0.368375483707373,0.00118304256169281,0.0112847711559884
" 3777",39,1.14976791562632,0.400992933520669,0.0022860136635848,0.0129002445943339
" 4727",45,1.19485445129612,0.485184444170255,0.00207682034642307,0.0131256775434595
" 4461",72,1.02867383946129,0.146634425382646,2.12109827286922e-05,0.00879446482556964
" 4844",81,1.04592963781907,0.177641597312969,2.38623555697787e-06,0.00763339402959236
" 4502",37,1.019719453814,0.328810768670544,0.00356477078484083,0.0131127016280611
" 2147",62,1.1460038367567,0.544399817830955,0.00213727164719985,0.0134076647025316
" 3111",51,1.10456860769494,0.461387068142751,0.00156430997624105,0.0117548709389737
" 4847",81,1.04577361655873,0.177002259661975,8.48439309147687e-06,0.00799397641371157
"  967",44,1.29910393977519,0.606728622380219,0.0031164236374131,0.0123767954741199
"  472",44,1.31346795367114,0.638968381096038,0.000410962790368411,0.0117873356645714
" 4838",82,1.03217437623944,0.1771101795746,1.35220014895413e-05,0.00822333343508698
" 5375",34,0.614180203215808,0.236028513416019,2.62485911267566e-05,0.010533968199815
" 5697",47,1.10358222027187,0.355598127439841,0.00257899036252486,0.0132455983837676
" 2565",44,0.897594832206035,0.306589273096721,0.00594464304700009,0.0130936853271348
"  503",42,1.19405042795214,0.607608255193438,0.000290060188814866,0.0116718763791628
" 4802",85,1.04055007889634,0.172865564170248,5.01109466965353e-05,0.00865421589294854
" 4290",64,1.10754867558287,0.272504344666961,0.000773935732313156,0.0106104087802419
" 4897",42,1.06525663566571,0.292513367070703,0.00498113415654925,0.0134814926790756
"  488",46,1.2267046859053,0.618502411911758,0.000835447582226363,0.012023094696504
" 4587",46,1.04051724039524,0.266566529523507,6.6284321027163e-06,0.00867841270282147
" 5161",61,1.15313725575095,0.331452310305249,0.000588339633437099,0.0121599423234779
" 5702",41,1.07716035237164,0.386790434270729,0.00506041020449774,0.0133575851122683
" 4585",41,1.01852108524252,0.254105368329935,0.00118436824811335,0.00947745615741167
" 5476",5,0.163328676172274,0.0447741454305485,0.00038153255183235,0.0113387078451318
" 5160",55,1.10029574482967,0.315947062800571,0.0010295280741939,0.0124294840369943
" 3799",63,1.14671638014144,0.322166416817057,0.00340224162968223,0.0129541152976078
" 5068",58,1.04143429904577,0.190378388103173,0.00120398840713739,0.0108539505779466
" 3900",69,1.21047803034624,0.312242603247027,0.00196784892265442,0.0121319681616868
" 4894",50,1.2439673519345,0.444652196754531,0.000137075975884173,0.0120325005638267
" 3772",63,1.15541841995212,0.323303504295048,0.00181486470972372,0.0127848475260631
" 3916",58,0.952107702244356,0.225200607313964,0.000824842090862017,0.0117251719752785
" 4982",50,1.19928322148029,0.431149258277543,0.000649851483350307,0.0122290438352329
" 3919",50,0.985982919688728,0.221251333140101,0.000835182444942254,0.0118900560056511
" 4921",77,1.02468453626556,0.18939608744182,0.000685379879420866,0.0107312772284711
" 4898",26,0.571087493097216,0.22562092523457,0.000202299747774902,0.0122238415784901
" 5872",22,1.06738219391694,0.169015708753346,0.00138560744675182,0.011250733850979
" 4920",71,0.996940684210542,0.200481115860426,0.00029907485647456,0.0109172604123796
" 5777",17,1.00441360545312,0.169185633036995,4.90503975601007e-05,0.0104380844950675
" 4785",75,1.02824684720879,0.145049074186921,8.21925580736822e-06,0.00804307035611778
" 6968",47,1.04170498150853,0.174404241060124,0.000101017305245396,0.00924313065596593
" 5570",71,1.03986902988154,0.170154308956724,3.44678469341248e-06,0.00846562320114251
" 4509",45,1.2415396615244,0.305212594472816,0.00204553414689825,0.0126266708872982
" 5742",56,1.05675387244947,0.280182637360874,3.44678469341248e-06,0.00804113364809826
" 4669",56,1.11769390567547,0.450090883864044,0.000876543861263204,0.0118900203572456
" 4515",32,0.821722665948866,0.206310823836478,0.000445695774586644,0.0122763295478284
" 5959",36,1.14950392732234,0.306455109064704,0.000455505854098664,0.0119434651900062
" 4831",86,1.05988872415288,0.199019488786285,0.000288469365110214,0.00887331941146837
" 5958",33,1.11586006219794,0.29724718874711,0.000124879660815175,0.0119884084758866
"  983",35,1.09318386814819,0.485171576630867,0.000281575795723389,0.0107000414356754
"  521",38,1.1748521302149,0.62596382027158,0.000711628470547623,0.011832200470247
" 5021",37,1.03099624979047,0.254901589149032,0.00102873266234157,0.00906147461108585
" 4518",27,0.863313209248851,0.224016233794478,0.000886088803491116,0.0123101708958226
" 5391",40,1.12509941736503,0.427618341933751,0.000905708962515156,0.012759525028165
" 7625",42,1.01101035605342,0.169047960118915,0.00276193508855983,0.0119830729928359
" 5957",21,1.00490146499811,0.274673154901186,0.00162210990417673,0.012201746496822
" 6012",23,0.961632729092238,0.283924253534798,0.00199780943575869,0.0123166392210932
" 5255",19,0.685105106520368,0.270904995932551,0.0014033716447871,0.0126481282410509
" 5081",43,1.01173283969416,0.412806905197685,0.000690682625103039,0.0127325168027497
" 3989",28,0.786048639130546,0.134068086431303,0.00677134109885087,0.0128954243511794
" 4220",55,1.10591921380269,0.293533864008975,0.00119311777848893,0.0110093706704058
" 5169",47,1.01459127616213,0.2779748212006,0.000913928218322524,0.0130522005568208
" 5482",58,1.17864087682612,0.473933415856656,0.000368010550342809,0.0121048843112206
" 5653",22,0.33223040350341,0.106347332712927,4.7989848423666e-05,0.0109447403138036
" 6101",31,1.04381307528368,0.261936538208564,0.00311165116629914,0.0123955518252694
" 3842",60,0.900798093319985,0.219448570778299,0.0020070892407025,0.0127005739249994
" 5481",55,1.15891951634051,0.469811631352139,0.00011400903216672,0.0120112372811368
" 5980",15,1.01545520099211,0.12635755805578,0.000602126772210749,0.0111940919251408
" 6141",29,1.06834729209232,0.271439077907287,0.000783215537256959,0.0120305855727101
" 8517",21,0.726085933919428,0.144599192236128,0.00209325885803781,0.0117161668646294
" 6142",32,1.07640039121103,0.282865145513743,0.000209988729014053,0.0119007059207032
" 5012",15,0.971979765830184,0.176765763236251,0,0.0105822657270409
" 5631",36,1.03613821261044,0.135225416748155,0.000839159504203884,0.0109506827005737
" 4801",87,1.02129125733363,0.165494543670682,0.000369601374047461,0.00915911797081958
" 5820",59,1.10539241998885,0.313721941756116,9.38585985744629e-05,0.00923109769429165
" 5029",52,1.05661593547426,0.153982196940861,0.00025188041990322,0.0101875519531314
" 5589",70,1.04413837188096,0.171799201720075,1.85596098876057e-06,0.00828062510707757
" 5140",36,1.11318806746159,0.391959000598775,0.00080257055899689,0.0111002102939214
" 5811",53,1.05538516591988,0.287866251057681,1.85596098876057e-06,0.0085266229810128
" 7549",29,1.19046592467829,0.484283765336103,0.00604141815569975,0.0140640236772722
" 7292",33,1.13450706228388,0.40925317195843,0.00148821557570186,0.0128109720975559
" 5774",44,1.04811726872594,0.148219588634898,0.00091472363017485,0.0107736871542386
" 4848",96,1.04768987118782,0.171504259699166,1.06054913643461e-06,0.00802923487874209
" 5600",74,1.0425936981661,0.170260461342733,2.65137284108652e-06,0.0083319434919396
" 4489",44,1.01514634635442,0.302661835048599,0.00230377786162008,0.0124672753494982
" 4992",30,1.00547721072575,0.156978063357813,0.000995060227259772,0.0116759996822471
" 4994",29,1.03556440979505,0.175919843859862,0.0041401186913566,0.012382361936776
" 4852",91,1.05551641120265,0.170157601304966,3.02256503883864e-05,0.00826131640473137
" 5574",67,1.03216873725415,0.166864959171606,1.37871387736499e-05,0.00868622924316395
" 7477",31,0.84899437447326,0.161587747801129,0.00166055481037249,0.0118100536496614
" 6829",42,1.05181601664345,0.141433247235964,0.000226427240628789,0.0103620934385485
" 5700",68,1.04426138943286,0.158601467615623,0.000302786778452081,0.0101106899155226
" 4810",89,1.01248384667117,0.160956164550812,8.35182444942254e-05,0.00842690291000078
" 4792",76,0.991348496120216,0.171114430688205,1.93550217399316e-05,0.00857146118197629
" 5587",67,1.03068670955279,0.163445109910831,2.65137284108652e-05,0.00829308371645768
" 1015",40,1.15888834776714,0.491171468712379,0.00131428551732659,0.011077405468959
" 4288",91,1.03588376802837,0.204880114801038,1.67036488988451e-05,0.00963577934636027
" 4834",85,1.04733560208666,0.175679103995863,3.738435705932e-05,0.00827948100178046
" 1703",33,1.15362187151923,0.439831275699439,0.000716666078945687,0.013071426417712
" 5026",84,1.01514476077948,0.153642529320315,0.000855863153102729,0.0106895135640805
" 4282",67,0.923248233459405,0.190627003131093,0.000772079771324395,0.0110072968896182
" 4812",90,1.02374801550385,0.171299685207467,2.06807081604749e-05,0.00796616864461649
" 5172",46,1.19504789397696,0.354830954579016,0.0025219858464415,0.0131597193289104
" 5619",8,0.740755762990113,0.116987917084397,0.0133027329555834,0.0138409394676411
" 4584",27,0.769688729431613,0.28150417707684,0.00123209295925291,0.0125866392742273
" 4609",41,0.978163099626063,0.246880709871765,0.0114189325519914,0.0134029262313075
" 5722",13,0.762149975770994,0.131610597034146,0.00513756515417335,0.0127777976188804
" 5018",49,1.03347822151961,0.279299473389177,0.00139276615342275,0.0122967655215957
" 6055",19,1.0479230132975,0.169485909225355,0.00397334733965226,0.0125655903307113
" 7811",53,1.1224942229313,0.352246814702948,0.00121273793751298,0.0124090873087911
" 3918",67,1.02008290811092,0.21512193749726,0.000148742016384954,0.0115199470386765
" 5308",49,1.12424662117445,0.478884607544147,0.00124534982345834,0.0126520707334266
" 5168",59,1.18846062323321,0.356314744342144,0.00112656832017766,0.0128182307900002
" 4581",27,0.430666469501278,0.097116448666685,0.000639776266554178,0.0116436614236129
" 4610",42,0.655017730498307,0.1811378830742,0.000364298628365288,0.0118639977033127
" 6127",47,1.12780903446833,0.279330928190238,0.00269803700308964,0.0123290552096249
" 5893",44,1.20342208205894,0.372231055182822,0.00598335309047995,0.0133920671289893
" 5923",56,1.02705232193084,0.306118855242159,0.00402478397276934,0.0128227305522479
" 7810",42,1.08605280228937,0.345613627508559,0.000658070739157675,0.012356216017675
"  871",26,1.09359314732247,0.418353249292211,0.000256918028301284,0.0115279971285455
" 3926",47,0.945131579622366,0.225417135755214,0.000828023738271321,0.0112809196023868
" 5170",20,0.695241420634928,0.175782091797042,0.00304457143341965,0.0130549636907075
" 3929",61,1.1484227410083,0.261690891384674,0.00227408248579991,0.0118688907679542
" 5874",26,1.07621787825166,0.173825858336814,0.000138666799588825,0.0111834473281311
" 5712",44,1.07686401761328,0.457193236163771,0.00148954126212241,0.0130241902573121
" 5748",40,1.14544384223762,0.389794306300556,0.00208716070050331,0.0124404558380551
" 7922",55,1.23490923773067,0.356101220167556,0.0100145003580679,0.0139310526034054
" 5523",52,1.04346576488547,0.152935360838618,2.38623555697787e-06,0.0101974553653134
" 5730",39,1.14294217987351,0.369474408942344,0.00225658342504874,0.0123118291735156
" 8329",60,0.906292992969049,0.294298461191773,0.00051728284129598,0.0109092118405783
" 6088",25,0.929324173808946,0.246945740993697,0.00100434003220357,0.0118338229863876
" 6060",39,1.16508029627491,0.292695827126649,0.00145321745419952,0.0121556084800583
" 4708",53,1.1323821721008,0.347741128781149,5.17017704011872e-05,0.0103011224402841
" 6059",32,1.1448692177172,0.279861269615985,0.000732309178708097,0.0119908695085712
" 5743",51,1.06041331253346,0.287630962160502,0.000107910874632221,0.00827727082194304
" 5810",44,1.0216823875377,0.277511883991769,0.00191482146583269,0.00968761631740563
" 4706",46,1.11910845582887,0.3428209215862,0,0.0102355322446856
" 4869",74,0.974667479796493,0.161439144849478,0.00121618472220639,0.0102478709840902
" 5591",66,1.05667213983755,0.199575739988324,0.00178437392205123,0.010435487801379
" 4701",47,1.12230916510358,0.375192777089956,0.000196997002092729,0.0104844978116581
" 5983",22,1.05033904164699,0.228306225368069,0.00128591582792696,0.0117009475428561
" 6004",26,1.09723723565942,0.251002685659487,0.000933283240062456,0.0114380512223421
" 4369",34,0.791335275478908,0.187233098056278,0.00113637839968968,0.0119345397517596
" 4692",36,1.02219595535231,0.302086588292534,0.000172339234670624,0.0101162136560563
" 5488",28,1.06326207489307,0.208095316675457,0.00104225466383111,0.0131148456704519
" 4966",49,0.872098110287648,0.238814290166413,0.000166506214420234,0.00970697091093878
" 5995",24,0.98232300738373,0.216359743527049,0.000460013187928512,0.0113085762339098
" 8881",17,0.972237518204625,0.170057352481823,0.00110429678831254,0.0117114453542386
" 4790",65,1.03490757300517,0.183497125367988,0.000243661164095851,0.00883924863096789
" 6074",27,1.06935740253624,0.259835088376838,0.00035210231329629,0.0113911334178601
" 6046",17,1.023916254769,0.226258405846636,0.000686705565841409,0.0116935577465434
" 4468",57,1.49511032766306,0.554030782897557,0.00882323854056773,0.0144127630042318
" 4968",38,1.24700173506397,0.439068984894902,0.00375885127680836,0.0130874132228782
" 5159",58,1.0960435773828,0.32293596948796,0.00112365181005247,0.012166291638461
" 7411",48,1.21591832871191,0.372430629267773,0.00231836041224605,0.0124158993732885
" 5651",53,0.962307103890811,0.362971572312766,0.000693599135228234,0.0120945230332359
" 6045",25,1.00327229523413,0.235689423217204,0.000247373086073373,0.0112601309375379
" 4212",68,1.01510328576253,0.242262084490021,0.000368010550342809,0.0104873520574515
" 4458",20,0.689386882719424,0.208795871549772,0.00249388129432598,0.012985430043677
" 4967",52,1.20719058717784,0.450343353715102,0.00123474433209399,0.0128628642812665
" 6191",34,1.05992209331391,0.325788085910617,0.00344625441884426,0.0120246881511142
" 4835",79,1.03473335741491,0.186193355249348,2.01504335922576e-05,0.00802865124550864
" 5171",50,1.13605874537651,0.314340132820586,0.00309574292925262,0.0134868789461366
" 4892",39,1.10865619344851,0.414445938420297,0.00115202149945209,0.0123126521774277
" 5173",41,1.01976943694436,0.295471298587928,0.00506385698919115,0.0138148788686252
" 6058",9,1.05486795467018,0.178570025534165,0.00636064344576657,0.0129523060608799
" 5895",54,1.12332006686734,0.336817833310353,0.00159267966564067,0.011801676660195
" 6423",37,1.09825311054888,0.296372142314994,0.0016947575200225,0.0122091859482318
"  921",41,1.14506390001523,0.479657622957699,4.63990247190141e-05,0.0107195983815224
" 5856",43,0.693195515887847,0.210426584357004,0.000399827024435848,0.0116885944652206
" 1978",49,1.09769028640387,0.469569475993249,7.47687141186399e-05,0.0105355793591305
" 5819",58,1.08602326419852,0.312337190373736,5.17017704011872e-05,0.00889708639499649
" 5596",70,1.04623508825142,0.17023668979133,4.50733382984709e-06,0.00841998558671398
" 5135",44,1.14643069954723,0.432421858160683,0.000880255783240725,0.0110597843841721
" 5814",57,1.0709560724361,0.306312463980599,0.000531600254637848,0.0091882857551027
" 5797",60,1.03525054569606,0.168722979949873,0.00154999256289918,0.0113266003743501
" 4657",31,1.11055477080258,0.230189154266416,0.00625352798298667,0.0125158693797442
" 5597",70,1.03492626647953,0.153448388856408,2.54531792744306e-05,0.00803681019241919
" 5125",52,1.11697161150219,0.418932236940842,6.098157534499e-05,0.010721643847909
" 4485",60,1.04034303086934,0.261639101087079,0.000793025616768979,0.0105277692956281
" 4683",51,1.04670198247207,0.300613855249702,0.000351306901443964,0.0105260817339512
" 5059",42,1.07142159493362,0.26737370879161,2.65137284108652e-07,0.00954350386731185
" 5441",34,0.809346178663056,0.301888433110523,0.00175918588006091,0.0128453744516255
" 6540",11,0.972796868384431,0.121993657662861,0.00207019191432036,0.0123245587081837
" 5536",58,1.03149092203358,0.146604880159147,0.000310475759691232,0.00864082866545812
" 5816",51,1.03467848017091,0.290442697944082,7.42384395504226e-06,0.00854615110285191
" 5055",44,1.07408039695213,0.268000657994624,7.95411852325957e-07,0.00948190886930436
" 7512",64,1.12959816529965,0.318016238996196,0.00068458446756854,0.0120213359975173
" 6550",7,0.914999966772069,0.109156759497429,0.00117694440415831,0.0123272333458649
" 5586",70,1.04113341789932,0.162088021501825,5.30274568217304e-07,0.00804821108820748
" 5056",40,1.05750787064621,0.263810531374888,0,0.00954227887449795
" 5177",54,1.09611930604172,0.21954649901023,0.00121857095776337,0.0109629259468039
" 7228",11,0.954416974798719,0.111487985299559,0.00177164733241401,0.0122457406495666
" 4503",43,1.10142805889957,0.221813869008792,0.00455850532568006,0.0127949400613911
" 5050",34,1.02420119795569,0.253375195534408,6.15118499132073e-05,0.00999498434436019
" 5176",43,1.03389788554392,0.21559232981664,0.000239153830266004,0.0108635937826435
" 5540",67,1.03108327904572,0.165910199404338,0.000449672833848274,0.00877993445504882
" 4910",61,0.8573041284552,0.180570422332586,0.000618035009257268,0.0121049318065888
" 4843",75,1.05902945513261,0.199995956105445,0.000247107948789264,0.00877518973576448
" 4541",32,1.04028214361007,0.234082301433231,0.00608039333646372,0.0129830325406117
" 8202",56,1.25080106579551,0.435615201048818,0.00054300115785452,0.0118650898753274
" 8212",41,1.09632755764363,0.384412734819109,0.000526297508955675,0.0117529345496074
"  944",38,1.19337999663776,0.55169630847348,0.000624928578644093,0.0119942681644144
" 5710",40,1.11197985144046,0.453105856809937,0.00102289964209118,0.0126316639279174
" 4582",50,1.0153519446255,0.267703083180119,0.000313127132532318,0.00990789621871756
" 4813",82,1.03314521531378,0.177797153512966,1.72339234670624e-05,0.00812728240439737
" 5073",65,1.28248403357933,0.520288748057691,0.00530619246686646,0.0138296665452173
" 7189",51,1.3318368820647,0.68442624131615,0.00534490251034632,0.0140633314895539
" 5117",71,1.11217654718825,0.277499253528938,0.00108812341398191,0.0113755273749595
" 4686",33,1.00843258208096,0.280963487846739,0.000197527276660946,0.0105263571741233
" 5116",72,1.10332059921796,0.276360142096852,9.54494222791148e-05,0.0108846133096291
" 5359",44,1.02690267565699,0.154122450092048,0.000531600254637848,0.0107490223166472
" 5401",44,0.986734355082636,0.157403165872977,0.000164650253431473,0.011395447104287
" 5115",69,1.08918720787049,0.278474353675721,0.000160142919601626,0.0108783287632484
" 4703",44,1.09755713401642,0.312064863983949,0.000354488548853268,0.0104208600110141
" 5642",55,1.10166366040244,0.293710139039253,6.60191837430544e-05,0.0110887646808957
" 5462",53,1.04139711486818,0.246238046380661,0.00068060740830691,0.0117004572978835
" 5713",37,1.13127981494274,0.387227048375175,0.00228442283988015,0.0127285302588583
" 7203",71,1.04913352312999,0.165860230618685,0.000450998520268817,0.0109903300004764
" 5421",34,1.30111200128539,0.432982814683533,0.00190501138632067,0.0129676486283666
" 9025",9,0.866112204984633,0.144316649322117,0.00240771167699067,0.0120183816553784
" 4705",49,1.10271190604603,0.312169928105016,4.98458094124266e-05,0.0102842491136859
" 5641",54,1.10663407567672,0.260361460270945,0.0004504682457006,0.0113114172207973
" 5464",53,1.07014845634911,0.249398370869466,9.70402459837667e-05,0.0114161453238219
" 5717",43,1.1429193396634,0.384630334764885,0.00140072027194601,0.0126321612810295
" 7208",56,1.03417605909718,0.160183187109866,9.01466765969417e-05,0.0108884762223103
" 5419",38,1.12833357593715,0.380771638264214,0,0.0124023165736269
" 4714",46,1.07112106415927,0.305746240368963,3.5793533354668e-05,0.0100100656297755
" 4932",41,1.09871743807375,0.294482166206021,4.2687102741493e-05,0.0101686717103522
" 4643",44,1.00610629898616,0.373857998315827,0.00387153462255454,0.0128921568125446
" 5640",52,1.1181649379121,0.295898109805704,0.000767837574778657,0.011635024260881
" 5715",42,1.17430666710926,0.393251927454863,0.0040327380912926,0.012750058350795
" 5463",52,1.0206739814807,0.223352852303178,8.0071459800813e-05,0.0112207371171682
" 5070",42,1.21668076963206,0.434889389439052,0.00329857295159574,0.0126346912754144
" 7205",71,1.05289417090619,0.172833102847655,3.79146316275373e-05,0.0106857256918115
" 6259",30,1.06578119976482,0.241927459042233,0.0024761170962907,0.0128609200982336
" 4696",46,1.07258296600291,0.298140002255689,3.81797689116459e-05,0.010278790214948
" 4929",44,1.10193083711959,0.294492011989999,4.40127891620363e-05,0.0101879664342775
" 6258",32,1.19267873103635,0.277261366576713,0.00348337363861947,0.0129816163843383
" 4927",38,1.08734730610359,0.292888876110832,0.000193019942831099,0.0102644513266259
" 6564",31,0.986884957705722,0.232483826475335,0.0016854777150787,0.0128875785423952
" 4814",86,1.01369081249498,0.171715647163485,3.55283960705594e-05,0.00787230578325654
" 4676",39,1.04655737550626,0.309900752081355,0.000927185082527957,0.0108040791705392
" 4925",45,1.03817838399086,0.265773870151057,0.000898550255844222,0.0102738644430918
" 5546",76,1.05878072754585,0.193709901188801,0.000343352782920705,0.00956198295946944
" 4800",73,1.03961826419835,0.184931522175315,0.00189917836607028,0.00978769549425537
" 4504",31,0.867037454515399,0.221741176357081,0.00212427992027852,0.0124721794229745
" 3726",41,1.05156151154507,0.303431731650426,0.00481144629471971,0.0139026407000198
" 3909",36,0.989941617861584,0.322165662992634,0.00741774579750776,0.0140993806803312
"  977",41,1.21091772954463,0.56277599313899,0.0012164498594905,0.0118848411375642
" 5272",44,1.06963590841915,0.4882860616288,0.00236502457424918,0.0131257246722109
" 5484",45,1.1381497634891,0.36368163641013,0.00121989664418391,0.0124812957763069
" 4864",69,1.09343270311862,0.247612186738596,0.00399429318509685,0.0126981694210064
" 7179",53,1.12731219651689,0.237961235085338,0,0.00972878286441029
" 5038",45,1.0749624571396,0.254386694308403,0.000402743534561043,0.0101047018872987
" 7895",48,1.09085527711135,0.407558883922717,0.000892982372877941,0.0118057962418125
" 7180",53,1.12725692517395,0.237947896930242,0,0.00972867592287027
" 6622",47,1.28038640323589,0.494046600180054,0.00165843371209962,0.013127565615117
" 6623",47,1.03751068770656,0.179459095983495,0.00301010358648553,0.01155461324699
" 7844",52,1.16359076812446,0.383747034114836,0.000846053073590709,0.0118061479781615
" 8026",27,0.621428877991506,0.209793730649781,0.00140151568379834,0.0120108568647766
" 6759",95,1.12882230456354,0.538914730968143,0,0.0065124443427003
" 7492",34,1.00708416080245,0.356740978032537,0.00428249741292295,0.0135629903893826
" 7990",53,1.12725882830727,0.237947296934613,0,0.00972873124203213
" 4033",54,0.816390019382094,0.254561618613762,0.00291279820321765,0.0132727610585766
" 4457",38,1.05342866163835,0.385115362562538,0.0113587463884988,0.0148489526567288
" 5851",51,1.16528810837025,0.344567785184408,0.00552784723638129,0.0132412622580275
" 6618",34,1.13464789302884,0.466532611731765,0.000777382517006568,0.0128936404892283
" 8028",27,0.821077423360681,0.253341267708078,0.00532024474292422,0.0132294785965128
" 7843",41,1.16352762075274,0.391299557140616,0.00204871579430756,0.0124670411852568
" 7978",53,1.12718833920789,0.237924733576835,0,0.00972849384678615
" 4723",34,0.874680597470937,0.220123297648408,0.00117508844316955,0.0112120142171097
" 7004",64,1.07181630505932,0.238042004160293,0.00185277934135126,0.0111769538803434
" 8038",39,1.10444918855183,0.384689451583537,0.000136545701315956,0.0117638535869685
" 8377",48,1.14531707675836,0.456005873862891,0.0041889039516326,0.0136278306190149
" 8148",36,1.14434576012679,0.328884857899263,0.00336220589978182,0.0124293087918195
" 7000",68,1.07453690554613,0.239226202936178,0.000443574676313775,0.0112027193764109
" 7881",38,1.09099923504547,0.382414972167233,0.000241009791254765,0.0117132940114341
" 4724",40,1.00476193938297,0.246747781810037,0.00033433811526101,0.0107102592830952
" 8019",71,1.06592023145616,0.32764825502291,3.31421605135815e-05,0.00948603109232028
" 4725",32,0.898463719712852,0.225890672844545,0.000297749170054016,0.0106030001345356
" 8680",68,1.11929629103775,0.38627300428884,0.00175388313437873,0.0118576184586928
" 4693",40,0.974024839084345,0.27848977068937,0.000746891729334073,0.0108983809375927
" 6139",50,1.09946772121917,0.284860219558823,0.00259675456056014,0.0123747585272977
" 5584",76,1.0426931290823,0.18328233311188,1.67036488988451e-05,0.00937518796458388
" 5063",68,1.29381284318943,0.399510357920616,0.00460013187928512,0.0117796534014348
" 5643",55,1.14654455118896,0.322933135226274,0.000360851843671876,0.011495739554339
" 5461",45,1.05852145254462,0.24860521596584,0.00148980639940652,0.0120677715092213
" 4728",45,0.976334462889565,0.271901137240391,0.00163960896492791,0.0126989519428324
" 4836",92,1.04766124552285,0.181662259923981,2.12109827286922e-06,0.00809268370814731
" 8901",34,1.03954766225057,0.39154146214819,0.00154177330709181,0.0128272018495589
" 3913",71,1.04520365668649,0.239808896988112,0.00135273042352234,0.0119672908947979
" 4778",78,1.04689306268831,0.185922877355224,0.00129811214299596,0.00956103972731116
" 3914",56,1.01370616013271,0.259858279612133,0.00226003020974215,0.0123617781105884
" 1005",38,1.09930419050617,0.482665760136505,0.000102608128950048,0.0107150479369138
" 5582",70,1.04270102250868,0.186045524464713,0.000210253866298161,0.00955095744742106
" 7520",53,1.12728807950552,0.237954715955847,0,0.00972882113530773
" 4780",69,1.05107522486384,0.195299271144222,0.00126947731631223,0.00958055011058538
" 3915",52,0.955593112900023,0.210464943528823,0.00273170943817144,0.0124347962505855
" 5446",69,1.27983232169965,0.480788726957725,0.0122119581687604,0.0147436513169603
" 7530",53,1.12719002641399,0.237928512360189,0,0.00972853473865276
" 7074",49,1.19998618452809,0.415339126642762,0.000993999678123337,0.0119692585588712
" 7217",22,1.0030941225562,0.297498286000027,0.00318509419399724,0.0126633690900707
" 8001",53,1.1502690607374,0.387247382501496,0.00278075983573154,0.0131888169620893
" 4977",48,1.10519523870919,0.402804743019237,0.000515692017591329,0.0121398903846138
" 7075",53,1.21175532873429,0.430484848008693,0.000766511888358114,0.0116116055049396
" 7221",35,0.841080842637704,0.334690166901401,0.000640836815690612,0.0115920269565879
" 7999",40,0.886166424336307,0.297790066903589,0.000762004554528266,0.0127743004999469
" 5091",48,1.2852020675463,0.543777463780914,0.000543266295138628,0.0131731016715617
" 6518",52,1.03523631702091,0.189143469928167,0.0014799963198945,0.0117262643391516
" 7080",55,1.21889156092994,0.435092379006859,0.000140787897861694,0.0113931828593269
" 7896",42,1.08015866590097,0.377987229710717,0.000478572797816117,0.0118442769798342
" 7581",57,1.08323777967346,0.282759621478514,0.000292446424371843,0.0100721140039676
" 7764",53,1.12717595645251,0.237921768964257,0,0.00972843928221862
" 8677",64,1.19081837098898,0.505133982914153,0.00262830589736907,0.0134854683448524
" 6670",17,1.09725282823105,0.134794041077232,0.00101521066085203,0.0124546199845876
" 5092",44,1.13248890131453,0.479938052478347,0.00286639917849864,0.0135031405141693
" 7578",55,1.07545470168009,0.276009582076599,5.64742415151429e-05,0.00987726605901927
" 8678",64,1.19530467585334,0.503015071887559,0.00155396962216081,0.0133237932849506
" 4959",44,1.03649459135479,0.256675803523876,8.11320089372476e-05,0.0101148880244265
" 7575",50,1.04758626099071,0.275241903651055,0.000433764596801755,0.0104581407251418
" 5037",42,1.0216549395934,0.251029925354631,1.9089884455823e-05,0.00993779950777011
" 6070",61,1.16397864817779,0.418525837766628,0.00509487805143186,0.0143607226888122
" 5572",64,1.02608114699605,0.171967352719971,0.000326383996737751,0.00913011730581412
" 4663",45,1.10435894577496,0.196969784792703,0.00138693313317236,0.0118125613670504
" 4667",47,1.09384650403923,0.183155408007656,6.20421244814246e-05,0.0110778113078865
" 4691",53,1.21231883875474,0.427032888816525,0.00219427616328321,0.0114418552652687
" 4662",46,1.15410920141705,0.241903750624228,0.00283617352811025,0.0124558018230204
" 4664",37,1.11352161658377,0.214607967164313,0.000484140680782399,0.0114766891999107
" 5622",34,1.06074821928099,0.314002766707996,0.00193125997744742,0.0124649189704528
" 8896",48,1.20745859654836,0.407840035151168,0.00219507157513553,0.012696686246644
" 4684",35,0.968177589378927,0.287091339848249,0.00101865744554544,0.0106982719429826
" 7838",56,1.32008553350552,0.470336506243495,0.00597460356010437,0.0133159746437105
" 7452",43,1.15726908823015,0.393904673074762,0.00472050420627044,0.0134545137997327
" 6827",50,1.09051846561504,0.293516403252138,0.000367480275774592,0.0116421967986465
" 4709",39,1.03655012389031,0.179309053172378,0.000807343030110846,0.011683800609851
" 6866",56,1.1609126773038,0.312738246434192,0.00155264393574027,0.0119639348517336
" 7856",48,1.27281434395837,0.468376318902082,0.00280541760315365,0.0128795842815638
" 6625",24,1.02579016285816,0.409773790865779,0.00289476886789826,0.0132322013725896
" 4710",31,1.08445733430629,0.226192721942309,0.0012869763770634,0.0104868497934213
"  886",37,1.10961310981591,0.440215670811435,0.000137871387736499,0.0111421847145008
" 4015",59,0.85402701630598,0.215768567307096,0.00200629382885017,0.0125701698628732
" 4969",43,1.14522326495083,0.468966245802854,0.00121326821208119,0.0130868466262662
" 7873",46,1.01515396280571,0.373230125713154,0.000975970342803949,0.0120801249483273
" 7517",56,1.15470511589901,0.327876288284633,5.5678829662817e-05,0.0117141565868514
" 7515",57,1.13517353314792,0.327393302395098,0.000242335477675308,0.0120987468063102
" 6011",46,1.25314846590442,0.406637297197583,0.00203519379281801,0.0129095060596169
" 5061",40,1.09499675874796,0.263711489364612,0.000131242955633783,0.00969916907172987
" 6009",52,1.20622250533129,0.39620867381034,0.00272826265347803,0.0131047677353459
" 4694",41,1.00766343853235,0.288785710781608,7.42384395504226e-05,0.00975381415040748
" 5060",38,1.09139708882569,0.263226258681668,2.86348266837344e-05,0.00993268469201329
" 5053",39,1.07859305598044,0.256418711420365,0.000116925542291916,0.00995068760768898
" 4679",52,1.10247972636918,0.31591430998604,0.000536372725751803,0.0105165333035757
" 5817",49,1.02704371708433,0.283518846694763,5.30274568217304e-06,0.00844453214250029
" 4945",31,1.13043165313557,0.315878116754981,0.00562170583495575,0.0136369867065225
" 5599",68,1.05838828878423,0.189804771936294,7.76852242438351e-05,0.0094432141426605
" 5122",47,1.11946812269021,0.423112956143307,0.00112206098634782,0.0110955212515972
" 5079",36,1.07667147261422,0.205973601808927,0.000913397943754307,0.0107221473089997
" 4946",26,0.95295738082259,0.241770703521794,0.00341178657191014,0.0131680791663092
" 5080",35,1.0312901969507,0.198175565835795,0.000440923303472689,0.0106039693753638
" 5547",76,1.0598440907594,0.1964355627656,9.49191477108975e-05,0.00934092562586615
" 5062",40,1.07252693325441,0.281052049139284,0.00105445097890011,0.010674671195134
" 5078",33,0.970907086528617,0.194422359496547,0.000728597256730576,0.0106967005642946
" 4939",38,0.962250033720248,0.258100698758913,0.000875218174842661,0.0102302404024677
" 5047",47,1.06232324190574,0.278726758766457,0.000400357299004065,0.0105754792433198
" 4505",35,0.878009435800158,0.190966711481894,0.00175998129191323,0.0125425143698812
" 5623",42,1.03141044029795,0.289854404257419,0.00415470124198258,0.0129600046177914
" 8221",43,0.908931752671149,0.335066681514257,0.000996916188248532,0.0120928346776146
" 5573",59,1.07634431498301,0.201447906855587,0.00220276055637468,0.00983654711546847
" 4901",51,1.05868653550991,0.166503645015382,0.000331421605135815,0.0105764448533819
" 5624",41,0.88317950990719,0.223973537274092,0.00550875735192547,0.0129442150591267
" 4906",39,1.05763480704228,0.169773834909427,0.000247373086073373,0.0109012451983211
" 4908",30,1.0487067186727,0.17439810923253,0.00125754613852734,0.0120969824840858
" 7125",10,0.741343564821233,0.163492798712821,0.00252622804298724,0.012466951632245
" 8750",24,1.16204066500179,0.28824861566066,0.000288999639678431,0.012268415510514
" 7821",52,1.12275674818883,0.3541764352764,0.000845522799022492,0.0120947183312208
" 6631",32,1.13990682072251,0.415237564753509,0.00204977634344399,0.0136436537455876
" 7589",36,1.17405593609419,0.37455475223185,0.00716321400476346,0.0138738894931477
" 7177",46,1.03709911964479,0.346217726434703,0.00675781909736133,0.0140297353238657
" 6846",40,1.05745183518933,0.267868156563645,0.00169184100989731,0.0114476538382401
" 7761",51,0.962794702352131,0.258135137477328,0.00138163038749019,0.0110322188931267
" 8126",57,1.08945590680213,0.287983982336447,0.000165710802567908,0.0105087536007931
" 6844",40,1.0487590963547,0.264480642494477,0.000238623555697787,0.0108699926297244
" 7937",56,1.07585597676378,0.285593230684298,7.95411852325957e-07,0.010402784257195
"  937",44,1.18491866952626,0.51366656898833,5.72696533674689e-05,0.011020296099485
" 8118",52,1.05224285370075,0.277673451648675,7.60944005391832e-05,0.0103097269760231
" 6283",49,1.10180959847212,0.316883645855474,0.000174195195659384,0.0102811946359917
" 4659",38,1.10118787714858,0.225996739272652,0.000821925580736822,0.0111634222560381
" 6282",45,1.08922300202993,0.310692875069788,5.06412212647526e-05,0.0102491240197909
" 6280",48,1.09082457198233,0.316965523282025,0.000151128251941932,0.0103478773668141
" 4931",46,1.1069619194337,0.288822820340588,1.98852963081489e-05,0.00967030900067367
" 4935",44,0.98467412000167,0.261873348768914,5.03760839806439e-06,0.0100034659757118
" 4698",47,1.09315421639458,0.31376206710909,4.50733382984709e-06,0.00958621423042097
" 4689",42,0.93350052180099,0.28707369407054,0.000283431756712149,0.0103661419988486
" 6462",32,1.04621990768259,0.443806828848183,0.0033126252276535,0.0134695772188575
" 4934",50,1.14160046375662,0.322580987996248,0.000791434793064327,0.0104393376309861
" 4936",48,1.09341223701362,0.321480605752474,0.00176395835117486,0.0106642790569117
" 4818",74,1.05518653044685,0.194893334925551,0.000930897004505478,0.00925084457594813
" 4718",50,1.13151471178492,0.35533668670858,0.00199966539674746,0.0112883499433828
" 5435",44,1.08803058384035,0.174381890885144,0.000599740536653771,0.0120158821985344
" 7587",43,1.05564467557043,0.302199868752052,0.00719582589070882,0.0123294990810941
" 7325",50,1.04915400351749,0.257211867211939,0.000723294511048403,0.0101503283261826
" 7071",45,1.0709837203349,0.270010531387433,0.000496602133135506,0.0111723685810606
" 8387",48,1.2009846993141,0.358886652233176,0.00608516580757768,0.0133254739386648
" 7322",53,1.04283687193862,0.256160226911912,0.000169687861829537,0.0096708088899912
" 7059",36,1.00215721611768,0.25466589868309,0.00300559625265568,0.0115498558183072
" 7181",52,1.12713675865893,0.237906250348888,0,0.00972812377691284
" 8772",18,0.895001318764153,0.198385633397833,0.000439067342483928,0.0120167052963645
" 7313",45,0.982906804789901,0.244475351836611,0.00126072778593664,0.010714253588712
" 6025",25,0.797910756462847,0.322678077849167,0.00139250101613864,0.014244690758163
" 6312",42,1.19363639694445,0.417371678761891,0.00408709123453487,0.0128076181611969
" 6136",50,1.14145432876619,0.372226900819518,0.00516726052999352,0.0135338481688492
" 8760",12,0.951841616180353,0.199731478657943,0.000502700290670005,0.012296068732848
"  964",26,1.13540196581688,0.53698383439154,0.00291836608618393,0.0124414295178095
" 4902",55,1.05878472028311,0.172269319772919,5.91256143562294e-05,0.0104953540758186
" 4903",64,1.06572548246335,0.1705667959169,0.00010632005092757,0.0106085040104878
" 4893",36,1.05835425261215,0.170071145558231,0.000309150073270688,0.0112228034815668
" 6133",38,0.816372877202867,0.266838571429672,0.00148211741816737,0.0117154975481566
" 6222",54,0.928085027309768,0.204114558074377,0.00866574699380719,0.0137014653279143
" 5044",38,1.05461737347761,0.259089918705671,0.000255327204596632,0.0101354511767095
" 8194",37,1.04489944671743,0.360373636196045,0.000685114742136757,0.0117359028294512
" 5052",37,1.0475704131374,0.291205698437794,0.000213700650991574,0.0109231829824138
" 4660",26,1.0527342755958,0.203117528166446,0.00210969736965255,0.0122141744639433
" 5041",37,1.02500733734695,0.251818636318406,0.00092267774869811,0.0108067550606209
" 4665",41,1.04509675541648,0.193647899846591,0.000293506973508278,0.0114468289411292
" 5369",44,1.19398655548142,0.465787244942348,0.000642692776679373,0.0117640809651065
" 5627",20,0.299377523614487,0.0956131645829799,2.9695375820169e-05,0.0104892086696253
" 5723",15,0.371967534851184,0.0988197468478933,0.000306498700429602,0.0116808958511047
" 5705",13,0.33633584042198,0.0904949825046525,0.00083412189580582,0.0133225216817672
" 5370",47,1.1590357495244,0.456942621370618,0.000843401700749623,0.0117648410797579
" 5583",6,0.0756017818391234,0.0304895874636527,0,0.00919469242379441
" 7646",39,1.08671276060803,0.205550364209855,0.00555011876824642,0.0127368756334175
" 5409",37,0.477239206832062,0.168960498200296,0.000246842811505155,0.0104357921502257
" 5241",66,1.21397394302312,0.489636077599682,0.00142405235294757,0.0118269748142799
" 4911",62,1.05798100208998,0.152115891840894,0.000541675471433976,0.0110691597035974
" 4912",42,1.0730489574243,0.215753447907505,0.0015383265223984,0.0123175922193902
" 5252",41,1.14462623703837,0.457490260982659,0.00210306893754983,0.0120282091352647
" 7373",39,1.16050924897381,0.514802844598027,0.00097384924453108,0.0134372281352409
" 4646",51,1.14569228288694,0.371717323271569,0.00209140289704905,0.0126855516556204
" 1867",38,1.09907111529688,0.485886599391483,0.000226957515197006,0.0112443980656441
" 6304",70,1.26406684095262,0.421667147521737,0.00327974820442403,0.0136302815061614
" 9593",9,0.894550332451354,0.125479365834449,0.000216882298400877,0.0110606754537105
"  989",43,1.14072291398383,0.517486420650913,0.0017005905402729,0.0114489403503171
" 6230",45,1.08365379065586,0.359952607087423,0.00124216817604904,0.0123565950724417
" 9553",23,0.882101691364117,0.224734122769158,0.00218234498549832,0.012287022929307
" 4985",40,1.23805102398107,0.392422536283841,0.00659131288294109,0.0138632326251851
" 6295",45,1.02837537482351,0.306190414121666,0.00075352016143679,0.0119114038054045
" 4926",47,1.03556485807494,0.274066434052272,0.000144499819839215,0.00985503285487964
" 4928",41,1.10464657284218,0.295792571182136,0.000142113584282238,0.00976771174053071
" 5561",59,1.09024973407192,0.197500250857871,0.00057640845565221,0.00979406676110599
" 4933",48,1.02071816739225,0.279219961506477,0.000235176771004374,0.00989188820902047
" 5436",40,0.957325620445239,0.142216830946835,0.000981007951202013,0.0113511311672374
" 5054",46,1.08847140551008,0.282215783709549,9.70402459837667e-05,0.0104910809685656
" 4675",17,0.94368196381396,0.294601260838054,0.0087426368061987,0.0145470289323151
" 5048",39,1.07409530033317,0.275023191725744,0.0017711170578458,0.0114087118632021
" 5381",54,1.2536621752498,0.444161608705361,0.0021051900358227,0.0118245245769733
" 6112",52,1.06679376144418,0.299219961156628,0.0036864687982467,0.0128129879556019
" 6081",37,1.07814672115947,0.330925089721966,0.00147548898606465,0.0121049833785457
" 5390",38,0.617275997251593,0.221847107913008,0.00030093081746332,0.0110415252672945
" 6109",48,0.836886261623269,0.195814394932832,0.00245437583899379,0.0120375007114047
" 1033",43,1.10805225293062,0.478648543980515,0.000464785659042467,0.0107773177292585
" 5253",38,1.12007800231248,0.418869978914104,0.000947865790688432,0.0112547520768334
" 6086",40,1.24856909483736,0.496307478545731,0.0100648764420485,0.0145401728602171
" 6923",55,1.25761544531192,0.536098209438948,0.0022308651084902,0.0138129111663069
" 6519",32,0.795566438806985,0.223727433266463,0.00379040261361729,0.0130422049756875
" 9497",23,0.615005898613981,0.19781481058719,0.000784276086393393,0.0120989637029498
" 4688",45,1.1119321340492,0.337061355431873,0.000847113622727144,0.0109163435936087
" 6757",39,1.19198150469764,0.404516002886618,0.00198799935624667,0.0118521390597886
" 7819",20,0.943096245572736,0.134164985481463,0.00113107565400751,0.0111158046602009
" 7622",12,0.989340558523521,0.134687059972744,0.000141848446998129,0.0111297145403768
" 7356",14,0.987973288021864,0.140841672822983,0.00162953374813178,0.0114458143302171
" 9513",10,0.600001605698426,0.0852560820788298,0.00143041564776618,0.012131071211449
" 6778",30,1.10172198721093,0.381213160975791,0.00160673194169843,0.0120491820770894
" 4930",43,1.06262286105246,0.273496444743818,0.000408841692095542,0.0099368933970404
" 6773",43,1.21590390700138,0.436646154481818,0.000587809358868882,0.0120558449322558
" 5577",65,1.0782732672871,0.241327987957254,0.00213780192176806,0.0110551588883352
" 4940",43,0.963887836595111,0.272280363301167,0.000612732263575095,0.0100926901236975
" 8870",57,1.03667896974923,0.332974445062446,0.000255062067312523,0.0117705097959121
" 6284",40,1.16119519189341,0.355779897074292,0.00256334726276245,0.0115563164731941
" 5034",49,1.24054947025098,0.505692482462249,0.002252341228503,0.0131353668647315
" 5659",11,0.895135010301735,0.244906765454535,0.00119391319034126,0.0115200888081845
" 4960",30,0.91336013547118,0.375445839207702,0.00929412235714469,0.0146709953350534
" 6772",41,0.945597360695708,0.258523655163103,0.00154362926808057,0.0110274963138702
" 6202",51,1.09120984774795,0.265696730824279,0.000204155708763662,0.0108560179839735
" 6765",57,1.08216029596095,0.289994797324333,5.4883417810491e-05,0.00917739680001355
" 4899",35,1.00953477405073,0.160153241189936,0.00096006210575743,0.0114795709673407
" 6196",51,1.08877413711129,0.267183573942221,0.000309945485123014,0.0109032773241704
" 6762",55,1.07786255813999,0.287560661366672,5.19669076852958e-05,0.00926724042171267
" 5725",23,0.994685616349346,0.294404146799152,0.00172047583658104,0.0119293866740532
" 6197",52,1.06739651408596,0.259961962483892,0.000557053433912278,0.0107115887380714
" 6763",54,1.07297485805684,0.286296807452163,1.11357659325634e-05,0.0092076873538041
" 5996",20,0.261636748654289,0.0856381711533658,5.38228686740564e-05,0.0104468287780266
" 5967",32,1.13518662046724,0.342177902740639,0.000448347147427731,0.011755878514499
" 5057",40,1.0796946992319,0.29582591170271,0.00096987218526945,0.0113768826748295
" 6764",50,1.07012997146935,0.283348328512725,1.45825506259759e-05,0.00923945302316918
" 5966",37,1.16514980261383,0.352561199662454,0.000522585586978153,0.0118215307180538
" 5045",36,1.01883642555768,0.273221777724971,0.00218207984821421,0.0115395239119863
" 6402",30,1.17999409693517,0.374260057142189,0.00259436832500316,0.0118488100120747
" 6741",47,0.999980521274215,0.268753427184836,9.20026375857023e-05,0.0093366140052839
" 5968",32,0.961592551264393,0.306404873416402,0.000365359177501723,0.0118340589033646
" 6410",30,1.02462646116909,0.344887369940188,0.000375434394297851,0.0117906347629988
" 6404",34,1.09073656808259,0.354300554157155,0.000353693137000942,0.0117959307408937
" 5703",23,1.07350689758002,0.291339660612757,0.000668411093237912,0.0114074609274059
" 4711",46,1.22701366043787,0.437288070953397,0.00151738067695382,0.0125543658094082
" 4647",52,1.06229396529932,0.375614473971344,0.00104172438926289,0.0122070113037067
" 5393",46,1.17249542857263,0.451893767272943,0.00543717028521613,0.0132022516028588
" 8531",58,1.01553349407239,0.326432539986178,0.000638715717417743,0.0115575643398892
" 5387",31,0.832328855075445,0.29523770290319,0.0017435427802985,0.0125179112867021
" 8479",36,1.07802951283097,0.323523133457664,0.00704734901160798,0.0133776168331912
" 5228",50,1.22942251221938,0.51784171943987,0.00157014299649144,0.0120497997889045
" 6384",60,1.04987416538116,0.261164414683474,4.03008671845151e-05,0.00893571162617462
" 5226",43,1.13440246856131,0.466038988209781,0.000577469004788644,0.0116921269648835
" 6396",70,1.05236645544788,0.254368792332793,0,0.00801811651437917
" 6257",64,1.03879784181314,0.266045353975507,0.000854007192113969,0.00961609828836774
" 6398",67,1.05054763175453,0.253611864507466,1.88247471717143e-05,0.00808098140807332
" 6255",65,0.987958724089599,0.253235152944564,0.00081635769777054,0.00978994435721444
" 6386",68,1.05287023544636,0.253520181825875,0,0.0080039247713956
" 5644",58,1.0940949870363,0.278609056482733,0.000103138403518266,0.0109455160892688
" 5465",58,1.03040111776772,0.211664106215568,0.000398501338015304,0.0113780188342268
" 6387",59,1.04308563582622,0.252773959265586,3.71192197752113e-06,0.00798067722488158
" 6664",41,1.04589438702001,0.311797278758985,0.000793290754053087,0.0106486056987233
" 7514",45,1.09486316237858,0.297117906000608,0.000879990645956617,0.0116493238812693
" 6395",55,0.929903248004051,0.226657737827793,0.000568984611697168,0.00947367874770303
" 6758",39,1.10348399359248,0.328999068065257,0.001173762756749,0.010643765263932
" 6498",36,1.0958164663254,0.208251983150473,0.00130049837855294,0.0112704203826329
" 6539",35,0.915820359600059,0.177238990430828,0.00152692561918173,0.0114103477087157
" 6754",36,1.1125052132509,0.339671432431168,0.000119842052417111,0.0108025357666949
" 6524",38,1.05732129315124,0.21277105703356,0.000826963189134886,0.0112002727501913
" 4621",53,1.13555169596543,0.291534565072215,1.59082370465191e-06,0.0104056445706126
" 4973",53,1.10052774230383,0.392339167120731,0.00222715318651268,0.0119629273375085
" 6500",39,1.09096449852002,0.206953223693844,0.00115016553846333,0.0109275776656023
" 4620",51,1.14399549863896,0.295170778152727,0.000103403540802374,0.0105503211962175
" 4619",54,1.12515712594022,0.287055371171665,9.54494222791148e-06,0.0103237713135124
" 4613",40,0.936544221460675,0.243667360342674,0.000289795051530757,0.011056741952473
" 8317",50,0.845905448234764,0.268244551464674,0.000339640860943183,0.0104081228481644
" 6842",51,1.0695486365739,0.483148858658086,0.00312623371692512,0.0136686426430813
" 6826",41,1.10996796802791,0.401561935427791,0.000886619078059333,0.0121418331126949
" 6823",45,1.07729722214765,0.370378597363253,0.000287673953257888,0.0118889207387275
" 6632",24,1.14918722976599,0.420757383081052,0.00386225481761074,0.0138414997549879
" 6392",46,1.07541375642707,0.301969278357304,0.000811320089372476,0.0107111984280089
" 8872",52,1.12457707326047,0.383254215712552,0.000681137682875127,0.0118838738363471
" 6385",44,1.07512832936368,0.301768085707175,0.000213435513707465,0.0105759010403755
" 6116",95,1.12883447296713,0.53892764307722,0,0.00651233965864446
" 6170",15,0.939740368884158,0.281803291890042,0.00245596666269845,0.0132124095725524
" 8871",50,1.08987627915952,0.34472884488217,0.000968281361564798,0.011949616714022
" 6389",45,1.06989004992224,0.300642258717883,3.31421605135815e-05,0.010487968670957
" 6118",95,1.12878547440501,0.538908942156515,0,0.00651227450607449
" 6171",95,1.1287653325441,0.538901388095233,0,0.00651225787896054
" 6190",95,1.12872177745005,0.538884132796669,0,0.00651224351191764
" 8876",53,1.11673100706467,0.378222927043826,0.000217677710253203,0.0115867863328537
" 6394",45,1.07513231541496,0.302424138071459,0.00113531785055325,0.0105626028339974
" 6285",40,1.06277779586694,0.222348922058073,0.000397971063447087,0.010508101579373
" 7718",63,1.04732589084785,0.340622172640711,0.00070818168585421,0.0111325096016694
" 6286",37,1.01102778848164,0.219172773062501,0.000499253505976592,0.0105560305670241
" 4890",63,1.19397851222376,0.385115763159649,0.00202008096762382,0.0114888848377951
" 4563",47,1.07378522856811,0.222374793701417,0.000971463008974102,0.0110972710887054
" 8236",45,1.09405309734867,0.317488787218035,0.00450839437898352,0.0136493798653788
" 4564",52,1.1269159766432,0.237840080099054,0,0.00972715427196865
" 4885",46,1.08019181199371,0.309786720642591,0.00229370264482395,0.0111528786700361
" 7109",43,0.946380329743685,0.160296646945541,0.000195671315672185,0.0100410327446956
" 6994",28,0.894100528455884,0.11976540909827,0.00676153101933885,0.0118747328556255
" 7045",40,0.89544398070118,0.151629798738888,0.00744399438863452,0.0123282704652149
" 7407",42,1.17855301908261,0.508900460616089,0.000579059828493296,0.0124138113055615
" 8875",64,1.19542177404973,0.408098870845412,0.000402743534561043,0.0122232199804872
" 7412",48,1.1329226249797,0.487996295826616,0.000638185442849526,0.0122385778996767
" 7063",54,1.06859054388894,0.172590033088639,1.06054913643461e-05,0.00948405514378759
" 8877",59,1.23450585900081,0.415600261666212,0.000654093679896045,0.0123043880403545
" 8868",40,0.803676172485286,0.246904591640525,0.000574552494663449,0.0118562161427052
" 7711",48,1.1628314581572,0.397567871447298,0.00197633331574589,0.0122375246493517
" 7715",46,1.00568413226347,0.353739671763826,0.000690152350534822,0.0118565847824714
" 6799",59,1.08509708076893,0.187718753962383,5.75347906515775e-05,0.00992310314890678
" 8235",57,1.02411535120092,0.353692703463501,0.000904118138810504,0.0117243051784429
" 4623",30,0.961520799264746,0.20164772459203,0.00347886630478963,0.0107096481903539
" 6800",53,1.02874640950439,0.176209132460253,4.45430637302536e-05,0.00994599584613248
" 8534",84,1.08777698037375,0.334578125851922,1.64385116147364e-05,0.00898901267112176
" 8013",70,1.06170981362778,0.323612274555981,0.000384979336525763,0.0102168178372449
" 8597",54,1.14175949013485,0.39695112940757,0.00143068078505029,0.0122046041025745
" 8549",80,1.0874920876759,0.328380963112643,1.43174133418672e-05,0.0087723207349588
" 6436",23,0.963873792275874,0.36226886845903,0.000626784539632854,0.0121486599846385
" 8543",77,1.08235035219123,0.330044012933043,1.2196315068998e-05,0.00901247606522646
" 4506",42,0.965647044570056,0.174773535863063,0.00237748602660228,0.012464339415142
" 8814",56,1.21487298413674,0.472310083486093,0.00310608328333286,0.0130550107458337
" 8475",49,1.05274834689806,0.333082782883794,0.000161733743306278,0.0109011182847009
" 6587",37,1.09529192771524,0.416691862718531,0.000316839054509839,0.0120678570083898
" 8815",48,1.15710293157915,0.427239255740464,0.00261107197390201,0.0128867352966296
" 8672",67,1.0946820239402,0.397688099025872,0.00248566203851861,0.0119057986448681
" 8461",63,1.172822211634,0.378320010892945,0.0039192593336941,0.0123267864679192
" 8004",51,1.22169919399189,0.413256044767396,0.00192860860460634,0.0124455815912047
" 6698",35,1.0688102155316,0.134573682140552,0.00046823244373588,0.010950212506066
" 6812",33,1.0081044068404,0.152279753668086,0.00430662490577684,0.0120040668503175
" 7051",49,1.00388808791915,0.137574154713075,0.000371457335036222,0.00967682721642866
" 8874",37,1.05407654545299,0.363822264338344,0.00585529178225548,0.0132335626574995
" 8537",46,0.925889310609727,0.309294268413821,0.00294700091286767,0.012645388060585
" 8015",52,1.09980932577593,0.372738264013743,0.00248407121481396,0.0124099369592321
" 6697",31,1.0394414035657,0.131388635030409,0.000443839813597884,0.0111575023619205
" 6809",29,0.953448729853259,0.142841203019649,0.00434268357641561,0.0119385093386973
" 6951",48,1.04252784858961,0.163876718211585,0.000137871387736499,0.00940207130999905
" 8873",35,1.13623789288836,0.376721226408231,0.0040756903313182,0.0131679938438233
" 7720",64,1.0830200262923,0.351180047375824,0.00119921593602343,0.0117250254935692
" 9475",8,0.670537566304468,0.148767254456319,0.00218526149562351,0.0125043747617958
" 6545",43,1.10566092917768,0.256979562524256,0.00368673393553081,0.0122092772464319
" 8336",80,1.09285066331401,0.339387794566271,2.12109827286922e-06,0.00875066633677725
" 6476",35,1.10530754600779,0.32544846766916,0.00332455640543839,0.0124361352043863
" 6725",37,1.21448349626452,0.55510387420189,0.000187452059864817,0.0124583749560959
" 8239",79,1.09305599505949,0.339119647117697,7.95411852325957e-06,0.00878400058293727
" 4668",49,1.17966369917311,0.518945135003087,0.00106717756853733,0.0131043854570608
" 8334",81,1.09221622946152,0.337939095866478,1.06054913643461e-06,0.00879610621780705
" 6728",47,1.1960120236887,0.525100016254259,0.000169687861829537,0.0122660929204564
" 8631",82,1.08887731551089,0.345150847644234,4.24219654573844e-06,0.00882215099632013
" 8337",85,1.07672569273639,0.343628543722672,0.000154840173919453,0.00919243221314195
" 7011",28,1.19583594796525,0.558330107819186,0.00070818168585421,0.0130397945027782
" 8632",82,1.07667910585828,0.331982057113092,0.000120637464269437,0.00954428492530475
" 5478",21,0.960323594648132,0.27870848564289,0.000771549496756178,0.0115972810055162
" 8335",50,0.946662323986142,0.265515840394357,0.000599740536653771,0.0115901312028985
" 7012",36,1.19532092463911,0.554367010849755,0.000306763837713711,0.0128668673118239
" 8634",81,1.10050826496624,0.345420535130156,1.40522760577586e-05,0.0088825502179081
" 8833",62,1.110138018983,0.359907916474649,8.88209901763985e-05,0.0104277988927217
" 8648",76,1.0690002295629,0.335537151624114,3.28770232294729e-05,0.00890975286344215
" 8831",69,1.08995822891364,0.345329209163493,5.5678829662817e-05,0.0100125610045823
" 6745",34,0.980607402053364,0.270953149258968,0.000964039165019059,0.0106305977932097
" 8829",54,1.09683487368339,0.358139319654482,0.00144049086456231,0.0109811882070678
" 7534",48,1.04616569598227,0.184380538436815,0.000224571279640028,0.0100828616662866
" 8946",49,1.11443729110099,0.315403737254183,6.68145955953803e-05,0.0107065819249271
" 8840",59,1.02941137303893,0.318756840290622,4.98458094124266e-05,0.0100618526338769
" 7508",51,1.01105103591039,0.17339327109161,0.000110031972905091,0.0100704503341119
" 8949",51,1.10823452394171,0.313524428943727,0.00012196315068998,0.0108647890431797
" 7963",40,1.04149495678645,0.345316220212316,0.00181751608256481,0.0125088089559595
" 8948",44,1.05020651817741,0.297422977841268,5.03760839806439e-05,0.0107603318666109
" 9037",35,1.0838948503276,0.292678135492218,1.85596098876057e-06,0.0112200280112474
" 8950",45,1.03444655226373,0.294511415480687,0.00112126557449549,0.0111959428688989
" 9030",34,1.09358069539463,0.291405725421251,0,0.0112349200620164
" 6194",50,1.06367457772122,0.276258143747071,0.000843136563465514,0.0109958807297272
" 6761",71,1.11095187717412,0.298886970922504,2.65137284108652e-06,0.00949187153452622
" 5423",58,1.02306956190497,0.190080457263496,0.00164305574962132,0.0119605755400405
" 6350",27,0.93800591164174,0.152043846342387,0.00110297110189199,0.010671646221515
" 6160",39,1.04670962774394,0.123176653812097,0.000776587105154242,0.0104683002051294
" 8323",69,1.1181510944332,0.390364295837192,0.000211579552718704,0.0103570648254886
" 7202",32,0.903999019804527,0.106830261496997,0.00374029166692076,0.0107083268264407
" 7105",36,1.04718516223532,0.135187338317601,0.00120398840713739,0.0104035765982072
" 9028",28,1.08790361000788,0.290048394554217,0.000705530313013123,0.0112714262956523
" 9109",33,1.01145097527198,0.278774556966044,0.00021635202383266,0.00993254073234533
" 6760",66,1.10077115506135,0.295189526221258,5.03760839806439e-06,0.00953969756157225
" 8319",73,1.1295502123153,0.391517913099326,3.28770232294729e-05,0.0102977436913088
" 7209",39,1.0498997674098,0.144152389242148,7.9276047948487e-05,0.00992313663452673
" 9038",33,0.99310103447282,0.269274704158188,0.000445960911870753,0.0110745673274279
" 9110",27,1.00890361438629,0.275358066308479,2.81045521155171e-05,0.00981020570597584
" 6767",69,1.10120196960499,0.294825497046304,8.74953037558552e-06,0.00949328142635182
" 6333",40,1.08239444524682,0.155044607420344,8.16622835054649e-05,0.0102457416186462
" 8322",66,1.08600079452291,0.382290724477032,0.000138401662304716,0.0103431767051191
" 7096",41,1.03081674053927,0.149471262514349,0.000211049278150487,0.00998432676099962
" 8642",51,1.1456561273431,0.422823568317826,0.000211314415434596,0.0110411049868979
" 8497",73,1.0958127431812,0.338733164237023,0.000269909755222608,0.0107119909187283
" 9108",31,1.01492028964907,0.277956967331907,3.71192197752113e-05,0.00981195423471457
" 6749",65,1.09743128057759,0.285752483477277,5.32925941058391e-05,0.00962076577140193
" 8021",61,1.16355090484384,0.367262923125899,0.000771019222187961,0.0111461476460606
" 6330",39,1.03774057940168,0.142218598271377,7.63595378232918e-05,0.0102486677294594
" 7649",55,1.17544864167354,0.470471855784323,0.00161574660935813,0.0128902187431162
" 8318",61,1.02101004012795,0.356868507039815,0.00107778305990167,0.0107816991629444
" 8641",51,1.11029854113285,0.413665088439653,0.000433234322233538,0.0110059280226304
" 9113",24,0.842853186738421,0.21415726814745,0.00042103800716454,0.009832740006751
" 8495",67,1.09353780961885,0.340588486473232,0.000210784140866379,0.010714746626219
" 7040",44,1.23977129869558,0.392533918974731,0.00534304654935756,0.012466593885486
" 7652",66,1.18671583896629,0.492502397358457,0.000656479915453023,0.0126654269569739
" 8638",55,1.10342755971326,0.415143622192799,6.73448701635977e-05,0.0105436433020999
" 8839",44,1.23863726755663,0.53877104084221,0.000534781902047152,0.0114140196114528
" 8511",81,1.10612315917914,0.321038333182072,0.00027335653991602,0.0105289984214459
" 8650",42,1.04761347643957,0.393580262872227,0.000426340752846713,0.0109536858806672
" 8838",38,1.2415696545545,0.539318880106212,0.000372517884172656,0.0114771506253663
" 4989",47,1.01894163952869,0.384338372037495,0.00321425929524919,0.0131229629216203
" 6953",42,1.17463664507727,0.361479102934099,0.00147389816236,0.0118840770769562
" 8837",41,1.22602202122139,0.538958521408086,0.000202830022343119,0.0114098152338423
" 8952",57,1.28676372120696,0.56595822084546,0.000461338874349055,0.0114719209572083
" 8841",42,0.977858640515941,0.401621460044205,0.000604513007767727,0.0110220176241954
" 8951",54,1.27492104670276,0.56380052776513,0.000254531792744306,0.0114473409092054
" 8953",49,1.30773033478207,0.56517895496804,0.00124694064716299,0.0117187179248486
" 9034",31,1.19745936675184,0.605376439312724,0.000383388512821111,0.0110262954004036
" 9579",47,1.26330305676168,0.522359412409177,0.00269591590481678,0.0139923184713154
" 8947",38,0.704362183049288,0.246390444236763,0.00102714183863692,0.0113585857400782
" 9029",30,1.19240636812288,0.602827664000506,0,0.0110214369055668
" 6382",65,1.04162128330404,0.254454924286766,0,0.00809372374383997
" 7691",76,1.13721821728696,0.373314071626246,0.000153779624783018,0.0109920156522686
" 9535",51,1.13047810646586,0.479494666325096,0.0021388624709045,0.0133234394780083
" 9033",28,1.19514444099204,0.595699608067482,0.000438271930631602,0.011129747245917
" 9104",52,1.24152633377485,0.602711318427152,2.54531792744306e-05,0.0110620381874271
" 4617",54,1.08772132521512,0.271464194145218,0.000230669437174527,0.0104291780156321
" 6358",69,1.00913357171548,0.24416589574898,0.000144764957123324,0.00896574565453482
" 9036",24,0.53699580550445,0.25394031523908,0.000805752206406194,0.0114316658854361
" 9106",51,1.23315764726618,0.597750120569,0.000376229806150177,0.0110573293694051
" 6373",61,1.07301752325394,0.273429221111282,9.54494222791148e-06,0.00932722053170573
" 4624",43,0.920884219497824,0.241968050833147,0.000515957154875437,0.0107412378273231
" 9107",51,1.22475808088614,0.594452281832762,0.000316043642657513,0.0110856111925136
" 9115",31,0.755192492421551,0.327396006634283,0.0013606845420456,0.0109904745369836
" 6397",67,1.07536959955887,0.273487821620761,5.30274568217304e-07,0.00902993580611947
" 8346",23,0.396011772171246,0.147021756887483,0.000361116980955984,0.0114029438576417
" 6910",26,0.920715650962952,0.118940801702239,0.00158021821328757,0.0110298186088878
" 7038",44,1.1187638600983,0.237935578271607,0.000678221172749932,0.0113720243622186
" 6870",40,1.04115631080489,0.124114927202837,0.000212640101855139,0.0103049383409468
" 6297",35,1.03817748844912,0.115697885216352,0.000125675072667501,0.00993604196173423
" 7442",52,1.04384853629259,0.168311345344133,0.000611671714438661,0.00945218647643629
" 7111",32,0.971769327538,0.119739370900323,0.00090676951165159,0.0107090085897124
" 6388",65,1.07787749549921,0.273582691807989,5.30274568217304e-07,0.00901319709267402
" 6872",33,1.02302322907948,0.124995000515202,0.00268796178629352,0.0109066036245315
" 6903",50,1.0412002538836,0.24316786399783,0.000669206505090238,0.0115495685244031
" 6299",29,0.951692636691144,0.105867997657323,0.000701022979183276,0.0103502987251331
" 7435",53,1.00724333014357,0.157249167730923,0.000116395267723698,0.00905142550377672
" 6391",67,1.07439813805897,0.271304511339817,1.03403540802374e-05,0.00904008131464763
" 4622",57,1.14670785431839,0.314894487515583,0.00171941528744461,0.0113888712028765
" 6867",44,0.95310473628808,0.120011211356656,0.000302521641167972,0.00992303218438185
" 6950",54,1.04104417427902,0.174264662022404,0.000437211381495167,0.01044890858087
" 6426",55,1.0185394021111,0.126851186715551,0.000138401662304716,0.00914419855873186
" 6368",66,1.06842608576138,0.270270326374723,7.15870667093361e-06,0.009120791106176
" 4625",52,1.00880040207406,0.28560769870307,0.00035024635230753,0.0106213349422795
" 8320",74,1.11273105011548,0.348076572944536,2.17412572969095e-05,0.009345876189886
" 7068",34,0.642898396148035,0.139593592168558,0.00133814787289637,0.0112808066451593
" 6948",52,1.08582825823597,0.183162217070049,0.000186126373444274,0.0100635706479713
" 6770",37,0.958467811914337,0.24841383275256,0.00448294119970909,0.0114464806819853
" 6363",67,0.957980663122184,0.236580323823354,0.000187717197148926,0.00931587692325667
" 6497",38,1.04510914809949,0.202659606246496,0.00390679788134099,0.011709691663424
" 6788",34,0.804050055881978,0.213667645402188,0.00136572215044367,0.0122124092656966
" 6220",37,0.988391005426743,0.126850239324386,0.000461604011633163,0.0101937355730711
" 6113",26,0.977850777941705,0.121581161234247,0.00137685791637623,0.010940932454869
" 6352",24,1.0500276127227,0.163900426991466,0.000252675831755546,0.0105079635704946
" 8316",77,1.11559162567905,0.347144797305307,5.03760839806439e-06,0.00931327891529758
" 6988",40,0.980988270080922,0.155492040464852,0.00105445097890011,0.0110562241333232
" 8705",79,1.09073134552662,0.341218508666936,1.67036488988451e-05,0.0090271476914489
" 7348",66,1.08591445467103,0.197410017630201,0.00195061499918735,0.010698296324565
" 6351",26,1.06483187809613,0.171069223185902,0.00188247471717143,0.0108715754584814
" 8315",77,1.12541325754256,0.346313014106191,1.96201590240403e-05,0.00913137951989507
" 8637",65,1.12811234636309,0.36756406056831,0.000485731504487051,0.0102589843706505
" 8327",72,0.946560787431449,0.299107731174133,0.00049766268227194,0.0108021911894997
" 8635",73,1.05052142027773,0.33531734166849,6.6284321027163e-06,0.0097120074113266
" 8857",52,1.2809469613021,0.521690666907458,0.0126292842539474,0.0138692894983657
" 7694",48,1.22816291122216,0.592143581080312,0.00142246152924292,0.0132120979022888
" 8715",40,0.697668952890455,0.209287821678761,0.0010388078791377,0.0125196187180134
" 8633",50,1.19842572867348,0.393263575695763,0.00238544014512554,0.0115755437690296
" 8834",41,1.269663681015,0.645175810020898,0.000957675870200452,0.0125969066261295
" 7693",49,1.23878193554561,0.580842112377051,0.00118542879724978,0.0132032167877797
" 6970",38,1.14634805348273,0.34454366794773,0.0029509779721293,0.0116934939677327
" 9097",29,0.933087364787225,0.289574724394828,0.00182281882824698,0.0126044434629493
" 8652",31,0.905508857451287,0.323947933434455,0.00267258382381521,0.0126896662674421
" 8830",43,1.2898452647345,0.650361010742946,0.00167540249828257,0.012768697054438
" 8963",37,1.04682414576059,0.317075444827209,0.00470300514551927,0.0125997095794407
" 6971",32,1.11293710673583,0.316479475030208,0.00133125430350954,0.0115278632621613
" 8832",37,1.24817221755439,0.563217393107828,0.00363503216512962,0.0129498353237948
" 8954",41,1.16122297509793,0.517542034143062,0.00136227536575025,0.0116783782745234
" 4793",71,1.03479056549304,0.146010019650836,0.000222715318651268,0.00887371658158545
" 6969",34,1.12482407336997,0.322623116073913,0.00120054162244398,0.011375550153522
" 8955",41,1.17132876618299,0.490284924005038,0.00170483273681863,0.0114644595000442
" 9043",32,0.991967568596223,0.249611933212393,0.0016854777150787,0.0114086991966182
" 8959",30,0.779648110679409,0.256204347943964,0.00164517684789419,0.01167704336004
" 9032",42,1.34625914628721,0.688447020683676,0.00112206098634782,0.0116119516382985
" 7293",21,1.0831865760708,0.353984373250641,0.00189361048310399,0.0133206423324739
" 9035",39,1.34545145977386,0.67944081358743,0.000992939128986903,0.0117185619018082
" 6002",21,1.08168278801849,0.353589471945346,0.000192224530978773,0.0133151404955046
" 9359",8,0.209414346282378,0.123800654727965,0.000246577674221047,0.012611930146378
" 9031",33,1.06048401630835,0.559830920654082,0.000996385913680315,0.0115157214669932
" 9111",52,1.27415572954237,0.59431149252774,0.00124879660815175,0.0120187136349782
" 6744",64,1.0722966224686,0.286812028830649,0.000158552095896974,0.00950169409456621
" 6203",44,1.05759747535048,0.148168863862802,2.38623555697787e-06,0.0095729141199722
" 7642",54,1.02561731128378,0.1316771550488,8.13971462213562e-05,0.0091397820371454
" 8701",66,1.10904500435915,0.376688104996142,4.08311417527324e-05,0.00991570425484263
" 9112",49,1.27271970003425,0.591555911253859,0.00019673186480862,0.0118621145730609
" 6742",50,1.06623100911099,0.285118709681178,0.000195141041103968,0.00961089324594606
" 6201",45,1.05755733682623,0.149057431022124,1.03403540802374e-05,0.00967567758577478
" 7639",52,1.02121948264734,0.130727855901709,0.000401417848140499,0.00931350983197303
" 8698",65,1.10745422008591,0.375241301316965,8.6169617335312e-05,0.00994999763283905
" 9105",41,1.16962887262951,0.528854889821262,0.00132860293066846,0.0117116144558609
" 6738",60,1.00777684186439,0.258647644846011,8.11320089372476e-05,0.00963210675351169
" 6199",53,1.05958494690567,0.151068779156865,0.00080071459800813,0.00983510428634786
" 6672",38,1.34547057884911,0.498522512289973,0.00202962590985173,0.0127703578782394
" 6887",43,1.03795012536519,0.385227375434362,0.00161707229577867,0.0125508776401616
" 6252",29,0.977289313749879,0.122199996418986,0.00258217200993416,0.0112590061278171
" 8696",68,1.08947874474007,0.367478869985689,1.35220014895413e-05,0.0096404411199717
" 8863",62,1.27917353089174,0.600324177151964,0.000362972941944745,0.0121016852441393
" 7031",34,1.03873471742963,0.278220109836967,0.00152931185473871,0.0120641025068645
" 6885",43,1.20420945687643,0.43611692955035,0.00223166052034253,0.0126742297292031
" 6848",48,1.23499976746216,0.460885721976462,0.000388426121219175,0.0124622934834088
" 8702",70,1.00490621136544,0.321420884550634,0.000206276807036531,0.0100956248347932
" 8864",51,1.23325785066832,0.605014529639692,0.000882111744229486,0.0122749779990389
" 6403",68,1.07930254390901,0.262910680906245,0.000331421605135815,0.00981487029387442
" 6714",40,1.02919337455453,0.1472922932559,0.000175786019364036,0.0102631509364777
" 7049",53,1.09296811404814,0.180012242415611,9.46540104267888e-05,0.00904472965076149
" 6624",56,1.09370127953187,0.191843295602401,5.03760839806439e-05,0.0102049857564377
" 6510",51,1.05001508511035,0.139577553020072,0.000133098916622543,0.00943651885608896
" 6251",40,1.02810394736563,0.143845759693856,0.000329035369578837,0.0103039463746946
" 9509",25,0.691018884033321,0.257375255852691,0.00102740697592103,0.0122708002702238
" 8865",53,1.18673573480095,0.589035833601283,0.000171808960102407,0.0120975157357486
" 8964",39,1.21434799802419,0.562867632134712,0.0008457879363066,0.0123445227864842
" 6407",64,1.06787232237553,0.261312936313413,0.000314983093521079,0.0101814071382295
" 6957",53,1.03832254288426,0.166938938439025,0.000156430997624105,0.00920061968089782
" 6813",33,0.947591476541557,0.282604153998075,0.00457467870001069,0.0133059309699876
" 6692",42,1.00083068475719,0.152569675028228,0.000492890211157984,0.0104418992179566
" 6439",50,1.02447740572771,0.133083973761007,0.000642957913963482,0.00991358193702759
" 9545",36,1.13756656794713,0.470372576025454,0.00410352974614961,0.0141188027183335
" 8862",25,0.80511027638299,0.362987185452651,0.00121459389850174,0.0122221387416774
" 8967",36,1.19211870438326,0.565527908624585,0.00119550401404591,0.0123796238557579
" 6401",58,1.07902922513155,0.25997257310572,0.000429787537540125,0.0101925160951315
" 4874",37,1.0381331085491,0.200713808974852,0.000571370847254146,0.0103687379886849
" 7056",48,1.05832449146168,0.15193135205133,0.00125171311827695,0.0107235640411763
" 6696",37,0.959339635659856,0.130581234542045,0.000816887972338757,0.0108203361377818
" 7467",48,1.00418550669127,0.311275001485726,0.000851620956556991,0.0113933289419568
" 7320",54,1.01182159248478,0.208206645054183,0.000716931216229796,0.0099455688566612
" 9541",56,1.16910891949417,0.470558466079557,0.00251005466865661,0.0137309191963587
" 8961",19,0.353190178396388,0.128196253012903,0.000583832299607252,0.0120958556198487
" 9039",48,1.22982562710335,0.556395703171005,0.00230165676334721,0.0126156865380587
" 9056",48,1.32402654001021,0.527382230902901,0.00159400535206122,0.0133353669189211
" 6409",52,0.920969169328975,0.22292689962767,0.00262432883810744,0.0110514050775634
" 4873",36,0.99085019627478,0.198381895048291,0.000154840173919453,0.0101500265228822
" 9544",56,1.32523689776793,0.517488922085632,0.00779503615279437,0.0144471819970298
" 9040",31,1.13330447604599,0.540905377922865,0.000926124533391522,0.0124632137944995
" 9055",53,1.37109272314303,0.546538790364801,0.00116925542291916,0.0131418000516981
" 7207",34,1.14101495248678,0.318501963557895,0.0020532231281374,0.0116724641796118
" 9517",34,0.965429277567449,0.425470706325492,0.00247638223357481,0.0138307140717421
" 9123",20,0.305123381495992,0.137346723522682,0,0.0109364834293733
" 7107",32,1.09428514335503,0.297521944305098,0.00213488541164287,0.0116831745559112
" 7100",33,1.12037661295056,0.328218357514967,0.00375673017853549,0.0117860773668559
" 8486",40,0.956722087429938,0.304887740706512,0.00316202725027979,0.0131811945744656
" 9449",12,1.01290972612777,0.185677409462519,0.00908360335356242,0.0130563579398805
" 6393",63,1.05590878683675,0.258900386520351,1.48476879100845e-05,0.00864026721041857
" 7525",53,1.02945384631259,0.176612953134955,0.000589135045289425,0.0105669348812721
" 6400",65,1.05663784945615,0.261977716268791,2.04155708763662e-05,0.00849270443253997
" 7362",53,1.02646886362798,0.169601310617937,0.000895633745719027,0.0109643072254532
" 6370",63,1.06875803046361,0.269077219515011,6.6284321027163e-05,0.00872691790926075
" 5661",38,0.988167372041195,0.156131151649206,0.000846583348158926,0.0117422007923361
" 7461",52,1.07977946932579,0.169944109494909,6.46934973225111e-05,0.00961824384297669
" 6377",53,1.03783553040763,0.25694089670354,6.7079732879489e-05,0.00899584346618904
" 6204",38,1.05472726100727,0.14830971721882,0.000393994004185457,0.00993978182255795
" 8697",72,1.09350311766975,0.358333222098314,0.00057826441664097,0.011349020806609
" 7464",52,1.05692463209824,0.175562547603823,0.000386039885662198,0.00994023400109847
" 4615",47,0.978752880964058,0.245124426107233,0.0023257842562011,0.0120933011011777
" 6159",40,1.05992193295289,0.127630879457632,0.000860900761500794,0.0105676154854899
" 6266",31,1.04700078606883,0.118934796063836,0.00319384372437282,0.0113039523428656
" 9346",45,0.976498172422674,0.317138373292822,0.00501268549335818,0.0131843929449097
" 6494",31,1.07488362548596,0.164867413504218,4.85201229918834e-05,0.0102264698207871
" 7110",47,1.06647635543721,0.139793983694167,2.41274928538874e-05,0.00950644648594824
" 8693",75,1.08860967611698,0.357784323170383,0.000670532191510781,0.0113234549082593
" 7466",54,1.05378983931866,0.173285950669839,0.000580915789482057,0.0102071780536959
" 4618",40,1.12640414990916,0.293651528448306,0.000238623555697787,0.0111151489488214
" 9344",49,1.21288026310311,0.403090831890076,0.00672865399610938,0.0133647885834686
" 7199",43,1.06842216354611,0.140537213576556,2.88999639678431e-05,0.0096033995129965
" 6492",31,1.03788632282466,0.163728353116393,0.000334072977976902,0.0103123039263137
" 8690",71,0.991154896045918,0.342469554834137,0.00110429678831254,0.0117953532302084
" 8860",42,1.54758588127899,0.8151840298952,0.00231570903940497,0.0133261635667809
" 4616",40,1.0034725165025,0.265415984015031,0.00100540058134001,0.0117642888014851
" 6668",56,0.952277444342365,0.139677390358483,0.000846848485443035,0.0104425413019315
" 6334",62,1.06400241864154,0.163326027698039,0.00150730546015769,0.0107184993620343
" 9335",35,0.726873704510283,0.202166063762575,0.0030368824521805,0.0123851187965541
" 7101",44,1.04856368284448,0.133484719537486,9.86310696884186e-05,0.00972046684027289
" 6488",25,0.993018297363567,0.152425250669542,7.95411852325957e-07,0.0101453079339067
" 8692",48,0.698198628543243,0.218912888977389,0.000663638622123956,0.0112069243842467
" 8859",61,1.50770201048434,0.809410577356315,0.00302919347094135,0.0133747044827145
" 6964",45,1.06331562574064,0.204526879847369,0.000753785298720898,0.0100321705005918
" 6699",34,0.846978429972933,0.131758361488992,0.00135485152179521,0.0110172751933596
" 6331",22,0.954251247903972,0.135235449582325,0.0016976740301477,0.0107271071596364
" 8853",36,1.25854520973196,0.71212012863929,0.00281284144710869,0.0132772715175642
" 8966",44,1.2869341223096,0.64196234692395,0.00107327572607182,0.0122225463106952
" 9192",30,0.806083000794355,0.290034911301265,0.00361779824166256,0.0133691493941532
" 6962",43,1.0659345728034,0.202380417929871,0.000201769473206684,0.0100424495968913
" 7444",45,1.13786294715052,0.329597073094928,0.00366393212909746,0.0115063438121799
" 6182",35,1.13053780280328,0.368559313704247,0.00211977258644867,0.0126185362608128
" 8965",46,1.24547996006709,0.626406263784763,0.000772610045892612,0.0121669862936071
" 9196",51,1.13083609270434,0.348318308101296,0.0039746730260728,0.0134106596987528
" 6491",31,1.13231892638525,0.482767846286446,0.00478599311544528,0.0141008731072849
" 7450",35,1.03850905384422,0.276239069162939,0.00106399592112802,0.0110403616102829
" 6177",28,0.944636073108304,0.276946778816883,0.00299658158499599,0.0126955920689115
" 9041",20,0.599681002141889,0.239689229722495,0.00115387746044085,0.0130593354565842
" 9054",45,1.35547890058209,0.506614673426916,0.00454524846147463,0.0136751441438733
" 8324",59,0.908876162095661,0.280182585001393,0.000403804083697477,0.0105999847335862
" 6642",32,1.09406268435733,0.530507108394654,0.00237324383005655,0.0139359226034667
" 3788",58,1.05980175611717,0.250414868606159,0.00212321937114209,0.0119787286198193
" 8332",57,1.12765648338777,0.364921409891723,5.96558889244467e-05,0.0102292826557432
" 8330",57,1.11131111940926,0.357692048073803,2.73091402631912e-05,0.0102373848009149
" 7113",26,1.00761172320614,0.173824509041257,0.00250183541284924,0.0108811554818112
" 8328",62,1.08991642201105,0.339474346503262,0.000230934574458636,0.0103065043155097
" 8639",60,1.10720919276749,0.401961519656477,0.000151128251941932,0.0111153220896673
" 6343",45,1.04072311067179,0.152070365320449,0.000781624713552307,0.00970598062204957
" 8888",53,1.25029844191171,0.488284529998644,0.00704443250148278,0.0135407406199782
" 8321",63,0.981869845949604,0.315790123969039,0.000991083167998142,0.0111221312780404
" 8640",58,1.1042083094201,0.403960552426525,0.000272030853495477,0.0112394996738318
" 8553",64,1.15795578386678,0.37565305954975,0.00104305007568344,0.0122216711871314
" 6342",41,1.04757550759,0.154203028392872,4.98458094124266e-05,0.00944806390562485
" 8630",54,1.07546662381441,0.391328743177415,0.000656479915453023,0.0113453429271086
" 8836",33,1.08278112056657,0.420221963838499,0.000544591981559172,0.0110662289846792
" 8457",48,0.964877271831704,0.30567093492421,0.00192224530978773,0.0126008042452849
" 6345",36,1.02990486967033,0.146518593446407,8.98815393128331e-05,0.00981112083044297
" 7137",33,1.1649795595095,0.356519895144716,0.00437158354038346,0.0129423142002688
" 8970",38,0.876257159559233,0.411557706068205,0.00206303320764942,0.0133160864814773
" 8835",40,1.08077065150213,0.42210917138671,0.000305438151293167,0.0110691054834305
" 9215",48,1.17236064978553,0.395758710698395,0.000736286237969727,0.0122124531224017
" 8828",29,0.978443028470973,0.376052448223561,0.0005546671983553,0.010991450097854
" 8958",48,1.02639139240523,0.388073109564515,0.000475126013122705,0.0119291171558052
" 6298",45,1.02867913325079,0.115494885292552,0.000149802565521388,0.00977601066792033
" 7445",57,1.06870274568206,0.178342999874634,0.000197792413945055,0.00922532632439879
" 7116",57,1.09003750936812,0.170903341002136,0.000352632587864507,0.0105773811956281
" 6603",44,1.02374902607658,0.120899211040598,0.00188380040359197,0.0105511122964828
" 9059",30,0.555717907252472,0.212019809858638,0.000287673953257888,0.0116732582413646
" 9209",42,1.13126396601123,0.405973417631291,0.000806812755542629,0.0123605319761794
" 8960",36,0.947015282051193,0.37025345008174,0.00262406370082333,0.0132028394924407
" 6303",35,0.997461623172867,0.111683606612267,0.000709507372274753,0.010351342484571
" 7447",62,1.06467989612212,0.174423907732497,3.71192197752113e-06,0.00895226393479992
" 7009",54,1.0189324679322,0.154673919559335,0.00041122792765252,0.0108814920683316
" 9213",32,1.18470510263254,0.413880381042206,0.00126125806050486,0.0125778098301302
" 9027",43,1.1879021024349,0.485019948146582,0.000966160263291929,0.0117209791533947
" 6424",57,1.03450803237986,0.138897108652137,0.000724355060184838,0.00982116651185615
" 7449",62,1.04780188679416,0.171571050366133,1.56430997624105e-05,0.00884938053797876
" 9026",43,1.05119853611286,0.434773149239929,0.00014556036897565,0.0115712514396694
" 7102",37,1.06243731011151,0.179197096823863,0.000453915030394013,0.0104283287164128
" 9103",39,1.06773160361413,0.42402402666052,0.00287011110047616,0.0123624040832877
" 7098",41,1.03505250848002,0.175164120264043,0.000217677710253203,0.010361240253458
" 6406",36,1.00366270599581,0.154271931405392,0.00367082569848429,0.011796343715535
" 6415",40,1.03887389209718,0.185675405816126,0.000797798087882934,0.0111810885812365
" 4614",45,1.09496730207554,0.295203942824973,0.00598759528702569,0.0126160718809055
" 4626",42,0.963870678790229,0.250095814243452,0.000785336635529828,0.0114334232349026
" 7408",48,1.31198239199737,0.556574984446306,0.0031901318023953,0.0139115629574456
" 8879",48,1.01906237019568,0.41960669421938,0.00122466911529786,0.0120482323218065
" 9194",51,0.851133180367958,0.258452944887734,0.00142219639195881,0.0118410896881875
" 9190",55,1.05163599645218,0.326711727463093,0.00601437415272067,0.0131722120049975
" 8357",69,1.09533337757208,0.355722713233747,0.000829614561975973,0.0108883369938201
" 8352",53,1.08207552666976,0.344858268939541,0.00065701019002124,0.0109365033347922
" 8623",74,1.11691519646961,0.422237502207182,0.000973053832678754,0.0117183397054961
" 6485",30,1.06364016207726,0.12913391527301,0.00289079180863663,0.0113032492246884
" 7643",53,1.05444834924846,0.134390344338674,2.17412572969095e-05,0.00926039891114603
" 6682",30,1.03845311417272,0.136528276144358,0.000221124494946616,0.0099800578677461
" 8551",30,0.606369487405414,0.236296102346194,0.000734960551549184,0.0121602230369062
" 7641",47,1.05730242467103,0.135094393224102,4.98458094124266e-05,0.00905826913194323
" 6679",23,0.91694907506268,0.121936639516131,0.000576938730220427,0.0101764994942549
" 3803",63,1.05668548288925,0.257437811542574,0.00131322496819015,0.0121588915122205
" 6752",53,1.08182677061743,0.295659593633525,2.67788656949739e-05,0.00928684293807572
" 6937",38,1.02722589336273,0.141288163231056,0.00088131633237716,0.0108870375898697
" 6538",48,1.01459656296723,0.129949533369221,0.000750603651311594,0.0103063848151143
" 6751",39,1.00268648347234,0.27326464458919,8.19274207895735e-05,0.00976379076767065
" 7439",54,1.08048865190427,0.215450750727851,0.00105948858729817,0.0101142923268169
" 6746",48,1.05419333798955,0.294603608792141,2.54531792744306e-05,0.00947705934478876
" 6438",45,1.06015042852647,0.141265910631714,0.000101812717097722,0.00979141743490154
" 6254",32,0.964840548983564,0.149214520638005,0.00419712320743996,0.0112971655972527
" 7431",45,1.03039108744072,0.191661589622181,0.000961122654893864,0.0100970075789503
" 6440",48,1.04477462614596,0.137340987207446,0.000105524639075244,0.00952034378459995
" 6719",42,1.2117153137457,0.513987857038543,0.00280409191673311,0.0133462719013089
" 8687",59,0.904167252951967,0.279746512033507,0.000256918028301284,0.0104412644438731
" 6432",39,0.948213290775165,0.140160128793233,0.00472739777565727,0.0111682838009095
" 6998",35,1.14873276586556,0.488810260465779,0.00266622052899661,0.0131525436990493
" 3848",89,1.08944668188991,0.221583810988613,3.20816113771469e-05,0.0096468057075503
" 5139",37,1.066858064811,0.323071645723544,0,0.0100846686044904
" 8700",69,1.14724570234612,0.366605966562215,9.27980494380283e-05,0.0105646961239973
" 5138",34,1.05346730418288,0.317993684308645,0,0.0100529553547892
" 8695",75,1.1509450643842,0.366370738837072,1.2991726921324e-05,0.0104431116469682
" 5142",33,1.07774563258085,0.322751730689466,4.77247111395574e-05,0.0101473518134515
" 8691",72,1.1259106232427,0.355809396333657,6.07164380608814e-05,0.0101557378507447
" 8858",58,1.15191373154826,0.459905909631077,5.01109466965353e-05,0.0109116757994504
" 8689",62,0.874493164881063,0.275943811863375,0.000756171534277876,0.010646467280765
" 8855",55,1.14143286680875,0.456034147486414,0.000342822508352487,0.0109678884637921
" 8536",85,1.13567586353265,0.378760024397199,2.4392630137996e-05,0.0100275032785936
" 9217",26,0.89449934929851,0.301430009701468,0.000474595738554487,0.0121870983416659
" 9127",78,1.04730538566928,0.309110248212168,0.000102077854381831,0.0103635023500203
" 9132",51,0.730939450545473,0.253181006488437,0.00033248215427225,0.0119637681553487
" 6873",60,1.05536788656636,0.134695010915631,0.0002144960628439,0.00980060982468309
" 7005",51,1.14671192075755,0.229503181167868,0.000193815354683425,0.0110452413321006
" 8852",51,1.13104166534505,0.457127271664523,0.000354488548853268,0.0110834831825556
" 8962",66,1.14120077615737,0.425523924800799,0.00157889252686702,0.0122530435877376
" 8538",83,1.14920649796197,0.389656497710917,2.9695375820169e-05,0.00988125471599227
" 9126",54,0.970461088659879,0.303151907901319,0.000852681505693425,0.0109403753105481
" 9210",22,0.689827334423075,0.196891644192161,0.00184243898727102,0.0129305536217584
" 6869",57,1.05884617657802,0.13242172489623,0.000355549097989703,0.0104234728114037
" 7037",55,1.12709772796942,0.2393189611705,0.000231995123595071,0.0110051053722592
" 8541",53,0.926030631533896,0.283224825895552,0.00157571087945772,0.011674292565137
" 9214",36,1.01420308752394,0.295436876159014,0.00217624682796382,0.0132669989211932
" 9122",44,0.998301510152037,0.323106321742088,0.000405129770118021,0.0112436398464016
" 7066",44,1.02883166186482,0.20929643283141,0.00272349018236408,0.0113948417053788
" 6944",52,1.0849540117295,0.17193743828962,0.000327179408590077,0.0101426775723656
" 9212",34,1.27508064004629,0.423916934824934,0.00148688988928132,0.0126728311748332
" 6981",58,1.0574834195069,0.177535722768509,0.000263811597688109,0.0106514784107884
" 6399",68,1.04670447235961,0.254663191609613,2.65137284108652e-07,0.00800386207625462
" 6586",50,1.01315608984952,0.119540752636287,0.000126470484519827,0.00987781258849225
" 6379",73,1.05503715231432,0.266087836884217,0.000257448302869501,0.0084942476868749
" 7645",37,0.993846834382788,0.151847561869295,0.00138295607391073,0.00984208460542692
" 6376",71,1.04600255350081,0.254770125914219,4.77247111395574e-06,0.00819557887609315
" 6490",30,1.04455006187388,0.147314657808042,2.22715318651268e-05,0.010246392035181
" 9088",16,0.76126018345697,0.18901887291637,0.00181778121984892,0.0126079818547974
" 6659",33,0.968321156424605,0.155094215502904,0.00235680531844181,0.0113971644360649
" 6366",57,0.989037509922692,0.238168845157758,0.000863021859773663,0.00916267606191078
" 6493",30,1.03775072627951,0.152106216080415,0.000571635984538254,0.0103592596850987
" 9089",35,1.04355758890222,0.269621026126618,0.00367347707132538,0.0129499302334364
" 9006",28,1.15849067707545,0.286125355807821,0.00438271930631602,0.0129472566607114
" 9191",15,0.445083476343631,0.180619942121543,0.00281443227081334,0.0134777409623818
" 9129",38,1.0251360119851,0.329453978563813,0.00540323271285022,0.0135481276998398
" 4900",31,1.02736821606892,0.149942879819569,5.11714958329699e-05,0.0108747810190737
" 9138",19,0.342434695587375,0.0996936743805318,1.03403540802374e-05,0.0116908934407178
" 9128",52,1.05915898048492,0.35805526206372,0.00225949993517393,0.012671367558815
" 6198",41,1.04357498563256,0.142467015914956,4.32173773097103e-05,0.00920046399328571
" 8709",33,0.756893182607371,0.250597650079185,0.00114565820463349,0.0119546202437797
" 6411",45,1.24973141011216,0.440138236202636,0.004133755396538,0.0126307849055907
" 6200",45,1.04719077518863,0.147557552201196,7.90109106643784e-05,0.00914614821288003
" 6781",49,1.17435346122084,0.426759964687724,0.000821395306168605,0.0124027408709667
" 3852",75,1.05772895461203,0.210613040787093,0.000309680347838906,0.0105703083033412
" 4821",97,1.05113824643217,0.148369870616514,8.90861274605071e-05,0.0083247731036678
" 6810",33,0.998526148968395,0.253520098618554,0.00903269699501356,0.0131996436487915
" 6963",48,1.02079430418664,0.139272311310119,0.00127928739582425,0.0101576526774326
" 6635",34,1.0728419434906,0.13870264331968,0.000735490826117401,0.0107733764114256
" 4774",80,1.03373712158077,0.14476338553891,2.65137284108652e-06,0.00832252542845151
" 6700",47,0.955076877044265,0.150543755427085,0.00140178082108244,0.0105550047383914
" 7053",47,1.0415995090214,0.144172629436372,0.000868059468171727,0.0104926377961709
" 6967",51,1.06242337114241,0.176652779149824,0.000384979336525763,0.00940430988942127
" 6606",51,1.03982076701893,0.124264322431255,0.000130182406497348,0.0095938393108352
" 6486",38,1.03462557081649,0.150682081058343,0.00161336037380115,0.0104087397822723
" 9202",24,0.644229252161267,0.225966455625474,0.00267629574579274,0.0131490112067
" 9142",44,1.19363331553628,0.366035898401351,0.00503363133880276,0.0132919802985836
" 9125",41,0.836031700149564,0.275845182541614,0.00131242955633783,0.011776263429146
" 9193",29,0.631087218519023,0.175213501469399,0.00214893768770063,0.0129192969472564
" 6367",51,1.12004889333335,0.345134431852434,0.00425439286080743,0.0109895755989371
" 4905",48,1.04776538556947,0.166005012527508,0.000362177530092419,0.0104987759753199
" 7544",43,1.05740582381151,0.200884468421577,0.000976765754656275,0.011343362028233
" 4627",50,1.0256798969377,0.287929562498265,0.00131746716473589,0.01150002743722
" 4909",36,1.04638759253019,0.152217382455157,0.000115069581303155,0.0111243532588405
" 8340",46,1.14230773716028,0.338264069872525,0.00189520130680865,0.0121915613050332
" 6374",64,1.08168993978441,0.293756918656458,4.3482514593819e-05,0.00959208003321087
" 7463",56,1.07375569582918,0.171529887028052,8.16622835054649e-05,0.0096259049283163
" 7666",47,1.10930199206989,0.373774182763618,0.000874422762990335,0.0120970354270175
" 7458",50,1.0307356406366,0.171885622035797,0.000503230565238222,0.0100569101870721
" 7687",39,0.966323286536614,0.320292727611274,0.00297324950399443,0.0129563285920681
" 6355",59,1.04141988221147,0.281489037745987,0.00124959202000408,0.0103495388777002
" 7206",48,1.06407813863936,0.144906102583061,0.000245251987800503,0.00973264519673523
" 7204",46,1.06613803575812,0.145727762166359,0.000679281721886367,0.00990423593730735
" 6332",30,1.01582559175779,0.140355825497465,0.000904648413378721,0.0105312279492937
" 6681",20,0.956304444898743,0.127026178008866,0.000112948483030286,0.0101053925859595
" 4824",86,1.04225889515704,0.153036180581809,1.06054913643461e-06,0.00792460687518708
" 4817",82,1.0347268161947,0.154164113426211,1.93550217399316e-05,0.00796911608012263
" 3850",70,1.0455985175306,0.256111997771053,0.000397705926162978,0.0111293831705842
" 4784",80,1.03335379229862,0.151576538107177,1.06054913643461e-05,0.00826301924020696
" 6344",44,1.0156006475102,0.144474606080874,5.64742415151429e-05,0.00951320044379214
" 7436",54,1.04439236108923,0.157450211180086,3.49981215023421e-05,0.00916565508034128
" 7440",57,1.05242200991453,0.17057136584131,0.000395319690606,0.00944220500580854
" 3857",85,1.09632538970191,0.228724830026213,0.000270440029790825,0.0105311150562638
" 6024",17,0.913946021081493,0.236182529789156,0.00382805210796072,0.0125148816504552
" 6454",39,1.03542953701354,0.186684771076376,0.000439862754336254,0.0109045357356821
" 6458",39,0.919532296073088,0.144212685808455,0.00100380975763536,0.0108394213771026
" 8481",54,0.833890024176626,0.325255699290447,0.000390016944923827,0.0120997326952478
" 8294",48,1.05227775146166,0.378605212355088,0.000479103072384335,0.0107522076098
" 8293",34,0.650704447770959,0.21846446419003,0.00032850509501062,0.0111512976245737
" 7637",51,1.05137540726673,0.133654638699173,5.32925941058391e-05,0.00887757162202498
" 7635",50,1.022790992376,0.125781779040828,0.0001041989526547,0.00902786471431104
" 4795",89,1.03998797261016,0.148896862735947,1.59082370465191e-06,0.00809210224917204
" 4808",83,1.04538770869526,0.14860454809222,0.000110031972905091,0.00818307441643017
" 6442",37,1.03693774898413,0.13307684646911,0.000726476158457707,0.0102896248058979
" 7679",84,1.07999847225925,0.331827902814949,1.32568642054326e-06,0.00938892337708479
" 7675",83,1.07597704676316,0.332007106636397,0.000101812717097722,0.00947327883383118
" 8363",69,1.17953844517254,0.421061640220004,6.81402820159236e-05,0.0108501172306882
" 7672",85,1.0897258375351,0.333332062326802,1.35220014895413e-05,0.00917335591465007
" 8180",75,1.07826528770094,0.332050617646494,3.18164740930383e-06,0.00872516497163115
" 8361",65,1.19273027454467,0.427115346391951,0.000268849206086173,0.011139190420393
" 7686",82,1.07533870844152,0.32660049894266,3.1286199524821e-05,0.00856020093734015
" 8191",76,1.07355646850922,0.329543344183624,8.74953037558552e-06,0.00849143072722017
" 8356",52,0.968914148211385,0.368595137806376,0.00123925166592384,0.0120202022138719
" 8628",72,1.15948082559554,0.433303262858854,4.03008671845151e-05,0.0104761118997349
" 8190",73,1.08366068685347,0.333606364678264,2.65137284108652e-06,0.00887710960422996
" 8602",76,1.11169752393305,0.335379283178178,0.000124349386246958,0.00963874719576494
" 8821",37,1.15569854338084,0.400860835379681,0.000479633346952552,0.0124736807595618
" 4798",67,1.05698621947225,0.146923572729275,0.00204023140121608,0.0095596302132762
" 8627",71,1.16308011388875,0.431994180934658,2.06807081604749e-05,0.0103467465224262
" 8197",72,1.06979895579164,0.331973780664041,1.59082370465191e-06,0.0089513448512334
" 8582",44,0.995883510883447,0.294619337892729,0.00152825130560227,0.0115065855602844
" 8624",70,1.14858508219439,0.432162596988408,0.000394524278753674,0.0106127411926451
" 8827",51,1.15071317894956,0.491809772134136,0.000462399423485489,0.0114521495520665
" 6972",35,0.938744519141953,0.163797229403592,0.00188088389346678,0.0116368677145348
" 9260",29,1.15792392586839,0.497403292100763,0.00214734686399597,0.0133492128714431
" 8889",67,1.04469908021337,0.325738082094238,0.00021051900358227,0.010609854665448
" 8969",5,0.0709526294900497,0.0147581556360196,0,0.00760924082965554
" 8826",50,1.1446664482475,0.473187574354076,0.000180558490477992,0.0112022117468064
" 8893",61,1.07214886875069,0.332538250874831,0.000731248629571663,0.0109621874423524
" 9268",21,1.16200496033985,0.449864018123108,0.00425465799809154,0.0134186292724376
" 8823",41,1.09411470323476,0.454725464204775,0.00102369505394351,0.0117365456920212
" 8891",69,1.06753889634513,0.339114245293293,0.00011400903216672,0.0104459124121826
" 6911",45,1.04568880632396,0.163329266999661,0.0028926477696254,0.0113385419164565
" 9255",27,1.05846180885595,0.459541814269647,0.000996120776396206,0.0131271437174818
" 8990",65,1.09474462683591,0.358727728064213,0.000656479915453023,0.0112521153507496
" 9011",21,0.632187992036366,0.172809982927921,0.00311456767642434,0.0121621362653884
" 9044",36,0.813934441156853,0.20870401690364,0.00323732623896664,0.0124233675666402
" 8897",29,0.961053695355255,0.275331976932163,0.00138428176033127,0.011817044412122
" 9242",28,1.13360914495524,0.476904021028969,0.00109872890534625,0.0130132669468794
" 8978",55,0.972718148269392,0.284024083724506,0.000577469004788644,0.0110637492797119
" 9017",19,0.55938557878232,0.153233131199077,0.00153594028684142,0.0118479209651216
" 5131",36,1.06400434908406,0.322031057189095,0.000275212500904781,0.010450230553171
" 7669",46,1.29183263276289,0.435975942905799,0.00105816290087763,0.012347844021976
" 8971",54,1.02899060803169,0.285105580090364,0.00113160592857573,0.0116608724601759
" 9253",30,1.1041926834133,0.501185509287339,0.00101282442529505,0.0130110411044153
" 9068",30,0.890025288890952,0.244742798561744,0.00168203093038529,0.0117490216297741
" 5123",32,1.03631686322045,0.316356296904965,0.00271129386729508,0.0111097544651551
" 7667",47,1.30716201759188,0.436500644241576,0.000401417848140499,0.0123874306726188
" 9179",41,1.25967314808171,0.365986162031969,0.015263688308851,0.0140921600892264
" 5530",53,1.03862436143585,0.147864899948835,2.30669437174527e-05,0.00998724078933362
" 6487",32,1.10673442583884,0.185660195476045,0.00382248422499444,0.0109995069537565
" 7674",29,0.94648599138716,0.315532040316006,0.00266781135270126,0.0123270224104265
" 8175",56,1.17202921727446,0.426873647377394,0.00040910682937965,0.0116537593213059
" 9182",57,1.17298615971661,0.364264631858295,0.00504794875214463,0.0136691854141485
" 5553",62,1.03461989274533,0.145644461817697,0.000103403540802374,0.00969349950322003
" 6489",19,0.973696003176288,0.139874924899546,0.000130447543781457,0.0103693405685678
" 7678",44,0.997289822820318,0.33350540414822,0.000970402459837667,0.0120800777404321
" 8173",50,1.14563266199038,0.413333326374884,0.00100327948306714,0.0115650759342532
" 5526",55,1.03504007793431,0.148457624709321,0.00126125806050486,0.0102352892392888
" 8172",49,1.10703042946773,0.406962276011154,0.00193762327226603,0.012156388636408
" 8822",58,1.13047292380805,0.394981762619308,0.0028345827044056,0.0124162470223319
" 8609",46,0.858408287246792,0.267825489046418,0.000584097436891361,0.0115074445221575
" 8605",65,0.926047770916851,0.275976659520523,9.65099714155494e-05,0.00978490500123663
" 8929",67,1.17720454725578,0.420318041282819,9.99567561089619e-05,0.010954056961379
" 8974",18,0.527837143827362,0.0938864176770579,0.00173293728893415,0.0116565251244083
" 9199",53,1.06721574615519,0.398265657843144,0.00190739762187764,0.0123294357513154
" 8936",61,1.21651772453309,0.417913909673052,0.00120054162244398,0.0116283447256027
" 8976",21,0.364463145733119,0.0963166389073306,0.000647730385077437,0.0113183563500307
" 8882",46,0.755300396216722,0.238154034996045,0.00101574093542025,0.0118741274173151
" 8985",47,1.17227315711674,0.460556948829778,0.0015627191525364,0.0127700953981615
" 9238",37,0.716412014982104,0.28388128642071,0.000310475759691232,0.0117569048021579
" 9021",9,0.248069000298406,0.0220554069709138,2.04155708763662e-05,0.00935466088012963
" 9019",10,0.263948129369974,0.0317937371273711,0.000663638622123956,0.00992936919026725
" 9221",38,0.895253661810907,0.338913068088673,0.00199065072908776,0.0123305413669259
" 8987",54,1.20164577210018,0.459452744611556,0.00117243707032846,0.0125992670864445
" 9048",9,0.138473613931465,0.033141331545134,0,0.00984081364801222
" 9024",13,0.265310782551834,0.0741249137412756,0.000503230565238222,0.0119549994242289
" 8995",35,0.857590700957728,0.261552156213384,0.00167248598815738,0.0123568931171059
" 9067",56,1.03691300371584,0.362545545790198,0.000610346028018117,0.0117782567908132
" 9219",39,0.729849540387197,0.306104518561996,0.00137022948427351,0.0120040467123092
" 9092",26,0.350800530429231,0.146227613835909,2.65137284108652e-06,0.0106590314731802
" 9223",46,1.00611228519995,0.425864350129815,0.00230324758705186,0.012643280366601
" 9071",45,1.00757402884798,0.347079219611152,0.00222741832379679,0.0121367408911003
" 7949",57,1.09532466518109,0.384935529482109,0.00163377594467751,0.0126799237474676
" 6913",52,1.02646154586908,0.161237171932286,8.03365970849216e-05,0.00905310759116721
" 6917",51,0.981208566199453,0.135828911598752,0.000307028974997819,0.00933536638798536
" 7676",63,1.16539252015055,0.386708273875951,0.000409902241231976,0.0110181867713876
" 7673",60,1.14627597193364,0.370482144636596,0.000782685262688741,0.010993277409622
" 8305",85,1.05663202988171,0.333982709798664,0.000373313296024982,0.010076214553494
" 7684",50,1.06939996746669,0.344629990926796,0.0010846766292885,0.0111665314377586
" 8181",40,0.94571739823261,0.285240765920298,0.0013270121069638,0.0122113722096702
" 8711",59,1.13888806235379,0.454510082899773,0.000431908635812994,0.0111010460736391
" 8198",48,1.0025831972869,0.318104102330869,0.00157942280143524,0.0124531827745725
" 8347",60,1.00835730507513,0.316900655820561,0.00114221141994007,0.0117978997467217
" 8662",76,1.06579518025214,0.318940729545591,0.000130977818349674,0.0103400502463975
" 7609",35,0.951468526542365,0.14021683490788,0.00281946987921141,0.0114696051088819
" 8712",61,1.14190982307983,0.452106360401656,0.000194080491967533,0.0110913835911327
" 8309",56,0.942662495682448,0.298518755828337,0.000321876662907904,0.0114649507385631
" 8618",75,1.00864511967847,0.308439084593803,8.93512647446158e-05,0.00985327967832418
" 8710",48,0.939952291642152,0.370241765849015,0.00130102865312116,0.0118511713647441
" 8847",59,1.28158248644326,0.600346540973528,0.000380737139980025,0.0121354569125076
" 8654",70,1.04197246767812,0.334914313522859,0.000438006793347493,0.0105948382531695
" 7741",45,1.01855320752916,0.156812901356689,0.000358730745399006,0.0104777029163651
" 8849",66,1.3431338959441,0.626804252321264,0.00138799368230879,0.012691669633569
" 8673",57,0.894715206538318,0.259662125906993,0.00066098724928287,0.0109889162505675
" 8926",31,0.821797221241157,0.260911180509115,0.00165896398666784,0.0120302774885765
" 8975",14,0.414895857921748,0.0668611236264589,0.000969341910701232,0.0120121710797523
" 8977",5,0.283030627860585,0.0317627160622456,0.000512775507466133,0.0114838602335026
" 5545",74,1.02649298509585,0.141804030784099,1.06054913643461e-06,0.00814936941233103
" 8917",39,0.868831840234849,0.275707507723869,0.000250819870766785,0.0115225513388648
" 8972",2,0.095501882400485,0.0254515028538529,0,0.0123647821335349
" 8943",22,0.192480121042408,0.0526113784845588,5.83302025039035e-06,0.0105161325833974
" 5543",68,1.0338952293436,0.142566854641554,3.18164740930383e-06,0.00804454298828255
" 8878",38,0.74017643267762,0.220446388043116,0.000788518282939132,0.0122561232260839
" 8980",42,1.15375599780293,0.460163941572687,0.00365650828514242,0.0136771487433325
" 9023",15,0.146762684731069,0.0413525170160134,0,0.00929169361711289
" 9052",14,0.207334828759162,0.0797131689284888,0,0.011152753392782
" 5555",74,1.03131013695404,0.141749704748525,3.738435705932e-05,0.00814845648542788
" 9008",5,0.172279589937967,0.0648828064118562,0.000193285080115207,0.0118697877375689
" 8991",42,1.06413696760863,0.387576721572756,0.00452218151775717,0.0137695277706457
" 9058",15,0.494338528527944,0.119554106283269,0.0014585201998817,0.0112194437433812
" 9081",31,0.573023668662819,0.244158898849893,0.000404864632833912,0.0126457412668984
" 9093",20,0.446795819143209,0.141929251482327,0.000974909793667514,0.0121075882125175
" 7028",39,0.899939145339641,0.113263013147893,0.000842871426181405,0.0103613640513237
" 8286",56,1.17019809239417,0.457389062456402,0.000229343750753984,0.0108379399773428
" 8283",51,1.14992238966164,0.447648471736318,0.000901201628685309,0.0110793865046172
" 8287",56,1.17798223084693,0.465631681331936,0.00147124678951891,0.0112537938941884
" 8666",51,1.01319082883399,0.348058607034094,0.000538493824024673,0.0119308385905681
" 8282",35,0.426810667933854,0.187982930639793,0,0.0119519224211012
" 8713",60,1.15283177497937,0.413254386996966,0.00149484400780458,0.0121142855486374
" 4681",45,1.02626831002271,0.283799640948433,0.000191429119126447,0.0099475960069226
" 8661",55,1.03139543841445,0.355171223250785,0.00142325694109525,0.0120707468567824
" 8916",37,0.914321918750366,0.357657713262361,0.00121379848664941,0.0125454558640507
" 8884",43,1.01875366847891,0.316284011798044,0.00127080300273277,0.0124121377927714
" 8622",31,0.947805938876041,0.203560036378854,0.00369919538788392,0.0129688974500543
" 8996",32,0.91404891491378,0.299187870539356,0.00152056232436312,0.0123148226661956
" 5090",34,1.03746564739227,0.162561095896178,0.00162370072788139,0.0119315753862607
" 6991",41,0.926024099066816,0.227640508690042,0.00171649877731941,0.0121196557951647
" 6811",51,1.09211489146805,0.1518458143194,0.00227965036876619,0.0114760383740903
" 6896",45,1.05175572185938,0.165943455844358,0.000195671315672185,0.0101092122790008
" 8285",52,1.12872763795193,0.37578827931466,0.000351572038728073,0.0104324057006744
" 6898",46,1.05297539601501,0.168317728442739,0.00126019751136842,0.0109463285081065
" 8510",50,1.12774846184977,0.375377598386342,0.000229608888038093,0.0103315097089148
" 6892",55,0.993275202491106,0.165209625359456,0.00167831900840777,0.0109641068470046
